1	843.14
2	40.7154
3	27.5741
4	30.2576
5	29.4756
6	30.1217
7	29.9366
8	30.0578
9	29.8346
10	29.7636
11	29.5117
12	29.3538
13	29.0756
14	28.8604
15	28.5585
16	28.3028
17	27.9814
18	27.696
19	27.3593
20	27.052
21	26.7036
22	26.38
23	26.0229
24	25.6875
25	25.3243
26	24.9803
27	24.6133
28	24.2635
29	23.8945
30	23.5413
31	23.1718
32	22.8171
33	22.4487
34	22.0942
35	21.7282
36	21.3752
37	21.0126
38	20.6625
39	20.3042
40	19.958
41	19.605
42	19.2635
43	18.9164
44	18.5805
45	18.2399
46	17.9101
47	17.5766
48	17.2535
49	16.9274
50	16.6115
51	16.2932
52	15.9849
53	15.6748
54	15.3742
55	15.0725
56	14.7801
57	14.4869
58	14.2028
59	13.9183
60	13.6426
61	13.3669
62	13.0998
63	12.8329
64	12.5744
65	12.3164
66	12.0665
67	11.8173
68	11.576
69	11.3356
70	11.1029
71	10.8713
72	10.6472
73	10.4242
74	10.2085
75	9.99407
76	9.78671
77	9.58074
78	9.38161
79	9.18395
80	8.99293
81	8.80343
82	8.62037
83	8.43887
84	8.26362
85	8.08996
86	7.92236
87	7.75637
88	7.59624
89	7.43774
90	7.28491
91	7.1337
92	6.98799
93	6.8439
94	6.70512
95	6.56795
96	6.43591
97	6.30546
98	6.17998
99	6.05605
100	5.93692
101	5.81932
102	5.70636
103	5.59489
104	5.48789
105	5.38234
106	5.28112
107	5.1813
108	5.08565
109	4.99137
110	4.90111
111	4.81216
112	4.72709
113	4.64329
114	4.56321
115	4.48437
116	4.4091
117	4.33502
118	4.26438
119	4.19488
120	4.12868
121	4.06357
122	4.00163
123	3.94073
124	3.88288
125	3.82601
126	3.77208
127	3.71907
128	3.66887
129	3.61955
130	3.57293
131	3.52713
132	3.48392
133	3.44148
134	3.40152
135	3.36229
136	3.32542
137	3.28924
138	3.25531
139	3.22202
140	3.1909
141	3.16036
142	3.13188
143	3.10395
144	3.07799
145	3.05252
146	3.02894
147	3.00581
148	2.98448
149	2.96355
150	2.94434
151	2.92549
152	2.90828
153	2.89139
154	2.87606
155	2.86101
156	2.84744
157	2.83412
158	2.82221
159	2.81051
160	2.80014
161	2.78996
162	2.78104
163	2.77227
164	2.76471
165	2.75725
166	2.75095
167	2.74472
168	2.73958
169	2.73449
170	2.73042
171	2.72639
172	2.72332
173	2.72026
174	2.71811
175	2.71594
176	2.71464
177	2.71329
178	2.71276
179	2.71216
180	2.71234
181	2.71243
182	2.71325
183	2.71395
184	2.71535
185	2.71662
186	2.71855
187	2.72032
188	2.72272
189	2.72494
190	2.72775
191	2.73038
192	2.73356
193	2.73655
194	2.74005
195	2.74334
196	2.74712
197	2.75069
198	2.75471
199	2.75851
200	2.76273
201	2.76672
202	2.77111
203	2.77526
204	2.77979
205	2.78407
206	2.7887
207	2.79307
208	2.79778
209	2.80223
210	2.80699
211	2.81149
212	2.81627
213	2.82079
214	2.82559
215	2.8301
216	2.83488
217	2.83939
218	2.84413
219	2.8486
220	2.8533
221	2.85771
222	2.86234
223	2.8667
224	2.87125
225	2.87552
226	2.87999
227	2.88417
228	2.88853
229	2.89261
230	2.89686
231	2.90083
232	2.90497
233	2.90882
234	2.91282
235	2.91655
236	2.92043
237	2.92402
238	2.92776
239	2.93122
240	2.93481
241	2.93813
242	2.94158
243	2.94476
244	2.94805
245	2.95108
246	2.95423
247	2.95711
248	2.96011
249	2.96284
250	2.96568
251	2.96827
252	2.97095
253	2.97339
254	2.97592
255	2.97821
256	2.98059
257	2.98272
258	2.98495
259	2.98694
260	2.98902
261	2.99086
262	2.99279
263	2.99449
264	2.99628
265	2.99784
266	2.99947
267	3.00089
268	3.00239
269	3.00368
270	3.00504
271	3.00619
272	3.00741
273	3.00843
274	3.00952
275	3.01042
276	3.01138
277	3.01215
278	3.01299
279	3.01364
280	3.01436
281	3.01489
282	3.0155
283	3.01592
284	3.0164
285	3.01672
286	3.01709
287	3.0173
288	3.01757
289	3.01768
290	3.01784
291	3.01785
292	3.01792
293	3.01783
294	3.01781
295	3.01763
296	3.01752
297	3.01725
298	3.01705
299	3.01671
300	3.01642
301	3.01599
302	3.01563
303	3.01513
304	3.01469
305	3.01411
306	3.0136
307	3.01296
308	3.01238
309	3.01167
310	3.01102
311	3.01025
312	3.00954
313	3.00871
314	3.00795
315	3.00706
316	3.00624
317	3.0053
318	3.00443
319	3.00344
320	3.00252
321	3.00149
322	3.00052
323	2.99944
324	2.99843
325	2.99731
326	2.99625
327	2.9951
328	2.99401
329	2.99282
330	2.99169
331	2.99047
332	2.98931
333	2.98805
334	2.98686
335	2.98558
336	2.98436
337	2.98305
338	2.98181
339	2.98048
340	2.97921
341	2.97786
342	2.97656
343	2.97519
344	2.97388
345	2.97249
346	2.97116
347	2.96976
348	2.96841
349	2.967
350	2.96563
351	2.96421
352	2.96283
353	2.96139
354	2.96001
355	2.95856
356	2.95716
357	2.95571
358	2.9543
359	2.95284
360	2.95143
361	2.94996
362	2.94855
363	2.94708
364	2.94566
365	2.94418
366	2.94276
367	2.94129
368	2.93986
369	2.93838
370	2.93696
371	2.93548
372	2.93406
373	2.93258
374	2.93116
375	2.92969
376	2.92827
377	2.9268
378	2.92538
379	2.92391
380	2.9225
381	2.92104
382	2.91963
383	2.91817
384	2.91676
385	2.91531
386	2.91391
387	2.91247
388	2.91108
389	2.90964
390	2.90825
391	2.90682
392	2.90544
393	2.90402
394	2.90265
395	2.90124
396	2.89987
397	2.89847
398	2.89711
399	2.89571
400	2.89436
401	2.89298
402	2.89164
403	2.89027
404	2.88893
405	2.88757
406	2.88625
407	2.88489
408	2.88358
409	2.88224
410	2.88093
411	2.8796
412	2.87831
413	2.87699
414	2.8757
415	2.87439
416	2.87312
417	2.87182
418	2.87056
419	2.86927
420	2.86802
421	2.86674
422	2.8655
423	2.86423
424	2.863
425	2.86174
426	2.86052
427	2.85928
428	2.85807
429	2.85683
430	2.85564
431	2.85441
432	2.85323
433	2.85201
434	2.85084
435	2.84964
436	2.84847
437	2.84728
438	2.84612
439	2.84494
440	2.8438
441	2.84263
442	2.8415
443	2.84034
444	2.83921
445	2.83807
446	2.83695
447	2.83582
448	2.83471
449	2.83359
450	2.83249
451	2.83138
452	2.83029
453	2.82919
454	2.82811
455	2.82702
456	2.82595
457	2.82487
458	2.82381
459	2.82274
460	2.82169
461	2.82063
462	2.81959
463	2.81854
464	2.81751
465	2.81646
466	2.81544
467	2.81441
468	2.8134
469	2.81237
470	2.81137
471	2.81035
472	2.80936
473	2.80835
474	2.80737
475	2.80637
476	2.8054
477	2.8044
478	2.80344
479	2.80246
480	2.8015
481	2.80052
482	2.79957
483	2.79861
484	2.79767
485	2.79671
486	2.79577
487	2.79483
488	2.7939
489	2.79296
490	2.79204
491	2.79111
492	2.79019
493	2.78927
494	2.78836
495	2.78745
496	2.78655
497	2.78564
498	2.78475
499	2.78384
500	2.78296
501	2.78206
502	2.78119
503	2.7803
504	2.77943
505	2.77855
506	2.77768
507	2.77681
508	2.77595
509	2.77508
510	2.77423
511	2.77337
512	2.77253
513	2.77167
514	2.77084
515	2.76999
516	2.76916
517	2.76831
518	2.76749
519	2.76665
520	2.76583
521	2.765
522	2.76419
523	2.76336
524	2.76255
525	2.76173
526	2.76093
527	2.76012
528	2.75932
529	2.75851
530	2.75772
531	2.75692
532	2.75614
533	2.75534
534	2.75456
535	2.75377
536	2.75299
537	2.75221
538	2.75144
539	2.75065
540	2.74989
541	2.74911
542	2.74835
543	2.74758
544	2.74683
545	2.74606
546	2.74531
547	2.74455
548	2.74381
549	2.74305
550	2.74231
551	2.74156
552	2.74082
553	2.74007
554	2.73934
555	2.7386
556	2.73787
557	2.73714
558	2.73641
559	2.73568
560	2.73496
561	2.73423
562	2.73352
563	2.7328
564	2.73209
565	2.73137
566	2.73066
567	2.72994
568	2.72924
569	2.72853
570	2.72783
571	2.72713
572	2.72643
573	2.72573
574	2.72504
575	2.72434
576	2.72366
577	2.72296
578	2.72228
579	2.72159
580	2.72091
581	2.72022
582	2.71955
583	2.71887
584	2.71819
585	2.71752
586	2.71685
587	2.71617
588	2.71551
589	2.71484
590	2.71418
591	2.71351
592	2.71285
593	2.71219
594	2.71153
595	2.71087
596	2.71022
597	2.70957
598	2.70892
599	2.70827
600	2.70762
601	2.70697
602	2.70633
603	2.70569
604	2.70505
605	2.70441
606	2.70378
607	2.70314
608	2.70251
609	2.70187
610	2.70124
611	2.70061
612	2.69999
613	2.69936
614	2.69873
615	2.69811
616	2.69749
617	2.69687
618	2.69625
619	2.69563
620	2.69502
621	2.6944
622	2.6938
623	2.69318
624	2.69258
625	2.69196
626	2.69136
627	2.69075
628	2.69015
629	2.68955
630	2.68895
631	2.68835
632	2.68776
633	2.68716
634	2.68657
635	2.68597
636	2.68538
637	2.68479
638	2.6842
639	2.68361
640	2.68303
641	2.68244
642	2.68186
643	2.68128
644	2.6807
645	2.68012
646	2.67954
647	2.67897
648	2.67839
649	2.67782
650	2.67725
651	2.67667
652	2.67611
653	2.67554
654	2.67497
655	2.6744
656	2.67384
657	2.67328
658	2.67272
659	2.67215
660	2.6716
661	2.67104
662	2.67048
663	2.66992
664	2.66937
665	2.66882
666	2.66827
667	2.66772
668	2.66717
669	2.66662
670	2.66607
671	2.66553
672	2.66498
673	2.66444
674	2.6639
675	2.66336
676	2.66282
677	2.66228
678	2.66174
679	2.6612
680	2.66067
681	2.66014
682	2.65961
683	2.65907
684	2.65854
685	2.65801
686	2.65749
687	2.65696
688	2.65643
689	2.65591
690	2.65539
691	2.65486
692	2.65434
693	2.65382
694	2.6533
695	2.65278
696	2.65227
697	2.65175
698	2.65124
699	2.65072
700	2.65021
701	2.6497
702	2.64919
703	2.64868
704	2.64817
705	2.64766
706	2.64716
707	2.64665
708	2.64615
709	2.64565
710	2.64515
711	2.64464
712	2.64415
713	2.64365
714	2.64315
715	2.64265
716	2.64216
717	2.64166
718	2.64117
719	2.64067
720	2.64018
721	2.63969
722	2.6392
723	2.63871
724	2.63823
725	2.63774
726	2.63725
727	2.63677
728	2.63628
729	2.6358
730	2.63532
731	2.63484
732	2.63436
733	2.63388
734	2.6334
735	2.63292
736	2.63245
737	2.63197
738	2.6315
739	2.63102
740	2.63055
741	2.63007
742	2.62961
743	2.62913
744	2.62867
745	2.6282
746	2.62773
747	2.62726
748	2.6268
749	2.62633
750	2.62587
751	2.62541
752	2.62494
753	2.62448
754	2.62402
755	2.62356
756	2.62311
757	2.62265
758	2.62219
759	2.62173
760	2.62128
761	2.62082
762	2.62037
763	2.61992
764	2.61947
765	2.61902
766	2.61857
767	2.61812
768	2.61767
769	2.61723
770	2.61678
771	2.61634
772	2.6159
773	2.61545
774	2.61501
775	2.61457
776	2.61413
777	2.6137
778	2.61326
779	2.61283
780	2.61239
781	2.61196
782	2.61153
783	2.6111
784	2.61068
785	2.61025
786	2.60983
787	2.60941
788	2.60899
789	2.60857
790	2.60816
791	2.60774
792	2.60733
793	2.60692
794	2.60652
795	2.60611
796	2.60571
797	2.60531
798	2.60491
799	2.60451
800	2.60412
801	2.60372
802	2.60333
803	2.60293
804	2.60254
805	2.60214
806	2.60175
807	2.60135
808	2.60095
809	2.60055
810	2.60014
811	2.59973
812	2.59932
813	2.59889
814	2.59846
815	2.59802
816	2.59757
817	2.59711
818	2.59663
819	2.59614
820	2.59563
821	2.5951
822	2.59456
823	2.59399
824	2.5934
825	2.59278
826	2.59213
827	2.59145
828	2.59074
829	2.59
830	2.58922
831	2.58841
832	2.58755
833	2.58665
834	2.58572
835	2.58473
836	2.5837
837	2.58262
838	2.58149
839	2.58031
840	2.57908
841	2.5778
842	2.57647
843	2.57508
844	2.57364
845	2.57215
846	2.5706
847	2.569
848	2.56735
849	2.56565
850	2.5639
851	2.5621
852	2.56025
853	2.55835
854	2.55642
855	2.55444
856	2.55242
857	2.55037
858	2.54828
859	2.54616
860	2.54402
861	2.54185
862	2.53966
863	2.53745
864	2.53523
865	2.53299
866	2.53076
867	2.52852
868	2.52628
869	2.52404
870	2.52181
871	2.5196
872	2.5174
873	2.51523
874	2.51307
875	2.51095
876	2.50885
877	2.50679
878	2.50477
879	2.50279
880	2.50085
881	2.49896
882	2.49712
883	2.49533
884	2.4936
885	2.49192
886	2.4903
887	2.48874
888	2.48725
889	2.48582
890	2.48445
891	2.48316
892	2.48193
893	2.48076
894	2.47967
895	2.47865
896	2.4777
897	2.47681
898	2.476
899	2.47526
900	2.47458
901	2.47398
902	2.47344
903	2.47297
904	2.47257
905	2.47223
906	2.47196
907	2.47175
908	2.4716
909	2.47151
910	2.47148
911	2.47151
912	2.47159
913	2.47173
914	2.47191
915	2.47215
916	2.47243
917	2.47276
918	2.47314
919	2.47355
920	2.474
921	2.47449
922	2.47502
923	2.47558
924	2.47617
925	2.47679
926	2.47743
927	2.4781
928	2.47879
929	2.47951
930	2.48024
931	2.48099
932	2.48175
933	2.48252
934	2.48331
935	2.48411
936	2.48491
937	2.48572
938	2.48653
939	2.48735
940	2.48816
941	2.48898
942	2.48979
943	2.4906
944	2.49141
945	2.49221
946	2.493
947	2.49378
948	2.49456
949	2.49532
950	2.49608
951	2.49682
952	2.49755
953	2.49826
954	2.49897
955	2.49965
956	2.50033
957	2.50098
958	2.50162
959	2.50224
960	2.50285
961	2.50344
962	2.50401
963	2.50457
964	2.50511
965	2.50563
966	2.50614
967	2.50662
968	2.5071
969	2.50755
970	2.508
971	2.50843
972	2.50884
973	2.50924
974	2.50964
975	2.51002
976	2.5104
977	2.51077
978	2.51114
979	2.5115
980	2.51187
981	2.51224
982	2.51262
983	2.51301
984	2.51342
985	2.51386
986	2.51431
987	2.51481
988	2.51534
989	2.51592
990	2.51655
991	2.51725
992	2.51803
993	2.51889
994	2.51985
995	2.52092
996	2.52211
997	2.52345
998	2.52495
999	2.52662
1000	2.52849
1001	2.53058
1002	2.53291
1003	2.5355
1004	2.53839
1005	2.54159
1006	2.54514
1007	2.54908
1008	2.55343
1009	2.55822
1010	2.5635
1011	2.56929
1012	2.57565
1013	2.58261
1014	2.5902
1015	2.59848
1016	2.60748
1017	2.61725
1018	2.62784
1019	2.63927
1020	2.6516
1021	2.66487
1022	2.67911
1023	2.69437
1024	2.71069
1025	2.72809
1026	2.7466
1027	2.76626
1028	2.78708
1029	2.80909
1030	2.83229
1031	2.8567
1032	2.8823
1033	2.9091
1034	2.93709
1035	2.96623
1036	2.9965
1037	3.02786
1038	3.06027
1039	3.09367
1040	3.12799
1041	3.16317
1042	3.19912
1043	3.23575
1044	3.27296
1045	3.31065
1046	3.3487
1047	3.387
1048	3.42542
1049	3.46382
1050	3.50207
1051	3.54004
1052	3.57757
1053	3.61454
1054	3.65078
1055	3.68617
1056	3.72056
1057	3.7538
1058	3.78576
1059	3.81631
1060	3.84533
1061	3.87269
1062	3.89828
1063	3.92199
1064	3.94372
1065	3.96339
1066	3.98092
1067	3.99623
1068	4.00926
1069	4.01997
1070	4.0283
1071	4.03424
1072	4.03776
1073	4.03884
1074	4.03749
1075	4.03371
1076	4.02752
1077	4.01894
1078	4.00801
1079	3.99476
1080	3.97925
1081	3.96152
1082	3.94164
1083	3.91967
1084	3.89568
1085	3.86974
1086	3.84194
1087	3.81236
1088	3.78108
1089	3.74818
1090	3.71377
1091	3.67792
1092	3.64074
1093	3.6023
1094	3.56271
1095	3.52206
1096	3.48044
1097	3.43794
1098	3.39465
1099	3.35066
1100	3.30606
1101	3.26093
1102	3.21536
1103	3.16943
1104	3.12322
1105	3.0768
1106	3.03025
1107	2.98365
1108	2.93706
1109	2.89054
1110	2.84418
1111	2.79801
1112	2.75212
1113	2.70654
1114	2.66134
1115	2.61656
1116	2.57225
1117	2.52847
1118	2.48524
1119	2.44261
1120	2.40063
1121	2.35931
1122	2.31871
1123	2.27884
1124	2.23973
1125	2.20142
1126	2.16392
1127	2.12726
1128	2.09145
1129	2.05652
1130	2.02248
1131	1.98934
1132	1.95711
1133	1.92581
1134	1.89545
1135	1.86603
1136	1.83756
1137	1.81005
1138	1.78349
1139	1.75789
1140	1.73325
1141	1.70957
1142	1.68685
1143	1.66508
1144	1.64426
1145	1.6244
1146	1.60547
1147	1.58748
1148	1.57043
1149	1.55429
1150	1.53907
1151	1.52475
1152	1.51133
1153	1.49879
1154	1.48713
1155	1.47633
1156	1.46638
1157	1.45728
1158	1.449
1159	1.44153
1160	1.43486
1161	1.42899
1162	1.42388
1163	1.41954
1164	1.41594
1165	1.41307
1166	1.41092
1167	1.40946
1168	1.4087
1169	1.4086
1170	1.40916
1171	1.41036
1172	1.41218
1173	1.41461
1174	1.41764
1175	1.42124
1176	1.4254
1177	1.43011
1178	1.43535
1179	1.4411
1180	1.44734
1181	1.45407
1182	1.46127
1183	1.46892
1184	1.477
1185	1.4855
1186	1.49441
1187	1.5037
1188	1.51337
1189	1.5234
1190	1.53376
1191	1.54446
1192	1.55547
1193	1.56678
1194	1.57837
1195	1.59023
1196	1.60234
1197	1.6147
1198	1.62728
1199	1.64008
1200	1.65307
1201	1.66625
1202	1.67961
1203	1.69312
1204	1.70678
1205	1.72057
1206	1.73449
1207	1.74851
1208	1.76263
1209	1.77683
1210	1.79111
1211	1.80545
1212	1.81984
1213	1.83426
1214	1.84872
1215	1.8632
1216	1.87768
1217	1.89216
1218	1.90662
1219	1.92107
1220	1.93548
1221	1.94986
1222	1.96418
1223	1.97845
1224	1.99265
1225	2.00677
1226	2.02082
1227	2.03477
1228	2.04862
1229	2.06237
1230	2.07601
1231	2.08954
1232	2.10293
1233	2.1162
1234	2.12933
1235	2.14232
1236	2.15516
1237	2.16785
1238	2.18038
1239	2.19275
1240	2.20496
1241	2.21699
1242	2.22885
1243	2.24053
1244	2.25203
1245	2.26335
1246	2.27448
1247	2.28542
1248	2.29616
1249	2.30671
1250	2.31707
1251	2.32722
1252	2.33718
1253	2.34693
1254	2.35648
1255	2.36583
1256	2.37497
1257	2.38391
1258	2.39264
1259	2.40116
1260	2.40947
1261	2.41758
1262	2.42549
1263	2.43318
1264	2.44067
1265	2.44796
1266	2.45504
1267	2.46192
1268	2.46859
1269	2.47507
1270	2.48134
1271	2.48742
1272	2.4933
1273	2.49898
1274	2.50448
1275	2.50977
1276	2.51488
1277	2.51981
1278	2.52454
1279	2.5291
1280	2.53347
1281	2.53766
1282	2.54168
1283	2.54552
1284	2.5492
1285	2.5527
1286	2.55604
1287	2.55921
1288	2.56223
1289	2.56508
1290	2.56778
1291	2.57033
1292	2.57273
1293	2.57498
1294	2.57709
1295	2.57905
1296	2.58088
1297	2.58258
1298	2.58414
1299	2.58557
1300	2.58688
1301	2.58806
1302	2.58912
1303	2.59006
1304	2.59089
1305	2.5916
1306	2.59221
1307	2.59271
1308	2.5931
1309	2.59339
1310	2.59358
1311	2.59368
1312	2.59368
1313	2.59358
1314	2.5934
1315	2.59313
1316	2.59277
1317	2.59233
1318	2.59181
1319	2.59121
1320	2.59053
1321	2.58977
1322	2.58894
1323	2.58803
1324	2.58705
1325	2.586
1326	2.58488
1327	2.58369
1328	2.58243
1329	2.58111
1330	2.57972
1331	2.57826
1332	2.57673
1333	2.57514
1334	2.57349
1335	2.57177
1336	2.56998
1337	2.56813
1338	2.56621
1339	2.56423
1340	2.56219
1341	2.56007
1342	2.55789
1343	2.55565
1344	2.55334
1345	2.55096
1346	2.54851
1347	2.54599
1348	2.54341
1349	2.54076
1350	2.53804
1351	2.53525
1352	2.53239
1353	2.52946
1354	2.52647
1355	2.5234
1356	2.52027
1357	2.51707
1358	2.51381
1359	2.51047
1360	2.50708
1361	2.50362
1362	2.50009
1363	2.49651
1364	2.49287
1365	2.48917
1366	2.48542
1367	2.48161
1368	2.47776
1369	2.47386
1370	2.46992
1371	2.46593
1372	2.46191
1373	2.45786
1374	2.45378
1375	2.44968
1376	2.44556
1377	2.44142
1378	2.43727
1379	2.43311
1380	2.42895
1381	2.42479
1382	2.42065
1383	2.41651
1384	2.4124
1385	2.4083
1386	2.40424
1387	2.40021
1388	2.39622
1389	2.39227
1390	2.38837
1391	2.38453
1392	2.38074
1393	2.37702
1394	2.37337
1395	2.36978
1396	2.36628
1397	2.36285
1398	2.35951
1399	2.35626
1400	2.3531
1401	2.35004
1402	2.34707
1403	2.34421
1404	2.34145
1405	2.33879
1406	2.33625
1407	2.33381
1408	2.33149
1409	2.32928
1410	2.32719
1411	2.32521
1412	2.32335
1413	2.32161
1414	2.31998
1415	2.31847
1416	2.31708
1417	2.3158
1418	2.31464
1419	2.3136
1420	2.31267
1421	2.31185
1422	2.31114
1423	2.31055
1424	2.31006
1425	2.30968
1426	2.3094
1427	2.30922
1428	2.30914
1429	2.30916
1430	2.30928
1431	2.30949
1432	2.30979
1433	2.31017
1434	2.31064
1435	2.31119
1436	2.31181
1437	2.31251
1438	2.31329
1439	2.31413
1440	2.31504
1441	2.31601
1442	2.31705
1443	2.31814
1444	2.31928
1445	2.32047
1446	2.32172
1447	2.323
1448	2.32433
1449	2.3257
1450	2.32711
1451	2.32854
1452	2.33001
1453	2.33151
1454	2.33303
1455	2.33458
1456	2.33614
1457	2.33773
1458	2.33933
1459	2.34094
1460	2.34256
1461	2.34419
1462	2.34583
1463	2.34747
1464	2.34912
1465	2.35076
1466	2.3524
1467	2.35404
1468	2.35568
1469	2.3573
1470	2.35892
1471	2.36053
1472	2.36213
1473	2.36371
1474	2.36528
1475	2.36684
1476	2.36837
1477	2.36989
1478	2.37139
1479	2.37287
1480	2.37433
1481	2.37577
1482	2.37718
1483	2.37857
1484	2.37993
1485	2.38127
1486	2.38259
1487	2.38387
1488	2.38513
1489	2.38636
1490	2.38757
1491	2.38874
1492	2.38989
1493	2.391
1494	2.39209
1495	2.39314
1496	2.39417
1497	2.39516
1498	2.39613
1499	2.39706
1500	2.39796
1501	2.39883
1502	2.39967
1503	2.40048
1504	2.40126
1505	2.402
1506	2.40272
1507	2.4034
1508	2.40406
1509	2.40468
1510	2.40527
1511	2.40584
1512	2.40637
1513	2.40687
1514	2.40734
1515	2.40779
1516	2.4082
1517	2.40859
1518	2.40895
1519	2.40928
1520	2.40958
1521	2.40986
1522	2.4101
1523	2.41033
1524	2.41052
1525	2.41069
1526	2.41084
1527	2.41096
1528	2.41105
1529	2.41113
1530	2.41117
1531	2.4112
1532	2.4112
1533	2.41118
1534	2.41114
1535	2.41108
1536	2.411
1537	2.4109
1538	2.41078
1539	2.41064
1540	2.41048
1541	2.4103
1542	2.4101
1543	2.40989
1544	2.40966
1545	2.40942
1546	2.40916
1547	2.40888
1548	2.40859
1549	2.40829
1550	2.40797
1551	2.40764
1552	2.4073
1553	2.40694
1554	2.40658
1555	2.4062
1556	2.40581
1557	2.40541
1558	2.405
1559	2.40458
1560	2.40416
1561	2.40372
1562	2.40328
1563	2.40282
1564	2.40237
1565	2.4019
1566	2.40143
1567	2.40095
1568	2.40047
1569	2.39998
1570	2.39948
1571	2.39899
1572	2.39848
1573	2.39798
1574	2.39747
1575	2.39696
1576	2.39644
1577	2.39592
1578	2.3954
1579	2.39488
1580	2.39436
1581	2.39383
1582	2.39331
1583	2.39278
1584	2.39225
1585	2.39173
1586	2.3912
1587	2.39067
1588	2.39015
1589	2.38962
1590	2.38909
1591	2.38857
1592	2.38805
1593	2.38753
1594	2.38701
1595	2.38649
1596	2.38598
1597	2.38547
1598	2.38496
1599	2.38445
1600	2.38394
1601	2.38344
1602	2.38294
1603	2.38244
1604	2.38195
1605	2.38146
1606	2.38098
1607	2.38049
1608	2.38001
1609	2.37954
1610	2.37907
1611	2.3786
1612	2.37813
1613	2.37767
1614	2.37722
1615	2.37677
1616	2.37632
1617	2.37587
1618	2.37543
1619	2.375
1620	2.37457
1621	2.37414
1622	2.37372
1623	2.3733
1624	2.37288
1625	2.37247
1626	2.37207
1627	2.37167
1628	2.37127
1629	2.37088
1630	2.37049
1631	2.3701
1632	2.36972
1633	2.36935
1634	2.36898
1635	2.36861
1636	2.36825
1637	2.36789
1638	2.36753
1639	2.36718
1640	2.36684
1641	2.36649
1642	2.36615
1643	2.36582
1644	2.36549
1645	2.36516
1646	2.36484
1647	2.36452
1648	2.36421
1649	2.3639
1650	2.36359
1651	2.36329
1652	2.36299
1653	2.36269
1654	2.3624
1655	2.36211
1656	2.36182
1657	2.36154
1658	2.36126
1659	2.36099
1660	2.36071
1661	2.36044
1662	2.36018
1663	2.35992
1664	2.35966
1665	2.3594
1666	2.35915
1667	2.3589
1668	2.35865
1669	2.35841
1670	2.35817
1671	2.35793
1672	2.35769
1673	2.35746
1674	2.35723
1675	2.35701
1676	2.35678
1677	2.35656
1678	2.35634
1679	2.35613
1680	2.35591
1681	2.3557
1682	2.35549
1683	2.35529
1684	2.35509
1685	2.35489
1686	2.35469
1687	2.35449
1688	2.3543
1689	2.35411
1690	2.35392
1691	2.35374
1692	2.35355
1693	2.35337
1694	2.3532
1695	2.35302
1696	2.35285
1697	2.35268
1698	2.35251
1699	2.35234
1700	2.35218
1701	2.35202
1702	2.35187
1703	2.35171
1704	2.35156
1705	2.35141
1706	2.35126
1707	2.35112
1708	2.35098
1709	2.35084
1710	2.3507
1711	2.35057
1712	2.35044
1713	2.35031
1714	2.35019
1715	2.35007
1716	2.34995
1717	2.34984
1718	2.34973
1719	2.34962
1720	2.34951
1721	2.34941
1722	2.34931
1723	2.34921
1724	2.34912
1725	2.34903
1726	2.34894
1727	2.34886
1728	2.34878
1729	2.3487
1730	2.34863
1731	2.34856
1732	2.34849
1733	2.34842
1734	2.34836
1735	2.3483
1736	2.34824
1737	2.34819
1738	2.34814
1739	2.34809
1740	2.34804
1741	2.348
1742	2.34796
1743	2.34792
1744	2.34788
1745	2.34785
1746	2.34782
1747	2.34778
1748	2.34775
1749	2.34773
1750	2.3477
1751	2.34767
1752	2.34765
1753	2.34763
1754	2.3476
1755	2.34758
1756	2.34756
1757	2.34754
1758	2.34751
1759	2.34749
1760	2.34747
1761	2.34744
1762	2.34742
1763	2.34739
1764	2.34737
1765	2.34734
1766	2.34731
1767	2.34728
1768	2.34725
1769	2.34721
1770	2.34717
1771	2.34713
1772	2.34709
1773	2.34705
1774	2.347
1775	2.34695
1776	2.34689
1777	2.34684
1778	2.34677
1779	2.34671
1780	2.34664
1781	2.34657
1782	2.34649
1783	2.34641
1784	2.34632
1785	2.34624
1786	2.34614
1787	2.34604
1788	2.34594
1789	2.34583
1790	2.34572
1791	2.3456
1792	2.34548
1793	2.34536
1794	2.34523
1795	2.34509
1796	2.34495
1797	2.34481
1798	2.34466
1799	2.3445
1800	2.34435
1801	2.34418
1802	2.34402
1803	2.34384
1804	2.34367
1805	2.34349
1806	2.3433
1807	2.34312
1808	2.34292
1809	2.34273
1810	2.34253
1811	2.34232
1812	2.34212
1813	2.3419
1814	2.34169
1815	2.34147
1816	2.34125
1817	2.34103
1818	2.3408
1819	2.34058
1820	2.34034
1821	2.34011
1822	2.33988
1823	2.33964
1824	2.3394
1825	2.33916
1826	2.33891
1827	2.33867
1828	2.33842
1829	2.33818
1830	2.33793
1831	2.33768
1832	2.33743
1833	2.33718
1834	2.33693
1835	2.33667
1836	2.33642
1837	2.33617
1838	2.33592
1839	2.33566
1840	2.33541
1841	2.33516
1842	2.33491
1843	2.33466
1844	2.3344
1845	2.33415
1846	2.3339
1847	2.33365
1848	2.33341
1849	2.33316
1850	2.33291
1851	2.33266
1852	2.33242
1853	2.33217
1854	2.33193
1855	2.33169
1856	2.33145
1857	2.33121
1858	2.33097
1859	2.33073
1860	2.33049
1861	2.33025
1862	2.33001
1863	2.32978
1864	2.32954
1865	2.32931
1866	2.32908
1867	2.32884
1868	2.32861
1869	2.32838
1870	2.32815
1871	2.32791
1872	2.32768
1873	2.32745
1874	2.32722
1875	2.32699
1876	2.32675
1877	2.32652
1878	2.32629
1879	2.32605
1880	2.32582
1881	2.32558
1882	2.32535
1883	2.32511
1884	2.32487
1885	2.32463
1886	2.32439
1887	2.32414
1888	2.3239
1889	2.32365
1890	2.3234
1891	2.32315
1892	2.3229
1893	2.32265
1894	2.32239
1895	2.32214
1896	2.32188
1897	2.32161
1898	2.32135
1899	2.32108
1900	2.32082
1901	2.32055
1902	2.32027
1903	2.32
1904	2.31973
1905	2.31945
1906	2.31917
1907	2.31889
1908	2.31861
1909	2.31832
1910	2.31804
1911	2.31775
1912	2.31746
1913	2.31718
1914	2.31689
1915	2.3166
1916	2.31631
1917	2.31602
1918	2.31573
1919	2.31544
1920	2.31516
1921	2.31487
1922	2.31459
1923	2.3143
1924	2.31402
1925	2.31374
1926	2.31346
1927	2.31318
1928	2.31291
1929	2.31264
1930	2.31237
1931	2.31211
1932	2.31185
1933	2.3116
1934	2.31134
1935	2.3111
1936	2.31085
1937	2.31062
1938	2.31038
1939	2.31016
1940	2.30994
1941	2.30972
1942	2.30951
1943	2.30931
1944	2.30911
1945	2.30892
1946	2.30874
1947	2.30856
1948	2.30839
1949	2.30822
1950	2.30807
1951	2.30792
1952	2.30778
1953	2.30764
1954	2.30751
1955	2.30739
1956	2.30728
1957	2.30717
1958	2.30708
1959	2.30698
1960	2.3069
1961	2.30683
1962	2.30676
1963	2.3067
1964	2.30664
1965	2.30659
1966	2.30656
1967	2.30652
1968	2.3065
1969	2.30648
1970	2.30647
1971	2.30646
1972	2.30646
1973	2.30647
1974	2.30649
1975	2.30651
1976	2.30654
1977	2.30657
1978	2.30661
1979	2.30666
1980	2.30671
1981	2.30677
1982	2.30683
1983	2.3069
1984	2.30697
1985	2.30705
1986	2.30714
1987	2.30723
1988	2.30733
1989	2.30743
1990	2.30753
1991	2.30764
1992	2.30776
1993	2.30788
1994	2.308
1995	2.30813
1996	2.30827
1997	2.30841
1998	2.30855
1999	2.3087
2000	2.30885
2001	2.30901
2002	2.30917
2003	2.30933
2004	2.3095
2005	2.30968
2006	2.30986
2007	2.31004
2008	2.31023
2009	2.31042
2010	2.31061
2011	2.31081
2012	2.31102
2013	2.31123
2014	2.31144
2015	2.31166
2016	2.31188
2017	2.31211
2018	2.31234
2019	2.31258
2020	2.31282
2021	2.31306
2022	2.31332
2023	2.31357
2024	2.31383
2025	2.3141
2026	2.31437
2027	2.31465
2028	2.31493
2029	2.31522
2030	2.31551
2031	2.31581
2032	2.31612
2033	2.31643
2034	2.31675
2035	2.31707
2036	2.3174
2037	2.31774
2038	2.31808
2039	2.31843
2040	2.31879
2041	2.31916
2042	2.31953
2043	2.31991
2044	2.3203
2045	2.32069
2046	2.3211
2047	2.32151
2048	2.32193
2049	2.32235
2050	2.32279
2051	2.32323
2052	2.32368
2053	2.32413
2054	2.3246
2055	2.32507
2056	2.32554
2057	2.32603
2058	2.32651
2059	2.32701
2060	2.32751
2061	2.32801
2062	2.32851
2063	2.32902
2064	2.32952
2065	2.33003
2066	2.33054
2067	2.33104
2068	2.33153
2069	2.33202
2070	2.3325
2071	2.33297
2072	2.33343
2073	2.33387
2074	2.33429
2075	2.3347
2076	2.33507
2077	2.33542
2078	2.33574
2079	2.33603
2080	2.33627
2081	2.33648
2082	2.33663
2083	2.33673
2084	2.33678
2085	2.33677
2086	2.33668
2087	2.33653
2088	2.33629
2089	2.33597
2090	2.33556
2091	2.33506
2092	2.33444
2093	2.33372
2094	2.33288
2095	2.33191
2096	2.33081
2097	2.32958
2098	2.32819
2099	2.32665
2100	2.32494
2101	2.32307
2102	2.32101
2103	2.31877
2104	2.31633
2105	2.31369
2106	2.31084
2107	2.30777
2108	2.30447
2109	2.30094
2110	2.29717
2111	2.29315
2112	2.28887
2113	2.28433
2114	2.27952
2115	2.27444
2116	2.26907
2117	2.26342
2118	2.25748
2119	2.25124
2120	2.24471
2121	2.23787
2122	2.23073
2123	2.22328
2124	2.21552
2125	2.20745
2126	2.19907
2127	2.19038
2128	2.18138
2129	2.17207
2130	2.16247
2131	2.15256
2132	2.14236
2133	2.13187
2134	2.1211
2135	2.11005
2136	2.09874
2137	2.08717
2138	2.07535
2139	2.06329
2140	2.05101
2141	2.03851
2142	2.02582
2143	2.01294
2144	1.99989
2145	1.98669
2146	1.97336
2147	1.95991
2148	1.94636
2149	1.93273
2150	1.91904
2151	1.90532
2152	1.89157
2153	1.87783
2154	1.86412
2155	1.85046
2156	1.83687
2157	1.82338
2158	1.81001
2159	1.79679
2160	1.78373
2161	1.77087
2162	1.75823
2163	1.74583
2164	1.7337
2165	1.72185
2166	1.71032
2167	1.69913
2168	1.6883
2169	1.67786
2170	1.66782
2171	1.65821
2172	1.64905
2173	1.64036
2174	1.63215
2175	1.62446
2176	1.61729
2177	1.61066
2178	1.60459
2179	1.5991
2180	1.5942
2181	1.58989
2182	1.5862
2183	1.58314
2184	1.58071
2185	1.57892
2186	1.57778
2187	1.5773
2188	1.57748
2189	1.57833
2190	1.57985
2191	1.58204
2192	1.5849
2193	1.58843
2194	1.59262
2195	1.59748
2196	1.60301
2197	1.60918
2198	1.61601
2199	1.62348
2200	1.63158
2201	1.6403
2202	1.64964
2203	1.65957
2204	1.67009
2205	1.68119
2206	1.69285
2207	1.70505
2208	1.71779
2209	1.73103
2210	1.74478
2211	1.75899
2212	1.77367
2213	1.78879
2214	1.80433
2215	1.82027
2216	1.83659
2217	1.85327
2218	1.87029
2219	1.88763
2220	1.90526
2221	1.92316
2222	1.94132
2223	1.9597
2224	1.97829
2225	1.99707
2226	2.016
2227	2.03508
2228	2.05428
2229	2.07357
2230	2.09293
2231	2.11235
2232	2.1318
2233	2.15125
2234	2.1707
2235	2.19011
2236	2.20947
2237	2.22876
2238	2.24795
2239	2.26703
2240	2.28598
2241	2.30478
2242	2.32341
2243	2.34186
2244	2.3601
2245	2.37812
2246	2.39591
2247	2.41345
2248	2.43072
2249	2.44772
2250	2.46441
2251	2.4808
2252	2.49687
2253	2.51261
2254	2.528
2255	2.54303
2256	2.5577
2257	2.57199
2258	2.58589
2259	2.59939
2260	2.6125
2261	2.62519
2262	2.63746
2263	2.6493
2264	2.66071
2265	2.67168
2266	2.68221
2267	2.69228
2268	2.70191
2269	2.71108
2270	2.71978
2271	2.72803
2272	2.73581
2273	2.74312
2274	2.74996
2275	2.75634
2276	2.76224
2277	2.76767
2278	2.77264
2279	2.77713
2280	2.78116
2281	2.78472
2282	2.78782
2283	2.79046
2284	2.79263
2285	2.79436
2286	2.79563
2287	2.79645
2288	2.79683
2289	2.79677
2290	2.79628
2291	2.79536
2292	2.79402
2293	2.79226
2294	2.79009
2295	2.78752
2296	2.78456
2297	2.7812
2298	2.77747
2299	2.77337
2300	2.7689
2301	2.76408
2302	2.75892
2303	2.75342
2304	2.7476
2305	2.74146
2306	2.73501
2307	2.72828
2308	2.72126
2309	2.71396
2310	2.70641
2311	2.69861
2312	2.69058
2313	2.68232
2314	2.67385
2315	2.66518
2316	2.65632
2317	2.6473
2318	2.63811
2319	2.62878
2320	2.61932
2321	2.60974
2322	2.60006
2323	2.59028
2324	2.58043
2325	2.57052
2326	2.56057
2327	2.55057
2328	2.54057
2329	2.53055
2330	2.52055
2331	2.51057
2332	2.50063
2333	2.49073
2334	2.48091
2335	2.47116
2336	2.46151
2337	2.45196
2338	2.44253
2339	2.43324
2340	2.42408
2341	2.41509
2342	2.40626
2343	2.39761
2344	2.38915
2345	2.38089
2346	2.37284
2347	2.36502
2348	2.35742
2349	2.35007
2350	2.34296
2351	2.33611
2352	2.32953
2353	2.32321
2354	2.31717
2355	2.31141
2356	2.30594
2357	2.30077
2358	2.29589
2359	2.29131
2360	2.28703
2361	2.28305
2362	2.27939
2363	2.27603
2364	2.27298
2365	2.27024
2366	2.2678
2367	2.26568
2368	2.26385
2369	2.26233
2370	2.26111
2371	2.26018
2372	2.25954
2373	2.25919
2374	2.25913
2375	2.25934
2376	2.25982
2377	2.26056
2378	2.26156
2379	2.26282
2380	2.26431
2381	2.26604
2382	2.26799
2383	2.27016
2384	2.27254
2385	2.27512
2386	2.27789
2387	2.28085
2388	2.28397
2389	2.28725
2390	2.29068
2391	2.29425
2392	2.29796
2393	2.30178
2394	2.30571
2395	2.30974
2396	2.31385
2397	2.31805
2398	2.32231
2399	2.32663
2400	2.331
2401	2.3354
2402	2.33983
2403	2.34428
2404	2.34873
2405	2.35318
2406	2.35762
2407	2.36204
2408	2.36643
2409	2.37079
2410	2.37509
2411	2.37935
2412	2.38354
2413	2.38766
2414	2.3917
2415	2.39566
2416	2.39953
2417	2.40331
2418	2.40698
2419	2.41055
2420	2.414
2421	2.41734
2422	2.42055
2423	2.42364
2424	2.42659
2425	2.42942
2426	2.4321
2427	2.43465
2428	2.43705
2429	2.43931
2430	2.44142
2431	2.44339
2432	2.4452
2433	2.44687
2434	2.44838
2435	2.44974
2436	2.45095
2437	2.45201
2438	2.45292
2439	2.45368
2440	2.45429
2441	2.45475
2442	2.45506
2443	2.45523
2444	2.45525
2445	2.45513
2446	2.45487
2447	2.45447
2448	2.45394
2449	2.45328
2450	2.45248
2451	2.45156
2452	2.45052
2453	2.44935
2454	2.44807
2455	2.44667
2456	2.44516
2457	2.44354
2458	2.44182
2459	2.44
2460	2.43808
2461	2.43607
2462	2.43397
2463	2.43178
2464	2.42952
2465	2.42717
2466	2.42474
2467	2.42225
2468	2.41969
2469	2.41706
2470	2.41438
2471	2.41164
2472	2.40884
2473	2.406
2474	2.40311
2475	2.40018
2476	2.39721
2477	2.3942
2478	2.39117
2479	2.3881
2480	2.38501
2481	2.38189
2482	2.37876
2483	2.37561
2484	2.37244
2485	2.36927
2486	2.36608
2487	2.36289
2488	2.3597
2489	2.35651
2490	2.35332
2491	2.35013
2492	2.34696
2493	2.34379
2494	2.34063
2495	2.33749
2496	2.33436
2497	2.33125
2498	2.32815
2499	2.32508
2500	2.32203
2501	2.31901
2502	2.31601
2503	2.31304
2504	2.31009
2505	2.30718
2506	2.3043
2507	2.30145
2508	2.29863
2509	2.29585
2510	2.2931
2511	2.29039
2512	2.28772
2513	2.28508
2514	2.28248
2515	2.27992
2516	2.27741
2517	2.27493
2518	2.27249
2519	2.2701
2520	2.26774
2521	2.26543
2522	2.26316
2523	2.26094
2524	2.25875
2525	2.25661
2526	2.25452
2527	2.25246
2528	2.25045
2529	2.24849
2530	2.24656
2531	2.24468
2532	2.24285
2533	2.24105
2534	2.2393
2535	2.23759
2536	2.23593
2537	2.2343
2538	2.23272
2539	2.23118
2540	2.22968
2541	2.22823
2542	2.22681
2543	2.22543
2544	2.2241
2545	2.2228
2546	2.22154
2547	2.22032
2548	2.21914
2549	2.218
2550	2.21689
2551	2.21582
2552	2.21479
2553	2.21379
2554	2.21283
2555	2.2119
2556	2.21101
2557	2.21015
2558	2.20932
2559	2.20853
2560	2.20776
2561	2.20703
2562	2.20633
2563	2.20566
2564	2.20502
2565	2.2044
2566	2.20382
2567	2.20326
2568	2.20273
2569	2.20223
2570	2.20175
2571	2.2013
2572	2.20087
2573	2.20047
2574	2.20009
2575	2.19973
2576	2.1994
2577	2.19909
2578	2.19879
2579	2.19852
2580	2.19828
2581	2.19805
2582	2.19783
2583	2.19764
2584	2.19747
2585	2.19731
2586	2.19717
2587	2.19705
2588	2.19694
2589	2.19685
2590	2.19678
2591	2.19671
2592	2.19667
2593	2.19663
2594	2.19661
2595	2.19661
2596	2.19661
2597	2.19663
2598	2.19666
2599	2.1967
2600	2.19675
2601	2.19681
2602	2.19688
2603	2.19696
2604	2.19705
2605	2.19715
2606	2.19725
2607	2.19737
2608	2.19749
2609	2.19762
2610	2.19776
2611	2.1979
2612	2.19806
2613	2.19821
2614	2.19838
2615	2.19855
2616	2.19872
2617	2.1989
2618	2.19909
2619	2.19928
2620	2.19947
2621	2.19967
2622	2.19987
2623	2.20008
2624	2.20029
2625	2.2005
2626	2.20072
2627	2.20094
2628	2.20116
2629	2.20138
2630	2.20161
2631	2.20184
2632	2.20207
2633	2.20231
2634	2.20254
2635	2.20278
2636	2.20302
2637	2.20326
2638	2.2035
2639	2.20374
2640	2.20398
2641	2.20423
2642	2.20447
2643	2.20472
2644	2.20497
2645	2.20521
2646	2.20546
2647	2.20571
2648	2.20596
2649	2.2062
2650	2.20645
2651	2.2067
2652	2.20695
2653	2.2072
2654	2.20744
2655	2.20769
2656	2.20794
2657	2.20818
2658	2.20843
2659	2.20867
2660	2.20892
2661	2.20916
2662	2.20941
2663	2.20965
2664	2.20989
2665	2.21013
2666	2.21037
2667	2.21061
2668	2.21085
2669	2.21108
2670	2.21132
2671	2.21155
2672	2.21179
2673	2.21202
2674	2.21225
2675	2.21248
2676	2.21271
2677	2.21294
2678	2.21316
2679	2.21339
2680	2.21361
2681	2.21383
2682	2.21405
2683	2.21427
2684	2.21449
2685	2.2147
2686	2.21492
2687	2.21513
2688	2.21534
2689	2.21555
2690	2.21576
2691	2.21597
2692	2.21617
2693	2.21637
2694	2.21658
2695	2.21678
2696	2.21697
2697	2.21717
2698	2.21737
2699	2.21756
2700	2.21775
2701	2.21794
2702	2.21813
2703	2.21832
2704	2.2185
2705	2.21869
2706	2.21887
2707	2.21905
2708	2.21923
2709	2.2194
2710	2.21958
2711	2.21975
2712	2.21992
2713	2.22009
2714	2.22026
2715	2.22043
2716	2.22059
2717	2.22076
2718	2.22092
2719	2.22108
2720	2.22124
2721	2.2214
2722	2.22156
2723	2.22171
2724	2.22186
2725	2.22202
2726	2.22217
2727	2.22232
2728	2.22246
2729	2.22261
2730	2.22276
2731	2.2229
2732	2.22304
2733	2.22318
2734	2.22332
2735	2.22346
2736	2.2236
2737	2.22374
2738	2.22388
2739	2.22401
2740	2.22415
2741	2.22428
2742	2.22441
2743	2.22454
2744	2.22467
2745	2.2248
2746	2.22493
2747	2.22506
2748	2.22519
2749	2.22531
2750	2.22544
2751	2.22556
2752	2.22569
2753	2.22581
2754	2.22593
2755	2.22605
2756	2.22617
2757	2.22629
2758	2.22641
2759	2.22653
2760	2.22665
2761	2.22677
2762	2.22688
2763	2.227
2764	2.22711
2765	2.22722
2766	2.22734
2767	2.22745
2768	2.22756
2769	2.22767
2770	2.22777
2771	2.22788
2772	2.22799
2773	2.22809
2774	2.22819
2775	2.22829
2776	2.22839
2777	2.22849
2778	2.22859
2779	2.22868
2780	2.22877
2781	2.22886
2782	2.22895
2783	2.22904
2784	2.22912
2785	2.2292
2786	2.22928
2787	2.22936
2788	2.22943
2789	2.2295
2790	2.22957
2791	2.22963
2792	2.22969
2793	2.22975
2794	2.2298
2795	2.22986
2796	2.2299
2797	2.22994
2798	2.22998
2799	2.23002
2800	2.23005
2801	2.23008
2802	2.2301
2803	2.23011
2804	2.23013
2805	2.23013
2806	2.23014
2807	2.23013
2808	2.23013
2809	2.23011
2810	2.2301
2811	2.23007
2812	2.23004
2813	2.23001
2814	2.22997
2815	2.22992
2816	2.22987
2817	2.22981
2818	2.22975
2819	2.22968
2820	2.2296
2821	2.22952
2822	2.22943
2823	2.22934
2824	2.22924
2825	2.22913
2826	2.22902
2827	2.2289
2828	2.22877
2829	2.22864
2830	2.22851
2831	2.22836
2832	2.22821
2833	2.22806
2834	2.2279
2835	2.22773
2836	2.22756
2837	2.22738
2838	2.22719
2839	2.22701
2840	2.22681
2841	2.22661
2842	2.22641
2843	2.22619
2844	2.22598
2845	2.22576
2846	2.22554
2847	2.22531
2848	2.22507
2849	2.22484
2850	2.22459
2851	2.22435
2852	2.2241
2853	2.22385
2854	2.22359
2855	2.22333
2856	2.22307
2857	2.2228
2858	2.22254
2859	2.22227
2860	2.222
2861	2.22172
2862	2.22145
2863	2.22117
2864	2.22089
2865	2.22061
2866	2.22033
2867	2.22005
2868	2.21977
2869	2.21948
2870	2.2192
2871	2.21892
2872	2.21863
2873	2.21835
2874	2.21807
2875	2.21779
2876	2.21751
2877	2.21723
2878	2.21695
2879	2.21668
2880	2.2164
2881	2.21613
2882	2.21586
2883	2.21559
2884	2.21532
2885	2.21506
2886	2.2148
2887	2.21454
2888	2.21428
2889	2.21403
2890	2.21378
2891	2.21353
2892	2.21329
2893	2.21305
2894	2.21281
2895	2.21258
2896	2.21235
2897	2.21212
2898	2.2119
2899	2.21168
2900	2.21147
2901	2.21126
2902	2.21105
2903	2.21085
2904	2.21065
2905	2.21046
2906	2.21027
2907	2.21008
2908	2.2099
2909	2.20973
2910	2.20955
2911	2.20939
2912	2.20922
2913	2.20906
2914	2.20891
2915	2.20876
2916	2.20861
2917	2.20847
2918	2.20833
2919	2.2082
2920	2.20807
2921	2.20794
2922	2.20782
2923	2.2077
2924	2.20759
2925	2.20748
2926	2.20738
2927	2.20728
2928	2.20718
2929	2.20709
2930	2.207
2931	2.20691
2932	2.20683
2933	2.20675
2934	2.20667
2935	2.2066
2936	2.20654
2937	2.20647
2938	2.20641
2939	2.20635
2940	2.2063
2941	2.20625
2942	2.2062
2943	2.20615
2944	2.20611
2945	2.20607
2946	2.20604
2947	2.206
2948	2.20597
2949	2.20595
2950	2.20592
2951	2.2059
2952	2.20588
2953	2.20587
2954	2.20585
2955	2.20584
2956	2.20583
2957	2.20583
2958	2.20582
2959	2.20582
2960	2.20582
2961	2.20582
2962	2.20583
2963	2.20584
2964	2.20585
2965	2.20586
2966	2.20587
2967	2.20589
2968	2.20591
2969	2.20593
2970	2.20595
2971	2.20598
2972	2.20601
2973	2.20604
2974	2.20607
2975	2.2061
2976	2.20614
2977	2.20617
2978	2.20621
2979	2.20625
2980	2.20629
2981	2.20634
2982	2.20638
2983	2.20643
2984	2.20648
2985	2.20653
2986	2.20658
2987	2.20664
2988	2.20669
2989	2.20675
2990	2.20681
2991	2.20687
2992	2.20693
2993	2.20699
2994	2.20706
2995	2.20712
2996	2.20719
2997	2.20726
2998	2.20733
2999	2.2074
3000	2.20747
3001	2.20754
3002	2.20761
3003	2.20768
3004	2.20775
3005	2.20783
3006	2.2079
3007	2.20798
3008	2.20805
3009	2.20813
3010	2.2082
3011	2.20828
3012	2.20835
3013	2.20843
3014	2.20851
3015	2.20858
3016	2.20865
3017	2.20873
3018	2.2088
3019	2.20888
3020	2.20895
3021	2.20902
3022	2.20909
3023	2.20916
3024	2.20923
3025	2.20929
3026	2.20936
3027	2.20942
3028	2.20948
3029	2.20955
3030	2.2096
3031	2.20966
3032	2.20972
3033	2.20977
3034	2.20982
3035	2.20987
3036	2.20992
3037	2.20996
3038	2.21
3039	2.21004
3040	2.21008
3041	2.21011
3042	2.21014
3043	2.21017
3044	2.2102
3045	2.21022
3046	2.21024
3047	2.21026
3048	2.21027
3049	2.21028
3050	2.21029
3051	2.2103
3052	2.2103
3053	2.21029
3054	2.21029
3055	2.21028
3056	2.21027
3057	2.21025
3058	2.21024
3059	2.21021
3060	2.21019
3061	2.21016
3062	2.21013
3063	2.21009
3064	2.21006
3065	2.21002
3066	2.20997
3067	2.20992
3068	2.20987
3069	2.20982
3070	2.20976
3071	2.2097
3072	2.20964
3073	2.20957
3074	2.20951
3075	2.20943
3076	2.20936
3077	2.20928
3078	2.2092
3079	2.20912
3080	2.20904
3081	2.20895
3082	2.20886
3083	2.20877
3084	2.20868
3085	2.20859
3086	2.20849
3087	2.20839
3088	2.20829
3089	2.20819
3090	2.20809
3091	2.20798
3092	2.20787
3093	2.20777
3094	2.20766
3095	2.20755
3096	2.20744
3097	2.20733
3098	2.20721
3099	2.2071
3100	2.20699
3101	2.20688
3102	2.20676
3103	2.20665
3104	2.20653
3105	2.20642
3106	2.20631
3107	2.20619
3108	2.20608
3109	2.20597
3110	2.20585
3111	2.20574
3112	2.20563
3113	2.20552
3114	2.20542
3115	2.20531
3116	2.20521
3117	2.2051
3118	2.205
3119	2.2049
3120	2.20481
3121	2.20471
3122	2.20462
3123	2.20453
3124	2.20445
3125	2.20436
3126	2.20429
3127	2.20421
3128	2.20414
3129	2.20408
3130	2.20401
3131	2.20396
3132	2.20391
3133	2.20386
3134	2.20382
3135	2.20379
3136	2.20377
3137	2.20375
3138	2.20374
3139	2.20374
3140	2.20375
3141	2.20377
3142	2.2038
3143	2.20384
3144	2.20389
3145	2.20396
3146	2.20403
3147	2.20413
3148	2.20423
3149	2.20436
3150	2.2045
3151	2.20466
3152	2.20483
3153	2.20503
3154	2.20525
3155	2.20549
3156	2.20576
3157	2.20605
3158	2.20636
3159	2.20671
3160	2.20708
3161	2.20749
3162	2.20792
3163	2.2084
3164	2.2089
3165	2.20945
3166	2.21004
3167	2.21067
3168	2.21134
3169	2.21205
3170	2.21282
3171	2.21364
3172	2.2145
3173	2.21543
3174	2.21641
3175	2.21744
3176	2.21855
3177	2.21971
3178	2.22094
3179	2.22225
3180	2.22362
3181	2.22507
3182	2.2266
3183	2.22821
3184	2.2299
3185	2.23167
3186	2.23354
3187	2.2355
3188	2.23755
3189	2.2397
3190	2.24196
3191	2.24431
3192	2.24677
3193	2.24934
3194	2.25203
3195	2.25483
3196	2.25774
3197	2.26078
3198	2.26394
3199	2.26722
3200	2.27064
3201	2.27418
3202	2.27786
3203	2.28167
3204	2.28562
3205	2.28972
3206	2.29395
3207	2.29833
3208	2.30285
3209	2.30752
3210	2.31234
3211	2.31731
3212	2.32244
3213	2.32771
3214	2.33314
3215	2.33872
3216	2.34446
3217	2.35035
3218	2.3564
3219	2.3626
3220	2.36896
3221	2.37547
3222	2.38213
3223	2.38895
3224	2.39591
3225	2.40303
3226	2.41029
3227	2.4177
3228	2.42526
3229	2.43295
3230	2.44078
3231	2.44874
3232	2.45684
3233	2.46507
3234	2.47341
3235	2.48188
3236	2.49046
3237	2.49915
3238	2.50795
3239	2.51684
3240	2.52583
3241	2.5349
3242	2.54406
3243	2.55329
3244	2.56259
3245	2.57195
3246	2.58136
3247	2.59081
3248	2.60031
3249	2.60983
3250	2.61937
3251	2.62892
3252	2.63848
3253	2.64803
3254	2.65756
3255	2.66707
3256	2.67654
3257	2.68597
3258	2.69534
3259	2.70464
3260	2.71387
3261	2.72301
3262	2.73205
3263	2.74099
3264	2.7498
3265	2.75849
3266	2.76703
3267	2.77542
3268	2.78365
3269	2.7917
3270	2.79957
3271	2.80724
3272	2.8147
3273	2.82194
3274	2.82896
3275	2.83573
3276	2.84226
3277	2.84852
3278	2.85452
3279	2.86024
3280	2.86566
3281	2.87079
3282	2.87561
3283	2.88011
3284	2.88428
3285	2.88813
3286	2.89163
3287	2.89479
3288	2.89758
3289	2.90002
3290	2.90209
3291	2.90379
3292	2.90511
3293	2.90604
3294	2.90659
3295	2.90674
3296	2.90651
3297	2.90587
3298	2.90484
3299	2.9034
3300	2.90157
3301	2.89933
3302	2.89669
3303	2.89364
3304	2.8902
3305	2.88636
3306	2.88212
3307	2.87749
3308	2.87248
3309	2.86707
3310	2.86128
3311	2.85512
3312	2.84859
3313	2.84169
3314	2.83444
3315	2.82683
3316	2.81889
3317	2.8106
3318	2.80199
3319	2.79307
3320	2.78383
3321	2.7743
3322	2.76448
3323	2.75437
3324	2.74401
3325	2.73338
3326	2.72251
3327	2.71141
3328	2.70008
3329	2.68855
3330	2.67681
3331	2.66489
3332	2.6528
3333	2.64055
3334	2.62815
3335	2.61561
3336	2.60295
3337	2.59018
3338	2.57731
3339	2.56436
3340	2.55134
3341	2.53825
3342	2.52512
3343	2.51196
3344	2.49877
3345	2.48557
3346	2.47236
3347	2.45917
3348	2.44601
3349	2.43288
3350	2.41979
3351	2.40675
3352	2.39379
3353	2.38089
3354	2.36808
3355	2.35537
3356	2.34275
3357	2.33025
3358	2.31786
3359	2.3056
3360	2.29347
3361	2.28149
3362	2.26965
3363	2.25796
3364	2.24642
3365	2.23505
3366	2.22385
3367	2.21282
3368	2.20197
3369	2.19129
3370	2.1808
3371	2.17049
3372	2.16037
3373	2.15043
3374	2.14069
3375	2.13113
3376	2.12177
3377	2.1126
3378	2.10362
3379	2.09482
3380	2.08622
3381	2.07781
3382	2.06958
3383	2.06154
3384	2.05368
3385	2.04599
3386	2.03849
3387	2.03115
3388	2.02399
3389	2.01699
3390	2.01015
3391	2.00347
3392	1.99694
3393	1.99056
3394	1.98432
3395	1.97823
3396	1.97226
3397	1.96642
3398	1.9607
3399	1.9551
3400	1.94961
3401	1.94423
3402	1.93895
3403	1.93375
3404	1.92865
3405	1.92363
3406	1.91868
3407	1.91381
3408	1.909
3409	1.90425
3410	1.89955
3411	1.8949
3412	1.89029
3413	1.88572
3414	1.88118
3415	1.87667
3416	1.87218
3417	1.86771
3418	1.86325
3419	1.8588
3420	1.85436
3421	1.84991
3422	1.84547
3423	1.84101
3424	1.83655
3425	1.83208
3426	1.82759
3427	1.82308
3428	1.81856
3429	1.81401
3430	1.80945
3431	1.80485
3432	1.80024
3433	1.7956
3434	1.79093
3435	1.78624
3436	1.78152
3437	1.77678
3438	1.77201
3439	1.76722
3440	1.76241
3441	1.75758
3442	1.75273
3443	1.74786
3444	1.74298
3445	1.73809
3446	1.73319
3447	1.72829
3448	1.72339
3449	1.71849
3450	1.71359
3451	1.70871
3452	1.70384
3453	1.69898
3454	1.69416
3455	1.68936
3456	1.68459
3457	1.67986
3458	1.67518
3459	1.67054
3460	1.66596
3461	1.66143
3462	1.65697
3463	1.65258
3464	1.64827
3465	1.64404
3466	1.6399
3467	1.63584
3468	1.63189
3469	1.62804
3470	1.6243
3471	1.62068
3472	1.61718
3473	1.6138
3474	1.61055
3475	1.60744
3476	1.60448
3477	1.60166
3478	1.59899
3479	1.59647
3480	1.59412
3481	1.59194
3482	1.58992
3483	1.58808
3484	1.58641
3485	1.58493
3486	1.58363
3487	1.58252
3488	1.5816
3489	1.58087
3490	1.58034
3491	1.58001
3492	1.57989
3493	1.57996
3494	1.58024
3495	1.58073
3496	1.58142
3497	1.58232
3498	1.58344
3499	1.58476
3500	1.58629
3501	1.58803
3502	1.58999
3503	1.59215
3504	1.59452
3505	1.5971
3506	1.59988
3507	1.60287
3508	1.60606
3509	1.60946
3510	1.61305
3511	1.61684
3512	1.62083
3513	1.625
3514	1.62937
3515	1.63392
3516	1.63865
3517	1.64355
3518	1.64864
3519	1.65389
3520	1.65931
3521	1.6649
3522	1.67064
3523	1.67653
3524	1.68257
3525	1.68876
3526	1.69508
3527	1.70154
3528	1.70813
3529	1.71484
3530	1.72167
3531	1.72861
3532	1.73566
3533	1.74281
3534	1.75006
3535	1.7574
3536	1.76482
3537	1.77233
3538	1.77991
3539	1.78755
3540	1.79526
3541	1.80303
3542	1.81084
3543	1.81871
3544	1.82661
3545	1.83455
3546	1.84252
3547	1.85051
3548	1.85852
3549	1.86654
3550	1.87458
3551	1.88261
3552	1.89064
3553	1.89867
3554	1.90668
3555	1.91467
3556	1.92264
3557	1.93059
3558	1.93851
3559	1.94639
3560	1.95423
3561	1.96202
3562	1.96977
3563	1.97747
3564	1.98511
3565	1.99269
3566	2.0002
3567	2.00766
3568	2.01504
3569	2.02234
3570	2.02958
3571	2.03673
3572	2.0438
3573	2.05079
3574	2.05768
3575	2.06449
3576	2.07121
3577	2.07783
3578	2.08436
3579	2.09079
3580	2.09712
3581	2.10335
3582	2.10947
3583	2.11549
3584	2.12141
3585	2.12721
3586	2.13291
3587	2.1385
3588	2.14398
3589	2.14935
3590	2.15461
3591	2.15976
3592	2.16479
3593	2.16972
3594	2.17453
3595	2.17922
3596	2.18381
3597	2.18828
3598	2.19264
3599	2.19688
3600	2.20102
3601	2.20504
3602	2.20895
3603	2.21275
3604	2.21644
3605	2.22002
3606	2.22349
3607	2.22685
3608	2.23011
3609	2.23325
3610	2.2363
3611	2.23924
3612	2.24207
3613	2.2448
3614	2.24743
3615	2.24996
3616	2.25239
3617	2.25473
3618	2.25697
3619	2.25911
3620	2.26116
3621	2.26311
3622	2.26498
3623	2.26675
3624	2.26844
3625	2.27004
3626	2.27156
3627	2.27299
3628	2.27434
3629	2.27561
3630	2.27679
3631	2.27791
3632	2.27894
3633	2.2799
3634	2.28079
3635	2.2816
3636	2.28235
3637	2.28303
3638	2.28364
3639	2.28418
3640	2.28466
3641	2.28508
3642	2.28544
3643	2.28574
3644	2.28598
3645	2.28616
3646	2.28629
3647	2.28637
3648	2.28639
3649	2.28636
3650	2.28629
3651	2.28616
3652	2.28599
3653	2.28578
3654	2.28552
3655	2.28522
3656	2.28488
3657	2.2845
3658	2.28408
3659	2.28362
3660	2.28313
3661	2.2826
3662	2.28204
3663	2.28145
3664	2.28082
3665	2.28017
3666	2.27948
3667	2.27877
3668	2.27803
3669	2.27727
3670	2.27648
3671	2.27566
3672	2.27483
3673	2.27397
3674	2.27309
3675	2.27219
3676	2.27127
3677	2.27033
3678	2.26937
3679	2.26839
3680	2.2674
3681	2.2664
3682	2.26537
3683	2.26434
3684	2.26329
3685	2.26222
3686	2.26115
3687	2.26006
3688	2.25896
3689	2.25785
3690	2.25673
3691	2.25559
3692	2.25445
3693	2.2533
3694	2.25214
3695	2.25098
3696	2.2498
3697	2.24862
3698	2.24743
3699	2.24623
3700	2.24503
3701	2.24382
3702	2.24261
3703	2.24139
3704	2.24016
3705	2.23893
3706	2.2377
3707	2.23646
3708	2.23522
3709	2.23397
3710	2.23272
3711	2.23147
3712	2.23021
3713	2.22895
3714	2.22769
3715	2.22642
3716	2.22515
3717	2.22388
3718	2.22261
3719	2.22134
3720	2.22006
3721	2.21879
3722	2.21751
3723	2.21623
3724	2.21495
3725	2.21367
3726	2.21239
3727	2.21111
3728	2.20983
3729	2.20855
3730	2.20727
3731	2.20599
3732	2.20471
3733	2.20344
3734	2.20216
3735	2.20089
3736	2.19962
3737	2.19835
3738	2.19708
3739	2.19582
3740	2.19456
3741	2.19331
3742	2.19205
3743	2.19081
3744	2.18956
3745	2.18832
3746	2.18709
3747	2.18586
3748	2.18464
3749	2.18342
3750	2.18221
3751	2.18101
3752	2.17981
3753	2.17863
3754	2.17745
3755	2.17627
3756	2.17511
3757	2.17396
3758	2.17281
3759	2.17168
3760	2.17055
3761	2.16944
3762	2.16834
3763	2.16725
3764	2.16617
3765	2.1651
3766	2.16405
3767	2.16301
3768	2.16198
3769	2.16097
3770	2.15997
3771	2.15899
3772	2.15802
3773	2.15707
3774	2.15613
3775	2.15521
3776	2.15431
3777	2.15342
3778	2.15255
3779	2.1517
3780	2.15086
3781	2.15005
3782	2.14925
3783	2.14847
3784	2.14771
3785	2.14697
3786	2.14625
3787	2.14555
3788	2.14487
3789	2.14421
3790	2.14358
3791	2.14296
3792	2.14236
3793	2.14179
3794	2.14123
3795	2.1407
3796	2.14019
3797	2.1397
3798	2.13923
3799	2.13879
3800	2.13836
3801	2.13796
3802	2.13758
3803	2.13722
3804	2.13689
3805	2.13658
3806	2.13629
3807	2.13602
3808	2.13577
3809	2.13554
3810	2.13534
3811	2.13516
3812	2.135
3813	2.13486
3814	2.13474
3815	2.13464
3816	2.13456
3817	2.13451
3818	2.13447
3819	2.13445
3820	2.13446
3821	2.13448
3822	2.13452
3823	2.13459
3824	2.13467
3825	2.13477
3826	2.13488
3827	2.13502
3828	2.13517
3829	2.13534
3830	2.13552
3831	2.13572
3832	2.13594
3833	2.13617
3834	2.13642
3835	2.13669
3836	2.13696
3837	2.13725
3838	2.13756
3839	2.13787
3840	2.1382
3841	2.13855
3842	2.1389
3843	2.13926
3844	2.13964
3845	2.14003
3846	2.14042
3847	2.14083
3848	2.14124
3849	2.14166
3850	2.14209
3851	2.14253
3852	2.14298
3853	2.14343
3854	2.14389
3855	2.14435
3856	2.14482
3857	2.1453
3858	2.14578
3859	2.14626
3860	2.14674
3861	2.14723
3862	2.14773
3863	2.14822
3864	2.14872
3865	2.14922
3866	2.14972
3867	2.15022
3868	2.15072
3869	2.15122
3870	2.15172
3871	2.15222
3872	2.15272
3873	2.15322
3874	2.15372
3875	2.15421
3876	2.15471
3877	2.1552
3878	2.15568
3879	2.15617
3880	2.15665
3881	2.15713
3882	2.1576
3883	2.15807
3884	2.15853
3885	2.15899
3886	2.15945
3887	2.1599
3888	2.16034
3889	2.16078
3890	2.16121
3891	2.16164
3892	2.16206
3893	2.16248
3894	2.16289
3895	2.16329
3896	2.16369
3897	2.16408
3898	2.16446
3899	2.16484
3900	2.16521
3901	2.16557
3902	2.16592
3903	2.16627
3904	2.16661
3905	2.16694
3906	2.16727
3907	2.16759
3908	2.1679
3909	2.1682
3910	2.16849
3911	2.16878
3912	2.16906
3913	2.16933
3914	2.1696
3915	2.16986
3916	2.17011
3917	2.17035
3918	2.17058
3919	2.17081
3920	2.17103
3921	2.17124
3922	2.17144
3923	2.17164
3924	2.17183
3925	2.17201
3926	2.17219
3927	2.17236
3928	2.17252
3929	2.17267
3930	2.17282
3931	2.17296
3932	2.17309
3933	2.17322
3934	2.17334
3935	2.17346
3936	2.17356
3937	2.17366
3938	2.17376
3939	2.17385
3940	2.17393
3941	2.174
3942	2.17407
3943	2.17414
3944	2.1742
3945	2.17425
3946	2.17429
3947	2.17434
3948	2.17437
3949	2.1744
3950	2.17443
3951	2.17445
3952	2.17446
3953	2.17447
3954	2.17448
3955	2.17448
3956	2.17447
3957	2.17446
3958	2.17445
3959	2.17443
3960	2.17441
3961	2.17438
3962	2.17435
3963	2.17432
3964	2.17428
3965	2.17423
3966	2.17419
3967	2.17414
3968	2.17408
3969	2.17402
3970	2.17396
3971	2.1739
3972	2.17383
3973	2.17375
3974	2.17368
3975	2.1736
3976	2.17352
3977	2.17343
3978	2.17335
3979	2.17326
3980	2.17316
3981	2.17307
3982	2.17297
3983	2.17286
3984	2.17276
3985	2.17265
3986	2.17254
3987	2.17243
3988	2.17232
3989	2.1722
3990	2.17208
3991	2.17196
3992	2.17184
3993	2.17171
3994	2.17158
3995	2.17145
3996	2.17132
3997	2.17119
3998	2.17106
3999	2.17092
4000	2.17078
4001	2.17064
4002	2.1705
4003	2.17036
4004	2.17021
4005	2.17006
4006	2.16992
4007	2.16977
4008	2.16962
4009	2.16947
4010	2.16931
4011	2.16916
4012	2.169
4013	2.16885
4014	2.16869
4015	2.16853
4016	2.16837
4017	2.16821
4018	2.16805
4019	2.16789
4020	2.16773
4021	2.16757
4022	2.1674
4023	2.16724
4024	2.16708
4025	2.16691
4026	2.16675
4027	2.16658
4028	2.16641
4029	2.16625
4030	2.16608
4031	2.16591
4032	2.16575
4033	2.16558
4034	2.16541
4035	2.16524
4036	2.16508
4037	2.16491
4038	2.16474
4039	2.16457
4040	2.16441
4041	2.16424
4042	2.16407
4043	2.16391
4044	2.16374
4045	2.16358
4046	2.16341
4047	2.16325
4048	2.16308
4049	2.16292
4050	2.16276
4051	2.16259
4052	2.16243
4053	2.16227
4054	2.16211
4055	2.16195
4056	2.16179
4057	2.16163
4058	2.16147
4059	2.16132
4060	2.16116
4061	2.161
4062	2.16085
4063	2.1607
4064	2.16054
4065	2.16039
4066	2.16024
4067	2.16009
4068	2.15994
4069	2.1598
4070	2.15965
4071	2.15951
4072	2.15936
4073	2.15922
4074	2.15908
4075	2.15893
4076	2.15879
4077	2.15866
4078	2.15852
4079	2.15838
4080	2.15825
4081	2.15811
4082	2.15798
4083	2.15785
4084	2.15772
4085	2.15759
4086	2.15746
4087	2.15733
4088	2.1572
4089	2.15708
4090	2.15695
4091	2.15683
4092	2.15671
4093	2.15659
4094	2.15647
4095	2.15635
4096	2.15623
4097	2.15611
4098	2.156
4099	2.15588
4100	2.15577
4101	2.15566
4102	2.15554
4103	2.15543
4104	2.15532
4105	2.15521
4106	2.1551
4107	2.155
4108	2.15489
4109	2.15478
4110	2.15468
4111	2.15457
4112	2.15447
4113	2.15436
4114	2.15426
4115	2.15416
4116	2.15406
4117	2.15396
4118	2.15385
4119	2.15375
4120	2.15365
4121	2.15355
4122	2.15345
4123	2.15336
4124	2.15326
4125	2.15316
4126	2.15306
4127	2.15296
4128	2.15286
4129	2.15277
4130	2.15267
4131	2.15257
4132	2.15248
4133	2.15238
4134	2.15228
4135	2.15218
4136	2.15209
4137	2.15199
4138	2.15189
4139	2.1518
4140	2.1517
4141	2.1516
4142	2.1515
4143	2.15141
4144	2.15131
4145	2.15121
4146	2.15111
4147	2.15102
4148	2.15092
4149	2.15082
4150	2.15072
4151	2.15062
4152	2.15053
4153	2.15043
4154	2.15033
4155	2.15023
4156	2.15013
4157	2.15004
4158	2.14994
4159	2.14984
4160	2.14974
4161	2.14965
4162	2.14955
4163	2.14945
4164	2.14936
4165	2.14926
4166	2.14916
4167	2.14907
4168	2.14897
4169	2.14888
4170	2.14879
4171	2.14869
4172	2.1486
4173	2.14851
4174	2.14842
4175	2.14833
4176	2.14824
4177	2.14816
4178	2.14807
4179	2.14799
4180	2.14791
4181	2.14783
4182	2.14775
4183	2.14767
4184	2.14759
4185	2.14752
4186	2.14745
4187	2.14738
4188	2.14731
4189	2.14725
4190	2.14718
4191	2.14712
4192	2.14707
4193	2.14701
4194	2.14696
4195	2.14691
4196	2.14687
4197	2.14683
4198	2.14679
4199	2.14676
4200	2.14672
4201	2.1467
4202	2.14667
4203	2.14666
4204	2.14664
4205	2.14663
4206	2.14662
4207	2.14662
4208	2.14663
4209	2.14663
4210	2.14665
4211	2.14666
4212	2.14669
4213	2.14671
4214	2.14675
4215	2.14679
4216	2.14683
4217	2.14688
4218	2.14694
4219	2.147
4220	2.14706
4221	2.14714
4222	2.14722
4223	2.1473
4224	2.14739
4225	2.14749
4226	2.14759
4227	2.1477
4228	2.14782
4229	2.14794
4230	2.14806
4231	2.1482
4232	2.14834
4233	2.14849
4234	2.14864
4235	2.1488
4236	2.14896
4237	2.14913
4238	2.14931
4239	2.14949
4240	2.14968
4241	2.14987
4242	2.15007
4243	2.15028
4244	2.15049
4245	2.1507
4246	2.15092
4247	2.15114
4248	2.15137
4249	2.1516
4250	2.15184
4251	2.15208
4252	2.15232
4253	2.15257
4254	2.15282
4255	2.15307
4256	2.15332
4257	2.15357
4258	2.15383
4259	2.15408
4260	2.15433
4261	2.15459
4262	2.15484
4263	2.15509
4264	2.15534
4265	2.15558
4266	2.15582
4267	2.15606
4268	2.15629
4269	2.15652
4270	2.15674
4271	2.15695
4272	2.15716
4273	2.15735
4274	2.15754
4275	2.15771
4276	2.15788
4277	2.15803
4278	2.15816
4279	2.15829
4280	2.15839
4281	2.15848
4282	2.15856
4283	2.15861
4284	2.15864
4285	2.15865
4286	2.15864
4287	2.15861
4288	2.15855
4289	2.15846
4290	2.15835
4291	2.15821
4292	2.15803
4293	2.15783
4294	2.15759
4295	2.15732
4296	2.15702
4297	2.15667
4298	2.15629
4299	2.15587
4300	2.15541
4301	2.1549
4302	2.15435
4303	2.15376
4304	2.15311
4305	2.15242
4306	2.15168
4307	2.15089
4308	2.15005
4309	2.14915
4310	2.1482
4311	2.14719
4312	2.14612
4313	2.145
4314	2.14381
4315	2.14256
4316	2.14125
4317	2.13988
4318	2.13844
4319	2.13693
4320	2.13536
4321	2.13372
4322	2.13201
4323	2.13023
4324	2.12838
4325	2.12646
4326	2.12446
4327	2.12239
4328	2.12025
4329	2.11804
4330	2.11575
4331	2.11339
4332	2.11095
4333	2.10843
4334	2.10585
4335	2.10318
4336	2.10044
4337	2.09763
4338	2.09474
4339	2.09178
4340	2.08874
4341	2.08563
4342	2.08244
4343	2.07919
4344	2.07586
4345	2.07246
4346	2.069
4347	2.06546
4348	2.06186
4349	2.05819
4350	2.05446
4351	2.05066
4352	2.0468
4353	2.04289
4354	2.03891
4355	2.03488
4356	2.0308
4357	2.02667
4358	2.02248
4359	2.01825
4360	2.01397
4361	2.00965
4362	2.00529
4363	2.0009
4364	1.99646
4365	1.992
4366	1.98751
4367	1.98299
4368	1.97845
4369	1.97389
4370	1.96932
4371	1.96473
4372	1.96013
4373	1.95552
4374	1.95091
4375	1.9463
4376	1.94169
4377	1.93709
4378	1.9325
4379	1.92792
4380	1.92336
4381	1.91882
4382	1.91431
4383	1.90982
4384	1.90537
4385	1.90095
4386	1.89657
4387	1.89224
4388	1.88795
4389	1.88371
4390	1.87952
4391	1.87539
4392	1.87132
4393	1.86732
4394	1.86338
4395	1.85951
4396	1.85572
4397	1.85201
4398	1.84837
4399	1.84482
4400	1.84136
4401	1.83799
4402	1.83471
4403	1.83152
4404	1.82844
4405	1.82545
4406	1.82257
4407	1.8198
4408	1.81714
4409	1.81459
4410	1.81215
4411	1.80983
4412	1.80763
4413	1.80555
4414	1.8036
4415	1.80177
4416	1.80006
4417	1.79848
4418	1.79704
4419	1.79572
4420	1.79454
4421	1.79349
4422	1.79257
4423	1.7918
4424	1.79116
4425	1.79065
4426	1.79029
4427	1.79007
4428	1.78999
4429	1.79004
4430	1.79024
4431	1.79058
4432	1.79107
4433	1.79169
4434	1.79246
4435	1.79337
4436	1.79442
4437	1.79561
4438	1.79695
4439	1.79842
4440	1.80004
4441	1.80179
4442	1.80369
4443	1.80572
4444	1.80789
4445	1.8102
4446	1.81265
4447	1.81523
4448	1.81794
4449	1.82079
4450	1.82377
4451	1.82688
4452	1.83012
4453	1.83349
4454	1.83699
4455	1.84061
4456	1.84435
4457	1.84822
4458	1.85221
4459	1.85632
4460	1.86055
4461	1.86489
4462	1.86935
4463	1.87392
4464	1.8786
4465	1.8834
4466	1.8883
4467	1.8933
4468	1.89841
4469	1.90362
4470	1.90893
4471	1.91434
4472	1.91984
4473	1.92543
4474	1.93112
4475	1.9369
4476	1.94276
4477	1.94871
4478	1.95474
4479	1.96085
4480	1.96704
4481	1.9733
4482	1.97964
4483	1.98605
4484	1.99252
4485	1.99906
4486	2.00567
4487	2.01233
4488	2.01905
4489	2.02583
4490	2.03266
4491	2.03954
4492	2.04646
4493	2.05343
4494	2.06044
4495	2.06749
4496	2.07458
4497	2.08169
4498	2.08884
4499	2.09602
4500	2.10321
4501	2.11043
4502	2.11766
4503	2.12491
4504	2.13217
4505	2.13944
4506	2.14671
4507	2.15399
4508	2.16126
4509	2.16853
4510	2.17579
4511	2.18303
4512	2.19026
4513	2.19748
4514	2.20467
4515	2.21184
4516	2.21897
4517	2.22608
4518	2.23315
4519	2.24018
4520	2.24718
4521	2.25412
4522	2.26102
4523	2.26786
4524	2.27465
4525	2.28139
4526	2.28806
4527	2.29466
4528	2.3012
4529	2.30767
4530	2.31406
4531	2.32037
4532	2.32661
4533	2.33276
4534	2.33883
4535	2.3448
4536	2.35069
4537	2.35647
4538	2.36217
4539	2.36776
4540	2.37325
4541	2.37863
4542	2.38391
4543	2.38907
4544	2.39413
4545	2.39907
4546	2.40389
4547	2.4086
4548	2.41318
4549	2.41764
4550	2.42198
4551	2.42619
4552	2.43028
4553	2.43423
4554	2.43806
4555	2.44175
4556	2.44532
4557	2.44874
4558	2.45204
4559	2.45519
4560	2.45821
4561	2.4611
4562	2.46384
4563	2.46645
4564	2.46892
4565	2.47125
4566	2.47344
4567	2.47549
4568	2.4774
4569	2.47917
4570	2.4808
4571	2.48229
4572	2.48365
4573	2.48486
4574	2.48594
4575	2.48688
4576	2.48768
4577	2.48835
4578	2.48889
4579	2.48929
4580	2.48955
4581	2.48969
4582	2.48969
4583	2.48957
4584	2.48932
4585	2.48894
4586	2.48843
4587	2.48781
4588	2.48706
4589	2.48619
4590	2.4852
4591	2.48409
4592	2.48287
4593	2.48154
4594	2.48009
4595	2.47854
4596	2.47687
4597	2.47511
4598	2.47324
4599	2.47126
4600	2.46919
4601	2.46703
4602	2.46476
4603	2.46241
4604	2.45996
4605	2.45743
4606	2.45481
4607	2.45211
4608	2.44933
4609	2.44647
4610	2.44354
4611	2.44053
4612	2.43744
4613	2.43429
4614	2.43108
4615	2.4278
4616	2.42445
4617	2.42105
4618	2.41759
4619	2.41408
4620	2.41051
4621	2.40689
4622	2.40323
4623	2.39952
4624	2.39577
4625	2.39197
4626	2.38814
4627	2.38427
4628	2.38037
4629	2.37644
4630	2.37248
4631	2.36849
4632	2.36447
4633	2.36044
4634	2.35638
4635	2.3523
4636	2.34821
4637	2.3441
4638	2.33998
4639	2.33584
4640	2.3317
4641	2.32756
4642	2.3234
4643	2.31925
4644	2.31509
4645	2.31093
4646	2.30678
4647	2.30263
4648	2.29848
4649	2.29435
4650	2.29022
4651	2.2861
4652	2.28199
4653	2.2779
4654	2.27382
4655	2.26976
4656	2.26572
4657	2.26169
4658	2.25769
4659	2.25371
4660	2.24975
4661	2.24582
4662	2.24191
4663	2.23803
4664	2.23417
4665	2.23035
4666	2.22655
4667	2.22279
4668	2.21906
4669	2.21536
4670	2.2117
4671	2.20808
4672	2.20448
4673	2.20093
4674	2.19741
4675	2.19394
4676	2.1905
4677	2.1871
4678	2.18375
4679	2.18043
4680	2.17716
4681	2.17393
4682	2.17075
4683	2.16761
4684	2.16452
4685	2.16147
4686	2.15847
4687	2.15551
4688	2.1526
4689	2.14974
4690	2.14693
4691	2.14417
4692	2.14146
4693	2.13879
4694	2.13618
4695	2.13362
4696	2.13111
4697	2.12865
4698	2.12624
4699	2.12388
4700	2.12157
4701	2.11932
4702	2.11712
4703	2.11498
4704	2.11288
4705	2.11084
4706	2.10885
4707	2.10692
4708	2.10504
4709	2.10321
4710	2.10144
4711	2.09972
4712	2.09806
4713	2.09645
4714	2.09489
4715	2.09339
4716	2.09194
4717	2.09054
4718	2.0892
4719	2.08792
4720	2.08668
4721	2.0855
4722	2.08437
4723	2.0833
4724	2.08228
4725	2.08131
4726	2.08039
4727	2.07953
4728	2.07872
4729	2.07796
4730	2.07725
4731	2.07659
4732	2.07598
4733	2.07543
4734	2.07492
4735	2.07446
4736	2.07405
4737	2.07369
4738	2.07337
4739	2.07311
4740	2.07289
4741	2.07271
4742	2.07259
4743	2.0725
4744	2.07246
4745	2.07247
4746	2.07251
4747	2.0726
4748	2.07274
4749	2.07291
4750	2.07312
4751	2.07337
4752	2.07366
4753	2.07399
4754	2.07435
4755	2.07475
4756	2.07519
4757	2.07566
4758	2.07616
4759	2.0767
4760	2.07726
4761	2.07786
4762	2.07849
4763	2.07915
4764	2.07983
4765	2.08054
4766	2.08128
4767	2.08204
4768	2.08283
4769	2.08363
4770	2.08446
4771	2.08532
4772	2.08619
4773	2.08708
4774	2.08798
4775	2.08891
4776	2.08985
4777	2.09081
4778	2.09177
4779	2.09276
4780	2.09375
4781	2.09475
4782	2.09577
4783	2.09679
4784	2.09782
4785	2.09886
4786	2.0999
4787	2.10095
4788	2.102
4789	2.10306
4790	2.10411
4791	2.10517
4792	2.10623
4793	2.10729
4794	2.10835
4795	2.1094
4796	2.11045
4797	2.1115
4798	2.11254
4799	2.11358
4800	2.11461
4801	2.11563
4802	2.11665
4803	2.11766
4804	2.11865
4805	2.11964
4806	2.12062
4807	2.12159
4808	2.12254
4809	2.12349
4810	2.12442
4811	2.12534
4812	2.12624
4813	2.12713
4814	2.128
4815	2.12886
4816	2.12971
4817	2.13053
4818	2.13135
4819	2.13214
4820	2.13292
4821	2.13368
4822	2.13442
4823	2.13515
4824	2.13586
4825	2.13655
4826	2.13722
4827	2.13787
4828	2.1385
4829	2.13912
4830	2.13971
4831	2.14029
4832	2.14085
4833	2.14139
4834	2.14191
4835	2.14241
4836	2.14289
4837	2.14335
4838	2.1438
4839	2.14422
4840	2.14463
4841	2.14502
4842	2.14538
4843	2.14573
4844	2.14607
4845	2.14638
4846	2.14667
4847	2.14695
4848	2.14721
4849	2.14746
4850	2.14768
4851	2.14789
4852	2.14808
4853	2.14826
4854	2.14841
4855	2.14856
4856	2.14868
4857	2.1488
4858	2.14889
4859	2.14897
4860	2.14904
4861	2.14909
4862	2.14913
4863	2.14915
4864	2.14917
4865	2.14916
4866	2.14915
4867	2.14912
4868	2.14908
4869	2.14903
4870	2.14897
4871	2.14889
4872	2.14881
4873	2.14871
4874	2.1486
4875	2.14849
4876	2.14836
4877	2.14823
4878	2.14808
4879	2.14793
4880	2.14777
4881	2.1476
4882	2.14742
4883	2.14723
4884	2.14704
4885	2.14684
4886	2.14664
4887	2.14642
4888	2.1462
4889	2.14598
4890	2.14575
4891	2.14551
4892	2.14527
4893	2.14503
4894	2.14478
4895	2.14452
4896	2.14427
4897	2.144
4898	2.14374
4899	2.14347
4900	2.1432
4901	2.14292
4902	2.14264
4903	2.14236
4904	2.14208
4905	2.14179
4906	2.14151
4907	2.14122
4908	2.14093
4909	2.14064
4910	2.14035
4911	2.14005
4912	2.13976
4913	2.13946
4914	2.13917
4915	2.13887
4916	2.13858
4917	2.13828
4918	2.13798
4919	2.13769
4920	2.13739
4921	2.1371
4922	2.1368
4923	2.13651
4924	2.13621
4925	2.13592
4926	2.13563
4927	2.13534
4928	2.13505
4929	2.13476
4930	2.13448
4931	2.13419
4932	2.13391
4933	2.13363
4934	2.13335
4935	2.13307
4936	2.13279
4937	2.13252
4938	2.13225
4939	2.13198
4940	2.13171
4941	2.13144
4942	2.13118
4943	2.13092
4944	2.13066
4945	2.13041
4946	2.13015
4947	2.1299
4948	2.12965
4949	2.12941
4950	2.12917
4951	2.12893
4952	2.12869
4953	2.12845
4954	2.12822
4955	2.12799
4956	2.12777
4957	2.12754
4958	2.12732
4959	2.12711
4960	2.12689
4961	2.12668
4962	2.12647
4963	2.12627
4964	2.12607
4965	2.12587
4966	2.12567
4967	2.12548
4968	2.12529
4969	2.1251
4970	2.12492
4971	2.12474
4972	2.12457
4973	2.12439
4974	2.12422
4975	2.12406
4976	2.12389
4977	2.12373
4978	2.12357
4979	2.12342
4980	2.12327
4981	2.12312
4982	2.12298
4983	2.12284
4984	2.1227
4985	2.12257
4986	2.12243
4987	2.12231
4988	2.12218
4989	2.12206
4990	2.12194
4991	2.12183
4992	2.12171
4993	2.12161
4994	2.1215
4995	2.1214
4996	2.1213
4997	2.1212
4998	2.12111
4999	2.12102
5000	2.12093
5001	2.12085
5002	2.12076
5003	2.12069
5004	2.12061
5005	2.12054
5006	2.12047
5007	2.1204
5008	2.12034
5009	2.12028
5010	2.12022
5011	2.12016
5012	2.12011
5013	2.12006
5014	2.12001
5015	2.11997
5016	2.11992
5017	2.11988
5018	2.11985
5019	2.11981
5020	2.11978
5021	2.11975
5022	2.11972
5023	2.1197
5024	2.11968
5025	2.11966
5026	2.11964
5027	2.11962
5028	2.11961
5029	2.1196
5030	2.11959
5031	2.11958
5032	2.11957
5033	2.11957
5034	2.11957
5035	2.11957
5036	2.11957
5037	2.11958
5038	2.11958
5039	2.11959
5040	2.1196
5041	2.11961
5042	2.11962
5043	2.11964
5044	2.11965
5045	2.11967
5046	2.11969
5047	2.11971
5048	2.11973
5049	2.11975
5050	2.11978
5051	2.1198
5052	2.11983
5053	2.11986
5054	2.11988
5055	2.11991
5056	2.11994
5057	2.11997
5058	2.12001
5059	2.12004
5060	2.12007
5061	2.12011
5062	2.12014
5063	2.12018
5064	2.12022
5065	2.12025
5066	2.12029
5067	2.12033
5068	2.12037
5069	2.12041
5070	2.12045
5071	2.12049
5072	2.12053
5073	2.12057
5074	2.12061
5075	2.12065
5076	2.12069
5077	2.12073
5078	2.12077
5079	2.12081
5080	2.12086
5081	2.1209
5082	2.12094
5083	2.12098
5084	2.12102
5085	2.12106
5086	2.1211
5087	2.12114
5088	2.12119
5089	2.12123
5090	2.12127
5091	2.12131
5092	2.12134
5093	2.12138
5094	2.12142
5095	2.12146
5096	2.1215
5097	2.12154
5098	2.12157
5099	2.12161
5100	2.12165
5101	2.12168
5102	2.12172
5103	2.12175
5104	2.12179
5105	2.12182
5106	2.12185
5107	2.12189
5108	2.12192
5109	2.12195
5110	2.12198
5111	2.12201
5112	2.12204
5113	2.12207
5114	2.1221
5115	2.12213
5116	2.12215
5117	2.12218
5118	2.12221
5119	2.12223
5120	2.12226
5121	2.12228
5122	2.1223
5123	2.12233
5124	2.12235
5125	2.12237
5126	2.12239
5127	2.12241
5128	2.12243
5129	2.12245
5130	2.12247
5131	2.12249
5132	2.1225
5133	2.12252
5134	2.12254
5135	2.12255
5136	2.12257
5137	2.12258
5138	2.1226
5139	2.12261
5140	2.12262
5141	2.12263
5142	2.12265
5143	2.12266
5144	2.12267
5145	2.12268
5146	2.12269
5147	2.1227
5148	2.12271
5149	2.12272
5150	2.12273
5151	2.12273
5152	2.12274
5153	2.12275
5154	2.12275
5155	2.12276
5156	2.12277
5157	2.12277
5158	2.12278
5159	2.12278
5160	2.12279
5161	2.12279
5162	2.12279
5163	2.1228
5164	2.1228
5165	2.1228
5166	2.12281
5167	2.12281
5168	2.12281
5169	2.12281
5170	2.12281
5171	2.12281
5172	2.12282
5173	2.12282
5174	2.12282
5175	2.12282
5176	2.12282
5177	2.12282
5178	2.12282
5179	2.12282
5180	2.12282
5181	2.12281
5182	2.12281
5183	2.12281
5184	2.12281
5185	2.12281
5186	2.12281
5187	2.1228
5188	2.1228
5189	2.1228
5190	2.12279
5191	2.12279
5192	2.12279
5193	2.12278
5194	2.12278
5195	2.12278
5196	2.12277
5197	2.12277
5198	2.12276
5199	2.12276
5200	2.12275
5201	2.12275
5202	2.12274
5203	2.12274
5204	2.12273
5205	2.12272
5206	2.12272
5207	2.12271
5208	2.1227
5209	2.1227
5210	2.12269
5211	2.12268
5212	2.12268
5213	2.12267
5214	2.12266
5215	2.12265
5216	2.12264
5217	2.12263
5218	2.12263
5219	2.12262
5220	2.12261
5221	2.1226
5222	2.12259
5223	2.12258
5224	2.12257
5225	2.12256
5226	2.12255
5227	2.12254
5228	2.12253
5229	2.12251
5230	2.1225
5231	2.12249
5232	2.12248
5233	2.12247
5234	2.12246
5235	2.12244
5236	2.12243
5237	2.12242
5238	2.12241
5239	2.12239
5240	2.12238
5241	2.12237
5242	2.12236
5243	2.12234
5244	2.12233
5245	2.12232
5246	2.1223
5247	2.12229
5248	2.12228
5249	2.12226
5250	2.12225
5251	2.12224
5252	2.12222
5253	2.12221
5254	2.12219
5255	2.12218
5256	2.12217
5257	2.12215
5258	2.12214
5259	2.12213
5260	2.12211
5261	2.1221
5262	2.12208
5263	2.12207
5264	2.12206
5265	2.12204
5266	2.12203
5267	2.12202
5268	2.122
5269	2.12199
5270	2.12198
5271	2.12196
5272	2.12195
5273	2.12194
5274	2.12192
5275	2.12191
5276	2.1219
5277	2.12188
5278	2.12187
5279	2.12185
5280	2.12184
5281	2.12183
5282	2.12181
5283	2.1218
5284	2.12179
5285	2.12177
5286	2.12176
5287	2.12174
5288	2.12173
5289	2.12172
5290	2.1217
5291	2.12169
5292	2.12167
5293	2.12166
5294	2.12164
5295	2.12162
5296	2.12161
5297	2.12159
5298	2.12157
5299	2.12155
5300	2.12154
5301	2.12152
5302	2.1215
5303	2.12148
5304	2.12146
5305	2.12143
5306	2.12141
5307	2.12139
5308	2.12136
5309	2.12134
5310	2.12131
5311	2.12129
5312	2.12126
5313	2.12123
5314	2.1212
5315	2.12117
5316	2.12113
5317	2.1211
5318	2.12106
5319	2.12103
5320	2.12099
5321	2.12095
5322	2.12091
5323	2.12087
5324	2.12082
5325	2.12078
5326	2.12073
5327	2.12068
5328	2.12063
5329	2.12058
5330	2.12052
5331	2.12047
5332	2.12041
5333	2.12035
5334	2.12029
5335	2.12022
5336	2.12016
5337	2.12009
5338	2.12002
5339	2.11995
5340	2.11988
5341	2.11981
5342	2.11973
5343	2.11966
5344	2.11958
5345	2.1195
5346	2.11942
5347	2.11934
5348	2.11926
5349	2.11917
5350	2.11909
5351	2.119
5352	2.11891
5353	2.11883
5354	2.11874
5355	2.11865
5356	2.11856
5357	2.11848
5358	2.11839
5359	2.1183
5360	2.11822
5361	2.11813
5362	2.11805
5363	2.11797
5364	2.11789
5365	2.11781
5366	2.11774
5367	2.11767
5368	2.1176
5369	2.11754
5370	2.11748
5371	2.11742
5372	2.11737
5373	2.11732
5374	2.11728
5375	2.11725
5376	2.11722
5377	2.1172
5378	2.11719
5379	2.11719
5380	2.11719
5381	2.11721
5382	2.11723
5383	2.11727
5384	2.11732
5385	2.11737
5386	2.11744
5387	2.11753
5388	2.11763
5389	2.11774
5390	2.11787
5391	2.11801
5392	2.11817
5393	2.11835
5394	2.11854
5395	2.11876
5396	2.11899
5397	2.11925
5398	2.11953
5399	2.11983
5400	2.12015
5401	2.12049
5402	2.12086
5403	2.12126
5404	2.12168
5405	2.12213
5406	2.12261
5407	2.12311
5408	2.12365
5409	2.12421
5410	2.12481
5411	2.12544
5412	2.1261
5413	2.1268
5414	2.12753
5415	2.1283
5416	2.1291
5417	2.12994
5418	2.13081
5419	2.13173
5420	2.13269
5421	2.13368
5422	2.13472
5423	2.13579
5424	2.13691
5425	2.13808
5426	2.13928
5427	2.14053
5428	2.14183
5429	2.14317
5430	2.14455
5431	2.14598
5432	2.14746
5433	2.14899
5434	2.15056
5435	2.15218
5436	2.15385
5437	2.15557
5438	2.15733
5439	2.15915
5440	2.16101
5441	2.16293
5442	2.16489
5443	2.1669
5444	2.16896
5445	2.17108
5446	2.17324
5447	2.17545
5448	2.1777
5449	2.18001
5450	2.18237
5451	2.18477
5452	2.18722
5453	2.18972
5454	2.19227
5455	2.19486
5456	2.1975
5457	2.20018
5458	2.2029
5459	2.20567
5460	2.20849
5461	2.21134
5462	2.21423
5463	2.21717
5464	2.22014
5465	2.22315
5466	2.2262
5467	2.22928
5468	2.2324
5469	2.23555
5470	2.23873
5471	2.24194
5472	2.24518
5473	2.24844
5474	2.25173
5475	2.25505
5476	2.25838
5477	2.26174
5478	2.26511
5479	2.26851
5480	2.27191
5481	2.27533
5482	2.27876
5483	2.2822
5484	2.28565
5485	2.2891
5486	2.29255
5487	2.296
5488	2.29945
5489	2.3029
5490	2.30634
5491	2.30978
5492	2.3132
5493	2.31661
5494	2.32
5495	2.32338
5496	2.32674
5497	2.33007
5498	2.33338
5499	2.33666
5500	2.33991
5501	2.34312
5502	2.34631
5503	2.34945
5504	2.35255
5505	2.35562
5506	2.35863
5507	2.3616
5508	2.36452
5509	2.36739
5510	2.3702
5511	2.37295
5512	2.37564
5513	2.37827
5514	2.38084
5515	2.38334
5516	2.38576
5517	2.38812
5518	2.3904
5519	2.3926
5520	2.39473
5521	2.39677
5522	2.39873
5523	2.4006
5524	2.40238
5525	2.40408
5526	2.40568
5527	2.40718
5528	2.40859
5529	2.4099
5530	2.41111
5531	2.41222
5532	2.41323
5533	2.41413
5534	2.41492
5535	2.4156
5536	2.41617
5537	2.41663
5538	2.41697
5539	2.4172
5540	2.41731
5541	2.41731
5542	2.41719
5543	2.41694
5544	2.41658
5545	2.41609
5546	2.41548
5547	2.41475
5548	2.4139
5549	2.41291
5550	2.41181
5551	2.41057
5552	2.40922
5553	2.40773
5554	2.40612
5555	2.40438
5556	2.40251
5557	2.40052
5558	2.3984
5559	2.39615
5560	2.39378
5561	2.39128
5562	2.38866
5563	2.38591
5564	2.38303
5565	2.38004
5566	2.37692
5567	2.37368
5568	2.37031
5569	2.36683
5570	2.36323
5571	2.35951
5572	2.35568
5573	2.35173
5574	2.34767
5575	2.3435
5576	2.33922
5577	2.33483
5578	2.33033
5579	2.32573
5580	2.32103
5581	2.31623
5582	2.31133
5583	2.30633
5584	2.30124
5585	2.29606
5586	2.29079
5587	2.28544
5588	2.28
5589	2.27448
5590	2.26888
5591	2.26321
5592	2.25746
5593	2.25164
5594	2.24576
5595	2.23981
5596	2.2338
5597	2.22773
5598	2.22161
5599	2.21544
5600	2.20922
5601	2.20295
5602	2.19664
5603	2.19029
5604	2.1839
5605	2.17748
5606	2.17103
5607	2.16456
5608	2.15806
5609	2.15155
5610	2.14502
5611	2.13847
5612	2.13192
5613	2.12536
5614	2.1188
5615	2.11224
5616	2.10568
5617	2.09913
5618	2.09259
5619	2.08607
5620	2.07956
5621	2.07308
5622	2.06662
5623	2.06018
5624	2.05378
5625	2.04741
5626	2.04108
5627	2.03479
5628	2.02854
5629	2.02233
5630	2.01618
5631	2.01008
5632	2.00403
5633	1.99804
5634	1.99211
5635	1.98625
5636	1.98045
5637	1.97472
5638	1.96906
5639	1.96347
5640	1.95796
5641	1.95253
5642	1.94718
5643	1.94192
5644	1.93674
5645	1.93164
5646	1.92664
5647	1.92173
5648	1.91691
5649	1.91219
5650	1.90756
5651	1.90303
5652	1.89861
5653	1.89428
5654	1.89006
5655	1.88594
5656	1.88193
5657	1.87803
5658	1.87424
5659	1.87055
5660	1.86698
5661	1.86352
5662	1.86017
5663	1.85693
5664	1.85381
5665	1.85081
5666	1.84791
5667	1.84514
5668	1.84248
5669	1.83993
5670	1.83751
5671	1.8352
5672	1.833
5673	1.83093
5674	1.82897
5675	1.82713
5676	1.8254
5677	1.82379
5678	1.8223
5679	1.82092
5680	1.81966
5681	1.81851
5682	1.81748
5683	1.81656
5684	1.81576
5685	1.81506
5686	1.81448
5687	1.814
5688	1.81364
5689	1.81339
5690	1.81324
5691	1.8132
5692	1.81326
5693	1.81343
5694	1.8137
5695	1.81408
5696	1.81455
5697	1.81512
5698	1.81579
5699	1.81656
5700	1.81741
5701	1.81837
5702	1.81941
5703	1.82055
5704	1.82177
5705	1.82308
5706	1.82447
5707	1.82595
5708	1.82751
5709	1.82914
5710	1.83086
5711	1.83265
5712	1.83452
5713	1.83646
5714	1.83847
5715	1.84055
5716	1.84269
5717	1.8449
5718	1.84717
5719	1.84951
5720	1.8519
5721	1.85435
5722	1.85686
5723	1.85942
5724	1.86203
5725	1.86469
5726	1.8674
5727	1.87015
5728	1.87295
5729	1.87579
5730	1.87867
5731	1.88158
5732	1.88453
5733	1.88752
5734	1.89054
5735	1.89359
5736	1.89667
5737	1.89977
5738	1.9029
5739	1.90605
5740	1.90922
5741	1.91241
5742	1.91562
5743	1.91884
5744	1.92208
5745	1.92533
5746	1.92859
5747	1.93186
5748	1.93513
5749	1.93841
5750	1.94169
5751	1.94498
5752	1.94827
5753	1.95155
5754	1.95483
5755	1.95811
5756	1.96138
5757	1.96464
5758	1.9679
5759	1.97114
5760	1.97437
5761	1.97759
5762	1.9808
5763	1.98398
5764	1.98716
5765	1.99031
5766	1.99344
5767	1.99656
5768	1.99965
5769	2.00272
5770	2.00576
5771	2.00878
5772	2.01177
5773	2.01474
5774	2.01767
5775	2.02058
5776	2.02346
5777	2.0263
5778	2.02912
5779	2.0319
5780	2.03464
5781	2.03736
5782	2.04003
5783	2.04268
5784	2.04528
5785	2.04785
5786	2.05038
5787	2.05287
5788	2.05532
5789	2.05773
5790	2.06011
5791	2.06244
5792	2.06473
5793	2.06698
5794	2.06919
5795	2.07135
5796	2.07347
5797	2.07555
5798	2.07759
5799	2.07959
5800	2.08154
5801	2.08344
5802	2.08531
5803	2.08713
5804	2.0889
5805	2.09064
5806	2.09232
5807	2.09397
5808	2.09557
5809	2.09712
5810	2.09863
5811	2.1001
5812	2.10153
5813	2.10291
5814	2.10424
5815	2.10554
5816	2.10679
5817	2.108
5818	2.10916
5819	2.11029
5820	2.11137
5821	2.11241
5822	2.11341
5823	2.11437
5824	2.11528
5825	2.11616
5826	2.117
5827	2.1178
5828	2.11856
5829	2.11928
5830	2.11996
5831	2.12061
5832	2.12122
5833	2.12179
5834	2.12233
5835	2.12284
5836	2.1233
5837	2.12374
5838	2.12414
5839	2.12451
5840	2.12485
5841	2.12515
5842	2.12542
5843	2.12567
5844	2.12588
5845	2.12607
5846	2.12623
5847	2.12636
5848	2.12646
5849	2.12654
5850	2.12659
5851	2.12662
5852	2.12662
5853	2.1266
5854	2.12656
5855	2.12649
5856	2.12641
5857	2.1263
5858	2.12617
5859	2.12603
5860	2.12587
5861	2.12569
5862	2.12549
5863	2.12527
5864	2.12505
5865	2.1248
5866	2.12454
5867	2.12427
5868	2.12399
5869	2.12369
5870	2.12339
5871	2.12307
5872	2.12274
5873	2.12241
5874	2.12206
5875	2.12171
5876	2.12135
5877	2.12098
5878	2.12061
5879	2.12023
5880	2.11985
5881	2.11946
5882	2.11907
5883	2.11867
5884	2.11828
5885	2.11788
5886	2.11748
5887	2.11708
5888	2.11668
5889	2.11628
5890	2.11588
5891	2.11548
5892	2.11508
5893	2.11469
5894	2.11429
5895	2.1139
5896	2.11352
5897	2.11313
5898	2.11276
5899	2.11238
5900	2.11201
5901	2.11165
5902	2.11129
5903	2.11094
5904	2.11059
5905	2.11026
5906	2.10992
5907	2.1096
5908	2.10928
5909	2.10897
5910	2.10867
5911	2.10838
5912	2.10809
5913	2.10781
5914	2.10754
5915	2.10728
5916	2.10703
5917	2.10679
5918	2.10656
5919	2.10634
5920	2.10612
5921	2.10592
5922	2.10573
5923	2.10554
5924	2.10537
5925	2.1052
5926	2.10505
5927	2.1049
5928	2.10477
5929	2.10464
5930	2.10453
5931	2.10442
5932	2.10433
5933	2.10424
5934	2.10417
5935	2.1041
5936	2.10405
5937	2.104
5938	2.10396
5939	2.10393
5940	2.10392
5941	2.10391
5942	2.10391
5943	2.10391
5944	2.10393
5945	2.10396
5946	2.10399
5947	2.10404
5948	2.10409
5949	2.10415
5950	2.10422
5951	2.10429
5952	2.10438
5953	2.10447
5954	2.10457
5955	2.10467
5956	2.10478
5957	2.1049
5958	2.10503
5959	2.10516
5960	2.1053
5961	2.10544
5962	2.10559
5963	2.10575
5964	2.10591
5965	2.10608
5966	2.10625
5967	2.10642
5968	2.10661
5969	2.10679
5970	2.10698
5971	2.10717
5972	2.10737
5973	2.10757
5974	2.10777
5975	2.10798
5976	2.10819
5977	2.1084
5978	2.10862
5979	2.10883
5980	2.10905
5981	2.10928
5982	2.1095
5983	2.10972
5984	2.10995
5985	2.11018
5986	2.1104
5987	2.11063
5988	2.11086
5989	2.11109
5990	2.11132
5991	2.11155
5992	2.11178
5993	2.11201
5994	2.11224
5995	2.11247
5996	2.1127
5997	2.11293
5998	2.11316
5999	2.11338
6000	2.11361
6001	2.11383
6002	2.11405
6003	2.11427
6004	2.11449
6005	2.11471
6006	2.11492
6007	2.11513
6008	2.11534
6009	2.11555
6010	2.11575
6011	2.11596
6012	2.11616
6013	2.11635
6014	2.11655
6015	2.11674
6016	2.11693
6017	2.11711
6018	2.11729
6019	2.11747
6020	2.11765
6021	2.11782
6022	2.11799
6023	2.11816
6024	2.11832
6025	2.11848
6026	2.11863
6027	2.11878
6028	2.11893
6029	2.11907
6030	2.11921
6031	2.11935
6032	2.11948
6033	2.11961
6034	2.11974
6035	2.11986
6036	2.11997
6037	2.12009
6038	2.1202
6039	2.1203
6040	2.1204
6041	2.1205
6042	2.12059
6043	2.12068
6044	2.12077
6045	2.12085
6046	2.12093
6047	2.121
6048	2.12107
6049	2.12114
6050	2.1212
6051	2.12126
6052	2.12131
6053	2.12136
6054	2.12141
6055	2.12145
6056	2.12149
6057	2.12153
6058	2.12156
6059	2.12159
6060	2.12161
6061	2.12164
6062	2.12165
6063	2.12167
6064	2.12168
6065	2.12168
6066	2.12169
6067	2.12169
6068	2.12168
6069	2.12168
6070	2.12167
6071	2.12165
6072	2.12164
6073	2.12162
6074	2.12159
6075	2.12157
6076	2.12154
6077	2.12151
6078	2.12147
6079	2.12143
6080	2.12139
6081	2.12135
6082	2.1213
6083	2.12125
6084	2.1212
6085	2.12114
6086	2.12109
6087	2.12103
6088	2.12096
6089	2.1209
6090	2.12083
6091	2.12076
6092	2.12069
6093	2.12061
6094	2.12053
6095	2.12045
6096	2.12037
6097	2.12029
6098	2.1202
6099	2.12011
6100	2.12002
6101	2.11993
6102	2.11984
6103	2.11974
6104	2.11964
6105	2.11954
6106	2.11944
6107	2.11934
6108	2.11923
6109	2.11913
6110	2.11902
6111	2.11891
6112	2.1188
6113	2.11868
6114	2.11857
6115	2.11845
6116	2.11834
6117	2.11822
6118	2.1181
6119	2.11798
6120	2.11786
6121	2.11774
6122	2.11761
6123	2.11749
6124	2.11736
6125	2.11724
6126	2.11711
6127	2.11698
6128	2.11685
6129	2.11672
6130	2.11659
6131	2.11646
6132	2.11633
6133	2.1162
6134	2.11607
6135	2.11594
6136	2.1158
6137	2.11567
6138	2.11554
6139	2.11541
6140	2.11527
6141	2.11514
6142	2.115
6143	2.11487
6144	2.11474
6145	2.1146
6146	2.11447
6147	2.11434
6148	2.1142
6149	2.11407
6150	2.11394
6151	2.11381
6152	2.11367
6153	2.11354
6154	2.11341
6155	2.11328
6156	2.11315
6157	2.11302
6158	2.11289
6159	2.11276
6160	2.11264
6161	2.11251
6162	2.11239
6163	2.11226
6164	2.11214
6165	2.11201
6166	2.11189
6167	2.11177
6168	2.11165
6169	2.11153
6170	2.11141
6171	2.1113
6172	2.11118
6173	2.11107
6174	2.11095
6175	2.11084
6176	2.11073
6177	2.11062
6178	2.11051
6179	2.1104
6180	2.1103
6181	2.1102
6182	2.11009
6183	2.10999
6184	2.10989
6185	2.10979
6186	2.1097
6187	2.1096
6188	2.10951
6189	2.10941
6190	2.10932
6191	2.10924
6192	2.10915
6193	2.10906
6194	2.10898
6195	2.1089
6196	2.10881
6197	2.10873
6198	2.10866
6199	2.10858
6200	2.10851
6201	2.10843
6202	2.10836
6203	2.10829
6204	2.10823
6205	2.10816
6206	2.1081
6207	2.10803
6208	2.10797
6209	2.10791
6210	2.10785
6211	2.1078
6212	2.10774
6213	2.10769
6214	2.10764
6215	2.10759
6216	2.10754
6217	2.10749
6218	2.10745
6219	2.10741
6220	2.10736
6221	2.10732
6222	2.10728
6223	2.10725
6224	2.10721
6225	2.10718
6226	2.10714
6227	2.10711
6228	2.10708
6229	2.10705
6230	2.10702
6231	2.107
6232	2.10697
6233	2.10695
6234	2.10692
6235	2.1069
6236	2.10688
6237	2.10686
6238	2.10685
6239	2.10683
6240	2.10681
6241	2.1068
6242	2.10678
6243	2.10677
6244	2.10676
6245	2.10675
6246	2.10674
6247	2.10673
6248	2.10672
6249	2.10671
6250	2.10671
6251	2.1067
6252	2.10669
6253	2.10669
6254	2.10669
6255	2.10668
6256	2.10668
6257	2.10668
6258	2.10668
6259	2.10667
6260	2.10667
6261	2.10667
6262	2.10667
6263	2.10667
6264	2.10667
6265	2.10668
6266	2.10668
6267	2.10668
6268	2.10668
6269	2.10668
6270	2.10669
6271	2.10669
6272	2.10669
6273	2.10669
6274	2.1067
6275	2.1067
6276	2.1067
6277	2.10671
6278	2.10671
6279	2.10671
6280	2.10672
6281	2.10672
6282	2.10672
6283	2.10672
6284	2.10673
6285	2.10673
6286	2.10673
6287	2.10673
6288	2.10673
6289	2.10673
6290	2.10674
6291	2.10674
6292	2.10674
6293	2.10674
6294	2.10674
6295	2.10673
6296	2.10673
6297	2.10673
6298	2.10673
6299	2.10673
6300	2.10672
6301	2.10672
6302	2.10672
6303	2.10671
6304	2.10671
6305	2.1067
6306	2.1067
6307	2.10669
6308	2.10668
6309	2.10667
6310	2.10667
6311	2.10666
6312	2.10665
6313	2.10664
6314	2.10663
6315	2.10661
6316	2.1066
6317	2.10659
6318	2.10658
6319	2.10656
6320	2.10655
6321	2.10653
6322	2.10652
6323	2.1065
6324	2.10648
6325	2.10646
6326	2.10644
6327	2.10642
6328	2.1064
6329	2.10638
6330	2.10636
6331	2.10634
6332	2.10632
6333	2.10629
6334	2.10627
6335	2.10624
6336	2.10622
6337	2.10619
6338	2.10616
6339	2.10613
6340	2.1061
6341	2.10607
6342	2.10604
6343	2.10601
6344	2.10598
6345	2.10595
6346	2.10591
6347	2.10588
6348	2.10584
6349	2.10581
6350	2.10577
6351	2.10573
6352	2.10569
6353	2.10566
6354	2.10562
6355	2.10558
6356	2.10553
6357	2.10549
6358	2.10545
6359	2.10541
6360	2.10536
6361	2.10532
6362	2.10527
6363	2.10523
6364	2.10518
6365	2.10513
6366	2.10508
6367	2.10504
6368	2.10499
6369	2.10494
6370	2.10488
6371	2.10483
6372	2.10478
6373	2.10473
6374	2.10467
6375	2.10462
6376	2.10456
6377	2.10451
6378	2.10445
6379	2.10439
6380	2.10434
6381	2.10428
6382	2.10422
6383	2.10416
6384	2.1041
6385	2.10403
6386	2.10397
6387	2.10391
6388	2.10384
6389	2.10378
6390	2.10371
6391	2.10365
6392	2.10358
6393	2.10351
6394	2.10344
6395	2.10337
6396	2.1033
6397	2.10323
6398	2.10316
6399	2.10309
6400	2.10301
6401	2.10294
6402	2.10286
6403	2.10278
6404	2.10271
6405	2.10263
6406	2.10255
6407	2.10247
6408	2.10238
6409	2.1023
6410	2.10222
6411	2.10213
6412	2.10204
6413	2.10195
6414	2.10186
6415	2.10177
6416	2.10168
6417	2.10158
6418	2.10149
6419	2.10139
6420	2.10129
6421	2.10118
6422	2.10108
6423	2.10097
6424	2.10087
6425	2.10075
6426	2.10064
6427	2.10053
6428	2.10041
6429	2.10029
6430	2.10016
6431	2.10004
6432	2.09991
6433	2.09977
6434	2.09964
6435	2.0995
6436	2.09936
6437	2.09921
6438	2.09906
6439	2.0989
6440	2.09874
6441	2.09858
6442	2.09841
6443	2.09824
6444	2.09806
6445	2.09788
6446	2.09769
6447	2.09749
6448	2.09729
6449	2.09708
6450	2.09687
6451	2.09665
6452	2.09642
6453	2.09619
6454	2.09594
6455	2.09569
6456	2.09543
6457	2.09517
6458	2.09489
6459	2.0946
6460	2.09431
6461	2.094
6462	2.09369
6463	2.09336
6464	2.09303
6465	2.09268
6466	2.09232
6467	2.09195
6468	2.09156
6469	2.09116
6470	2.09075
6471	2.09032
6472	2.08988
6473	2.08943
6474	2.08896
6475	2.08847
6476	2.08797
6477	2.08745
6478	2.08691
6479	2.08636
6480	2.08578
6481	2.08519
6482	2.08458
6483	2.08394
6484	2.08329
6485	2.08261
6486	2.08192
6487	2.0812
6488	2.08045
6489	2.07969
6490	2.0789
6491	2.07808
6492	2.07724
6493	2.07637
6494	2.07547
6495	2.07455
6496	2.0736
6497	2.07262
6498	2.07161
6499	2.07057
6500	2.0695
6501	2.0684
6502	2.06727
6503	2.0661
6504	2.0649
6505	2.06367
6506	2.0624
6507	2.06109
6508	2.05975
6509	2.05838
6510	2.05696
6511	2.05551
6512	2.05402
6513	2.05249
6514	2.05092
6515	2.04931
6516	2.04766
6517	2.04596
6518	2.04423
6519	2.04245
6520	2.04063
6521	2.03876
6522	2.03685
6523	2.03489
6524	2.03289
6525	2.03085
6526	2.02875
6527	2.02662
6528	2.02443
6529	2.0222
6530	2.01991
6531	2.01758
6532	2.01521
6533	2.01278
6534	2.0103
6535	2.00778
6536	2.0052
6537	2.00258
6538	1.9999
6539	1.99718
6540	1.99441
6541	1.99158
6542	1.98871
6543	1.98579
6544	1.98282
6545	1.97979
6546	1.97672
6547	1.9736
6548	1.97043
6549	1.96721
6550	1.96395
6551	1.96063
6552	1.95727
6553	1.95386
6554	1.9504
6555	1.9469
6556	1.94335
6557	1.93976
6558	1.93613
6559	1.93245
6560	1.92873
6561	1.92496
6562	1.92116
6563	1.91732
6564	1.91344
6565	1.90952
6566	1.90556
6567	1.90157
6568	1.89755
6569	1.89349
6570	1.8894
6571	1.88529
6572	1.88114
6573	1.87697
6574	1.87277
6575	1.86855
6576	1.8643
6577	1.86004
6578	1.85576
6579	1.85146
6580	1.84715
6581	1.84282
6582	1.83848
6583	1.83414
6584	1.82978
6585	1.82543
6586	1.82107
6587	1.81671
6588	1.81235
6589	1.808
6590	1.80366
6591	1.79932
6592	1.795
6593	1.79069
6594	1.7864
6595	1.78213
6596	1.77788
6597	1.77365
6598	1.76946
6599	1.76529
6600	1.76116
6601	1.75706
6602	1.753
6603	1.74899
6604	1.74501
6605	1.74109
6606	1.73721
6607	1.73339
6608	1.72963
6609	1.72592
6610	1.72228
6611	1.7187
6612	1.71519
6613	1.71175
6614	1.70839
6615	1.7051
6616	1.70189
6617	1.69877
6618	1.69573
6619	1.69278
6620	1.68992
6621	1.68716
6622	1.6845
6623	1.68193
6624	1.67947
6625	1.67712
6626	1.67488
6627	1.67275
6628	1.67073
6629	1.66883
6630	1.66705
6631	1.6654
6632	1.66387
6633	1.66247
6634	1.6612
6635	1.66006
6636	1.65906
6637	1.6582
6638	1.65747
6639	1.65689
6640	1.65646
6641	1.65617
6642	1.65603
6643	1.65604
6644	1.6562
6645	1.65652
6646	1.65699
6647	1.65762
6648	1.65841
6649	1.65936
6650	1.66047
6651	1.66175
6652	1.66319
6653	1.6648
6654	1.66657
6655	1.66851
6656	1.67062
6657	1.6729
6658	1.67535
6659	1.67796
6660	1.68075
6661	1.68371
6662	1.68684
6663	1.69014
6664	1.69362
6665	1.69726
6666	1.70107
6667	1.70506
6668	1.70921
6669	1.71353
6670	1.71803
6671	1.72268
6672	1.72751
6673	1.7325
6674	1.73766
6675	1.74297
6676	1.74845
6677	1.75409
6678	1.75989
6679	1.76584
6680	1.77195
6681	1.77821
6682	1.78463
6683	1.79119
6684	1.79789
6685	1.80474
6686	1.81173
6687	1.81886
6688	1.82612
6689	1.83352
6690	1.84104
6691	1.8487
6692	1.85647
6693	1.86436
6694	1.87237
6695	1.8805
6696	1.88873
6697	1.89707
6698	1.90551
6699	1.91405
6700	1.92268
6701	1.9314
6702	1.94021
6703	1.9491
6704	1.95806
6705	1.9671
6706	1.97621
6707	1.98538
6708	1.99462
6709	2.0039
6710	2.01324
6711	2.02263
6712	2.03205
6713	2.04152
6714	2.05101
6715	2.06053
6716	2.07007
6717	2.07963
6718	2.08921
6719	2.09879
6720	2.10837
6721	2.11795
6722	2.12752
6723	2.13708
6724	2.14663
6725	2.15615
6726	2.16565
6727	2.17511
6728	2.18453
6729	2.19392
6730	2.20326
6731	2.21255
6732	2.22178
6733	2.23095
6734	2.24005
6735	2.24909
6736	2.25805
6737	2.26693
6738	2.27573
6739	2.28444
6740	2.29306
6741	2.30159
6742	2.31001
6743	2.31833
6744	2.32654
6745	2.33463
6746	2.34261
6747	2.35047
6748	2.35821
6749	2.36582
6750	2.3733
6751	2.38064
6752	2.38785
6753	2.39492
6754	2.40184
6755	2.40861
6756	2.41524
6757	2.42172
6758	2.42804
6759	2.4342
6760	2.4402
6761	2.44604
6762	2.45172
6763	2.45723
6764	2.46258
6765	2.46775
6766	2.47276
6767	2.47759
6768	2.48225
6769	2.48673
6770	2.49104
6771	2.49517
6772	2.49912
6773	2.5029
6774	2.50649
6775	2.50991
6776	2.51314
6777	2.5162
6778	2.51907
6779	2.52177
6780	2.52429
6781	2.52662
6782	2.52878
6783	2.53076
6784	2.53256
6785	2.53418
6786	2.53563
6787	2.5369
6788	2.538
6789	2.53893
6790	2.53968
6791	2.54027
6792	2.54068
6793	2.54093
6794	2.54102
6795	2.54094
6796	2.5407
6797	2.5403
6798	2.53975
6799	2.53904
6800	2.53818
6801	2.53716
6802	2.536
6803	2.5347
6804	2.53325
6805	2.53166
6806	2.52994
6807	2.52808
6808	2.52609
6809	2.52397
6810	2.52173
6811	2.51936
6812	2.51687
6813	2.51427
6814	2.51155
6815	2.50873
6816	2.5058
6817	2.50276
6818	2.49962
6819	2.49639
6820	2.49306
6821	2.48964
6822	2.48614
6823	2.48255
6824	2.47888
6825	2.47514
6826	2.47132
6827	2.46743
6828	2.46348
6829	2.45946
6830	2.45538
6831	2.45125
6832	2.44706
6833	2.44282
6834	2.43854
6835	2.43421
6836	2.42984
6837	2.42544
6838	2.421
6839	2.41654
6840	2.41204
6841	2.40752
6842	2.40299
6843	2.39843
6844	2.39386
6845	2.38928
6846	2.38469
6847	2.38009
6848	2.37549
6849	2.37089
6850	2.36629
6851	2.3617
6852	2.35712
6853	2.35254
6854	2.34798
6855	2.34344
6856	2.33891
6857	2.3344
6858	2.32992
6859	2.32546
6860	2.32103
6861	2.31663
6862	2.31225
6863	2.30792
6864	2.30361
6865	2.29935
6866	2.29512
6867	2.29093
6868	2.28679
6869	2.28269
6870	2.27864
6871	2.27463
6872	2.27067
6873	2.26676
6874	2.2629
6875	2.25909
6876	2.25534
6877	2.25164
6878	2.248
6879	2.24441
6880	2.24088
6881	2.23741
6882	2.23399
6883	2.23064
6884	2.22735
6885	2.22411
6886	2.22094
6887	2.21783
6888	2.21478
6889	2.21179
6890	2.20887
6891	2.20601
6892	2.20321
6893	2.20047
6894	2.1978
6895	2.19518
6896	2.19264
6897	2.19015
6898	2.18773
6899	2.18537
6900	2.18307
6901	2.18083
6902	2.17865
6903	2.17654
6904	2.17448
6905	2.17248
6906	2.17055
6907	2.16867
6908	2.16685
6909	2.16508
6910	2.16338
6911	2.16173
6912	2.16013
6913	2.15859
6914	2.1571
6915	2.15567
6916	2.15428
6917	2.15295
6918	2.15166
6919	2.15043
6920	2.14924
6921	2.1481
6922	2.14701
6923	2.14596
6924	2.14495
6925	2.14399
6926	2.14307
6927	2.14218
6928	2.14134
6929	2.14054
6930	2.13977
6931	2.13904
6932	2.13834
6933	2.13768
6934	2.13705
6935	2.13645
6936	2.13588
6937	2.13533
6938	2.13482
6939	2.13433
6940	2.13387
6941	2.13344
6942	2.13302
6943	2.13263
6944	2.13226
6945	2.13191
6946	2.13158
6947	2.13126
6948	2.13096
6949	2.13068
6950	2.13041
6951	2.13016
6952	2.12991
6953	2.12968
6954	2.12946
6955	2.12925
6956	2.12905
6957	2.12885
6958	2.12866
6959	2.12848
6960	2.1283
6961	2.12812
6962	2.12795
6963	2.12778
6964	2.12761
6965	2.12745
6966	2.12728
6967	2.12711
6968	2.12694
6969	2.12677
6970	2.1266
6971	2.12642
6972	2.12624
6973	2.12606
6974	2.12587
6975	2.12567
6976	2.12547
6977	2.12526
6978	2.12505
6979	2.12483
6980	2.1246
6981	2.12436
6982	2.12412
6983	2.12386
6984	2.1236
6985	2.12333
6986	2.12305
6987	2.12275
6988	2.12245
6989	2.12214
6990	2.12182
6991	2.12149
6992	2.12115
6993	2.12079
6994	2.12043
6995	2.12006
6996	2.11967
6997	2.11928
6998	2.11887
6999	2.11846
7000	2.11803
7001	2.11759
7002	2.11715
7003	2.11669
7004	2.11622
7005	2.11574
7006	2.11526
7007	2.11476
7008	2.11425
7009	2.11374
7010	2.11321
7011	2.11268
7012	2.11214
7013	2.11159
7014	2.11103
7015	2.11046
7016	2.10989
7017	2.10931
7018	2.10872
7019	2.10813
7020	2.10752
7021	2.10692
7022	2.10631
7023	2.10569
7024	2.10507
7025	2.10444
7026	2.10381
7027	2.10317
7028	2.10253
7029	2.10189
7030	2.10125
7031	2.1006
7032	2.09995
7033	2.0993
7034	2.09865
7035	2.098
7036	2.09734
7037	2.09669
7038	2.09604
7039	2.09538
7040	2.09473
7041	2.09408
7042	2.09343
7043	2.09278
7044	2.09214
7045	2.09149
7046	2.09085
7047	2.09022
7048	2.08958
7049	2.08895
7050	2.08833
7051	2.08771
7052	2.08709
7053	2.08649
7054	2.08588
7055	2.08528
7056	2.08469
7057	2.0841
7058	2.08353
7059	2.08295
7060	2.08239
7061	2.08183
7062	2.08128
7063	2.08074
7064	2.08021
7065	2.07968
7066	2.07916
7067	2.07866
7068	2.07816
7069	2.07767
7070	2.07719
7071	2.07672
7072	2.07626
7073	2.07581
7074	2.07537
7075	2.07494
7076	2.07452
7077	2.07411
7078	2.07371
7079	2.07332
7080	2.07294
7081	2.07258
7082	2.07222
7083	2.07188
7084	2.07155
7085	2.07122
7086	2.07091
7087	2.07061
7088	2.07033
7089	2.07005
7090	2.06979
7091	2.06953
7092	2.06929
7093	2.06906
7094	2.06884
7095	2.06863
7096	2.06844
7097	2.06825
7098	2.06808
7099	2.06792
7100	2.06777
7101	2.06763
7102	2.0675
7103	2.06738
7104	2.06728
7105	2.06718
7106	2.0671
7107	2.06702
7108	2.06696
7109	2.06691
7110	2.06687
7111	2.06684
7112	2.06682
7113	2.06681
7114	2.06681
7115	2.06682
7116	2.06684
7117	2.06686
7118	2.0669
7119	2.06695
7120	2.06701
7121	2.06708
7122	2.06715
7123	2.06724
7124	2.06733
7125	2.06743
7126	2.06754
7127	2.06766
7128	2.06779
7129	2.06792
7130	2.06806
7131	2.06821
7132	2.06837
7133	2.06853
7134	2.0687
7135	2.06888
7136	2.06906
7137	2.06925
7138	2.06945
7139	2.06965
7140	2.06986
7141	2.07008
7142	2.0703
7143	2.07052
7144	2.07075
7145	2.07099
7146	2.07122
7147	2.07147
7148	2.07172
7149	2.07197
7150	2.07223
7151	2.07249
7152	2.07275
7153	2.07302
7154	2.07329
7155	2.07356
7156	2.07383
7157	2.07411
7158	2.07439
7159	2.07467
7160	2.07496
7161	2.07525
7162	2.07553
7163	2.07582
7164	2.07611
7165	2.07641
7166	2.0767
7167	2.07699
7168	2.07728
7169	2.07758
7170	2.07787
7171	2.07817
7172	2.07846
7173	2.07875
7174	2.07905
7175	2.07934
7176	2.07963
7177	2.07992
7178	2.08021
7179	2.0805
7180	2.08079
7181	2.08107
7182	2.08135
7183	2.08164
7184	2.08192
7185	2.08219
7186	2.08247
7187	2.08274
7188	2.08301
7189	2.08328
7190	2.08354
7191	2.08381
7192	2.08406
7193	2.08432
7194	2.08457
7195	2.08482
7196	2.08507
7197	2.08531
7198	2.08555
7199	2.08578
7200	2.08601
7201	2.08624
7202	2.08647
7203	2.08668
7204	2.0869
7205	2.08711
7206	2.08732
7207	2.08752
7208	2.08772
7209	2.08791
7210	2.0881
7211	2.08829
7212	2.08847
7213	2.08864
7214	2.08881
7215	2.08898
7216	2.08914
7217	2.0893
7218	2.08945
7219	2.0896
7220	2.08974
7221	2.08988
7222	2.09001
7223	2.09014
7224	2.09026
7225	2.09038
7226	2.09049
7227	2.0906
7228	2.0907
7229	2.0908
7230	2.0909
7231	2.09099
7232	2.09107
7233	2.09115
7234	2.09123
7235	2.0913
7236	2.09136
7237	2.09142
7238	2.09148
7239	2.09153
7240	2.09158
7241	2.09162
7242	2.09166
7243	2.09169
7244	2.09172
7245	2.09174
7246	2.09177
7247	2.09178
7248	2.09179
7249	2.0918
7250	2.09181
7251	2.09181
7252	2.0918
7253	2.09179
7254	2.09178
7255	2.09177
7256	2.09175
7257	2.09172
7258	2.0917
7259	2.09167
7260	2.09163
7261	2.0916
7262	2.09156
7263	2.09151
7264	2.09147
7265	2.09142
7266	2.09137
7267	2.09131
7268	2.09125
7269	2.09119
7270	2.09113
7271	2.09106
7272	2.09099
7273	2.09092
7274	2.09085
7275	2.09077
7276	2.0907
7277	2.09062
7278	2.09053
7279	2.09045
7280	2.09036
7281	2.09028
7282	2.09019
7283	2.09009
7284	2.09
7285	2.08991
7286	2.08981
7287	2.08971
7288	2.08962
7289	2.08952
7290	2.08942
7291	2.08931
7292	2.08921
7293	2.08911
7294	2.089
7295	2.0889
7296	2.08879
7297	2.08868
7298	2.08858
7299	2.08847
7300	2.08836
7301	2.08825
7302	2.08814
7303	2.08803
7304	2.08792
7305	2.08782
7306	2.08771
7307	2.0876
7308	2.08749
7309	2.08738
7310	2.08727
7311	2.08716
7312	2.08705
7313	2.08694
7314	2.08684
7315	2.08673
7316	2.08662
7317	2.08651
7318	2.08641
7319	2.0863
7320	2.0862
7321	2.08609
7322	2.08599
7323	2.08589
7324	2.08579
7325	2.08569
7326	2.08559
7327	2.08549
7328	2.08539
7329	2.0853
7330	2.0852
7331	2.08511
7332	2.08501
7333	2.08492
7334	2.08483
7335	2.08474
7336	2.08465
7337	2.08456
7338	2.08448
7339	2.08439
7340	2.08431
7341	2.08423
7342	2.08414
7343	2.08407
7344	2.08399
7345	2.08391
7346	2.08383
7347	2.08376
7348	2.08369
7349	2.08362
7350	2.08355
7351	2.08348
7352	2.08341
7353	2.08335
7354	2.08329
7355	2.08322
7356	2.08316
7357	2.0831
7358	2.08305
7359	2.08299
7360	2.08294
7361	2.08288
7362	2.08283
7363	2.08278
7364	2.08273
7365	2.08269
7366	2.08264
7367	2.0826
7368	2.08256
7369	2.08252
7370	2.08248
7371	2.08244
7372	2.0824
7373	2.08237
7374	2.08234
7375	2.0823
7376	2.08227
7377	2.08225
7378	2.08222
7379	2.08219
7380	2.08217
7381	2.08215
7382	2.08212
7383	2.08211
7384	2.08209
7385	2.08207
7386	2.08205
7387	2.08204
7388	2.08203
7389	2.08202
7390	2.08201
7391	2.082
7392	2.08199
7393	2.08198
7394	2.08198
7395	2.08197
7396	2.08197
7397	2.08197
7398	2.08197
7399	2.08197
7400	2.08198
7401	2.08198
7402	2.08198
7403	2.08199
7404	2.082
7405	2.08201
7406	2.08202
7407	2.08203
7408	2.08204
7409	2.08205
7410	2.08207
7411	2.08208
7412	2.0821
7413	2.08212
7414	2.08213
7415	2.08215
7416	2.08217
7417	2.08219
7418	2.08222
7419	2.08224
7420	2.08226
7421	2.08229
7422	2.08231
7423	2.08234
7424	2.08237
7425	2.0824
7426	2.08243
7427	2.08246
7428	2.08249
7429	2.08252
7430	2.08255
7431	2.08258
7432	2.08262
7433	2.08265
7434	2.08269
7435	2.08272
7436	2.08276
7437	2.0828
7438	2.08284
7439	2.08288
7440	2.08291
7441	2.08295
7442	2.08299
7443	2.08304
7444	2.08308
7445	2.08312
7446	2.08316
7447	2.08321
7448	2.08325
7449	2.08329
7450	2.08334
7451	2.08338
7452	2.08343
7453	2.08347
7454	2.08352
7455	2.08357
7456	2.08361
7457	2.08366
7458	2.08371
7459	2.08375
7460	2.0838
7461	2.08385
7462	2.0839
7463	2.08395
7464	2.084
7465	2.08404
7466	2.08409
7467	2.08414
7468	2.08419
7469	2.08424
7470	2.08429
7471	2.08434
7472	2.08439
7473	2.08444
7474	2.08449
7475	2.08454
7476	2.08458
7477	2.08463
7478	2.08468
7479	2.08473
7480	2.08478
7481	2.08483
7482	2.08487
7483	2.08492
7484	2.08497
7485	2.08501
7486	2.08506
7487	2.08511
7488	2.08515
7489	2.0852
7490	2.08524
7491	2.08528
7492	2.08533
7493	2.08537
7494	2.08541
7495	2.08545
7496	2.08549
7497	2.08553
7498	2.08557
7499	2.08561
7500	2.08564
7501	2.08568
7502	2.08571
7503	2.08575
7504	2.08578
7505	2.08581
7506	2.08584
7507	2.08587
7508	2.0859
7509	2.08593
7510	2.08595
7511	2.08598
7512	2.086
7513	2.08602
7514	2.08604
7515	2.08606
7516	2.08608
7517	2.08609
7518	2.08611
7519	2.08612
7520	2.08613
7521	2.08614
7522	2.08615
7523	2.08615
7524	2.08616
7525	2.08616
7526	2.08616
7527	2.08615
7528	2.08615
7529	2.08615
7530	2.08614
7531	2.08613
7532	2.08612
7533	2.0861
7534	2.08609
7535	2.08607
7536	2.08605
7537	2.08603
7538	2.086
7539	2.08598
7540	2.08595
7541	2.08592
7542	2.08588
7543	2.08585
7544	2.08581
7545	2.08577
7546	2.08573
7547	2.08569
7548	2.08565
7549	2.0856
7550	2.08555
7551	2.0855
7552	2.08545
7553	2.08539
7554	2.08533
7555	2.08528
7556	2.08522
7557	2.08516
7558	2.08509
7559	2.08503
7560	2.08496
7561	2.0849
7562	2.08483
7563	2.08476
7564	2.08469
7565	2.08462
7566	2.08454
7567	2.08447
7568	2.0844
7569	2.08433
7570	2.08425
7571	2.08418
7572	2.0841
7573	2.08403
7574	2.08396
7575	2.08388
7576	2.08381
7577	2.08374
7578	2.08367
7579	2.0836
7580	2.08353
7581	2.08347
7582	2.08341
7583	2.08334
7584	2.08329
7585	2.08323
7586	2.08318
7587	2.08313
7588	2.08308
7589	2.08304
7590	2.083
7591	2.08297
7592	2.08294
7593	2.08291
7594	2.0829
7595	2.08288
7596	2.08288
7597	2.08288
7598	2.08288
7599	2.0829
7600	2.08292
7601	2.08295
7602	2.08299
7603	2.08303
7604	2.08309
7605	2.08315
7606	2.08323
7607	2.08331
7608	2.08341
7609	2.08352
7610	2.08364
7611	2.08377
7612	2.08391
7613	2.08407
7614	2.08424
7615	2.08442
7616	2.08462
7617	2.08484
7618	2.08507
7619	2.08531
7620	2.08557
7621	2.08585
7622	2.08615
7623	2.08646
7624	2.08679
7625	2.08714
7626	2.08751
7627	2.0879
7628	2.08831
7629	2.08874
7630	2.08919
7631	2.08966
7632	2.09016
7633	2.09068
7634	2.09122
7635	2.09178
7636	2.09237
7637	2.09299
7638	2.09363
7639	2.09429
7640	2.09498
7641	2.0957
7642	2.09644
7643	2.09721
7644	2.09801
7645	2.09883
7646	2.09969
7647	2.10057
7648	2.10148
7649	2.10242
7650	2.1034
7651	2.1044
7652	2.10543
7653	2.10649
7654	2.10758
7655	2.10871
7656	2.10986
7657	2.11105
7658	2.11227
7659	2.11352
7660	2.1148
7661	2.11612
7662	2.11747
7663	2.11885
7664	2.12026
7665	2.1217
7666	2.12318
7667	2.12469
7668	2.12624
7669	2.12781
7670	2.12942
7671	2.13106
7672	2.13273
7673	2.13444
7674	2.13617
7675	2.13794
7676	2.13974
7677	2.14157
7678	2.14343
7679	2.14532
7680	2.14724
7681	2.14919
7682	2.15117
7683	2.15318
7684	2.15522
7685	2.15728
7686	2.15937
7687	2.16149
7688	2.16363
7689	2.1658
7690	2.16799
7691	2.17021
7692	2.17245
7693	2.17471
7694	2.17699
7695	2.17929
7696	2.18161
7697	2.18395
7698	2.18631
7699	2.18868
7700	2.19107
7701	2.19347
7702	2.19589
7703	2.19832
7704	2.20076
7705	2.2032
7706	2.20566
7707	2.20813
7708	2.2106
7709	2.21307
7710	2.21555
7711	2.21803
7712	2.22051
7713	2.22298
7714	2.22546
7715	2.22793
7716	2.2304
7717	2.23286
7718	2.23531
7719	2.23775
7720	2.24018
7721	2.24259
7722	2.24499
7723	2.24738
7724	2.24974
7725	2.25209
7726	2.25441
7727	2.25671
7728	2.25899
7729	2.26124
7730	2.26346
7731	2.26565
7732	2.26781
7733	2.26994
7734	2.27203
7735	2.27408
7736	2.2761
7737	2.27807
7738	2.28
7739	2.28189
7740	2.28374
7741	2.28553
7742	2.28728
7743	2.28898
7744	2.29062
7745	2.29222
7746	2.29375
7747	2.29523
7748	2.29666
7749	2.29802
7750	2.29932
7751	2.30056
7752	2.30173
7753	2.30284
7754	2.30388
7755	2.30485
7756	2.30575
7757	2.30659
7758	2.30735
7759	2.30803
7760	2.30864
7761	2.30918
7762	2.30964
7763	2.31002
7764	2.31033
7765	2.31055
7766	2.31069
7767	2.31075
7768	2.31073
7769	2.31063
7770	2.31044
7771	2.31017
7772	2.30981
7773	2.30937
7774	2.30885
7775	2.30823
7776	2.30753
7777	2.30675
7778	2.30587
7779	2.30491
7780	2.30386
7781	2.30273
7782	2.3015
7783	2.30019
7784	2.2988
7785	2.29731
7786	2.29574
7787	2.29408
7788	2.29234
7789	2.29051
7790	2.2886
7791	2.2866
7792	2.28451
7793	2.28235
7794	2.2801
7795	2.27777
7796	2.27536
7797	2.27287
7798	2.2703
7799	2.26765
7800	2.26492
7801	2.26212
7802	2.25925
7803	2.2563
7804	2.25328
7805	2.25019
7806	2.24703
7807	2.2438
7808	2.2405
7809	2.23714
7810	2.23372
7811	2.23024
7812	2.22669
7813	2.22309
7814	2.21943
7815	2.21572
7816	2.21195
7817	2.20814
7818	2.20427
7819	2.20036
7820	2.1964
7821	2.1924
7822	2.18836
7823	2.18428
7824	2.18016
7825	2.17601
7826	2.17182
7827	2.1676
7828	2.16336
7829	2.15909
7830	2.15479
7831	2.15047
7832	2.14614
7833	2.14178
7834	2.13741
7835	2.13303
7836	2.12863
7837	2.12423
7838	2.11982
7839	2.11541
7840	2.11099
7841	2.10658
7842	2.10216
7843	2.09776
7844	2.09335
7845	2.08896
7846	2.08458
7847	2.08021
7848	2.07586
7849	2.07152
7850	2.06721
7851	2.06291
7852	2.05864
7853	2.05439
7854	2.05018
7855	2.04599
7856	2.04183
7857	2.03771
7858	2.03362
7859	2.02957
7860	2.02555
7861	2.02158
7862	2.01765
7863	2.01377
7864	2.00993
7865	2.00613
7866	2.00239
7867	1.99869
7868	1.99505
7869	1.99146
7870	1.98793
7871	1.98445
7872	1.98103
7873	1.97766
7874	1.97436
7875	1.97112
7876	1.96793
7877	1.96482
7878	1.96176
7879	1.95877
7880	1.95585
7881	1.95299
7882	1.9502
7883	1.94748
7884	1.94482
7885	1.94224
7886	1.93972
7887	1.93728
7888	1.93491
7889	1.93261
7890	1.93038
7891	1.92822
7892	1.92614
7893	1.92412
7894	1.92219
7895	1.92032
7896	1.91853
7897	1.91681
7898	1.91516
7899	1.91359
7900	1.91209
7901	1.91066
7902	1.9093
7903	1.90802
7904	1.90681
7905	1.90567
7906	1.9046
7907	1.9036
7908	1.90268
7909	1.90182
7910	1.90103
7911	1.90032
7912	1.89967
7913	1.89908
7914	1.89857
7915	1.89812
7916	1.89774
7917	1.89742
7918	1.89716
7919	1.89697
7920	1.89684
7921	1.89677
7922	1.89676
7923	1.89681
7924	1.89692
7925	1.89708
7926	1.8973
7927	1.89758
7928	1.89791
7929	1.89829
7930	1.89873
7931	1.89922
7932	1.89975
7933	1.90034
7934	1.90097
7935	1.90164
7936	1.90237
7937	1.90313
7938	1.90394
7939	1.90479
7940	1.90568
7941	1.90661
7942	1.90757
7943	1.90858
7944	1.90961
7945	1.91068
7946	1.91179
7947	1.91292
7948	1.91409
7949	1.91528
7950	1.9165
7951	1.91775
7952	1.91902
7953	1.92032
7954	1.92164
7955	1.92298
7956	1.92434
7957	1.92572
7958	1.92712
7959	1.92853
7960	1.92997
7961	1.93141
7962	1.93287
7963	1.93434
7964	1.93583
7965	1.93732
7966	1.93883
7967	1.94034
7968	1.94186
7969	1.94338
7970	1.94491
7971	1.94645
7972	1.94799
7973	1.94953
7974	1.95107
7975	1.95262
7976	1.95416
7977	1.9557
7978	1.95725
7979	1.95879
7980	1.96032
7981	1.96186
7982	1.96339
7983	1.96491
7984	1.96643
7985	1.96794
7986	1.96944
7987	1.97094
7988	1.97243
7989	1.97391
7990	1.97538
7991	1.97684
7992	1.97829
7993	1.97973
7994	1.98116
7995	1.98258
7996	1.98398
7997	1.98538
7998	1.98676
7999	1.98813
8000	1.98948
8001	1.99082
8002	1.99215
8003	1.99347
8004	1.99477
8005	1.99605
8006	1.99732
8007	1.99858
8008	1.99982
8009	2.00105
8010	2.00227
8011	2.00346
8012	2.00465
8013	2.00581
8014	2.00697
8015	2.00811
8016	2.00923
8017	2.01034
8018	2.01143
8019	2.01251
8020	2.01357
8021	2.01462
8022	2.01565
8023	2.01667
8024	2.01767
8025	2.01866
8026	2.01963
8027	2.02059
8028	2.02154
8029	2.02247
8030	2.02339
8031	2.02429
8032	2.02519
8033	2.02606
8034	2.02693
8035	2.02778
8036	2.02862
8037	2.02945
8038	2.03026
8039	2.03107
8040	2.03186
8041	2.03264
8042	2.03341
8043	2.03416
8044	2.03491
8045	2.03564
8046	2.03637
8047	2.03708
8048	2.03779
8049	2.03849
8050	2.03917
8051	2.03985
8052	2.04052
8053	2.04117
8054	2.04182
8055	2.04247
8056	2.0431
8057	2.04373
8058	2.04434
8059	2.04496
8060	2.04556
8061	2.04616
8062	2.04675
8063	2.04733
8064	2.04791
8065	2.04848
8066	2.04904
8067	2.0496
8068	2.05015
8069	2.0507
8070	2.05124
8071	2.05178
8072	2.05232
8073	2.05284
8074	2.05337
8075	2.05389
8076	2.0544
8077	2.05491
8078	2.05542
8079	2.05592
8080	2.05642
8081	2.05692
8082	2.05741
8083	2.0579
8084	2.05838
8085	2.05886
8086	2.05934
8087	2.05982
8088	2.06029
8089	2.06076
8090	2.06123
8091	2.06169
8092	2.06215
8093	2.06261
8094	2.06307
8095	2.06352
8096	2.06397
8097	2.06442
8098	2.06486
8099	2.06531
8100	2.06575
8101	2.06619
8102	2.06662
8103	2.06706
8104	2.06749
8105	2.06792
8106	2.06834
8107	2.06877
8108	2.06919
8109	2.06961
8110	2.07002
8111	2.07044
8112	2.07085
8113	2.07125
8114	2.07166
8115	2.07206
8116	2.07246
8117	2.07286
8118	2.07325
8119	2.07365
8120	2.07403
8121	2.07442
8122	2.0748
8123	2.07518
8124	2.07556
8125	2.07593
8126	2.0763
8127	2.07667
8128	2.07703
8129	2.07739
8130	2.07774
8131	2.07809
8132	2.07844
8133	2.07879
8134	2.07913
8135	2.07946
8136	2.0798
8137	2.08012
8138	2.08045
8139	2.08077
8140	2.08108
8141	2.0814
8142	2.0817
8143	2.08201
8144	2.0823
8145	2.0826
8146	2.08289
8147	2.08317
8148	2.08345
8149	2.08373
8150	2.08399
8151	2.08426
8152	2.08452
8153	2.08477
8154	2.08502
8155	2.08527
8156	2.08551
8157	2.08574
8158	2.08597
8159	2.08619
8160	2.08641
8161	2.08663
8162	2.08683
8163	2.08704
8164	2.08723
8165	2.08742
8166	2.08761
8167	2.08779
8168	2.08796
8169	2.08813
8170	2.0883
8171	2.08846
8172	2.08861
8173	2.08875
8174	2.0889
8175	2.08903
8176	2.08916
8177	2.08929
8178	2.0894
8179	2.08952
8180	2.08963
8181	2.08973
8182	2.08982
8183	2.08992
8184	2.09
8185	2.09008
8186	2.09016
8187	2.09023
8188	2.09029
8189	2.09035
8190	2.0904
8191	2.09045
8192	2.09049
8193	2.09053
8194	2.09057
8195	2.09059
8196	2.09062
8197	2.09063
8198	2.09065
8199	2.09065
8200	2.09066
8201	2.09066
8202	2.09065
8203	2.09064
8204	2.09062
8205	2.09061
8206	2.09058
8207	2.09055
8208	2.09052
8209	2.09048
8210	2.09044
8211	2.0904
8212	2.09035
8213	2.0903
8214	2.09024
8215	2.09018
8216	2.09012
8217	2.09005
8218	2.08998
8219	2.0899
8220	2.08983
8221	2.08974
8222	2.08966
8223	2.08957
8224	2.08948
8225	2.08939
8226	2.0893
8227	2.0892
8228	2.0891
8229	2.08899
8230	2.08889
8231	2.08878
8232	2.08867
8233	2.08856
8234	2.08844
8235	2.08833
8236	2.08821
8237	2.08809
8238	2.08797
8239	2.08784
8240	2.08772
8241	2.08759
8242	2.08746
8243	2.08733
8244	2.0872
8245	2.08707
8246	2.08694
8247	2.08681
8248	2.08667
8249	2.08654
8250	2.0864
8251	2.08627
8252	2.08613
8253	2.08599
8254	2.08586
8255	2.08572
8256	2.08558
8257	2.08544
8258	2.0853
8259	2.08517
8260	2.08503
8261	2.08489
8262	2.08475
8263	2.08461
8264	2.08448
8265	2.08434
8266	2.0842
8267	2.08407
8268	2.08393
8269	2.0838
8270	2.08366
8271	2.08353
8272	2.0834
8273	2.08327
8274	2.08314
8275	2.08301
8276	2.08288
8277	2.08275
8278	2.08263
8279	2.0825
8280	2.08238
8281	2.08225
8282	2.08213
8283	2.08201
8284	2.08189
8285	2.08178
8286	2.08166
8287	2.08155
8288	2.08143
8289	2.08132
8290	2.08121
8291	2.08111
8292	2.081
8293	2.08089
8294	2.08079
8295	2.08069
8296	2.08059
8297	2.08049
8298	2.0804
8299	2.0803
8300	2.08021
8301	2.08012
8302	2.08003
8303	2.07994
8304	2.07986
8305	2.07977
8306	2.07969
8307	2.07961
8308	2.07954
8309	2.07946
8310	2.07939
8311	2.07931
8312	2.07924
8313	2.07918
8314	2.07911
8315	2.07905
8316	2.07898
8317	2.07892
8318	2.07886
8319	2.07881
8320	2.07875
8321	2.0787
8322	2.07865
8323	2.0786
8324	2.07855
8325	2.07851
8326	2.07846
8327	2.07842
8328	2.07838
8329	2.07834
8330	2.0783
8331	2.07827
8332	2.07824
8333	2.07821
8334	2.07818
8335	2.07815
8336	2.07812
8337	2.0781
8338	2.07807
8339	2.07805
8340	2.07803
8341	2.07802
8342	2.078
8343	2.07798
8344	2.07797
8345	2.07796
8346	2.07795
8347	2.07794
8348	2.07793
8349	2.07793
8350	2.07792
8351	2.07792
8352	2.07792
8353	2.07792
8354	2.07792
8355	2.07792
8356	2.07792
8357	2.07793
8358	2.07793
8359	2.07794
8360	2.07795
8361	2.07796
8362	2.07797
8363	2.07798
8364	2.078
8365	2.07801
8366	2.07802
8367	2.07804
8368	2.07806
8369	2.07807
8370	2.07809
8371	2.07811
8372	2.07813
8373	2.07815
8374	2.07818
8375	2.0782
8376	2.07822
8377	2.07825
8378	2.07827
8379	2.0783
8380	2.07833
8381	2.07835
8382	2.07838
8383	2.07841
8384	2.07844
8385	2.07847
8386	2.0785
8387	2.07853
8388	2.07856
8389	2.07859
8390	2.07862
8391	2.07866
8392	2.07869
8393	2.07872
8394	2.07876
8395	2.07879
8396	2.07882
8397	2.07886
8398	2.07889
8399	2.07893
8400	2.07896
8401	2.079
8402	2.07904
8403	2.07907
8404	2.07911
8405	2.07914
8406	2.07918
8407	2.07922
8408	2.07925
8409	2.07929
8410	2.07933
8411	2.07936
8412	2.0794
8413	2.07943
8414	2.07947
8415	2.07951
8416	2.07954
8417	2.07958
8418	2.07961
8419	2.07965
8420	2.07969
8421	2.07972
8422	2.07976
8423	2.07979
8424	2.07983
8425	2.07986
8426	2.0799
8427	2.07993
8428	2.07996
8429	2.08
8430	2.08003
8431	2.08006
8432	2.0801
8433	2.08013
8434	2.08016
8435	2.08019
8436	2.08022
8437	2.08025
8438	2.08028
8439	2.08031
8440	2.08034
8441	2.08037
8442	2.0804
8443	2.08043
8444	2.08046
8445	2.08048
8446	2.08051
8447	2.08054
8448	2.08056
8449	2.08059
8450	2.08061
8451	2.08064
8452	2.08066
8453	2.08068
8454	2.08071
8455	2.08073
8456	2.08075
8457	2.08077
8458	2.08079
8459	2.08081
8460	2.08083
8461	2.08085
8462	2.08086
8463	2.08088
8464	2.0809
8465	2.08091
8466	2.08093
8467	2.08094
8468	2.08096
8469	2.08097
8470	2.08098
8471	2.081
8472	2.08101
8473	2.08102
8474	2.08103
8475	2.08104
8476	2.08105
8477	2.08106
8478	2.08106
8479	2.08107
8480	2.08108
8481	2.08108
8482	2.08109
8483	2.08109
8484	2.08109
8485	2.0811
8486	2.0811
8487	2.0811
8488	2.0811
8489	2.0811
8490	2.0811
8491	2.0811
8492	2.0811
8493	2.0811
8494	2.08109
8495	2.08109
8496	2.08108
8497	2.08108
8498	2.08107
8499	2.08107
8500	2.08106
8501	2.08105
8502	2.08104
8503	2.08103
8504	2.08102
8505	2.08101
8506	2.081
8507	2.08099
8508	2.08098
8509	2.08096
8510	2.08095
8511	2.08093
8512	2.08092
8513	2.0809
8514	2.08089
8515	2.08087
8516	2.08085
8517	2.08083
8518	2.08082
8519	2.0808
8520	2.08078
8521	2.08076
8522	2.08073
8523	2.08071
8524	2.08069
8525	2.08067
8526	2.08064
8527	2.08062
8528	2.08059
8529	2.08057
8530	2.08054
8531	2.08052
8532	2.08049
8533	2.08046
8534	2.08043
8535	2.08041
8536	2.08038
8537	2.08035
8538	2.08032
8539	2.08029
8540	2.08026
8541	2.08022
8542	2.08019
8543	2.08016
8544	2.08013
8545	2.08009
8546	2.08006
8547	2.08003
8548	2.07999
8549	2.07996
8550	2.07992
8551	2.07989
8552	2.07985
8553	2.07982
8554	2.07978
8555	2.07974
8556	2.0797
8557	2.07967
8558	2.07963
8559	2.07959
8560	2.07955
8561	2.07951
8562	2.07947
8563	2.07943
8564	2.0794
8565	2.07936
8566	2.07932
8567	2.07928
8568	2.07924
8569	2.07919
8570	2.07915
8571	2.07911
8572	2.07907
8573	2.07903
8574	2.07899
8575	2.07895
8576	2.07891
8577	2.07887
8578	2.07882
8579	2.07878
8580	2.07874
8581	2.0787
8582	2.07866
8583	2.07862
8584	2.07858
8585	2.07853
8586	2.07849
8587	2.07845
8588	2.07841
8589	2.07837
8590	2.07833
8591	2.07829
8592	2.07825
8593	2.07821
8594	2.07817
8595	2.07813
8596	2.07809
8597	2.07805
8598	2.07801
8599	2.07797
8600	2.07793
8601	2.07789
8602	2.07785
8603	2.07781
8604	2.07778
8605	2.07774
8606	2.0777
8607	2.07767
8608	2.07763
8609	2.07759
8610	2.07756
8611	2.07752
8612	2.07749
8613	2.07746
8614	2.07742
8615	2.07739
8616	2.07736
8617	2.07733
8618	2.0773
8619	2.07726
8620	2.07723
8621	2.07721
8622	2.07718
8623	2.07715
8624	2.07712
8625	2.07709
8626	2.07707
8627	2.07704
8628	2.07701
8629	2.07699
8630	2.07697
8631	2.07694
8632	2.07692
8633	2.0769
8634	2.07687
8635	2.07685
8636	2.07683
8637	2.07681
8638	2.07679
8639	2.07677
8640	2.07675
8641	2.07674
8642	2.07672
8643	2.0767
8644	2.07668
8645	2.07667
8646	2.07665
8647	2.07664
8648	2.07662
8649	2.07661
8650	2.07659
8651	2.07658
8652	2.07656
8653	2.07655
8654	2.07654
8655	2.07652
8656	2.07651
8657	2.0765
8658	2.07648
8659	2.07647
8660	2.07645
8661	2.07644
8662	2.07642
8663	2.07641
8664	2.07639
8665	2.07638
8666	2.07636
8667	2.07634
8668	2.07633
8669	2.07631
8670	2.07629
8671	2.07626
8672	2.07624
8673	2.07622
8674	2.07619
8675	2.07617
8676	2.07614
8677	2.07611
8678	2.07608
8679	2.07604
8680	2.07601
8681	2.07597
8682	2.07593
8683	2.07589
8684	2.07584
8685	2.07579
8686	2.07574
8687	2.07568
8688	2.07563
8689	2.07556
8690	2.0755
8691	2.07543
8692	2.07536
8693	2.07528
8694	2.0752
8695	2.07511
8696	2.07502
8697	2.07492
8698	2.07482
8699	2.07471
8700	2.0746
8701	2.07448
8702	2.07435
8703	2.07422
8704	2.07408
8705	2.07394
8706	2.07379
8707	2.07363
8708	2.07346
8709	2.07329
8710	2.0731
8711	2.07291
8712	2.07271
8713	2.07251
8714	2.07229
8715	2.07206
8716	2.07183
8717	2.07158
8718	2.07132
8719	2.07106
8720	2.07078
8721	2.07049
8722	2.07019
8723	2.06988
8724	2.06956
8725	2.06922
8726	2.06888
8727	2.06852
8728	2.06814
8729	2.06776
8730	2.06736
8731	2.06695
8732	2.06652
8733	2.06608
8734	2.06562
8735	2.06515
8736	2.06467
8737	2.06417
8738	2.06365
8739	2.06312
8740	2.06257
8741	2.062
8742	2.06142
8743	2.06083
8744	2.06021
8745	2.05958
8746	2.05893
8747	2.05826
8748	2.05758
8749	2.05687
8750	2.05615
8751	2.05541
8752	2.05465
8753	2.05388
8754	2.05308
8755	2.05227
8756	2.05143
8757	2.05058
8758	2.0497
8759	2.04881
8760	2.0479
8761	2.04697
8762	2.04601
8763	2.04504
8764	2.04405
8765	2.04304
8766	2.042
8767	2.04095
8768	2.03988
8769	2.03878
8770	2.03767
8771	2.03654
8772	2.03539
8773	2.03421
8774	2.03302
8775	2.03181
8776	2.03058
8777	2.02933
8778	2.02806
8779	2.02677
8780	2.02546
8781	2.02413
8782	2.02278
8783	2.02142
8784	2.02004
8785	2.01864
8786	2.01722
8787	2.01579
8788	2.01434
8789	2.01287
8790	2.01139
8791	2.00989
8792	2.00837
8793	2.00684
8794	2.0053
8795	2.00374
8796	2.00217
8797	2.00058
8798	1.99899
8799	1.99738
8800	1.99576
8801	1.99412
8802	1.99248
8803	1.99083
8804	1.98917
8805	1.9875
8806	1.98583
8807	1.98414
8808	1.98245
8809	1.98076
8810	1.97906
8811	1.97735
8812	1.97564
8813	1.97393
8814	1.97222
8815	1.97051
8816	1.96879
8817	1.96708
8818	1.96537
8819	1.96366
8820	1.96195
8821	1.96025
8822	1.95856
8823	1.95687
8824	1.95518
8825	1.9535
8826	1.95184
8827	1.95018
8828	1.94853
8829	1.9469
8830	1.94527
8831	1.94366
8832	1.94207
8833	1.94049
8834	1.93893
8835	1.93738
8836	1.93585
8837	1.93435
8838	1.93286
8839	1.9314
8840	1.92995
8841	1.92853
8842	1.92714
8843	1.92577
8844	1.92443
8845	1.92311
8846	1.92183
8847	1.92057
8848	1.91935
8849	1.91815
8850	1.91699
8851	1.91586
8852	1.91477
8853	1.91371
8854	1.91269
8855	1.9117
8856	1.91075
8857	1.90985
8858	1.90898
8859	1.90815
8860	1.90736
8861	1.90662
8862	1.90592
8863	1.90526
8864	1.90465
8865	1.90408
8866	1.90356
8867	1.90309
8868	1.90266
8869	1.90229
8870	1.90196
8871	1.90168
8872	1.90145
8873	1.90127
8874	1.90114
8875	1.90107
8876	1.90104
8877	1.90107
8878	1.90116
8879	1.90129
8880	1.90148
8881	1.90172
8882	1.90202
8883	1.90238
8884	1.90279
8885	1.90325
8886	1.90377
8887	1.90434
8888	1.90497
8889	1.90566
8890	1.9064
8891	1.9072
8892	1.90806
8893	1.90897
8894	1.90993
8895	1.91096
8896	1.91203
8897	1.91317
8898	1.91436
8899	1.9156
8900	1.9169
8901	1.91825
8902	1.91966
8903	1.92112
8904	1.92264
8905	1.92421
8906	1.92583
8907	1.9275
8908	1.92923
8909	1.931
8910	1.93283
8911	1.93471
8912	1.93663
8913	1.93861
8914	1.94063
8915	1.9427
8916	1.94482
8917	1.94698
8918	1.94919
8919	1.95144
8920	1.95373
8921	1.95607
8922	1.95845
8923	1.96086
8924	1.96332
8925	1.96582
8926	1.96836
8927	1.97093
8928	1.97353
8929	1.97617
8930	1.97885
8931	1.98156
8932	1.9843
8933	1.98706
8934	1.98986
8935	1.99269
8936	1.99554
8937	1.99842
8938	2.00132
8939	2.00424
8940	2.00719
8941	2.01016
8942	2.01315
8943	2.01615
8944	2.01917
8945	2.02221
8946	2.02526
8947	2.02833
8948	2.0314
8949	2.03449
8950	2.03759
8951	2.04069
8952	2.0438
8953	2.04692
8954	2.05004
8955	2.05316
8956	2.05629
8957	2.05941
8958	2.06254
8959	2.06566
8960	2.06878
8961	2.07189
8962	2.075
8963	2.0781
8964	2.08119
8965	2.08428
8966	2.08735
8967	2.09041
8968	2.09346
8969	2.09649
8970	2.09951
8971	2.10251
8972	2.10549
8973	2.10845
8974	2.1114
8975	2.11432
8976	2.11722
8977	2.1201
8978	2.12295
8979	2.12578
8980	2.12859
8981	2.13136
8982	2.13411
8983	2.13683
8984	2.13952
8985	2.14218
8986	2.14481
8987	2.1474
8988	2.14997
8989	2.1525
8990	2.15499
8991	2.15745
8992	2.15987
8993	2.16226
8994	2.16461
8995	2.16692
8996	2.1692
8997	2.17143
8998	2.17362
8999	2.17578
9000	2.17789
9001	2.17997
9002	2.182
9003	2.18399
9004	2.18593
9005	2.18784
9006	2.1897
9007	2.19152
9008	2.19329
9009	2.19503
9010	2.19671
9011	2.19835
9012	2.19995
9013	2.20151
9014	2.20301
9015	2.20448
9016	2.2059
9017	2.20727
9018	2.2086
9019	2.20988
9020	2.21112
9021	2.21231
9022	2.21346
9023	2.21457
9024	2.21562
9025	2.21664
9026	2.21761
9027	2.21853
9028	2.21941
9029	2.22025
9030	2.22104
9031	2.22179
9032	2.2225
9033	2.22316
9034	2.22378
9035	2.22436
9036	2.22489
9037	2.22539
9038	2.22584
9039	2.22625
9040	2.22662
9041	2.22696
9042	2.22725
9043	2.2275
9044	2.22771
9045	2.22789
9046	2.22803
9047	2.22813
9048	2.22819
9049	2.22822
9050	2.22821
9051	2.22816
9052	2.22808
9053	2.22797
9054	2.22782
9055	2.22764
9056	2.22743
9057	2.22718
9058	2.22691
9059	2.2266
9060	2.22626
9061	2.2259
9062	2.2255
9063	2.22508
9064	2.22463
9065	2.22415
9066	2.22364
9067	2.22311
9068	2.22255
9069	2.22197
9070	2.22137
9071	2.22074
9072	2.22009
9073	2.21941
9074	2.21872
9075	2.218
9076	2.21727
9077	2.21651
9078	2.21574
9079	2.21494
9080	2.21413
9081	2.2133
9082	2.21246
9083	2.2116
9084	2.21072
9085	2.20983
9086	2.20892
9087	2.208
9088	2.20707
9089	2.20612
9090	2.20516
9091	2.20419
9092	2.20321
9093	2.20222
9094	2.20122
9095	2.20021
9096	2.19919
9097	2.19816
9098	2.19713
9099	2.19608
9100	2.19503
9101	2.19397
9102	2.19291
9103	2.19184
9104	2.19077
9105	2.18969
9106	2.18861
9107	2.18752
9108	2.18643
9109	2.18534
9110	2.18424
9111	2.18314
9112	2.18204
9113	2.18094
9114	2.17984
9115	2.17874
9116	2.17763
9117	2.17653
9118	2.17542
9119	2.17432
9120	2.17322
9121	2.17211
9122	2.17101
9123	2.16991
9124	2.16882
9125	2.16772
9126	2.16663
9127	2.16554
9128	2.16445
9129	2.16336
9130	2.16228
9131	2.1612
9132	2.16013
9133	2.15906
9134	2.15799
9135	2.15693
9136	2.15587
9137	2.15481
9138	2.15376
9139	2.15272
9140	2.15168
9141	2.15064
9142	2.14961
9143	2.14858
9144	2.14756
9145	2.14655
9146	2.14554
9147	2.14453
9148	2.14354
9149	2.14254
9150	2.14156
9151	2.14058
9152	2.1396
9153	2.13863
9154	2.13767
9155	2.13671
9156	2.13576
9157	2.13481
9158	2.13387
9159	2.13294
9160	2.13201
9161	2.13109
9162	2.13018
9163	2.12927
9164	2.12837
9165	2.12747
9166	2.12658
9167	2.1257
9168	2.12482
9169	2.12395
9170	2.12308
9171	2.12222
9172	2.12137
9173	2.12052
9174	2.11968
9175	2.11885
9176	2.11802
9177	2.1172
9178	2.11638
9179	2.11557
9180	2.11476
9181	2.11397
9182	2.11317
9183	2.11239
9184	2.11161
9185	2.11083
9186	2.11006
9187	2.1093
9188	2.10854
9189	2.10779
9190	2.10704
9191	2.1063
9192	2.10557
9193	2.10484
9194	2.10412
9195	2.1034
9196	2.10269
9197	2.10198
9198	2.10128
9199	2.10059
9200	2.0999
9201	2.09922
9202	2.09854
9203	2.09787
9204	2.0972
9205	2.09654
9206	2.09588
9207	2.09523
9208	2.09459
9209	2.09395
9210	2.09331
9211	2.09268
9212	2.09206
9213	2.09144
9214	2.09083
9215	2.09022
9216	2.08962
9217	2.08903
9218	2.08844
9219	2.08785
9220	2.08727
9221	2.0867
9222	2.08613
9223	2.08557
9224	2.08501
9225	2.08446
9226	2.08391
9227	2.08337
9228	2.08284
9229	2.08231
9230	2.08179
9231	2.08127
9232	2.08076
9233	2.08025
9234	2.07975
9235	2.07926
9236	2.07877
9237	2.07828
9238	2.07781
9239	2.07733
9240	2.07687
9241	2.07641
9242	2.07595
9243	2.07551
9244	2.07506
9245	2.07463
9246	2.0742
9247	2.07377
9248	2.07336
9249	2.07294
9250	2.07254
9251	2.07214
9252	2.07174
9253	2.07135
9254	2.07097
9255	2.0706
9256	2.07023
9257	2.06987
9258	2.06951
9259	2.06916
9260	2.06881
9261	2.06847
9262	2.06814
9263	2.06782
9264	2.0675
9265	2.06718
9266	2.06688
9267	2.06658
9268	2.06628
9269	2.06599
9270	2.06571
9271	2.06544
9272	2.06517
9273	2.0649
9274	2.06465
9275	2.0644
9276	2.06415
9277	2.06392
9278	2.06368
9279	2.06346
9280	2.06324
9281	2.06303
9282	2.06282
9283	2.06262
9284	2.06242
9285	2.06223
9286	2.06205
9287	2.06188
9288	2.0617
9289	2.06154
9290	2.06138
9291	2.06123
9292	2.06108
9293	2.06094
9294	2.06081
9295	2.06068
9296	2.06055
9297	2.06043
9298	2.06032
9299	2.06021
9300	2.06011
9301	2.06002
9302	2.05993
9303	2.05984
9304	2.05976
9305	2.05968
9306	2.05961
9307	2.05955
9308	2.05949
9309	2.05943
9310	2.05938
9311	2.05934
9312	2.0593
9313	2.05926
9314	2.05923
9315	2.0592
9316	2.05918
9317	2.05916
9318	2.05915
9319	2.05914
9320	2.05913
9321	2.05913
9322	2.05914
9323	2.05914
9324	2.05915
9325	2.05916
9326	2.05918
9327	2.0592
9328	2.05923
9329	2.05925
9330	2.05928
9331	2.05932
9332	2.05936
9333	2.0594
9334	2.05944
9335	2.05948
9336	2.05953
9337	2.05958
9338	2.05964
9339	2.05969
9340	2.05975
9341	2.05981
9342	2.05987
9343	2.05994
9344	2.06
9345	2.06007
9346	2.06014
9347	2.06022
9348	2.06029
9349	2.06036
9350	2.06044
9351	2.06052
9352	2.0606
9353	2.06068
9354	2.06076
9355	2.06084
9356	2.06093
9357	2.06101
9358	2.0611
9359	2.06118
9360	2.06127
9361	2.06136
9362	2.06144
9363	2.06153
9364	2.06162
9365	2.06171
9366	2.0618
9367	2.06189
9368	2.06198
9369	2.06206
9370	2.06215
9371	2.06224
9372	2.06233
9373	2.06242
9374	2.06251
9375	2.06259
9376	2.06268
9377	2.06277
9378	2.06285
9379	2.06294
9380	2.06302
9381	2.0631
9382	2.06319
9383	2.06327
9384	2.06335
9385	2.06343
9386	2.06351
9387	2.06359
9388	2.06366
9389	2.06374
9390	2.06381
9391	2.06389
9392	2.06396
9393	2.06403
9394	2.0641
9395	2.06417
9396	2.06423
9397	2.0643
9398	2.06436
9399	2.06443
9400	2.06449
9401	2.06455
9402	2.06461
9403	2.06466
9404	2.06472
9405	2.06477
9406	2.06482
9407	2.06488
9408	2.06492
9409	2.06497
9410	2.06502
9411	2.06506
9412	2.06511
9413	2.06515
9414	2.06519
9415	2.06522
9416	2.06526
9417	2.0653
9418	2.06533
9419	2.06536
9420	2.06539
9421	2.06542
9422	2.06545
9423	2.06547
9424	2.0655
9425	2.06552
9426	2.06554
9427	2.06556
9428	2.06558
9429	2.06559
9430	2.06561
9431	2.06562
9432	2.06563
9433	2.06565
9434	2.06565
9435	2.06566
9436	2.06567
9437	2.06567
9438	2.06568
9439	2.06568
9440	2.06568
9441	2.06568
9442	2.06568
9443	2.06568
9444	2.06568
9445	2.06567
9446	2.06567
9447	2.06566
9448	2.06565
9449	2.06565
9450	2.06564
9451	2.06563
9452	2.06562
9453	2.0656
9454	2.06559
9455	2.06558
9456	2.06556
9457	2.06555
9458	2.06553
9459	2.06551
9460	2.0655
9461	2.06548
9462	2.06546
9463	2.06544
9464	2.06542
9465	2.0654
9466	2.06538
9467	2.06536
9468	2.06534
9469	2.06531
9470	2.06529
9471	2.06527
9472	2.06525
9473	2.06522
9474	2.0652
9475	2.06518
9476	2.06515
9477	2.06513
9478	2.0651
9479	2.06508
9480	2.06505
9481	2.06503
9482	2.06501
9483	2.06498
9484	2.06496
9485	2.06493
9486	2.06491
9487	2.06488
9488	2.06486
9489	2.06484
9490	2.06481
9491	2.06479
9492	2.06477
9493	2.06474
9494	2.06472
9495	2.0647
9496	2.06468
9497	2.06465
9498	2.06463
9499	2.06461
9500	2.06459
9501	2.06457
9502	2.06455
9503	2.06453
9504	2.06451
9505	2.0645
9506	2.06448
9507	2.06446
9508	2.06445
9509	2.06443
9510	2.06441
9511	2.0644
9512	2.06438
9513	2.06437
9514	2.06436
9515	2.06434
9516	2.06433
9517	2.06432
9518	2.06431
9519	2.0643
9520	2.06429
9521	2.06428
9522	2.06427
9523	2.06427
9524	2.06426
9525	2.06425
9526	2.06425
9527	2.06424
9528	2.06424
9529	2.06423
9530	2.06423
9531	2.06423
9532	2.06423
9533	2.06423
9534	2.06423
9535	2.06423
9536	2.06423
9537	2.06423
9538	2.06423
9539	2.06424
9540	2.06424
9541	2.06425
9542	2.06425
9543	2.06426
9544	2.06426
9545	2.06427
9546	2.06428
9547	2.06429
9548	2.0643
9549	2.0643
9550	2.06432
9551	2.06433
9552	2.06434
9553	2.06435
9554	2.06436
9555	2.06438
9556	2.06439
9557	2.0644
9558	2.06442
9559	2.06443
9560	2.06445
9561	2.06447
9562	2.06448
9563	2.0645
9564	2.06452
9565	2.06454
9566	2.06455
9567	2.06457
9568	2.06459
9569	2.06461
9570	2.06463
9571	2.06465
9572	2.06467
9573	2.0647
9574	2.06472
9575	2.06474
9576	2.06476
9577	2.06479
9578	2.06481
9579	2.06483
9580	2.06486
9581	2.06488
9582	2.0649
9583	2.06493
9584	2.06495
9585	2.06498
9586	2.065
9587	2.06503
9588	2.06506
9589	2.06508
9590	2.06511
9591	2.06513
9592	2.06516
9593	2.06519
9594	2.06521
9595	2.06524
9596	2.06527
9597	2.06529
9598	2.06532
9599	2.06535
9600	2.06537
9601	2.0654
9602	2.06543
9603	2.06546
9604	2.06548
9605	2.06551
9606	2.06554
9607	2.06557
9608	2.06559
9609	2.06562
9610	2.06565
9611	2.06568
9612	2.0657
9613	2.06573
9614	2.06576
9615	2.06578
9616	2.06581
9617	2.06584
9618	2.06587
9619	2.06589
9620	2.06592
9621	2.06595
9622	2.06597
9623	2.066
9624	2.06603
9625	2.06605
9626	2.06608
9627	2.06611
9628	2.06613
9629	2.06616
9630	2.06618
9631	2.06621
9632	2.06624
9633	2.06626
9634	2.06629
9635	2.06631
9636	2.06634
9637	2.06636
9638	2.06639
9639	2.06641
9640	2.06644
9641	2.06646
9642	2.06649
9643	2.06651
9644	2.06654
9645	2.06656
9646	2.06659
9647	2.06661
9648	2.06664
9649	2.06666
9650	2.06668
9651	2.06671
9652	2.06673
9653	2.06676
9654	2.06678
9655	2.0668
9656	2.06683
9657	2.06685
9658	2.06687
9659	2.0669
9660	2.06692
9661	2.06694
9662	2.06697
9663	2.06699
9664	2.06701
9665	2.06704
9666	2.06706
9667	2.06709
9668	2.06711
9669	2.06713
9670	2.06716
9671	2.06718
9672	2.0672
9673	2.06723
9674	2.06725
9675	2.06728
9676	2.0673
9677	2.06733
9678	2.06735
9679	2.06737
9680	2.0674
9681	2.06742
9682	2.06745
9683	2.06748
9684	2.0675
9685	2.06753
9686	2.06755
9687	2.06758
9688	2.06761
9689	2.06763
9690	2.06766
9691	2.06769
9692	2.06772
9693	2.06775
9694	2.06778
9695	2.06781
9696	2.06784
9697	2.06787
9698	2.0679
9699	2.06793
9700	2.06796
9701	2.068
9702	2.06803
9703	2.06806
9704	2.0681
9705	2.06813
9706	2.06817
9707	2.06821
9708	2.06825
9709	2.06828
9710	2.06832
9711	2.06836
9712	2.06841
9713	2.06845
9714	2.06849
9715	2.06854
9716	2.06858
9717	2.06863
9718	2.06868
9719	2.06873
9720	2.06878
9721	2.06883
9722	2.06888
9723	2.06894
9724	2.06899
9725	2.06905
9726	2.06911
9727	2.06917
9728	2.06923
9729	2.0693
9730	2.06936
9731	2.06943
9732	2.0695
9733	2.06957
9734	2.06965
9735	2.06972
9736	2.0698
9737	2.06988
9738	2.06997
9739	2.07005
9740	2.07014
9741	2.07023
9742	2.07032
9743	2.07042
9744	2.07052
9745	2.07062
9746	2.07073
9747	2.07083
9748	2.07095
9749	2.07106
9750	2.07118
9751	2.0713
9752	2.07143
9753	2.07155
9754	2.07169
9755	2.07182
9756	2.07197
9757	2.07211
9758	2.07226
9759	2.07241
9760	2.07257
9761	2.07274
9762	2.0729
9763	2.07308
9764	2.07325
9765	2.07344
9766	2.07363
9767	2.07382
9768	2.07402
9769	2.07423
9770	2.07444
9771	2.07466
9772	2.07488
9773	2.07511
9774	2.07535
9775	2.07559
9776	2.07584
9777	2.0761
9778	2.07636
9779	2.07664
9780	2.07692
9781	2.07721
9782	2.0775
9783	2.07781
9784	2.07812
9785	2.07844
9786	2.07877
9787	2.07911
9788	2.07946
9789	2.07981
9790	2.08018
9791	2.08056
9792	2.08094
9793	2.08134
9794	2.08175
9795	2.08217
9796	2.08259
9797	2.08303
9798	2.08349
9799	2.08395
9800	2.08442
9801	2.08491
9802	2.08541
9803	2.08592
9804	2.08644
9805	2.08697
9806	2.08752
9807	2.08809
9808	2.08866
9809	2.08925
9810	2.08985
9811	2.09047
9812	2.0911
9813	2.09175
9814	2.09241
9815	2.09309
9816	2.09378
9817	2.09448
9818	2.09521
9819	2.09594
9820	2.0967
9821	2.09747
9822	2.09826
9823	2.09906
9824	2.09988
9825	2.10072
9826	2.10158
9827	2.10245
9828	2.10334
9829	2.10425
9830	2.10517
9831	2.10612
9832	2.10708
9833	2.10807
9834	2.10907
9835	2.11009
9836	2.11113
9837	2.11218
9838	2.11326
9839	2.11436
9840	2.11548
9841	2.11661
9842	2.11777
9843	2.11895
9844	2.12014
9845	2.12136
9846	2.1226
9847	2.12386
9848	2.12513
9849	2.12643
9850	2.12775
9851	2.12909
9852	2.13045
9853	2.13183
9854	2.13323
9855	2.13465
9856	2.1361
9857	2.13756
9858	2.13904
9859	2.14055
9860	2.14207
9861	2.14362
9862	2.14518
9863	2.14676
9864	2.14837
9865	2.14999
9866	2.15164
9867	2.1533
9868	2.15498
9869	2.15668
9870	2.15841
9871	2.16014
9872	2.1619
9873	2.16368
9874	2.16547
9875	2.16728
9876	2.16911
9877	2.17096
9878	2.17282
9879	2.1747
9880	2.1766
9881	2.17851
9882	2.18043
9883	2.18237
9884	2.18433
9885	2.1863
9886	2.18828
9887	2.19027
9888	2.19228
9889	2.1943
9890	2.19633
9891	2.19837
9892	2.20042
9893	2.20248
9894	2.20455
9895	2.20663
9896	2.20872
9897	2.21081
9898	2.21291
9899	2.21501
9900	2.21712
9901	2.21924
9902	2.22135
9903	2.22348
9904	2.2256
9905	2.22772
9906	2.22984
9907	2.23197
9908	2.23409
9909	2.23621
9910	2.23833
9911	2.24044
9912	2.24255
9913	2.24465
9914	2.24674
9915	2.24883
9916	2.25091
9917	2.25298
9918	2.25504
9919	2.25709
9920	2.25912
9921	2.26114
9922	2.26315
9923	2.26514
9924	2.26711
9925	2.26907
9926	2.27101
9927	2.27293
9928	2.27483
9929	2.2767
9930	2.27855
9931	2.28038
9932	2.28219
9933	2.28396
9934	2.28571
9935	2.28743
9936	2.28912
9937	2.29079
9938	2.29241
9939	2.29401
9940	2.29557
9941	2.2971
9942	2.29859
9943	2.30005
9944	2.30146
9945	2.30284
9946	2.30417
9947	2.30547
9948	2.30672
9949	2.30793
9950	2.30909
9951	2.31021
9952	2.31128
9953	2.31231
9954	2.31328
9955	2.31421
9956	2.31508
9957	2.31591
9958	2.31668
9959	2.31739
9960	2.31806
9961	2.31866
9962	2.31922
9963	2.31971
9964	2.32015
9965	2.32053
9966	2.32085
9967	2.32111
9968	2.32131
9969	2.32144
9970	2.32152
9971	2.32153
9972	2.32148
9973	2.32136
9974	2.32118
9975	2.32094
9976	2.32063
9977	2.32025
9978	2.3198
9979	2.31929
9980	2.31871
9981	2.31807
9982	2.31735
9983	2.31657
9984	2.31572
9985	2.3148
9986	2.31381
9987	2.31275
9988	2.31162
9989	2.31042
9990	2.30915
9991	2.30781
9992	2.3064
9993	2.30492
9994	2.30338
9995	2.30176
9996	2.30007
9997	2.29832
9998	2.29649
9999	2.2946
10000	2.29264
10001	2.2906
10002	2.28851
10003	2.28634
10004	2.28411
10005	2.28181
10006	2.27945
10007	2.27701
10008	2.27452
10009	2.27196
10010	2.26934
10011	2.26665
10012	2.2639
10013	2.2611
10014	2.25823
10015	2.2553
10016	2.25231
10017	2.24926
10018	2.24616
10019	2.243
10020	2.23978
10021	2.23651
10022	2.23319
10023	2.22982
10024	2.22639
10025	2.22292
10026	2.21939
10027	2.21582
10028	2.2122
10029	2.20854
10030	2.20483
10031	2.20109
10032	2.19729
10033	2.19346
10034	2.1896
10035	2.18569
10036	2.18175
10037	2.17777
10038	2.17376
10039	2.16972
10040	2.16565
10041	2.16155
10042	2.15742
10043	2.15327
10044	2.14909
10045	2.14489
10046	2.14067
10047	2.13643
10048	2.13217
10049	2.1279
10050	2.12361
10051	2.1193
10052	2.11499
10053	2.11066
10054	2.10632
10055	2.10198
10056	2.09763
10057	2.09328
10058	2.08893
10059	2.08457
10060	2.08022
10061	2.07586
10062	2.07151
10063	2.06717
10064	2.06283
10065	2.0585
10066	2.05418
10067	2.04987
10068	2.04558
10069	2.04129
10070	2.03703
10071	2.03278
10072	2.02855
10073	2.02434
10074	2.02015
10075	2.01598
10076	2.01184
10077	2.00772
10078	2.00363
10079	1.99956
10080	1.99553
10081	1.99152
10082	1.98755
10083	1.98361
10084	1.97971
10085	1.97584
10086	1.97201
10087	1.96821
10088	1.96445
10089	1.96074
10090	1.95706
10091	1.95342
10092	1.94983
10093	1.94628
10094	1.94278
10095	1.93932
10096	1.93591
10097	1.93255
10098	1.92923
10099	1.92596
10100	1.92274
10101	1.91957
10102	1.91646
10103	1.91339
10104	1.91038
10105	1.90742
10106	1.90451
10107	1.90166
10108	1.89886
10109	1.89612
10110	1.89343
10111	1.8908
10112	1.88823
10113	1.88571
10114	1.88325
10115	1.88084
10116	1.87849
10117	1.87621
10118	1.87397
10119	1.8718
10120	1.86969
10121	1.86763
10122	1.86563
10123	1.8637
10124	1.86182
10125	1.85999
10126	1.85823
10127	1.85653
10128	1.85488
10129	1.8533
10130	1.85177
10131	1.8503
10132	1.84888
10133	1.84753
10134	1.84623
10135	1.845
10136	1.84381
10137	1.84269
10138	1.84162
10139	1.84061
10140	1.83965
10141	1.83875
10142	1.83791
10143	1.83712
10144	1.83638
10145	1.8357
10146	1.83507
10147	1.8345
10148	1.83398
10149	1.83351
10150	1.83309
10151	1.83272
10152	1.8324
10153	1.83213
10154	1.83192
10155	1.83175
10156	1.83163
10157	1.83155
10158	1.83153
10159	1.83155
10160	1.83161
10161	1.83172
10162	1.83188
10163	1.83208
10164	1.83232
10165	1.8326
10166	1.83293
10167	1.8333
10168	1.8337
10169	1.83415
10170	1.83464
10171	1.83516
10172	1.83572
10173	1.83632
10174	1.83696
10175	1.83763
10176	1.83833
10177	1.83907
10178	1.83985
10179	1.84065
10180	1.84149
10181	1.84236
10182	1.84326
10183	1.84419
10184	1.84515
10185	1.84613
10186	1.84715
10187	1.84819
10188	1.84926
10189	1.85035
10190	1.85147
10191	1.85261
10192	1.85378
10193	1.85497
10194	1.85618
10195	1.85742
10196	1.85867
10197	1.85995
10198	1.86124
10199	1.86256
10200	1.86389
10201	1.86524
10202	1.86661
10203	1.86799
10204	1.86939
10205	1.87081
10206	1.87224
10207	1.87368
10208	1.87514
10209	1.87662
10210	1.8781
10211	1.8796
10212	1.88111
10213	1.88263
10214	1.88416
10215	1.8857
10216	1.88725
10217	1.88881
10218	1.89038
10219	1.89195
10220	1.89354
10221	1.89513
10222	1.89673
10223	1.89833
10224	1.89994
10225	1.90155
10226	1.90317
10227	1.9048
10228	1.90643
10229	1.90806
10230	1.9097
10231	1.91134
10232	1.91298
10233	1.91462
10234	1.91627
10235	1.91791
10236	1.91956
10237	1.92121
10238	1.92286
10239	1.92451
10240	1.92616
10241	1.92781
10242	1.92946
10243	1.93111
10244	1.93275
10245	1.9344
10246	1.93604
10247	1.93768
10248	1.93932
10249	1.94095
10250	1.94258
10251	1.94421
10252	1.94583
10253	1.94746
10254	1.94907
10255	1.95068
10256	1.95229
10257	1.95389
10258	1.95549
10259	1.95708
10260	1.95867
10261	1.96025
10262	1.96182
10263	1.96339
10264	1.96496
10265	1.96651
10266	1.96806
10267	1.9696
10268	1.97114
10269	1.97266
10270	1.97418
10271	1.97569
10272	1.9772
10273	1.97869
10274	1.98018
10275	1.98166
10276	1.98313
10277	1.98459
10278	1.98604
10279	1.98749
10280	1.98892
10281	1.99034
10282	1.99176
10283	1.99316
10284	1.99456
10285	1.99594
10286	1.99732
10287	1.99868
10288	2.00003
10289	2.00138
10290	2.00271
10291	2.00403
10292	2.00534
10293	2.00664
10294	2.00793
10295	2.0092
10296	2.01047
10297	2.01172
10298	2.01296
10299	2.01419
10300	2.01541
10301	2.01661
10302	2.0178
10303	2.01898
10304	2.02015
10305	2.02131
10306	2.02245
10307	2.02358
10308	2.0247
10309	2.0258
10310	2.02689
10311	2.02797
10312	2.02904
10313	2.03009
10314	2.03113
10315	2.03215
10316	2.03317
10317	2.03417
10318	2.03515
10319	2.03612
10320	2.03708
10321	2.03803
10322	2.03896
10323	2.03987
10324	2.04078
10325	2.04167
10326	2.04255
10327	2.04341
10328	2.04426
10329	2.04509
10330	2.04591
10331	2.04672
10332	2.04751
10333	2.04829
10334	2.04906
10335	2.04981
10336	2.05055
10337	2.05128
10338	2.05199
10339	2.05269
10340	2.05337
10341	2.05404
10342	2.0547
10343	2.05534
10344	2.05597
10345	2.05659
10346	2.05719
10347	2.05778
10348	2.05836
10349	2.05892
10350	2.05947
10351	2.06001
10352	2.06053
10353	2.06104
10354	2.06154
10355	2.06203
10356	2.0625
10357	2.06296
10358	2.06341
10359	2.06385
10360	2.06427
10361	2.06468
10362	2.06508
10363	2.06547
10364	2.06585
10365	2.06621
10366	2.06657
10367	2.06691
10368	2.06724
10369	2.06756
10370	2.06787
10371	2.06817
10372	2.06846
10373	2.06874
10374	2.069
10375	2.06926
10376	2.06951
10377	2.06975
10378	2.06997
10379	2.07019
10380	2.0704
10381	2.0706
10382	2.07079
10383	2.07097
10384	2.07115
10385	2.07131
10386	2.07147
10387	2.07162
10388	2.07176
10389	2.07189
10390	2.07202
10391	2.07213
10392	2.07224
10393	2.07235
10394	2.07244
10395	2.07253
10396	2.07262
10397	2.07269
10398	2.07276
10399	2.07283
10400	2.07288
10401	2.07294
10402	2.07298
10403	2.07303
10404	2.07306
10405	2.07309
10406	2.07312
10407	2.07314
10408	2.07316
10409	2.07317
10410	2.07318
10411	2.07319
10412	2.07319
10413	2.07319
10414	2.07318
10415	2.07317
10416	2.07316
10417	2.07314
10418	2.07312
10419	2.0731
10420	2.07308
10421	2.07305
10422	2.07302
10423	2.07299
10424	2.07296
10425	2.07293
10426	2.07289
10427	2.07285
10428	2.07281
10429	2.07277
10430	2.07273
10431	2.07268
10432	2.07264
10433	2.07259
10434	2.07255
10435	2.0725
10436	2.07245
10437	2.07241
10438	2.07236
10439	2.07231
10440	2.07226
10441	2.07221
10442	2.07216
10443	2.07211
10444	2.07206
10445	2.07202
10446	2.07197
10447	2.07192
10448	2.07187
10449	2.07182
10450	2.07178
10451	2.07173
10452	2.07169
10453	2.07164
10454	2.0716
10455	2.07156
10456	2.07151
10457	2.07147
10458	2.07143
10459	2.07139
10460	2.07136
10461	2.07132
10462	2.07128
10463	2.07125
10464	2.07121
10465	2.07118
10466	2.07115
10467	2.07112
10468	2.07109
10469	2.07106
10470	2.07104
10471	2.07101
10472	2.07099
10473	2.07096
10474	2.07094
10475	2.07092
10476	2.0709
10477	2.07088
10478	2.07087
10479	2.07085
10480	2.07084
10481	2.07082
10482	2.07081
10483	2.0708
10484	2.07079
10485	2.07078
10486	2.07077
10487	2.07077
10488	2.07076
10489	2.07075
10490	2.07075
10491	2.07075
10492	2.07075
10493	2.07074
10494	2.07074
10495	2.07074
10496	2.07075
10497	2.07075
10498	2.07075
10499	2.07075
10500	2.07076
10501	2.07076
10502	2.07077
10503	2.07077
10504	2.07078
10505	2.07079
10506	2.07079
10507	2.0708
10508	2.07081
10509	2.07082
10510	2.07082
10511	2.07083
10512	2.07084
10513	2.07085
10514	2.07086
10515	2.07087
10516	2.07088
10517	2.07089
10518	2.0709
10519	2.07091
10520	2.07092
10521	2.07092
10522	2.07093
10523	2.07094
10524	2.07095
10525	2.07096
10526	2.07097
10527	2.07097
10528	2.07098
10529	2.07099
10530	2.07099
10531	2.071
10532	2.07101
10533	2.07101
10534	2.07102
10535	2.07102
10536	2.07102
10537	2.07103
10538	2.07103
10539	2.07103
10540	2.07103
10541	2.07103
10542	2.07103
10543	2.07103
10544	2.07103
10545	2.07103
10546	2.07102
10547	2.07102
10548	2.07101
10549	2.07101
10550	2.071
10551	2.071
10552	2.07099
10553	2.07098
10554	2.07097
10555	2.07096
10556	2.07095
10557	2.07094
10558	2.07092
10559	2.07091
10560	2.07089
10561	2.07088
10562	2.07086
10563	2.07085
10564	2.07083
10565	2.07081
10566	2.07079
10567	2.07077
10568	2.07075
10569	2.07073
10570	2.0707
10571	2.07068
10572	2.07065
10573	2.07063
10574	2.0706
10575	2.07058
10576	2.07055
10577	2.07052
10578	2.07049
10579	2.07046
10580	2.07043
10581	2.0704
10582	2.07037
10583	2.07033
10584	2.0703
10585	2.07027
10586	2.07023
10587	2.0702
10588	2.07016
10589	2.07012
10590	2.07009
10591	2.07005
10592	2.07001
10593	2.06997
10594	2.06993
10595	2.06989
10596	2.06985
10597	2.06981
10598	2.06977
10599	2.06973
10600	2.06969
10601	2.06965
10602	2.0696
10603	2.06956
10604	2.06952
10605	2.06947
10606	2.06943
10607	2.06939
10608	2.06934
10609	2.0693
10610	2.06926
10611	2.06921
10612	2.06917
10613	2.06912
10614	2.06908
10615	2.06903
10616	2.06899
10617	2.06894
10618	2.0689
10619	2.06885
10620	2.06881
10621	2.06876
10622	2.06872
10623	2.06867
10624	2.06863
10625	2.06858
10626	2.06854
10627	2.06849
10628	2.06845
10629	2.0684
10630	2.06836
10631	2.06832
10632	2.06827
10633	2.06823
10634	2.06819
10635	2.06814
10636	2.0681
10637	2.06806
10638	2.06802
10639	2.06798
10640	2.06793
10641	2.06789
10642	2.06785
10643	2.06781
10644	2.06777
10645	2.06773
10646	2.06769
10647	2.06765
10648	2.06762
10649	2.06758
10650	2.06754
10651	2.0675
10652	2.06747
10653	2.06743
10654	2.0674
10655	2.06736
10656	2.06733
10657	2.06729
10658	2.06726
10659	2.06722
10660	2.06719
10661	2.06716
10662	2.06713
10663	2.0671
10664	2.06706
10665	2.06703
10666	2.067
10667	2.06698
10668	2.06695
10669	2.06692
10670	2.06689
10671	2.06686
10672	2.06684
10673	2.06681
10674	2.06678
10675	2.06676
10676	2.06673
10677	2.06671
10678	2.06669
10679	2.06666
10680	2.06664
10681	2.06662
10682	2.0666
10683	2.06658
10684	2.06656
10685	2.06654
10686	2.06652
10687	2.0665
10688	2.06648
10689	2.06646
10690	2.06644
10691	2.06643
10692	2.06641
10693	2.06639
10694	2.06638
10695	2.06636
10696	2.06635
10697	2.06633
10698	2.06632
10699	2.0663
10700	2.06629
10701	2.06628
10702	2.06627
10703	2.06625
10704	2.06624
10705	2.06623
10706	2.06622
10707	2.06621
10708	2.0662
10709	2.06619
10710	2.06618
10711	2.06617
10712	2.06616
10713	2.06615
10714	2.06614
10715	2.06614
10716	2.06613
10717	2.06612
10718	2.06611
10719	2.06611
10720	2.0661
10721	2.06609
10722	2.06609
10723	2.06608
10724	2.06607
10725	2.06607
10726	2.06606
10727	2.06606
10728	2.06605
10729	2.06605
10730	2.06604
10731	2.06604
10732	2.06603
10733	2.06603
10734	2.06603
10735	2.06602
10736	2.06602
10737	2.06601
10738	2.06601
10739	2.06601
10740	2.066
10741	2.066
10742	2.06599
10743	2.06599
10744	2.06599
10745	2.06598
10746	2.06598
10747	2.06598
10748	2.06597
10749	2.06597
10750	2.06597
10751	2.06596
10752	2.06596
10753	2.06596
10754	2.06595
10755	2.06595
10756	2.06595
10757	2.06594
10758	2.06594
10759	2.06593
10760	2.06593
10761	2.06593
10762	2.06592
10763	2.06592
10764	2.06591
10765	2.06591
10766	2.06591
10767	2.0659
10768	2.0659
10769	2.06589
10770	2.06589
10771	2.06588
10772	2.06588
10773	2.06587
10774	2.06587
10775	2.06586
10776	2.06586
10777	2.06585
10778	2.06585
10779	2.06584
10780	2.06584
10781	2.06583
10782	2.06583
10783	2.06582
10784	2.06582
10785	2.06581
10786	2.06581
10787	2.0658
10788	2.06579
10789	2.06579
10790	2.06578
10791	2.06577
10792	2.06577
10793	2.06576
10794	2.06576
10795	2.06575
10796	2.06574
10797	2.06574
10798	2.06573
10799	2.06572
10800	2.06572
10801	2.06571
10802	2.06571
10803	2.0657
10804	2.06569
10805	2.06569
10806	2.06568
10807	2.06567
10808	2.06567
10809	2.06566
10810	2.06566
10811	2.06565
10812	2.06564
10813	2.06564
10814	2.06563
10815	2.06563
10816	2.06562
10817	2.06562
10818	2.06561
10819	2.06561
10820	2.0656
10821	2.0656
10822	2.06559
10823	2.06559
10824	2.06559
10825	2.06558
10826	2.06558
10827	2.06557
10828	2.06557
10829	2.06557
10830	2.06557
10831	2.06556
10832	2.06556
10833	2.06556
10834	2.06556
10835	2.06556
10836	2.06556
10837	2.06556
10838	2.06555
10839	2.06555
10840	2.06555
10841	2.06556
10842	2.06556
10843	2.06556
10844	2.06556
10845	2.06556
10846	2.06556
10847	2.06556
10848	2.06557
10849	2.06557
10850	2.06557
10851	2.06558
10852	2.06558
10853	2.06558
10854	2.06559
10855	2.06559
10856	2.0656
10857	2.0656
10858	2.06561
10859	2.06561
10860	2.06562
10861	2.06563
10862	2.06563
10863	2.06564
10864	2.06564
10865	2.06565
10866	2.06566
10867	2.06566
10868	2.06567
10869	2.06567
10870	2.06568
10871	2.06569
10872	2.06569
10873	2.0657
10874	2.0657
10875	2.06571
10876	2.06571
10877	2.06572
10878	2.06572
10879	2.06573
10880	2.06573
10881	2.06573
10882	2.06573
10883	2.06573
10884	2.06573
10885	2.06573
10886	2.06573
10887	2.06573
10888	2.06573
10889	2.06572
10890	2.06572
10891	2.06571
10892	2.0657
10893	2.06569
10894	2.06568
10895	2.06567
10896	2.06566
10897	2.06564
10898	2.06562
10899	2.0656
10900	2.06558
10901	2.06555
10902	2.06553
10903	2.0655
10904	2.06547
10905	2.06543
10906	2.0654
10907	2.06536
10908	2.06531
10909	2.06527
10910	2.06522
10911	2.06516
10912	2.06511
10913	2.06505
10914	2.06498
10915	2.06492
10916	2.06484
10917	2.06477
10918	2.06469
10919	2.0646
10920	2.06451
10921	2.06442
10922	2.06432
10923	2.06421
10924	2.0641
10925	2.06399
10926	2.06387
10927	2.06374
10928	2.0636
10929	2.06347
10930	2.06332
10931	2.06317
10932	2.06301
10933	2.06284
10934	2.06267
10935	2.06249
10936	2.0623
10937	2.06211
10938	2.0619
10939	2.06169
10940	2.06147
10941	2.06125
10942	2.06101
10943	2.06077
10944	2.06051
10945	2.06025
10946	2.05998
10947	2.0597
10948	2.05941
10949	2.05911
10950	2.0588
10951	2.05848
10952	2.05815
10953	2.05781
10954	2.05746
10955	2.05709
10956	2.05672
10957	2.05634
10958	2.05594
10959	2.05553
10960	2.05512
10961	2.05469
10962	2.05425
10963	2.05379
10964	2.05333
10965	2.05285
10966	2.05236
10967	2.05185
10968	2.05134
10969	2.05081
10970	2.05027
10971	2.04972
10972	2.04915
10973	2.04857
10974	2.04797
10975	2.04737
10976	2.04675
10977	2.04611
10978	2.04546
10979	2.0448
10980	2.04413
10981	2.04344
10982	2.04274
10983	2.04202
10984	2.04129
10985	2.04055
10986	2.03979
10987	2.03902
10988	2.03823
10989	2.03743
10990	2.03662
10991	2.03579
10992	2.03495
10993	2.0341
10994	2.03323
10995	2.03235
10996	2.03145
10997	2.03054
10998	2.02962
10999	2.02868
11000	2.02773
11001	2.02677
11002	2.0258
11003	2.02481
11004	2.02381
11005	2.0228
11006	2.02177
11007	2.02074
11008	2.01969
11009	2.01863
11010	2.01756
11011	2.01648
11012	2.01538
11013	2.01428
11014	2.01316
11015	2.01204
11016	2.0109
11017	2.00976
11018	2.00861
11019	2.00744
11020	2.00627
11021	2.00509
11022	2.00391
11023	2.00271
11024	2.00151
11025	2.0003
11026	1.99908
11027	1.99786
11028	1.99663
11029	1.9954
11030	1.99416
11031	1.99292
11032	1.99167
11033	1.99042
11034	1.98917
11035	1.98792
11036	1.98666
11037	1.9854
11038	1.98414
11039	1.98288
11040	1.98161
11041	1.98035
11042	1.97909
11043	1.97783
11044	1.97658
11045	1.97532
11046	1.97407
11047	1.97283
11048	1.97158
11049	1.97034
11050	1.96911
11051	1.96788
11052	1.96666
11053	1.96545
11054	1.96424
11055	1.96304
11056	1.96185
11057	1.96067
11058	1.9595
11059	1.95835
11060	1.9572
11061	1.95606
11062	1.95494
11063	1.95383
11064	1.95273
11065	1.95165
11066	1.95058
11067	1.94953
11068	1.94849
11069	1.94747
11070	1.94647
11071	1.94549
11072	1.94452
11073	1.94358
11074	1.94265
11075	1.94174
11076	1.94086
11077	1.93999
11078	1.93915
11079	1.93833
11080	1.93753
11081	1.93676
11082	1.93601
11083	1.93529
11084	1.93459
11085	1.93392
11086	1.93327
11087	1.93265
11088	1.93206
11089	1.93149
11090	1.93096
11091	1.93045
11092	1.92997
11093	1.92952
11094	1.9291
11095	1.92871
11096	1.92836
11097	1.92803
11098	1.92774
11099	1.92747
11100	1.92724
11101	1.92705
11102	1.92688
11103	1.92675
11104	1.92665
11105	1.92659
11106	1.92656
11107	1.92656
11108	1.9266
11109	1.92668
11110	1.92679
11111	1.92693
11112	1.92711
11113	1.92733
11114	1.92758
11115	1.92786
11116	1.92819
11117	1.92855
11118	1.92894
11119	1.92937
11120	1.92984
11121	1.93034
11122	1.93088
11123	1.93146
11124	1.93207
11125	1.93272
11126	1.93341
11127	1.93413
11128	1.93488
11129	1.93567
11130	1.9365
11131	1.93736
11132	1.93826
11133	1.93919
11134	1.94016
11135	1.94116
11136	1.9422
11137	1.94327
11138	1.94438
11139	1.94551
11140	1.94669
11141	1.94789
11142	1.94913
11143	1.95039
11144	1.95169
11145	1.95303
11146	1.95439
11147	1.95578
11148	1.9572
11149	1.95866
11150	1.96014
11151	1.96165
11152	1.96319
11153	1.96475
11154	1.96635
11155	1.96797
11156	1.96961
11157	1.97128
11158	1.97298
11159	1.9747
11160	1.97645
11161	1.97821
11162	1.98
11163	1.98182
11164	1.98365
11165	1.9855
11166	1.98738
11167	1.98927
11168	1.99118
11169	1.99311
11170	1.99506
11171	1.99702
11172	1.999
11173	2.001
11174	2.00301
11175	2.00503
11176	2.00706
11177	2.00911
11178	2.01117
11179	2.01324
11180	2.01532
11181	2.01741
11182	2.01951
11183	2.02162
11184	2.02374
11185	2.02586
11186	2.02798
11187	2.03012
11188	2.03225
11189	2.03439
11190	2.03653
11191	2.03868
11192	2.04082
11193	2.04297
11194	2.04512
11195	2.04726
11196	2.04941
11197	2.05155
11198	2.05369
11199	2.05583
11200	2.05796
11201	2.06008
11202	2.0622
11203	2.06432
11204	2.06643
11205	2.06853
11206	2.07062
11207	2.0727
11208	2.07478
11209	2.07684
11210	2.07889
11211	2.08093
11212	2.08296
11213	2.08498
11214	2.08698
11215	2.08897
11216	2.09095
11217	2.09291
11218	2.09486
11219	2.09679
11220	2.0987
11221	2.1006
11222	2.10248
11223	2.10434
11224	2.10618
11225	2.10801
11226	2.10981
11227	2.1116
11228	2.11336
11229	2.11511
11230	2.11683
11231	2.11853
11232	2.12021
11233	2.12187
11234	2.12351
11235	2.12512
11236	2.12671
11237	2.12828
11238	2.12982
11239	2.13134
11240	2.13284
11241	2.13431
11242	2.13576
11243	2.13718
11244	2.13858
11245	2.13995
11246	2.14129
11247	2.14261
11248	2.14391
11249	2.14517
11250	2.14641
11251	2.14763
11252	2.14882
11253	2.14998
11254	2.15111
11255	2.15222
11256	2.1533
11257	2.15436
11258	2.15538
11259	2.15638
11260	2.15736
11261	2.1583
11262	2.15922
11263	2.16011
11264	2.16098
11265	2.16181
11266	2.16262
11267	2.1634
11268	2.16416
11269	2.16489
11270	2.16559
11271	2.16626
11272	2.16691
11273	2.16753
11274	2.16812
11275	2.16869
11276	2.16923
11277	2.16974
11278	2.17023
11279	2.17069
11280	2.17113
11281	2.17154
11282	2.17192
11283	2.17228
11284	2.17261
11285	2.17292
11286	2.1732
11287	2.17346
11288	2.17369
11289	2.1739
11290	2.17408
11291	2.17424
11292	2.17438
11293	2.17449
11294	2.17458
11295	2.17465
11296	2.17469
11297	2.17471
11298	2.17471
11299	2.17468
11300	2.17464
11301	2.17457
11302	2.17448
11303	2.17437
11304	2.17424
11305	2.17408
11306	2.17391
11307	2.17372
11308	2.1735
11309	2.17327
11310	2.17302
11311	2.17275
11312	2.17246
11313	2.17215
11314	2.17182
11315	2.17147
11316	2.17111
11317	2.17073
11318	2.17033
11319	2.16992
11320	2.16949
11321	2.16904
11322	2.16858
11323	2.1681
11324	2.16761
11325	2.1671
11326	2.16658
11327	2.16604
11328	2.16549
11329	2.16492
11330	2.16434
11331	2.16375
11332	2.16315
11333	2.16253
11334	2.1619
11335	2.16126
11336	2.1606
11337	2.15994
11338	2.15926
11339	2.15857
11340	2.15788
11341	2.15717
11342	2.15645
11343	2.15573
11344	2.15499
11345	2.15424
11346	2.15349
11347	2.15273
11348	2.15196
11349	2.15118
11350	2.15039
11351	2.1496
11352	2.1488
11353	2.14799
11354	2.14718
11355	2.14636
11356	2.14554
11357	2.14471
11358	2.14387
11359	2.14303
11360	2.14219
11361	2.14134
11362	2.14048
11363	2.13962
11364	2.13876
11365	2.1379
11366	2.13703
11367	2.13616
11368	2.13529
11369	2.13441
11370	2.13354
11371	2.13266
11372	2.13178
11373	2.1309
11374	2.13001
11375	2.12913
11376	2.12825
11377	2.12736
11378	2.12648
11379	2.12559
11380	2.12471
11381	2.12383
11382	2.12295
11383	2.12207
11384	2.12119
11385	2.12031
11386	2.11943
11387	2.11856
11388	2.11769
11389	2.11682
11390	2.11595
11391	2.11508
11392	2.11422
11393	2.11336
11394	2.11251
11395	2.11166
11396	2.11081
11397	2.10997
11398	2.10913
11399	2.10829
11400	2.10746
11401	2.10664
11402	2.10581
11403	2.105
11404	2.10419
11405	2.10338
11406	2.10258
11407	2.10178
11408	2.10099
11409	2.10021
11410	2.09943
11411	2.09866
11412	2.09789
11413	2.09713
11414	2.09638
11415	2.09563
11416	2.09489
11417	2.09416
11418	2.09343
11419	2.09272
11420	2.092
11421	2.0913
11422	2.0906
11423	2.08991
11424	2.08923
11425	2.08855
11426	2.08788
11427	2.08722
11428	2.08657
11429	2.08592
11430	2.08529
11431	2.08466
11432	2.08403
11433	2.08342
11434	2.08281
11435	2.08222
11436	2.08163
11437	2.08105
11438	2.08047
11439	2.07991
11440	2.07935
11441	2.0788
11442	2.07826
11443	2.07773
11444	2.0772
11445	2.07669
11446	2.07618
11447	2.07568
11448	2.07519
11449	2.0747
11450	2.07423
11451	2.07376
11452	2.0733
11453	2.07285
11454	2.07241
11455	2.07197
11456	2.07155
11457	2.07113
11458	2.07072
11459	2.07031
11460	2.06992
11461	2.06953
11462	2.06915
11463	2.06878
11464	2.06842
11465	2.06806
11466	2.06771
11467	2.06737
11468	2.06704
11469	2.06671
11470	2.06639
11471	2.06608
11472	2.06577
11473	2.06548
11474	2.06519
11475	2.0649
11476	2.06463
11477	2.06436
11478	2.06409
11479	2.06384
11480	2.06359
11481	2.06334
11482	2.0631
11483	2.06287
11484	2.06265
11485	2.06243
11486	2.06222
11487	2.06201
11488	2.06181
11489	2.06161
11490	2.06142
11491	2.06124
11492	2.06106
11493	2.06089
11494	2.06072
11495	2.06056
11496	2.0604
11497	2.06025
11498	2.0601
11499	2.05996
11500	2.05982
11501	2.05968
11502	2.05955
11503	2.05943
11504	2.05931
11505	2.05919
11506	2.05908
11507	2.05897
11508	2.05886
11509	2.05876
11510	2.05866
11511	2.05857
11512	2.05848
11513	2.05839
11514	2.05831
11515	2.05823
11516	2.05815
11517	2.05808
11518	2.05801
11519	2.05794
11520	2.05787
11521	2.05781
11522	2.05775
11523	2.05769
11524	2.05763
11525	2.05758
11526	2.05753
11527	2.05748
11528	2.05743
11529	2.05739
11530	2.05735
11531	2.05731
11532	2.05727
11533	2.05723
11534	2.05719
11535	2.05716
11536	2.05713
11537	2.05709
11538	2.05706
11539	2.05704
11540	2.05701
11541	2.05698
11542	2.05696
11543	2.05693
11544	2.05691
11545	2.05689
11546	2.05687
11547	2.05685
11548	2.05683
11549	2.05681
11550	2.05679
11551	2.05677
11552	2.05675
11553	2.05674
11554	2.05672
11555	2.05671
11556	2.05669
11557	2.05668
11558	2.05666
11559	2.05665
11560	2.05663
11561	2.05662
11562	2.05661
11563	2.05659
11564	2.05658
11565	2.05657
11566	2.05656
11567	2.05654
11568	2.05653
11569	2.05652
11570	2.05651
11571	2.0565
11572	2.05648
11573	2.05647
11574	2.05646
11575	2.05645
11576	2.05643
11577	2.05642
11578	2.05641
11579	2.0564
11580	2.05639
11581	2.05637
11582	2.05636
11583	2.05635
11584	2.05633
11585	2.05632
11586	2.05631
11587	2.0563
11588	2.05628
11589	2.05627
11590	2.05626
11591	2.05624
11592	2.05623
11593	2.05621
11594	2.0562
11595	2.05619
11596	2.05617
11597	2.05616
11598	2.05614
11599	2.05613
11600	2.05612
11601	2.0561
11602	2.05609
11603	2.05607
11604	2.05606
11605	2.05605
11606	2.05603
11607	2.05602
11608	2.056
11609	2.05599
11610	2.05597
11611	2.05596
11612	2.05595
11613	2.05593
11614	2.05592
11615	2.05591
11616	2.05589
11617	2.05588
11618	2.05586
11619	2.05585
11620	2.05584
11621	2.05583
11622	2.05581
11623	2.0558
11624	2.05579
11625	2.05578
11626	2.05577
11627	2.05575
11628	2.05574
11629	2.05573
11630	2.05572
11631	2.05571
11632	2.0557
11633	2.05569
11634	2.05568
11635	2.05567
11636	2.05566
11637	2.05565
11638	2.05565
11639	2.05564
11640	2.05563
11641	2.05562
11642	2.05562
11643	2.05561
11644	2.05561
11645	2.0556
11646	2.0556
11647	2.05559
11648	2.05559
11649	2.05558
11650	2.05558
11651	2.05558
11652	2.05557
11653	2.05557
11654	2.05557
11655	2.05557
11656	2.05557
11657	2.05557
11658	2.05557
11659	2.05557
11660	2.05557
11661	2.05557
11662	2.05557
11663	2.05558
11664	2.05558
11665	2.05558
11666	2.05559
11667	2.05559
11668	2.05559
11669	2.0556
11670	2.0556
11671	2.05561
11672	2.05562
11673	2.05562
11674	2.05563
11675	2.05564
11676	2.05565
11677	2.05565
11678	2.05566
11679	2.05567
11680	2.05568
11681	2.05569
11682	2.0557
11683	2.05571
11684	2.05572
11685	2.05573
11686	2.05575
11687	2.05576
11688	2.05577
11689	2.05578
11690	2.0558
11691	2.05581
11692	2.05582
11693	2.05584
11694	2.05585
11695	2.05586
11696	2.05588
11697	2.05589
11698	2.05591
11699	2.05592
11700	2.05594
11701	2.05595
11702	2.05597
11703	2.05599
11704	2.056
11705	2.05602
11706	2.05603
11707	2.05605
11708	2.05607
11709	2.05608
11710	2.0561
11711	2.05612
11712	2.05613
11713	2.05615
11714	2.05617
11715	2.05618
11716	2.0562
11717	2.05622
11718	2.05623
11719	2.05625
11720	2.05627
11721	2.05628
11722	2.0563
11723	2.05632
11724	2.05634
11725	2.05635
11726	2.05637
11727	2.05638
11728	2.0564
11729	2.05642
11730	2.05643
11731	2.05645
11732	2.05647
11733	2.05648
11734	2.0565
11735	2.05651
11736	2.05653
11737	2.05654
11738	2.05656
11739	2.05657
11740	2.05659
11741	2.0566
11742	2.05661
11743	2.05663
11744	2.05664
11745	2.05665
11746	2.05667
11747	2.05668
11748	2.05669
11749	2.0567
11750	2.05671
11751	2.05673
11752	2.05674
11753	2.05675
11754	2.05676
11755	2.05677
11756	2.05678
11757	2.05679
11758	2.0568
11759	2.05681
11760	2.05682
11761	2.05682
11762	2.05683
11763	2.05684
11764	2.05685
11765	2.05685
11766	2.05686
11767	2.05687
11768	2.05687
11769	2.05688
11770	2.05688
11771	2.05689
11772	2.05689
11773	2.05689
11774	2.0569
11775	2.0569
11776	2.0569
11777	2.05691
11778	2.05691
11779	2.05691
11780	2.05691
11781	2.05691
11782	2.05691
11783	2.05691
11784	2.05691
11785	2.05691
11786	2.05691
11787	2.05691
11788	2.05691
11789	2.05691
11790	2.05691
11791	2.0569
11792	2.0569
11793	2.0569
11794	2.05689
11795	2.05689
11796	2.05688
11797	2.05688
11798	2.05688
11799	2.05687
11800	2.05686
11801	2.05686
11802	2.05685
11803	2.05685
11804	2.05684
11805	2.05683
11806	2.05683
11807	2.05682
11808	2.05681
11809	2.0568
11810	2.05679
11811	2.05678
11812	2.05678
11813	2.05677
11814	2.05676
11815	2.05675
11816	2.05674
11817	2.05673
11818	2.05672
11819	2.05671
11820	2.0567
11821	2.05669
11822	2.05668
11823	2.05667
11824	2.05665
11825	2.05664
11826	2.05663
11827	2.05662
11828	2.05661
11829	2.0566
11830	2.05658
11831	2.05657
11832	2.05656
11833	2.05655
11834	2.05653
11835	2.05652
11836	2.05651
11837	2.0565
11838	2.05648
11839	2.05647
11840	2.05646
11841	2.05645
11842	2.05643
11843	2.05642
11844	2.05641
11845	2.05639
11846	2.05638
11847	2.05637
11848	2.05636
11849	2.05634
11850	2.05633
11851	2.05632
11852	2.05631
11853	2.05629
11854	2.05628
11855	2.05627
11856	2.05625
11857	2.05624
11858	2.05623
11859	2.05622
11860	2.05621
11861	2.05619
11862	2.05618
11863	2.05617
11864	2.05616
11865	2.05615
11866	2.05614
11867	2.05612
11868	2.05611
11869	2.0561
11870	2.05609
11871	2.05608
11872	2.05607
11873	2.05606
11874	2.05605
11875	2.05604
11876	2.05603
11877	2.05602
11878	2.05601
11879	2.056
11880	2.05599
11881	2.05598
11882	2.05597
11883	2.05597
11884	2.05596
11885	2.05595
11886	2.05594
11887	2.05593
11888	2.05593
11889	2.05592
11890	2.05591
11891	2.0559
11892	2.0559
11893	2.05589
11894	2.05588
11895	2.05588
11896	2.05587
11897	2.05587
11898	2.05586
11899	2.05586
11900	2.05585
11901	2.05585
11902	2.05584
11903	2.05584
11904	2.05583
11905	2.05583
11906	2.05583
11907	2.05582
11908	2.05582
11909	2.05582
11910	2.05581
11911	2.05581
11912	2.05581
11913	2.05581
11914	2.0558
11915	2.0558
11916	2.0558
11917	2.0558
11918	2.0558
11919	2.0558
11920	2.0558
11921	2.0558
11922	2.0558
11923	2.0558
11924	2.0558
11925	2.0558
11926	2.0558
11927	2.0558
11928	2.0558
11929	2.0558
11930	2.0558
11931	2.05581
11932	2.05581
11933	2.05581
11934	2.05581
11935	2.05582
11936	2.05582
11937	2.05582
11938	2.05583
11939	2.05583
11940	2.05583
11941	2.05584
11942	2.05584
11943	2.05585
11944	2.05585
11945	2.05586
11946	2.05586
11947	2.05587
11948	2.05588
11949	2.05588
11950	2.05589
11951	2.0559
11952	2.0559
11953	2.05591
11954	2.05592
11955	2.05593
11956	2.05594
11957	2.05595
11958	2.05596
11959	2.05597
11960	2.05598
11961	2.05599
11962	2.056
11963	2.05601
11964	2.05602
11965	2.05604
11966	2.05605
11967	2.05606
11968	2.05608
11969	2.05609
11970	2.05611
11971	2.05612
11972	2.05614
11973	2.05616
11974	2.05618
11975	2.0562
11976	2.05622
11977	2.05624
11978	2.05626
11979	2.05628
11980	2.05631
11981	2.05633
11982	2.05636
11983	2.05638
11984	2.05641
11985	2.05644
11986	2.05647
11987	2.0565
11988	2.05653
11989	2.05656
11990	2.0566
11991	2.05664
11992	2.05667
11993	2.05671
11994	2.05675
11995	2.05679
11996	2.05684
11997	2.05688
11998	2.05693
11999	2.05698
12000	2.05703
12001	2.05708
12002	2.05714
12003	2.0572
12004	2.05726
12005	2.05732
12006	2.05738
12007	2.05745
12008	2.05752
12009	2.05759
12010	2.05766
12011	2.05774
12012	2.05781
12013	2.0579
12014	2.05798
12015	2.05807
12016	2.05816
12017	2.05825
12018	2.05835
12019	2.05845
12020	2.05855
12021	2.05866
12022	2.05877
12023	2.05889
12024	2.059
12025	2.05913
12026	2.05925
12027	2.05938
12028	2.05951
12029	2.05965
12030	2.0598
12031	2.05994
12032	2.06009
12033	2.06025
12034	2.06041
12035	2.06058
12036	2.06075
12037	2.06092
12038	2.0611
12039	2.06129
12040	2.06148
12041	2.06168
12042	2.06188
12043	2.06209
12044	2.0623
12045	2.06252
12046	2.06274
12047	2.06298
12048	2.06321
12049	2.06346
12050	2.06371
12051	2.06396
12052	2.06423
12053	2.0645
12054	2.06477
12055	2.06506
12056	2.06535
12057	2.06564
12058	2.06595
12059	2.06626
12060	2.06658
12061	2.0669
12062	2.06724
12063	2.06758
12064	2.06793
12065	2.06828
12066	2.06865
12067	2.06902
12068	2.0694
12069	2.06979
12070	2.07018
12071	2.07059
12072	2.071
12073	2.07142
12074	2.07185
12075	2.07229
12076	2.07274
12077	2.07319
12078	2.07365
12079	2.07412
12080	2.0746
12081	2.07509
12082	2.07559
12083	2.0761
12084	2.07661
12085	2.07714
12086	2.07767
12087	2.07821
12088	2.07876
12089	2.07932
12090	2.07989
12091	2.08047
12092	2.08105
12093	2.08165
12094	2.08225
12095	2.08286
12096	2.08348
12097	2.08411
12098	2.08475
12099	2.08539
12100	2.08605
12101	2.08671
12102	2.08739
12103	2.08807
12104	2.08875
12105	2.08945
12106	2.09016
12107	2.09087
12108	2.09159
12109	2.09232
12110	2.09305
12111	2.0938
12112	2.09455
12113	2.09531
12114	2.09607
12115	2.09685
12116	2.09763
12117	2.09841
12118	2.09921
12119	2.10001
12120	2.10081
12121	2.10163
12122	2.10244
12123	2.10327
12124	2.1041
12125	2.10493
12126	2.10577
12127	2.10662
12128	2.10747
12129	2.10832
12130	2.10918
12131	2.11005
12132	2.11091
12133	2.11178
12134	2.11266
12135	2.11353
12136	2.11441
12137	2.11529
12138	2.11618
12139	2.11706
12140	2.11795
12141	2.11884
12142	2.11973
12143	2.12062
12144	2.12151
12145	2.1224
12146	2.12329
12147	2.12418
12148	2.12507
12149	2.12596
12150	2.12685
12151	2.12774
12152	2.12862
12153	2.1295
12154	2.13038
12155	2.13125
12156	2.13212
12157	2.13299
12158	2.13385
12159	2.13471
12160	2.13557
12161	2.13641
12162	2.13726
12163	2.13809
12164	2.13892
12165	2.13974
12166	2.14056
12167	2.14137
12168	2.14217
12169	2.14296
12170	2.14374
12171	2.14451
12172	2.14527
12173	2.14603
12174	2.14677
12175	2.1475
12176	2.14822
12177	2.14893
12178	2.14963
12179	2.15032
12180	2.15099
12181	2.15165
12182	2.1523
12183	2.15293
12184	2.15355
12185	2.15415
12186	2.15474
12187	2.15531
12188	2.15587
12189	2.15641
12190	2.15694
12191	2.15745
12192	2.15794
12193	2.15841
12194	2.15887
12195	2.15931
12196	2.15973
12197	2.16013
12198	2.16051
12199	2.16087
12200	2.16122
12201	2.16154
12202	2.16184
12203	2.16213
12204	2.16239
12205	2.16263
12206	2.16285
12207	2.16304
12208	2.16322
12209	2.16337
12210	2.1635
12211	2.16361
12212	2.1637
12213	2.16376
12214	2.1638
12215	2.16381
12216	2.1638
12217	2.16377
12218	2.16372
12219	2.16364
12220	2.16353
12221	2.1634
12222	2.16325
12223	2.16307
12224	2.16287
12225	2.16264
12226	2.16239
12227	2.16211
12228	2.1618
12229	2.16148
12230	2.16112
12231	2.16074
12232	2.16034
12233	2.15991
12234	2.15945
12235	2.15897
12236	2.15846
12237	2.15793
12238	2.15737
12239	2.15679
12240	2.15618
12241	2.15555
12242	2.15489
12243	2.15421
12244	2.1535
12245	2.15276
12246	2.152
12247	2.15122
12248	2.15041
12249	2.14958
12250	2.14872
12251	2.14784
12252	2.14694
12253	2.14601
12254	2.14506
12255	2.14409
12256	2.14309
12257	2.14207
12258	2.14102
12259	2.13996
12260	2.13887
12261	2.13776
12262	2.13663
12263	2.13548
12264	2.1343
12265	2.13311
12266	2.13189
12267	2.13066
12268	2.12941
12269	2.12813
12270	2.12684
12271	2.12553
12272	2.1242
12273	2.12285
12274	2.12148
12275	2.1201
12276	2.1187
12277	2.11728
12278	2.11585
12279	2.1144
12280	2.11294
12281	2.11146
12282	2.10997
12283	2.10847
12284	2.10695
12285	2.10541
12286	2.10387
12287	2.10231
12288	2.10074
12289	2.09916
12290	2.09757
12291	2.09597
12292	2.09436
12293	2.09274
12294	2.09111
12295	2.08947
12296	2.08783
12297	2.08617
12298	2.08451
12299	2.08285
12300	2.08117
12301	2.0795
12302	2.07781
12303	2.07613
12304	2.07443
12305	2.07274
12306	2.07104
12307	2.06934
12308	2.06764
12309	2.06594
12310	2.06423
12311	2.06253
12312	2.06082
12313	2.05912
12314	2.05741
12315	2.05571
12316	2.05401
12317	2.05231
12318	2.05062
12319	2.04893
12320	2.04724
12321	2.04556
12322	2.04388
12323	2.04221
12324	2.04054
12325	2.03888
12326	2.03722
12327	2.03558
12328	2.03394
12329	2.0323
12330	2.03068
12331	2.02907
12332	2.02746
12333	2.02587
12334	2.02428
12335	2.02271
12336	2.02114
12337	2.01959
12338	2.01805
12339	2.01652
12340	2.015
12341	2.0135
12342	2.01201
12343	2.01053
12344	2.00907
12345	2.00762
12346	2.00619
12347	2.00477
12348	2.00336
12349	2.00197
12350	2.0006
12351	1.99924
12352	1.9979
12353	1.99658
12354	1.99527
12355	1.99399
12356	1.99271
12357	1.99146
12358	1.99022
12359	1.98901
12360	1.98781
12361	1.98663
12362	1.98547
12363	1.98432
12364	1.9832
12365	1.9821
12366	1.98101
12367	1.97995
12368	1.9789
12369	1.97788
12370	1.97688
12371	1.97589
12372	1.97493
12373	1.97399
12374	1.97307
12375	1.97216
12376	1.97129
12377	1.97043
12378	1.96959
12379	1.96877
12380	1.96798
12381	1.9672
12382	1.96645
12383	1.96572
12384	1.96501
12385	1.96432
12386	1.96366
12387	1.96301
12388	1.96239
12389	1.96179
12390	1.96121
12391	1.96065
12392	1.96011
12393	1.95959
12394	1.9591
12395	1.95862
12396	1.95817
12397	1.95774
12398	1.95733
12399	1.95694
12400	1.95657
12401	1.95622
12402	1.9559
12403	1.95559
12404	1.9553
12405	1.95504
12406	1.95479
12407	1.95457
12408	1.95436
12409	1.95418
12410	1.95401
12411	1.95387
12412	1.95374
12413	1.95363
12414	1.95355
12415	1.95348
12416	1.95343
12417	1.9534
12418	1.95339
12419	1.95339
12420	1.95341
12421	1.95346
12422	1.95352
12423	1.95359
12424	1.95369
12425	1.9538
12426	1.95393
12427	1.95407
12428	1.95423
12429	1.95441
12430	1.9546
12431	1.95481
12432	1.95504
12433	1.95528
12434	1.95553
12435	1.9558
12436	1.95609
12437	1.95639
12438	1.9567
12439	1.95703
12440	1.95737
12441	1.95773
12442	1.95809
12443	1.95848
12444	1.95887
12445	1.95928
12446	1.95969
12447	1.96012
12448	1.96057
12449	1.96102
12450	1.96149
12451	1.96196
12452	1.96245
12453	1.96294
12454	1.96345
12455	1.96397
12456	1.9645
12457	1.96503
12458	1.96558
12459	1.96613
12460	1.9667
12461	1.96727
12462	1.96785
12463	1.96844
12464	1.96903
12465	1.96963
12466	1.97024
12467	1.97086
12468	1.97149
12469	1.97212
12470	1.97275
12471	1.9734
12472	1.97405
12473	1.9747
12474	1.97536
12475	1.97602
12476	1.97669
12477	1.97737
12478	1.97805
12479	1.97873
12480	1.97941
12481	1.9801
12482	1.9808
12483	1.9815
12484	1.9822
12485	1.9829
12486	1.9836
12487	1.98431
12488	1.98502
12489	1.98574
12490	1.98645
12491	1.98717
12492	1.98788
12493	1.9886
12494	1.98932
12495	1.99004
12496	1.99076
12497	1.99148
12498	1.9922
12499	1.99293
12500	1.99365
12501	1.99437
12502	1.99509
12503	1.99581
12504	1.99653
12505	1.99725
12506	1.99797
12507	1.99869
12508	1.9994
12509	2.00012
12510	2.00083
12511	2.00154
12512	2.00225
12513	2.00295
12514	2.00366
12515	2.00436
12516	2.00506
12517	2.00576
12518	2.00645
12519	2.00714
12520	2.00783
12521	2.00852
12522	2.0092
12523	2.00988
12524	2.01055
12525	2.01122
12526	2.01189
12527	2.01256
12528	2.01322
12529	2.01388
12530	2.01453
12531	2.01518
12532	2.01582
12533	2.01646
12534	2.0171
12535	2.01773
12536	2.01836
12537	2.01898
12538	2.0196
12539	2.02021
12540	2.02082
12541	2.02143
12542	2.02203
12543	2.02262
12544	2.02321
12545	2.0238
12546	2.02438
12547	2.02495
12548	2.02552
12549	2.02608
12550	2.02664
12551	2.0272
12552	2.02775
12553	2.02829
12554	2.02883
12555	2.02936
12556	2.02989
12557	2.03041
12558	2.03093
12559	2.03144
12560	2.03194
12561	2.03245
12562	2.03294
12563	2.03343
12564	2.03391
12565	2.03439
12566	2.03487
12567	2.03533
12568	2.0358
12569	2.03625
12570	2.03671
12571	2.03715
12572	2.03759
12573	2.03803
12574	2.03846
12575	2.03888
12576	2.0393
12577	2.03972
12578	2.04012
12579	2.04053
12580	2.04093
12581	2.04132
12582	2.04171
12583	2.04209
12584	2.04247
12585	2.04284
12586	2.0432
12587	2.04357
12588	2.04392
12589	2.04427
12590	2.04462
12591	2.04496
12592	2.0453
12593	2.04563
12594	2.04596
12595	2.04628
12596	2.0466
12597	2.04691
12598	2.04722
12599	2.04752
12600	2.04782
12601	2.04812
12602	2.04841
12603	2.04869
12604	2.04897
12605	2.04925
12606	2.04952
12607	2.04979
12608	2.05005
12609	2.05031
12610	2.05057
12611	2.05082
12612	2.05107
12613	2.05131
12614	2.05155
12615	2.05178
12616	2.05201
12617	2.05224
12618	2.05247
12619	2.05269
12620	2.0529
12621	2.05312
12622	2.05332
12623	2.05353
12624	2.05373
12625	2.05393
12626	2.05413
12627	2.05432
12628	2.05451
12629	2.05469
12630	2.05488
12631	2.05505
12632	2.05523
12633	2.0554
12634	2.05557
12635	2.05574
12636	2.0559
12637	2.05607
12638	2.05622
12639	2.05638
12640	2.05653
12641	2.05668
12642	2.05683
12643	2.05698
12644	2.05712
12645	2.05726
12646	2.0574
12647	2.05753
12648	2.05766
12649	2.05779
12650	2.05792
12651	2.05805
12652	2.05817
12653	2.05829
12654	2.05841
12655	2.05853
12656	2.05864
12657	2.05875
12658	2.05886
12659	2.05897
12660	2.05908
12661	2.05918
12662	2.05929
12663	2.05939
12664	2.05948
12665	2.05958
12666	2.05968
12667	2.05977
12668	2.05986
12669	2.05995
12670	2.06004
12671	2.06013
12672	2.06021
12673	2.0603
12674	2.06038
12675	2.06046
12676	2.06054
12677	2.06061
12678	2.06069
12679	2.06076
12680	2.06083
12681	2.06091
12682	2.06098
12683	2.06104
12684	2.06111
12685	2.06118
12686	2.06124
12687	2.0613
12688	2.06136
12689	2.06142
12690	2.06148
12691	2.06154
12692	2.0616
12693	2.06165
12694	2.0617
12695	2.06176
12696	2.06181
12697	2.06186
12698	2.0619
12699	2.06195
12700	2.062
12701	2.06204
12702	2.06209
12703	2.06213
12704	2.06217
12705	2.06221
12706	2.06225
12707	2.06229
12708	2.06232
12709	2.06236
12710	2.06239
12711	2.06243
12712	2.06246
12713	2.06249
12714	2.06252
12715	2.06255
12716	2.06257
12717	2.0626
12718	2.06263
12719	2.06265
12720	2.06267
12721	2.0627
12722	2.06272
12723	2.06274
12724	2.06276
12725	2.06277
12726	2.06279
12727	2.06281
12728	2.06282
12729	2.06283
12730	2.06285
12731	2.06286
12732	2.06287
12733	2.06288
12734	2.06288
12735	2.06289
12736	2.0629
12737	2.0629
12738	2.06291
12739	2.06291
12740	2.06291
12741	2.06291
12742	2.06291
12743	2.06291
12744	2.06291
12745	2.06291
12746	2.0629
12747	2.0629
12748	2.06289
12749	2.06288
12750	2.06288
12751	2.06287
12752	2.06286
12753	2.06285
12754	2.06283
12755	2.06282
12756	2.06281
12757	2.06279
12758	2.06278
12759	2.06276
12760	2.06274
12761	2.06273
12762	2.06271
12763	2.06269
12764	2.06267
12765	2.06264
12766	2.06262
12767	2.0626
12768	2.06257
12769	2.06255
12770	2.06252
12771	2.0625
12772	2.06247
12773	2.06244
12774	2.06241
12775	2.06238
12776	2.06235
12777	2.06232
12778	2.06229
12779	2.06226
12780	2.06222
12781	2.06219
12782	2.06216
12783	2.06212
12784	2.06208
12785	2.06205
12786	2.06201
12787	2.06197
12788	2.06193
12789	2.0619
12790	2.06186
12791	2.06182
12792	2.06178
12793	2.06174
12794	2.06169
12795	2.06165
12796	2.06161
12797	2.06157
12798	2.06152
12799	2.06148
12800	2.06144
12801	2.06139
12802	2.06135
12803	2.0613
12804	2.06126
12805	2.06121
12806	2.06117
12807	2.06112
12808	2.06107
12809	2.06103
12810	2.06098
12811	2.06093
12812	2.06089
12813	2.06084
12814	2.06079
12815	2.06074
12816	2.06069
12817	2.06065
12818	2.0606
12819	2.06055
12820	2.0605
12821	2.06045
12822	2.0604
12823	2.06036
12824	2.06031
12825	2.06026
12826	2.06021
12827	2.06016
12828	2.06011
12829	2.06007
12830	2.06002
12831	2.05997
12832	2.05992
12833	2.05987
12834	2.05983
12835	2.05978
12836	2.05973
12837	2.05968
12838	2.05964
12839	2.05959
12840	2.05954
12841	2.0595
12842	2.05945
12843	2.0594
12844	2.05936
12845	2.05931
12846	2.05927
12847	2.05922
12848	2.05918
12849	2.05913
12850	2.05909
12851	2.05905
12852	2.059
12853	2.05896
12854	2.05892
12855	2.05887
12856	2.05883
12857	2.05879
12858	2.05875
12859	2.05871
12860	2.05867
12861	2.05863
12862	2.05859
12863	2.05855
12864	2.05851
12865	2.05847
12866	2.05843
12867	2.0584
12868	2.05836
12869	2.05832
12870	2.05829
12871	2.05825
12872	2.05822
12873	2.05818
12874	2.05815
12875	2.05811
12876	2.05808
12877	2.05805
12878	2.05802
12879	2.05798
12880	2.05795
12881	2.05792
12882	2.05789
12883	2.05786
12884	2.05783
12885	2.0578
12886	2.05777
12887	2.05775
12888	2.05772
12889	2.05769
12890	2.05766
12891	2.05764
12892	2.05761
12893	2.05759
12894	2.05756
12895	2.05754
12896	2.05751
12897	2.05749
12898	2.05747
12899	2.05744
12900	2.05742
12901	2.0574
12902	2.05738
12903	2.05736
12904	2.05734
12905	2.05732
12906	2.0573
12907	2.05728
12908	2.05726
12909	2.05724
12910	2.05722
12911	2.0572
12912	2.05718
12913	2.05717
12914	2.05715
12915	2.05713
12916	2.05712
12917	2.0571
12918	2.05708
12919	2.05707
12920	2.05705
12921	2.05704
12922	2.05702
12923	2.05701
12924	2.057
12925	2.05698
12926	2.05697
12927	2.05696
12928	2.05694
12929	2.05693
12930	2.05692
12931	2.0569
12932	2.05689
12933	2.05688
12934	2.05687
12935	2.05686
12936	2.05684
12937	2.05683
12938	2.05682
12939	2.05681
12940	2.0568
12941	2.05679
12942	2.05678
12943	2.05677
12944	2.05676
12945	2.05674
12946	2.05673
12947	2.05672
12948	2.05671
12949	2.0567
12950	2.05669
12951	2.05668
12952	2.05667
12953	2.05666
12954	2.05665
12955	2.05664
12956	2.05663
12957	2.05661
12958	2.0566
12959	2.05659
12960	2.05658
12961	2.05657
12962	2.05656
12963	2.05655
12964	2.05653
12965	2.05652
12966	2.05651
12967	2.0565
12968	2.05649
12969	2.05647
12970	2.05646
12971	2.05645
12972	2.05643
12973	2.05642
12974	2.05641
12975	2.05639
12976	2.05638
12977	2.05636
12978	2.05635
12979	2.05633
12980	2.05632
12981	2.0563
12982	2.05628
12983	2.05627
12984	2.05625
12985	2.05623
12986	2.05621
12987	2.05619
12988	2.05618
12989	2.05616
12990	2.05614
12991	2.05612
12992	2.0561
12993	2.05607
12994	2.05605
12995	2.05603
12996	2.05601
12997	2.05598
12998	2.05596
12999	2.05594
13000	2.05591
13001	2.05589
13002	2.05586
13003	2.05583
13004	2.0558
13005	2.05578
13006	2.05575
13007	2.05572
13008	2.05569
13009	2.05566
13010	2.05562
13011	2.05559
13012	2.05556
13013	2.05552
13014	2.05549
13015	2.05545
13016	2.05541
13017	2.05538
13018	2.05534
13019	2.0553
13020	2.05526
13021	2.05522
13022	2.05517
13023	2.05513
13024	2.05509
13025	2.05504
13026	2.05499
13027	2.05495
13028	2.0549
13029	2.05485
13030	2.0548
13031	2.05474
13032	2.05469
13033	2.05464
13034	2.05458
13035	2.05452
13036	2.05446
13037	2.0544
13038	2.05434
13039	2.05428
13040	2.05422
13041	2.05415
13042	2.05408
13043	2.05401
13044	2.05394
13045	2.05387
13046	2.0538
13047	2.05372
13048	2.05364
13049	2.05357
13050	2.05348
13051	2.0534
13052	2.05332
13053	2.05323
13054	2.05314
13055	2.05305
13056	2.05296
13057	2.05287
13058	2.05277
13059	2.05267
13060	2.05257
13061	2.05247
13062	2.05236
13063	2.05225
13064	2.05214
13065	2.05203
13066	2.05191
13067	2.0518
13068	2.05168
13069	2.05155
13070	2.05143
13071	2.0513
13072	2.05117
13073	2.05103
13074	2.05089
13075	2.05075
13076	2.05061
13077	2.05046
13078	2.05031
13079	2.05016
13080	2.05
13081	2.04984
13082	2.04968
13083	2.04951
13084	2.04934
13085	2.04917
13086	2.04899
13087	2.04881
13088	2.04862
13089	2.04843
13090	2.04824
13091	2.04804
13092	2.04784
13093	2.04764
13094	2.04743
13095	2.04721
13096	2.04699
13097	2.04677
13098	2.04654
13099	2.04631
13100	2.04607
13101	2.04583
13102	2.04558
13103	2.04533
13104	2.04507
13105	2.0448
13106	2.04454
13107	2.04426
13108	2.04398
13109	2.0437
13110	2.04341
13111	2.04311
13112	2.04281
13113	2.0425
13114	2.04219
13115	2.04187
13116	2.04154
13117	2.04121
13118	2.04087
13119	2.04053
13120	2.04018
13121	2.03982
13122	2.03946
13123	2.03908
13124	2.03871
13125	2.03832
13126	2.03793
13127	2.03753
13128	2.03712
13129	2.03671
13130	2.03629
13131	2.03586
13132	2.03542
13133	2.03498
13134	2.03453
13135	2.03407
13136	2.0336
13137	2.03313
13138	2.03264
13139	2.03215
13140	2.03165
13141	2.03115
13142	2.03063
13143	2.03011
13144	2.02957
13145	2.02903
13146	2.02848
13147	2.02793
13148	2.02736
13149	2.02678
13150	2.0262
13151	2.0256
13152	2.025
13153	2.02439
13154	2.02377
13155	2.02314
13156	2.0225
13157	2.02185
13158	2.02119
13159	2.02053
13160	2.01985
13161	2.01917
13162	2.01847
13163	2.01777
13164	2.01705
13165	2.01633
13166	2.0156
13167	2.01486
13168	2.01411
13169	2.01334
13170	2.01257
13171	2.01179
13172	2.011
13173	2.01021
13174	2.0094
13175	2.00858
13176	2.00775
13177	2.00692
13178	2.00607
13179	2.00521
13180	2.00435
13181	2.00348
13182	2.00259
13183	2.0017
13184	2.0008
13185	1.99989
13186	1.99897
13187	1.99804
13188	1.9971
13189	1.99616
13190	1.9952
13191	1.99424
13192	1.99327
13193	1.99229
13194	1.9913
13195	1.99031
13196	1.9893
13197	1.98829
13198	1.98727
13199	1.98625
13200	1.98521
13201	1.98417
13202	1.98312
13203	1.98206
13204	1.981
13205	1.97993
13206	1.97886
13207	1.97778
13208	1.97669
13209	1.97559
13210	1.9745
13211	1.97339
13212	1.97228
13213	1.97117
13214	1.97005
13215	1.96892
13216	1.96779
13217	1.96666
13218	1.96553
13219	1.96439
13220	1.96324
13221	1.9621
13222	1.96095
13223	1.9598
13224	1.95864
13225	1.95749
13226	1.95633
13227	1.95518
13228	1.95402
13229	1.95286
13230	1.9517
13231	1.95054
13232	1.94938
13233	1.94822
13234	1.94707
13235	1.94591
13236	1.94476
13237	1.94361
13238	1.94246
13239	1.94132
13240	1.94017
13241	1.93903
13242	1.9379
13243	1.93677
13244	1.93565
13245	1.93453
13246	1.93341
13247	1.9323
13248	1.9312
13249	1.93011
13250	1.92902
13251	1.92794
13252	1.92687
13253	1.92581
13254	1.92475
13255	1.92371
13256	1.92268
13257	1.92165
13258	1.92064
13259	1.91964
13260	1.91865
13261	1.91767
13262	1.9167
13263	1.91575
13264	1.91481
13265	1.91389
13266	1.91298
13267	1.91208
13268	1.9112
13269	1.91033
13270	1.90948
13271	1.90865
13272	1.90784
13273	1.90704
13274	1.90626
13275	1.90549
13276	1.90475
13277	1.90403
13278	1.90332
13279	1.90264
13280	1.90197
13281	1.90133
13282	1.90071
13283	1.90011
13284	1.89953
13285	1.89897
13286	1.89844
13287	1.89793
13288	1.89745
13289	1.89698
13290	1.89655
13291	1.89614
13292	1.89575
13293	1.89539
13294	1.89505
13295	1.89474
13296	1.89446
13297	1.89421
13298	1.89398
13299	1.89378
13300	1.89361
13301	1.89346
13302	1.89335
13303	1.89326
13304	1.8932
13305	1.89318
13306	1.89318
13307	1.89321
13308	1.89327
13309	1.89337
13310	1.89349
13311	1.89365
13312	1.89383
13313	1.89405
13314	1.8943
13315	1.89458
13316	1.89489
13317	1.89524
13318	1.89561
13319	1.89602
13320	1.89646
13321	1.89694
13322	1.89745
13323	1.89799
13324	1.89856
13325	1.89916
13326	1.8998
13327	1.90047
13328	1.90118
13329	1.90192
13330	1.90269
13331	1.90349
13332	1.90433
13333	1.9052
13334	1.9061
13335	1.90704
13336	1.90801
13337	1.90901
13338	1.91005
13339	1.91111
13340	1.91221
13341	1.91335
13342	1.91451
13343	1.91571
13344	1.91694
13345	1.9182
13346	1.91949
13347	1.92081
13348	1.92217
13349	1.92355
13350	1.92497
13351	1.92642
13352	1.92789
13353	1.9294
13354	1.93093
13355	1.9325
13356	1.93409
13357	1.93572
13358	1.93737
13359	1.93905
13360	1.94075
13361	1.94249
13362	1.94425
13363	1.94603
13364	1.94785
13365	1.94968
13366	1.95155
13367	1.95344
13368	1.95535
13369	1.95728
13370	1.95924
13371	1.96123
13372	1.96323
13373	1.96526
13374	1.96731
13375	1.96937
13376	1.97146
13377	1.97357
13378	1.9757
13379	1.97785
13380	1.98001
13381	1.9822
13382	1.9844
13383	1.98661
13384	1.98884
13385	1.99109
13386	1.99335
13387	1.99563
13388	1.99792
13389	2.00022
13390	2.00254
13391	2.00486
13392	2.0072
13393	2.00955
13394	2.0119
13395	2.01427
13396	2.01665
13397	2.01903
13398	2.02142
13399	2.02382
13400	2.02622
13401	2.02863
13402	2.03104
13403	2.03346
13404	2.03588
13405	2.0383
13406	2.04072
13407	2.04315
13408	2.04558
13409	2.048
13410	2.05043
13411	2.05285
13412	2.05528
13413	2.0577
13414	2.06011
13415	2.06253
13416	2.06494
13417	2.06734
13418	2.06974
13419	2.07213
13420	2.07452
13421	2.07689
13422	2.07926
13423	2.08162
13424	2.08397
13425	2.08632
13426	2.08865
13427	2.09096
13428	2.09327
13429	2.09557
13430	2.09785
13431	2.10012
13432	2.10237
13433	2.10461
13434	2.10684
13435	2.10905
13436	2.11124
13437	2.11342
13438	2.11558
13439	2.11772
13440	2.11984
13441	2.12195
13442	2.12403
13443	2.1261
13444	2.12815
13445	2.13017
13446	2.13218
13447	2.13416
13448	2.13612
13449	2.13806
13450	2.13998
13451	2.14187
13452	2.14374
13453	2.14559
13454	2.14741
13455	2.14921
13456	2.15098
13457	2.15273
13458	2.15445
13459	2.15615
13460	2.15782
13461	2.15946
13462	2.16108
13463	2.16267
13464	2.16424
13465	2.16577
13466	2.16728
13467	2.16876
13468	2.17022
13469	2.17164
13470	2.17304
13471	2.17441
13472	2.17575
13473	2.17706
13474	2.17834
13475	2.17959
13476	2.18081
13477	2.18201
13478	2.18317
13479	2.18431
13480	2.18541
13481	2.18649
13482	2.18753
13483	2.18855
13484	2.18954
13485	2.19049
13486	2.19142
13487	2.19232
13488	2.19318
13489	2.19402
13490	2.19483
13491	2.19561
13492	2.19635
13493	2.19707
13494	2.19776
13495	2.19842
13496	2.19905
13497	2.19965
13498	2.20022
13499	2.20076
13500	2.20128
13501	2.20176
13502	2.20222
13503	2.20264
13504	2.20304
13505	2.20341
13506	2.20376
13507	2.20407
13508	2.20436
13509	2.20462
13510	2.20485
13511	2.20505
13512	2.20523
13513	2.20538
13514	2.2055
13515	2.2056
13516	2.20567
13517	2.20572
13518	2.20574
13519	2.20574
13520	2.20571
13521	2.20565
13522	2.20557
13523	2.20547
13524	2.20534
13525	2.20519
13526	2.20502
13527	2.20482
13528	2.2046
13529	2.20436
13530	2.20409
13531	2.20381
13532	2.2035
13533	2.20317
13534	2.20282
13535	2.20245
13536	2.20206
13537	2.20165
13538	2.20121
13539	2.20076
13540	2.20029
13541	2.19981
13542	2.1993
13543	2.19878
13544	2.19823
13545	2.19767
13546	2.1971
13547	2.1965
13548	2.19589
13549	2.19527
13550	2.19463
13551	2.19397
13552	2.1933
13553	2.19261
13554	2.19191
13555	2.1912
13556	2.19047
13557	2.18973
13558	2.18898
13559	2.18821
13560	2.18743
13561	2.18664
13562	2.18584
13563	2.18502
13564	2.1842
13565	2.18336
13566	2.18252
13567	2.18166
13568	2.1808
13569	2.17992
13570	2.17904
13571	2.17815
13572	2.17725
13573	2.17634
13574	2.17543
13575	2.1745
13576	2.17357
13577	2.17264
13578	2.17169
13579	2.17074
13580	2.16979
13581	2.16883
13582	2.16786
13583	2.16689
13584	2.16591
13585	2.16493
13586	2.16395
13587	2.16296
13588	2.16197
13589	2.16098
13590	2.15998
13591	2.15898
13592	2.15798
13593	2.15697
13594	2.15596
13595	2.15496
13596	2.15395
13597	2.15293
13598	2.15192
13599	2.15091
13600	2.14989
13601	2.14888
13602	2.14787
13603	2.14685
13604	2.14584
13605	2.14483
13606	2.14381
13607	2.1428
13608	2.14179
13609	2.14079
13610	2.13978
13611	2.13877
13612	2.13777
13613	2.13677
13614	2.13577
13615	2.13478
13616	2.13378
13617	2.13279
13618	2.1318
13619	2.13082
13620	2.12984
13621	2.12886
13622	2.12789
13623	2.12692
13624	2.12595
13625	2.12499
13626	2.12403
13627	2.12308
13628	2.12213
13629	2.12118
13630	2.12024
13631	2.11931
13632	2.11838
13633	2.11745
13634	2.11653
13635	2.11562
13636	2.11471
13637	2.1138
13638	2.11291
13639	2.11201
13640	2.11113
13641	2.11024
13642	2.10937
13643	2.1085
13644	2.10763
13645	2.10678
13646	2.10592
13647	2.10508
13648	2.10424
13649	2.1034
13650	2.10258
13651	2.10176
13652	2.10094
13653	2.10013
13654	2.09933
13655	2.09854
13656	2.09775
13657	2.09697
13658	2.09619
13659	2.09542
13660	2.09466
13661	2.09391
13662	2.09316
13663	2.09242
13664	2.09168
13665	2.09095
13666	2.09023
13667	2.08952
13668	2.08881
13669	2.08811
13670	2.08741
13671	2.08672
13672	2.08604
13673	2.08537
13674	2.0847
13675	2.08404
13676	2.08339
13677	2.08274
13678	2.0821
13679	2.08146
13680	2.08084
13681	2.08022
13682	2.0796
13683	2.079
13684	2.0784
13685	2.0778
13686	2.07721
13687	2.07663
13688	2.07606
13689	2.07549
13690	2.07493
13691	2.07437
13692	2.07383
13693	2.07328
13694	2.07275
13695	2.07222
13696	2.07169
13697	2.07118
13698	2.07067
13699	2.07016
13700	2.06966
13701	2.06917
13702	2.06868
13703	2.0682
13704	2.06773
13705	2.06726
13706	2.0668
13707	2.06634
13708	2.06589
13709	2.06545
13710	2.06501
13711	2.06457
13712	2.06414
13713	2.06372
13714	2.06331
13715	2.06289
13716	2.06249
13717	2.06209
13718	2.06169
13719	2.0613
13720	2.06092
13721	2.06054
13722	2.06017
13723	2.0598
13724	2.05943
13725	2.05908
13726	2.05872
13727	2.05838
13728	2.05803
13729	2.05769
13730	2.05736
13731	2.05703
13732	2.05671
13733	2.05639
13734	2.05608
13735	2.05577
13736	2.05546
13737	2.05516
13738	2.05487
13739	2.05458
13740	2.05429
13741	2.05401
13742	2.05373
13743	2.05346
13744	2.05319
13745	2.05293
13746	2.05267
13747	2.05241
13748	2.05216
13749	2.05191
13750	2.05167
13751	2.05143
13752	2.0512
13753	2.05096
13754	2.05074
13755	2.05052
13756	2.0503
13757	2.05008
13758	2.04987
13759	2.04966
13760	2.04946
13761	2.04926
13762	2.04907
13763	2.04887
13764	2.04869
13765	2.0485
13766	2.04832
13767	2.04814
13768	2.04797
13769	2.0478
13770	2.04763
13771	2.04747
13772	2.04731
13773	2.04715
13774	2.047
13775	2.04685
13776	2.04671
13777	2.04656
13778	2.04643
13779	2.04629
13780	2.04616
13781	2.04603
13782	2.0459
13783	2.04578
13784	2.04566
13785	2.04554
13786	2.04543
13787	2.04532
13788	2.04521
13789	2.0451
13790	2.045
13791	2.0449
13792	2.04481
13793	2.04471
13794	2.04462
13795	2.04454
13796	2.04445
13797	2.04437
13798	2.04429
13799	2.04422
13800	2.04414
13801	2.04407
13802	2.044
13803	2.04394
13804	2.04388
13805	2.04382
13806	2.04376
13807	2.0437
13808	2.04365
13809	2.0436
13810	2.04355
13811	2.04351
13812	2.04346
13813	2.04342
13814	2.04339
13815	2.04335
13816	2.04332
13817	2.04329
13818	2.04326
13819	2.04323
13820	2.0432
13821	2.04318
13822	2.04316
13823	2.04314
13824	2.04313
13825	2.04311
13826	2.0431
13827	2.04309
13828	2.04308
13829	2.04307
13830	2.04307
13831	2.04307
13832	2.04306
13833	2.04306
13834	2.04307
13835	2.04307
13836	2.04308
13837	2.04308
13838	2.04309
13839	2.0431
13840	2.04312
13841	2.04313
13842	2.04314
13843	2.04316
13844	2.04318
13845	2.0432
13846	2.04322
13847	2.04324
13848	2.04326
13849	2.04329
13850	2.04331
13851	2.04334
13852	2.04337
13853	2.0434
13854	2.04343
13855	2.04346
13856	2.04349
13857	2.04352
13858	2.04356
13859	2.04359
13860	2.04363
13861	2.04367
13862	2.04371
13863	2.04374
13864	2.04378
13865	2.04382
13866	2.04387
13867	2.04391
13868	2.04395
13869	2.04399
13870	2.04404
13871	2.04408
13872	2.04413
13873	2.04417
13874	2.04422
13875	2.04426
13876	2.04431
13877	2.04436
13878	2.0444
13879	2.04445
13880	2.0445
13881	2.04455
13882	2.0446
13883	2.04464
13884	2.04469
13885	2.04474
13886	2.04479
13887	2.04484
13888	2.04489
13889	2.04494
13890	2.04499
13891	2.04504
13892	2.04509
13893	2.04514
13894	2.04519
13895	2.04524
13896	2.04529
13897	2.04534
13898	2.04538
13899	2.04543
13900	2.04548
13901	2.04553
13902	2.04558
13903	2.04563
13904	2.04568
13905	2.04572
13906	2.04577
13907	2.04582
13908	2.04586
13909	2.04591
13910	2.04596
13911	2.046
13912	2.04605
13913	2.04609
13914	2.04614
13915	2.04618
13916	2.04622
13917	2.04627
13918	2.04631
13919	2.04635
13920	2.04639
13921	2.04644
13922	2.04648
13923	2.04652
13924	2.04656
13925	2.0466
13926	2.04663
13927	2.04667
13928	2.04671
13929	2.04675
13930	2.04678
13931	2.04682
13932	2.04685
13933	2.04689
13934	2.04692
13935	2.04696
13936	2.04699
13937	2.04702
13938	2.04705
13939	2.04708
13940	2.04711
13941	2.04714
13942	2.04717
13943	2.0472
13944	2.04723
13945	2.04726
13946	2.04728
13947	2.04731
13948	2.04734
13949	2.04736
13950	2.04738
13951	2.04741
13952	2.04743
13953	2.04745
13954	2.04748
13955	2.0475
13956	2.04752
13957	2.04754
13958	2.04756
13959	2.04758
13960	2.04759
13961	2.04761
13962	2.04763
13963	2.04765
13964	2.04766
13965	2.04768
13966	2.04769
13967	2.04771
13968	2.04772
13969	2.04774
13970	2.04775
13971	2.04776
13972	2.04777
13973	2.04778
13974	2.04779
13975	2.04781
13976	2.04782
13977	2.04782
13978	2.04783
13979	2.04784
13980	2.04785
13981	2.04786
13982	2.04787
13983	2.04787
13984	2.04788
13985	2.04789
13986	2.04789
13987	2.0479
13988	2.0479
13989	2.04791
13990	2.04791
13991	2.04792
13992	2.04792
13993	2.04792
13994	2.04793
13995	2.04793
13996	2.04793
13997	2.04793
13998	2.04793
13999	2.04794
14000	2.04794
14001	2.04794
14002	2.04794
14003	2.04794
14004	2.04794
14005	2.04794
14006	2.04794
14007	2.04794
14008	2.04794
14009	2.04794
14010	2.04794
14011	2.04794
14012	2.04794
14013	2.04794
14014	2.04793
14015	2.04793
14016	2.04793
14017	2.04793
14018	2.04793
14019	2.04793
14020	2.04792
14021	2.04792
14022	2.04792
14023	2.04792
14024	2.04792
14025	2.04791
14026	2.04791
14027	2.04791
14028	2.04791
14029	2.0479
14030	2.0479
14031	2.0479
14032	2.0479
14033	2.04789
14034	2.04789
14035	2.04789
14036	2.04789
14037	2.04788
14038	2.04788
14039	2.04788
14040	2.04788
14041	2.04787
14042	2.04787
14043	2.04787
14044	2.04787
14045	2.04786
14046	2.04786
14047	2.04786
14048	2.04786
14049	2.04786
14050	2.04785
14051	2.04785
14052	2.04785
14053	2.04785
14054	2.04785
14055	2.04784
14056	2.04784
14057	2.04784
14058	2.04784
14059	2.04784
14060	2.04784
14061	2.04784
14062	2.04783
14063	2.04783
14064	2.04783
14065	2.04783
14066	2.04783
14067	2.04783
14068	2.04783
14069	2.04783
14070	2.04783
14071	2.04783
14072	2.04783
14073	2.04783
14074	2.04783
14075	2.04782
14076	2.04782
14077	2.04782
14078	2.04782
14079	2.04782
14080	2.04782
14081	2.04782
14082	2.04782
14083	2.04782
14084	2.04783
14085	2.04783
14086	2.04783
14087	2.04783
14088	2.04783
14089	2.04783
14090	2.04783
14091	2.04783
14092	2.04783
14093	2.04783
14094	2.04783
14095	2.04783
14096	2.04783
14097	2.04783
14098	2.04783
14099	2.04783
14100	2.04783
14101	2.04784
14102	2.04784
14103	2.04784
14104	2.04784
14105	2.04784
14106	2.04784
14107	2.04784
14108	2.04784
14109	2.04784
14110	2.04784
14111	2.04784
14112	2.04784
14113	2.04784
14114	2.04784
14115	2.04784
14116	2.04784
14117	2.04784
14118	2.04784
14119	2.04784
14120	2.04784
14121	2.04784
14122	2.04784
14123	2.04784
14124	2.04784
14125	2.04784
14126	2.04784
14127	2.04784
14128	2.04784
14129	2.04784
14130	2.04783
14131	2.04783
14132	2.04783
14133	2.04783
14134	2.04783
14135	2.04783
14136	2.04782
14137	2.04782
14138	2.04782
14139	2.04782
14140	2.04781
14141	2.04781
14142	2.04781
14143	2.04781
14144	2.0478
14145	2.0478
14146	2.0478
14147	2.04779
14148	2.04779
14149	2.04778
14150	2.04778
14151	2.04778
14152	2.04777
14153	2.04777
14154	2.04776
14155	2.04776
14156	2.04775
14157	2.04775
14158	2.04774
14159	2.04774
14160	2.04773
14161	2.04772
14162	2.04772
14163	2.04771
14164	2.04771
14165	2.0477
14166	2.0477
14167	2.04769
14168	2.04768
14169	2.04768
14170	2.04767
14171	2.04766
14172	2.04766
14173	2.04765
14174	2.04764
14175	2.04764
14176	2.04763
14177	2.04762
14178	2.04762
14179	2.04761
14180	2.04761
14181	2.0476
14182	2.04759
14183	2.04759
14184	2.04758
14185	2.04758
14186	2.04757
14187	2.04757
14188	2.04756
14189	2.04756
14190	2.04755
14191	2.04755
14192	2.04755
14193	2.04754
14194	2.04754
14195	2.04754
14196	2.04753
14197	2.04753
14198	2.04753
14199	2.04753
14200	2.04753
14201	2.04753
14202	2.04753
14203	2.04754
14204	2.04754
14205	2.04754
14206	2.04755
14207	2.04755
14208	2.04756
14209	2.04756
14210	2.04757
14211	2.04758
14212	2.04759
14213	2.0476
14214	2.04761
14215	2.04763
14216	2.04764
14217	2.04766
14218	2.04767
14219	2.04769
14220	2.04771
14221	2.04773
14222	2.04776
14223	2.04778
14224	2.04781
14225	2.04784
14226	2.04787
14227	2.0479
14228	2.04793
14229	2.04797
14230	2.048
14231	2.04804
14232	2.04808
14233	2.04813
14234	2.04817
14235	2.04822
14236	2.04827
14237	2.04833
14238	2.04838
14239	2.04844
14240	2.0485
14241	2.04857
14242	2.04863
14243	2.0487
14244	2.04878
14245	2.04885
14246	2.04893
14247	2.04901
14248	2.0491
14249	2.04919
14250	2.04928
14251	2.04937
14252	2.04947
14253	2.04958
14254	2.04968
14255	2.04979
14256	2.04991
14257	2.05003
14258	2.05015
14259	2.05028
14260	2.05041
14261	2.05054
14262	2.05068
14263	2.05083
14264	2.05097
14265	2.05113
14266	2.05128
14267	2.05145
14268	2.05161
14269	2.05179
14270	2.05196
14271	2.05215
14272	2.05233
14273	2.05253
14274	2.05272
14275	2.05293
14276	2.05314
14277	2.05335
14278	2.05357
14279	2.0538
14280	2.05403
14281	2.05427
14282	2.05451
14283	2.05476
14284	2.05502
14285	2.05528
14286	2.05554
14287	2.05582
14288	2.0561
14289	2.05639
14290	2.05668
14291	2.05698
14292	2.05728
14293	2.0576
14294	2.05791
14295	2.05824
14296	2.05857
14297	2.05891
14298	2.05926
14299	2.05961
14300	2.05997
14301	2.06034
14302	2.06071
14303	2.06109
14304	2.06148
14305	2.06187
14306	2.06227
14307	2.06268
14308	2.0631
14309	2.06352
14310	2.06395
14311	2.06439
14312	2.06483
14313	2.06528
14314	2.06574
14315	2.06621
14316	2.06668
14317	2.06716
14318	2.06765
14319	2.06814
14320	2.06864
14321	2.06915
14322	2.06967
14323	2.07019
14324	2.07072
14325	2.07125
14326	2.07179
14327	2.07234
14328	2.0729
14329	2.07346
14330	2.07403
14331	2.07461
14332	2.07519
14333	2.07578
14334	2.07637
14335	2.07697
14336	2.07758
14337	2.07819
14338	2.07881
14339	2.07944
14340	2.08007
14341	2.08071
14342	2.08135
14343	2.082
14344	2.08265
14345	2.08331
14346	2.08397
14347	2.08464
14348	2.08531
14349	2.08599
14350	2.08667
14351	2.08736
14352	2.08805
14353	2.08874
14354	2.08944
14355	2.09014
14356	2.09085
14357	2.09156
14358	2.09227
14359	2.09299
14360	2.09371
14361	2.09443
14362	2.09515
14363	2.09588
14364	2.0966
14365	2.09733
14366	2.09806
14367	2.0988
14368	2.09953
14369	2.10027
14370	2.101
14371	2.10174
14372	2.10247
14373	2.10321
14374	2.10395
14375	2.10468
14376	2.10542
14377	2.10615
14378	2.10688
14379	2.10762
14380	2.10835
14381	2.10907
14382	2.1098
14383	2.11052
14384	2.11124
14385	2.11196
14386	2.11268
14387	2.11339
14388	2.11409
14389	2.1148
14390	2.1155
14391	2.11619
14392	2.11688
14393	2.11757
14394	2.11824
14395	2.11892
14396	2.11958
14397	2.12025
14398	2.1209
14399	2.12155
14400	2.12219
14401	2.12282
14402	2.12345
14403	2.12407
14404	2.12468
14405	2.12528
14406	2.12587
14407	2.12645
14408	2.12703
14409	2.12759
14410	2.12814
14411	2.12869
14412	2.12922
14413	2.12975
14414	2.13026
14415	2.13076
14416	2.13125
14417	2.13173
14418	2.13219
14419	2.13265
14420	2.13309
14421	2.13352
14422	2.13393
14423	2.13433
14424	2.13472
14425	2.1351
14426	2.13546
14427	2.1358
14428	2.13614
14429	2.13645
14430	2.13676
14431	2.13704
14432	2.13732
14433	2.13757
14434	2.13782
14435	2.13804
14436	2.13825
14437	2.13844
14438	2.13862
14439	2.13878
14440	2.13892
14441	2.13905
14442	2.13916
14443	2.13925
14444	2.13933
14445	2.13938
14446	2.13942
14447	2.13945
14448	2.13945
14449	2.13944
14450	2.1394
14451	2.13935
14452	2.13928
14453	2.1392
14454	2.13909
14455	2.13897
14456	2.13882
14457	2.13866
14458	2.13848
14459	2.13828
14460	2.13807
14461	2.13783
14462	2.13757
14463	2.1373
14464	2.137
14465	2.13669
14466	2.13636
14467	2.13601
14468	2.13564
14469	2.13525
14470	2.13484
14471	2.13442
14472	2.13397
14473	2.13351
14474	2.13303
14475	2.13253
14476	2.13201
14477	2.13147
14478	2.13091
14479	2.13034
14480	2.12974
14481	2.12913
14482	2.1285
14483	2.12785
14484	2.12719
14485	2.12651
14486	2.12581
14487	2.12509
14488	2.12436
14489	2.1236
14490	2.12284
14491	2.12205
14492	2.12125
14493	2.12043
14494	2.1196
14495	2.11875
14496	2.11788
14497	2.117
14498	2.11611
14499	2.11519
14500	2.11427
14501	2.11333
14502	2.11237
14503	2.1114
14504	2.11042
14505	2.10942
14506	2.10841
14507	2.10739
14508	2.10635
14509	2.10531
14510	2.10425
14511	2.10317
14512	2.10209
14513	2.10099
14514	2.09989
14515	2.09877
14516	2.09764
14517	2.0965
14518	2.09535
14519	2.0942
14520	2.09303
14521	2.09185
14522	2.09067
14523	2.08948
14524	2.08827
14525	2.08707
14526	2.08585
14527	2.08463
14528	2.0834
14529	2.08216
14530	2.08092
14531	2.07967
14532	2.07842
14533	2.07716
14534	2.0759
14535	2.07463
14536	2.07336
14537	2.07209
14538	2.07081
14539	2.06953
14540	2.06825
14541	2.06696
14542	2.06567
14543	2.06439
14544	2.0631
14545	2.06181
14546	2.06051
14547	2.05922
14548	2.05793
14549	2.05664
14550	2.05535
14551	2.05406
14552	2.05278
14553	2.05149
14554	2.05021
14555	2.04893
14556	2.04765
14557	2.04638
14558	2.04511
14559	2.04384
14560	2.04258
14561	2.04132
14562	2.04006
14563	2.03881
14564	2.03757
14565	2.03633
14566	2.0351
14567	2.03388
14568	2.03266
14569	2.03145
14570	2.03024
14571	2.02904
14572	2.02785
14573	2.02667
14574	2.0255
14575	2.02433
14576	2.02318
14577	2.02203
14578	2.02089
14579	2.01976
14580	2.01865
14581	2.01754
14582	2.01644
14583	2.01535
14584	2.01427
14585	2.01321
14586	2.01215
14587	2.01111
14588	2.01007
14589	2.00905
14590	2.00804
14591	2.00705
14592	2.00606
14593	2.00509
14594	2.00413
14595	2.00318
14596	2.00225
14597	2.00133
14598	2.00042
14599	1.99953
14600	1.99865
14601	1.99778
14602	1.99693
14603	1.99609
14604	1.99526
14605	1.99445
14606	1.99366
14607	1.99287
14608	1.99211
14609	1.99135
14610	1.99061
14611	1.98989
14612	1.98918
14613	1.98849
14614	1.98781
14615	1.98714
14616	1.98649
14617	1.98586
14618	1.98524
14619	1.98463
14620	1.98404
14621	1.98347
14622	1.98291
14623	1.98237
14624	1.98184
14625	1.98133
14626	1.98083
14627	1.98035
14628	1.97988
14629	1.97943
14630	1.97899
14631	1.97857
14632	1.97817
14633	1.97777
14634	1.9774
14635	1.97704
14636	1.97669
14637	1.97636
14638	1.97605
14639	1.97574
14640	1.97546
14641	1.97519
14642	1.97493
14643	1.97469
14644	1.97446
14645	1.97425
14646	1.97405
14647	1.97386
14648	1.97369
14649	1.97353
14650	1.97339
14651	1.97326
14652	1.97315
14653	1.97305
14654	1.97296
14655	1.97289
14656	1.97282
14657	1.97278
14658	1.97274
14659	1.97272
14660	1.97271
14661	1.97271
14662	1.97273
14663	1.97276
14664	1.9728
14665	1.97285
14666	1.97292
14667	1.97299
14668	1.97308
14669	1.97318
14670	1.97329
14671	1.97342
14672	1.97355
14673	1.9737
14674	1.97385
14675	1.97402
14676	1.97419
14677	1.97438
14678	1.97458
14679	1.97479
14680	1.975
14681	1.97523
14682	1.97547
14683	1.97571
14684	1.97596
14685	1.97623
14686	1.9765
14687	1.97678
14688	1.97707
14689	1.97737
14690	1.97768
14691	1.97799
14692	1.97831
14693	1.97864
14694	1.97898
14695	1.97932
14696	1.97967
14697	1.98003
14698	1.9804
14699	1.98077
14700	1.98115
14701	1.98153
14702	1.98192
14703	1.98232
14704	1.98272
14705	1.98313
14706	1.98354
14707	1.98396
14708	1.98438
14709	1.98481
14710	1.98525
14711	1.98568
14712	1.98613
14713	1.98657
14714	1.98702
14715	1.98748
14716	1.98794
14717	1.9884
14718	1.98887
14719	1.98934
14720	1.98981
14721	1.99029
14722	1.99077
14723	1.99125
14724	1.99173
14725	1.99222
14726	1.99271
14727	1.9932
14728	1.99369
14729	1.99419
14730	1.99469
14731	1.99519
14732	1.99569
14733	1.99619
14734	1.99669
14735	1.9972
14736	1.9977
14737	1.99821
14738	1.99872
14739	1.99923
14740	1.99974
14741	2.00025
14742	2.00075
14743	2.00126
14744	2.00177
14745	2.00228
14746	2.00279
14747	2.0033
14748	2.00381
14749	2.00432
14750	2.00483
14751	2.00534
14752	2.00585
14753	2.00635
14754	2.00686
14755	2.00736
14756	2.00787
14757	2.00837
14758	2.00887
14759	2.00937
14760	2.00987
14761	2.01036
14762	2.01086
14763	2.01135
14764	2.01184
14765	2.01233
14766	2.01282
14767	2.01331
14768	2.01379
14769	2.01428
14770	2.01476
14771	2.01523
14772	2.01571
14773	2.01618
14774	2.01665
14775	2.01712
14776	2.01759
14777	2.01805
14778	2.01851
14779	2.01897
14780	2.01943
14781	2.01988
14782	2.02033
14783	2.02078
14784	2.02122
14785	2.02166
14786	2.0221
14787	2.02254
14788	2.02297
14789	2.0234
14790	2.02382
14791	2.02425
14792	2.02467
14793	2.02509
14794	2.0255
14795	2.02591
14796	2.02632
14797	2.02672
14798	2.02712
14799	2.02752
14800	2.02791
14801	2.02831
14802	2.02869
14803	2.02908
14804	2.02946
14805	2.02984
14806	2.03021
14807	2.03058
14808	2.03095
14809	2.03131
14810	2.03167
14811	2.03203
14812	2.03238
14813	2.03273
14814	2.03308
14815	2.03342
14816	2.03376
14817	2.03409
14818	2.03443
14819	2.03476
14820	2.03508
14821	2.0354
14822	2.03572
14823	2.03604
14824	2.03635
14825	2.03665
14826	2.03696
14827	2.03726
14828	2.03756
14829	2.03785
14830	2.03814
14831	2.03843
14832	2.03871
14833	2.03899
14834	2.03927
14835	2.03954
14836	2.03981
14837	2.04008
14838	2.04034
14839	2.0406
14840	2.04085
14841	2.04111
14842	2.04136
14843	2.0416
14844	2.04185
14845	2.04208
14846	2.04232
14847	2.04255
14848	2.04278
14849	2.04301
14850	2.04323
14851	2.04345
14852	2.04367
14853	2.04388
14854	2.04409
14855	2.0443
14856	2.0445
14857	2.0447
14858	2.0449
14859	2.0451
14860	2.04529
14861	2.04548
14862	2.04566
14863	2.04584
14864	2.04602
14865	2.0462
14866	2.04637
14867	2.04654
14868	2.04671
14869	2.04688
14870	2.04704
14871	2.0472
14872	2.04735
14873	2.04751
14874	2.04766
14875	2.0478
14876	2.04795
14877	2.04809
14878	2.04823
14879	2.04837
14880	2.0485
14881	2.04863
14882	2.04876
14883	2.04889
14884	2.04901
14885	2.04914
14886	2.04925
14887	2.04937
14888	2.04948
14889	2.0496
14890	2.0497
14891	2.04981
14892	2.04992
14893	2.05002
14894	2.05012
14895	2.05021
14896	2.05031
14897	2.0504
14898	2.05049
14899	2.05058
14900	2.05067
14901	2.05075
14902	2.05083
14903	2.05091
14904	2.05099
14905	2.05106
14906	2.05113
14907	2.05121
14908	2.05127
14909	2.05134
14910	2.05141
14911	2.05147
14912	2.05153
14913	2.05159
14914	2.05165
14915	2.0517
14916	2.05176
14917	2.05181
14918	2.05186
14919	2.05191
14920	2.05195
14921	2.052
14922	2.05204
14923	2.05208
14924	2.05212
14925	2.05216
14926	2.0522
14927	2.05223
14928	2.05227
14929	2.0523
14930	2.05233
14931	2.05236
14932	2.05239
14933	2.05241
14934	2.05244
14935	2.05246
14936	2.05248
14937	2.0525
14938	2.05252
14939	2.05254
14940	2.05256
14941	2.05257
14942	2.05259
14943	2.0526
14944	2.05261
14945	2.05262
14946	2.05263
14947	2.05264
14948	2.05265
14949	2.05265
14950	2.05266
14951	2.05266
14952	2.05266
14953	2.05267
14954	2.05267
14955	2.05267
14956	2.05267
14957	2.05267
14958	2.05266
14959	2.05266
14960	2.05266
14961	2.05265
14962	2.05265
14963	2.05264
14964	2.05263
14965	2.05262
14966	2.05262
14967	2.05261
14968	2.0526
14969	2.05259
14970	2.05257
14971	2.05256
14972	2.05255
14973	2.05254
14974	2.05252
14975	2.05251
14976	2.05249
14977	2.05248
14978	2.05246
14979	2.05245
14980	2.05243
14981	2.05241
14982	2.0524
14983	2.05238
14984	2.05236
14985	2.05234
14986	2.05232
14987	2.0523
14988	2.05228
14989	2.05226
14990	2.05224
14991	2.05222
14992	2.0522
14993	2.05218
14994	2.05216
14995	2.05214
14996	2.05212
14997	2.05209
14998	2.05207
14999	2.05205
15000	2.05203
15001	2.05201
15002	2.05198
15003	2.05196
15004	2.05194
15005	2.05192
15006	2.05189
15007	2.05187
15008	2.05185
15009	2.05182
15010	2.0518
15011	2.05178
15012	2.05176
15013	2.05173
15014	2.05171
15015	2.05169
15016	2.05166
15017	2.05164
15018	2.05162
15019	2.0516
15020	2.05157
15021	2.05155
15022	2.05153
15023	2.05151
15024	2.05148
15025	2.05146
15026	2.05144
15027	2.05142
15028	2.0514
15029	2.05138
15030	2.05135
15031	2.05133
15032	2.05131
15033	2.05129
15034	2.05127
15035	2.05125
15036	2.05123
15037	2.05121
15038	2.05119
15039	2.05117
15040	2.05115
15041	2.05113
15042	2.05111
15043	2.05109
15044	2.05108
15045	2.05106
15046	2.05104
15047	2.05102
15048	2.051
15049	2.05099
15050	2.05097
15051	2.05095
15052	2.05094
15053	2.05092
15054	2.0509
15055	2.05089
15056	2.05087
15057	2.05086
15058	2.05084
15059	2.05083
15060	2.05081
15061	2.0508
15062	2.05078
15063	2.05077
15064	2.05076
15065	2.05074
15066	2.05073
15067	2.05072
15068	2.0507
15069	2.05069
15070	2.05068
15071	2.05067
15072	2.05066
15073	2.05064
15074	2.05063
15075	2.05062
15076	2.05061
15077	2.0506
15078	2.05059
15079	2.05058
15080	2.05057
15081	2.05056
15082	2.05055
15083	2.05054
15084	2.05053
15085	2.05053
15086	2.05052
15087	2.05051
15088	2.0505
15089	2.05049
15090	2.05049
15091	2.05048
15092	2.05047
15093	2.05047
15094	2.05046
15095	2.05045
15096	2.05045
15097	2.05044
15098	2.05044
15099	2.05043
15100	2.05042
15101	2.05042
15102	2.05041
15103	2.05041
15104	2.0504
15105	2.0504
15106	2.0504
15107	2.05039
15108	2.05039
15109	2.05038
15110	2.05038
15111	2.05038
15112	2.05037
15113	2.05037
15114	2.05037
15115	2.05036
15116	2.05036
15117	2.05036
15118	2.05036
15119	2.05035
15120	2.05035
15121	2.05035
15122	2.05035
15123	2.05034
15124	2.05034
15125	2.05034
15126	2.05034
15127	2.05034
15128	2.05034
15129	2.05033
15130	2.05033
15131	2.05033
15132	2.05033
15133	2.05033
15134	2.05033
15135	2.05033
15136	2.05033
15137	2.05033
15138	2.05032
15139	2.05032
15140	2.05032
15141	2.05032
15142	2.05032
15143	2.05032
15144	2.05032
15145	2.05032
15146	2.05032
15147	2.05032
15148	2.05032
15149	2.05032
15150	2.05032
15151	2.05032
15152	2.05032
15153	2.05032
15154	2.05032
15155	2.05032
15156	2.05032
15157	2.05032
15158	2.05032
15159	2.05032
15160	2.05032
15161	2.05032
15162	2.05032
15163	2.05032
15164	2.05032
15165	2.05032
15166	2.05031
15167	2.05031
15168	2.05031
15169	2.05031
15170	2.05031
15171	2.05031
15172	2.05031
15173	2.05031
15174	2.05031
15175	2.05031
15176	2.05031
15177	2.05031
15178	2.05031
15179	2.05031
15180	2.05031
15181	2.05031
15182	2.05031
15183	2.05031
15184	2.05031
15185	2.05031
15186	2.0503
15187	2.0503
15188	2.0503
15189	2.0503
15190	2.0503
15191	2.0503
15192	2.0503
15193	2.0503
15194	2.0503
15195	2.05029
15196	2.05029
15197	2.05029
15198	2.05029
15199	2.05029
15200	2.05029
15201	2.05029
15202	2.05028
15203	2.05028
15204	2.05028
15205	2.05028
15206	2.05028
15207	2.05028
15208	2.05027
15209	2.05027
15210	2.05027
15211	2.05027
15212	2.05026
15213	2.05026
15214	2.05026
15215	2.05026
15216	2.05026
15217	2.05025
15218	2.05025
15219	2.05025
15220	2.05024
15221	2.05024
15222	2.05024
15223	2.05024
15224	2.05023
15225	2.05023
15226	2.05023
15227	2.05022
15228	2.05022
15229	2.05022
15230	2.05021
15231	2.05021
15232	2.05021
15233	2.0502
15234	2.0502
15235	2.0502
15236	2.05019
15237	2.05019
15238	2.05018
15239	2.05018
15240	2.05017
15241	2.05017
15242	2.05017
15243	2.05016
15244	2.05016
15245	2.05015
15246	2.05015
15247	2.05014
15248	2.05014
15249	2.05013
15250	2.05013
15251	2.05012
15252	2.05011
15253	2.05011
15254	2.0501
15255	2.0501
15256	2.05009
15257	2.05008
15258	2.05008
15259	2.05007
15260	2.05006
15261	2.05006
15262	2.05005
15263	2.05004
15264	2.05003
15265	2.05003
15266	2.05002
15267	2.05001
15268	2.05
15269	2.04999
15270	2.04998
15271	2.04998
15272	2.04997
15273	2.04996
15274	2.04995
15275	2.04994
15276	2.04993
15277	2.04991
15278	2.0499
15279	2.04989
15280	2.04988
15281	2.04987
15282	2.04985
15283	2.04984
15284	2.04983
15285	2.04981
15286	2.0498
15287	2.04979
15288	2.04977
15289	2.04975
15290	2.04974
15291	2.04972
15292	2.0497
15293	2.04969
15294	2.04967
15295	2.04965
15296	2.04963
15297	2.04961
15298	2.04959
15299	2.04957
15300	2.04955
15301	2.04952
15302	2.0495
15303	2.04948
15304	2.04945
15305	2.04943
15306	2.0494
15307	2.04937
15308	2.04934
15309	2.04932
15310	2.04929
15311	2.04925
15312	2.04922
15313	2.04919
15314	2.04916
15315	2.04912
15316	2.04909
15317	2.04905
15318	2.04901
15319	2.04897
15320	2.04893
15321	2.04889
15322	2.04885
15323	2.0488
15324	2.04876
15325	2.04871
15326	2.04866
15327	2.04861
15328	2.04856
15329	2.04851
15330	2.04845
15331	2.0484
15332	2.04834
15333	2.04828
15334	2.04822
15335	2.04816
15336	2.04809
15337	2.04803
15338	2.04796
15339	2.04789
15340	2.04782
15341	2.04775
15342	2.04767
15343	2.04759
15344	2.04751
15345	2.04743
15346	2.04735
15347	2.04726
15348	2.04717
15349	2.04708
15350	2.04699
15351	2.04689
15352	2.0468
15353	2.0467
15354	2.04659
15355	2.04649
15356	2.04638
15357	2.04627
15358	2.04615
15359	2.04604
15360	2.04592
15361	2.0458
15362	2.04567
15363	2.04554
15364	2.04541
15365	2.04528
15366	2.04514
15367	2.045
15368	2.04486
15369	2.04471
15370	2.04456
15371	2.04441
15372	2.04425
15373	2.04409
15374	2.04393
15375	2.04376
15376	2.04359
15377	2.04342
15378	2.04324
15379	2.04306
15380	2.04287
15381	2.04269
15382	2.04249
15383	2.0423
15384	2.0421
15385	2.04189
15386	2.04168
15387	2.04147
15388	2.04125
15389	2.04103
15390	2.04081
15391	2.04058
15392	2.04035
15393	2.04011
15394	2.03987
15395	2.03962
15396	2.03937
15397	2.03912
15398	2.03886
15399	2.0386
15400	2.03833
15401	2.03806
15402	2.03778
15403	2.0375
15404	2.03721
15405	2.03692
15406	2.03663
15407	2.03633
15408	2.03603
15409	2.03572
15410	2.0354
15411	2.03509
15412	2.03476
15413	2.03444
15414	2.03411
15415	2.03377
15416	2.03343
15417	2.03308
15418	2.03273
15419	2.03238
15420	2.03202
15421	2.03165
15422	2.03128
15423	2.03091
15424	2.03053
15425	2.03015
15426	2.02976
15427	2.02937
15428	2.02897
15429	2.02857
15430	2.02816
15431	2.02775
15432	2.02734
15433	2.02692
15434	2.0265
15435	2.02607
15436	2.02564
15437	2.0252
15438	2.02476
15439	2.02431
15440	2.02387
15441	2.02341
15442	2.02296
15443	2.02249
15444	2.02203
15445	2.02156
15446	2.02109
15447	2.02061
15448	2.02013
15449	2.01965
15450	2.01916
15451	2.01867
15452	2.01818
15453	2.01768
15454	2.01718
15455	2.01668
15456	2.01617
15457	2.01567
15458	2.01515
15459	2.01464
15460	2.01412
15461	2.0136
15462	2.01308
15463	2.01256
15464	2.01203
15465	2.01151
15466	2.01098
15467	2.01044
15468	2.00991
15469	2.00938
15470	2.00884
15471	2.0083
15472	2.00776
15473	2.00723
15474	2.00668
15475	2.00614
15476	2.0056
15477	2.00506
15478	2.00452
15479	2.00398
15480	2.00343
15481	2.00289
15482	2.00235
15483	2.00181
15484	2.00127
15485	2.00073
15486	2.00019
15487	1.99965
15488	1.99911
15489	1.99858
15490	1.99804
15491	1.99751
15492	1.99698
15493	1.99645
15494	1.99593
15495	1.9954
15496	1.99488
15497	1.99437
15498	1.99385
15499	1.99334
15500	1.99283
15501	1.99233
15502	1.99183
15503	1.99133
15504	1.99084
15505	1.99035
15506	1.98987
15507	1.98939
15508	1.98891
15509	1.98845
15510	1.98798
15511	1.98752
15512	1.98707
15513	1.98662
15514	1.98618
15515	1.98575
15516	1.98532
15517	1.9849
15518	1.98449
15519	1.98408
15520	1.98368
15521	1.98328
15522	1.9829
15523	1.98252
15524	1.98215
15525	1.98179
15526	1.98144
15527	1.98109
15528	1.98075
15529	1.98043
15530	1.98011
15531	1.9798
15532	1.9795
15533	1.97921
15534	1.97893
15535	1.97866
15536	1.97839
15537	1.97814
15538	1.9779
15539	1.97767
15540	1.97745
15541	1.97724
15542	1.97705
15543	1.97686
15544	1.97668
15545	1.97652
15546	1.97637
15547	1.97623
15548	1.9761
15549	1.97598
15550	1.97588
15551	1.97578
15552	1.9757
15553	1.97563
15554	1.97558
15555	1.97554
15556	1.97551
15557	1.97549
15558	1.97549
15559	1.97549
15560	1.97552
15561	1.97555
15562	1.9756
15563	1.97566
15564	1.97574
15565	1.97583
15566	1.97593
15567	1.97605
15568	1.97618
15569	1.97632
15570	1.97648
15571	1.97665
15572	1.97684
15573	1.97704
15574	1.97725
15575	1.97748
15576	1.97772
15577	1.97798
15578	1.97825
15579	1.97853
15580	1.97883
15581	1.97914
15582	1.97947
15583	1.97981
15584	1.98016
15585	1.98053
15586	1.98092
15587	1.98131
15588	1.98172
15589	1.98215
15590	1.98259
15591	1.98304
15592	1.98351
15593	1.98399
15594	1.98448
15595	1.98499
15596	1.98551
15597	1.98605
15598	1.9866
15599	1.98716
15600	1.98773
15601	1.98832
15602	1.98892
15603	1.98954
15604	1.99016
15605	1.9908
15606	1.99145
15607	1.99212
15608	1.99279
15609	1.99348
15610	1.99418
15611	1.9949
15612	1.99562
15613	1.99636
15614	1.99711
15615	1.99787
15616	1.99864
15617	1.99942
15618	2.00021
15619	2.00101
15620	2.00183
15621	2.00265
15622	2.00348
15623	2.00433
15624	2.00518
15625	2.00604
15626	2.00691
15627	2.0078
15628	2.00869
15629	2.00958
15630	2.01049
15631	2.01141
15632	2.01233
15633	2.01326
15634	2.0142
15635	2.01515
15636	2.0161
15637	2.01706
15638	2.01803
15639	2.01901
15640	2.01999
15641	2.02097
15642	2.02196
15643	2.02296
15644	2.02397
15645	2.02497
15646	2.02599
15647	2.027
15648	2.02803
15649	2.02905
15650	2.03008
15651	2.03111
15652	2.03215
15653	2.03319
15654	2.03423
15655	2.03528
15656	2.03633
15657	2.03737
15658	2.03843
15659	2.03948
15660	2.04053
15661	2.04159
15662	2.04264
15663	2.0437
15664	2.04476
15665	2.04581
15666	2.04687
15667	2.04792
15668	2.04898
15669	2.05003
15670	2.05108
15671	2.05214
15672	2.05318
15673	2.05423
15674	2.05528
15675	2.05632
15676	2.05736
15677	2.0584
15678	2.05943
15679	2.06046
15680	2.06148
15681	2.06251
15682	2.06353
15683	2.06454
15684	2.06555
15685	2.06655
15686	2.06755
15687	2.06854
15688	2.06953
15689	2.07052
15690	2.07149
15691	2.07246
15692	2.07343
15693	2.07438
15694	2.07533
15695	2.07628
15696	2.07721
15697	2.07814
15698	2.07906
15699	2.07998
15700	2.08088
15701	2.08178
15702	2.08267
15703	2.08355
15704	2.08442
15705	2.08529
15706	2.08614
15707	2.08699
15708	2.08782
15709	2.08865
15710	2.08947
15711	2.09027
15712	2.09107
15713	2.09186
15714	2.09263
15715	2.0934
15716	2.09416
15717	2.0949
15718	2.09564
15719	2.09636
15720	2.09708
15721	2.09778
15722	2.09847
15723	2.09915
15724	2.09982
15725	2.10048
15726	2.10113
15727	2.10176
15728	2.10238
15729	2.103
15730	2.1036
15731	2.10418
15732	2.10476
15733	2.10532
15734	2.10588
15735	2.10642
15736	2.10695
15737	2.10746
15738	2.10797
15739	2.10846
15740	2.10894
15741	2.10941
15742	2.10986
15743	2.1103
15744	2.11073
15745	2.11115
15746	2.11156
15747	2.11195
15748	2.11233
15749	2.1127
15750	2.11306
15751	2.11341
15752	2.11374
15753	2.11406
15754	2.11437
15755	2.11466
15756	2.11495
15757	2.11522
15758	2.11548
15759	2.11572
15760	2.11596
15761	2.11618
15762	2.11639
15763	2.11659
15764	2.11678
15765	2.11696
15766	2.11712
15767	2.11727
15768	2.11742
15769	2.11755
15770	2.11766
15771	2.11777
15772	2.11787
15773	2.11795
15774	2.11802
15775	2.11809
15776	2.11814
15777	2.11818
15778	2.11821
15779	2.11823
15780	2.11824
15781	2.11823
15782	2.11822
15783	2.1182
15784	2.11817
15785	2.11812
15786	2.11807
15787	2.11801
15788	2.11794
15789	2.11785
15790	2.11776
15791	2.11766
15792	2.11755
15793	2.11743
15794	2.1173
15795	2.11717
15796	2.11702
15797	2.11686
15798	2.1167
15799	2.11653
15800	2.11635
15801	2.11616
15802	2.11596
15803	2.11576
15804	2.11554
15805	2.11532
15806	2.1151
15807	2.11486
15808	2.11462
15809	2.11437
15810	2.11411
15811	2.11385
15812	2.11358
15813	2.1133
15814	2.11302
15815	2.11273
15816	2.11243
15817	2.11213
15818	2.11182
15819	2.1115
15820	2.11118
15821	2.11086
15822	2.11052
15823	2.11019
15824	2.10984
15825	2.1095
15826	2.10915
15827	2.10879
15828	2.10843
15829	2.10806
15830	2.10769
15831	2.10731
15832	2.10693
15833	2.10655
15834	2.10616
15835	2.10577
15836	2.10537
15837	2.10498
15838	2.10457
15839	2.10417
15840	2.10376
15841	2.10335
15842	2.10293
15843	2.10251
15844	2.10209
15845	2.10167
15846	2.10124
15847	2.10081
15848	2.10038
15849	2.09995
15850	2.09951
15851	2.09907
15852	2.09864
15853	2.09819
15854	2.09775
15855	2.09731
15856	2.09686
15857	2.09641
15858	2.09596
15859	2.09551
15860	2.09506
15861	2.09461
15862	2.09416
15863	2.09371
15864	2.09325
15865	2.0928
15866	2.09234
15867	2.09188
15868	2.09143
15869	2.09097
15870	2.09051
15871	2.09006
15872	2.0896
15873	2.08914
15874	2.08869
15875	2.08823
15876	2.08777
15877	2.08732
15878	2.08686
15879	2.08641
15880	2.08595
15881	2.0855
15882	2.08504
15883	2.08459
15884	2.08414
15885	2.08369
15886	2.08324
15887	2.08279
15888	2.08234
15889	2.0819
15890	2.08145
15891	2.08101
15892	2.08057
15893	2.08013
15894	2.07969
15895	2.07925
15896	2.07881
15897	2.07838
15898	2.07794
15899	2.07751
15900	2.07708
15901	2.07665
15902	2.07623
15903	2.0758
15904	2.07538
15905	2.07496
15906	2.07454
15907	2.07412
15908	2.07371
15909	2.0733
15910	2.07289
15911	2.07248
15912	2.07207
15913	2.07167
15914	2.07127
15915	2.07087
15916	2.07047
15917	2.07008
15918	2.06969
15919	2.0693
15920	2.06891
15921	2.06853
15922	2.06815
15923	2.06777
15924	2.06739
15925	2.06701
15926	2.06664
15927	2.06627
15928	2.06591
15929	2.06554
15930	2.06518
15931	2.06482
15932	2.06447
15933	2.06412
15934	2.06377
15935	2.06342
15936	2.06307
15937	2.06273
15938	2.06239
15939	2.06206
15940	2.06172
15941	2.06139
15942	2.06106
15943	2.06074
15944	2.06042
15945	2.0601
15946	2.05978
15947	2.05947
15948	2.05916
15949	2.05885
15950	2.05854
15951	2.05824
15952	2.05794
15953	2.05764
15954	2.05735
15955	2.05706
15956	2.05677
15957	2.05649
15958	2.05621
15959	2.05593
15960	2.05565
15961	2.05538
15962	2.05511
15963	2.05484
15964	2.05457
15965	2.05431
15966	2.05405
15967	2.0538
15968	2.05354
15969	2.05329
15970	2.05305
15971	2.0528
15972	2.05256
15973	2.05232
15974	2.05209
15975	2.05185
15976	2.05162
15977	2.05139
15978	2.05117
15979	2.05095
15980	2.05073
15981	2.05051
15982	2.0503
15983	2.05009
15984	2.04988
15985	2.04967
15986	2.04947
15987	2.04927
15988	2.04908
15989	2.04888
15990	2.04869
15991	2.0485
15992	2.04831
15993	2.04813
15994	2.04795
15995	2.04777
15996	2.04759
15997	2.04742
15998	2.04725
15999	2.04708
16000	2.04692
16001	2.04675
16002	2.04659
16003	2.04644
16004	2.04628
16005	2.04613
16006	2.04598
16007	2.04583
16008	2.04569
16009	2.04554
16010	2.0454
16011	2.04526
16012	2.04513
16013	2.04499
16014	2.04486
16015	2.04474
16016	2.04461
16017	2.04448
16018	2.04436
16019	2.04424
16020	2.04413
16021	2.04401
16022	2.0439
16023	2.04379
16024	2.04368
16025	2.04357
16026	2.04347
16027	2.04337
16028	2.04327
16029	2.04317
16030	2.04308
16031	2.04298
16032	2.04289
16033	2.0428
16034	2.04272
16035	2.04263
16036	2.04255
16037	2.04247
16038	2.04239
16039	2.04231
16040	2.04223
16041	2.04216
16042	2.04209
16043	2.04202
16044	2.04195
16045	2.04188
16046	2.04182
16047	2.04176
16048	2.0417
16049	2.04164
16050	2.04158
16051	2.04152
16052	2.04147
16053	2.04142
16054	2.04136
16055	2.04132
16056	2.04127
16057	2.04122
16058	2.04118
16059	2.04113
16060	2.04109
16061	2.04105
16062	2.04101
16063	2.04098
16064	2.04094
16065	2.04091
16066	2.04087
16067	2.04084
16068	2.04081
16069	2.04078
16070	2.04076
16071	2.04073
16072	2.04071
16073	2.04068
16074	2.04066
16075	2.04064
16076	2.04062
16077	2.0406
16078	2.04058
16079	2.04057
16080	2.04055
16081	2.04054
16082	2.04052
16083	2.04051
16084	2.0405
16085	2.04049
16086	2.04048
16087	2.04047
16088	2.04047
16089	2.04046
16090	2.04045
16091	2.04045
16092	2.04045
16093	2.04045
16094	2.04044
16095	2.04044
16096	2.04044
16097	2.04044
16098	2.04045
16099	2.04045
16100	2.04045
16101	2.04046
16102	2.04046
16103	2.04047
16104	2.04047
16105	2.04048
16106	2.04049
16107	2.0405
16108	2.0405
16109	2.04051
16110	2.04052
16111	2.04054
16112	2.04055
16113	2.04056
16114	2.04057
16115	2.04058
16116	2.0406
16117	2.04061
16118	2.04063
16119	2.04064
16120	2.04066
16121	2.04067
16122	2.04069
16123	2.04071
16124	2.04072
16125	2.04074
16126	2.04076
16127	2.04078
16128	2.0408
16129	2.04081
16130	2.04083
16131	2.04085
16132	2.04087
16133	2.04089
16134	2.04091
16135	2.04093
16136	2.04096
16137	2.04098
16138	2.041
16139	2.04102
16140	2.04104
16141	2.04107
16142	2.04109
16143	2.04111
16144	2.04113
16145	2.04116
16146	2.04118
16147	2.0412
16148	2.04123
16149	2.04125
16150	2.04127
16151	2.0413
16152	2.04132
16153	2.04135
16154	2.04137
16155	2.04139
16156	2.04142
16157	2.04144
16158	2.04147
16159	2.04149
16160	2.04152
16161	2.04154
16162	2.04157
16163	2.04159
16164	2.04162
16165	2.04164
16166	2.04167
16167	2.04169
16168	2.04172
16169	2.04174
16170	2.04177
16171	2.04179
16172	2.04182
16173	2.04184
16174	2.04187
16175	2.04189
16176	2.04192
16177	2.04194
16178	2.04197
16179	2.04199
16180	2.04202
16181	2.04204
16182	2.04207
16183	2.04209
16184	2.04212
16185	2.04214
16186	2.04217
16187	2.04219
16188	2.04221
16189	2.04224
16190	2.04226
16191	2.04229
16192	2.04231
16193	2.04234
16194	2.04236
16195	2.04238
16196	2.04241
16197	2.04243
16198	2.04246
16199	2.04248
16200	2.0425
16201	2.04253
16202	2.04255
16203	2.04257
16204	2.0426
16205	2.04262
16206	2.04264
16207	2.04267
16208	2.04269
16209	2.04271
16210	2.04274
16211	2.04276
16212	2.04278
16213	2.0428
16214	2.04283
16215	2.04285
16216	2.04287
16217	2.04289
16218	2.04291
16219	2.04294
16220	2.04296
16221	2.04298
16222	2.043
16223	2.04302
16224	2.04304
16225	2.04307
16226	2.04309
16227	2.04311
16228	2.04313
16229	2.04315
16230	2.04317
16231	2.04319
16232	2.04321
16233	2.04324
16234	2.04326
16235	2.04328
16236	2.0433
16237	2.04332
16238	2.04334
16239	2.04336
16240	2.04338
16241	2.0434
16242	2.04342
16243	2.04344
16244	2.04346
16245	2.04348
16246	2.0435
16247	2.04352
16248	2.04354
16249	2.04356
16250	2.04358
16251	2.0436
16252	2.04362
16253	2.04364
16254	2.04366
16255	2.04368
16256	2.0437
16257	2.04371
16258	2.04373
16259	2.04375
16260	2.04377
16261	2.04379
16262	2.04381
16263	2.04383
16264	2.04385
16265	2.04387
16266	2.04389
16267	2.04391
16268	2.04393
16269	2.04394
16270	2.04396
16271	2.04398
16272	2.044
16273	2.04402
16274	2.04404
16275	2.04406
16276	2.04408
16277	2.0441
16278	2.04412
16279	2.04414
16280	2.04416
16281	2.04417
16282	2.04419
16283	2.04421
16284	2.04423
16285	2.04425
16286	2.04427
16287	2.04429
16288	2.04431
16289	2.04433
16290	2.04435
16291	2.04437
16292	2.04439
16293	2.04441
16294	2.04443
16295	2.04445
16296	2.04447
16297	2.04449
16298	2.04451
16299	2.04453
16300	2.04456
16301	2.04458
16302	2.0446
16303	2.04462
16304	2.04464
16305	2.04466
16306	2.04469
16307	2.04471
16308	2.04473
16309	2.04475
16310	2.04478
16311	2.0448
16312	2.04482
16313	2.04485
16314	2.04487
16315	2.04489
16316	2.04492
16317	2.04494
16318	2.04497
16319	2.04499
16320	2.04502
16321	2.04505
16322	2.04507
16323	2.0451
16324	2.04513
16325	2.04515
16326	2.04518
16327	2.04521
16328	2.04524
16329	2.04527
16330	2.0453
16331	2.04533
16332	2.04536
16333	2.04539
16334	2.04542
16335	2.04545
16336	2.04548
16337	2.04551
16338	2.04555
16339	2.04558
16340	2.04562
16341	2.04565
16342	2.04569
16343	2.04572
16344	2.04576
16345	2.0458
16346	2.04584
16347	2.04588
16348	2.04592
16349	2.04596
16350	2.046
16351	2.04604
16352	2.04608
16353	2.04613
16354	2.04617
16355	2.04622
16356	2.04626
16357	2.04631
16358	2.04636
16359	2.04641
16360	2.04646
16361	2.04651
16362	2.04656
16363	2.04662
16364	2.04667
16365	2.04672
16366	2.04678
16367	2.04684
16368	2.0469
16369	2.04696
16370	2.04702
16371	2.04708
16372	2.04714
16373	2.04721
16374	2.04728
16375	2.04734
16376	2.04741
16377	2.04748
16378	2.04755
16379	2.04763
16380	2.0477
16381	2.04778
16382	2.04786
16383	2.04794
16384	2.04802
16385	2.0481
16386	2.04818
16387	2.04827
16388	2.04836
16389	2.04845
16390	2.04854
16391	2.04863
16392	2.04873
16393	2.04882
16394	2.04892
16395	2.04902
16396	2.04913
16397	2.04923
16398	2.04934
16399	2.04945
16400	2.04956
16401	2.04967
16402	2.04979
16403	2.04991
16404	2.05003
16405	2.05015
16406	2.05028
16407	2.0504
16408	2.05053
16409	2.05067
16410	2.0508
16411	2.05094
16412	2.05108
16413	2.05122
16414	2.05137
16415	2.05152
16416	2.05167
16417	2.05182
16418	2.05198
16419	2.05214
16420	2.0523
16421	2.05247
16422	2.05264
16423	2.05281
16424	2.05299
16425	2.05316
16426	2.05335
16427	2.05353
16428	2.05372
16429	2.05391
16430	2.05411
16431	2.0543
16432	2.05451
16433	2.05471
16434	2.05492
16435	2.05513
16436	2.05535
16437	2.05557
16438	2.05579
16439	2.05602
16440	2.05625
16441	2.05649
16442	2.05672
16443	2.05697
16444	2.05721
16445	2.05746
16446	2.05772
16447	2.05798
16448	2.05824
16449	2.05851
16450	2.05878
16451	2.05906
16452	2.05934
16453	2.05962
16454	2.05991
16455	2.0602
16456	2.0605
16457	2.0608
16458	2.06111
16459	2.06142
16460	2.06173
16461	2.06205
16462	2.06238
16463	2.06271
16464	2.06304
16465	2.06338
16466	2.06373
16467	2.06407
16468	2.06443
16469	2.06479
16470	2.06515
16471	2.06552
16472	2.06589
16473	2.06627
16474	2.06665
16475	2.06704
16476	2.06743
16477	2.06783
16478	2.06823
16479	2.06864
16480	2.06905
16481	2.06947
16482	2.06989
16483	2.07032
16484	2.07075
16485	2.07119
16486	2.07163
16487	2.07208
16488	2.07254
16489	2.07299
16490	2.07346
16491	2.07393
16492	2.0744
16493	2.07488
16494	2.07536
16495	2.07585
16496	2.07635
16497	2.07685
16498	2.07735
16499	2.07786
16500	2.07838
16501	2.0789
16502	2.07942
16503	2.07995
16504	2.08048
16505	2.08102
16506	2.08157
16507	2.08212
16508	2.08267
16509	2.08323
16510	2.08379
16511	2.08436
16512	2.08493
16513	2.08551
16514	2.08609
16515	2.08668
16516	2.08727
16517	2.08786
16518	2.08846
16519	2.08906
16520	2.08967
16521	2.09028
16522	2.0909
16523	2.09152
16524	2.09214
16525	2.09277
16526	2.0934
16527	2.09403
16528	2.09467
16529	2.09531
16530	2.09596
16531	2.09661
16532	2.09726
16533	2.09791
16534	2.09857
16535	2.09923
16536	2.0999
16537	2.10056
16538	2.10123
16539	2.1019
16540	2.10258
16541	2.10325
16542	2.10393
16543	2.10461
16544	2.10529
16545	2.10598
16546	2.10666
16547	2.10735
16548	2.10804
16549	2.10873
16550	2.10942
16551	2.11011
16552	2.1108
16553	2.1115
16554	2.11219
16555	2.11288
16556	2.11358
16557	2.11427
16558	2.11496
16559	2.11566
16560	2.11635
16561	2.11704
16562	2.11774
16563	2.11843
16564	2.11912
16565	2.1198
16566	2.12049
16567	2.12117
16568	2.12186
16569	2.12254
16570	2.12322
16571	2.12389
16572	2.12457
16573	2.12524
16574	2.1259
16575	2.12657
16576	2.12723
16577	2.12789
16578	2.12854
16579	2.12919
16580	2.12984
16581	2.13048
16582	2.13111
16583	2.13174
16584	2.13237
16585	2.13299
16586	2.13361
16587	2.13422
16588	2.13482
16589	2.13542
16590	2.13601
16591	2.1366
16592	2.13718
16593	2.13775
16594	2.13831
16595	2.13887
16596	2.13942
16597	2.13996
16598	2.14049
16599	2.14102
16600	2.14153
16601	2.14204
16602	2.14254
16603	2.14303
16604	2.14351
16605	2.14398
16606	2.14444
16607	2.14489
16608	2.14534
16609	2.14577
16610	2.14619
16611	2.1466
16612	2.14699
16613	2.14738
16614	2.14776
16615	2.14812
16616	2.14847
16617	2.14881
16618	2.14914
16619	2.14946
16620	2.14976
16621	2.15005
16622	2.15033
16623	2.15059
16624	2.15084
16625	2.15108
16626	2.1513
16627	2.15151
16628	2.1517
16629	2.15188
16630	2.15205
16631	2.1522
16632	2.15234
16633	2.15246
16634	2.15257
16635	2.15266
16636	2.15274
16637	2.1528
16638	2.15284
16639	2.15287
16640	2.15288
16641	2.15288
16642	2.15286
16643	2.15283
16644	2.15277
16645	2.15271
16646	2.15262
16647	2.15252
16648	2.1524
16649	2.15226
16650	2.15211
16651	2.15194
16652	2.15175
16653	2.15155
16654	2.15133
16655	2.15109
16656	2.15083
16657	2.15056
16658	2.15026
16659	2.14995
16660	2.14963
16661	2.14928
16662	2.14892
16663	2.14854
16664	2.14814
16665	2.14772
16666	2.14728
16667	2.14683
16668	2.14636
16669	2.14587
16670	2.14537
16671	2.14484
16672	2.1443
16673	2.14374
16674	2.14316
16675	2.14256
16676	2.14195
16677	2.14132
16678	2.14067
16679	2.14
16680	2.13932
16681	2.13862
16682	2.1379
16683	2.13716
16684	2.13641
16685	2.13564
16686	2.13485
16687	2.13405
16688	2.13322
16689	2.13239
16690	2.13153
16691	2.13066
16692	2.12977
16693	2.12887
16694	2.12795
16695	2.12701
16696	2.12606
16697	2.12509
16698	2.12411
16699	2.12311
16700	2.1221
16701	2.12107
16702	2.12003
16703	2.11897
16704	2.1179
16705	2.11682
16706	2.11572
16707	2.1146
16708	2.11348
16709	2.11234
16710	2.11118
16711	2.11002
16712	2.10884
16713	2.10765
16714	2.10644
16715	2.10523
16716	2.104
16717	2.10276
16718	2.10151
16719	2.10025
16720	2.09898
16721	2.0977
16722	2.09641
16723	2.0951
16724	2.09379
16725	2.09247
16726	2.09114
16727	2.0898
16728	2.08846
16729	2.0871
16730	2.08574
16731	2.08437
16732	2.08299
16733	2.0816
16734	2.08021
16735	2.07881
16736	2.0774
16737	2.07599
16738	2.07458
16739	2.07316
16740	2.07173
16741	2.0703
16742	2.06886
16743	2.06742
16744	2.06598
16745	2.06453
16746	2.06308
16747	2.06163
16748	2.06017
16749	2.05872
16750	2.05726
16751	2.0558
16752	2.05434
16753	2.05287
16754	2.05141
16755	2.04995
16756	2.04848
16757	2.04702
16758	2.04556
16759	2.0441
16760	2.04264
16761	2.04118
16762	2.03972
16763	2.03827
16764	2.03682
16765	2.03537
16766	2.03393
16767	2.03248
16768	2.03105
16769	2.02961
16770	2.02818
16771	2.02676
16772	2.02534
16773	2.02392
16774	2.02251
16775	2.02111
16776	2.01971
16777	2.01832
16778	2.01694
16779	2.01556
16780	2.01419
16781	2.01283
16782	2.01147
16783	2.01013
16784	2.00879
16785	2.00746
16786	2.00614
16787	2.00482
16788	2.00352
16789	2.00223
16790	2.00094
16791	1.99967
16792	1.99841
16793	1.99715
16794	1.99591
16795	1.99468
16796	1.99346
16797	1.99225
16798	1.99105
16799	1.98987
16800	1.98869
16801	1.98753
16802	1.98638
16803	1.98524
16804	1.98412
16805	1.98301
16806	1.98191
16807	1.98082
16808	1.97975
16809	1.97869
16810	1.97765
16811	1.97662
16812	1.9756
16813	1.9746
16814	1.97361
16815	1.97263
16816	1.97167
16817	1.97073
16818	1.9698
16819	1.96888
16820	1.96798
16821	1.96709
16822	1.96622
16823	1.96537
16824	1.96453
16825	1.9637
16826	1.96289
16827	1.9621
16828	1.96132
16829	1.96055
16830	1.95981
16831	1.95908
16832	1.95836
16833	1.95766
16834	1.95698
16835	1.95631
16836	1.95566
16837	1.95502
16838	1.9544
16839	1.9538
16840	1.95321
16841	1.95264
16842	1.95208
16843	1.95154
16844	1.95102
16845	1.95051
16846	1.95002
16847	1.94954
16848	1.94908
16849	1.94864
16850	1.94821
16851	1.9478
16852	1.9474
16853	1.94702
16854	1.94666
16855	1.94631
16856	1.94598
16857	1.94566
16858	1.94536
16859	1.94507
16860	1.9448
16861	1.94455
16862	1.94431
16863	1.94408
16864	1.94387
16865	1.94368
16866	1.9435
16867	1.94334
16868	1.94319
16869	1.94305
16870	1.94293
16871	1.94283
16872	1.94273
16873	1.94266
16874	1.94259
16875	1.94254
16876	1.94251
16877	1.94249
16878	1.94248
16879	1.94249
16880	1.94251
16881	1.94254
16882	1.94259
16883	1.94265
16884	1.94272
16885	1.9428
16886	1.9429
16887	1.94301
16888	1.94313
16889	1.94327
16890	1.94342
16891	1.94358
16892	1.94375
16893	1.94393
16894	1.94413
16895	1.94433
16896	1.94455
16897	1.94478
16898	1.94502
16899	1.94527
16900	1.94553
16901	1.9458
16902	1.94608
16903	1.94637
16904	1.94668
16905	1.94699
16906	1.94731
16907	1.94764
16908	1.94798
16909	1.94833
16910	1.94869
16911	1.94906
16912	1.94943
16913	1.94982
16914	1.95021
16915	1.95062
16916	1.95103
16917	1.95144
16918	1.95187
16919	1.9523
16920	1.95275
16921	1.95319
16922	1.95365
16923	1.95411
16924	1.95458
16925	1.95506
16926	1.95554
16927	1.95603
16928	1.95653
16929	1.95703
16930	1.95754
16931	1.95805
16932	1.95857
16933	1.95909
16934	1.95962
16935	1.96016
16936	1.9607
16937	1.96124
16938	1.96179
16939	1.96234
16940	1.9629
16941	1.96347
16942	1.96403
16943	1.9646
16944	1.96518
16945	1.96576
16946	1.96634
16947	1.96692
16948	1.96751
16949	1.9681
16950	1.9687
16951	1.96929
16952	1.96989
16953	1.9705
16954	1.9711
16955	1.97171
16956	1.97232
16957	1.97293
16958	1.97354
16959	1.97416
16960	1.97477
16961	1.97539
16962	1.97601
16963	1.97663
16964	1.97726
16965	1.97788
16966	1.9785
16967	1.97913
16968	1.97975
16969	1.98038
16970	1.98101
16971	1.98163
16972	1.98226
16973	1.98289
16974	1.98352
16975	1.98415
16976	1.98477
16977	1.9854
16978	1.98603
16979	1.98665
16980	1.98728
16981	1.98791
16982	1.98853
16983	1.98915
16984	1.98978
16985	1.9904
16986	1.99102
16987	1.99164
16988	1.99226
16989	1.99288
16990	1.99349
16991	1.99411
16992	1.99472
16993	1.99533
16994	1.99594
16995	1.99655
16996	1.99715
16997	1.99776
16998	1.99836
16999	1.99896
17000	1.99955
17001	2.00015
17002	2.00074
17003	2.00133
17004	2.00192
17005	2.00251
17006	2.00309
17007	2.00367
17008	2.00425
17009	2.00482
17010	2.00539
17011	2.00596
17012	2.00653
17013	2.00709
17014	2.00765
17015	2.00821
17016	2.00877
17017	2.00932
17018	2.00987
17019	2.01041
17020	2.01095
17021	2.01149
17022	2.01203
17023	2.01256
17024	2.01309
17025	2.01361
17026	2.01413
17027	2.01465
17028	2.01517
17029	2.01568
17030	2.01619
17031	2.01669
17032	2.01719
17033	2.01769
17034	2.01818
17035	2.01867
17036	2.01915
17037	2.01964
17038	2.02011
17039	2.02059
17040	2.02106
17041	2.02152
17042	2.02199
17043	2.02245
17044	2.0229
17045	2.02335
17046	2.0238
17047	2.02424
17048	2.02468
17049	2.02511
17050	2.02554
17051	2.02597
17052	2.02639
17053	2.02681
17054	2.02723
17055	2.02764
17056	2.02805
17057	2.02845
17058	2.02885
17059	2.02924
17060	2.02963
17061	2.03002
17062	2.0304
17063	2.03078
17064	2.03116
17065	2.03153
17066	2.03189
17067	2.03226
17068	2.03261
17069	2.03297
17070	2.03332
17071	2.03367
17072	2.03401
17073	2.03435
17074	2.03468
17075	2.03501
17076	2.03534
17077	2.03566
17078	2.03598
17079	2.03629
17080	2.0366
17081	2.03691
17082	2.03721
17083	2.03751
17084	2.03781
17085	2.0381
17086	2.03838
17087	2.03867
17088	2.03895
17089	2.03922
17090	2.03949
17091	2.03976
17092	2.04003
17093	2.04029
17094	2.04054
17095	2.0408
17096	2.04105
17097	2.04129
17098	2.04153
17099	2.04177
17100	2.04201
17101	2.04224
17102	2.04247
17103	2.04269
17104	2.04291
17105	2.04313
17106	2.04334
17107	2.04355
17108	2.04376
17109	2.04396
17110	2.04416
17111	2.04436
17112	2.04455
17113	2.04474
17114	2.04492
17115	2.04511
17116	2.04529
17117	2.04546
17118	2.04564
17119	2.04581
17120	2.04597
17121	2.04614
17122	2.0463
17123	2.04646
17124	2.04661
17125	2.04676
17126	2.04691
17127	2.04706
17128	2.0472
17129	2.04734
17130	2.04748
17131	2.04761
17132	2.04774
17133	2.04787
17134	2.048
17135	2.04812
17136	2.04824
17137	2.04836
17138	2.04847
17139	2.04858
17140	2.04869
17141	2.0488
17142	2.0489
17143	2.049
17144	2.0491
17145	2.0492
17146	2.0493
17147	2.04939
17148	2.04948
17149	2.04956
17150	2.04965
17151	2.04973
17152	2.04981
17153	2.04989
17154	2.04997
17155	2.05004
17156	2.05011
17157	2.05018
17158	2.05025
17159	2.05031
17160	2.05038
17161	2.05044
17162	2.0505
17163	2.05055
17164	2.05061
17165	2.05066
17166	2.05071
17167	2.05076
17168	2.05081
17169	2.05086
17170	2.0509
17171	2.05094
17172	2.05098
17173	2.05102
17174	2.05106
17175	2.05109
17176	2.05113
17177	2.05116
17178	2.05119
17179	2.05122
17180	2.05125
17181	2.05128
17182	2.0513
17183	2.05132
17184	2.05135
17185	2.05137
17186	2.05139
17187	2.0514
17188	2.05142
17189	2.05144
17190	2.05145
17191	2.05146
17192	2.05147
17193	2.05148
17194	2.05149
17195	2.0515
17196	2.05151
17197	2.05151
17198	2.05152
17199	2.05152
17200	2.05152
17201	2.05153
17202	2.05153
17203	2.05153
17204	2.05152
17205	2.05152
17206	2.05152
17207	2.05151
17208	2.05151
17209	2.0515
17210	2.0515
17211	2.05149
17212	2.05148
17213	2.05147
17214	2.05146
17215	2.05145
17216	2.05144
17217	2.05143
17218	2.05141
17219	2.0514
17220	2.05139
17221	2.05137
17222	2.05136
17223	2.05134
17224	2.05132
17225	2.05131
17226	2.05129
17227	2.05127
17228	2.05125
17229	2.05123
17230	2.05121
17231	2.05119
17232	2.05117
17233	2.05115
17234	2.05113
17235	2.05111
17236	2.05108
17237	2.05106
17238	2.05104
17239	2.05101
17240	2.05099
17241	2.05097
17242	2.05094
17243	2.05092
17244	2.05089
17245	2.05087
17246	2.05084
17247	2.05081
17248	2.05079
17249	2.05076
17250	2.05073
17251	2.05071
17252	2.05068
17253	2.05065
17254	2.05062
17255	2.0506
17256	2.05057
17257	2.05054
17258	2.05051
17259	2.05048
17260	2.05045
17261	2.05043
17262	2.0504
17263	2.05037
17264	2.05034
17265	2.05031
17266	2.05028
17267	2.05025
17268	2.05022
17269	2.05019
17270	2.05016
17271	2.05014
17272	2.05011
17273	2.05008
17274	2.05005
17275	2.05002
17276	2.04999
17277	2.04996
17278	2.04993
17279	2.0499
17280	2.04987
17281	2.04984
17282	2.04981
17283	2.04978
17284	2.04975
17285	2.04973
17286	2.0497
17287	2.04967
17288	2.04964
17289	2.04961
17290	2.04958
17291	2.04955
17292	2.04953
17293	2.0495
17294	2.04947
17295	2.04944
17296	2.04941
17297	2.04939
17298	2.04936
17299	2.04933
17300	2.0493
17301	2.04928
17302	2.04925
17303	2.04922
17304	2.0492
17305	2.04917
17306	2.04914
17307	2.04912
17308	2.04909
17309	2.04906
17310	2.04904
17311	2.04901
17312	2.04899
17313	2.04896
17314	2.04894
17315	2.04891
17316	2.04889
17317	2.04886
17318	2.04884
17319	2.04882
17320	2.04879
17321	2.04877
17322	2.04875
17323	2.04872
17324	2.0487
17325	2.04868
17326	2.04866
17327	2.04863
17328	2.04861
17329	2.04859
17330	2.04857
17331	2.04855
17332	2.04853
17333	2.04851
17334	2.04849
17335	2.04847
17336	2.04845
17337	2.04843
17338	2.04841
17339	2.04839
17340	2.04837
17341	2.04835
17342	2.04833
17343	2.04831
17344	2.04829
17345	2.04828
17346	2.04826
17347	2.04824
17348	2.04822
17349	2.04821
17350	2.04819
17351	2.04817
17352	2.04816
17353	2.04814
17354	2.04813
17355	2.04811
17356	2.0481
17357	2.04808
17358	2.04807
17359	2.04805
17360	2.04804
17361	2.04803
17362	2.04801
17363	2.048
17364	2.04799
17365	2.04797
17366	2.04796
17367	2.04795
17368	2.04794
17369	2.04792
17370	2.04791
17371	2.0479
17372	2.04789
17373	2.04788
17374	2.04787
17375	2.04786
17376	2.04785
17377	2.04784
17378	2.04783
17379	2.04782
17380	2.04781
17381	2.0478
17382	2.04779
17383	2.04778
17384	2.04778
17385	2.04777
17386	2.04776
17387	2.04775
17388	2.04775
17389	2.04774
17390	2.04773
17391	2.04773
17392	2.04772
17393	2.04771
17394	2.04771
17395	2.0477
17396	2.0477
17397	2.04769
17398	2.04769
17399	2.04768
17400	2.04768
17401	2.04767
17402	2.04767
17403	2.04766
17404	2.04766
17405	2.04766
17406	2.04765
17407	2.04765
17408	2.04765
17409	2.04764
17410	2.04764
17411	2.04764
17412	2.04764
17413	2.04763
17414	2.04763
17415	2.04763
17416	2.04763
17417	2.04763
17418	2.04763
17419	2.04763
17420	2.04763
17421	2.04763
17422	2.04762
17423	2.04762
17424	2.04762
17425	2.04762
17426	2.04763
17427	2.04763
17428	2.04763
17429	2.04763
17430	2.04763
17431	2.04763
17432	2.04763
17433	2.04763
17434	2.04763
17435	2.04764
17436	2.04764
17437	2.04764
17438	2.04764
17439	2.04764
17440	2.04765
17441	2.04765
17442	2.04765
17443	2.04765
17444	2.04766
17445	2.04766
17446	2.04766
17447	2.04767
17448	2.04767
17449	2.04767
17450	2.04768
17451	2.04768
17452	2.04769
17453	2.04769
17454	2.04769
17455	2.0477
17456	2.0477
17457	2.04771
17458	2.04771
17459	2.04772
17460	2.04772
17461	2.04773
17462	2.04773
17463	2.04774
17464	2.04774
17465	2.04775
17466	2.04775
17467	2.04776
17468	2.04776
17469	2.04777
17470	2.04777
17471	2.04778
17472	2.04778
17473	2.04779
17474	2.04779
17475	2.0478
17476	2.0478
17477	2.04781
17478	2.04782
17479	2.04782
17480	2.04783
17481	2.04783
17482	2.04784
17483	2.04784
17484	2.04785
17485	2.04785
17486	2.04786
17487	2.04786
17488	2.04787
17489	2.04787
17490	2.04788
17491	2.04788
17492	2.04789
17493	2.04789
17494	2.0479
17495	2.0479
17496	2.04791
17497	2.04791
17498	2.04791
17499	2.04792
17500	2.04792
17501	2.04792
17502	2.04793
17503	2.04793
17504	2.04793
17505	2.04793
17506	2.04794
17507	2.04794
17508	2.04794
17509	2.04794
17510	2.04794
17511	2.04794
17512	2.04794
17513	2.04794
17514	2.04794
17515	2.04794
17516	2.04794
17517	2.04794
17518	2.04793
17519	2.04793
17520	2.04793
17521	2.04792
17522	2.04792
17523	2.04791
17524	2.04791
17525	2.0479
17526	2.0479
17527	2.04789
17528	2.04788
17529	2.04787
17530	2.04786
17531	2.04785
17532	2.04784
17533	2.04783
17534	2.04782
17535	2.0478
17536	2.04779
17537	2.04777
17538	2.04776
17539	2.04774
17540	2.04772
17541	2.0477
17542	2.04769
17543	2.04766
17544	2.04764
17545	2.04762
17546	2.0476
17547	2.04757
17548	2.04754
17549	2.04752
17550	2.04749
17551	2.04746
17552	2.04743
17553	2.04739
17554	2.04736
17555	2.04732
17556	2.04729
17557	2.04725
17558	2.04721
17559	2.04717
17560	2.04712
17561	2.04708
17562	2.04703
17563	2.04698
17564	2.04693
17565	2.04688
17566	2.04683
17567	2.04677
17568	2.04672
17569	2.04666
17570	2.0466
17571	2.04653
17572	2.04647
17573	2.0464
17574	2.04633
17575	2.04626
17576	2.04619
17577	2.04611
17578	2.04604
17579	2.04596
17580	2.04587
17581	2.04579
17582	2.0457
17583	2.04561
17584	2.04552
17585	2.04543
17586	2.04533
17587	2.04523
17588	2.04513
17589	2.04502
17590	2.04491
17591	2.0448
17592	2.04469
17593	2.04457
17594	2.04445
17595	2.04433
17596	2.04421
17597	2.04408
17598	2.04395
17599	2.04381
17600	2.04368
17601	2.04354
17602	2.04339
17603	2.04325
17604	2.0431
17605	2.04294
17606	2.04279
17607	2.04263
17608	2.04246
17609	2.0423
17610	2.04213
17611	2.04195
17612	2.04177
17613	2.04159
17614	2.04141
17615	2.04122
17616	2.04103
17617	2.04083
17618	2.04064
17619	2.04043
17620	2.04023
17621	2.04002
17622	2.0398
17623	2.03958
17624	2.03936
17625	2.03914
17626	2.03891
17627	2.03868
17628	2.03844
17629	2.0382
17630	2.03795
17631	2.0377
17632	2.03745
17633	2.03719
17634	2.03693
17635	2.03667
17636	2.0364
17637	2.03613
17638	2.03585
17639	2.03557
17640	2.03528
17641	2.03499
17642	2.0347
17643	2.0344
17644	2.0341
17645	2.0338
17646	2.03349
17647	2.03318
17648	2.03286
17649	2.03254
17650	2.03221
17651	2.03188
17652	2.03155
17653	2.03122
17654	2.03087
17655	2.03053
17656	2.03018
17657	2.02983
17658	2.02947
17659	2.02911
17660	2.02875
17661	2.02838
17662	2.02801
17663	2.02764
17664	2.02726
17665	2.02688
17666	2.02649
17667	2.02611
17668	2.02571
17669	2.02532
17670	2.02492
17671	2.02452
17672	2.02411
17673	2.0237
17674	2.02329
17675	2.02288
17676	2.02246
17677	2.02204
17678	2.02162
17679	2.02119
17680	2.02076
17681	2.02033
17682	2.0199
17683	2.01946
17684	2.01902
17685	2.01858
17686	2.01814
17687	2.01769
17688	2.01724
17689	2.0168
17690	2.01634
17691	2.01589
17692	2.01544
17693	2.01498
17694	2.01452
17695	2.01406
17696	2.0136
17697	2.01314
17698	2.01267
17699	2.01221
17700	2.01174
17701	2.01128
17702	2.01081
17703	2.01034
17704	2.00988
17705	2.00941
17706	2.00894
17707	2.00847
17708	2.008
17709	2.00753
17710	2.00707
17711	2.0066
17712	2.00613
17713	2.00566
17714	2.0052
17715	2.00473
17716	2.00427
17717	2.00381
17718	2.00334
17719	2.00288
17720	2.00242
17721	2.00197
17722	2.00151
17723	2.00106
17724	2.00061
17725	2.00016
17726	1.99971
17727	1.99927
17728	1.99883
17729	1.99839
17730	1.99795
17731	1.99752
17732	1.99709
17733	1.99666
17734	1.99624
17735	1.99582
17736	1.99541
17737	1.995
17738	1.99459
17739	1.99419
17740	1.99379
17741	1.99339
17742	1.993
17743	1.99262
17744	1.99224
17745	1.99186
17746	1.9915
17747	1.99113
17748	1.99077
17749	1.99042
17750	1.99007
17751	1.98973
17752	1.9894
17753	1.98907
17754	1.98875
17755	1.98843
17756	1.98812
17757	1.98782
17758	1.98752
17759	1.98724
17760	1.98695
17761	1.98668
17762	1.98641
17763	1.98615
17764	1.9859
17765	1.98566
17766	1.98542
17767	1.9852
17768	1.98498
17769	1.98477
17770	1.98456
17771	1.98437
17772	1.98418
17773	1.98401
17774	1.98384
17775	1.98368
17776	1.98353
17777	1.98339
17778	1.98326
17779	1.98313
17780	1.98302
17781	1.98292
17782	1.98282
17783	1.98274
17784	1.98267
17785	1.9826
17786	1.98255
17787	1.9825
17788	1.98247
17789	1.98245
17790	1.98243
17791	1.98243
17792	1.98243
17793	1.98245
17794	1.98248
17795	1.98252
17796	1.98257
17797	1.98263
17798	1.9827
17799	1.98278
17800	1.98287
17801	1.98297
17802	1.98308
17803	1.98321
17804	1.98334
17805	1.98349
17806	1.98365
17807	1.98381
17808	1.98399
17809	1.98418
17810	1.98438
17811	1.98459
17812	1.98482
17813	1.98505
17814	1.98529
17815	1.98555
17816	1.98582
17817	1.98609
17818	1.98638
17819	1.98668
17820	1.98699
17821	1.98731
17822	1.98764
17823	1.98798
17824	1.98833
17825	1.9887
17826	1.98907
17827	1.98946
17828	1.98985
17829	1.99025
17830	1.99067
17831	1.9911
17832	1.99153
17833	1.99198
17834	1.99243
17835	1.9929
17836	1.99337
17837	1.99386
17838	1.99436
17839	1.99486
17840	1.99537
17841	1.9959
17842	1.99643
17843	1.99697
17844	1.99753
17845	1.99809
17846	1.99866
17847	1.99923
17848	1.99982
17849	2.00042
17850	2.00102
17851	2.00163
17852	2.00225
17853	2.00288
17854	2.00352
17855	2.00416
17856	2.00481
17857	2.00547
17858	2.00614
17859	2.00681
17860	2.00749
17861	2.00818
17862	2.00887
17863	2.00957
17864	2.01028
17865	2.01099
17866	2.01171
17867	2.01244
17868	2.01317
17869	2.01391
17870	2.01465
17871	2.0154
17872	2.01615
17873	2.01691
17874	2.01767
17875	2.01844
17876	2.01921
17877	2.01999
17878	2.02077
17879	2.02155
17880	2.02234
17881	2.02313
17882	2.02393
17883	2.02472
17884	2.02552
17885	2.02633
17886	2.02713
17887	2.02794
17888	2.02876
17889	2.02957
17890	2.03038
17891	2.0312
17892	2.03202
17893	2.03284
17894	2.03366
17895	2.03448
17896	2.03531
17897	2.03613
17898	2.03695
17899	2.03778
17900	2.0386
17901	2.03943
17902	2.04025
17903	2.04108
17904	2.0419
17905	2.04272
17906	2.04354
17907	2.04437
17908	2.04518
17909	2.046
17910	2.04682
17911	2.04763
17912	2.04844
17913	2.04925
17914	2.05006
17915	2.05087
17916	2.05167
17917	2.05247
17918	2.05326
17919	2.05406
17920	2.05485
17921	2.05563
17922	2.05642
17923	2.0572
17924	2.05797
17925	2.05874
17926	2.05951
17927	2.06027
17928	2.06103
17929	2.06178
17930	2.06253
17931	2.06327
17932	2.06401
17933	2.06474
17934	2.06547
17935	2.06619
17936	2.06691
17937	2.06762
17938	2.06832
17939	2.06902
17940	2.06971
17941	2.0704
17942	2.07108
17943	2.07175
17944	2.07242
17945	2.07308
17946	2.07373
17947	2.07438
17948	2.07501
17949	2.07565
17950	2.07627
17951	2.07689
17952	2.0775
17953	2.0781
17954	2.07869
17955	2.07928
17956	2.07986
17957	2.08043
17958	2.08099
17959	2.08155
17960	2.08209
17961	2.08263
17962	2.08316
17963	2.08369
17964	2.0842
17965	2.08471
17966	2.0852
17967	2.08569
17968	2.08617
17969	2.08664
17970	2.08711
17971	2.08756
17972	2.08801
17973	2.08844
17974	2.08887
17975	2.08929
17976	2.0897
17977	2.0901
17978	2.0905
17979	2.09088
17980	2.09125
17981	2.09162
17982	2.09198
17983	2.09232
17984	2.09266
17985	2.09299
17986	2.09331
17987	2.09362
17988	2.09393
17989	2.09422
17990	2.09451
17991	2.09478
17992	2.09505
17993	2.09531
17994	2.09556
17995	2.0958
17996	2.09603
17997	2.09625
17998	2.09646
17999	2.09667
18000	2.09686
18001	2.09705
18002	2.09723
18003	2.0974
18004	2.09756
18005	2.09771
18006	2.09785
18007	2.09799
18008	2.09811
18009	2.09823
18010	2.09834
18011	2.09844
18012	2.09853
18013	2.09862
18014	2.09869
18015	2.09876
18016	2.09882
18017	2.09887
18018	2.09891
18019	2.09895
18020	2.09898
18021	2.099
18022	2.09901
18023	2.09901
18024	2.09901
18025	2.099
18026	2.09898
18027	2.09896
18028	2.09892
18029	2.09888
18030	2.09883
18031	2.09878
18032	2.09872
18033	2.09865
18034	2.09857
18035	2.09849
18036	2.0984
18037	2.09831
18038	2.0982
18039	2.09809
18040	2.09798
18041	2.09786
18042	2.09773
18043	2.09759
18044	2.09745
18045	2.09731
18046	2.09716
18047	2.097
18048	2.09684
18049	2.09667
18050	2.09649
18051	2.09631
18052	2.09613
18053	2.09593
18054	2.09574
18055	2.09554
18056	2.09533
18057	2.09512
18058	2.0949
18059	2.09468
18060	2.09446
18061	2.09423
18062	2.09399
18063	2.09376
18064	2.09351
18065	2.09327
18066	2.09301
18067	2.09276
18068	2.0925
18069	2.09224
18070	2.09197
18071	2.0917
18072	2.09143
18073	2.09115
18074	2.09087
18075	2.09058
18076	2.0903
18077	2.09001
18078	2.08971
18079	2.08942
18080	2.08912
18081	2.08882
18082	2.08851
18083	2.08821
18084	2.0879
18085	2.08759
18086	2.08727
18087	2.08696
18088	2.08664
18089	2.08632
18090	2.08599
18091	2.08567
18092	2.08534
18093	2.08502
18094	2.08469
18095	2.08436
18096	2.08402
18097	2.08369
18098	2.08335
18099	2.08302
18100	2.08268
18101	2.08234
18102	2.082
18103	2.08166
18104	2.08132
18105	2.08098
18106	2.08063
18107	2.08029
18108	2.07995
18109	2.0796
18110	2.07925
18111	2.07891
18112	2.07856
18113	2.07822
18114	2.07787
18115	2.07752
18116	2.07718
18117	2.07683
18118	2.07648
18119	2.07614
18120	2.07579
18121	2.07545
18122	2.0751
18123	2.07476
18124	2.07441
18125	2.07407
18126	2.07372
18127	2.07338
18128	2.07304
18129	2.0727
18130	2.07236
18131	2.07202
18132	2.07168
18133	2.07134
18134	2.071
18135	2.07066
18136	2.07033
18137	2.06999
18138	2.06966
18139	2.06933
18140	2.069
18141	2.06867
18142	2.06834
18143	2.06801
18144	2.06769
18145	2.06737
18146	2.06704
18147	2.06672
18148	2.0664
18149	2.06609
18150	2.06577
18151	2.06545
18152	2.06514
18153	2.06483
18154	2.06452
18155	2.06421
18156	2.06391
18157	2.0636
18158	2.0633
18159	2.063
18160	2.0627
18161	2.06241
18162	2.06211
18163	2.06182
18164	2.06153
18165	2.06124
18166	2.06095
18167	2.06067
18168	2.06039
18169	2.06011
18170	2.05983
18171	2.05955
18172	2.05928
18173	2.05901
18174	2.05874
18175	2.05847
18176	2.05821
18177	2.05794
18178	2.05768
18179	2.05742
18180	2.05717
18181	2.05691
18182	2.05666
18183	2.05641
18184	2.05617
18185	2.05592
18186	2.05568
18187	2.05544
18188	2.0552
18189	2.05496
18190	2.05473
18191	2.0545
18192	2.05427
18193	2.05405
18194	2.05382
18195	2.0536
18196	2.05338
18197	2.05316
18198	2.05295
18199	2.05274
18200	2.05253
18201	2.05232
18202	2.05211
18203	2.05191
18204	2.05171
18205	2.05151
18206	2.05132
18207	2.05112
18208	2.05093
18209	2.05074
18210	2.05055
18211	2.05037
18212	2.05019
18213	2.05001
18214	2.04983
18215	2.04965
18216	2.04948
18217	2.04931
18218	2.04914
18219	2.04897
18220	2.04881
18221	2.04865
18222	2.04849
18223	2.04833
18224	2.04817
18225	2.04802
18226	2.04787
18227	2.04772
18228	2.04757
18229	2.04743
18230	2.04729
18231	2.04715
18232	2.04701
18233	2.04687
18234	2.04674
18235	2.0466
18236	2.04647
18237	2.04634
18238	2.04622
18239	2.04609
18240	2.04597
18241	2.04585
18242	2.04573
18243	2.04561
18244	2.0455
18245	2.04539
18246	2.04528
18247	2.04517
18248	2.04506
18249	2.04495
18250	2.04485
18251	2.04475
18252	2.04465
18253	2.04455
18254	2.04445
18255	2.04436
18256	2.04426
18257	2.04417
18258	2.04408
18259	2.044
18260	2.04391
18261	2.04382
18262	2.04374
18263	2.04366
18264	2.04358
18265	2.0435
18266	2.04342
18267	2.04335
18268	2.04327
18269	2.0432
18270	2.04313
18271	2.04306
18272	2.04299
18273	2.04293
18274	2.04286
18275	2.0428
18276	2.04274
18277	2.04268
18278	2.04262
18279	2.04256
18280	2.0425
18281	2.04245
18282	2.04239
18283	2.04234
18284	2.04229
18285	2.04224
18286	2.04219
18287	2.04214
18288	2.04209
18289	2.04205
18290	2.042
18291	2.04196
18292	2.04192
18293	2.04188
18294	2.04184
18295	2.0418
18296	2.04176
18297	2.04173
18298	2.04169
18299	2.04166
18300	2.04162
18301	2.04159
18302	2.04156
18303	2.04153
18304	2.0415
18305	2.04147
18306	2.04144
18307	2.04142
18308	2.04139
18309	2.04136
18310	2.04134
18311	2.04132
18312	2.04129
18313	2.04127
18314	2.04125
18315	2.04123
18316	2.04121
18317	2.0412
18318	2.04118
18319	2.04116
18320	2.04115
18321	2.04113
18322	2.04112
18323	2.0411
18324	2.04109
18325	2.04108
18326	2.04106
18327	2.04105
18328	2.04104
18329	2.04103
18330	2.04102
18331	2.04101
18332	2.04101
18333	2.041
18334	2.04099
18335	2.04099
18336	2.04098
18337	2.04098
18338	2.04097
18339	2.04097
18340	2.04096
18341	2.04096
18342	2.04096
18343	2.04096
18344	2.04095
18345	2.04095
18346	2.04095
18347	2.04095
18348	2.04095
18349	2.04095
18350	2.04095
18351	2.04096
18352	2.04096
18353	2.04096
18354	2.04096
18355	2.04097
18356	2.04097
18357	2.04097
18358	2.04098
18359	2.04098
18360	2.04099
18361	2.04099
18362	2.041
18363	2.041
18364	2.04101
18365	2.04101
18366	2.04102
18367	2.04103
18368	2.04103
18369	2.04104
18370	2.04105
18371	2.04106
18372	2.04106
18373	2.04107
18374	2.04108
18375	2.04109
18376	2.0411
18377	2.04111
18378	2.04112
18379	2.04113
18380	2.04113
18381	2.04114
18382	2.04115
18383	2.04116
18384	2.04117
18385	2.04118
18386	2.04119
18387	2.04121
18388	2.04122
18389	2.04123
18390	2.04124
18391	2.04125
18392	2.04126
18393	2.04127
18394	2.04128
18395	2.04129
18396	2.0413
18397	2.04132
18398	2.04133
18399	2.04134
18400	2.04135
18401	2.04136
18402	2.04137
18403	2.04139
18404	2.0414
18405	2.04141
18406	2.04142
18407	2.04143
18408	2.04145
18409	2.04146
18410	2.04147
18411	2.04148
18412	2.04149
18413	2.0415
18414	2.04152
18415	2.04153
18416	2.04154
18417	2.04155
18418	2.04156
18419	2.04158
18420	2.04159
18421	2.0416
18422	2.04161
18423	2.04162
18424	2.04163
18425	2.04164
18426	2.04166
18427	2.04167
18428	2.04168
18429	2.04169
18430	2.0417
18431	2.04171
18432	2.04172
18433	2.04173
18434	2.04174
18435	2.04176
18436	2.04177
18437	2.04178
18438	2.04179
18439	2.0418
18440	2.04181
18441	2.04182
18442	2.04183
18443	2.04184
18444	2.04185
18445	2.04186
18446	2.04187
18447	2.04188
18448	2.04188
18449	2.04189
18450	2.0419
18451	2.04191
18452	2.04192
18453	2.04193
18454	2.04194
18455	2.04195
18456	2.04196
18457	2.04196
18458	2.04197
18459	2.04198
18460	2.04199
18461	2.04199
18462	2.042
18463	2.04201
18464	2.04202
18465	2.04202
18466	2.04203
18467	2.04204
18468	2.04204
18469	2.04205
18470	2.04206
18471	2.04206
18472	2.04207
18473	2.04208
18474	2.04208
18475	2.04209
18476	2.04209
18477	2.0421
18478	2.0421
18479	2.04211
18480	2.04211
18481	2.04212
18482	2.04212
18483	2.04213
18484	2.04213
18485	2.04214
18486	2.04214
18487	2.04215
18488	2.04215
18489	2.04215
18490	2.04216
18491	2.04216
18492	2.04216
18493	2.04217
18494	2.04217
18495	2.04217
18496	2.04218
18497	2.04218
18498	2.04218
18499	2.04218
18500	2.04219
18501	2.04219
18502	2.04219
18503	2.04219
18504	2.04219
18505	2.04219
18506	2.0422
18507	2.0422
18508	2.0422
18509	2.0422
18510	2.0422
18511	2.0422
18512	2.0422
18513	2.0422
18514	2.0422
18515	2.0422
18516	2.04221
18517	2.04221
18518	2.04221
18519	2.04221
18520	2.04221
18521	2.04221
18522	2.04221
18523	2.04221
18524	2.04221
18525	2.0422
18526	2.0422
18527	2.0422
18528	2.0422
18529	2.0422
18530	2.0422
18531	2.0422
18532	2.0422
18533	2.0422
18534	2.0422
18535	2.0422
18536	2.0422
18537	2.04219
18538	2.04219
18539	2.04219
18540	2.04219
18541	2.04219
18542	2.04219
18543	2.04219
18544	2.04218
18545	2.04218
18546	2.04218
18547	2.04218
18548	2.04218
18549	2.04218
18550	2.04217
18551	2.04217
18552	2.04217
18553	2.04217
18554	2.04217
18555	2.04217
18556	2.04216
18557	2.04216
18558	2.04216
18559	2.04216
18560	2.04216
18561	2.04216
18562	2.04215
18563	2.04215
18564	2.04215
18565	2.04215
18566	2.04215
18567	2.04215
18568	2.04215
18569	2.04214
18570	2.04214
18571	2.04214
18572	2.04214
18573	2.04214
18574	2.04214
18575	2.04214
18576	2.04214
18577	2.04214
18578	2.04214
18579	2.04214
18580	2.04214
18581	2.04214
18582	2.04214
18583	2.04214
18584	2.04214
18585	2.04214
18586	2.04214
18587	2.04214
18588	2.04214
18589	2.04214
18590	2.04214
18591	2.04214
18592	2.04215
18593	2.04215
18594	2.04215
18595	2.04215
18596	2.04216
18597	2.04216
18598	2.04216
18599	2.04216
18600	2.04217
18601	2.04217
18602	2.04218
18603	2.04218
18604	2.04219
18605	2.04219
18606	2.0422
18607	2.0422
18608	2.04221
18609	2.04221
18610	2.04222
18611	2.04223
18612	2.04224
18613	2.04224
18614	2.04225
18615	2.04226
18616	2.04227
18617	2.04228
18618	2.04229
18619	2.0423
18620	2.04231
18621	2.04232
18622	2.04233
18623	2.04235
18624	2.04236
18625	2.04237
18626	2.04239
18627	2.0424
18628	2.04242
18629	2.04243
18630	2.04245
18631	2.04247
18632	2.04248
18633	2.0425
18634	2.04252
18635	2.04254
18636	2.04256
18637	2.04258
18638	2.0426
18639	2.04263
18640	2.04265
18641	2.04267
18642	2.0427
18643	2.04273
18644	2.04275
18645	2.04278
18646	2.04281
18647	2.04284
18648	2.04287
18649	2.0429
18650	2.04293
18651	2.04296
18652	2.043
18653	2.04303
18654	2.04307
18655	2.0431
18656	2.04314
18657	2.04318
18658	2.04322
18659	2.04326
18660	2.04331
18661	2.04335
18662	2.04339
18663	2.04344
18664	2.04349
18665	2.04354
18666	2.04359
18667	2.04364
18668	2.04369
18669	2.04374
18670	2.0438
18671	2.04385
18672	2.04391
18673	2.04397
18674	2.04403
18675	2.04409
18676	2.04416
18677	2.04422
18678	2.04429
18679	2.04436
18680	2.04443
18681	2.0445
18682	2.04457
18683	2.04465
18684	2.04473
18685	2.0448
18686	2.04488
18687	2.04497
18688	2.04505
18689	2.04514
18690	2.04522
18691	2.04531
18692	2.0454
18693	2.0455
18694	2.04559
18695	2.04569
18696	2.04579
18697	2.04589
18698	2.04599
18699	2.0461
18700	2.0462
18701	2.04631
18702	2.04643
18703	2.04654
18704	2.04666
18705	2.04677
18706	2.04689
18707	2.04702
18708	2.04714
18709	2.04727
18710	2.0474
18711	2.04753
18712	2.04766
18713	2.0478
18714	2.04794
18715	2.04808
18716	2.04822
18717	2.04837
18718	2.04852
18719	2.04867
18720	2.04882
18721	2.04898
18722	2.04914
18723	2.0493
18724	2.04946
18725	2.04963
18726	2.04979
18727	2.04997
18728	2.05014
18729	2.05032
18730	2.0505
18731	2.05068
18732	2.05086
18733	2.05105
18734	2.05124
18735	2.05143
18736	2.05163
18737	2.05183
18738	2.05203
18739	2.05223
18740	2.05244
18741	2.05265
18742	2.05286
18743	2.05307
18744	2.05329
18745	2.05351
18746	2.05373
18747	2.05396
18748	2.05419
18749	2.05442
18750	2.05465
18751	2.05489
18752	2.05513
18753	2.05537
18754	2.05561
18755	2.05586
18756	2.05611
18757	2.05636
18758	2.05662
18759	2.05687
18760	2.05713
18761	2.0574
18762	2.05766
18763	2.05793
18764	2.0582
18765	2.05848
18766	2.05875
18767	2.05903
18768	2.05931
18769	2.0596
18770	2.05988
18771	2.06017
18772	2.06046
18773	2.06075
18774	2.06105
18775	2.06135
18776	2.06165
18777	2.06195
18778	2.06225
18779	2.06256
18780	2.06287
18781	2.06318
18782	2.06349
18783	2.06381
18784	2.06412
18785	2.06444
18786	2.06476
18787	2.06508
18788	2.06541
18789	2.06573
18790	2.06606
18791	2.06639
18792	2.06672
18793	2.06705
18794	2.06738
18795	2.06772
18796	2.06806
18797	2.06839
18798	2.06873
18799	2.06907
18800	2.06941
18801	2.06975
18802	2.0701
18803	2.07044
18804	2.07078
18805	2.07113
18806	2.07148
18807	2.07182
18808	2.07217
18809	2.07252
18810	2.07286
18811	2.07321
18812	2.07356
18813	2.07391
18814	2.07426
18815	2.0746
18816	2.07495
18817	2.0753
18818	2.07565
18819	2.076
18820	2.07634
18821	2.07669
18822	2.07704
18823	2.07738
18824	2.07772
18825	2.07807
18826	2.07841
18827	2.07875
18828	2.07909
18829	2.07943
18830	2.07977
18831	2.0801
18832	2.08044
18833	2.08077
18834	2.0811
18835	2.08143
18836	2.08176
18837	2.08208
18838	2.08241
18839	2.08273
18840	2.08305
18841	2.08336
18842	2.08368
18843	2.08399
18844	2.0843
18845	2.0846
18846	2.0849
18847	2.0852
18848	2.0855
18849	2.08579
18850	2.08608
18851	2.08637
18852	2.08665
18853	2.08693
18854	2.0872
18855	2.08747
18856	2.08774
18857	2.08801
18858	2.08826
18859	2.08852
18860	2.08877
18861	2.08901
18862	2.08926
18863	2.08949
18864	2.08972
18865	2.08995
18866	2.09017
18867	2.09039
18868	2.0906
18869	2.09081
18870	2.09101
18871	2.0912
18872	2.09139
18873	2.09158
18874	2.09176
18875	2.09193
18876	2.0921
18877	2.09226
18878	2.09241
18879	2.09256
18880	2.0927
18881	2.09284
18882	2.09297
18883	2.09309
18884	2.09321
18885	2.09332
18886	2.09342
18887	2.09352
18888	2.0936
18889	2.09369
18890	2.09376
18891	2.09383
18892	2.09389
18893	2.09394
18894	2.09399
18895	2.09403
18896	2.09406
18897	2.09408
18898	2.0941
18899	2.09411
18900	2.09411
18901	2.0941
18902	2.09409
18903	2.09406
18904	2.09403
18905	2.094
18906	2.09395
18907	2.0939
18908	2.09383
18909	2.09376
18910	2.09368
18911	2.0936
18912	2.0935
18913	2.0934
18914	2.09329
18915	2.09317
18916	2.09304
18917	2.0929
18918	2.09276
18919	2.0926
18920	2.09244
18921	2.09227
18922	2.09209
18923	2.09191
18924	2.09171
18925	2.09151
18926	2.0913
18927	2.09108
18928	2.09085
18929	2.09061
18930	2.09036
18931	2.09011
18932	2.08985
18933	2.08958
18934	2.0893
18935	2.08901
18936	2.08872
18937	2.08841
18938	2.0881
18939	2.08778
18940	2.08745
18941	2.08712
18942	2.08677
18943	2.08642
18944	2.08606
18945	2.08569
18946	2.08532
18947	2.08493
18948	2.08454
18949	2.08414
18950	2.08374
18951	2.08332
18952	2.0829
18953	2.08247
18954	2.08203
18955	2.08159
18956	2.08114
18957	2.08068
18958	2.08021
18959	2.07974
18960	2.07926
18961	2.07878
18962	2.07828
18963	2.07778
18964	2.07728
18965	2.07676
18966	2.07624
18967	2.07572
18968	2.07519
18969	2.07465
18970	2.0741
18971	2.07355
18972	2.073
18973	2.07244
18974	2.07187
18975	2.0713
18976	2.07072
18977	2.07014
18978	2.06955
18979	2.06896
18980	2.06836
18981	2.06775
18982	2.06715
18983	2.06653
18984	2.06592
18985	2.0653
18986	2.06467
18987	2.06404
18988	2.06341
18989	2.06277
18990	2.06213
18991	2.06149
18992	2.06084
18993	2.06019
18994	2.05953
18995	2.05887
18996	2.05821
18997	2.05755
18998	2.05689
18999	2.05622
19000	2.05555
19001	2.05487
19002	2.0542
19003	2.05352
19004	2.05284
19005	2.05216
19006	2.05148
19007	2.0508
19008	2.05011
19009	2.04943
19010	2.04874
19011	2.04806
19012	2.04737
19013	2.04668
19014	2.04599
19015	2.0453
19016	2.04461
19017	2.04392
19018	2.04323
19019	2.04254
19020	2.04186
19021	2.04117
19022	2.04048
19023	2.03979
19024	2.03911
19025	2.03842
19026	2.03774
19027	2.03706
19028	2.03638
19029	2.0357
19030	2.03502
19031	2.03435
19032	2.03367
19033	2.033
19034	2.03234
19035	2.03167
19036	2.03101
19037	2.03034
19038	2.02969
19039	2.02903
19040	2.02838
19041	2.02773
19042	2.02708
19043	2.02644
19044	2.0258
19045	2.02517
19046	2.02454
19047	2.02391
19048	2.02328
19049	2.02267
19050	2.02205
19051	2.02144
19052	2.02083
19053	2.02023
19054	2.01963
19055	2.01904
19056	2.01845
19057	2.01787
19058	2.01729
19059	2.01672
19060	2.01615
19061	2.01559
19062	2.01503
19063	2.01448
19064	2.01393
19065	2.01339
19066	2.01285
19067	2.01233
19068	2.0118
19069	2.01128
19070	2.01077
19071	2.01027
19072	2.00977
19073	2.00928
19074	2.00879
19075	2.00831
19076	2.00783
19077	2.00737
19078	2.00691
19079	2.00645
19080	2.006
19081	2.00556
19082	2.00513
19083	2.0047
19084	2.00428
19085	2.00387
19086	2.00346
19087	2.00306
19088	2.00267
19089	2.00228
19090	2.0019
19091	2.00153
19092	2.00117
19093	2.00081
19094	2.00046
19095	2.00012
19096	1.99978
19097	1.99945
19098	1.99913
19099	1.99882
19100	1.99851
19101	1.99822
19102	1.99792
19103	1.99764
19104	1.99736
19105	1.99709
19106	1.99683
19107	1.99658
19108	1.99633
19109	1.99609
19110	1.99586
19111	1.99563
19112	1.99542
19113	1.99521
19114	1.995
19115	1.99481
19116	1.99462
19117	1.99444
19118	1.99426
19119	1.9941
19120	1.99394
19121	1.99379
19122	1.99364
19123	1.99351
19124	1.99338
19125	1.99325
19126	1.99314
19127	1.99303
19128	1.99293
19129	1.99283
19130	1.99275
19131	1.99267
19132	1.99259
19133	1.99253
19134	1.99247
19135	1.99241
19136	1.99237
19137	1.99233
19138	1.99229
19139	1.99227
19140	1.99225
19141	1.99224
19142	1.99223
19143	1.99223
19144	1.99223
19145	1.99225
19146	1.99227
19147	1.99229
19148	1.99232
19149	1.99236
19150	1.9924
19151	1.99245
19152	1.99251
19153	1.99257
19154	1.99264
19155	1.99271
19156	1.99279
19157	1.99287
19158	1.99296
19159	1.99306
19160	1.99316
19161	1.99327
19162	1.99338
19163	1.9935
19164	1.99362
19165	1.99375
19166	1.99388
19167	1.99402
19168	1.99416
19169	1.99431
19170	1.99446
19171	1.99462
19172	1.99478
19173	1.99494
19174	1.99511
19175	1.99529
19176	1.99547
19177	1.99565
19178	1.99584
19179	1.99603
19180	1.99623
19181	1.99643
19182	1.99663
19183	1.99684
19184	1.99705
19185	1.99727
19186	1.99749
19187	1.99771
19188	1.99794
19189	1.99817
19190	1.9984
19191	1.99864
19192	1.99888
19193	1.99912
19194	1.99937
19195	1.99962
19196	1.99987
19197	2.00012
19198	2.00038
19199	2.00064
19200	2.0009
19201	2.00117
19202	2.00144
19203	2.00171
19204	2.00198
19205	2.00226
19206	2.00253
19207	2.00281
19208	2.0031
19209	2.00338
19210	2.00367
19211	2.00395
19212	2.00424
19213	2.00453
19214	2.00483
19215	2.00512
19216	2.00542
19217	2.00572
19218	2.00601
19219	2.00632
19220	2.00662
19221	2.00692
19222	2.00722
19223	2.00753
19224	2.00784
19225	2.00814
19226	2.00845
19227	2.00876
19228	2.00907
19229	2.00938
19230	2.00969
19231	2.01001
19232	2.01032
19233	2.01063
19234	2.01095
19235	2.01126
19236	2.01158
19237	2.01189
19238	2.01221
19239	2.01252
19240	2.01284
19241	2.01315
19242	2.01347
19243	2.01378
19244	2.0141
19245	2.01442
19246	2.01473
19247	2.01505
19248	2.01536
19249	2.01568
19250	2.01599
19251	2.0163
19252	2.01662
19253	2.01693
19254	2.01724
19255	2.01756
19256	2.01787
19257	2.01818
19258	2.01849
19259	2.0188
19260	2.01911
19261	2.01941
19262	2.01972
19263	2.02003
19264	2.02033
19265	2.02064
19266	2.02094
19267	2.02124
19268	2.02154
19269	2.02184
19270	2.02214
19271	2.02244
19272	2.02274
19273	2.02303
19274	2.02333
19275	2.02362
19276	2.02391
19277	2.0242
19278	2.02449
19279	2.02478
19280	2.02507
19281	2.02535
19282	2.02564
19283	2.02592
19284	2.0262
19285	2.02648
19286	2.02675
19287	2.02703
19288	2.0273
19289	2.02758
19290	2.02785
19291	2.02812
19292	2.02839
19293	2.02865
19294	2.02892
19295	2.02918
19296	2.02944
19297	2.0297
19298	2.02996
19299	2.03021
19300	2.03046
19301	2.03072
19302	2.03097
19303	2.03121
19304	2.03146
19305	2.03171
19306	2.03195
19307	2.03219
19308	2.03243
19309	2.03266
19310	2.0329
19311	2.03313
19312	2.03336
19313	2.03359
19314	2.03382
19315	2.03405
19316	2.03427
19317	2.03449
19318	2.03471
19319	2.03493
19320	2.03514
19321	2.03535
19322	2.03557
19323	2.03578
19324	2.03598
19325	2.03619
19326	2.03639
19327	2.03659
19328	2.03679
19329	2.03699
19330	2.03718
19331	2.03738
19332	2.03757
19333	2.03776
19334	2.03795
19335	2.03813
19336	2.03831
19337	2.03849
19338	2.03867
19339	2.03885
19340	2.03903
19341	2.0392
19342	2.03937
19343	2.03954
19344	2.03971
19345	2.03987
19346	2.04003
19347	2.0402
19348	2.04035
19349	2.04051
19350	2.04067
19351	2.04082
19352	2.04097
19353	2.04112
19354	2.04127
19355	2.04141
19356	2.04156
19357	2.0417
19358	2.04184
19359	2.04198
19360	2.04211
19361	2.04225
19362	2.04238
19363	2.04251
19364	2.04264
19365	2.04276
19366	2.04289
19367	2.04301
19368	2.04313
19369	2.04325
19370	2.04337
19371	2.04349
19372	2.0436
19373	2.04371
19374	2.04382
19375	2.04393
19376	2.04404
19377	2.04414
19378	2.04425
19379	2.04435
19380	2.04445
19381	2.04455
19382	2.04464
19383	2.04474
19384	2.04483
19385	2.04492
19386	2.04501
19387	2.0451
19388	2.04519
19389	2.04527
19390	2.04535
19391	2.04544
19392	2.04552
19393	2.0456
19394	2.04567
19395	2.04575
19396	2.04582
19397	2.0459
19398	2.04597
19399	2.04604
19400	2.0461
19401	2.04617
19402	2.04624
19403	2.0463
19404	2.04636
19405	2.04642
19406	2.04648
19407	2.04654
19408	2.0466
19409	2.04665
19410	2.04671
19411	2.04676
19412	2.04681
19413	2.04686
19414	2.04691
19415	2.04696
19416	2.04701
19417	2.04705
19418	2.04709
19419	2.04714
19420	2.04718
19421	2.04722
19422	2.04726
19423	2.0473
19424	2.04733
19425	2.04737
19426	2.0474
19427	2.04744
19428	2.04747
19429	2.0475
19430	2.04753
19431	2.04756
19432	2.04759
19433	2.04761
19434	2.04764
19435	2.04766
19436	2.04769
19437	2.04771
19438	2.04773
19439	2.04775
19440	2.04777
19441	2.04779
19442	2.04781
19443	2.04783
19444	2.04784
19445	2.04786
19446	2.04787
19447	2.04789
19448	2.0479
19449	2.04791
19450	2.04792
19451	2.04793
19452	2.04794
19453	2.04795
19454	2.04796
19455	2.04796
19456	2.04797
19457	2.04797
19458	2.04798
19459	2.04798
19460	2.04799
19461	2.04799
19462	2.04799
19463	2.04799
19464	2.04799
19465	2.04799
19466	2.04799
19467	2.04799
19468	2.04798
19469	2.04798
19470	2.04798
19471	2.04797
19472	2.04797
19473	2.04796
19474	2.04796
19475	2.04795
19476	2.04794
19477	2.04794
19478	2.04793
19479	2.04792
19480	2.04791
19481	2.0479
19482	2.04789
19483	2.04788
19484	2.04787
19485	2.04786
19486	2.04784
19487	2.04783
19488	2.04782
19489	2.04781
19490	2.04779
19491	2.04778
19492	2.04776
19493	2.04775
19494	2.04773
19495	2.04772
19496	2.0477
19497	2.04768
19498	2.04767
19499	2.04765
19500	2.04763
19501	2.04761
19502	2.0476
19503	2.04758
19504	2.04756
19505	2.04754
19506	2.04752
19507	2.0475
19508	2.04748
19509	2.04746
19510	2.04744
19511	2.04742
19512	2.0474
19513	2.04738
19514	2.04736
19515	2.04733
19516	2.04731
19517	2.04729
19518	2.04727
19519	2.04725
19520	2.04722
19521	2.0472
19522	2.04718
19523	2.04715
19524	2.04713
19525	2.04711
19526	2.04708
19527	2.04706
19528	2.04704
19529	2.04701
19530	2.04699
19531	2.04696
19532	2.04694
19533	2.04692
19534	2.04689
19535	2.04687
19536	2.04684
19537	2.04682
19538	2.04679
19539	2.04677
19540	2.04674
19541	2.04672
19542	2.04669
19543	2.04667
19544	2.04664
19545	2.04662
19546	2.04659
19547	2.04657
19548	2.04654
19549	2.04652
19550	2.04649
19551	2.04646
19552	2.04644
19553	2.04641
19554	2.04639
19555	2.04636
19556	2.04634
19557	2.04631
19558	2.04629
19559	2.04626
19560	2.04624
19561	2.04621
19562	2.04618
19563	2.04616
19564	2.04613
19565	2.04611
19566	2.04608
19567	2.04606
19568	2.04603
19569	2.04601
19570	2.04598
19571	2.04596
19572	2.04593
19573	2.0459
19574	2.04588
19575	2.04585
19576	2.04583
19577	2.0458
19578	2.04578
19579	2.04575
19580	2.04573
19581	2.0457
19582	2.04568
19583	2.04565
19584	2.04563
19585	2.0456
19586	2.04558
19587	2.04555
19588	2.04553
19589	2.0455
19590	2.04548
19591	2.04546
19592	2.04543
19593	2.04541
19594	2.04538
19595	2.04536
19596	2.04533
19597	2.04531
19598	2.04528
19599	2.04526
19600	2.04523
19601	2.04521
19602	2.04518
19603	2.04516
19604	2.04514
19605	2.04511
19606	2.04509
19607	2.04506
19608	2.04504
19609	2.04501
19610	2.04499
19611	2.04496
19612	2.04494
19613	2.04491
19614	2.04489
19615	2.04486
19616	2.04484
19617	2.04481
19618	2.04479
19619	2.04476
19620	2.04474
19621	2.04471
19622	2.04469
19623	2.04466
19624	2.04464
19625	2.04461
19626	2.04459
19627	2.04456
19628	2.04454
19629	2.04451
19630	2.04448
19631	2.04446
19632	2.04443
19633	2.0444
19634	2.04438
19635	2.04435
19636	2.04432
19637	2.0443
19638	2.04427
19639	2.04424
19640	2.04421
19641	2.04419
19642	2.04416
19643	2.04413
19644	2.0441
19645	2.04407
19646	2.04404
19647	2.04401
19648	2.04398
19649	2.04395
19650	2.04392
19651	2.04389
19652	2.04386
19653	2.04383
19654	2.0438
19655	2.04377
19656	2.04374
19657	2.0437
19658	2.04367
19659	2.04364
19660	2.0436
19661	2.04357
19662	2.04354
19663	2.0435
19664	2.04347
19665	2.04343
19666	2.04339
19667	2.04336
19668	2.04332
19669	2.04328
19670	2.04324
19671	2.04321
19672	2.04317
19673	2.04313
19674	2.04309
19675	2.04304
19676	2.043
19677	2.04296
19678	2.04292
19679	2.04287
19680	2.04283
19681	2.04279
19682	2.04274
19683	2.04269
19684	2.04265
19685	2.0426
19686	2.04255
19687	2.0425
19688	2.04245
19689	2.0424
19690	2.04235
19691	2.0423
19692	2.04224
19693	2.04219
19694	2.04214
19695	2.04208
19696	2.04202
19697	2.04197
19698	2.04191
19699	2.04185
19700	2.04179
19701	2.04173
19702	2.04166
19703	2.0416
19704	2.04153
19705	2.04147
19706	2.0414
19707	2.04133
19708	2.04126
19709	2.04119
19710	2.04112
19711	2.04105
19712	2.04098
19713	2.0409
19714	2.04083
19715	2.04075
19716	2.04067
19717	2.04059
19718	2.04051
19719	2.04043
19720	2.04034
19721	2.04026
19722	2.04017
19723	2.04008
19724	2.03999
19725	2.0399
19726	2.03981
19727	2.03971
19728	2.03962
19729	2.03952
19730	2.03942
19731	2.03932
19732	2.03922
19733	2.03911
19734	2.03901
19735	2.0389
19736	2.03879
19737	2.03868
19738	2.03857
19739	2.03845
19740	2.03834
19741	2.03822
19742	2.0381
19743	2.03798
19744	2.03786
19745	2.03773
19746	2.0376
19747	2.03747
19748	2.03734
19749	2.03721
19750	2.03707
19751	2.03694
19752	2.0368
19753	2.03665
19754	2.03651
19755	2.03637
19756	2.03622
19757	2.03607
19758	2.03592
19759	2.03576
19760	2.0356
19761	2.03545
19762	2.03528
19763	2.03512
19764	2.03495
19765	2.03479
19766	2.03462
19767	2.03444
19768	2.03427
19769	2.03409
19770	2.03391
19771	2.03373
19772	2.03354
19773	2.03335
19774	2.03316
19775	2.03297
19776	2.03277
19777	2.03258
19778	2.03238
19779	2.03217
19780	2.03197
19781	2.03176
19782	2.03155
19783	2.03133
19784	2.03112
19785	2.0309
19786	2.03068
19787	2.03045
19788	2.03022
19789	2.02999
19790	2.02976
19791	2.02953
19792	2.02929
19793	2.02905
19794	2.0288
19795	2.02855
19796	2.02831
19797	2.02805
19798	2.0278
19799	2.02754
19800	2.02728
19801	2.02701
19802	2.02675
19803	2.02648
19804	2.0262
19805	2.02593
19806	2.02565
19807	2.02537
19808	2.02508
19809	2.0248
19810	2.02451
19811	2.02421
19812	2.02392
19813	2.02362
19814	2.02332
19815	2.02301
19816	2.0227
19817	2.02239
19818	2.02208
19819	2.02176
19820	2.02144
19821	2.02112
19822	2.0208
19823	2.02047
19824	2.02014
19825	2.01981
19826	2.01947
19827	2.01913
19828	2.01879
19829	2.01844
19830	2.0181
19831	2.01775
19832	2.01739
19833	2.01704
19834	2.01668
19835	2.01632
19836	2.01596
19837	2.01559
19838	2.01522
19839	2.01485
19840	2.01448
19841	2.0141
19842	2.01372
19843	2.01334
19844	2.01296
19845	2.01257
19846	2.01219
19847	2.0118
19848	2.0114
19849	2.01101
19850	2.01061
19851	2.01021
19852	2.00981
19853	2.00941
19854	2.009
19855	2.0086
19856	2.00819
19857	2.00778
19858	2.00736
19859	2.00695
19860	2.00653
19861	2.00611
19862	2.00569
19863	2.00527
19864	2.00485
19865	2.00443
19866	2.004
19867	2.00357
19868	2.00315
19869	2.00272
19870	2.00229
19871	2.00186
19872	2.00142
19873	2.00099
19874	2.00056
19875	2.00012
19876	1.99968
19877	1.99925
19878	1.99881
19879	1.99837
19880	1.99794
19881	1.9975
19882	1.99706
19883	1.99662
19884	1.99618
19885	1.99574
19886	1.9953
19887	1.99487
19888	1.99443
19889	1.99399
19890	1.99355
19891	1.99311
19892	1.99268
19893	1.99224
19894	1.99181
19895	1.99137
19896	1.99094
19897	1.99051
19898	1.99008
19899	1.98965
19900	1.98922
19901	1.98879
19902	1.98836
19903	1.98794
19904	1.98752
19905	1.9871
19906	1.98668
19907	1.98626
19908	1.98585
19909	1.98544
19910	1.98503
19911	1.98462
19912	1.98422
19913	1.98381
19914	1.98341
19915	1.98302
19916	1.98262
19917	1.98223
19918	1.98185
19919	1.98146
19920	1.98108
19921	1.98071
19922	1.98033
19923	1.97996
19924	1.9796
19925	1.97924
19926	1.97888
19927	1.97853
19928	1.97818
19929	1.97783
19930	1.97749
19931	1.97716
19932	1.97683
19933	1.9765
19934	1.97618
19935	1.97587
19936	1.97556
19937	1.97525
19938	1.97495
19939	1.97466
19940	1.97437
19941	1.97409
19942	1.97381
19943	1.97354
19944	1.97328
19945	1.97302
19946	1.97277
19947	1.97252
19948	1.97229
19949	1.97205
19950	1.97183
19951	1.97161
19952	1.9714
19953	1.97119
19954	1.971
19955	1.97081
19956	1.97062
19957	1.97045
19958	1.97028
19959	1.97012
19960	1.96997
19961	1.96983
19962	1.96969
19963	1.96956
19964	1.96944
19965	1.96933
19966	1.96923
19967	1.96913
19968	1.96904
19969	1.96897
19970	1.9689
19971	1.96884
19972	1.96878
19973	1.96874
19974	1.96871
19975	1.96868
19976	1.96867
19977	1.96866
19978	1.96866
19979	1.96867
19980	1.96869
19981	1.96872
19982	1.96876
19983	1.96881
19984	1.96887
19985	1.96894
19986	1.96902
19987	1.96911
19988	1.96921
19989	1.96932
19990	1.96943
19991	1.96956
19992	1.9697
19993	1.96985
19994	1.97001
19995	1.97017
19996	1.97035
19997	1.97054
19998	1.97074
19999	1.97095
20000	1.97117
20001	1.9714
20002	1.97164
20003	1.97189
20004	1.97215
20005	1.97242
20006	1.9727
20007	1.97299
20008	1.97329
20009	1.9736
20010	1.97393
20011	1.97426
20012	1.9746
20013	1.97495
20014	1.97532
20015	1.97569
20016	1.97607
20017	1.97647
20018	1.97687
20019	1.97729
20020	1.97771
20021	1.97815
20022	1.97859
20023	1.97905
20024	1.97951
20025	1.97998
20026	1.98047
20027	1.98096
20028	1.98147
20029	1.98198
20030	1.9825
20031	1.98304
20032	1.98358
20033	1.98413
20034	1.98469
20035	1.98526
20036	1.98584
20037	1.98643
20038	1.98703
20039	1.98764
20040	1.98826
20041	1.98888
20042	1.98952
20043	1.99016
20044	1.99081
20045	1.99147
20046	1.99214
20047	1.99282
20048	1.9935
20049	1.99419
20050	1.99489
20051	1.9956
20052	1.99632
20053	1.99704
20054	1.99778
20055	1.99852
20056	1.99926
20057	2.00002
20058	2.00078
20059	2.00155
20060	2.00232
20061	2.0031
20062	2.00389
20063	2.00469
20064	2.00549
20065	2.00629
20066	2.00711
20067	2.00793
20068	2.00875
20069	2.00958
20070	2.01042
20071	2.01126
20072	2.01211
20073	2.01296
20074	2.01382
20075	2.01468
20076	2.01554
20077	2.01641
20078	2.01729
20079	2.01817
20080	2.01905
20081	2.01994
20082	2.02083
20083	2.02172
20084	2.02262
20085	2.02352
20086	2.02442
20087	2.02533
20088	2.02624
20089	2.02715
20090	2.02806
20091	2.02898
20092	2.02989
20093	2.03081
20094	2.03174
20095	2.03266
20096	2.03358
20097	2.03451
20098	2.03544
20099	2.03636
20100	2.03729
20101	2.03822
20102	2.03915
20103	2.04008
20104	2.04101
20105	2.04194
20106	2.04287
20107	2.0438
20108	2.04473
20109	2.04565
20110	2.04658
20111	2.04751
20112	2.04843
20113	2.04935
20114	2.05027
20115	2.05119
20116	2.05211
20117	2.05303
20118	2.05394
20119	2.05485
20120	2.05576
20121	2.05666
20122	2.05757
20123	2.05846
20124	2.05936
20125	2.06025
20126	2.06114
20127	2.06203
20128	2.06291
20129	2.06379
20130	2.06466
20131	2.06553
20132	2.0664
20133	2.06726
20134	2.06812
20135	2.06897
20136	2.06982
20137	2.07066
20138	2.07149
20139	2.07233
20140	2.07315
20141	2.07397
20142	2.07479
20143	2.0756
20144	2.0764
20145	2.07719
20146	2.07799
20147	2.07877
20148	2.07955
20149	2.08032
20150	2.08108
20151	2.08184
20152	2.08259
20153	2.08334
20154	2.08407
20155	2.0848
20156	2.08552
20157	2.08624
20158	2.08695
20159	2.08765
20160	2.08834
20161	2.08902
20162	2.0897
20163	2.09037
20164	2.09103
20165	2.09168
20166	2.09233
20167	2.09296
20168	2.09359
20169	2.09421
20170	2.09482
20171	2.09542
20172	2.09602
20173	2.0966
20174	2.09718
20175	2.09775
20176	2.0983
20177	2.09885
20178	2.0994
20179	2.09993
20180	2.10045
20181	2.10096
20182	2.10147
20183	2.10196
20184	2.10245
20185	2.10293
20186	2.1034
20187	2.10385
20188	2.1043
20189	2.10474
20190	2.10517
20191	2.10559
20192	2.10601
20193	2.10641
20194	2.1068
20195	2.10718
20196	2.10756
20197	2.10792
20198	2.10828
20199	2.10862
20200	2.10896
20201	2.10928
20202	2.1096
20203	2.10991
20204	2.1102
20205	2.11049
20206	2.11077
20207	2.11104
20208	2.1113
20209	2.11155
20210	2.11179
20211	2.11202
20212	2.11225
20213	2.11246
20214	2.11266
20215	2.11286
20216	2.11304
20217	2.11322
20218	2.11338
20219	2.11354
20220	2.11369
20221	2.11383
20222	2.11396
20223	2.11408
20224	2.11419
20225	2.11429
20226	2.11439
20227	2.11447
20228	2.11455
20229	2.11462
20230	2.11468
20231	2.11473
20232	2.11477
20233	2.1148
20234	2.11483
20235	2.11484
20236	2.11485
20237	2.11485
20238	2.11484
20239	2.11483
20240	2.1148
20241	2.11477
20242	2.11473
20243	2.11468
20244	2.11462
20245	2.11456
20246	2.11449
20247	2.11441
20248	2.11432
20249	2.11422
20250	2.11412
20251	2.11401
20252	2.1139
20253	2.11377
20254	2.11364
20255	2.1135
20256	2.11336
20257	2.11321
20258	2.11305
20259	2.11288
20260	2.11271
20261	2.11253
20262	2.11235
20263	2.11216
20264	2.11196
20265	2.11176
20266	2.11155
20267	2.11133
20268	2.11111
20269	2.11088
20270	2.11065
20271	2.11041
20272	2.11016
20273	2.10991
20274	2.10966
20275	2.1094
20276	2.10913
20277	2.10886
20278	2.10859
20279	2.1083
20280	2.10802
20281	2.10773
20282	2.10743
20283	2.10713
20284	2.10683
20285	2.10652
20286	2.1062
20287	2.10589
20288	2.10556
20289	2.10524
20290	2.10491
20291	2.10457
20292	2.10424
20293	2.1039
20294	2.10355
20295	2.1032
20296	2.10285
20297	2.10249
20298	2.10214
20299	2.10177
20300	2.10141
20301	2.10104
20302	2.10067
20303	2.1003
20304	2.09992
20305	2.09954
20306	2.09916
20307	2.09877
20308	2.09839
20309	2.098
20310	2.09761
20311	2.09721
20312	2.09682
20313	2.09642
20314	2.09602
20315	2.09562
20316	2.09521
20317	2.09481
20318	2.0944
20319	2.09399
20320	2.09358
20321	2.09317
20322	2.09276
20323	2.09235
20324	2.09193
20325	2.09151
20326	2.0911
20327	2.09068
20328	2.09026
20329	2.08984
20330	2.08942
20331	2.089
20332	2.08858
20333	2.08815
20334	2.08773
20335	2.08731
20336	2.08688
20337	2.08646
20338	2.08604
20339	2.08561
20340	2.08519
20341	2.08476
20342	2.08434
20343	2.08392
20344	2.08349
20345	2.08307
20346	2.08264
20347	2.08222
20348	2.0818
20349	2.08138
20350	2.08096
20351	2.08053
20352	2.08011
20353	2.07969
20354	2.07928
20355	2.07886
20356	2.07844
20357	2.07802
20358	2.07761
20359	2.07719
20360	2.07678
20361	2.07637
20362	2.07596
20363	2.07555
20364	2.07514
20365	2.07473
20366	2.07432
20367	2.07392
20368	2.07351
20369	2.07311
20370	2.07271
20371	2.07231
20372	2.07191
20373	2.07152
20374	2.07112
20375	2.07073
20376	2.07034
20377	2.06995
20378	2.06956
20379	2.06918
20380	2.06879
20381	2.06841
20382	2.06803
20383	2.06765
20384	2.06728
20385	2.0669
20386	2.06653
20387	2.06616
20388	2.06579
20389	2.06543
20390	2.06506
20391	2.0647
20392	2.06434
20393	2.06398
20394	2.06363
20395	2.06328
20396	2.06293
20397	2.06258
20398	2.06223
20399	2.06189
20400	2.06155
20401	2.06121
20402	2.06087
20403	2.06054
20404	2.0602
20405	2.05987
20406	2.05955
20407	2.05922
20408	2.0589
20409	2.05858
20410	2.05826
20411	2.05795
20412	2.05764
20413	2.05733
20414	2.05702
20415	2.05672
20416	2.05641
20417	2.05611
20418	2.05582
20419	2.05552
20420	2.05523
20421	2.05494
20422	2.05466
20423	2.05437
20424	2.05409
20425	2.05381
20426	2.05354
20427	2.05326
20428	2.05299
20429	2.05272
20430	2.05246
20431	2.05219
20432	2.05193
20433	2.05168
20434	2.05142
20435	2.05117
20436	2.05092
20437	2.05067
20438	2.05043
20439	2.05018
20440	2.04995
20441	2.04971
20442	2.04947
20443	2.04924
20444	2.04901
20445	2.04879
20446	2.04856
20447	2.04834
20448	2.04812
20449	2.04791
20450	2.04769
20451	2.04748
20452	2.04727
20453	2.04707
20454	2.04687
20455	2.04666
20456	2.04647
20457	2.04627
20458	2.04608
20459	2.04589
20460	2.0457
20461	2.04551
20462	2.04533
20463	2.04515
20464	2.04497
20465	2.04479
20466	2.04462
20467	2.04445
20468	2.04428
20469	2.04412
20470	2.04395
20471	2.04379
20472	2.04363
20473	2.04347
20474	2.04332
20475	2.04317
20476	2.04302
20477	2.04287
20478	2.04272
20479	2.04258
20480	2.04244
20481	2.0423
20482	2.04217
20483	2.04203
20484	2.0419
20485	2.04177
20486	2.04164
20487	2.04152
20488	2.04139
20489	2.04127
20490	2.04115
20491	2.04104
20492	2.04092
20493	2.04081
20494	2.0407
20495	2.04059
20496	2.04048
20497	2.04038
20498	2.04027
20499	2.04017
20500	2.04008
20501	2.03998
20502	2.03988
20503	2.03979
20504	2.0397
20505	2.03961
20506	2.03952
20507	2.03944
20508	2.03935
20509	2.03927
20510	2.03919
20511	2.03911
20512	2.03903
20513	2.03896
20514	2.03889
20515	2.03881
20516	2.03874
20517	2.03868
20518	2.03861
20519	2.03854
20520	2.03848
20521	2.03842
20522	2.03836
20523	2.0383
20524	2.03824
20525	2.03819
20526	2.03813
20527	2.03808
20528	2.03803
20529	2.03798
20530	2.03793
20531	2.03788
20532	2.03784
20533	2.03779
20534	2.03775
20535	2.03771
20536	2.03767
20537	2.03763
20538	2.03759
20539	2.03756
20540	2.03752
20541	2.03749
20542	2.03745
20543	2.03742
20544	2.03739
20545	2.03736
20546	2.03734
20547	2.03731
20548	2.03728
20549	2.03726
20550	2.03724
20551	2.03721
20552	2.03719
20553	2.03717
20554	2.03715
20555	2.03714
20556	2.03712
20557	2.0371
20558	2.03709
20559	2.03707
20560	2.03706
20561	2.03705
20562	2.03704
20563	2.03703
20564	2.03702
20565	2.03701
20566	2.037
20567	2.03699
20568	2.03699
20569	2.03698
20570	2.03698
20571	2.03697
20572	2.03697
20573	2.03697
20574	2.03696
20575	2.03696
20576	2.03696
20577	2.03696
20578	2.03696
20579	2.03697
20580	2.03697
20581	2.03697
20582	2.03697
20583	2.03698
20584	2.03698
20585	2.03699
20586	2.03699
20587	2.037
20588	2.03701
20589	2.03701
20590	2.03702
20591	2.03703
20592	2.03704
20593	2.03705
20594	2.03706
20595	2.03707
20596	2.03708
20597	2.03709
20598	2.0371
20599	2.03711
20600	2.03713
20601	2.03714
20602	2.03715
20603	2.03717
20604	2.03718
20605	2.03719
20606	2.03721
20607	2.03722
20608	2.03724
20609	2.03725
20610	2.03727
20611	2.03728
20612	2.0373
20613	2.03731
20614	2.03733
20615	2.03735
20616	2.03736
20617	2.03738
20618	2.0374
20619	2.03742
20620	2.03743
20621	2.03745
20622	2.03747
20623	2.03749
20624	2.03751
20625	2.03752
20626	2.03754
20627	2.03756
20628	2.03758
20629	2.0376
20630	2.03762
20631	2.03764
20632	2.03765
20633	2.03767
20634	2.03769
20635	2.03771
20636	2.03773
20637	2.03775
20638	2.03777
20639	2.03779
20640	2.03781
20641	2.03783
20642	2.03785
20643	2.03787
20644	2.03788
20645	2.0379
20646	2.03792
20647	2.03794
20648	2.03796
20649	2.03798
20650	2.038
20651	2.03802
20652	2.03804
20653	2.03806
20654	2.03808
20655	2.03809
20656	2.03811
20657	2.03813
20658	2.03815
20659	2.03817
20660	2.03819
20661	2.0382
20662	2.03822
20663	2.03824
20664	2.03826
20665	2.03828
20666	2.03829
20667	2.03831
20668	2.03833
20669	2.03835
20670	2.03836
20671	2.03838
20672	2.0384
20673	2.03841
20674	2.03843
20675	2.03845
20676	2.03846
20677	2.03848
20678	2.0385
20679	2.03851
20680	2.03853
20681	2.03854
20682	2.03856
20683	2.03857
20684	2.03859
20685	2.0386
20686	2.03862
20687	2.03863
20688	2.03865
20689	2.03866
20690	2.03867
20691	2.03869
20692	2.0387
20693	2.03871
20694	2.03873
20695	2.03874
20696	2.03875
20697	2.03877
20698	2.03878
20699	2.03879
20700	2.0388
20701	2.03881
20702	2.03883
20703	2.03884
20704	2.03885
20705	2.03886
20706	2.03887
20707	2.03888
20708	2.03889
20709	2.0389
20710	2.03891
20711	2.03892
20712	2.03893
20713	2.03894
20714	2.03895
20715	2.03896
20716	2.03897
20717	2.03897
20718	2.03898
20719	2.03899
20720	2.039
20721	2.03901
20722	2.03901
20723	2.03902
20724	2.03903
20725	2.03903
20726	2.03904
20727	2.03905
20728	2.03905
20729	2.03906
20730	2.03907
20731	2.03907
20732	2.03908
20733	2.03908
20734	2.03909
20735	2.03909
20736	2.0391
20737	2.0391
20738	2.03911
20739	2.03911
20740	2.03911
20741	2.03912
20742	2.03912
20743	2.03912
20744	2.03913
20745	2.03913
20746	2.03913
20747	2.03913
20748	2.03914
20749	2.03914
20750	2.03914
20751	2.03914
20752	2.03914
20753	2.03915
20754	2.03915
20755	2.03915
20756	2.03915
20757	2.03915
20758	2.03915
20759	2.03915
20760	2.03915
20761	2.03915
20762	2.03915
20763	2.03915
20764	2.03915
20765	2.03915
20766	2.03915
20767	2.03915
20768	2.03915
20769	2.03915
20770	2.03915
20771	2.03914
20772	2.03914
20773	2.03914
20774	2.03914
20775	2.03914
20776	2.03914
20777	2.03913
20778	2.03913
20779	2.03913
20780	2.03913
20781	2.03912
20782	2.03912
20783	2.03912
20784	2.03911
20785	2.03911
20786	2.03911
20787	2.03911
20788	2.0391
20789	2.0391
20790	2.03909
20791	2.03909
20792	2.03909
20793	2.03908
20794	2.03908
20795	2.03908
20796	2.03907
20797	2.03907
20798	2.03906
20799	2.03906
20800	2.03906
20801	2.03905
20802	2.03905
20803	2.03904
20804	2.03904
20805	2.03904
20806	2.03903
20807	2.03903
20808	2.03902
20809	2.03902
20810	2.03901
20811	2.03901
20812	2.03901
20813	2.039
20814	2.039
20815	2.03899
20816	2.03899
20817	2.03899
20818	2.03898
20819	2.03898
20820	2.03898
20821	2.03897
20822	2.03897
20823	2.03897
20824	2.03896
20825	2.03896
20826	2.03896
20827	2.03895
20828	2.03895
20829	2.03895
20830	2.03895
20831	2.03895
20832	2.03894
20833	2.03894
20834	2.03894
20835	2.03894
20836	2.03894
20837	2.03894
20838	2.03894
20839	2.03894
20840	2.03894
20841	2.03894
20842	2.03894
20843	2.03894
20844	2.03894
20845	2.03894
20846	2.03895
20847	2.03895
20848	2.03895
20849	2.03896
20850	2.03896
20851	2.03896
20852	2.03897
20853	2.03897
20854	2.03898
20855	2.03898
20856	2.03899
20857	2.039
20858	2.03901
20859	2.03901
20860	2.03902
20861	2.03903
20862	2.03904
20863	2.03905
20864	2.03906
20865	2.03908
20866	2.03909
20867	2.0391
20868	2.03911
20869	2.03913
20870	2.03914
20871	2.03916
20872	2.03918
20873	2.03919
20874	2.03921
20875	2.03923
20876	2.03925
20877	2.03927
20878	2.03929
20879	2.03932
20880	2.03934
20881	2.03936
20882	2.03939
20883	2.03942
20884	2.03944
20885	2.03947
20886	2.0395
20887	2.03953
20888	2.03956
20889	2.0396
20890	2.03963
20891	2.03967
20892	2.0397
20893	2.03974
20894	2.03978
20895	2.03982
20896	2.03986
20897	2.0399
20898	2.03994
20899	2.03999
20900	2.04004
20901	2.04008
20902	2.04013
20903	2.04018
20904	2.04023
20905	2.04029
20906	2.04034
20907	2.0404
20908	2.04046
20909	2.04052
20910	2.04058
20911	2.04064
20912	2.0407
20913	2.04077
20914	2.04084
20915	2.04091
20916	2.04098
20917	2.04105
20918	2.04112
20919	2.0412
20920	2.04128
20921	2.04136
20922	2.04144
20923	2.04152
20924	2.04161
20925	2.0417
20926	2.04178
20927	2.04188
20928	2.04197
20929	2.04206
20930	2.04216
20931	2.04226
20932	2.04236
20933	2.04246
20934	2.04257
20935	2.04268
20936	2.04279
20937	2.0429
20938	2.04301
20939	2.04313
20940	2.04324
20941	2.04336
20942	2.04349
20943	2.04361
20944	2.04374
20945	2.04387
20946	2.044
20947	2.04413
20948	2.04427
20949	2.04441
20950	2.04455
20951	2.04469
20952	2.04484
20953	2.04499
20954	2.04514
20955	2.04529
20956	2.04544
20957	2.0456
20958	2.04576
20959	2.04592
20960	2.04609
20961	2.04626
20962	2.04643
20963	2.0466
20964	2.04677
20965	2.04695
20966	2.04713
20967	2.04731
20968	2.0475
20969	2.04769
20970	2.04787
20971	2.04807
20972	2.04826
20973	2.04846
20974	2.04866
20975	2.04886
20976	2.04907
20977	2.04927
20978	2.04948
20979	2.04969
20980	2.04991
20981	2.05013
20982	2.05034
20983	2.05057
20984	2.05079
20985	2.05102
20986	2.05125
20987	2.05148
20988	2.05171
20989	2.05195
20990	2.05219
20991	2.05243
20992	2.05267
20993	2.05291
20994	2.05316
20995	2.05341
20996	2.05366
20997	2.05392
20998	2.05417
20999	2.05443
21000	2.05469
21001	2.05496
21002	2.05522
21003	2.05549
21004	2.05576
21005	2.05603
21006	2.0563
21007	2.05658
21008	2.05685
21009	2.05713
21010	2.05741
21011	2.05769
21012	2.05798
21013	2.05826
21014	2.05855
21015	2.05884
21016	2.05913
21017	2.05942
21018	2.05971
21019	2.06001
21020	2.0603
21021	2.0606
21022	2.0609
21023	2.0612
21024	2.0615
21025	2.0618
21026	2.06211
21027	2.06241
21028	2.06271
21029	2.06302
21030	2.06333
21031	2.06364
21032	2.06394
21033	2.06425
21034	2.06456
21035	2.06487
21036	2.06518
21037	2.0655
21038	2.06581
21039	2.06612
21040	2.06643
21041	2.06674
21042	2.06706
21043	2.06737
21044	2.06768
21045	2.068
21046	2.06831
21047	2.06862
21048	2.06893
21049	2.06924
21050	2.06955
21051	2.06987
21052	2.07018
21053	2.07048
21054	2.07079
21055	2.0711
21056	2.07141
21057	2.07171
21058	2.07202
21059	2.07232
21060	2.07262
21061	2.07293
21062	2.07323
21063	2.07352
21064	2.07382
21065	2.07412
21066	2.07441
21067	2.0747
21068	2.07499
21069	2.07528
21070	2.07557
21071	2.07585
21072	2.07613
21073	2.07641
21074	2.07669
21075	2.07696
21076	2.07723
21077	2.0775
21078	2.07777
21079	2.07804
21080	2.0783
21081	2.07856
21082	2.07881
21083	2.07906
21084	2.07931
21085	2.07956
21086	2.0798
21087	2.08004
21088	2.08028
21089	2.08051
21090	2.08074
21091	2.08096
21092	2.08118
21093	2.0814
21094	2.08161
21095	2.08182
21096	2.08203
21097	2.08223
21098	2.08242
21099	2.08262
21100	2.0828
21101	2.08299
21102	2.08317
21103	2.08334
21104	2.08351
21105	2.08368
21106	2.08383
21107	2.08399
21108	2.08414
21109	2.08428
21110	2.08442
21111	2.08456
21112	2.08469
21113	2.08481
21114	2.08493
21115	2.08504
21116	2.08515
21117	2.08525
21118	2.08535
21119	2.08544
21120	2.08553
21121	2.0856
21122	2.08568
21123	2.08575
21124	2.08581
21125	2.08586
21126	2.08591
21127	2.08596
21128	2.08599
21129	2.08602
21130	2.08605
21131	2.08607
21132	2.08608
21133	2.08609
21134	2.08609
21135	2.08608
21136	2.08607
21137	2.08605
21138	2.08602
21139	2.08599
21140	2.08595
21141	2.0859
21142	2.08585
21143	2.08579
21144	2.08573
21145	2.08565
21146	2.08557
21147	2.08549
21148	2.0854
21149	2.0853
21150	2.08519
21151	2.08508
21152	2.08496
21153	2.08483
21154	2.0847
21155	2.08456
21156	2.08441
21157	2.08426
21158	2.0841
21159	2.08393
21160	2.08376
21161	2.08358
21162	2.08339
21163	2.0832
21164	2.083
21165	2.08279
21166	2.08258
21167	2.08236
21168	2.08213
21169	2.0819
21170	2.08166
21171	2.08141
21172	2.08116
21173	2.0809
21174	2.08063
21175	2.08036
21176	2.08008
21177	2.07979
21178	2.0795
21179	2.07921
21180	2.0789
21181	2.07859
21182	2.07828
21183	2.07795
21184	2.07762
21185	2.07729
21186	2.07695
21187	2.0766
21188	2.07625
21189	2.07589
21190	2.07553
21191	2.07516
21192	2.07479
21193	2.07441
21194	2.07402
21195	2.07363
21196	2.07323
21197	2.07283
21198	2.07242
21199	2.07201
21200	2.0716
21201	2.07117
21202	2.07075
21203	2.07031
21204	2.06988
21205	2.06944
21206	2.06899
21207	2.06854
21208	2.06809
21209	2.06763
21210	2.06717
21211	2.0667
21212	2.06623
21213	2.06575
21214	2.06527
21215	2.06479
21216	2.0643
21217	2.06381
21218	2.06332
21219	2.06282
21220	2.06232
21221	2.06182
21222	2.06131
21223	2.0608
21224	2.06029
21225	2.05977
21226	2.05925
21227	2.05873
21228	2.05821
21229	2.05768
21230	2.05716
21231	2.05663
21232	2.05609
21233	2.05556
21234	2.05502
21235	2.05448
21236	2.05394
21237	2.0534
21238	2.05286
21239	2.05231
21240	2.05177
21241	2.05122
21242	2.05067
21243	2.05012
21244	2.04957
21245	2.04902
21246	2.04847
21247	2.04791
21248	2.04736
21249	2.04681
21250	2.04625
21251	2.0457
21252	2.04515
21253	2.04459
21254	2.04404
21255	2.04349
21256	2.04293
21257	2.04238
21258	2.04183
21259	2.04128
21260	2.04073
21261	2.04018
21262	2.03963
21263	2.03908
21264	2.03853
21265	2.03799
21266	2.03744
21267	2.0369
21268	2.03636
21269	2.03582
21270	2.03528
21271	2.03475
21272	2.03421
21273	2.03368
21274	2.03315
21275	2.03263
21276	2.0321
21277	2.03158
21278	2.03106
21279	2.03054
21280	2.03002
21281	2.02951
21282	2.029
21283	2.0285
21284	2.02799
21285	2.02749
21286	2.02699
21287	2.0265
21288	2.02601
21289	2.02552
21290	2.02504
21291	2.02456
21292	2.02408
21293	2.02361
21294	2.02314
21295	2.02267
21296	2.02221
21297	2.02175
21298	2.0213
21299	2.02085
21300	2.0204
21301	2.01996
21302	2.01952
21303	2.01909
21304	2.01866
21305	2.01824
21306	2.01782
21307	2.0174
21308	2.01699
21309	2.01659
21310	2.01619
21311	2.01579
21312	2.0154
21313	2.01501
21314	2.01463
21315	2.01425
21316	2.01388
21317	2.01352
21318	2.01315
21319	2.0128
21320	2.01245
21321	2.0121
21322	2.01176
21323	2.01142
21324	2.01109
21325	2.01077
21326	2.01045
21327	2.01013
21328	2.00983
21329	2.00952
21330	2.00922
21331	2.00893
21332	2.00864
21333	2.00836
21334	2.00809
21335	2.00782
21336	2.00755
21337	2.00729
21338	2.00704
21339	2.00679
21340	2.00655
21341	2.00631
21342	2.00608
21343	2.00585
21344	2.00563
21345	2.00542
21346	2.00521
21347	2.00501
21348	2.00481
21349	2.00462
21350	2.00443
21351	2.00425
21352	2.00408
21353	2.00391
21354	2.00374
21355	2.00359
21356	2.00343
21357	2.00329
21358	2.00314
21359	2.00301
21360	2.00288
21361	2.00275
21362	2.00263
21363	2.00252
21364	2.00241
21365	2.00231
21366	2.00221
21367	2.00212
21368	2.00203
21369	2.00195
21370	2.00187
21371	2.0018
21372	2.00174
21373	2.00168
21374	2.00162
21375	2.00157
21376	2.00153
21377	2.00149
21378	2.00145
21379	2.00142
21380	2.0014
21381	2.00138
21382	2.00136
21383	2.00135
21384	2.00135
21385	2.00135
21386	2.00135
21387	2.00136
21388	2.00137
21389	2.00139
21390	2.00142
21391	2.00144
21392	2.00148
21393	2.00151
21394	2.00156
21395	2.0016
21396	2.00165
21397	2.00171
21398	2.00177
21399	2.00183
21400	2.0019
21401	2.00197
21402	2.00204
21403	2.00212
21404	2.00221
21405	2.00229
21406	2.00238
21407	2.00248
21408	2.00258
21409	2.00268
21410	2.00279
21411	2.0029
21412	2.00301
21413	2.00313
21414	2.00325
21415	2.00337
21416	2.0035
21417	2.00363
21418	2.00377
21419	2.0039
21420	2.00404
21421	2.00419
21422	2.00433
21423	2.00448
21424	2.00464
21425	2.00479
21426	2.00495
21427	2.00511
21428	2.00528
21429	2.00544
21430	2.00561
21431	2.00578
21432	2.00596
21433	2.00614
21434	2.00631
21435	2.0065
21436	2.00668
21437	2.00687
21438	2.00706
21439	2.00725
21440	2.00744
21441	2.00763
21442	2.00783
21443	2.00803
21444	2.00823
21445	2.00843
21446	2.00864
21447	2.00884
21448	2.00905
21449	2.00926
21450	2.00947
21451	2.00968
21452	2.0099
21453	2.01011
21454	2.01033
21455	2.01055
21456	2.01077
21457	2.01099
21458	2.01121
21459	2.01144
21460	2.01166
21461	2.01188
21462	2.01211
21463	2.01234
21464	2.01257
21465	2.0128
21466	2.01303
21467	2.01326
21468	2.01349
21469	2.01372
21470	2.01395
21471	2.01419
21472	2.01442
21473	2.01465
21474	2.01489
21475	2.01512
21476	2.01536
21477	2.0156
21478	2.01583
21479	2.01607
21480	2.01631
21481	2.01654
21482	2.01678
21483	2.01702
21484	2.01726
21485	2.01749
21486	2.01773
21487	2.01797
21488	2.0182
21489	2.01844
21490	2.01868
21491	2.01892
21492	2.01915
21493	2.01939
21494	2.01962
21495	2.01986
21496	2.0201
21497	2.02033
21498	2.02056
21499	2.0208
21500	2.02103
21501	2.02127
21502	2.0215
21503	2.02173
21504	2.02196
21505	2.02219
21506	2.02242
21507	2.02265
21508	2.02288
21509	2.02311
21510	2.02333
21511	2.02356
21512	2.02379
21513	2.02401
21514	2.02423
21515	2.02446
21516	2.02468
21517	2.0249
21518	2.02512
21519	2.02534
21520	2.02556
21521	2.02578
21522	2.02599
21523	2.02621
21524	2.02642
21525	2.02663
21526	2.02685
21527	2.02706
21528	2.02727
21529	2.02747
21530	2.02768
21531	2.02789
21532	2.02809
21533	2.02829
21534	2.0285
21535	2.0287
21536	2.0289
21537	2.0291
21538	2.02929
21539	2.02949
21540	2.02968
21541	2.02988
21542	2.03007
21543	2.03026
21544	2.03045
21545	2.03064
21546	2.03082
21547	2.03101
21548	2.03119
21549	2.03137
21550	2.03155
21551	2.03173
21552	2.03191
21553	2.03209
21554	2.03226
21555	2.03243
21556	2.03261
21557	2.03278
21558	2.03295
21559	2.03311
21560	2.03328
21561	2.03344
21562	2.03361
21563	2.03377
21564	2.03393
21565	2.03409
21566	2.03424
21567	2.0344
21568	2.03455
21569	2.0347
21570	2.03486
21571	2.03501
21572	2.03515
21573	2.0353
21574	2.03544
21575	2.03559
21576	2.03573
21577	2.03587
21578	2.03601
21579	2.03615
21580	2.03628
21581	2.03642
21582	2.03655
21583	2.03668
21584	2.03681
21585	2.03694
21586	2.03706
21587	2.03719
21588	2.03731
21589	2.03743
21590	2.03756
21591	2.03767
21592	2.03779
21593	2.03791
21594	2.03802
21595	2.03814
21596	2.03825
21597	2.03836
21598	2.03847
21599	2.03857
21600	2.03868
21601	2.03879
21602	2.03889
21603	2.03899
21604	2.03909
21605	2.03919
21606	2.03929
21607	2.03938
21608	2.03948
21609	2.03957
21610	2.03966
21611	2.03975
21612	2.03984
21613	2.03993
21614	2.04002
21615	2.0401
21616	2.04019
21617	2.04027
21618	2.04035
21619	2.04043
21620	2.04051
21621	2.04059
21622	2.04066
21623	2.04074
21624	2.04081
21625	2.04088
21626	2.04095
21627	2.04102
21628	2.04109
21629	2.04116
21630	2.04123
21631	2.04129
21632	2.04135
21633	2.04142
21634	2.04148
21635	2.04154
21636	2.0416
21637	2.04166
21638	2.04171
21639	2.04177
21640	2.04182
21641	2.04188
21642	2.04193
21643	2.04198
21644	2.04203
21645	2.04208
21646	2.04213
21647	2.04218
21648	2.04222
21649	2.04227
21650	2.04231
21651	2.04235
21652	2.0424
21653	2.04244
21654	2.04248
21655	2.04252
21656	2.04255
21657	2.04259
21658	2.04263
21659	2.04266
21660	2.0427
21661	2.04273
21662	2.04277
21663	2.0428
21664	2.04283
21665	2.04286
21666	2.04289
21667	2.04292
21668	2.04294
21669	2.04297
21670	2.043
21671	2.04302
21672	2.04305
21673	2.04307
21674	2.04309
21675	2.04312
21676	2.04314
21677	2.04316
21678	2.04318
21679	2.0432
21680	2.04322
21681	2.04323
21682	2.04325
21683	2.04327
21684	2.04328
21685	2.0433
21686	2.04331
21687	2.04333
21688	2.04334
21689	2.04335
21690	2.04337
21691	2.04338
21692	2.04339
21693	2.0434
21694	2.04341
21695	2.04342
21696	2.04343
21697	2.04344
21698	2.04344
21699	2.04345
21700	2.04346
21701	2.04347
21702	2.04347
21703	2.04348
21704	2.04348
21705	2.04349
21706	2.04349
21707	2.04349
21708	2.0435
21709	2.0435
21710	2.0435
21711	2.0435
21712	2.0435
21713	2.04351
21714	2.04351
21715	2.04351
21716	2.04351
21717	2.04351
21718	2.0435
21719	2.0435
21720	2.0435
21721	2.0435
21722	2.0435
21723	2.0435
21724	2.04349
21725	2.04349
21726	2.04349
21727	2.04348
21728	2.04348
21729	2.04348
21730	2.04347
21731	2.04347
21732	2.04346
21733	2.04346
21734	2.04345
21735	2.04345
21736	2.04344
21737	2.04343
21738	2.04343
21739	2.04342
21740	2.04341
21741	2.04341
21742	2.0434
21743	2.04339
21744	2.04339
21745	2.04338
21746	2.04337
21747	2.04336
21748	2.04336
21749	2.04335
21750	2.04334
21751	2.04333
21752	2.04332
21753	2.04331
21754	2.0433
21755	2.0433
21756	2.04329
21757	2.04328
21758	2.04327
21759	2.04326
21760	2.04325
21761	2.04324
21762	2.04323
21763	2.04322
21764	2.04321
21765	2.0432
21766	2.04319
21767	2.04318
21768	2.04318
21769	2.04317
21770	2.04316
21771	2.04315
21772	2.04314
21773	2.04313
21774	2.04312
21775	2.04311
21776	2.0431
21777	2.04309
21778	2.04308
21779	2.04307
21780	2.04306
21781	2.04305
21782	2.04304
21783	2.04303
21784	2.04302
21785	2.04301
21786	2.043
21787	2.04299
21788	2.04298
21789	2.04297
21790	2.04296
21791	2.04295
21792	2.04294
21793	2.04293
21794	2.04292
21795	2.04291
21796	2.0429
21797	2.04289
21798	2.04288
21799	2.04287
21800	2.04286
21801	2.04286
21802	2.04285
21803	2.04284
21804	2.04283
21805	2.04282
21806	2.04281
21807	2.0428
21808	2.04279
21809	2.04278
21810	2.04278
21811	2.04277
21812	2.04276
21813	2.04275
21814	2.04274
21815	2.04273
21816	2.04273
21817	2.04272
21818	2.04271
21819	2.0427
21820	2.04269
21821	2.04269
21822	2.04268
21823	2.04267
21824	2.04266
21825	2.04266
21826	2.04265
21827	2.04264
21828	2.04263
21829	2.04263
21830	2.04262
21831	2.04261
21832	2.04261
21833	2.0426
21834	2.04259
21835	2.04259
21836	2.04258
21837	2.04257
21838	2.04257
21839	2.04256
21840	2.04255
21841	2.04255
21842	2.04254
21843	2.04254
21844	2.04253
21845	2.04253
21846	2.04252
21847	2.04251
21848	2.04251
21849	2.0425
21850	2.0425
21851	2.04249
21852	2.04249
21853	2.04248
21854	2.04248
21855	2.04247
21856	2.04247
21857	2.04246
21858	2.04246
21859	2.04245
21860	2.04245
21861	2.04245
21862	2.04244
21863	2.04244
21864	2.04243
21865	2.04243
21866	2.04242
21867	2.04242
21868	2.04242
21869	2.04241
21870	2.04241
21871	2.04241
21872	2.0424
21873	2.0424
21874	2.04239
21875	2.04239
21876	2.04239
21877	2.04238
21878	2.04238
21879	2.04238
21880	2.04237
21881	2.04237
21882	2.04237
21883	2.04236
21884	2.04236
21885	2.04236
21886	2.04235
21887	2.04235
21888	2.04235
21889	2.04234
21890	2.04234
21891	2.04234
21892	2.04233
21893	2.04233
21894	2.04233
21895	2.04232
21896	2.04232
21897	2.04232
21898	2.04231
21899	2.04231
21900	2.04231
21901	2.0423
21902	2.0423
21903	2.0423
21904	2.04229
21905	2.04229
21906	2.04229
21907	2.04228
21908	2.04228
21909	2.04228
21910	2.04227
21911	2.04227
21912	2.04226
21913	2.04226
21914	2.04226
21915	2.04225
21916	2.04225
21917	2.04224
21918	2.04224
21919	2.04223
21920	2.04223
21921	2.04222
21922	2.04222
21923	2.04221
21924	2.04221
21925	2.0422
21926	2.0422
21927	2.04219
21928	2.04219
21929	2.04218
21930	2.04217
21931	2.04217
21932	2.04216
21933	2.04215
21934	2.04215
21935	2.04214
21936	2.04213
21937	2.04212
21938	2.04212
21939	2.04211
21940	2.0421
21941	2.04209
21942	2.04208
21943	2.04207
21944	2.04206
21945	2.04205
21946	2.04204
21947	2.04203
21948	2.04202
21949	2.04201
21950	2.042
21951	2.04199
21952	2.04198
21953	2.04196
21954	2.04195
21955	2.04194
21956	2.04192
21957	2.04191
21958	2.0419
21959	2.04188
21960	2.04187
21961	2.04185
21962	2.04183
21963	2.04182
21964	2.0418
21965	2.04178
21966	2.04177
21967	2.04175
21968	2.04173
21969	2.04171
21970	2.04169
21971	2.04167
21972	2.04165
21973	2.04162
21974	2.0416
21975	2.04158
21976	2.04156
21977	2.04153
21978	2.04151
21979	2.04148
21980	2.04146
21981	2.04143
21982	2.0414
21983	2.04137
21984	2.04134
21985	2.04131
21986	2.04128
21987	2.04125
21988	2.04122
21989	2.04119
21990	2.04116
21991	2.04112
21992	2.04109
21993	2.04105
21994	2.04101
21995	2.04098
21996	2.04094
21997	2.0409
21998	2.04086
21999	2.04082
22000	2.04078
22001	2.04073
22002	2.04069
22003	2.04064
22004	2.0406
22005	2.04055
22006	2.0405
22007	2.04046
22008	2.04041
22009	2.04036
22010	2.0403
22011	2.04025
22012	2.0402
22013	2.04014
22014	2.04008
22015	2.04003
22016	2.03997
22017	2.03991
22018	2.03985
22019	2.03979
22020	2.03972
22021	2.03966
22022	2.03959
22023	2.03952
22024	2.03946
22025	2.03939
22026	2.03932
22027	2.03924
22028	2.03917
22029	2.0391
22030	2.03902
22031	2.03894
22032	2.03886
22033	2.03878
22034	2.0387
22035	2.03862
22036	2.03853
22037	2.03845
22038	2.03836
22039	2.03827
22040	2.03818
22041	2.03809
22042	2.03799
22043	2.0379
22044	2.0378
22045	2.0377
22046	2.0376
22047	2.0375
22048	2.0374
22049	2.0373
22050	2.03719
22051	2.03708
22052	2.03697
22053	2.03686
22054	2.03675
22055	2.03664
22056	2.03652
22057	2.0364
22058	2.03629
22059	2.03616
22060	2.03604
22061	2.03592
22062	2.03579
22063	2.03567
22064	2.03554
22065	2.03541
22066	2.03527
22067	2.03514
22068	2.035
22069	2.03487
22070	2.03473
22071	2.03459
22072	2.03444
22073	2.0343
22074	2.03415
22075	2.034
22076	2.03385
22077	2.0337
22078	2.03355
22079	2.03339
22080	2.03324
22081	2.03308
22082	2.03292
22083	2.03276
22084	2.03259
22085	2.03243
22086	2.03226
22087	2.03209
22088	2.03192
22089	2.03175
22090	2.03158
22091	2.0314
22092	2.03122
22093	2.03105
22094	2.03086
22095	2.03068
22096	2.0305
22097	2.03031
22098	2.03013
22099	2.02994
22100	2.02975
22101	2.02956
22102	2.02936
22103	2.02917
22104	2.02897
22105	2.02877
22106	2.02857
22107	2.02837
22108	2.02817
22109	2.02797
22110	2.02776
22111	2.02756
22112	2.02735
22113	2.02714
22114	2.02693
22115	2.02672
22116	2.0265
22117	2.02629
22118	2.02607
22119	2.02586
22120	2.02564
22121	2.02542
22122	2.0252
22123	2.02498
22124	2.02475
22125	2.02453
22126	2.02431
22127	2.02408
22128	2.02385
22129	2.02363
22130	2.0234
22131	2.02317
22132	2.02294
22133	2.02271
22134	2.02248
22135	2.02224
22136	2.02201
22137	2.02178
22138	2.02154
22139	2.02131
22140	2.02107
22141	2.02084
22142	2.0206
22143	2.02037
22144	2.02013
22145	2.01989
22146	2.01965
22147	2.01942
22148	2.01918
22149	2.01894
22150	2.0187
22151	2.01847
22152	2.01823
22153	2.01799
22154	2.01775
22155	2.01751
22156	2.01728
22157	2.01704
22158	2.0168
22159	2.01657
22160	2.01633
22161	2.0161
22162	2.01586
22163	2.01563
22164	2.01539
22165	2.01516
22166	2.01493
22167	2.0147
22168	2.01447
22169	2.01424
22170	2.01401
22171	2.01378
22172	2.01355
22173	2.01333
22174	2.01311
22175	2.01288
22176	2.01266
22177	2.01244
22178	2.01222
22179	2.012
22180	2.01179
22181	2.01158
22182	2.01136
22183	2.01115
22184	2.01094
22185	2.01074
22186	2.01053
22187	2.01033
22188	2.01013
22189	2.00993
22190	2.00973
22191	2.00954
22192	2.00934
22193	2.00915
22194	2.00897
22195	2.00878
22196	2.0086
22197	2.00842
22198	2.00824
22199	2.00807
22200	2.0079
22201	2.00773
22202	2.00756
22203	2.0074
22204	2.00724
22205	2.00708
22206	2.00692
22207	2.00677
22208	2.00663
22209	2.00648
22210	2.00634
22211	2.0062
22212	2.00607
22213	2.00594
22214	2.00581
22215	2.00569
22216	2.00557
22217	2.00545
22218	2.00534
22219	2.00523
22220	2.00512
22221	2.00502
22222	2.00493
22223	2.00483
22224	2.00474
22225	2.00466
22226	2.00458
22227	2.0045
22228	2.00443
22229	2.00436
22230	2.0043
22231	2.00424
22232	2.00419
22233	2.00414
22234	2.00409
22235	2.00405
22236	2.00401
22237	2.00398
22238	2.00395
22239	2.00393
22240	2.00391
22241	2.0039
22242	2.00389
22243	2.00389
22244	2.00389
22245	2.0039
22246	2.00391
22247	2.00393
22248	2.00395
22249	2.00398
22250	2.00401
22251	2.00404
22252	2.00409
22253	2.00413
22254	2.00419
22255	2.00424
22256	2.00431
22257	2.00437
22258	2.00445
22259	2.00452
22260	2.00461
22261	2.0047
22262	2.00479
22263	2.00489
22264	2.00499
22265	2.0051
22266	2.00522
22267	2.00534
22268	2.00547
22269	2.0056
22270	2.00573
22271	2.00587
22272	2.00602
22273	2.00617
22274	2.00633
22275	2.00649
22276	2.00666
22277	2.00684
22278	2.00701
22279	2.0072
22280	2.00739
22281	2.00758
22282	2.00778
22283	2.00799
22284	2.0082
22285	2.00841
22286	2.00863
22287	2.00886
22288	2.00909
22289	2.00933
22290	2.00957
22291	2.00981
22292	2.01006
22293	2.01032
22294	2.01058
22295	2.01085
22296	2.01112
22297	2.01139
22298	2.01167
22299	2.01196
22300	2.01225
22301	2.01254
22302	2.01284
22303	2.01315
22304	2.01346
22305	2.01377
22306	2.01409
22307	2.01441
22308	2.01474
22309	2.01507
22310	2.0154
22311	2.01574
22312	2.01608
22313	2.01643
22314	2.01678
22315	2.01714
22316	2.0175
22317	2.01786
22318	2.01823
22319	2.0186
22320	2.01898
22321	2.01935
22322	2.01974
22323	2.02012
22324	2.02051
22325	2.02091
22326	2.0213
22327	2.0217
22328	2.0221
22329	2.02251
22330	2.02292
22331	2.02333
22332	2.02375
22333	2.02416
22334	2.02458
22335	2.02501
22336	2.02543
22337	2.02586
22338	2.02629
22339	2.02673
22340	2.02716
22341	2.0276
22342	2.02804
22343	2.02848
22344	2.02893
22345	2.02937
22346	2.02982
22347	2.03027
22348	2.03073
22349	2.03118
22350	2.03163
22351	2.03209
22352	2.03255
22353	2.03301
22354	2.03347
22355	2.03393
22356	2.03439
22357	2.03486
22358	2.03532
22359	2.03579
22360	2.03626
22361	2.03672
22362	2.03719
22363	2.03766
22364	2.03813
22365	2.0386
22366	2.03907
22367	2.03953
22368	2.04
22369	2.04047
22370	2.04094
22371	2.04141
22372	2.04188
22373	2.04235
22374	2.04282
22375	2.04329
22376	2.04375
22377	2.04422
22378	2.04469
22379	2.04515
22380	2.04562
22381	2.04608
22382	2.04654
22383	2.047
22384	2.04746
22385	2.04792
22386	2.04838
22387	2.04884
22388	2.04929
22389	2.04974
22390	2.05019
22391	2.05064
22392	2.05109
22393	2.05154
22394	2.05198
22395	2.05242
22396	2.05286
22397	2.0533
22398	2.05374
22399	2.05417
22400	2.0546
22401	2.05503
22402	2.05545
22403	2.05588
22404	2.0563
22405	2.05671
22406	2.05713
22407	2.05754
22408	2.05795
22409	2.05836
22410	2.05876
22411	2.05916
22412	2.05956
22413	2.05995
22414	2.06034
22415	2.06073
22416	2.06111
22417	2.06149
22418	2.06187
22419	2.06224
22420	2.06261
22421	2.06298
22422	2.06334
22423	2.0637
22424	2.06406
22425	2.06441
22426	2.06476
22427	2.0651
22428	2.06544
22429	2.06577
22430	2.06611
22431	2.06643
22432	2.06676
22433	2.06708
22434	2.06739
22435	2.0677
22436	2.06801
22437	2.06831
22438	2.06861
22439	2.0689
22440	2.06919
22441	2.06947
22442	2.06975
22443	2.07003
22444	2.0703
22445	2.07057
22446	2.07083
22447	2.07109
22448	2.07134
22449	2.07159
22450	2.07183
22451	2.07207
22452	2.07231
22453	2.07254
22454	2.07276
22455	2.07298
22456	2.0732
22457	2.07341
22458	2.07362
22459	2.07382
22460	2.07401
22461	2.07421
22462	2.07439
22463	2.07457
22464	2.07475
22465	2.07493
22466	2.07509
22467	2.07526
22468	2.07541
22469	2.07557
22470	2.07572
22471	2.07586
22472	2.076
22473	2.07613
22474	2.07626
22475	2.07639
22476	2.07651
22477	2.07663
22478	2.07674
22479	2.07684
22480	2.07694
22481	2.07704
22482	2.07713
22483	2.07722
22484	2.0773
22485	2.07738
22486	2.07745
22487	2.07752
22488	2.07758
22489	2.07764
22490	2.0777
22491	2.07775
22492	2.0778
22493	2.07784
22494	2.07787
22495	2.07791
22496	2.07793
22497	2.07796
22498	2.07798
22499	2.07799
22500	2.078
22501	2.07801
22502	2.07801
22503	2.07801
22504	2.078
22505	2.07799
22506	2.07798
22507	2.07796
22508	2.07793
22509	2.07791
22510	2.07788
22511	2.07784
22512	2.0778
22513	2.07776
22514	2.07771
22515	2.07766
22516	2.07761
22517	2.07755
22518	2.07749
22519	2.07742
22520	2.07735
22521	2.07728
22522	2.0772
22523	2.07712
22524	2.07704
22525	2.07695
22526	2.07686
22527	2.07677
22528	2.07667
22529	2.07657
22530	2.07647
22531	2.07636
22532	2.07625
22533	2.07614
22534	2.07602
22535	2.0759
22536	2.07578
22537	2.07565
22538	2.07553
22539	2.07539
22540	2.07526
22541	2.07512
22542	2.07498
22543	2.07484
22544	2.0747
22545	2.07455
22546	2.0744
22547	2.07425
22548	2.07409
22549	2.07394
22550	2.07378
22551	2.07361
22552	2.07345
22553	2.07328
22554	2.07311
22555	2.07294
22556	2.07277
22557	2.07259
22558	2.07242
22559	2.07224
22560	2.07206
22561	2.07187
22562	2.07169
22563	2.0715
22564	2.07131
22565	2.07112
22566	2.07093
22567	2.07073
22568	2.07054
22569	2.07034
22570	2.07014
22571	2.06994
22572	2.06974
22573	2.06954
22574	2.06934
22575	2.06913
22576	2.06892
22577	2.06872
22578	2.06851
22579	2.0683
22580	2.06808
22581	2.06787
22582	2.06766
22583	2.06744
22584	2.06723
22585	2.06701
22586	2.0668
22587	2.06658
22588	2.06636
22589	2.06614
22590	2.06592
22591	2.0657
22592	2.06548
22593	2.06526
22594	2.06503
22595	2.06481
22596	2.06459
22597	2.06436
22598	2.06414
22599	2.06391
22600	2.06369
22601	2.06346
22602	2.06324
22603	2.06301
22604	2.06279
22605	2.06256
22606	2.06233
22607	2.06211
22608	2.06188
22609	2.06165
22610	2.06143
22611	2.0612
22612	2.06098
22613	2.06075
22614	2.06052
22615	2.0603
22616	2.06007
22617	2.05985
22618	2.05962
22619	2.0594
22620	2.05917
22621	2.05895
22622	2.05872
22623	2.0585
22624	2.05828
22625	2.05805
22626	2.05783
22627	2.05761
22628	2.05739
22629	2.05717
22630	2.05695
22631	2.05673
22632	2.05651
22633	2.05629
22634	2.05607
22635	2.05585
22636	2.05564
22637	2.05542
22638	2.05521
22639	2.05499
22640	2.05478
22641	2.05457
22642	2.05436
22643	2.05415
22644	2.05394
22645	2.05373
22646	2.05352
22647	2.05331
22648	2.05311
22649	2.0529
22650	2.0527
22651	2.05249
22652	2.05229
22653	2.05209
22654	2.05189
22655	2.05169
22656	2.05149
22657	2.0513
22658	2.0511
22659	2.05091
22660	2.05071
22661	2.05052
22662	2.05033
22663	2.05014
22664	2.04995
22665	2.04976
22666	2.04958
22667	2.04939
22668	2.04921
22669	2.04903
22670	2.04884
22671	2.04866
22672	2.04848
22673	2.04831
22674	2.04813
22675	2.04796
22676	2.04778
22677	2.04761
22678	2.04744
22679	2.04727
22680	2.0471
22681	2.04693
22682	2.04677
22683	2.0466
22684	2.04644
22685	2.04628
22686	2.04612
22687	2.04596
22688	2.0458
22689	2.04565
22690	2.04549
22691	2.04534
22692	2.04519
22693	2.04503
22694	2.04489
22695	2.04474
22696	2.04459
22697	2.04445
22698	2.0443
22699	2.04416
22700	2.04402
22701	2.04388
22702	2.04374
22703	2.04361
22704	2.04347
22705	2.04334
22706	2.04321
22707	2.04307
22708	2.04294
22709	2.04282
22710	2.04269
22711	2.04257
22712	2.04244
22713	2.04232
22714	2.0422
22715	2.04208
22716	2.04196
22717	2.04184
22718	2.04173
22719	2.04161
22720	2.0415
22721	2.04139
22722	2.04128
22723	2.04117
22724	2.04107
22725	2.04096
22726	2.04086
22727	2.04075
22728	2.04065
22729	2.04055
22730	2.04045
22731	2.04036
22732	2.04026
22733	2.04017
22734	2.04007
22735	2.03998
22736	2.03989
22737	2.0398
22738	2.03971
22739	2.03963
22740	2.03954
22741	2.03946
22742	2.03937
22743	2.03929
22744	2.03921
22745	2.03913
22746	2.03906
22747	2.03898
22748	2.0389
22749	2.03883
22750	2.03876
22751	2.03869
22752	2.03862
22753	2.03855
22754	2.03848
22755	2.03841
22756	2.03835
22757	2.03828
22758	2.03822
22759	2.03816
22760	2.0381
22761	2.03804
22762	2.03798
22763	2.03792
22764	2.03787
22765	2.03781
22766	2.03776
22767	2.03771
22768	2.03765
22769	2.0376
22770	2.03755
22771	2.03751
22772	2.03746
22773	2.03741
22774	2.03737
22775	2.03732
22776	2.03728
22777	2.03724
22778	2.0372
22779	2.03716
22780	2.03712
22781	2.03708
22782	2.03704
22783	2.037
22784	2.03697
22785	2.03694
22786	2.0369
22787	2.03687
22788	2.03684
22789	2.03681
22790	2.03678
22791	2.03675
22792	2.03672
22793	2.03669
22794	2.03667
22795	2.03664
22796	2.03662
22797	2.03659
22798	2.03657
22799	2.03655
22800	2.03653
22801	2.03651
22802	2.03649
22803	2.03647
22804	2.03645
22805	2.03643
22806	2.03642
22807	2.0364
22808	2.03639
22809	2.03637
22810	2.03636
22811	2.03635
22812	2.03633
22813	2.03632
22814	2.03631
22815	2.0363
22816	2.03629
22817	2.03628
22818	2.03627
22819	2.03627
22820	2.03626
22821	2.03625
22822	2.03625
22823	2.03624
22824	2.03624
22825	2.03623
22826	2.03623
22827	2.03623
22828	2.03622
22829	2.03622
22830	2.03622
22831	2.03622
22832	2.03622
22833	2.03622
22834	2.03622
22835	2.03622
22836	2.03622
22837	2.03623
22838	2.03623
22839	2.03623
22840	2.03624
22841	2.03624
22842	2.03625
22843	2.03625
22844	2.03626
22845	2.03626
22846	2.03627
22847	2.03627
22848	2.03628
22849	2.03629
22850	2.0363
22851	2.0363
22852	2.03631
22853	2.03632
22854	2.03633
22855	2.03634
22856	2.03635
22857	2.03636
22858	2.03637
22859	2.03638
22860	2.03639
22861	2.03641
22862	2.03642
22863	2.03643
22864	2.03644
22865	2.03646
22866	2.03647
22867	2.03648
22868	2.0365
22869	2.03651
22870	2.03652
22871	2.03654
22872	2.03655
22873	2.03657
22874	2.03658
22875	2.0366
22876	2.03661
22877	2.03663
22878	2.03664
22879	2.03666
22880	2.03668
22881	2.03669
22882	2.03671
22883	2.03673
22884	2.03674
22885	2.03676
22886	2.03678
22887	2.0368
22888	2.03681
22889	2.03683
22890	2.03685
22891	2.03687
22892	2.03689
22893	2.03691
22894	2.03692
22895	2.03694
22896	2.03696
22897	2.03698
22898	2.037
22899	2.03702
22900	2.03704
22901	2.03706
22902	2.03708
22903	2.0371
22904	2.03712
22905	2.03714
22906	2.03716
22907	2.03718
22908	2.0372
22909	2.03722
22910	2.03724
22911	2.03726
22912	2.03728
22913	2.03731
22914	2.03733
22915	2.03735
22916	2.03737
22917	2.03739
22918	2.03741
22919	2.03743
22920	2.03746
22921	2.03748
22922	2.0375
22923	2.03752
22924	2.03754
22925	2.03757
22926	2.03759
22927	2.03761
22928	2.03763
22929	2.03766
22930	2.03768
22931	2.0377
22932	2.03772
22933	2.03775
22934	2.03777
22935	2.03779
22936	2.03782
22937	2.03784
22938	2.03786
22939	2.03789
22940	2.03791
22941	2.03793
22942	2.03796
22943	2.03798
22944	2.03801
22945	2.03803
22946	2.03806
22947	2.03808
22948	2.03811
22949	2.03813
22950	2.03815
22951	2.03818
22952	2.0382
22953	2.03823
22954	2.03826
22955	2.03828
22956	2.03831
22957	2.03833
22958	2.03836
22959	2.03839
22960	2.03841
22961	2.03844
22962	2.03846
22963	2.03849
22964	2.03852
22965	2.03855
22966	2.03857
22967	2.0386
22968	2.03863
22969	2.03866
22970	2.03868
22971	2.03871
22972	2.03874
22973	2.03877
22974	2.0388
22975	2.03883
22976	2.03886
22977	2.03889
22978	2.03892
22979	2.03895
22980	2.03898
22981	2.03901
22982	2.03904
22983	2.03907
22984	2.0391
22985	2.03914
22986	2.03917
22987	2.0392
22988	2.03923
22989	2.03927
22990	2.0393
22991	2.03933
22992	2.03937
22993	2.0394
22994	2.03944
22995	2.03947
22996	2.03951
22997	2.03955
22998	2.03958
22999	2.03962
23000	2.03966
23001	2.03969
23002	2.03973
23003	2.03977
23004	2.03981
23005	2.03985
23006	2.03989
23007	2.03993
23008	2.03997
23009	2.04001
23010	2.04005
23011	2.04009
23012	2.04014
23013	2.04018
23014	2.04022
23015	2.04027
23016	2.04031
23017	2.04036
23018	2.04041
23019	2.04045
23020	2.0405
23021	2.04055
23022	2.0406
23023	2.04065
23024	2.0407
23025	2.04075
23026	2.0408
23027	2.04085
23028	2.0409
23029	2.04095
23030	2.04101
23031	2.04106
23032	2.04112
23033	2.04117
23034	2.04123
23035	2.04129
23036	2.04135
23037	2.04141
23038	2.04147
23039	2.04153
23040	2.04159
23041	2.04165
23042	2.04171
23043	2.04178
23044	2.04184
23045	2.04191
23046	2.04198
23047	2.04204
23048	2.04211
23049	2.04218
23050	2.04225
23051	2.04232
23052	2.0424
23053	2.04247
23054	2.04254
23055	2.04262
23056	2.0427
23057	2.04277
23058	2.04285
23059	2.04293
23060	2.04301
23061	2.04309
23062	2.04318
23063	2.04326
23064	2.04335
23065	2.04343
23066	2.04352
23067	2.04361
23068	2.0437
23069	2.04379
23070	2.04388
23071	2.04397
23072	2.04407
23073	2.04416
23074	2.04426
23075	2.04436
23076	2.04446
23077	2.04456
23078	2.04466
23079	2.04477
23080	2.04487
23081	2.04498
23082	2.04508
23083	2.04519
23084	2.0453
23085	2.04541
23086	2.04553
23087	2.04564
23088	2.04576
23089	2.04588
23090	2.04599
23091	2.04611
23092	2.04624
23093	2.04636
23094	2.04648
23095	2.04661
23096	2.04674
23097	2.04687
23098	2.047
23099	2.04713
23100	2.04726
23101	2.0474
23102	2.04754
23103	2.04768
23104	2.04782
23105	2.04796
23106	2.0481
23107	2.04825
23108	2.04839
23109	2.04854
23110	2.04869
23111	2.04884
23112	2.049
23113	2.04915
23114	2.04931
23115	2.04947
23116	2.04963
23117	2.04979
23118	2.04995
23119	2.05012
23120	2.05028
23121	2.05045
23122	2.05062
23123	2.05079
23124	2.05097
23125	2.05114
23126	2.05132
23127	2.0515
23128	2.05168
23129	2.05186
23130	2.05205
23131	2.05223
23132	2.05242
23133	2.05261
23134	2.0528
23135	2.05299
23136	2.05319
23137	2.05339
23138	2.05358
23139	2.05378
23140	2.05399
23141	2.05419
23142	2.05439
23143	2.0546
23144	2.05481
23145	2.05502
23146	2.05523
23147	2.05545
23148	2.05566
23149	2.05588
23150	2.0561
23151	2.05632
23152	2.05654
23153	2.05676
23154	2.05699
23155	2.05722
23156	2.05745
23157	2.05768
23158	2.05791
23159	2.05814
23160	2.05838
23161	2.05862
23162	2.05885
23163	2.05909
23164	2.05934
23165	2.05958
23166	2.05982
23167	2.06007
23168	2.06032
23169	2.06057
23170	2.06082
23171	2.06107
23172	2.06132
23173	2.06158
23174	2.06183
23175	2.06209
23176	2.06235
23177	2.06261
23178	2.06287
23179	2.06314
23180	2.0634
23181	2.06367
23182	2.06393
23183	2.0642
23184	2.06447
23185	2.06474
23186	2.06501
23187	2.06528
23188	2.06555
23189	2.06583
23190	2.0661
23191	2.06638
23192	2.06666
23193	2.06693
23194	2.06721
23195	2.06749
23196	2.06777
23197	2.06805
23198	2.06834
23199	2.06862
23200	2.0689
23201	2.06918
23202	2.06947
23203	2.06975
23204	2.07004
23205	2.07032
23206	2.07061
23207	2.07089
23208	2.07118
23209	2.07147
23210	2.07175
23211	2.07204
23212	2.07233
23213	2.07262
23214	2.0729
23215	2.07319
23216	2.07348
23217	2.07377
23218	2.07405
23219	2.07434
23220	2.07463
23221	2.07491
23222	2.0752
23223	2.07549
23224	2.07577
23225	2.07606
23226	2.07634
23227	2.07662
23228	2.07691
23229	2.07719
23230	2.07747
23231	2.07775
23232	2.07803
23233	2.07831
23234	2.07859
23235	2.07886
23236	2.07914
23237	2.07941
23238	2.07969
23239	2.07996
23240	2.08023
23241	2.0805
23242	2.08077
23243	2.08103
23244	2.0813
23245	2.08156
23246	2.08182
23247	2.08208
23248	2.08234
23249	2.0826
23250	2.08285
23251	2.0831
23252	2.08335
23253	2.0836
23254	2.08385
23255	2.08409
23256	2.08433
23257	2.08457
23258	2.08481
23259	2.08504
23260	2.08527
23261	2.0855
23262	2.08573
23263	2.08595
23264	2.08617
23265	2.08639
23266	2.0866
23267	2.08681
23268	2.08702
23269	2.08723
23270	2.08743
23271	2.08763
23272	2.08783
23273	2.08802
23274	2.08821
23275	2.08839
23276	2.08857
23277	2.08875
23278	2.08893
23279	2.0891
23280	2.08927
23281	2.08943
23282	2.08959
23283	2.08974
23284	2.08989
23285	2.09004
23286	2.09018
23287	2.09032
23288	2.09046
23289	2.09059
23290	2.09071
23291	2.09083
23292	2.09095
23293	2.09106
23294	2.09117
23295	2.09127
23296	2.09137
23297	2.09147
23298	2.09155
23299	2.09164
23300	2.09172
23301	2.09179
23302	2.09186
23303	2.09192
23304	2.09198
23305	2.09203
23306	2.09208
23307	2.09212
23308	2.09216
23309	2.09219
23310	2.09222
23311	2.09224
23312	2.09226
23313	2.09227
23314	2.09227
23315	2.09227
23316	2.09226
23317	2.09225
23318	2.09223
23319	2.09221
23320	2.09218
23321	2.09215
23322	2.0921
23323	2.09206
23324	2.092
23325	2.09194
23326	2.09188
23327	2.09181
23328	2.09173
23329	2.09165
23330	2.09156
23331	2.09146
23332	2.09136
23333	2.09125
23334	2.09114
23335	2.09102
23336	2.0909
23337	2.09076
23338	2.09062
23339	2.09048
23340	2.09033
23341	2.09017
23342	2.09001
23343	2.08984
23344	2.08966
23345	2.08948
23346	2.08929
23347	2.0891
23348	2.08889
23349	2.08869
23350	2.08847
23351	2.08825
23352	2.08803
23353	2.08779
23354	2.08756
23355	2.08731
23356	2.08706
23357	2.0868
23358	2.08654
23359	2.08627
23360	2.08599
23361	2.08571
23362	2.08542
23363	2.08513
23364	2.08483
23365	2.08452
23366	2.08421
23367	2.08389
23368	2.08356
23369	2.08323
23370	2.0829
23371	2.08255
23372	2.0822
23373	2.08185
23374	2.08149
23375	2.08112
23376	2.08075
23377	2.08037
23378	2.07999
23379	2.0796
23380	2.07921
23381	2.07881
23382	2.0784
23383	2.07799
23384	2.07758
23385	2.07715
23386	2.07673
23387	2.0763
23388	2.07586
23389	2.07542
23390	2.07497
23391	2.07452
23392	2.07406
23393	2.0736
23394	2.07313
23395	2.07266
23396	2.07218
23397	2.0717
23398	2.07121
23399	2.07072
23400	2.07023
23401	2.06973
23402	2.06922
23403	2.06872
23404	2.0682
23405	2.06769
23406	2.06717
23407	2.06664
23408	2.06612
23409	2.06558
23410	2.06505
23411	2.06451
23412	2.06397
23413	2.06342
23414	2.06287
23415	2.06232
23416	2.06176
23417	2.0612
23418	2.06064
23419	2.06007
23420	2.0595
23421	2.05893
23422	2.05836
23423	2.05778
23424	2.0572
23425	2.05662
23426	2.05603
23427	2.05545
23428	2.05486
23429	2.05427
23430	2.05367
23431	2.05308
23432	2.05248
23433	2.05188
23434	2.05128
23435	2.05068
23436	2.05008
23437	2.04947
23438	2.04887
23439	2.04826
23440	2.04765
23441	2.04704
23442	2.04643
23443	2.04582
23444	2.04521
23445	2.04459
23446	2.04398
23447	2.04336
23448	2.04275
23449	2.04214
23450	2.04152
23451	2.04091
23452	2.04029
23453	2.03968
23454	2.03906
23455	2.03845
23456	2.03783
23457	2.03722
23458	2.03661
23459	2.03599
23460	2.03538
23461	2.03477
23462	2.03416
23463	2.03355
23464	2.03294
23465	2.03234
23466	2.03173
23467	2.03113
23468	2.03052
23469	2.02992
23470	2.02932
23471	2.02873
23472	2.02813
23473	2.02754
23474	2.02694
23475	2.02635
23476	2.02577
23477	2.02518
23478	2.0246
23479	2.02402
23480	2.02344
23481	2.02286
23482	2.02229
23483	2.02172
23484	2.02115
23485	2.02059
23486	2.02003
23487	2.01947
23488	2.01891
23489	2.01836
23490	2.01781
23491	2.01727
23492	2.01673
23493	2.01619
23494	2.01565
23495	2.01512
23496	2.01459
23497	2.01407
23498	2.01355
23499	2.01303
23500	2.01252
23501	2.01201
23502	2.01151
23503	2.01101
23504	2.01051
23505	2.01002
23506	2.00954
23507	2.00905
23508	2.00858
23509	2.0081
23510	2.00763
23511	2.00717
23512	2.00671
23513	2.00626
23514	2.00581
23515	2.00536
23516	2.00492
23517	2.00449
23518	2.00405
23519	2.00363
23520	2.00321
23521	2.00279
23522	2.00238
23523	2.00198
23524	2.00158
23525	2.00119
23526	2.0008
23527	2.00041
23528	2.00004
23529	1.99966
23530	1.9993
23531	1.99894
23532	1.99858
23533	1.99823
23534	1.99788
23535	1.99754
23536	1.99721
23537	1.99688
23538	1.99656
23539	1.99624
23540	1.99593
23541	1.99563
23542	1.99533
23543	1.99503
23544	1.99475
23545	1.99446
23546	1.99419
23547	1.99392
23548	1.99365
23549	1.99339
23550	1.99314
23551	1.99289
23552	1.99265
23553	1.99242
23554	1.99219
23555	1.99196
23556	1.99175
23557	1.99153
23558	1.99133
23559	1.99113
23560	1.99093
23561	1.99074
23562	1.99056
23563	1.99039
23564	1.99021
23565	1.99005
23566	1.98989
23567	1.98974
23568	1.98959
23569	1.98945
23570	1.98931
23571	1.98918
23572	1.98906
23573	1.98894
23574	1.98883
23575	1.98872
23576	1.98862
23577	1.98852
23578	1.98843
23579	1.98835
23580	1.98827
23581	1.9882
23582	1.98813
23583	1.98807
23584	1.98801
23585	1.98796
23586	1.98791
23587	1.98787
23588	1.98784
23589	1.98781
23590	1.98779
23591	1.98777
23592	1.98775
23593	1.98775
23594	1.98774
23595	1.98775
23596	1.98775
23597	1.98777
23598	1.98778
23599	1.98781
23600	1.98783
23601	1.98787
23602	1.9879
23603	1.98795
23604	1.98799
23605	1.98805
23606	1.9881
23607	1.98817
23608	1.98823
23609	1.9883
23610	1.98838
23611	1.98846
23612	1.98854
23613	1.98863
23614	1.98873
23615	1.98883
23616	1.98893
23617	1.98903
23618	1.98915
23619	1.98926
23620	1.98938
23621	1.9895
23622	1.98963
23623	1.98976
23624	1.9899
23625	1.99004
23626	1.99018
23627	1.99033
23628	1.99048
23629	1.99063
23630	1.99079
23631	1.99095
23632	1.99112
23633	1.99129
23634	1.99146
23635	1.99164
23636	1.99182
23637	1.992
23638	1.99218
23639	1.99237
23640	1.99257
23641	1.99276
23642	1.99296
23643	1.99316
23644	1.99337
23645	1.99357
23646	1.99378
23647	1.994
23648	1.99421
23649	1.99443
23650	1.99465
23651	1.99487
23652	1.9951
23653	1.99533
23654	1.99556
23655	1.99579
23656	1.99603
23657	1.99627
23658	1.99651
23659	1.99675
23660	1.997
23661	1.99724
23662	1.99749
23663	1.99774
23664	1.998
23665	1.99825
23666	1.99851
23667	1.99876
23668	1.99902
23669	1.99929
23670	1.99955
23671	1.99981
23672	2.00008
23673	2.00035
23674	2.00062
23675	2.00089
23676	2.00116
23677	2.00143
23678	2.00171
23679	2.00198
23680	2.00226
23681	2.00254
23682	2.00282
23683	2.0031
23684	2.00338
23685	2.00366
23686	2.00394
23687	2.00423
23688	2.00451
23689	2.0048
23690	2.00508
23691	2.00537
23692	2.00565
23693	2.00594
23694	2.00623
23695	2.00652
23696	2.00681
23697	2.0071
23698	2.00739
23699	2.00768
23700	2.00797
23701	2.00826
23702	2.00855
23703	2.00884
23704	2.00913
23705	2.00942
23706	2.00971
23707	2.01
23708	2.01029
23709	2.01058
23710	2.01088
23711	2.01117
23712	2.01146
23713	2.01175
23714	2.01204
23715	2.01233
23716	2.01261
23717	2.0129
23718	2.01319
23719	2.01348
23720	2.01377
23721	2.01405
23722	2.01434
23723	2.01463
23724	2.01491
23725	2.0152
23726	2.01548
23727	2.01576
23728	2.01605
23729	2.01633
23730	2.01661
23731	2.01689
23732	2.01717
23733	2.01745
23734	2.01772
23735	2.018
23736	2.01828
23737	2.01855
23738	2.01883
23739	2.0191
23740	2.01937
23741	2.01964
23742	2.01991
23743	2.02018
23744	2.02045
23745	2.02071
23746	2.02098
23747	2.02124
23748	2.0215
23749	2.02176
23750	2.02202
23751	2.02228
23752	2.02254
23753	2.0228
23754	2.02305
23755	2.02331
23756	2.02356
23757	2.02381
23758	2.02406
23759	2.02431
23760	2.02455
23761	2.0248
23762	2.02504
23763	2.02528
23764	2.02552
23765	2.02576
23766	2.026
23767	2.02624
23768	2.02647
23769	2.0267
23770	2.02693
23771	2.02716
23772	2.02739
23773	2.02762
23774	2.02784
23775	2.02807
23776	2.02829
23777	2.02851
23778	2.02873
23779	2.02894
23780	2.02916
23781	2.02937
23782	2.02958
23783	2.02979
23784	2.03
23785	2.03021
23786	2.03041
23787	2.03061
23788	2.03082
23789	2.03102
23790	2.03121
23791	2.03141
23792	2.0316
23793	2.0318
23794	2.03199
23795	2.03218
23796	2.03236
23797	2.03255
23798	2.03273
23799	2.03291
23800	2.0331
23801	2.03327
23802	2.03345
23803	2.03363
23804	2.0338
23805	2.03397
23806	2.03414
23807	2.03431
23808	2.03447
23809	2.03464
23810	2.0348
23811	2.03496
23812	2.03512
23813	2.03528
23814	2.03543
23815	2.03559
23816	2.03574
23817	2.03589
23818	2.03604
23819	2.03619
23820	2.03633
23821	2.03647
23822	2.03662
23823	2.03676
23824	2.03689
23825	2.03703
23826	2.03716
23827	2.0373
23828	2.03743
23829	2.03756
23830	2.03769
23831	2.03781
23832	2.03794
23833	2.03806
23834	2.03818
23835	2.0383
23836	2.03842
23837	2.03854
23838	2.03865
23839	2.03876
23840	2.03888
23841	2.03899
23842	2.03909
23843	2.0392
23844	2.03931
23845	2.03941
23846	2.03951
23847	2.03961
23848	2.03971
23849	2.03981
23850	2.0399
23851	2.04
23852	2.04009
23853	2.04018
23854	2.04027
23855	2.04036
23856	2.04045
23857	2.04053
23858	2.04061
23859	2.0407
23860	2.04078
23861	2.04086
23862	2.04094
23863	2.04101
23864	2.04109
23865	2.04116
23866	2.04123
23867	2.04131
23868	2.04138
23869	2.04144
23870	2.04151
23871	2.04158
23872	2.04164
23873	2.0417
23874	2.04177
23875	2.04183
23876	2.04189
23877	2.04194
23878	2.042
23879	2.04206
23880	2.04211
23881	2.04217
23882	2.04222
23883	2.04227
23884	2.04232
23885	2.04237
23886	2.04241
23887	2.04246
23888	2.04251
23889	2.04255
23890	2.04259
23891	2.04263
23892	2.04268
23893	2.04272
23894	2.04275
23895	2.04279
23896	2.04283
23897	2.04286
23898	2.0429
23899	2.04293
23900	2.04296
23901	2.043
23902	2.04303
23903	2.04306
23904	2.04309
23905	2.04311
23906	2.04314
23907	2.04317
23908	2.04319
23909	2.04322
23910	2.04324
23911	2.04326
23912	2.04329
23913	2.04331
23914	2.04333
23915	2.04335
23916	2.04336
23917	2.04338
23918	2.0434
23919	2.04342
23920	2.04343
23921	2.04345
23922	2.04346
23923	2.04347
23924	2.04349
23925	2.0435
23926	2.04351
23927	2.04352
23928	2.04353
23929	2.04354
23930	2.04355
23931	2.04356
23932	2.04356
23933	2.04357
23934	2.04358
23935	2.04358
23936	2.04359
23937	2.04359
23938	2.0436
23939	2.0436
23940	2.0436
23941	2.04361
23942	2.04361
23943	2.04361
23944	2.04361
23945	2.04361
23946	2.04361
23947	2.04361
23948	2.04361
23949	2.04361
23950	2.04361
23951	2.04361
23952	2.0436
23953	2.0436
23954	2.0436
23955	2.04359
23956	2.04359
23957	2.04359
23958	2.04358
23959	2.04358
23960	2.04357
23961	2.04356
23962	2.04356
23963	2.04355
23964	2.04355
23965	2.04354
23966	2.04353
23967	2.04352
23968	2.04352
23969	2.04351
23970	2.0435
23971	2.04349
23972	2.04348
23973	2.04347
23974	2.04346
23975	2.04345
23976	2.04344
23977	2.04343
23978	2.04342
23979	2.04341
23980	2.0434
23981	2.04339
23982	2.04338
23983	2.04337
23984	2.04336
23985	2.04335
23986	2.04334
23987	2.04333
23988	2.04331
23989	2.0433
23990	2.04329
23991	2.04328
23992	2.04327
23993	2.04325
23994	2.04324
23995	2.04323
23996	2.04322
23997	2.0432
23998	2.04319
23999	2.04318
24000	2.04317
24001	2.04315
24002	2.04314
24003	2.04313
24004	2.04312
24005	2.0431
24006	2.04309
24007	2.04308
24008	2.04306
24009	2.04305
24010	2.04304
24011	2.04303
24012	2.04301
24013	2.043
24014	2.04299
24015	2.04297
24016	2.04296
24017	2.04295
24018	2.04293
24019	2.04292
24020	2.04291
24021	2.0429
24022	2.04288
24023	2.04287
24024	2.04286
24025	2.04285
24026	2.04283
24027	2.04282
24028	2.04281
24029	2.0428
24030	2.04278
24031	2.04277
24032	2.04276
24033	2.04275
24034	2.04274
24035	2.04273
24036	2.04271
24037	2.0427
24038	2.04269
24039	2.04268
24040	2.04267
24041	2.04266
24042	2.04265
24043	2.04263
24044	2.04262
24045	2.04261
24046	2.0426
24047	2.04259
24048	2.04258
24049	2.04257
24050	2.04256
24051	2.04255
24052	2.04254
24053	2.04253
24054	2.04252
24055	2.04251
24056	2.0425
24057	2.04249
24058	2.04248
24059	2.04248
24060	2.04247
24061	2.04246
24062	2.04245
24063	2.04244
24064	2.04243
24065	2.04242
24066	2.04242
24067	2.04241
24068	2.0424
24069	2.04239
24070	2.04239
24071	2.04238
24072	2.04237
24073	2.04236
24074	2.04236
24075	2.04235
24076	2.04234
24077	2.04234
24078	2.04233
24079	2.04232
24080	2.04232
24081	2.04231
24082	2.04231
24083	2.0423
24084	2.0423
24085	2.04229
24086	2.04229
24087	2.04228
24088	2.04228
24089	2.04227
24090	2.04227
24091	2.04226
24092	2.04226
24093	2.04225
24094	2.04225
24095	2.04225
24096	2.04224
24097	2.04224
24098	2.04223
24099	2.04223
24100	2.04223
24101	2.04222
24102	2.04222
24103	2.04222
24104	2.04222
24105	2.04221
24106	2.04221
24107	2.04221
24108	2.04221
24109	2.0422
24110	2.0422
24111	2.0422
24112	2.0422
24113	2.0422
24114	2.04219
24115	2.04219
24116	2.04219
24117	2.04219
24118	2.04219
24119	2.04219
24120	2.04219
24121	2.04218
24122	2.04218
24123	2.04218
24124	2.04218
24125	2.04218
24126	2.04218
24127	2.04218
24128	2.04218
24129	2.04218
24130	2.04218
24131	2.04218
24132	2.04218
24133	2.04217
24134	2.04217
24135	2.04217
24136	2.04217
24137	2.04217
24138	2.04217
24139	2.04217
24140	2.04217
24141	2.04217
24142	2.04217
24143	2.04217
24144	2.04217
24145	2.04217
24146	2.04217
24147	2.04217
24148	2.04217
24149	2.04217
24150	2.04216
24151	2.04216
24152	2.04216
24153	2.04216
24154	2.04216
24155	2.04216
24156	2.04216
24157	2.04216
24158	2.04216
24159	2.04215
24160	2.04215
24161	2.04215
24162	2.04215
24163	2.04215
24164	2.04214
24165	2.04214
24166	2.04214
24167	2.04213
24168	2.04213
24169	2.04213
24170	2.04212
24171	2.04212
24172	2.04212
24173	2.04211
24174	2.04211
24175	2.0421
24176	2.0421
24177	2.04209
24178	2.04209
24179	2.04208
24180	2.04207
24181	2.04207
24182	2.04206
24183	2.04205
24184	2.04205
24185	2.04204
24186	2.04203
24187	2.04202
24188	2.04201
24189	2.042
24190	2.04199
24191	2.04198
24192	2.04197
24193	2.04196
24194	2.04195
24195	2.04194
24196	2.04193
24197	2.04191
24198	2.0419
24199	2.04189
24200	2.04187
24201	2.04186
24202	2.04184
24203	2.04183
24204	2.04181
24205	2.04179
24206	2.04177
24207	2.04175
24208	2.04174
24209	2.04172
24210	2.0417
24211	2.04167
24212	2.04165
24213	2.04163
24214	2.04161
24215	2.04158
24216	2.04156
24217	2.04153
24218	2.04151
24219	2.04148
24220	2.04145
24221	2.04143
24222	2.0414
24223	2.04137
24224	2.04134
24225	2.0413
24226	2.04127
24227	2.04124
24228	2.0412
24229	2.04117
24230	2.04113
24231	2.0411
24232	2.04106
24233	2.04102
24234	2.04098
24235	2.04094
24236	2.0409
24237	2.04085
24238	2.04081
24239	2.04077
24240	2.04072
24241	2.04067
24242	2.04062
24243	2.04058
24244	2.04053
24245	2.04047
24246	2.04042
24247	2.04037
24248	2.04031
24249	2.04026
24250	2.0402
24251	2.04014
24252	2.04008
24253	2.04002
24254	2.03996
24255	2.03989
24256	2.03983
24257	2.03976
24258	2.0397
24259	2.03963
24260	2.03956
24261	2.03949
24262	2.03942
24263	2.03934
24264	2.03927
24265	2.03919
24266	2.03911
24267	2.03903
24268	2.03895
24269	2.03887
24270	2.03879
24271	2.0387
24272	2.03861
24273	2.03853
24274	2.03844
24275	2.03835
24276	2.03825
24277	2.03816
24278	2.03807
24279	2.03797
24280	2.03787
24281	2.03777
24282	2.03767
24283	2.03757
24284	2.03746
24285	2.03736
24286	2.03725
24287	2.03714
24288	2.03703
24289	2.03692
24290	2.0368
24291	2.03669
24292	2.03657
24293	2.03645
24294	2.03633
24295	2.03621
24296	2.03609
24297	2.03596
24298	2.03583
24299	2.03571
24300	2.03558
24301	2.03544
24302	2.03531
24303	2.03518
24304	2.03504
24305	2.0349
24306	2.03476
24307	2.03462
24308	2.03448
24309	2.03434
24310	2.03419
24311	2.03404
24312	2.03389
24313	2.03374
24314	2.03359
24315	2.03344
24316	2.03328
24317	2.03313
24318	2.03297
24319	2.03281
24320	2.03265
24321	2.03248
24322	2.03232
24323	2.03215
24324	2.03198
24325	2.03182
24326	2.03165
24327	2.03147
24328	2.0313
24329	2.03113
24330	2.03095
24331	2.03077
24332	2.03059
24333	2.03041
24334	2.03023
24335	2.03005
24336	2.02986
24337	2.02968
24338	2.02949
24339	2.0293
24340	2.02911
24341	2.02892
24342	2.02873
24343	2.02854
24344	2.02834
24345	2.02815
24346	2.02795
24347	2.02775
24348	2.02755
24349	2.02735
24350	2.02715
24351	2.02695
24352	2.02675
24353	2.02654
24354	2.02634
24355	2.02613
24356	2.02593
24357	2.02572
24358	2.02551
24359	2.0253
24360	2.02509
24361	2.02488
24362	2.02467
24363	2.02446
24364	2.02425
24365	2.02404
24366	2.02382
24367	2.02361
24368	2.02339
24369	2.02318
24370	2.02296
24371	2.02275
24372	2.02253
24373	2.02232
24374	2.0221
24375	2.02188
24376	2.02167
24377	2.02145
24378	2.02123
24379	2.02101
24380	2.0208
24381	2.02058
24382	2.02036
24383	2.02014
24384	2.01993
24385	2.01971
24386	2.01949
24387	2.01928
24388	2.01906
24389	2.01885
24390	2.01863
24391	2.01842
24392	2.0182
24393	2.01799
24394	2.01778
24395	2.01756
24396	2.01735
24397	2.01714
24398	2.01693
24399	2.01672
24400	2.01651
24401	2.0163
24402	2.0161
24403	2.01589
24404	2.01569
24405	2.01548
24406	2.01528
24407	2.01508
24408	2.01488
24409	2.01468
24410	2.01448
24411	2.01429
24412	2.01409
24413	2.0139
24414	2.01371
24415	2.01352
24416	2.01333
24417	2.01314
24418	2.01296
24419	2.01277
24420	2.01259
24421	2.01241
24422	2.01224
24423	2.01206
24424	2.01189
24425	2.01172
24426	2.01155
24427	2.01138
24428	2.01122
24429	2.01105
24430	2.01089
24431	2.01074
24432	2.01058
24433	2.01043
24434	2.01028
24435	2.01013
24436	2.00998
24437	2.00984
24438	2.0097
24439	2.00956
24440	2.00943
24441	2.0093
24442	2.00917
24443	2.00904
24444	2.00892
24445	2.0088
24446	2.00869
24447	2.00857
24448	2.00846
24449	2.00836
24450	2.00825
24451	2.00815
24452	2.00805
24453	2.00796
24454	2.00787
24455	2.00778
24456	2.0077
24457	2.00762
24458	2.00754
24459	2.00747
24460	2.0074
24461	2.00733
24462	2.00727
24463	2.00721
24464	2.00716
24465	2.00711
24466	2.00706
24467	2.00702
24468	2.00698
24469	2.00694
24470	2.00691
24471	2.00688
24472	2.00686
24473	2.00684
24474	2.00682
24475	2.00681
24476	2.0068
24477	2.0068
24478	2.0068
24479	2.00681
24480	2.00681
24481	2.00683
24482	2.00685
24483	2.00687
24484	2.00689
24485	2.00692
24486	2.00696
24487	2.007
24488	2.00704
24489	2.00709
24490	2.00714
24491	2.00719
24492	2.00725
24493	2.00732
24494	2.00739
24495	2.00746
24496	2.00754
24497	2.00762
24498	2.00771
24499	2.0078
24500	2.00789
24501	2.00799
24502	2.0081
24503	2.0082
24504	2.00832
24505	2.00843
24506	2.00856
24507	2.00868
24508	2.00881
24509	2.00895
24510	2.00908
24511	2.00923
24512	2.00937
24513	2.00953
24514	2.00968
24515	2.00984
24516	2.01001
24517	2.01018
24518	2.01035
24519	2.01053
24520	2.01071
24521	2.01089
24522	2.01108
24523	2.01128
24524	2.01147
24525	2.01168
24526	2.01188
24527	2.01209
24528	2.01231
24529	2.01252
24530	2.01275
24531	2.01297
24532	2.0132
24533	2.01343
24534	2.01367
24535	2.01391
24536	2.01416
24537	2.01441
24538	2.01466
24539	2.01492
24540	2.01518
24541	2.01544
24542	2.01571
24543	2.01598
24544	2.01625
24545	2.01653
24546	2.01681
24547	2.01709
24548	2.01738
24549	2.01767
24550	2.01796
24551	2.01826
24552	2.01856
24553	2.01886
24554	2.01917
24555	2.01948
24556	2.01979
24557	2.02011
24558	2.02042
24559	2.02074
24560	2.02107
24561	2.02139
24562	2.02172
24563	2.02205
24564	2.02238
24565	2.02272
24566	2.02306
24567	2.0234
24568	2.02374
24569	2.02409
24570	2.02443
24571	2.02478
24572	2.02514
24573	2.02549
24574	2.02584
24575	2.0262
24576	2.02656
24577	2.02692
24578	2.02728
24579	2.02765
24580	2.02801
24581	2.02838
24582	2.02875
24583	2.02912
24584	2.02949
24585	2.02986
24586	2.03024
24587	2.03061
24588	2.03099
24589	2.03136
24590	2.03174
24591	2.03212
24592	2.0325
24593	2.03288
24594	2.03326
24595	2.03364
24596	2.03402
24597	2.03441
24598	2.03479
24599	2.03517
24600	2.03556
24601	2.03594
24602	2.03632
24603	2.03671
24604	2.03709
24605	2.03748
24606	2.03786
24607	2.03825
24608	2.03863
24609	2.03901
24610	2.0394
24611	2.03978
24612	2.04016
24613	2.04054
24614	2.04092
24615	2.04131
24616	2.04169
24617	2.04206
24618	2.04244
24619	2.04282
24620	2.0432
24621	2.04357
24622	2.04395
24623	2.04432
24624	2.04469
24625	2.04506
24626	2.04543
24627	2.0458
24628	2.04617
24629	2.04653
24630	2.0469
24631	2.04726
24632	2.04762
24633	2.04798
24634	2.04834
24635	2.04869
24636	2.04905
24637	2.0494
24638	2.04975
24639	2.0501
24640	2.05044
24641	2.05079
24642	2.05113
24643	2.05147
24644	2.05181
24645	2.05214
24646	2.05247
24647	2.0528
24648	2.05313
24649	2.05346
24650	2.05378
24651	2.0541
24652	2.05442
24653	2.05473
24654	2.05505
24655	2.05536
24656	2.05566
24657	2.05597
24658	2.05627
24659	2.05657
24660	2.05686
24661	2.05716
24662	2.05745
24663	2.05773
24664	2.05802
24665	2.0583
24666	2.05857
24667	2.05885
24668	2.05912
24669	2.05939
24670	2.05965
24671	2.05991
24672	2.06017
24673	2.06043
24674	2.06068
24675	2.06093
24676	2.06117
24677	2.06141
24678	2.06165
24679	2.06189
24680	2.06212
24681	2.06235
24682	2.06257
24683	2.06279
24684	2.06301
24685	2.06322
24686	2.06343
24687	2.06364
24688	2.06384
24689	2.06404
24690	2.06423
24691	2.06443
24692	2.06461
24693	2.0648
24694	2.06498
24695	2.06516
24696	2.06533
24697	2.0655
24698	2.06567
24699	2.06583
24700	2.06599
24701	2.06614
24702	2.06629
24703	2.06644
24704	2.06659
24705	2.06673
24706	2.06686
24707	2.067
24708	2.06712
24709	2.06725
24710	2.06737
24711	2.06749
24712	2.0676
24713	2.06771
24714	2.06782
24715	2.06792
24716	2.06802
24717	2.06812
24718	2.06821
24719	2.0683
24720	2.06838
24721	2.06846
24722	2.06854
24723	2.06862
24724	2.06869
24725	2.06875
24726	2.06882
24727	2.06887
24728	2.06893
24729	2.06898
24730	2.06903
24731	2.06908
24732	2.06912
24733	2.06916
24734	2.06919
24735	2.06922
24736	2.06925
24737	2.06928
24738	2.0693
24739	2.06932
24740	2.06933
24741	2.06934
24742	2.06935
24743	2.06935
24744	2.06936
24745	2.06935
24746	2.06935
24747	2.06934
24748	2.06933
24749	2.06931
24750	2.0693
24751	2.06928
24752	2.06925
24753	2.06923
24754	2.0692
24755	2.06916
24756	2.06913
24757	2.06909
24758	2.06905
24759	2.069
24760	2.06896
24761	2.06891
24762	2.06885
24763	2.0688
24764	2.06874
24765	2.06868
24766	2.06862
24767	2.06855
24768	2.06848
24769	2.06841
24770	2.06834
24771	2.06826
24772	2.06818
24773	2.0681
24774	2.06802
24775	2.06793
24776	2.06784
24777	2.06775
24778	2.06766
24779	2.06756
24780	2.06747
24781	2.06737
24782	2.06726
24783	2.06716
24784	2.06705
24785	2.06695
24786	2.06684
24787	2.06672
24788	2.06661
24789	2.0665
24790	2.06638
24791	2.06626
24792	2.06614
24793	2.06601
24794	2.06589
24795	2.06576
24796	2.06563
24797	2.0655
24798	2.06537
24799	2.06524
24800	2.06511
24801	2.06497
24802	2.06483
24803	2.06469
24804	2.06455
24805	2.06441
24806	2.06427
24807	2.06412
24808	2.06398
24809	2.06383
24810	2.06368
24811	2.06353
24812	2.06338
24813	2.06323
24814	2.06308
24815	2.06293
24816	2.06277
24817	2.06262
24818	2.06246
24819	2.0623
24820	2.06214
24821	2.06198
24822	2.06182
24823	2.06166
24824	2.0615
24825	2.06134
24826	2.06118
24827	2.06101
24828	2.06085
24829	2.06068
24830	2.06052
24831	2.06035
24832	2.06018
24833	2.06002
24834	2.05985
24835	2.05968
24836	2.05951
24837	2.05934
24838	2.05918
24839	2.05901
24840	2.05884
24841	2.05867
24842	2.0585
24843	2.05832
24844	2.05815
24845	2.05798
24846	2.05781
24847	2.05764
24848	2.05747
24849	2.0573
24850	2.05713
24851	2.05696
24852	2.05678
24853	2.05661
24854	2.05644
24855	2.05627
24856	2.0561
24857	2.05593
24858	2.05576
24859	2.05559
24860	2.05542
24861	2.05525
24862	2.05508
24863	2.05491
24864	2.05474
24865	2.05457
24866	2.0544
24867	2.05423
24868	2.05406
24869	2.05389
24870	2.05373
24871	2.05356
24872	2.05339
24873	2.05323
24874	2.05306
24875	2.0529
24876	2.05273
24877	2.05257
24878	2.0524
24879	2.05224
24880	2.05208
24881	2.05192
24882	2.05176
24883	2.0516
24884	2.05144
24885	2.05128
24886	2.05112
24887	2.05096
24888	2.0508
24889	2.05065
24890	2.05049
24891	2.05033
24892	2.05018
24893	2.05003
24894	2.04987
24895	2.04972
24896	2.04957
24897	2.04942
24898	2.04927
24899	2.04912
24900	2.04897
24901	2.04883
24902	2.04868
24903	2.04853
24904	2.04839
24905	2.04825
24906	2.0481
24907	2.04796
24908	2.04782
24909	2.04768
24910	2.04754
24911	2.0474
24912	2.04726
24913	2.04713
24914	2.04699
24915	2.04686
24916	2.04672
24917	2.04659
24918	2.04646
24919	2.04633
24920	2.0462
24921	2.04607
24922	2.04594
24923	2.04582
24924	2.04569
24925	2.04557
24926	2.04544
24927	2.04532
24928	2.0452
24929	2.04508
24930	2.04496
24931	2.04484
24932	2.04472
24933	2.04461
24934	2.04449
24935	2.04438
24936	2.04426
24937	2.04415
24938	2.04404
24939	2.04393
24940	2.04382
24941	2.04371
24942	2.04361
24943	2.0435
24944	2.0434
24945	2.04329
24946	2.04319
24947	2.04309
24948	2.04299
24949	2.04289
24950	2.04279
24951	2.04269
24952	2.0426
24953	2.0425
24954	2.04241
24955	2.04231
24956	2.04222
24957	2.04213
24958	2.04204
24959	2.04195
24960	2.04186
24961	2.04178
24962	2.04169
24963	2.0416
24964	2.04152
24965	2.04144
24966	2.04136
24967	2.04127
24968	2.0412
24969	2.04112
24970	2.04104
24971	2.04096
24972	2.04089
24973	2.04081
24974	2.04074
24975	2.04066
24976	2.04059
24977	2.04052
24978	2.04045
24979	2.04038
24980	2.04031
24981	2.04025
24982	2.04018
24983	2.04012
24984	2.04005
24985	2.03999
24986	2.03993
24987	2.03986
24988	2.0398
24989	2.03974
24990	2.03969
24991	2.03963
24992	2.03957
24993	2.03952
24994	2.03946
24995	2.03941
24996	2.03935
24997	2.0393
24998	2.03925
24999	2.0392
25000	2.03915
25001	2.0391
25002	2.03905
25003	2.039
25004	2.03896
25005	2.03891
25006	2.03887
25007	2.03882
25008	2.03878
25009	2.03874
25010	2.0387
25011	2.03865
25012	2.03861
25013	2.03858
25014	2.03854
25015	2.0385
25016	2.03846
25017	2.03843
25018	2.03839
25019	2.03836
25020	2.03832
25021	2.03829
25022	2.03826
25023	2.03822
25024	2.03819
25025	2.03816
25026	2.03813
25027	2.0381
25028	2.03807
25029	2.03805
25030	2.03802
25031	2.03799
25032	2.03797
25033	2.03794
25034	2.03792
25035	2.03789
25036	2.03787
25037	2.03784
25038	2.03782
25039	2.0378
25040	2.03778
25041	2.03776
25042	2.03774
25043	2.03772
25044	2.0377
25045	2.03768
25046	2.03766
25047	2.03765
25048	2.03763
25049	2.03761
25050	2.0376
25051	2.03758
25052	2.03757
25053	2.03755
25054	2.03754
25055	2.03753
25056	2.03751
25057	2.0375
25058	2.03749
25059	2.03748
25060	2.03747
25061	2.03746
25062	2.03745
25063	2.03744
25064	2.03743
25065	2.03742
25066	2.03741
25067	2.0374
25068	2.03739
25069	2.03739
25070	2.03738
25071	2.03737
25072	2.03737
25073	2.03736
25074	2.03736
25075	2.03735
25076	2.03735
25077	2.03734
25078	2.03734
25079	2.03733
25080	2.03733
25081	2.03733
25082	2.03732
25083	2.03732
25084	2.03732
25085	2.03732
25086	2.03731
25087	2.03731
25088	2.03731
25089	2.03731
25090	2.03731
25091	2.03731
25092	2.03731
25093	2.03731
25094	2.03731
25095	2.03731
25096	2.03731
25097	2.03731
25098	2.03731
25099	2.03731
25100	2.03732
25101	2.03732
25102	2.03732
25103	2.03732
25104	2.03732
25105	2.03733
25106	2.03733
25107	2.03733
25108	2.03733
25109	2.03734
25110	2.03734
25111	2.03734
25112	2.03735
25113	2.03735
25114	2.03735
25115	2.03736
25116	2.03736
25117	2.03737
25118	2.03737
25119	2.03738
25120	2.03738
25121	2.03738
25122	2.03739
25123	2.03739
25124	2.0374
25125	2.0374
25126	2.03741
25127	2.03741
25128	2.03742
25129	2.03743
25130	2.03743
25131	2.03744
25132	2.03744
25133	2.03745
25134	2.03745
25135	2.03746
25136	2.03746
25137	2.03747
25138	2.03748
25139	2.03748
25140	2.03749
25141	2.03749
25142	2.0375
25143	2.03751
25144	2.03751
25145	2.03752
25146	2.03752
25147	2.03753
25148	2.03754
25149	2.03754
25150	2.03755
25151	2.03756
25152	2.03756
25153	2.03757
25154	2.03757
25155	2.03758
25156	2.03759
25157	2.03759
25158	2.0376
25159	2.03761
25160	2.03761
25161	2.03762
25162	2.03762
25163	2.03763
25164	2.03764
25165	2.03764
25166	2.03765
25167	2.03765
25168	2.03766
25169	2.03767
25170	2.03767
25171	2.03768
25172	2.03769
25173	2.03769
25174	2.0377
25175	2.0377
25176	2.03771
25177	2.03771
25178	2.03772
25179	2.03773
25180	2.03773
25181	2.03774
25182	2.03774
25183	2.03775
25184	2.03775
25185	2.03776
25186	2.03777
25187	2.03777
25188	2.03778
25189	2.03778
25190	2.03779
25191	2.03779
25192	2.0378
25193	2.0378
25194	2.03781
25195	2.03781
25196	2.03782
25197	2.03782
25198	2.03783
25199	2.03783
25200	2.03784
25201	2.03784
25202	2.03785
25203	2.03785
25204	2.03786
25205	2.03786
25206	2.03787
25207	2.03787
25208	2.03788
25209	2.03788
25210	2.03789
25211	2.03789
25212	2.0379
25213	2.0379
25214	2.03791
25215	2.03791
25216	2.03791
25217	2.03792
25218	2.03792
25219	2.03793
25220	2.03793
25221	2.03794
25222	2.03794
25223	2.03795
25224	2.03795
25225	2.03795
25226	2.03796
25227	2.03796
25228	2.03797
25229	2.03797
25230	2.03798
25231	2.03798
25232	2.03799
25233	2.03799
25234	2.03799
25235	2.038
25236	2.038
25237	2.03801
25238	2.03801
25239	2.03802
25240	2.03802
25241	2.03803
25242	2.03803
25243	2.03804
25244	2.03804
25245	2.03805
25246	2.03805
25247	2.03806
25248	2.03806
25249	2.03807
25250	2.03807
25251	2.03808
25252	2.03808
25253	2.03809
25254	2.03809
25255	2.0381
25256	2.0381
25257	2.03811
25258	2.03812
25259	2.03812
25260	2.03813
25261	2.03814
25262	2.03814
25263	2.03815
25264	2.03815
25265	2.03816
25266	2.03817
25267	2.03818
25268	2.03818
25269	2.03819
25270	2.0382
25271	2.03821
25272	2.03821
25273	2.03822
25274	2.03823
25275	2.03824
25276	2.03825
25277	2.03826
25278	2.03827
25279	2.03827
25280	2.03828
25281	2.03829
25282	2.0383
25283	2.03831
25284	2.03833
25285	2.03834
25286	2.03835
25287	2.03836
25288	2.03837
25289	2.03838
25290	2.03839
25291	2.03841
25292	2.03842
25293	2.03843
25294	2.03845
25295	2.03846
25296	2.03847
25297	2.03849
25298	2.0385
25299	2.03852
25300	2.03853
25301	2.03855
25302	2.03857
25303	2.03858
25304	2.0386
25305	2.03862
25306	2.03863
25307	2.03865
25308	2.03867
25309	2.03869
25310	2.03871
25311	2.03873
25312	2.03875
25313	2.03877
25314	2.03879
25315	2.03881
25316	2.03884
25317	2.03886
25318	2.03888
25319	2.03891
25320	2.03893
25321	2.03896
25322	2.03898
25323	2.03901
25324	2.03904
25325	2.03906
25326	2.03909
25327	2.03912
25328	2.03915
25329	2.03918
25330	2.03921
25331	2.03924
25332	2.03927
25333	2.0393
25334	2.03934
25335	2.03937
25336	2.0394
25337	2.03944
25338	2.03947
25339	2.03951
25340	2.03955
25341	2.03958
25342	2.03962
25343	2.03966
25344	2.0397
25345	2.03974
25346	2.03978
25347	2.03983
25348	2.03987
25349	2.03991
25350	2.03996
25351	2.04
25352	2.04005
25353	2.0401
25354	2.04014
25355	2.04019
25356	2.04024
25357	2.04029
25358	2.04034
25359	2.0404
25360	2.04045
25361	2.0405
25362	2.04056
25363	2.04061
25364	2.04067
25365	2.04073
25366	2.04079
25367	2.04085
25368	2.04091
25369	2.04097
25370	2.04103
25371	2.04109
25372	2.04116
25373	2.04122
25374	2.04129
25375	2.04136
25376	2.04143
25377	2.0415
25378	2.04157
25379	2.04164
25380	2.04171
25381	2.04178
25382	2.04186
25383	2.04194
25384	2.04201
25385	2.04209
25386	2.04217
25387	2.04225
25388	2.04233
25389	2.04241
25390	2.0425
25391	2.04258
25392	2.04267
25393	2.04275
25394	2.04284
25395	2.04293
25396	2.04302
25397	2.04311
25398	2.0432
25399	2.0433
25400	2.04339
25401	2.04349
25402	2.04358
25403	2.04368
25404	2.04378
25405	2.04388
25406	2.04398
25407	2.04408
25408	2.04419
25409	2.04429
25410	2.0444
25411	2.0445
25412	2.04461
25413	2.04472
25414	2.04483
25415	2.04494
25416	2.04506
25417	2.04517
25418	2.04529
25419	2.0454
25420	2.04552
25421	2.04564
25422	2.04576
25423	2.04588
25424	2.046
25425	2.04612
25426	2.04625
25427	2.04637
25428	2.0465
25429	2.04662
25430	2.04675
25431	2.04688
25432	2.04701
25433	2.04714
25434	2.04727
25435	2.04741
25436	2.04754
25437	2.04768
25438	2.04781
25439	2.04795
25440	2.04809
25441	2.04823
25442	2.04837
25443	2.04851
25444	2.04865
25445	2.0488
25446	2.04894
25447	2.04909
25448	2.04923
25449	2.04938
25450	2.04953
25451	2.04967
25452	2.04982
25453	2.04997
25454	2.05012
25455	2.05028
25456	2.05043
25457	2.05058
25458	2.05074
25459	2.05089
25460	2.05105
25461	2.0512
25462	2.05136
25463	2.05152
25464	2.05167
25465	2.05183
25466	2.05199
25467	2.05215
25468	2.05231
25469	2.05247
25470	2.05263
25471	2.05279
25472	2.05296
25473	2.05312
25474	2.05328
25475	2.05344
25476	2.05361
25477	2.05377
25478	2.05394
25479	2.0541
25480	2.05426
25481	2.05443
25482	2.05459
25483	2.05476
25484	2.05492
25485	2.05509
25486	2.05526
25487	2.05542
25488	2.05559
25489	2.05575
25490	2.05592
25491	2.05608
25492	2.05625
25493	2.05641
25494	2.05658
25495	2.05674
25496	2.05691
25497	2.05707
25498	2.05724
25499	2.0574
25500	2.05756
25501	2.05773
25502	2.05789
25503	2.05805
25504	2.05821
25505	2.05837
25506	2.05853
25507	2.05869
25508	2.05885
25509	2.05901
25510	2.05917
25511	2.05933
25512	2.05948
25513	2.05964
25514	2.05979
25515	2.05995
25516	2.0601
25517	2.06025
25518	2.0604
25519	2.06055
25520	2.0607
25521	2.06085
25522	2.061
25523	2.06114
25524	2.06129
25525	2.06143
25526	2.06157
25527	2.06171
25528	2.06185
25529	2.06199
25530	2.06213
25531	2.06226
25532	2.06239
25533	2.06253
25534	2.06266
25535	2.06279
25536	2.06291
25537	2.06304
25538	2.06316
25539	2.06328
25540	2.0634
25541	2.06352
25542	2.06364
25543	2.06375
25544	2.06387
25545	2.06398
25546	2.06408
25547	2.06419
25548	2.0643
25549	2.0644
25550	2.0645
25551	2.0646
25552	2.06469
25553	2.06479
25554	2.06488
25555	2.06497
25556	2.06505
25557	2.06514
25558	2.06522
25559	2.0653
25560	2.06537
25561	2.06545
25562	2.06552
25563	2.06559
25564	2.06566
25565	2.06572
25566	2.06578
25567	2.06584
25568	2.0659
25569	2.06595
25570	2.066
25571	2.06605
25572	2.06609
25573	2.06613
25574	2.06617
25575	2.06621
25576	2.06624
25577	2.06627
25578	2.0663
25579	2.06632
25580	2.06634
25581	2.06636
25582	2.06638
25583	2.06639
25584	2.0664
25585	2.0664
25586	2.0664
25587	2.0664
25588	2.0664
25589	2.06639
25590	2.06638
25591	2.06637
25592	2.06635
25593	2.06633
25594	2.0663
25595	2.06628
25596	2.06625
25597	2.06621
25598	2.06617
25599	2.06613
25600	2.06609
25601	2.06604
25602	2.06599
25603	2.06594
25604	2.06588
25605	2.06582
25606	2.06575
25607	2.06568
25608	2.06561
25609	2.06554
25610	2.06546
25611	2.06538
25612	2.06529
25613	2.0652
25614	2.06511
25615	2.06501
25616	2.06491
25617	2.06481
25618	2.0647
25619	2.06459
25620	2.06448
25621	2.06436
25622	2.06424
25623	2.06412
25624	2.06399
25625	2.06386
25626	2.06372
25627	2.06359
25628	2.06345
25629	2.0633
25630	2.06315
25631	2.063
25632	2.06285
25633	2.06269
25634	2.06253
25635	2.06236
25636	2.06219
25637	2.06202
25638	2.06185
25639	2.06167
25640	2.06149
25641	2.0613
25642	2.06111
25643	2.06092
25644	2.06073
25645	2.06053
25646	2.06033
25647	2.06013
25648	2.05992
25649	2.05971
25650	2.0595
25651	2.05928
25652	2.05906
25653	2.05884
25654	2.05862
25655	2.05839
25656	2.05816
25657	2.05792
25658	2.05769
25659	2.05745
25660	2.05721
25661	2.05696
25662	2.05672
25663	2.05647
25664	2.05621
25665	2.05596
25666	2.0557
25667	2.05544
25668	2.05518
25669	2.05491
25670	2.05465
25671	2.05438
25672	2.0541
25673	2.05383
25674	2.05355
25675	2.05327
25676	2.05299
25677	2.05271
25678	2.05243
25679	2.05214
25680	2.05185
25681	2.05156
25682	2.05127
25683	2.05097
25684	2.05067
25685	2.05038
25686	2.05008
25687	2.04977
25688	2.04947
25689	2.04917
25690	2.04886
25691	2.04855
25692	2.04824
25693	2.04793
25694	2.04762
25695	2.0473
25696	2.04699
25697	2.04667
25698	2.04636
25699	2.04604
25700	2.04572
25701	2.0454
25702	2.04508
25703	2.04476
25704	2.04443
25705	2.04411
25706	2.04379
25707	2.04346
25708	2.04313
25709	2.04281
25710	2.04248
25711	2.04215
25712	2.04183
25713	2.0415
25714	2.04117
25715	2.04084
25716	2.04051
25717	2.04018
25718	2.03985
25719	2.03952
25720	2.03919
25721	2.03886
25722	2.03853
25723	2.03821
25724	2.03788
25725	2.03755
25726	2.03722
25727	2.03689
25728	2.03656
25729	2.03623
25730	2.03591
25731	2.03558
25732	2.03526
25733	2.03493
25734	2.03461
25735	2.03428
25736	2.03396
25737	2.03364
25738	2.03331
25739	2.03299
25740	2.03267
25741	2.03236
25742	2.03204
25743	2.03172
25744	2.03141
25745	2.03109
25746	2.03078
25747	2.03047
25748	2.03016
25749	2.02985
25750	2.02954
25751	2.02924
25752	2.02893
25753	2.02863
25754	2.02833
25755	2.02803
25756	2.02773
25757	2.02743
25758	2.02714
25759	2.02685
25760	2.02656
25761	2.02627
25762	2.02598
25763	2.0257
25764	2.02541
25765	2.02513
25766	2.02485
25767	2.02458
25768	2.0243
25769	2.02403
25770	2.02376
25771	2.02349
25772	2.02323
25773	2.02296
25774	2.0227
25775	2.02244
25776	2.02219
25777	2.02193
25778	2.02168
25779	2.02143
25780	2.02119
25781	2.02094
25782	2.0207
25783	2.02046
25784	2.02023
25785	2.02
25786	2.01977
25787	2.01954
25788	2.01931
25789	2.01909
25790	2.01887
25791	2.01866
25792	2.01844
25793	2.01823
25794	2.01802
25795	2.01782
25796	2.01762
25797	2.01742
25798	2.01722
25799	2.01703
25800	2.01684
25801	2.01665
25802	2.01647
25803	2.01628
25804	2.01611
25805	2.01593
25806	2.01576
25807	2.01559
25808	2.01543
25809	2.01526
25810	2.0151
25811	2.01495
25812	2.01479
25813	2.01464
25814	2.0145
25815	2.01435
25816	2.01421
25817	2.01408
25818	2.01394
25819	2.01381
25820	2.01368
25821	2.01356
25822	2.01344
25823	2.01332
25824	2.0132
25825	2.01309
25826	2.01298
25827	2.01288
25828	2.01278
25829	2.01268
25830	2.01258
25831	2.01249
25832	2.0124
25833	2.01231
25834	2.01223
25835	2.01215
25836	2.01207
25837	2.012
25838	2.01193
25839	2.01186
25840	2.0118
25841	2.01174
25842	2.01168
25843	2.01163
25844	2.01157
25845	2.01153
25846	2.01148
25847	2.01144
25848	2.0114
25849	2.01136
25850	2.01133
25851	2.0113
25852	2.01127
25853	2.01125
25854	2.01123
25855	2.01121
25856	2.0112
25857	2.01118
25858	2.01118
25859	2.01117
25860	2.01117
25861	2.01117
25862	2.01117
25863	2.01117
25864	2.01118
25865	2.01119
25866	2.01121
25867	2.01122
25868	2.01124
25869	2.01127
25870	2.01129
25871	2.01132
25872	2.01135
25873	2.01138
25874	2.01142
25875	2.01145
25876	2.0115
25877	2.01154
25878	2.01158
25879	2.01163
25880	2.01168
25881	2.01174
25882	2.01179
25883	2.01185
25884	2.01191
25885	2.01197
25886	2.01204
25887	2.01211
25888	2.01218
25889	2.01225
25890	2.01232
25891	2.0124
25892	2.01248
25893	2.01256
25894	2.01264
25895	2.01273
25896	2.01281
25897	2.0129
25898	2.01299
25899	2.01309
25900	2.01318
25901	2.01328
25902	2.01338
25903	2.01348
25904	2.01358
25905	2.01369
25906	2.01379
25907	2.0139
25908	2.01401
25909	2.01412
25910	2.01424
25911	2.01435
25912	2.01447
25913	2.01459
25914	2.01471
25915	2.01483
25916	2.01495
25917	2.01508
25918	2.0152
25919	2.01533
25920	2.01546
25921	2.01559
25922	2.01572
25923	2.01585
25924	2.01599
25925	2.01612
25926	2.01626
25927	2.0164
25928	2.01654
25929	2.01668
25930	2.01682
25931	2.01696
25932	2.0171
25933	2.01725
25934	2.01739
25935	2.01754
25936	2.01769
25937	2.01784
25938	2.01799
25939	2.01814
25940	2.01829
25941	2.01844
25942	2.01859
25943	2.01874
25944	2.0189
25945	2.01905
25946	2.01921
25947	2.01936
25948	2.01952
25949	2.01968
25950	2.01984
25951	2.01999
25952	2.02015
25953	2.02031
25954	2.02047
25955	2.02063
25956	2.02079
25957	2.02096
25958	2.02112
25959	2.02128
25960	2.02144
25961	2.0216
25962	2.02177
25963	2.02193
25964	2.02209
25965	2.02226
25966	2.02242
25967	2.02258
25968	2.02275
25969	2.02291
25970	2.02308
25971	2.02324
25972	2.02341
25973	2.02357
25974	2.02373
25975	2.0239
25976	2.02406
25977	2.02423
25978	2.02439
25979	2.02456
25980	2.02472
25981	2.02488
25982	2.02505
25983	2.02521
25984	2.02537
25985	2.02554
25986	2.0257
25987	2.02586
25988	2.02602
25989	2.02619
25990	2.02635
25991	2.02651
25992	2.02667
25993	2.02683
25994	2.02699
25995	2.02715
25996	2.02731
25997	2.02747
25998	2.02763
25999	2.02778
26000	2.02794
26001	2.0281
26002	2.02826
26003	2.02841
26004	2.02857
26005	2.02872
26006	2.02888
26007	2.02903
26008	2.02918
26009	2.02933
26010	2.02949
26011	2.02964
26012	2.02979
26013	2.02994
26014	2.03009
26015	2.03024
26016	2.03038
26017	2.03053
26018	2.03068
26019	2.03082
26020	2.03097
26021	2.03111
26022	2.03125
26023	2.0314
26024	2.03154
26025	2.03168
26026	2.03182
26027	2.03196
26028	2.0321
26029	2.03224
26030	2.03237
26031	2.03251
26032	2.03264
26033	2.03278
26034	2.03291
26035	2.03304
26036	2.03317
26037	2.03331
26038	2.03343
26039	2.03356
26040	2.03369
26041	2.03382
26042	2.03394
26043	2.03407
26044	2.03419
26045	2.03432
26046	2.03444
26047	2.03456
26048	2.03468
26049	2.0348
26050	2.03492
26051	2.03504
26052	2.03515
26053	2.03527
26054	2.03538
26055	2.0355
26056	2.03561
26057	2.03572
26058	2.03583
26059	2.03594
26060	2.03605
26061	2.03616
26062	2.03626
26063	2.03637
26064	2.03647
26065	2.03658
26066	2.03668
26067	2.03678
26068	2.03688
26069	2.03698
26070	2.03708
26071	2.03717
26072	2.03727
26073	2.03737
26074	2.03746
26075	2.03755
26076	2.03765
26077	2.03774
26078	2.03783
26079	2.03792
26080	2.038
26081	2.03809
26082	2.03818
26083	2.03826
26084	2.03835
26085	2.03843
26086	2.03851
26087	2.03859
26088	2.03867
26089	2.03875
26090	2.03883
26091	2.03891
26092	2.03898
26093	2.03906
26094	2.03913
26095	2.03921
26096	2.03928
26097	2.03935
26098	2.03942
26099	2.03949
26100	2.03956
26101	2.03962
26102	2.03969
26103	2.03975
26104	2.03982
26105	2.03988
26106	2.03994
26107	2.04001
26108	2.04007
26109	2.04013
26110	2.04019
26111	2.04024
26112	2.0403
26113	2.04036
26114	2.04041
26115	2.04046
26116	2.04052
26117	2.04057
26118	2.04062
26119	2.04067
26120	2.04072
26121	2.04077
26122	2.04082
26123	2.04086
26124	2.04091
26125	2.04096
26126	2.041
26127	2.04104
26128	2.04109
26129	2.04113
26130	2.04117
26131	2.04121
26132	2.04125
26133	2.04129
26134	2.04132
26135	2.04136
26136	2.0414
26137	2.04143
26138	2.04147
26139	2.0415
26140	2.04153
26141	2.04157
26142	2.0416
26143	2.04163
26144	2.04166
26145	2.04169
26146	2.04172
26147	2.04174
26148	2.04177
26149	2.0418
26150	2.04182
26151	2.04185
26152	2.04187
26153	2.04189
26154	2.04192
26155	2.04194
26156	2.04196
26157	2.04198
26158	2.042
26159	2.04202
26160	2.04204
26161	2.04206
26162	2.04208
26163	2.04209
26164	2.04211
26165	2.04212
26166	2.04214
26167	2.04215
26168	2.04217
26169	2.04218
26170	2.04219
26171	2.04221
26172	2.04222
26173	2.04223
26174	2.04224
26175	2.04225
26176	2.04226
26177	2.04227
26178	2.04227
26179	2.04228
26180	2.04229
26181	2.0423
26182	2.0423
26183	2.04231
26184	2.04231
26185	2.04232
26186	2.04232
26187	2.04232
26188	2.04233
26189	2.04233
26190	2.04233
26191	2.04233
26192	2.04233
26193	2.04234
26194	2.04234
26195	2.04234
26196	2.04234
26197	2.04233
26198	2.04233
26199	2.04233
26200	2.04233
26201	2.04233
26202	2.04232
26203	2.04232
26204	2.04232
26205	2.04231
26206	2.04231
26207	2.0423
26208	2.0423
26209	2.04229
26210	2.04229
26211	2.04228
26212	2.04227
26213	2.04227
26214	2.04226
26215	2.04225
26216	2.04224
26217	2.04224
26218	2.04223
26219	2.04222
26220	2.04221
26221	2.0422
26222	2.04219
26223	2.04218
26224	2.04217
26225	2.04216
26226	2.04215
26227	2.04213
26228	2.04212
26229	2.04211
26230	2.0421
26231	2.04209
26232	2.04207
26233	2.04206
26234	2.04205
26235	2.04203
26236	2.04202
26237	2.04201
26238	2.04199
26239	2.04198
26240	2.04196
26241	2.04195
26242	2.04193
26243	2.04192
26244	2.0419
26245	2.04188
26246	2.04187
26247	2.04185
26248	2.04184
26249	2.04182
26250	2.0418
26251	2.04178
26252	2.04177
26253	2.04175
26254	2.04173
26255	2.04171
26256	2.04169
26257	2.04168
26258	2.04166
26259	2.04164
26260	2.04162
26261	2.0416
26262	2.04158
26263	2.04156
26264	2.04154
26265	2.04152
26266	2.0415
26267	2.04148
26268	2.04146
26269	2.04144
26270	2.04142
26271	2.0414
26272	2.04137
26273	2.04135
26274	2.04133
26275	2.04131
26276	2.04129
26277	2.04126
26278	2.04124
26279	2.04122
26280	2.0412
26281	2.04117
26282	2.04115
26283	2.04113
26284	2.0411
26285	2.04108
26286	2.04105
26287	2.04103
26288	2.041
26289	2.04098
26290	2.04095
26291	2.04093
26292	2.0409
26293	2.04088
26294	2.04085
26295	2.04083
26296	2.0408
26297	2.04077
26298	2.04075
26299	2.04072
26300	2.04069
26301	2.04067
26302	2.04064
26303	2.04061
26304	2.04058
26305	2.04055
26306	2.04053
26307	2.0405
26308	2.04047
26309	2.04044
26310	2.04041
26311	2.04038
26312	2.04035
26313	2.04032
26314	2.04029
26315	2.04026
26316	2.04023
26317	2.0402
26318	2.04016
26319	2.04013
26320	2.0401
26321	2.04007
26322	2.04003
26323	2.04
26324	2.03997
26325	2.03993
26326	2.0399
26327	2.03987
26328	2.03983
26329	2.0398
26330	2.03976
26331	2.03973
26332	2.03969
26333	2.03965
26334	2.03962
26335	2.03958
26336	2.03954
26337	2.03951
26338	2.03947
26339	2.03943
26340	2.03939
26341	2.03935
26342	2.03931
26343	2.03927
26344	2.03923
26345	2.03919
26346	2.03915
26347	2.03911
26348	2.03907
26349	2.03902
26350	2.03898
26351	2.03894
26352	2.03889
26353	2.03885
26354	2.0388
26355	2.03876
26356	2.03871
26357	2.03867
26358	2.03862
26359	2.03857
26360	2.03853
26361	2.03848
26362	2.03843
26363	2.03838
26364	2.03833
26365	2.03828
26366	2.03823
26367	2.03818
26368	2.03813
26369	2.03807
26370	2.03802
26371	2.03797
26372	2.03791
26373	2.03786
26374	2.0378
26375	2.03775
26376	2.03769
26377	2.03763
26378	2.03757
26379	2.03752
26380	2.03746
26381	2.0374
26382	2.03734
26383	2.03727
26384	2.03721
26385	2.03715
26386	2.03709
26387	2.03702
26388	2.03696
26389	2.03689
26390	2.03683
26391	2.03676
26392	2.03669
26393	2.03662
26394	2.03656
26395	2.03649
26396	2.03641
26397	2.03634
26398	2.03627
26399	2.0362
26400	2.03612
26401	2.03605
26402	2.03598
26403	2.0359
26404	2.03582
26405	2.03574
26406	2.03567
26407	2.03559
26408	2.03551
26409	2.03542
26410	2.03534
26411	2.03526
26412	2.03518
26413	2.03509
26414	2.03501
26415	2.03492
26416	2.03483
26417	2.03474
26418	2.03465
26419	2.03456
26420	2.03447
26421	2.03438
26422	2.03429
26423	2.03419
26424	2.0341
26425	2.034
26426	2.03391
26427	2.03381
26428	2.03371
26429	2.03361
26430	2.03351
26431	2.03341
26432	2.03331
26433	2.0332
26434	2.0331
26435	2.03299
26436	2.03289
26437	2.03278
26438	2.03267
26439	2.03256
26440	2.03245
26441	2.03234
26442	2.03222
26443	2.03211
26444	2.03199
26445	2.03188
26446	2.03176
26447	2.03164
26448	2.03152
26449	2.0314
26450	2.03128
26451	2.03116
26452	2.03104
26453	2.03091
26454	2.03079
26455	2.03066
26456	2.03053
26457	2.0304
26458	2.03027
26459	2.03014
26460	2.03001
26461	2.02988
26462	2.02974
26463	2.02961
26464	2.02947
26465	2.02933
26466	2.0292
26467	2.02906
26468	2.02892
26469	2.02877
26470	2.02863
26471	2.02849
26472	2.02834
26473	2.0282
26474	2.02805
26475	2.0279
26476	2.02775
26477	2.0276
26478	2.02745
26479	2.0273
26480	2.02715
26481	2.02699
26482	2.02684
26483	2.02668
26484	2.02652
26485	2.02637
26486	2.02621
26487	2.02605
26488	2.02589
26489	2.02572
26490	2.02556
26491	2.0254
26492	2.02523
26493	2.02506
26494	2.0249
26495	2.02473
26496	2.02456
26497	2.02439
26498	2.02422
26499	2.02405
26500	2.02388
26501	2.0237
26502	2.02353
26503	2.02336
26504	2.02318
26505	2.023
26506	2.02283
26507	2.02265
26508	2.02247
26509	2.02229
26510	2.02211
26511	2.02193
26512	2.02175
26513	2.02157
26514	2.02138
26515	2.0212
26516	2.02101
26517	2.02083
26518	2.02064
26519	2.02046
26520	2.02027
26521	2.02008
26522	2.0199
26523	2.01971
26524	2.01952
26525	2.01933
26526	2.01914
26527	2.01895
26528	2.01876
26529	2.01857
26530	2.01838
26531	2.01818
26532	2.01799
26533	2.0178
26534	2.01761
26535	2.01741
26536	2.01722
26537	2.01703
26538	2.01683
26539	2.01664
26540	2.01645
26541	2.01625
26542	2.01606
26543	2.01586
26544	2.01567
26545	2.01547
26546	2.01528
26547	2.01509
26548	2.01489
26549	2.0147
26550	2.0145
26551	2.01431
26552	2.01412
26553	2.01392
26554	2.01373
26555	2.01354
26556	2.01335
26557	2.01315
26558	2.01296
26559	2.01277
26560	2.01258
26561	2.01239
26562	2.0122
26563	2.01201
26564	2.01182
26565	2.01163
26566	2.01144
26567	2.01126
26568	2.01107
26569	2.01088
26570	2.0107
26571	2.01051
26572	2.01033
26573	2.01015
26574	2.00997
26575	2.00979
26576	2.00961
26577	2.00943
26578	2.00925
26579	2.00907
26580	2.0089
26581	2.00872
26582	2.00855
26583	2.00838
26584	2.00821
26585	2.00804
26586	2.00787
26587	2.0077
26588	2.00753
26589	2.00737
26590	2.00721
26591	2.00705
26592	2.00689
26593	2.00673
26594	2.00657
26595	2.00642
26596	2.00626
26597	2.00611
26598	2.00596
26599	2.00581
26600	2.00567
26601	2.00552
26602	2.00538
26603	2.00524
26604	2.0051
26605	2.00496
26606	2.00483
26607	2.0047
26608	2.00457
26609	2.00444
26610	2.00431
26611	2.00419
26612	2.00407
26613	2.00395
26614	2.00383
26615	2.00371
26616	2.0036
26617	2.00349
26618	2.00338
26619	2.00328
26620	2.00318
26621	2.00308
26622	2.00298
26623	2.00289
26624	2.00279
26625	2.00271
26626	2.00262
26627	2.00254
26628	2.00245
26629	2.00238
26630	2.0023
26631	2.00223
26632	2.00216
26633	2.00209
26634	2.00203
26635	2.00197
26636	2.00191
26637	2.00186
26638	2.00181
26639	2.00176
26640	2.00172
26641	2.00167
26642	2.00164
26643	2.0016
26644	2.00157
26645	2.00154
26646	2.00152
26647	2.00149
26648	2.00148
26649	2.00146
26650	2.00145
26651	2.00144
26652	2.00144
26653	2.00144
26654	2.00144
26655	2.00145
26656	2.00146
26657	2.00147
26658	2.00149
26659	2.00151
26660	2.00153
26661	2.00156
26662	2.00159
26663	2.00163
26664	2.00167
26665	2.00171
26666	2.00176
26667	2.00181
26668	2.00186
26669	2.00192
26670	2.00198
26671	2.00205
26672	2.00212
26673	2.00219
26674	2.00227
26675	2.00235
26676	2.00243
26677	2.00252
26678	2.00262
26679	2.00271
26680	2.00281
26681	2.00292
26682	2.00303
26683	2.00314
26684	2.00326
26685	2.00338
26686	2.0035
26687	2.00363
26688	2.00376
26689	2.0039
26690	2.00404
26691	2.00419
26692	2.00433
26693	2.00449
26694	2.00464
26695	2.0048
26696	2.00497
26697	2.00513
26698	2.00531
26699	2.00548
26700	2.00566
26701	2.00585
26702	2.00603
26703	2.00623
26704	2.00642
26705	2.00662
26706	2.00682
26707	2.00703
26708	2.00724
26709	2.00746
26710	2.00767
26711	2.0079
26712	2.00812
26713	2.00835
26714	2.00859
26715	2.00882
26716	2.00906
26717	2.00931
26718	2.00956
26719	2.00981
26720	2.01006
26721	2.01032
26722	2.01059
26723	2.01085
26724	2.01112
26725	2.01139
26726	2.01167
26727	2.01195
26728	2.01223
26729	2.01252
26730	2.01281
26731	2.0131
26732	2.0134
26733	2.0137
26734	2.014
26735	2.01431
26736	2.01462
26737	2.01493
26738	2.01525
26739	2.01557
26740	2.01589
26741	2.01621
26742	2.01654
26743	2.01687
26744	2.01721
26745	2.01754
26746	2.01788
26747	2.01822
26748	2.01857
26749	2.01891
26750	2.01926
26751	2.01962
26752	2.01997
26753	2.02033
26754	2.02069
26755	2.02105
26756	2.02142
26757	2.02178
26758	2.02215
26759	2.02252
26760	2.0229
26761	2.02327
26762	2.02365
26763	2.02403
26764	2.02441
26765	2.0248
26766	2.02518
26767	2.02557
26768	2.02596
26769	2.02635
26770	2.02674
26771	2.02714
26772	2.02753
26773	2.02793
26774	2.02833
26775	2.02873
26776	2.02913
26777	2.02953
26778	2.02994
26779	2.03034
26780	2.03075
26781	2.03116
26782	2.03157
26783	2.03197
26784	2.03239
26785	2.0328
26786	2.03321
26787	2.03362
26788	2.03404
26789	2.03445
26790	2.03487
26791	2.03528
26792	2.0357
26793	2.03611
26794	2.03653
26795	2.03695
26796	2.03737
26797	2.03778
26798	2.0382
26799	2.03862
26800	2.03904
26801	2.03946
26802	2.03987
26803	2.04029
26804	2.04071
26805	2.04113
26806	2.04154
26807	2.04196
26808	2.04238
26809	2.04279
26810	2.04321
26811	2.04362
26812	2.04404
26813	2.04445
26814	2.04486
26815	2.04528
26816	2.04569
26817	2.0461
26818	2.04651
26819	2.04692
26820	2.04732
26821	2.04773
26822	2.04813
26823	2.04854
26824	2.04894
26825	2.04934
26826	2.04974
26827	2.05014
26828	2.05054
26829	2.05093
26830	2.05133
26831	2.05172
26832	2.05211
26833	2.0525
26834	2.05289
26835	2.05327
26836	2.05366
26837	2.05404
26838	2.05442
26839	2.0548
26840	2.05517
26841	2.05555
26842	2.05592
26843	2.05629
26844	2.05665
26845	2.05702
26846	2.05738
26847	2.05774
26848	2.0581
26849	2.05845
26850	2.05881
26851	2.05916
26852	2.05951
26853	2.05985
26854	2.06019
26855	2.06053
26856	2.06087
26857	2.0612
26858	2.06154
26859	2.06187
26860	2.06219
26861	2.06251
26862	2.06283
26863	2.06315
26864	2.06347
26865	2.06378
26866	2.06408
26867	2.06439
26868	2.06469
26869	2.06499
26870	2.06529
26871	2.06558
26872	2.06587
26873	2.06615
26874	2.06644
26875	2.06671
26876	2.06699
26877	2.06726
26878	2.06753
26879	2.0678
26880	2.06806
26881	2.06832
26882	2.06857
26883	2.06882
26884	2.06907
26885	2.06932
26886	2.06956
26887	2.0698
26888	2.07003
26889	2.07026
26890	2.07049
26891	2.07071
26892	2.07093
26893	2.07115
26894	2.07136
26895	2.07157
26896	2.07177
26897	2.07197
26898	2.07217
26899	2.07236
26900	2.07255
26901	2.07274
26902	2.07292
26903	2.0731
26904	2.07327
26905	2.07344
26906	2.07361
26907	2.07377
26908	2.07393
26909	2.07409
26910	2.07424
26911	2.07439
26912	2.07453
26913	2.07467
26914	2.07481
26915	2.07494
26916	2.07507
26917	2.07519
26918	2.07531
26919	2.07543
26920	2.07554
26921	2.07565
26922	2.07576
26923	2.07586
26924	2.07596
26925	2.07605
26926	2.07614
26927	2.07623
26928	2.07631
26929	2.07639
26930	2.07647
26931	2.07654
26932	2.07661
26933	2.07667
26934	2.07673
26935	2.07679
26936	2.07684
26937	2.07689
26938	2.07694
26939	2.07698
26940	2.07702
26941	2.07705
26942	2.07708
26943	2.07711
26944	2.07714
26945	2.07716
26946	2.07717
26947	2.07719
26948	2.0772
26949	2.0772
26950	2.07721
26951	2.07721
26952	2.0772
26953	2.0772
26954	2.07718
26955	2.07717
26956	2.07715
26957	2.07713
26958	2.07711
26959	2.07708
26960	2.07705
26961	2.07702
26962	2.07698
26963	2.07694
26964	2.0769
26965	2.07685
26966	2.0768
26967	2.07675
26968	2.0767
26969	2.07664
26970	2.07658
26971	2.07651
26972	2.07644
26973	2.07637
26974	2.0763
26975	2.07622
26976	2.07615
26977	2.07606
26978	2.07598
26979	2.07589
26980	2.0758
26981	2.07571
26982	2.07561
26983	2.07552
26984	2.07542
26985	2.07531
26986	2.07521
26987	2.0751
26988	2.07499
26989	2.07488
26990	2.07476
26991	2.07464
26992	2.07452
26993	2.0744
26994	2.07427
26995	2.07415
26996	2.07402
26997	2.07389
26998	2.07375
26999	2.07362
27000	2.07348
27001	2.07334
27002	2.0732
27003	2.07305
27004	2.07291
27005	2.07276
27006	2.07261
27007	2.07246
27008	2.0723
27009	2.07215
27010	2.07199
27011	2.07183
27012	2.07167
27013	2.07151
27014	2.07135
27015	2.07118
27016	2.07101
27017	2.07085
27018	2.07068
27019	2.0705
27020	2.07033
27021	2.07016
27022	2.06998
27023	2.0698
27024	2.06963
27025	2.06945
27026	2.06926
27027	2.06908
27028	2.0689
27029	2.06871
27030	2.06853
27031	2.06834
27032	2.06815
27033	2.06796
27034	2.06777
27035	2.06758
27036	2.06739
27037	2.0672
27038	2.06701
27039	2.06681
27040	2.06662
27041	2.06642
27042	2.06622
27043	2.06603
27044	2.06583
27045	2.06563
27046	2.06543
27047	2.06523
27048	2.06503
27049	2.06483
27050	2.06463
27051	2.06442
27052	2.06422
27053	2.06402
27054	2.06381
27055	2.06361
27056	2.06341
27057	2.0632
27058	2.063
27059	2.06279
27060	2.06259
27061	2.06238
27062	2.06217
27063	2.06197
27064	2.06176
27065	2.06156
27066	2.06135
27067	2.06114
27068	2.06094
27069	2.06073
27070	2.06052
27071	2.06032
27072	2.06011
27073	2.05991
27074	2.0597
27075	2.05949
27076	2.05929
27077	2.05908
27078	2.05888
27079	2.05867
27080	2.05847
27081	2.05826
27082	2.05806
27083	2.05785
27084	2.05765
27085	2.05745
27086	2.05724
27087	2.05704
27088	2.05684
27089	2.05664
27090	2.05644
27091	2.05624
27092	2.05604
27093	2.05584
27094	2.05564
27095	2.05544
27096	2.05524
27097	2.05504
27098	2.05485
27099	2.05465
27100	2.05446
27101	2.05426
27102	2.05407
27103	2.05387
27104	2.05368
27105	2.05349
27106	2.0533
27107	2.05311
27108	2.05292
27109	2.05273
27110	2.05254
27111	2.05235
27112	2.05217
27113	2.05198
27114	2.0518
27115	2.05161
27116	2.05143
27117	2.05125
27118	2.05107
27119	2.05089
27120	2.05071
27121	2.05053
27122	2.05035
27123	2.05018
27124	2.05
27125	2.04983
27126	2.04965
27127	2.04948
27128	2.04931
27129	2.04914
27130	2.04897
27131	2.0488
27132	2.04863
27133	2.04847
27134	2.0483
27135	2.04814
27136	2.04798
27137	2.04781
27138	2.04765
27139	2.04749
27140	2.04733
27141	2.04718
27142	2.04702
27143	2.04687
27144	2.04671
27145	2.04656
27146	2.04641
27147	2.04626
27148	2.04611
27149	2.04596
27150	2.04581
27151	2.04567
27152	2.04552
27153	2.04538
27154	2.04523
27155	2.04509
27156	2.04495
27157	2.04481
27158	2.04468
27159	2.04454
27160	2.04441
27161	2.04427
27162	2.04414
27163	2.04401
27164	2.04388
27165	2.04375
27166	2.04362
27167	2.04349
27168	2.04337
27169	2.04324
27170	2.04312
27171	2.043
27172	2.04288
27173	2.04276
27174	2.04264
27175	2.04252
27176	2.04241
27177	2.04229
27178	2.04218
27179	2.04206
27180	2.04195
27181	2.04184
27182	2.04174
27183	2.04163
27184	2.04152
27185	2.04142
27186	2.04131
27187	2.04121
27188	2.04111
27189	2.04101
27190	2.04091
27191	2.04081
27192	2.04071
27193	2.04062
27194	2.04052
27195	2.04043
27196	2.04034
27197	2.04025
27198	2.04016
27199	2.04007
27200	2.03998
27201	2.03989
27202	2.03981
27203	2.03972
27204	2.03964
27205	2.03956
27206	2.03948
27207	2.0394
27208	2.03932
27209	2.03924
27210	2.03917
27211	2.03909
27212	2.03902
27213	2.03894
27214	2.03887
27215	2.0388
27216	2.03873
27217	2.03866
27218	2.03859
27219	2.03853
27220	2.03846
27221	2.0384
27222	2.03833
27223	2.03827
27224	2.03821
27225	2.03815
27226	2.03809
27227	2.03803
27228	2.03797
27229	2.03791
27230	2.03786
27231	2.0378
27232	2.03775
27233	2.0377
27234	2.03764
27235	2.03759
27236	2.03754
27237	2.03749
27238	2.03744
27239	2.0374
27240	2.03735
27241	2.0373
27242	2.03726
27243	2.03722
27244	2.03717
27245	2.03713
27246	2.03709
27247	2.03705
27248	2.03701
27249	2.03697
27250	2.03693
27251	2.03689
27252	2.03686
27253	2.03682
27254	2.03679
27255	2.03675
27256	2.03672
27257	2.03669
27258	2.03666
27259	2.03662
27260	2.03659
27261	2.03656
27262	2.03654
27263	2.03651
27264	2.03648
27265	2.03645
27266	2.03643
27267	2.0364
27268	2.03638
27269	2.03635
27270	2.03633
27271	2.03631
27272	2.03628
27273	2.03626
27274	2.03624
27275	2.03622
27276	2.0362
27277	2.03618
27278	2.03616
27279	2.03615
27280	2.03613
27281	2.03611
27282	2.0361
27283	2.03608
27284	2.03606
27285	2.03605
27286	2.03604
27287	2.03602
27288	2.03601
27289	2.036
27290	2.03599
27291	2.03597
27292	2.03596
27293	2.03595
27294	2.03594
27295	2.03593
27296	2.03592
27297	2.03591
27298	2.03591
27299	2.0359
27300	2.03589
27301	2.03588
27302	2.03588
27303	2.03587
27304	2.03587
27305	2.03586
27306	2.03585
27307	2.03585
27308	2.03585
27309	2.03584
27310	2.03584
27311	2.03584
27312	2.03583
27313	2.03583
27314	2.03583
27315	2.03583
27316	2.03582
27317	2.03582
27318	2.03582
27319	2.03582
27320	2.03582
27321	2.03582
27322	2.03582
27323	2.03582
27324	2.03582
27325	2.03582
27326	2.03582
27327	2.03582
27328	2.03583
27329	2.03583
27330	2.03583
27331	2.03583
27332	2.03583
27333	2.03584
27334	2.03584
27335	2.03584
27336	2.03585
27337	2.03585
27338	2.03585
27339	2.03586
27340	2.03586
27341	2.03587
27342	2.03587
27343	2.03587
27344	2.03588
27345	2.03588
27346	2.03589
27347	2.03589
27348	2.0359
27349	2.0359
27350	2.03591
27351	2.03591
27352	2.03592
27353	2.03593
27354	2.03593
27355	2.03594
27356	2.03594
27357	2.03595
27358	2.03596
27359	2.03596
27360	2.03597
27361	2.03597
27362	2.03598
27363	2.03599
27364	2.03599
27365	2.036
27366	2.03601
27367	2.03601
27368	2.03602
27369	2.03603
27370	2.03603
27371	2.03604
27372	2.03605
27373	2.03605
27374	2.03606
27375	2.03607
27376	2.03607
27377	2.03608
27378	2.03609
27379	2.03609
27380	2.0361
27381	2.03611
27382	2.03612
27383	2.03612
27384	2.03613
27385	2.03614
27386	2.03614
27387	2.03615
27388	2.03616
27389	2.03616
27390	2.03617
27391	2.03618
27392	2.03618
27393	2.03619
27394	2.0362
27395	2.0362
27396	2.03621
27397	2.03621
27398	2.03622
27399	2.03623
27400	2.03623
27401	2.03624
27402	2.03625
27403	2.03625
27404	2.03626
27405	2.03626
27406	2.03627
27407	2.03628
27408	2.03628
27409	2.03629
27410	2.03629
27411	2.0363
27412	2.0363
27413	2.03631
27414	2.03631
27415	2.03632
27416	2.03632
27417	2.03633
27418	2.03634
27419	2.03634
27420	2.03635
27421	2.03635
27422	2.03635
27423	2.03636
27424	2.03636
27425	2.03637
27426	2.03637
27427	2.03638
27428	2.03638
27429	2.03639
27430	2.03639
27431	2.0364
27432	2.0364
27433	2.0364
27434	2.03641
27435	2.03641
27436	2.03642
27437	2.03642
27438	2.03642
27439	2.03643
27440	2.03643
27441	2.03643
27442	2.03644
27443	2.03644
27444	2.03644
27445	2.03645
27446	2.03645
27447	2.03645
27448	2.03646
27449	2.03646
27450	2.03646
27451	2.03647
27452	2.03647
27453	2.03647
27454	2.03648
27455	2.03648
27456	2.03648
27457	2.03648
27458	2.03649
27459	2.03649
27460	2.03649
27461	2.03649
27462	2.0365
27463	2.0365
27464	2.0365
27465	2.03651
27466	2.03651
27467	2.03651
27468	2.03651
27469	2.03652
27470	2.03652
27471	2.03652
27472	2.03652
27473	2.03653
27474	2.03653
27475	2.03653
27476	2.03654
27477	2.03654
27478	2.03654
27479	2.03654
27480	2.03655
27481	2.03655
27482	2.03655
27483	2.03656
27484	2.03656
27485	2.03656
27486	2.03657
27487	2.03657
27488	2.03657
27489	2.03658
27490	2.03658
27491	2.03658
27492	2.03659
27493	2.03659
27494	2.03659
27495	2.0366
27496	2.0366
27497	2.03661
27498	2.03661
27499	2.03662
27500	2.03662
27501	2.03663
27502	2.03663
27503	2.03664
27504	2.03664
27505	2.03665
27506	2.03665
27507	2.03666
27508	2.03667
27509	2.03667
27510	2.03668
27511	2.03669
27512	2.03669
27513	2.0367
27514	2.03671
27515	2.03672
27516	2.03672
27517	2.03673
27518	2.03674
27519	2.03675
27520	2.03676
27521	2.03677
27522	2.03678
27523	2.03679
27524	2.0368
27525	2.03681
27526	2.03682
27527	2.03683
27528	2.03684
27529	2.03685
27530	2.03687
27531	2.03688
27532	2.03689
27533	2.03691
27534	2.03692
27535	2.03693
27536	2.03695
27537	2.03696
27538	2.03698
27539	2.03699
27540	2.03701
27541	2.03703
27542	2.03705
27543	2.03706
27544	2.03708
27545	2.0371
27546	2.03712
27547	2.03714
27548	2.03716
27549	2.03718
27550	2.0372
27551	2.03722
27552	2.03724
27553	2.03727
27554	2.03729
27555	2.03731
27556	2.03734
27557	2.03736
27558	2.03739
27559	2.03742
27560	2.03744
27561	2.03747
27562	2.0375
27563	2.03753
27564	2.03756
27565	2.03759
27566	2.03762
27567	2.03765
27568	2.03768
27569	2.03771
27570	2.03775
27571	2.03778
27572	2.03782
27573	2.03785
27574	2.03789
27575	2.03793
27576	2.03796
27577	2.038
27578	2.03804
27579	2.03808
27580	2.03812
27581	2.03817
27582	2.03821
27583	2.03825
27584	2.0383
27585	2.03834
27586	2.03839
27587	2.03843
27588	2.03848
27589	2.03853
27590	2.03858
27591	2.03863
27592	2.03868
27593	2.03873
27594	2.03879
27595	2.03884
27596	2.0389
27597	2.03895
27598	2.03901
27599	2.03907
27600	2.03912
27601	2.03918
27602	2.03924
27603	2.03931
27604	2.03937
27605	2.03943
27606	2.0395
27607	2.03956
27608	2.03963
27609	2.03969
27610	2.03976
27611	2.03983
27612	2.0399
27613	2.03997
27614	2.04005
27615	2.04012
27616	2.04019
27617	2.04027
27618	2.04035
27619	2.04042
27620	2.0405
27621	2.04058
27622	2.04066
27623	2.04074
27624	2.04083
27625	2.04091
27626	2.041
27627	2.04108
27628	2.04117
27629	2.04126
27630	2.04135
27631	2.04144
27632	2.04153
27633	2.04162
27634	2.04171
27635	2.04181
27636	2.0419
27637	2.042
27638	2.0421
27639	2.0422
27640	2.0423
27641	2.0424
27642	2.0425
27643	2.0426
27644	2.04271
27645	2.04281
27646	2.04292
27647	2.04303
27648	2.04314
27649	2.04324
27650	2.04336
27651	2.04347
27652	2.04358
27653	2.04369
27654	2.04381
27655	2.04392
27656	2.04404
27657	2.04416
27658	2.04428
27659	2.0444
27660	2.04452
27661	2.04464
27662	2.04476
27663	2.04488
27664	2.04501
27665	2.04513
27666	2.04526
27667	2.04539
27668	2.04552
27669	2.04564
27670	2.04577
27671	2.04591
27672	2.04604
27673	2.04617
27674	2.0463
27675	2.04644
27676	2.04657
27677	2.04671
27678	2.04685
27679	2.04698
27680	2.04712
27681	2.04726
27682	2.0474
27683	2.04754
27684	2.04768
27685	2.04782
27686	2.04797
27687	2.04811
27688	2.04825
27689	2.0484
27690	2.04854
27691	2.04869
27692	2.04883
27693	2.04898
27694	2.04913
27695	2.04928
27696	2.04943
27697	2.04957
27698	2.04972
27699	2.04987
27700	2.05002
27701	2.05017
27702	2.05033
27703	2.05048
27704	2.05063
27705	2.05078
27706	2.05093
27707	2.05109
27708	2.05124
27709	2.05139
27710	2.05154
27711	2.0517
27712	2.05185
27713	2.05201
27714	2.05216
27715	2.05231
27716	2.05247
27717	2.05262
27718	2.05277
27719	2.05293
27720	2.05308
27721	2.05324
27722	2.05339
27723	2.05354
27724	2.0537
27725	2.05385
27726	2.054
27727	2.05416
27728	2.05431
27729	2.05446
27730	2.05461
27731	2.05476
27732	2.05492
27733	2.05507
27734	2.05522
27735	2.05537
27736	2.05552
27737	2.05567
27738	2.05581
27739	2.05596
27740	2.05611
27741	2.05625
27742	2.0564
27743	2.05655
27744	2.05669
27745	2.05683
27746	2.05698
27747	2.05712
27748	2.05726
27749	2.0574
27750	2.05754
27751	2.05768
27752	2.05781
27753	2.05795
27754	2.05809
27755	2.05822
27756	2.05835
27757	2.05848
27758	2.05862
27759	2.05875
27760	2.05887
27761	2.059
27762	2.05913
27763	2.05925
27764	2.05937
27765	2.0595
27766	2.05962
27767	2.05973
27768	2.05985
27769	2.05997
27770	2.06008
27771	2.06019
27772	2.06031
27773	2.06042
27774	2.06052
27775	2.06063
27776	2.06073
27777	2.06084
27778	2.06094
27779	2.06104
27780	2.06113
27781	2.06123
27782	2.06132
27783	2.06141
27784	2.0615
27785	2.06159
27786	2.06168
27787	2.06176
27788	2.06184
27789	2.06192
27790	2.062
27791	2.06207
27792	2.06215
27793	2.06222
27794	2.06229
27795	2.06235
27796	2.06242
27797	2.06248
27798	2.06254
27799	2.0626
27800	2.06265
27801	2.0627
27802	2.06275
27803	2.0628
27804	2.06285
27805	2.06289
27806	2.06293
27807	2.06297
27808	2.063
27809	2.06304
27810	2.06307
27811	2.06309
27812	2.06312
27813	2.06314
27814	2.06316
27815	2.06318
27816	2.06319
27817	2.0632
27818	2.06321
27819	2.06322
27820	2.06322
27821	2.06322
27822	2.06322
27823	2.06322
27824	2.06321
27825	2.0632
27826	2.06318
27827	2.06317
27828	2.06315
27829	2.06313
27830	2.0631
27831	2.06308
27832	2.06305
27833	2.06301
27834	2.06298
27835	2.06294
27836	2.0629
27837	2.06285
27838	2.0628
27839	2.06275
27840	2.0627
27841	2.06264
27842	2.06258
27843	2.06252
27844	2.06246
27845	2.06239
27846	2.06232
27847	2.06224
27848	2.06217
27849	2.06209
27850	2.062
27851	2.06192
27852	2.06183
27853	2.06174
27854	2.06164
27855	2.06155
27856	2.06145
27857	2.06134
27858	2.06124
27859	2.06113
27860	2.06102
27861	2.0609
27862	2.06079
27863	2.06067
27864	2.06054
27865	2.06042
27866	2.06029
27867	2.06016
27868	2.06002
27869	2.05988
27870	2.05975
27871	2.0596
27872	2.05946
27873	2.05931
27874	2.05916
27875	2.05901
27876	2.05885
27877	2.05869
27878	2.05853
27879	2.05837
27880	2.0582
27881	2.05803
27882	2.05786
27883	2.05769
27884	2.05751
27885	2.05733
27886	2.05715
27887	2.05696
27888	2.05678
27889	2.05659
27890	2.0564
27891	2.05621
27892	2.05601
27893	2.05581
27894	2.05561
27895	2.05541
27896	2.0552
27897	2.055
27898	2.05479
27899	2.05458
27900	2.05436
27901	2.05415
27902	2.05393
27903	2.05371
27904	2.05349
27905	2.05327
27906	2.05304
27907	2.05282
27908	2.05259
27909	2.05236
27910	2.05212
27911	2.05189
27912	2.05166
27913	2.05142
27914	2.05118
27915	2.05094
27916	2.0507
27917	2.05045
27918	2.05021
27919	2.04996
27920	2.04971
27921	2.04946
27922	2.04921
27923	2.04896
27924	2.04871
27925	2.04845
27926	2.0482
27927	2.04794
27928	2.04768
27929	2.04742
27930	2.04716
27931	2.0469
27932	2.04664
27933	2.04637
27934	2.04611
27935	2.04585
27936	2.04558
27937	2.04531
27938	2.04505
27939	2.04478
27940	2.04451
27941	2.04424
27942	2.04397
27943	2.0437
27944	2.04343
27945	2.04316
27946	2.04289
27947	2.04262
27948	2.04234
27949	2.04207
27950	2.0418
27951	2.04153
27952	2.04125
27953	2.04098
27954	2.04071
27955	2.04043
27956	2.04016
27957	2.03989
27958	2.03961
27959	2.03934
27960	2.03907
27961	2.03879
27962	2.03852
27963	2.03825
27964	2.03798
27965	2.03771
27966	2.03743
27967	2.03716
27968	2.03689
27969	2.03662
27970	2.03635
27971	2.03609
27972	2.03582
27973	2.03555
27974	2.03528
27975	2.03502
27976	2.03475
27977	2.03449
27978	2.03422
27979	2.03396
27980	2.0337
27981	2.03344
27982	2.03318
27983	2.03292
27984	2.03266
27985	2.03241
27986	2.03215
27987	2.0319
27988	2.03164
27989	2.03139
27990	2.03114
27991	2.03089
27992	2.03064
27993	2.0304
27994	2.03015
27995	2.02991
27996	2.02966
27997	2.02942
27998	2.02918
27999	2.02895
28000	2.02871
28001	2.02847
28002	2.02824
28003	2.02801
28004	2.02778
28005	2.02755
28006	2.02733
28007	2.0271
28008	2.02688
28009	2.02666
28010	2.02644
28011	2.02622
28012	2.02601
28013	2.02579
28014	2.02558
28015	2.02537
28016	2.02516
28017	2.02496
28018	2.02475
28019	2.02455
28020	2.02435
28021	2.02416
28022	2.02396
28023	2.02377
28024	2.02358
28025	2.02339
28026	2.0232
28027	2.02302
28028	2.02284
28029	2.02266
28030	2.02248
28031	2.0223
28032	2.02213
28033	2.02196
28034	2.02179
28035	2.02162
28036	2.02146
28037	2.0213
28038	2.02114
28039	2.02098
28040	2.02083
28041	2.02068
28042	2.02053
28043	2.02038
28044	2.02024
28045	2.02009
28046	2.01995
28047	2.01982
28048	2.01968
28049	2.01955
28050	2.01942
28051	2.01929
28052	2.01917
28053	2.01904
28054	2.01892
28055	2.01881
28056	2.01869
28057	2.01858
28058	2.01847
28059	2.01836
28060	2.01826
28061	2.01816
28062	2.01806
28063	2.01796
28064	2.01786
28065	2.01777
28066	2.01768
28067	2.01759
28068	2.01751
28069	2.01743
28070	2.01735
28071	2.01727
28072	2.0172
28073	2.01712
28074	2.01705
28075	2.01699
28076	2.01692
28077	2.01686
28078	2.0168
28079	2.01674
28080	2.01669
28081	2.01664
28082	2.01659
28083	2.01654
28084	2.01649
28085	2.01645
28086	2.01641
28087	2.01637
28088	2.01634
28089	2.0163
28090	2.01627
28091	2.01624
28092	2.01622
28093	2.0162
28094	2.01617
28095	2.01616
28096	2.01614
28097	2.01612
28098	2.01611
28099	2.0161
28100	2.0161
28101	2.01609
28102	2.01609
28103	2.01609
28104	2.01609
28105	2.01609
28106	2.0161
28107	2.01611
28108	2.01612
28109	2.01613
28110	2.01614
28111	2.01616
28112	2.01618
28113	2.0162
28114	2.01622
28115	2.01624
28116	2.01627
28117	2.0163
28118	2.01633
28119	2.01636
28120	2.0164
28121	2.01643
28122	2.01647
28123	2.01651
28124	2.01655
28125	2.0166
28126	2.01664
28127	2.01669
28128	2.01674
28129	2.01679
28130	2.01685
28131	2.0169
28132	2.01696
28133	2.01701
28134	2.01707
28135	2.01714
28136	2.0172
28137	2.01726
28138	2.01733
28139	2.0174
28140	2.01747
28141	2.01754
28142	2.01761
28143	2.01768
28144	2.01776
28145	2.01783
28146	2.01791
28147	2.01799
28148	2.01807
28149	2.01815
28150	2.01824
28151	2.01832
28152	2.01841
28153	2.0185
28154	2.01858
28155	2.01867
28156	2.01877
28157	2.01886
28158	2.01895
28159	2.01905
28160	2.01914
28161	2.01924
28162	2.01934
28163	2.01943
28164	2.01953
28165	2.01963
28166	2.01974
28167	2.01984
28168	2.01994
28169	2.02005
28170	2.02015
28171	2.02026
28172	2.02037
28173	2.02047
28174	2.02058
28175	2.02069
28176	2.0208
28177	2.02091
28178	2.02103
28179	2.02114
28180	2.02125
28181	2.02137
28182	2.02148
28183	2.0216
28184	2.02171
28185	2.02183
28186	2.02195
28187	2.02206
28188	2.02218
28189	2.0223
28190	2.02242
28191	2.02254
28192	2.02266
28193	2.02278
28194	2.0229
28195	2.02302
28196	2.02314
28197	2.02326
28198	2.02339
28199	2.02351
28200	2.02363
28201	2.02375
28202	2.02388
28203	2.024
28204	2.02412
28205	2.02425
28206	2.02437
28207	2.0245
28208	2.02462
28209	2.02475
28210	2.02487
28211	2.02499
28212	2.02512
28213	2.02524
28214	2.02537
28215	2.02549
28216	2.02562
28217	2.02574
28218	2.02587
28219	2.02599
28220	2.02612
28221	2.02624
28222	2.02637
28223	2.02649
28224	2.02662
28225	2.02674
28226	2.02687
28227	2.02699
28228	2.02711
28229	2.02724
28230	2.02736
28231	2.02748
28232	2.02761
28233	2.02773
28234	2.02785
28235	2.02797
28236	2.0281
28237	2.02822
28238	2.02834
28239	2.02846
28240	2.02858
28241	2.0287
28242	2.02882
28243	2.02894
28244	2.02906
28245	2.02918
28246	2.0293
28247	2.02941
28248	2.02953
28249	2.02965
28250	2.02977
28251	2.02988
28252	2.03
28253	2.03011
28254	2.03023
28255	2.03034
28256	2.03046
28257	2.03057
28258	2.03068
28259	2.0308
28260	2.03091
28261	2.03102
28262	2.03113
28263	2.03124
28264	2.03135
28265	2.03146
28266	2.03157
28267	2.03167
28268	2.03178
28269	2.03189
28270	2.03199
28271	2.0321
28272	2.0322
28273	2.03231
28274	2.03241
28275	2.03251
28276	2.03262
28277	2.03272
28278	2.03282
28279	2.03292
28280	2.03302
28281	2.03312
28282	2.03322
28283	2.03331
28284	2.03341
28285	2.03351
28286	2.0336
28287	2.0337
28288	2.03379
28289	2.03388
28290	2.03398
28291	2.03407
28292	2.03416
28293	2.03425
28294	2.03434
28295	2.03443
28296	2.03452
28297	2.0346
28298	2.03469
28299	2.03478
28300	2.03486
28301	2.03495
28302	2.03503
28303	2.03511
28304	2.0352
28305	2.03528
28306	2.03536
28307	2.03544
28308	2.03552
28309	2.0356
28310	2.03568
28311	2.03575
28312	2.03583
28313	2.03591
28314	2.03598
28315	2.03605
28316	2.03613
28317	2.0362
28318	2.03627
28319	2.03634
28320	2.03641
28321	2.03648
28322	2.03655
28323	2.03662
28324	2.03669
28325	2.03676
28326	2.03682
28327	2.03689
28328	2.03695
28329	2.03701
28330	2.03708
28331	2.03714
28332	2.0372
28333	2.03726
28334	2.03732
28335	2.03738
28336	2.03744
28337	2.0375
28338	2.03756
28339	2.03761
28340	2.03767
28341	2.03772
28342	2.03778
28343	2.03783
28344	2.03788
28345	2.03794
28346	2.03799
28347	2.03804
28348	2.03809
28349	2.03814
28350	2.03819
28351	2.03823
28352	2.03828
28353	2.03833
28354	2.03837
28355	2.03842
28356	2.03846
28357	2.03851
28358	2.03855
28359	2.03859
28360	2.03864
28361	2.03868
28362	2.03872
28363	2.03876
28364	2.0388
28365	2.03884
28366	2.03888
28367	2.03891
28368	2.03895
28369	2.03899
28370	2.03902
28371	2.03906
28372	2.03909
28373	2.03913
28374	2.03916
28375	2.03919
28376	2.03922
28377	2.03926
28378	2.03929
28379	2.03932
28380	2.03935
28381	2.03938
28382	2.03941
28383	2.03943
28384	2.03946
28385	2.03949
28386	2.03952
28387	2.03954
28388	2.03957
28389	2.03959
28390	2.03962
28391	2.03964
28392	2.03967
28393	2.03969
28394	2.03971
28395	2.03973
28396	2.03975
28397	2.03978
28398	2.0398
28399	2.03982
28400	2.03984
28401	2.03985
28402	2.03987
28403	2.03989
28404	2.03991
28405	2.03993
28406	2.03994
28407	2.03996
28408	2.03998
28409	2.03999
28410	2.04001
28411	2.04002
28412	2.04004
28413	2.04005
28414	2.04006
28415	2.04008
28416	2.04009
28417	2.0401
28418	2.04012
28419	2.04013
28420	2.04014
28421	2.04015
28422	2.04016
28423	2.04017
28424	2.04018
28425	2.04019
28426	2.0402
28427	2.04021
28428	2.04022
28429	2.04023
28430	2.04023
28431	2.04024
28432	2.04025
28433	2.04026
28434	2.04026
28435	2.04027
28436	2.04028
28437	2.04028
28438	2.04029
28439	2.04029
28440	2.0403
28441	2.0403
28442	2.04031
28443	2.04031
28444	2.04031
28445	2.04032
28446	2.04032
28447	2.04033
28448	2.04033
28449	2.04033
28450	2.04033
28451	2.04034
28452	2.04034
28453	2.04034
28454	2.04034
28455	2.04034
28456	2.04035
28457	2.04035
28458	2.04035
28459	2.04035
28460	2.04035
28461	2.04035
28462	2.04035
28463	2.04035
28464	2.04035
28465	2.04035
28466	2.04035
28467	2.04035
28468	2.04035
28469	2.04035
28470	2.04034
28471	2.04034
28472	2.04034
28473	2.04034
28474	2.04034
28475	2.04034
28476	2.04034
28477	2.04033
28478	2.04033
28479	2.04033
28480	2.04033
28481	2.04032
28482	2.04032
28483	2.04032
28484	2.04032
28485	2.04031
28486	2.04031
28487	2.04031
28488	2.0403
28489	2.0403
28490	2.0403
28491	2.04029
28492	2.04029
28493	2.04029
28494	2.04028
28495	2.04028
28496	2.04027
28497	2.04027
28498	2.04027
28499	2.04026
28500	2.04026
28501	2.04025
28502	2.04025
28503	2.04025
28504	2.04024
28505	2.04024
28506	2.04023
28507	2.04023
28508	2.04022
28509	2.04022
28510	2.04021
28511	2.04021
28512	2.04021
28513	2.0402
28514	2.0402
28515	2.04019
28516	2.04019
28517	2.04018
28518	2.04018
28519	2.04017
28520	2.04017
28521	2.04016
28522	2.04016
28523	2.04015
28524	2.04015
28525	2.04014
28526	2.04014
28527	2.04013
28528	2.04013
28529	2.04012
28530	2.04012
28531	2.04011
28532	2.04011
28533	2.0401
28534	2.04009
28535	2.04009
28536	2.04008
28537	2.04008
28538	2.04007
28539	2.04007
28540	2.04006
28541	2.04006
28542	2.04005
28543	2.04005
28544	2.04004
28545	2.04004
28546	2.04003
28547	2.04003
28548	2.04002
28549	2.04001
28550	2.04001
28551	2.04
28552	2.04
28553	2.03999
28554	2.03999
28555	2.03998
28556	2.03998
28557	2.03997
28558	2.03996
28559	2.03996
28560	2.03995
28561	2.03995
28562	2.03994
28563	2.03994
28564	2.03993
28565	2.03992
28566	2.03992
28567	2.03991
28568	2.03991
28569	2.0399
28570	2.03989
28571	2.03989
28572	2.03988
28573	2.03988
28574	2.03987
28575	2.03986
28576	2.03986
28577	2.03985
28578	2.03984
28579	2.03984
28580	2.03983
28581	2.03983
28582	2.03982
28583	2.03981
28584	2.03981
28585	2.0398
28586	2.03979
28587	2.03978
28588	2.03978
28589	2.03977
28590	2.03976
28591	2.03976
28592	2.03975
28593	2.03974
28594	2.03973
28595	2.03973
28596	2.03972
28597	2.03971
28598	2.0397
28599	2.03969
28600	2.03969
28601	2.03968
28602	2.03967
28603	2.03966
28604	2.03965
28605	2.03964
28606	2.03963
28607	2.03963
28608	2.03962
28609	2.03961
28610	2.0396
28611	2.03959
28612	2.03958
28613	2.03957
28614	2.03956
28615	2.03955
28616	2.03954
28617	2.03953
28618	2.03952
28619	2.0395
28620	2.03949
28621	2.03948
28622	2.03947
28623	2.03946
28624	2.03945
28625	2.03943
28626	2.03942
28627	2.03941
28628	2.0394
28629	2.03938
28630	2.03937
28631	2.03936
28632	2.03934
28633	2.03933
28634	2.03931
28635	2.0393
28636	2.03928
28637	2.03927
28638	2.03925
28639	2.03924
28640	2.03922
28641	2.0392
28642	2.03919
28643	2.03917
28644	2.03915
28645	2.03913
28646	2.03912
28647	2.0391
28648	2.03908
28649	2.03906
28650	2.03904
28651	2.03902
28652	2.039
28653	2.03898
28654	2.03896
28655	2.03894
28656	2.03892
28657	2.0389
28658	2.03887
28659	2.03885
28660	2.03883
28661	2.0388
28662	2.03878
28663	2.03875
28664	2.03873
28665	2.0387
28666	2.03868
28667	2.03865
28668	2.03863
28669	2.0386
28670	2.03857
28671	2.03854
28672	2.03851
28673	2.03849
28674	2.03846
28675	2.03843
28676	2.03839
28677	2.03836
28678	2.03833
28679	2.0383
28680	2.03827
28681	2.03823
28682	2.0382
28683	2.03817
28684	2.03813
28685	2.0381
28686	2.03806
28687	2.03802
28688	2.03799
28689	2.03795
28690	2.03791
28691	2.03787
28692	2.03783
28693	2.03779
28694	2.03775
28695	2.03771
28696	2.03767
28697	2.03763
28698	2.03758
28699	2.03754
28700	2.03749
28701	2.03745
28702	2.0374
28703	2.03736
28704	2.03731
28705	2.03726
28706	2.03721
28707	2.03716
28708	2.03711
28709	2.03706
28710	2.03701
28711	2.03696
28712	2.03691
28713	2.03685
28714	2.0368
28715	2.03675
28716	2.03669
28717	2.03663
28718	2.03658
28719	2.03652
28720	2.03646
28721	2.0364
28722	2.03634
28723	2.03628
28724	2.03622
28725	2.03616
28726	2.0361
28727	2.03603
28728	2.03597
28729	2.0359
28730	2.03584
28731	2.03577
28732	2.0357
28733	2.03564
28734	2.03557
28735	2.0355
28736	2.03543
28737	2.03536
28738	2.03529
28739	2.03521
28740	2.03514
28741	2.03507
28742	2.03499
28743	2.03491
28744	2.03484
28745	2.03476
28746	2.03468
28747	2.0346
28748	2.03452
28749	2.03444
28750	2.03436
28751	2.03428
28752	2.0342
28753	2.03412
28754	2.03403
28755	2.03395
28756	2.03386
28757	2.03377
28758	2.03369
28759	2.0336
28760	2.03351
28761	2.03342
28762	2.03333
28763	2.03324
28764	2.03315
28765	2.03306
28766	2.03296
28767	2.03287
28768	2.03278
28769	2.03268
28770	2.03259
28771	2.03249
28772	2.03239
28773	2.03229
28774	2.0322
28775	2.0321
28776	2.032
28777	2.0319
28778	2.03179
28779	2.03169
28780	2.03159
28781	2.03149
28782	2.03138
28783	2.03128
28784	2.03117
28785	2.03107
28786	2.03096
28787	2.03086
28788	2.03075
28789	2.03064
28790	2.03053
28791	2.03042
28792	2.03031
28793	2.0302
28794	2.03009
28795	2.02998
28796	2.02987
28797	2.02976
28798	2.02965
28799	2.02954
28800	2.02942
28801	2.02931
28802	2.0292
28803	2.02908
28804	2.02897
28805	2.02885
28806	2.02874
28807	2.02862
28808	2.0285
28809	2.02839
28810	2.02827
28811	2.02815
28812	2.02804
28813	2.02792
28814	2.0278
28815	2.02769
28816	2.02757
28817	2.02745
28818	2.02733
28819	2.02721
28820	2.02709
28821	2.02698
28822	2.02686
28823	2.02674
28824	2.02662
28825	2.0265
28826	2.02638
28827	2.02626
28828	2.02614
28829	2.02602
28830	2.02591
28831	2.02579
28832	2.02567
28833	2.02555
28834	2.02543
28835	2.02531
28836	2.0252
28837	2.02508
28838	2.02496
28839	2.02484
28840	2.02473
28841	2.02461
28842	2.02449
28843	2.02438
28844	2.02426
28845	2.02414
28846	2.02403
28847	2.02392
28848	2.0238
28849	2.02369
28850	2.02357
28851	2.02346
28852	2.02335
28853	2.02324
28854	2.02313
28855	2.02302
28856	2.02291
28857	2.0228
28858	2.02269
28859	2.02258
28860	2.02247
28861	2.02237
28862	2.02226
28863	2.02216
28864	2.02205
28865	2.02195
28866	2.02185
28867	2.02175
28868	2.02165
28869	2.02155
28870	2.02145
28871	2.02135
28872	2.02125
28873	2.02116
28874	2.02106
28875	2.02097
28876	2.02088
28877	2.02079
28878	2.0207
28879	2.02061
28880	2.02052
28881	2.02043
28882	2.02035
28883	2.02026
28884	2.02018
28885	2.0201
28886	2.02002
28887	2.01994
28888	2.01986
28889	2.01979
28890	2.01971
28891	2.01964
28892	2.01957
28893	2.0195
28894	2.01943
28895	2.01936
28896	2.01929
28897	2.01923
28898	2.01917
28899	2.01911
28900	2.01905
28901	2.01899
28902	2.01893
28903	2.01888
28904	2.01883
28905	2.01878
28906	2.01873
28907	2.01868
28908	2.01863
28909	2.01859
28910	2.01855
28911	2.01851
28912	2.01847
28913	2.01843
28914	2.0184
28915	2.01837
28916	2.01834
28917	2.01831
28918	2.01828
28919	2.01826
28920	2.01824
28921	2.01822
28922	2.0182
28923	2.01818
28924	2.01817
28925	2.01815
28926	2.01814
28927	2.01814
28928	2.01813
28929	2.01813
28930	2.01813
28931	2.01813
28932	2.01813
28933	2.01813
28934	2.01814
28935	2.01815
28936	2.01816
28937	2.01818
28938	2.01819
28939	2.01821
28940	2.01823
28941	2.01826
28942	2.01828
28943	2.01831
28944	2.01834
28945	2.01837
28946	2.0184
28947	2.01844
28948	2.01848
28949	2.01852
28950	2.01857
28951	2.01861
28952	2.01866
28953	2.01871
28954	2.01877
28955	2.01882
28956	2.01888
28957	2.01894
28958	2.019
28959	2.01907
28960	2.01913
28961	2.0192
28962	2.01928
28963	2.01935
28964	2.01943
28965	2.01951
28966	2.01959
28967	2.01967
28968	2.01976
28969	2.01985
28970	2.01994
28971	2.02003
28972	2.02013
28973	2.02023
28974	2.02033
28975	2.02043
28976	2.02053
28977	2.02064
28978	2.02075
28979	2.02086
28980	2.02098
28981	2.02109
28982	2.02121
28983	2.02133
28984	2.02146
28985	2.02158
28986	2.02171
28987	2.02184
28988	2.02197
28989	2.02211
28990	2.02224
28991	2.02238
28992	2.02252
28993	2.02267
28994	2.02281
28995	2.02296
28996	2.02311
28997	2.02326
28998	2.02341
28999	2.02357
29000	2.02373
29001	2.02388
29002	2.02405
29003	2.02421
29004	2.02437
29005	2.02454
29006	2.02471
29007	2.02488
29008	2.02506
29009	2.02523
29010	2.02541
29011	2.02558
29012	2.02576
29013	2.02595
29014	2.02613
29015	2.02632
29016	2.0265
29017	2.02669
29018	2.02688
29019	2.02707
29020	2.02727
29021	2.02746
29022	2.02766
29023	2.02786
29024	2.02806
29025	2.02826
29026	2.02846
29027	2.02866
29028	2.02887
29029	2.02908
29030	2.02928
29031	2.02949
29032	2.0297
29033	2.02992
29034	2.03013
29035	2.03034
29036	2.03056
29037	2.03078
29038	2.03099
29039	2.03121
29040	2.03143
29041	2.03165
29042	2.03187
29043	2.0321
29044	2.03232
29045	2.03254
29046	2.03277
29047	2.033
29048	2.03322
29049	2.03345
29050	2.03368
29051	2.03391
29052	2.03414
29053	2.03437
29054	2.0346
29055	2.03483
29056	2.03506
29057	2.03529
29058	2.03553
29059	2.03576
29060	2.03599
29061	2.03623
29062	2.03646
29063	2.0367
29064	2.03693
29065	2.03717
29066	2.0374
29067	2.03764
29068	2.03787
29069	2.03811
29070	2.03834
29071	2.03858
29072	2.03882
29073	2.03905
29074	2.03929
29075	2.03952
29076	2.03976
29077	2.03999
29078	2.04023
29079	2.04046
29080	2.0407
29081	2.04093
29082	2.04117
29083	2.0414
29084	2.04163
29085	2.04186
29086	2.0421
29087	2.04233
29088	2.04256
29089	2.04279
29090	2.04302
29091	2.04325
29092	2.04348
29093	2.04371
29094	2.04393
29095	2.04416
29096	2.04439
29097	2.04461
29098	2.04484
29099	2.04506
29100	2.04528
29101	2.0455
29102	2.04572
29103	2.04594
29104	2.04616
29105	2.04638
29106	2.0466
29107	2.04681
29108	2.04703
29109	2.04724
29110	2.04745
29111	2.04766
29112	2.04787
29113	2.04808
29114	2.04829
29115	2.04849
29116	2.0487
29117	2.0489
29118	2.0491
29119	2.0493
29120	2.0495
29121	2.0497
29122	2.04989
29123	2.05009
29124	2.05028
29125	2.05047
29126	2.05066
29127	2.05085
29128	2.05103
29129	2.05122
29130	2.0514
29131	2.05158
29132	2.05176
29133	2.05194
29134	2.05212
29135	2.05229
29136	2.05247
29137	2.05264
29138	2.05281
29139	2.05297
29140	2.05314
29141	2.0533
29142	2.05346
29143	2.05362
29144	2.05378
29145	2.05394
29146	2.05409
29147	2.05424
29148	2.05439
29149	2.05454
29150	2.05469
29151	2.05483
29152	2.05498
29153	2.05512
29154	2.05525
29155	2.05539
29156	2.05552
29157	2.05566
29158	2.05579
29159	2.05591
29160	2.05604
29161	2.05616
29162	2.05628
29163	2.0564
29164	2.05652
29165	2.05663
29166	2.05675
29167	2.05686
29168	2.05697
29169	2.05707
29170	2.05718
29171	2.05728
29172	2.05738
29173	2.05748
29174	2.05757
29175	2.05766
29176	2.05776
29177	2.05784
29178	2.05793
29179	2.05801
29180	2.0581
29181	2.05818
29182	2.05825
29183	2.05833
29184	2.0584
29185	2.05847
29186	2.05854
29187	2.05861
29188	2.05867
29189	2.05874
29190	2.0588
29191	2.05885
29192	2.05891
29193	2.05896
29194	2.05901
29195	2.05906
29196	2.05911
29197	2.05915
29198	2.0592
29199	2.05924
29200	2.05927
29201	2.05931
29202	2.05934
29203	2.05938
29204	2.0594
29205	2.05943
29206	2.05946
29207	2.05948
29208	2.0595
29209	2.05952
29210	2.05954
29211	2.05955
29212	2.05956
29213	2.05957
29214	2.05958
29215	2.05959
29216	2.05959
29217	2.0596
29218	2.0596
29219	2.05959
29220	2.05959
29221	2.05959
29222	2.05958
29223	2.05957
29224	2.05956
29225	2.05954
29226	2.05953
29227	2.05951
29228	2.05949
29229	2.05947
29230	2.05945
29231	2.05942
29232	2.0594
29233	2.05937
29234	2.05934
29235	2.05931
29236	2.05927
29237	2.05924
29238	2.0592
29239	2.05916
29240	2.05912
29241	2.05908
29242	2.05903
29243	2.05899
29244	2.05894
29245	2.05889
29246	2.05884
29247	2.05879
29248	2.05873
29249	2.05868
29250	2.05862
29251	2.05856
29252	2.0585
29253	2.05844
29254	2.05838
29255	2.05831
29256	2.05825
29257	2.05818
29258	2.05811
29259	2.05804
29260	2.05797
29261	2.0579
29262	2.05782
29263	2.05775
29264	2.05767
29265	2.05759
29266	2.05751
29267	2.05743
29268	2.05735
29269	2.05726
29270	2.05718
29271	2.05709
29272	2.05701
29273	2.05692
29274	2.05683
29275	2.05674
29276	2.05665
29277	2.05656
29278	2.05647
29279	2.05637
29280	2.05628
29281	2.05618
29282	2.05608
29283	2.05598
29284	2.05589
29285	2.05579
29286	2.05568
29287	2.05558
29288	2.05548
29289	2.05538
29290	2.05527
29291	2.05517
29292	2.05506
29293	2.05496
29294	2.05485
29295	2.05474
29296	2.05463
29297	2.05452
29298	2.05441
29299	2.0543
29300	2.05419
29301	2.05408
29302	2.05397
29303	2.05386
29304	2.05374
29305	2.05363
29306	2.05351
29307	2.0534
29308	2.05328
29309	2.05317
29310	2.05305
29311	2.05293
29312	2.05282
29313	2.0527
29314	2.05258
29315	2.05246
29316	2.05234
29317	2.05223
29318	2.05211
29319	2.05199
29320	2.05187
29321	2.05175
29322	2.05163
29323	2.05151
29324	2.05139
29325	2.05127
29326	2.05114
29327	2.05102
29328	2.0509
29329	2.05078
29330	2.05066
29331	2.05054
29332	2.05042
29333	2.0503
29334	2.05017
29335	2.05005
29336	2.04993
29337	2.04981
29338	2.04969
29339	2.04957
29340	2.04944
29341	2.04932
29342	2.0492
29343	2.04908
29344	2.04896
29345	2.04884
29346	2.04872
29347	2.0486
29348	2.04848
29349	2.04835
29350	2.04823
29351	2.04811
29352	2.04799
29353	2.04788
29354	2.04776
29355	2.04764
29356	2.04752
29357	2.0474
29358	2.04728
29359	2.04716
29360	2.04705
29361	2.04693
29362	2.04681
29363	2.04669
29364	2.04658
29365	2.04646
29366	2.04635
29367	2.04623
29368	2.04612
29369	2.046
29370	2.04589
29371	2.04578
29372	2.04566
29373	2.04555
29374	2.04544
29375	2.04533
29376	2.04521
29377	2.0451
29378	2.04499
29379	2.04488
29380	2.04477
29381	2.04467
29382	2.04456
29383	2.04445
29384	2.04434
29385	2.04424
29386	2.04413
29387	2.04403
29388	2.04392
29389	2.04382
29390	2.04371
29391	2.04361
29392	2.04351
29393	2.0434
29394	2.0433
29395	2.0432
29396	2.0431
29397	2.043
29398	2.0429
29399	2.04281
29400	2.04271
29401	2.04261
29402	2.04252
29403	2.04242
29404	2.04233
29405	2.04223
29406	2.04214
29407	2.04204
29408	2.04195
29409	2.04186
29410	2.04177
29411	2.04168
29412	2.04159
29413	2.0415
29414	2.04141
29415	2.04133
29416	2.04124
29417	2.04115
29418	2.04107
29419	2.04098
29420	2.0409
29421	2.04082
29422	2.04073
29423	2.04065
29424	2.04057
29425	2.04049
29426	2.04041
29427	2.04033
29428	2.04026
29429	2.04018
29430	2.0401
29431	2.04003
29432	2.03995
29433	2.03988
29434	2.0398
29435	2.03973
29436	2.03966
29437	2.03959
29438	2.03952
29439	2.03945
29440	2.03938
29441	2.03931
29442	2.03924
29443	2.03918
29444	2.03911
29445	2.03904
29446	2.03898
29447	2.03892
29448	2.03885
29449	2.03879
29450	2.03873
29451	2.03867
29452	2.03861
29453	2.03855
29454	2.03849
29455	2.03843
29456	2.03838
29457	2.03832
29458	2.03826
29459	2.03821
29460	2.03815
29461	2.0381
29462	2.03805
29463	2.038
29464	2.03794
29465	2.03789
29466	2.03784
29467	2.03779
29468	2.03775
29469	2.0377
29470	2.03765
29471	2.0376
29472	2.03756
29473	2.03751
29474	2.03747
29475	2.03743
29476	2.03738
29477	2.03734
29478	2.0373
29479	2.03726
29480	2.03722
29481	2.03718
29482	2.03714
29483	2.0371
29484	2.03706
29485	2.03703
29486	2.03699
29487	2.03695
29488	2.03692
29489	2.03688
29490	2.03685
29491	2.03682
29492	2.03679
29493	2.03675
29494	2.03672
29495	2.03669
29496	2.03666
29497	2.03663
29498	2.0366
29499	2.03658
29500	2.03655
29501	2.03652
29502	2.0365
29503	2.03647
29504	2.03645
29505	2.03642
29506	2.0364
29507	2.03637
29508	2.03635
29509	2.03633
29510	2.03631
29511	2.03629
29512	2.03627
29513	2.03625
29514	2.03623
29515	2.03621
29516	2.03619
29517	2.03617
29518	2.03615
29519	2.03614
29520	2.03612
29521	2.03611
29522	2.03609
29523	2.03608
29524	2.03606
29525	2.03605
29526	2.03604
29527	2.03602
29528	2.03601
29529	2.036
29530	2.03599
29531	2.03598
29532	2.03597
29533	2.03596
29534	2.03595
29535	2.03594
29536	2.03593
29537	2.03592
29538	2.03592
29539	2.03591
29540	2.0359
29541	2.0359
29542	2.03589
29543	2.03589
29544	2.03588
29545	2.03588
29546	2.03587
29547	2.03587
29548	2.03587
29549	2.03586
29550	2.03586
29551	2.03586
29552	2.03586
29553	2.03586
29554	2.03586
29555	2.03586
29556	2.03586
29557	2.03586
29558	2.03586
29559	2.03586
29560	2.03586
29561	2.03586
29562	2.03586
29563	2.03587
29564	2.03587
29565	2.03587
29566	2.03588
29567	2.03588
29568	2.03589
29569	2.03589
29570	2.03589
29571	2.0359
29572	2.03591
29573	2.03591
29574	2.03592
29575	2.03593
29576	2.03593
29577	2.03594
29578	2.03595
29579	2.03596
29580	2.03596
29581	2.03597
29582	2.03598
29583	2.03599
29584	2.036
29585	2.03601
29586	2.03602
29587	2.03603
29588	2.03604
29589	2.03605
29590	2.03606
29591	2.03607
29592	2.03609
29593	2.0361
29594	2.03611
29595	2.03612
29596	2.03614
29597	2.03615
29598	2.03616
29599	2.03618
29600	2.03619
29601	2.0362
29602	2.03622
29603	2.03623
29604	2.03625
29605	2.03626
29606	2.03628
29607	2.0363
29608	2.03631
29609	2.03633
29610	2.03635
29611	2.03636
29612	2.03638
29613	2.0364
29614	2.03641
29615	2.03643
29616	2.03645
29617	2.03647
29618	2.03649
29619	2.03651
29620	2.03653
29621	2.03654
29622	2.03656
29623	2.03658
29624	2.0366
29625	2.03662
29626	2.03665
29627	2.03667
29628	2.03669
29629	2.03671
29630	2.03673
29631	2.03675
29632	2.03677
29633	2.0368
29634	2.03682
29635	2.03684
29636	2.03687
29637	2.03689
29638	2.03691
29639	2.03694
29640	2.03696
29641	2.03699
29642	2.03701
29643	2.03704
29644	2.03706
29645	2.03709
29646	2.03711
29647	2.03714
29648	2.03716
29649	2.03719
29650	2.03722
29651	2.03724
29652	2.03727
29653	2.0373
29654	2.03733
29655	2.03736
29656	2.03738
29657	2.03741
29658	2.03744
29659	2.03747
29660	2.0375
29661	2.03753
29662	2.03756
29663	2.03759
29664	2.03762
29665	2.03765
29666	2.03769
29667	2.03772
29668	2.03775
29669	2.03778
29670	2.03781
29671	2.03785
29672	2.03788
29673	2.03791
29674	2.03795
29675	2.03798
29676	2.03802
29677	2.03805
29678	2.03809
29679	2.03812
29680	2.03816
29681	2.0382
29682	2.03823
29683	2.03827
29684	2.03831
29685	2.03834
29686	2.03838
29687	2.03842
29688	2.03846
29689	2.0385
29690	2.03854
29691	2.03858
29692	2.03862
29693	2.03866
29694	2.0387
29695	2.03874
29696	2.03878
29697	2.03883
29698	2.03887
29699	2.03891
29700	2.03896
29701	2.039
29702	2.03904
29703	2.03909
29704	2.03913
29705	2.03918
29706	2.03923
29707	2.03927
29708	2.03932
29709	2.03937
29710	2.03941
29711	2.03946
29712	2.03951
29713	2.03956
29714	2.03961
29715	2.03966
29716	2.03971
29717	2.03976
29718	2.03981
29719	2.03987
29720	2.03992
29721	2.03997
29722	2.04002
29723	2.04008
29724	2.04013
29725	2.04019
29726	2.04024
29727	2.0403
29728	2.04036
29729	2.04041
29730	2.04047
29731	2.04053
29732	2.04059
29733	2.04065
29734	2.04071
29735	2.04077
29736	2.04083
29737	2.04089
29738	2.04095
29739	2.04102
29740	2.04108
29741	2.04114
29742	2.04121
29743	2.04127
29744	2.04134
29745	2.0414
29746	2.04147
29747	2.04154
29748	2.04161
29749	2.04167
29750	2.04174
29751	2.04181
29752	2.04188
29753	2.04195
29754	2.04203
29755	2.0421
29756	2.04217
29757	2.04224
29758	2.04232
29759	2.04239
29760	2.04247
29761	2.04254
29762	2.04262
29763	2.0427
29764	2.04277
29765	2.04285
29766	2.04293
29767	2.04301
29768	2.04309
29769	2.04317
29770	2.04326
29771	2.04334
29772	2.04342
29773	2.0435
29774	2.04359
29775	2.04367
29776	2.04376
29777	2.04385
29778	2.04393
29779	2.04402
29780	2.04411
29781	2.0442
29782	2.04429
29783	2.04438
29784	2.04447
29785	2.04456
29786	2.04465
29787	2.04475
29788	2.04484
29789	2.04493
29790	2.04503
29791	2.04513
29792	2.04522
29793	2.04532
29794	2.04542
29795	2.04552
29796	2.04561
29797	2.04571
29798	2.04581
29799	2.04592
29800	2.04602
29801	2.04612
29802	2.04622
29803	2.04633
29804	2.04643
29805	2.04654
29806	2.04664
29807	2.04675
29808	2.04685
29809	2.04696
29810	2.04707
29811	2.04718
29812	2.04729
29813	2.0474
29814	2.04751
29815	2.04762
29816	2.04773
29817	2.04785
29818	2.04796
29819	2.04807
29820	2.04819
29821	2.0483
29822	2.04842
29823	2.04853
29824	2.04865
29825	2.04877
29826	2.04888
29827	2.049
29828	2.04912
29829	2.04924
29830	2.04936
29831	2.04948
29832	2.0496
29833	2.04972
29834	2.04985
29835	2.04997
29836	2.05009
29837	2.05022
29838	2.05034
29839	2.05046
29840	2.05059
29841	2.05071
29842	2.05084
29843	2.05097
29844	2.05109
29845	2.05122
29846	2.05135
29847	2.05147
29848	2.0516
29849	2.05173
29850	2.05186
29851	2.05199
29852	2.05212
29853	2.05225
29854	2.05238
29855	2.05251
29856	2.05264
29857	2.05277
29858	2.0529
29859	2.05304
29860	2.05317
29861	2.0533
29862	2.05343
29863	2.05356
29864	2.0537
29865	2.05383
29866	2.05396
29867	2.0541
29868	2.05423
29869	2.05436
29870	2.0545
29871	2.05463
29872	2.05476
29873	2.0549
29874	2.05503
29875	2.05517
29876	2.0553
29877	2.05543
29878	2.05557
29879	2.0557
29880	2.05583
29881	2.05597
29882	2.0561
29883	2.05623
29884	2.05637
29885	2.0565
29886	2.05663
29887	2.05677
29888	2.0569
29889	2.05703
29890	2.05716
29891	2.0573
29892	2.05743
29893	2.05756
29894	2.05769
29895	2.05782
29896	2.05795
29897	2.05808
29898	2.05821
29899	2.05834
29900	2.05847
29901	2.0586
29902	2.05873
29903	2.05885
29904	2.05898
29905	2.05911
29906	2.05923
29907	2.05936
29908	2.05948
29909	2.05961
29910	2.05973
29911	2.05985
29912	2.05998
29913	2.0601
29914	2.06022
29915	2.06034
29916	2.06046
29917	2.06058
29918	2.06069
29919	2.06081
29920	2.06093
29921	2.06104
29922	2.06116
29923	2.06127
29924	2.06138
29925	2.06149
29926	2.0616
29927	2.06171
29928	2.06182
29929	2.06193
29930	2.06204
29931	2.06214
29932	2.06225
29933	2.06235
29934	2.06245
29935	2.06255
29936	2.06265
29937	2.06275
29938	2.06285
29939	2.06294
29940	2.06304
29941	2.06313
29942	2.06322
29943	2.06331
29944	2.0634
29945	2.06349
29946	2.06358
29947	2.06366
29948	2.06375
29949	2.06383
29950	2.06391
29951	2.06399
29952	2.06407
29953	2.06414
29954	2.06422
29955	2.06429
29956	2.06436
29957	2.06443
29958	2.0645
29959	2.06456
29960	2.06463
29961	2.06469
29962	2.06475
29963	2.06481
29964	2.06487
29965	2.06492
29966	2.06498
29967	2.06503
29968	2.06508
29969	2.06513
29970	2.06517
29971	2.06522
29972	2.06526
29973	2.0653
29974	2.06534
29975	2.06537
29976	2.06541
29977	2.06544
29978	2.06547
29979	2.0655
29980	2.06552
29981	2.06555
29982	2.06557
29983	2.06559
29984	2.06561
29985	2.06562
29986	2.06563
29987	2.06564
29988	2.06565
29989	2.06566
29990	2.06566
29991	2.06566
29992	2.06566
29993	2.06566
29994	2.06566
29995	2.06565
29996	2.06564
29997	2.06563
29998	2.06561
29999	2.06559
30000	2.06558
30001	2.06555
30002	2.06553
30003	2.0655
30004	2.06547
30005	2.06544
30006	2.06541
30007	2.06537
30008	2.06533
30009	2.06529
30010	2.06525
30011	2.0652
30012	2.06515
30013	2.0651
30014	2.06505
30015	2.06499
30016	2.06493
30017	2.06487
30018	2.06481
30019	2.06474
30020	2.06467
30021	2.0646
30022	2.06452
30023	2.06445
30024	2.06437
30025	2.06429
30026	2.0642
30027	2.06411
30028	2.06402
30029	2.06393
30030	2.06384
30031	2.06374
30032	2.06364
30033	2.06354
30034	2.06343
30035	2.06332
30036	2.06321
30037	2.0631
30038	2.06299
30039	2.06287
30040	2.06275
30041	2.06262
30042	2.0625
30043	2.06237
30044	2.06224
30045	2.06211
30046	2.06197
30047	2.06183
30048	2.06169
30049	2.06155
30050	2.0614
30051	2.06125
30052	2.0611
30053	2.06095
30054	2.06079
30055	2.06064
30056	2.06048
30057	2.06031
30058	2.06015
30059	2.05998
30060	2.05981
30061	2.05964
30062	2.05946
30063	2.05928
30064	2.0591
30065	2.05892
30066	2.05874
30067	2.05855
30068	2.05836
30069	2.05817
30070	2.05798
30071	2.05778
30072	2.05758
30073	2.05738
30074	2.05718
30075	2.05698
30076	2.05677
30077	2.05656
30078	2.05635
30079	2.05614
30080	2.05592
30081	2.05571
30082	2.05549
30083	2.05527
30084	2.05504
30085	2.05482
30086	2.05459
30087	2.05436
30088	2.05413
30089	2.0539
30090	2.05367
30091	2.05343
30092	2.05319
30093	2.05295
30094	2.05271
30095	2.05247
30096	2.05222
30097	2.05198
30098	2.05173
30099	2.05148
30100	2.05123
30101	2.05097
30102	2.05072
30103	2.05046
30104	2.05021
30105	2.04995
30106	2.04969
30107	2.04943
30108	2.04916
30109	2.0489
30110	2.04863
30111	2.04837
30112	2.0481
30113	2.04783
30114	2.04756
30115	2.04729
30116	2.04702
30117	2.04674
30118	2.04647
30119	2.04619
30120	2.04591
30121	2.04564
30122	2.04536
30123	2.04508
30124	2.0448
30125	2.04452
30126	2.04424
30127	2.04395
30128	2.04367
30129	2.04339
30130	2.0431
30131	2.04282
30132	2.04253
30133	2.04224
30134	2.04196
30135	2.04167
30136	2.04138
30137	2.04109
30138	2.0408
30139	2.04051
30140	2.04022
30141	2.03993
30142	2.03965
30143	2.03935
30144	2.03906
30145	2.03877
30146	2.03848
30147	2.03819
30148	2.0379
30149	2.03761
30150	2.03732
30151	2.03703
30152	2.03674
30153	2.03645
30154	2.03616
30155	2.03587
30156	2.03558
30157	2.03529
30158	2.035
30159	2.03471
30160	2.03442
30161	2.03414
30162	2.03385
30163	2.03356
30164	2.03327
30165	2.03299
30166	2.0327
30167	2.03242
30168	2.03213
30169	2.03185
30170	2.03157
30171	2.03129
30172	2.031
30173	2.03072
30174	2.03044
30175	2.03017
30176	2.02989
30177	2.02961
30178	2.02934
30179	2.02906
30180	2.02879
30181	2.02851
30182	2.02824
30183	2.02797
30184	2.0277
30185	2.02743
30186	2.02717
30187	2.0269
30188	2.02664
30189	2.02637
30190	2.02611
30191	2.02585
30192	2.02559
30193	2.02533
30194	2.02508
30195	2.02482
30196	2.02457
30197	2.02432
30198	2.02407
30199	2.02382
30200	2.02357
30201	2.02332
30202	2.02308
30203	2.02284
30204	2.0226
30205	2.02236
30206	2.02212
30207	2.02189
30208	2.02165
30209	2.02142
30210	2.02119
30211	2.02096
30212	2.02074
30213	2.02051
30214	2.02029
30215	2.02007
30216	2.01985
30217	2.01964
30218	2.01942
30219	2.01921
30220	2.019
30221	2.01879
30222	2.01859
30223	2.01838
30224	2.01818
30225	2.01798
30226	2.01778
30227	2.01759
30228	2.0174
30229	2.0172
30230	2.01702
30231	2.01683
30232	2.01665
30233	2.01646
30234	2.01628
30235	2.01611
30236	2.01593
30237	2.01576
30238	2.01559
30239	2.01542
30240	2.01526
30241	2.01509
30242	2.01493
30243	2.01477
30244	2.01462
30245	2.01447
30246	2.01431
30247	2.01417
30248	2.01402
30249	2.01388
30250	2.01373
30251	2.0136
30252	2.01346
30253	2.01333
30254	2.01319
30255	2.01307
30256	2.01294
30257	2.01282
30258	2.01269
30259	2.01258
30260	2.01246
30261	2.01235
30262	2.01223
30263	2.01213
30264	2.01202
30265	2.01192
30266	2.01182
30267	2.01172
30268	2.01162
30269	2.01153
30270	2.01144
30271	2.01135
30272	2.01126
30273	2.01118
30274	2.0111
30275	2.01102
30276	2.01095
30277	2.01087
30278	2.0108
30279	2.01073
30280	2.01067
30281	2.01061
30282	2.01055
30283	2.01049
30284	2.01043
30285	2.01038
30286	2.01033
30287	2.01028
30288	2.01024
30289	2.01019
30290	2.01015
30291	2.01011
30292	2.01008
30293	2.01005
30294	2.01001
30295	2.00999
30296	2.00996
30297	2.00994
30298	2.00992
30299	2.0099
30300	2.00988
30301	2.00987
30302	2.00986
30303	2.00985
30304	2.00984
30305	2.00984
30306	2.00983
30307	2.00983
30308	2.00984
30309	2.00984
30310	2.00985
30311	2.00986
30312	2.00987
30313	2.00988
30314	2.0099
30315	2.00992
30316	2.00994
30317	2.00996
30318	2.00999
30319	2.01001
30320	2.01004
30321	2.01007
30322	2.01011
30323	2.01014
30324	2.01018
30325	2.01022
30326	2.01026
30327	2.0103
30328	2.01035
30329	2.0104
30330	2.01045
30331	2.0105
30332	2.01055
30333	2.01061
30334	2.01066
30335	2.01072
30336	2.01078
30337	2.01085
30338	2.01091
30339	2.01098
30340	2.01105
30341	2.01112
30342	2.01119
30343	2.01126
30344	2.01134
30345	2.01141
30346	2.01149
30347	2.01157
30348	2.01165
30349	2.01174
30350	2.01182
30351	2.01191
30352	2.012
30353	2.01209
30354	2.01218
30355	2.01227
30356	2.01237
30357	2.01246
30358	2.01256
30359	2.01266
30360	2.01276
30361	2.01286
30362	2.01296
30363	2.01307
30364	2.01317
30365	2.01328
30366	2.01339
30367	2.0135
30368	2.01361
30369	2.01372
30370	2.01383
30371	2.01395
30372	2.01406
30373	2.01418
30374	2.0143
30375	2.01441
30376	2.01453
30377	2.01465
30378	2.01478
30379	2.0149
30380	2.01502
30381	2.01515
30382	2.01527
30383	2.0154
30384	2.01553
30385	2.01565
30386	2.01578
30387	2.01591
30388	2.01604
30389	2.01618
30390	2.01631
30391	2.01644
30392	2.01658
30393	2.01671
30394	2.01685
30395	2.01698
30396	2.01712
30397	2.01726
30398	2.01739
30399	2.01753
30400	2.01767
30401	2.01781
30402	2.01795
30403	2.01809
30404	2.01823
30405	2.01837
30406	2.01852
30407	2.01866
30408	2.0188
30409	2.01894
30410	2.01909
30411	2.01923
30412	2.01938
30413	2.01952
30414	2.01967
30415	2.01981
30416	2.01996
30417	2.0201
30418	2.02025
30419	2.02039
30420	2.02054
30421	2.02069
30422	2.02083
30423	2.02098
30424	2.02113
30425	2.02127
30426	2.02142
30427	2.02157
30428	2.02172
30429	2.02186
30430	2.02201
30431	2.02216
30432	2.02231
30433	2.02245
30434	2.0226
30435	2.02275
30436	2.02289
30437	2.02304
30438	2.02319
30439	2.02334
30440	2.02348
30441	2.02363
30442	2.02377
30443	2.02392
30444	2.02407
30445	2.02421
30446	2.02436
30447	2.0245
30448	2.02465
30449	2.02479
30450	2.02494
30451	2.02508
30452	2.02523
30453	2.02537
30454	2.02551
30455	2.02566
30456	2.0258
30457	2.02594
30458	2.02608
30459	2.02622
30460	2.02636
30461	2.0265
30462	2.02664
30463	2.02678
30464	2.02692
30465	2.02706
30466	2.0272
30467	2.02734
30468	2.02748
30469	2.02761
30470	2.02775
30471	2.02788
30472	2.02802
30473	2.02815
30474	2.02829
30475	2.02842
30476	2.02855
30477	2.02869
30478	2.02882
30479	2.02895
30480	2.02908
30481	2.02921
30482	2.02934
30483	2.02947
30484	2.0296
30485	2.02972
30486	2.02985
30487	2.02998
30488	2.0301
30489	2.03022
30490	2.03035
30491	2.03047
30492	2.03059
30493	2.03072
30494	2.03084
30495	2.03096
30496	2.03108
30497	2.0312
30498	2.03131
30499	2.03143
30500	2.03155
30501	2.03166
30502	2.03178
30503	2.03189
30504	2.03201
30505	2.03212
30506	2.03223
30507	2.03234
30508	2.03245
30509	2.03256
30510	2.03267
30511	2.03278
30512	2.03289
30513	2.033
30514	2.0331
30515	2.03321
30516	2.03331
30517	2.03341
30518	2.03352
30519	2.03362
30520	2.03372
30521	2.03382
30522	2.03392
30523	2.03402
30524	2.03411
30525	2.03421
30526	2.03431
30527	2.0344
30528	2.0345
30529	2.03459
30530	2.03468
30531	2.03477
30532	2.03486
30533	2.03495
30534	2.03504
30535	2.03513
30536	2.03522
30537	2.03531
30538	2.03539
30539	2.03548
30540	2.03556
30541	2.03564
30542	2.03573
30543	2.03581
30544	2.03589
30545	2.03597
30546	2.03605
30547	2.03613
30548	2.0362
30549	2.03628
30550	2.03636
30551	2.03643
30552	2.03651
30553	2.03658
30554	2.03665
30555	2.03672
30556	2.03679
30557	2.03686
30558	2.03693
30559	2.037
30560	2.03707
30561	2.03714
30562	2.0372
30563	2.03727
30564	2.03733
30565	2.03739
30566	2.03746
30567	2.03752
30568	2.03758
30569	2.03764
30570	2.0377
30571	2.03776
30572	2.03782
30573	2.03788
30574	2.03793
30575	2.03799
30576	2.03804
30577	2.0381
30578	2.03815
30579	2.0382
30580	2.03826
30581	2.03831
30582	2.03836
30583	2.03841
30584	2.03846
30585	2.03851
30586	2.03855
30587	2.0386
30588	2.03865
30589	2.03869
30590	2.03874
30591	2.03878
30592	2.03882
30593	2.03887
30594	2.03891
30595	2.03895
30596	2.03899
30597	2.03903
30598	2.03907
30599	2.03911
30600	2.03915
30601	2.03919
30602	2.03922
30603	2.03926
30604	2.03929
30605	2.03933
30606	2.03936
30607	2.0394
30608	2.03943
30609	2.03946
30610	2.03949
30611	2.03953
30612	2.03956
30613	2.03959
30614	2.03962
30615	2.03965
30616	2.03967
30617	2.0397
30618	2.03973
30619	2.03976
30620	2.03978
30621	2.03981
30622	2.03983
30623	2.03986
30624	2.03988
30625	2.0399
30626	2.03993
30627	2.03995
30628	2.03997
30629	2.03999
30630	2.04001
30631	2.04004
30632	2.04006
30633	2.04007
30634	2.04009
30635	2.04011
30636	2.04013
30637	2.04015
30638	2.04017
30639	2.04018
30640	2.0402
30641	2.04021
30642	2.04023
30643	2.04025
30644	2.04026
30645	2.04027
30646	2.04029
30647	2.0403
30648	2.04032
30649	2.04033
30650	2.04034
30651	2.04035
30652	2.04036
30653	2.04037
30654	2.04039
30655	2.0404
30656	2.04041
30657	2.04042
30658	2.04043
30659	2.04043
30660	2.04044
30661	2.04045
30662	2.04046
30663	2.04047
30664	2.04048
30665	2.04048
30666	2.04049
30667	2.0405
30668	2.0405
30669	2.04051
30670	2.04051
30671	2.04052
30672	2.04053
30673	2.04053
30674	2.04053
30675	2.04054
30676	2.04054
30677	2.04055
30678	2.04055
30679	2.04055
30680	2.04056
30681	2.04056
30682	2.04056
30683	2.04057
30684	2.04057
30685	2.04057
30686	2.04057
30687	2.04057
30688	2.04058
30689	2.04058
30690	2.04058
30691	2.04058
30692	2.04058
30693	2.04058
30694	2.04058
30695	2.04058
30696	2.04058
30697	2.04058
30698	2.04058
30699	2.04058
30700	2.04058
30701	2.04058
30702	2.04058
30703	2.04058
30704	2.04058
30705	2.04058
30706	2.04058
30707	2.04057
30708	2.04057
30709	2.04057
30710	2.04057
30711	2.04057
30712	2.04057
30713	2.04056
30714	2.04056
30715	2.04056
30716	2.04056
30717	2.04056
30718	2.04055
30719	2.04055
30720	2.04055
30721	2.04055
30722	2.04054
30723	2.04054
30724	2.04054
30725	2.04053
30726	2.04053
30727	2.04053
30728	2.04052
30729	2.04052
30730	2.04052
30731	2.04052
30732	2.04051
30733	2.04051
30734	2.04051
30735	2.0405
30736	2.0405
30737	2.04049
30738	2.04049
30739	2.04049
30740	2.04048
30741	2.04048
30742	2.04048
30743	2.04047
30744	2.04047
30745	2.04047
30746	2.04046
30747	2.04046
30748	2.04045
30749	2.04045
30750	2.04045
30751	2.04044
30752	2.04044
30753	2.04044
30754	2.04043
30755	2.04043
30756	2.04042
30757	2.04042
30758	2.04042
30759	2.04041
30760	2.04041
30761	2.0404
30762	2.0404
30763	2.0404
30764	2.04039
30765	2.04039
30766	2.04038
30767	2.04038
30768	2.04038
30769	2.04037
30770	2.04037
30771	2.04037
30772	2.04036
30773	2.04036
30774	2.04035
30775	2.04035
30776	2.04035
30777	2.04034
30778	2.04034
30779	2.04033
30780	2.04033
30781	2.04033
30782	2.04032
30783	2.04032
30784	2.04031
30785	2.04031
30786	2.04031
30787	2.0403
30788	2.0403
30789	2.04029
30790	2.04029
30791	2.04029
30792	2.04028
30793	2.04028
30794	2.04027
30795	2.04027
30796	2.04027
30797	2.04026
30798	2.04026
30799	2.04025
30800	2.04025
30801	2.04025
30802	2.04024
30803	2.04024
30804	2.04023
30805	2.04023
30806	2.04022
30807	2.04022
30808	2.04022
30809	2.04021
30810	2.04021
30811	2.0402
30812	2.0402
30813	2.04019
30814	2.04019
30815	2.04018
30816	2.04018
30817	2.04017
30818	2.04017
30819	2.04016
30820	2.04016
30821	2.04015
30822	2.04015
30823	2.04014
30824	2.04014
30825	2.04013
30826	2.04013
30827	2.04012
30828	2.04011
30829	2.04011
30830	2.0401
30831	2.0401
30832	2.04009
30833	2.04008
30834	2.04008
30835	2.04007
30836	2.04006
30837	2.04006
30838	2.04005
30839	2.04004
30840	2.04003
30841	2.04003
30842	2.04002
30843	2.04001
30844	2.04
30845	2.03999
30846	2.03999
30847	2.03998
30848	2.03997
30849	2.03996
30850	2.03995
30851	2.03994
30852	2.03993
30853	2.03992
30854	2.03991
30855	2.0399
30856	2.03989
30857	2.03988
30858	2.03987
30859	2.03986
30860	2.03985
30861	2.03984
30862	2.03982
30863	2.03981
30864	2.0398
30865	2.03979
30866	2.03977
30867	2.03976
30868	2.03975
30869	2.03973
30870	2.03972
30871	2.03971
30872	2.03969
30873	2.03968
30874	2.03966
30875	2.03965
30876	2.03963
30877	2.03961
30878	2.0396
30879	2.03958
30880	2.03956
30881	2.03955
30882	2.03953
30883	2.03951
30884	2.03949
30885	2.03947
30886	2.03945
30887	2.03943
30888	2.03941
30889	2.03939
30890	2.03937
30891	2.03935
30892	2.03933
30893	2.0393
30894	2.03928
30895	2.03926
30896	2.03923
30897	2.03921
30898	2.03918
30899	2.03916
30900	2.03913
30901	2.03911
30902	2.03908
30903	2.03905
30904	2.03903
30905	2.039
30906	2.03897
30907	2.03894
30908	2.03891
30909	2.03888
30910	2.03885
30911	2.03882
30912	2.03879
30913	2.03876
30914	2.03872
30915	2.03869
30916	2.03866
30917	2.03862
30918	2.03859
30919	2.03855
30920	2.03851
30921	2.03848
30922	2.03844
30923	2.0384
30924	2.03836
30925	2.03833
30926	2.03829
30927	2.03825
30928	2.0382
30929	2.03816
30930	2.03812
30931	2.03808
30932	2.03803
30933	2.03799
30934	2.03794
30935	2.0379
30936	2.03785
30937	2.03781
30938	2.03776
30939	2.03771
30940	2.03766
30941	2.03761
30942	2.03756
30943	2.03751
30944	2.03746
30945	2.03741
30946	2.03736
30947	2.0373
30948	2.03725
30949	2.03719
30950	2.03714
30951	2.03708
30952	2.03702
30953	2.03697
30954	2.03691
30955	2.03685
30956	2.03679
30957	2.03673
30958	2.03667
30959	2.0366
30960	2.03654
30961	2.03648
30962	2.03641
30963	2.03635
30964	2.03628
30965	2.03622
30966	2.03615
30967	2.03608
30968	2.03601
30969	2.03594
30970	2.03587
30971	2.0358
30972	2.03573
30973	2.03566
30974	2.03559
30975	2.03551
30976	2.03544
30977	2.03536
30978	2.03529
30979	2.03521
30980	2.03513
30981	2.03505
30982	2.03498
30983	2.0349
30984	2.03482
30985	2.03473
30986	2.03465
30987	2.03457
30988	2.03449
30989	2.0344
30990	2.03432
30991	2.03423
30992	2.03415
30993	2.03406
30994	2.03398
30995	2.03389
30996	2.0338
30997	2.03371
30998	2.03362
30999	2.03353
31000	2.03344
31001	2.03335
31002	2.03326
31003	2.03316
31004	2.03307
31005	2.03297
31006	2.03288
31007	2.03278
31008	2.03269
31009	2.03259
31010	2.03249
31011	2.0324
31012	2.0323
31013	2.0322
31014	2.0321
31015	2.032
31016	2.0319
31017	2.0318
31018	2.0317
31019	2.0316
31020	2.03149
31021	2.03139
31022	2.03129
31023	2.03118
31024	2.03108
31025	2.03097
31026	2.03087
31027	2.03076
31028	2.03066
31029	2.03055
31030	2.03045
31031	2.03034
31032	2.03023
31033	2.03012
31034	2.03001
31035	2.02991
31036	2.0298
31037	2.02969
31038	2.02958
31039	2.02947
31040	2.02936
31041	2.02925
31042	2.02914
31043	2.02903
31044	2.02892
31045	2.02881
31046	2.0287
31047	2.02859
31048	2.02847
31049	2.02836
31050	2.02825
31051	2.02814
31052	2.02803
31053	2.02792
31054	2.02781
31055	2.02769
31056	2.02758
31057	2.02747
31058	2.02736
31059	2.02725
31060	2.02714
31061	2.02702
31062	2.02691
31063	2.0268
31064	2.02669
31065	2.02658
31066	2.02647
31067	2.02636
31068	2.02625
31069	2.02614
31070	2.02603
31071	2.02592
31072	2.02581
31073	2.0257
31074	2.02559
31075	2.02548
31076	2.02537
31077	2.02527
31078	2.02516
31079	2.02505
31080	2.02494
31081	2.02484
31082	2.02473
31083	2.02463
31084	2.02452
31085	2.02442
31086	2.02432
31087	2.02421
31088	2.02411
31089	2.02401
31090	2.02391
31091	2.02381
31092	2.02371
31093	2.02361
31094	2.02351
31095	2.02341
31096	2.02332
31097	2.02322
31098	2.02312
31099	2.02303
31100	2.02294
31101	2.02284
31102	2.02275
31103	2.02266
31104	2.02257
31105	2.02248
31106	2.02239
31107	2.02231
31108	2.02222
31109	2.02213
31110	2.02205
31111	2.02197
31112	2.02189
31113	2.0218
31114	2.02172
31115	2.02165
31116	2.02157
31117	2.02149
31118	2.02142
31119	2.02134
31120	2.02127
31121	2.0212
31122	2.02113
31123	2.02106
31124	2.02099
31125	2.02092
31126	2.02086
31127	2.0208
31128	2.02073
31129	2.02067
31130	2.02061
31131	2.02055
31132	2.0205
31133	2.02044
31134	2.02039
31135	2.02034
31136	2.02029
31137	2.02024
31138	2.02019
31139	2.02014
31140	2.0201
31141	2.02006
31142	2.02001
31143	2.01997
31144	2.01994
31145	2.0199
31146	2.01987
31147	2.01983
31148	2.0198
31149	2.01977
31150	2.01974
31151	2.01972
31152	2.01969
31153	2.01967
31154	2.01965
31155	2.01963
31156	2.01961
31157	2.0196
31158	2.01958
31159	2.01957
31160	2.01956
31161	2.01955
31162	2.01955
31163	2.01954
31164	2.01954
31165	2.01954
31166	2.01954
31167	2.01954
31168	2.01955
31169	2.01955
31170	2.01956
31171	2.01957
31172	2.01958
31173	2.0196
31174	2.01962
31175	2.01963
31176	2.01965
31177	2.01968
31178	2.0197
31179	2.01973
31180	2.01976
31181	2.01979
31182	2.01982
31183	2.01985
31184	2.01989
31185	2.01993
31186	2.01997
31187	2.02001
31188	2.02005
31189	2.0201
31190	2.02015
31191	2.0202
31192	2.02025
31193	2.02031
31194	2.02036
31195	2.02042
31196	2.02048
31197	2.02054
31198	2.02061
31199	2.02067
31200	2.02074
31201	2.02081
31202	2.02089
31203	2.02096
31204	2.02104
31205	2.02111
31206	2.02119
31207	2.02128
31208	2.02136
31209	2.02145
31210	2.02154
31211	2.02163
31212	2.02172
31213	2.02181
31214	2.02191
31215	2.022
31216	2.0221
31217	2.02221
31218	2.02231
31219	2.02241
31220	2.02252
31221	2.02263
31222	2.02274
31223	2.02285
31224	2.02297
31225	2.02308
31226	2.0232
31227	2.02332
31228	2.02344
31229	2.02357
31230	2.02369
31231	2.02382
31232	2.02395
31233	2.02408
31234	2.02421
31235	2.02434
31236	2.02448
31237	2.02461
31238	2.02475
31239	2.02489
31240	2.02504
31241	2.02518
31242	2.02532
31243	2.02547
31244	2.02562
31245	2.02577
31246	2.02592
31247	2.02607
31248	2.02622
31249	2.02638
31250	2.02653
31251	2.02669
31252	2.02685
31253	2.02701
31254	2.02717
31255	2.02734
31256	2.0275
31257	2.02767
31258	2.02783
31259	2.028
31260	2.02817
31261	2.02834
31262	2.02851
31263	2.02869
31264	2.02886
31265	2.02904
31266	2.02921
31267	2.02939
31268	2.02957
31269	2.02975
31270	2.02993
31271	2.03011
31272	2.03029
31273	2.03047
31274	2.03066
31275	2.03084
31276	2.03103
31277	2.03121
31278	2.0314
31279	2.03159
31280	2.03178
31281	2.03196
31282	2.03215
31283	2.03234
31284	2.03254
31285	2.03273
31286	2.03292
31287	2.03311
31288	2.03331
31289	2.0335
31290	2.03369
31291	2.03389
31292	2.03408
31293	2.03428
31294	2.03447
31295	2.03467
31296	2.03487
31297	2.03506
31298	2.03526
31299	2.03546
31300	2.03565
31301	2.03585
31302	2.03605
31303	2.03625
31304	2.03644
31305	2.03664
31306	2.03684
31307	2.03704
31308	2.03724
31309	2.03743
31310	2.03763
31311	2.03783
31312	2.03803
31313	2.03823
31314	2.03842
31315	2.03862
31316	2.03882
31317	2.03901
31318	2.03921
31319	2.03941
31320	2.0396
31321	2.0398
31322	2.03999
31323	2.04019
31324	2.04038
31325	2.04057
31326	2.04077
31327	2.04096
31328	2.04115
31329	2.04134
31330	2.04153
31331	2.04173
31332	2.04191
31333	2.0421
31334	2.04229
31335	2.04248
31336	2.04267
31337	2.04285
31338	2.04304
31339	2.04322
31340	2.04341
31341	2.04359
31342	2.04377
31343	2.04396
31344	2.04414
31345	2.04432
31346	2.04449
31347	2.04467
31348	2.04485
31349	2.04502
31350	2.0452
31351	2.04537
31352	2.04555
31353	2.04572
31354	2.04589
31355	2.04606
31356	2.04623
31357	2.04639
31358	2.04656
31359	2.04672
31360	2.04689
31361	2.04705
31362	2.04721
31363	2.04737
31364	2.04753
31365	2.04769
31366	2.04784
31367	2.048
31368	2.04815
31369	2.0483
31370	2.04845
31371	2.0486
31372	2.04875
31373	2.04889
31374	2.04904
31375	2.04918
31376	2.04933
31377	2.04947
31378	2.0496
31379	2.04974
31380	2.04988
31381	2.05001
31382	2.05015
31383	2.05028
31384	2.05041
31385	2.05053
31386	2.05066
31387	2.05079
31388	2.05091
31389	2.05103
31390	2.05115
31391	2.05127
31392	2.05139
31393	2.0515
31394	2.05162
31395	2.05173
31396	2.05184
31397	2.05195
31398	2.05205
31399	2.05216
31400	2.05226
31401	2.05236
31402	2.05246
31403	2.05256
31404	2.05266
31405	2.05275
31406	2.05285
31407	2.05294
31408	2.05303
31409	2.05312
31410	2.0532
31411	2.05329
31412	2.05337
31413	2.05345
31414	2.05353
31415	2.05361
31416	2.05368
31417	2.05376
31418	2.05383
31419	2.0539
31420	2.05397
31421	2.05404
31422	2.0541
31423	2.05417
31424	2.05423
31425	2.05429
31426	2.05435
31427	2.0544
31428	2.05446
31429	2.05451
31430	2.05456
31431	2.05461
31432	2.05466
31433	2.0547
31434	2.05475
31435	2.05479
31436	2.05483
31437	2.05487
31438	2.05491
31439	2.05494
31440	2.05498
31441	2.05501
31442	2.05504
31443	2.05507
31444	2.0551
31445	2.05512
31446	2.05514
31447	2.05517
31448	2.05519
31449	2.05521
31450	2.05522
31451	2.05524
31452	2.05525
31453	2.05526
31454	2.05527
31455	2.05528
31456	2.05529
31457	2.0553
31458	2.0553
31459	2.0553
31460	2.0553
31461	2.0553
31462	2.0553
31463	2.0553
31464	2.05529
31465	2.05529
31466	2.05528
31467	2.05527
31468	2.05526
31469	2.05524
31470	2.05523
31471	2.05521
31472	2.0552
31473	2.05518
31474	2.05516
31475	2.05514
31476	2.05511
31477	2.05509
31478	2.05506
31479	2.05504
31480	2.05501
31481	2.05498
31482	2.05495
31483	2.05492
31484	2.05488
31485	2.05485
31486	2.05481
31487	2.05477
31488	2.05474
31489	2.0547
31490	2.05466
31491	2.05461
31492	2.05457
31493	2.05452
31494	2.05448
31495	2.05443
31496	2.05438
31497	2.05433
31498	2.05428
31499	2.05423
31500	2.05418
31501	2.05413
31502	2.05407
31503	2.05402
31504	2.05396
31505	2.0539
31506	2.05384
31507	2.05378
31508	2.05372
31509	2.05366
31510	2.0536
31511	2.05353
31512	2.05347
31513	2.05341
31514	2.05334
31515	2.05327
31516	2.0532
31517	2.05314
31518	2.05307
31519	2.053
31520	2.05292
31521	2.05285
31522	2.05278
31523	2.05271
31524	2.05263
31525	2.05256
31526	2.05248
31527	2.0524
31528	2.05233
31529	2.05225
31530	2.05217
31531	2.05209
31532	2.05201
31533	2.05193
31534	2.05185
31535	2.05177
31536	2.05169
31537	2.05161
31538	2.05152
31539	2.05144
31540	2.05136
31541	2.05127
31542	2.05119
31543	2.0511
31544	2.05101
31545	2.05093
31546	2.05084
31547	2.05075
31548	2.05067
31549	2.05058
31550	2.05049
31551	2.0504
31552	2.05031
31553	2.05022
31554	2.05013
31555	2.05004
31556	2.04995
31557	2.04986
31558	2.04977
31559	2.04968
31560	2.04959
31561	2.0495
31562	2.04941
31563	2.04932
31564	2.04922
31565	2.04913
31566	2.04904
31567	2.04895
31568	2.04885
31569	2.04876
31570	2.04867
31571	2.04858
31572	2.04848
31573	2.04839
31574	2.0483
31575	2.0482
31576	2.04811
31577	2.04802
31578	2.04792
31579	2.04783
31580	2.04774
31581	2.04764
31582	2.04755
31583	2.04746
31584	2.04736
31585	2.04727
31586	2.04718
31587	2.04709
31588	2.04699
31589	2.0469
31590	2.04681
31591	2.04672
31592	2.04662
31593	2.04653
31594	2.04644
31595	2.04635
31596	2.04626
31597	2.04616
31598	2.04607
31599	2.04598
31600	2.04589
31601	2.0458
31602	2.04571
31603	2.04562
31604	2.04553
31605	2.04544
31606	2.04535
31607	2.04526
31608	2.04517
31609	2.04508
31610	2.045
31611	2.04491
31612	2.04482
31613	2.04473
31614	2.04465
31615	2.04456
31616	2.04447
31617	2.04439
31618	2.0443
31619	2.04422
31620	2.04413
31621	2.04405
31622	2.04396
31623	2.04388
31624	2.04379
31625	2.04371
31626	2.04363
31627	2.04355
31628	2.04346
31629	2.04338
31630	2.0433
31631	2.04322
31632	2.04314
31633	2.04306
31634	2.04298
31635	2.0429
31636	2.04282
31637	2.04275
31638	2.04267
31639	2.04259
31640	2.04251
31641	2.04244
31642	2.04236
31643	2.04229
31644	2.04221
31645	2.04214
31646	2.04206
31647	2.04199
31648	2.04192
31649	2.04185
31650	2.04177
31651	2.0417
31652	2.04163
31653	2.04156
31654	2.04149
31655	2.04142
31656	2.04135
31657	2.04128
31658	2.04122
31659	2.04115
31660	2.04108
31661	2.04102
31662	2.04095
31663	2.04089
31664	2.04082
31665	2.04076
31666	2.04069
31667	2.04063
31668	2.04057
31669	2.04051
31670	2.04044
31671	2.04038
31672	2.04032
31673	2.04026
31674	2.0402
31675	2.04015
31676	2.04009
31677	2.04003
31678	2.03997
31679	2.03992
31680	2.03986
31681	2.0398
31682	2.03975
31683	2.0397
31684	2.03964
31685	2.03959
31686	2.03954
31687	2.03948
31688	2.03943
31689	2.03938
31690	2.03933
31691	2.03928
31692	2.03923
31693	2.03918
31694	2.03913
31695	2.03908
31696	2.03904
31697	2.03899
31698	2.03894
31699	2.0389
31700	2.03885
31701	2.03881
31702	2.03876
31703	2.03872
31704	2.03868
31705	2.03863
31706	2.03859
31707	2.03855
31708	2.03851
31709	2.03847
31710	2.03843
31711	2.03839
31712	2.03835
31713	2.03831
31714	2.03827
31715	2.03823
31716	2.0382
31717	2.03816
31718	2.03812
31719	2.03809
31720	2.03805
31721	2.03802
31722	2.03798
31723	2.03795
31724	2.03792
31725	2.03789
31726	2.03785
31727	2.03782
31728	2.03779
31729	2.03776
31730	2.03773
31731	2.0377
31732	2.03767
31733	2.03764
31734	2.03761
31735	2.03758
31736	2.03756
31737	2.03753
31738	2.0375
31739	2.03747
31740	2.03745
31741	2.03742
31742	2.0374
31743	2.03737
31744	2.03735
31745	2.03733
31746	2.0373
31747	2.03728
31748	2.03726
31749	2.03723
31750	2.03721
31751	2.03719
31752	2.03717
31753	2.03715
31754	2.03713
31755	2.03711
31756	2.03709
31757	2.03707
31758	2.03705
31759	2.03703
31760	2.03702
31761	2.037
31762	2.03698
31763	2.03696
31764	2.03695
31765	2.03693
31766	2.03691
31767	2.0369
31768	2.03688
31769	2.03687
31770	2.03685
31771	2.03684
31772	2.03683
31773	2.03681
31774	2.0368
31775	2.03679
31776	2.03677
31777	2.03676
31778	2.03675
31779	2.03674
31780	2.03673
31781	2.03672
31782	2.0367
31783	2.03669
31784	2.03668
31785	2.03667
31786	2.03666
31787	2.03665
31788	2.03664
31789	2.03664
31790	2.03663
31791	2.03662
31792	2.03661
31793	2.0366
31794	2.0366
31795	2.03659
31796	2.03658
31797	2.03657
31798	2.03657
31799	2.03656
31800	2.03655
31801	2.03655
31802	2.03654
31803	2.03654
31804	2.03653
31805	2.03653
31806	2.03652
31807	2.03652
31808	2.03651
31809	2.03651
31810	2.0365
31811	2.0365
31812	2.0365
31813	2.03649
31814	2.03649
31815	2.03649
31816	2.03648
31817	2.03648
31818	2.03648
31819	2.03647
31820	2.03647
31821	2.03647
31822	2.03647
31823	2.03647
31824	2.03646
31825	2.03646
31826	2.03646
31827	2.03646
31828	2.03646
31829	2.03646
31830	2.03646
31831	2.03646
31832	2.03646
31833	2.03645
31834	2.03645
31835	2.03645
31836	2.03645
31837	2.03645
31838	2.03645
31839	2.03645
31840	2.03646
31841	2.03646
31842	2.03646
31843	2.03646
31844	2.03646
31845	2.03646
31846	2.03646
31847	2.03646
31848	2.03646
31849	2.03646
31850	2.03647
31851	2.03647
31852	2.03647
31853	2.03647
31854	2.03647
31855	2.03647
31856	2.03648
31857	2.03648
31858	2.03648
31859	2.03648
31860	2.03649
31861	2.03649
31862	2.03649
31863	2.03649
31864	2.0365
31865	2.0365
31866	2.0365
31867	2.0365
31868	2.03651
31869	2.03651
31870	2.03651
31871	2.03652
31872	2.03652
31873	2.03652
31874	2.03653
31875	2.03653
31876	2.03653
31877	2.03654
31878	2.03654
31879	2.03654
31880	2.03655
31881	2.03655
31882	2.03656
31883	2.03656
31884	2.03656
31885	2.03657
31886	2.03657
31887	2.03658
31888	2.03658
31889	2.03658
31890	2.03659
31891	2.03659
31892	2.0366
31893	2.0366
31894	2.03661
31895	2.03661
31896	2.03662
31897	2.03662
31898	2.03662
31899	2.03663
31900	2.03663
31901	2.03664
31902	2.03664
31903	2.03665
31904	2.03665
31905	2.03666
31906	2.03667
31907	2.03667
31908	2.03668
31909	2.03668
31910	2.03669
31911	2.03669
31912	2.0367
31913	2.0367
31914	2.03671
31915	2.03672
31916	2.03672
31917	2.03673
31918	2.03673
31919	2.03674
31920	2.03675
31921	2.03675
31922	2.03676
31923	2.03677
31924	2.03677
31925	2.03678
31926	2.03679
31927	2.03679
31928	2.0368
31929	2.03681
31930	2.03681
31931	2.03682
31932	2.03683
31933	2.03684
31934	2.03684
31935	2.03685
31936	2.03686
31937	2.03687
31938	2.03688
31939	2.03688
31940	2.03689
31941	2.0369
31942	2.03691
31943	2.03692
31944	2.03693
31945	2.03693
31946	2.03694
31947	2.03695
31948	2.03696
31949	2.03697
31950	2.03698
31951	2.03699
31952	2.037
31953	2.03701
31954	2.03702
31955	2.03703
31956	2.03704
31957	2.03705
31958	2.03706
31959	2.03707
31960	2.03708
31961	2.03709
31962	2.03711
31963	2.03712
31964	2.03713
31965	2.03714
31966	2.03715
31967	2.03717
31968	2.03718
31969	2.03719
31970	2.0372
31971	2.03722
31972	2.03723
31973	2.03724
31974	2.03726
31975	2.03727
31976	2.03729
31977	2.0373
31978	2.03731
31979	2.03733
31980	2.03734
31981	2.03736
31982	2.03738
31983	2.03739
31984	2.03741
31985	2.03742
31986	2.03744
31987	2.03746
31988	2.03747
31989	2.03749
31990	2.03751
31991	2.03753
31992	2.03755
31993	2.03756
31994	2.03758
31995	2.0376
31996	2.03762
31997	2.03764
31998	2.03766
31999	2.03768
32000	2.0377
32001	2.03772
32002	2.03774
32003	2.03777
32004	2.03779
32005	2.03781
32006	2.03783
32007	2.03786
32008	2.03788
32009	2.0379
32010	2.03793
32011	2.03795
32012	2.03798
32013	2.038
32014	2.03803
32015	2.03805
32016	2.03808
32017	2.03811
32018	2.03813
32019	2.03816
32020	2.03819
32021	2.03822
32022	2.03824
32023	2.03827
32024	2.0383
32025	2.03833
32026	2.03836
32027	2.03839
32028	2.03842
32029	2.03846
32030	2.03849
32031	2.03852
32032	2.03855
32033	2.03859
32034	2.03862
32035	2.03865
32036	2.03869
32037	2.03872
32038	2.03876
32039	2.03879
32040	2.03883
32041	2.03887
32042	2.0389
32043	2.03894
32044	2.03898
32045	2.03902
32046	2.03906
32047	2.0391
32048	2.03914
32049	2.03918
32050	2.03922
32051	2.03926
32052	2.0393
32053	2.03935
32054	2.03939
32055	2.03943
32056	2.03948
32057	2.03952
32058	2.03957
32059	2.03961
32060	2.03966
32061	2.03971
32062	2.03975
32063	2.0398
32064	2.03985
32065	2.0399
32066	2.03995
32067	2.04
32068	2.04005
32069	2.0401
32070	2.04015
32071	2.0402
32072	2.04025
32073	2.04031
32074	2.04036
32075	2.04041
32076	2.04047
32077	2.04052
32078	2.04058
32079	2.04063
32080	2.04069
32081	2.04075
32082	2.04081
32083	2.04086
32084	2.04092
32085	2.04098
32086	2.04104
32087	2.0411
32088	2.04116
32089	2.04122
32090	2.04129
32091	2.04135
32092	2.04141
32093	2.04147
32094	2.04154
32095	2.0416
32096	2.04167
32097	2.04173
32098	2.0418
32099	2.04186
32100	2.04193
32101	2.042
32102	2.04207
32103	2.04214
32104	2.0422
32105	2.04227
32106	2.04234
32107	2.04241
32108	2.04248
32109	2.04256
32110	2.04263
32111	2.0427
32112	2.04277
32113	2.04284
32114	2.04292
32115	2.04299
32116	2.04307
32117	2.04314
32118	2.04322
32119	2.04329
32120	2.04337
32121	2.04344
32122	2.04352
32123	2.0436
32124	2.04368
32125	2.04375
32126	2.04383
32127	2.04391
32128	2.04399
32129	2.04407
32130	2.04415
32131	2.04423
32132	2.04431
32133	2.04439
32134	2.04447
32135	2.04455
32136	2.04464
32137	2.04472
32138	2.0448
32139	2.04488
32140	2.04497
32141	2.04505
32142	2.04513
32143	2.04522
32144	2.0453
32145	2.04538
32146	2.04547
32147	2.04555
32148	2.04564
32149	2.04572
32150	2.04581
32151	2.04589
32152	2.04598
32153	2.04606
32154	2.04615
32155	2.04623
32156	2.04632
32157	2.04641
32158	2.04649
32159	2.04658
32160	2.04666
32161	2.04675
32162	2.04684
32163	2.04692
32164	2.04701
32165	2.0471
32166	2.04718
32167	2.04727
32168	2.04735
32169	2.04744
32170	2.04753
32171	2.04761
32172	2.0477
32173	2.04778
32174	2.04787
32175	2.04796
32176	2.04804
32177	2.04813
32178	2.04821
32179	2.0483
32180	2.04838
32181	2.04847
32182	2.04855
32183	2.04863
32184	2.04872
32185	2.0488
32186	2.04889
32187	2.04897
32188	2.04905
32189	2.04913
32190	2.04922
32191	2.0493
32192	2.04938
32193	2.04946
32194	2.04954
32195	2.04962
32196	2.0497
32197	2.04978
32198	2.04986
32199	2.04994
32200	2.05001
32201	2.05009
32202	2.05017
32203	2.05024
32204	2.05032
32205	2.05039
32206	2.05047
32207	2.05054
32208	2.05062
32209	2.05069
32210	2.05076
32211	2.05083
32212	2.0509
32213	2.05097
32214	2.05104
32215	2.05111
32216	2.05118
32217	2.05124
32218	2.05131
32219	2.05138
32220	2.05144
32221	2.0515
32222	2.05157
32223	2.05163
32224	2.05169
32225	2.05175
32226	2.05181
32227	2.05187
32228	2.05193
32229	2.05198
32230	2.05204
32231	2.05209
32232	2.05215
32233	2.0522
32234	2.05225
32235	2.0523
32236	2.05235
32237	2.0524
32238	2.05245
32239	2.05249
32240	2.05254
32241	2.05258
32242	2.05263
32243	2.05267
32244	2.05271
32245	2.05275
32246	2.05279
32247	2.05283
32248	2.05286
32249	2.0529
32250	2.05293
32251	2.05296
32252	2.05299
32253	2.05302
32254	2.05305
32255	2.05308
32256	2.05311
32257	2.05313
32258	2.05315
32259	2.05317
32260	2.0532
32261	2.05321
32262	2.05323
32263	2.05325
32264	2.05326
32265	2.05328
32266	2.05329
32267	2.0533
32268	2.05331
32269	2.05332
32270	2.05332
32271	2.05333
32272	2.05333
32273	2.05333
32274	2.05333
32275	2.05333
32276	2.05333
32277	2.05333
32278	2.05332
32279	2.05331
32280	2.05331
32281	2.0533
32282	2.05328
32283	2.05327
32284	2.05326
32285	2.05324
32286	2.05322
32287	2.0532
32288	2.05318
32289	2.05316
32290	2.05313
32291	2.05311
32292	2.05308
32293	2.05305
32294	2.05302
32295	2.05299
32296	2.05295
32297	2.05292
32298	2.05288
32299	2.05284
32300	2.0528
32301	2.05276
32302	2.05271
32303	2.05267
32304	2.05262
32305	2.05257
32306	2.05252
32307	2.05247
32308	2.05242
32309	2.05236
32310	2.0523
32311	2.05224
32312	2.05218
32313	2.05212
32314	2.05206
32315	2.05199
32316	2.05193
32317	2.05186
32318	2.05179
32319	2.05172
32320	2.05164
32321	2.05157
32322	2.05149
32323	2.05141
32324	2.05133
32325	2.05125
32326	2.05117
32327	2.05109
32328	2.051
32329	2.05091
32330	2.05082
32331	2.05073
32332	2.05064
32333	2.05055
32334	2.05045
32335	2.05035
32336	2.05026
32337	2.05016
32338	2.05005
32339	2.04995
32340	2.04985
32341	2.04974
32342	2.04963
32343	2.04953
32344	2.04942
32345	2.0493
32346	2.04919
32347	2.04908
32348	2.04896
32349	2.04884
32350	2.04873
32351	2.04861
32352	2.04848
32353	2.04836
32354	2.04824
32355	2.04811
32356	2.04799
32357	2.04786
32358	2.04773
32359	2.0476
32360	2.04747
32361	2.04734
32362	2.0472
32363	2.04707
32364	2.04693
32365	2.04679
32366	2.04666
32367	2.04652
32368	2.04638
32369	2.04623
32370	2.04609
32371	2.04595
32372	2.0458
32373	2.04566
32374	2.04551
32375	2.04536
32376	2.04521
32377	2.04506
32378	2.04491
32379	2.04476
32380	2.04461
32381	2.04445
32382	2.0443
32383	2.04414
32384	2.04399
32385	2.04383
32386	2.04367
32387	2.04352
32388	2.04336
32389	2.0432
32390	2.04304
32391	2.04288
32392	2.04271
32393	2.04255
32394	2.04239
32395	2.04222
32396	2.04206
32397	2.0419
32398	2.04173
32399	2.04156
32400	2.0414
32401	2.04123
32402	2.04106
32403	2.0409
32404	2.04073
32405	2.04056
32406	2.04039
32407	2.04022
32408	2.04005
32409	2.03988
32410	2.03971
32411	2.03954
32412	2.03937
32413	2.0392
32414	2.03903
32415	2.03886
32416	2.03869
32417	2.03852
32418	2.03835
32419	2.03817
32420	2.038
32421	2.03783
32422	2.03766
32423	2.03749
32424	2.03732
32425	2.03715
32426	2.03697
32427	2.0368
32428	2.03663
32429	2.03646
32430	2.03629
32431	2.03612
32432	2.03595
32433	2.03578
32434	2.03561
32435	2.03544
32436	2.03527
32437	2.0351
32438	2.03493
32439	2.03476
32440	2.03459
32441	2.03443
32442	2.03426
32443	2.03409
32444	2.03393
32445	2.03376
32446	2.0336
32447	2.03343
32448	2.03327
32449	2.0331
32450	2.03294
32451	2.03278
32452	2.03261
32453	2.03245
32454	2.03229
32455	2.03213
32456	2.03197
32457	2.03182
32458	2.03166
32459	2.0315
32460	2.03134
32461	2.03119
32462	2.03103
32463	2.03088
32464	2.03073
32465	2.03058
32466	2.03042
32467	2.03027
32468	2.03012
32469	2.02998
32470	2.02983
32471	2.02968
32472	2.02954
32473	2.02939
32474	2.02925
32475	2.02911
32476	2.02896
32477	2.02882
32478	2.02869
32479	2.02855
32480	2.02841
32481	2.02827
32482	2.02814
32483	2.02801
32484	2.02787
32485	2.02774
32486	2.02761
32487	2.02748
32488	2.02736
32489	2.02723
32490	2.0271
32491	2.02698
32492	2.02686
32493	2.02674
32494	2.02662
32495	2.0265
32496	2.02638
32497	2.02626
32498	2.02615
32499	2.02603
32500	2.02592
32501	2.02581
32502	2.0257
32503	2.02559
32504	2.02549
32505	2.02538
32506	2.02528
32507	2.02518
32508	2.02508
32509	2.02498
32510	2.02488
32511	2.02478
32512	2.02469
32513	2.02459
32514	2.0245
32515	2.02441
32516	2.02432
32517	2.02423
32518	2.02415
32519	2.02406
32520	2.02398
32521	2.0239
32522	2.02382
32523	2.02374
32524	2.02366
32525	2.02359
32526	2.02351
32527	2.02344
32528	2.02337
32529	2.0233
32530	2.02323
32531	2.02316
32532	2.0231
32533	2.02304
32534	2.02297
32535	2.02291
32536	2.02286
32537	2.0228
32538	2.02274
32539	2.02269
32540	2.02264
32541	2.02259
32542	2.02254
32543	2.02249
32544	2.02244
32545	2.0224
32546	2.02236
32547	2.02231
32548	2.02227
32549	2.02224
32550	2.0222
32551	2.02216
32552	2.02213
32553	2.0221
32554	2.02207
32555	2.02204
32556	2.02201
32557	2.02198
32558	2.02196
32559	2.02194
32560	2.02192
32561	2.0219
32562	2.02188
32563	2.02186
32564	2.02184
32565	2.02183
32566	2.02182
32567	2.02181
32568	2.0218
32569	2.02179
32570	2.02178
32571	2.02178
32572	2.02177
32573	2.02177
32574	2.02177
32575	2.02177
32576	2.02177
32577	2.02178
32578	2.02178
32579	2.02179
32580	2.02179
32581	2.0218
32582	2.02181
32583	2.02182
32584	2.02184
32585	2.02185
32586	2.02187
32587	2.02188
32588	2.0219
32589	2.02192
32590	2.02194
32591	2.02197
32592	2.02199
32593	2.02201
32594	2.02204
32595	2.02207
32596	2.0221
32597	2.02213
32598	2.02216
32599	2.02219
32600	2.02222
32601	2.02226
32602	2.02229
32603	2.02233
32604	2.02237
32605	2.02241
32606	2.02245
32607	2.02249
32608	2.02253
32609	2.02257
32610	2.02262
32611	2.02266
32612	2.02271
32613	2.02276
32614	2.02281
32615	2.02286
32616	2.02291
32617	2.02296
32618	2.02301
32619	2.02307
32620	2.02312
32621	2.02318
32622	2.02323
32623	2.02329
32624	2.02335
32625	2.02341
32626	2.02347
32627	2.02353
32628	2.02359
32629	2.02366
32630	2.02372
32631	2.02378
32632	2.02385
32633	2.02392
32634	2.02398
32635	2.02405
32636	2.02412
32637	2.02419
32638	2.02426
32639	2.02433
32640	2.0244
32641	2.02447
32642	2.02454
32643	2.02462
32644	2.02469
32645	2.02477
32646	2.02484
32647	2.02492
32648	2.02499
32649	2.02507
32650	2.02515
32651	2.02523
32652	2.0253
32653	2.02538
32654	2.02546
32655	2.02554
32656	2.02562
32657	2.02571
32658	2.02579
32659	2.02587
32660	2.02595
32661	2.02603
32662	2.02612
32663	2.0262
32664	2.02629
32665	2.02637
32666	2.02646
32667	2.02654
32668	2.02663
32669	2.02671
32670	2.0268
32671	2.02689
32672	2.02697
32673	2.02706
32674	2.02715
32675	2.02723
32676	2.02732
32677	2.02741
32678	2.0275
32679	2.02759
32680	2.02768
32681	2.02777
32682	2.02785
32683	2.02794
32684	2.02803
32685	2.02812
32686	2.02821
32687	2.0283
32688	2.02839
32689	2.02848
32690	2.02857
32691	2.02866
32692	2.02875
32693	2.02884
32694	2.02893
32695	2.02902
32696	2.02911
32697	2.0292
32698	2.02929
32699	2.02938
32700	2.02947
32701	2.02956
32702	2.02965
32703	2.02974
32704	2.02983
32705	2.02992
32706	2.03001
32707	2.0301
32708	2.03019
32709	2.03028
32710	2.03037
32711	2.03046
32712	2.03055
32713	2.03064
32714	2.03073
32715	2.03082
32716	2.03091
32717	2.03099
32718	2.03108
32719	2.03117
32720	2.03126
32721	2.03135
32722	2.03143
32723	2.03152
32724	2.03161
32725	2.03169
32726	2.03178
32727	2.03186
32728	2.03195
32729	2.03204
32730	2.03212
32731	2.03221
32732	2.03229
32733	2.03237
32734	2.03246
32735	2.03254
32736	2.03262
32737	2.03271
32738	2.03279
32739	2.03287
32740	2.03295
32741	2.03304
32742	2.03312
32743	2.0332
32744	2.03328
32745	2.03336
32746	2.03344
32747	2.03352
32748	2.03359
32749	2.03367
32750	2.03375
32751	2.03383
32752	2.03391
32753	2.03398
32754	2.03406
32755	2.03413
32756	2.03421
32757	2.03428
32758	2.03436
32759	2.03443
32760	2.03451
32761	2.03458
32762	2.03465
32763	2.03472
32764	2.03479
32765	2.03487
32766	2.03494
32767	2.03501
32768	2.03508
32769	2.03515
32770	2.03521
32771	2.03528
32772	2.03535
32773	2.03542
32774	2.03548
32775	2.03555
32776	2.03562
32777	2.03568
32778	2.03575
32779	2.03581
32780	2.03587
32781	2.03594
32782	2.036
32783	2.03606
32784	2.03612
32785	2.03618
32786	2.03624
32787	2.0363
32788	2.03636
32789	2.03642
32790	2.03648
32791	2.03654
32792	2.03659
32793	2.03665
32794	2.03671
32795	2.03676
32796	2.03682
32797	2.03687
32798	2.03693
32799	2.03698
32800	2.03703
32801	2.03708
32802	2.03714
32803	2.03719
32804	2.03724
32805	2.03729
32806	2.03734
32807	2.03739
32808	2.03743
32809	2.03748
32810	2.03753
32811	2.03758
32812	2.03762
32813	2.03767
32814	2.03771
32815	2.03776
32816	2.0378
32817	2.03784
32818	2.03789
32819	2.03793
32820	2.03797
32821	2.03801
32822	2.03805
32823	2.03809
32824	2.03813
32825	2.03817
32826	2.03821
32827	2.03825
32828	2.03829
32829	2.03832
32830	2.03836
32831	2.0384
32832	2.03843
32833	2.03847
32834	2.0385
32835	2.03853
32836	2.03857
32837	2.0386
32838	2.03863
32839	2.03866
32840	2.03869
32841	2.03873
32842	2.03876
32843	2.03879
32844	2.03881
32845	2.03884
32846	2.03887
32847	2.0389
32848	2.03893
32849	2.03895
32850	2.03898
32851	2.039
32852	2.03903
32853	2.03905
32854	2.03908
32855	2.0391
32856	2.03912
32857	2.03915
32858	2.03917
32859	2.03919
32860	2.03921
32861	2.03923
32862	2.03925
32863	2.03927
32864	2.03929
32865	2.03931
32866	2.03933
32867	2.03935
32868	2.03936
32869	2.03938
32870	2.0394
32871	2.03941
32872	2.03943
32873	2.03944
32874	2.03946
32875	2.03947
32876	2.03949
32877	2.0395
32878	2.03951
32879	2.03953
32880	2.03954
32881	2.03955
32882	2.03956
32883	2.03957
32884	2.03958
32885	2.03959
32886	2.0396
32887	2.03961
32888	2.03962
32889	2.03963
32890	2.03964
32891	2.03964
32892	2.03965
32893	2.03966
32894	2.03966
32895	2.03967
32896	2.03968
32897	2.03968
32898	2.03969
32899	2.03969
32900	2.0397
32901	2.0397
32902	2.0397
32903	2.03971
32904	2.03971
32905	2.03971
32906	2.03971
32907	2.03971
32908	2.03971
32909	2.03972
32910	2.03972
32911	2.03972
32912	2.03972
32913	2.03972
32914	2.03971
32915	2.03971
32916	2.03971
32917	2.03971
32918	2.03971
32919	2.0397
32920	2.0397
32921	2.0397
32922	2.03969
32923	2.03969
32924	2.03969
32925	2.03968
32926	2.03968
32927	2.03967
32928	2.03967
32929	2.03966
32930	2.03965
32931	2.03965
32932	2.03964
32933	2.03963
32934	2.03963
32935	2.03962
32936	2.03961
32937	2.0396
32938	2.03959
32939	2.03958
32940	2.03957
32941	2.03956
32942	2.03955
32943	2.03954
32944	2.03953
32945	2.03952
32946	2.03951
32947	2.0395
32948	2.03949
32949	2.03948
32950	2.03947
32951	2.03945
32952	2.03944
32953	2.03943
32954	2.03941
32955	2.0394
32956	2.03939
32957	2.03937
32958	2.03936
32959	2.03934
32960	2.03933
32961	2.03931
32962	2.0393
32963	2.03928
32964	2.03926
32965	2.03925
32966	2.03923
32967	2.03921
32968	2.0392
32969	2.03918
32970	2.03916
32971	2.03914
32972	2.03913
32973	2.03911
32974	2.03909
32975	2.03907
32976	2.03905
32977	2.03903
32978	2.03901
32979	2.03899
32980	2.03897
32981	2.03895
32982	2.03893
32983	2.03891
32984	2.03888
32985	2.03886
32986	2.03884
32987	2.03882
32988	2.0388
32989	2.03877
32990	2.03875
32991	2.03873
32992	2.0387
32993	2.03868
32994	2.03865
32995	2.03863
32996	2.0386
32997	2.03858
32998	2.03855
32999	2.03853
33000	2.0385
33001	2.03848
33002	2.03845
33003	2.03842
33004	2.0384
33005	2.03837
33006	2.03834
33007	2.03831
33008	2.03828
33009	2.03826
33010	2.03823
33011	2.0382
33012	2.03817
33013	2.03814
33014	2.03811
33015	2.03808
33016	2.03805
33017	2.03802
33018	2.03799
33019	2.03795
33020	2.03792
33021	2.03789
33022	2.03786
33023	2.03783
33024	2.03779
33025	2.03776
33026	2.03773
33027	2.03769
33028	2.03766
33029	2.03762
33030	2.03759
33031	2.03755
33032	2.03752
33033	2.03748
33034	2.03745
33035	2.03741
33036	2.03737
33037	2.03733
33038	2.0373
33039	2.03726
33040	2.03722
33041	2.03718
33042	2.03714
33043	2.03711
33044	2.03707
33045	2.03703
33046	2.03699
33047	2.03695
33048	2.0369
33049	2.03686
33050	2.03682
33051	2.03678
33052	2.03674
33053	2.03669
33054	2.03665
33055	2.03661
33056	2.03656
33057	2.03652
33058	2.03648
33059	2.03643
33060	2.03639
33061	2.03634
33062	2.03629
33063	2.03625
33064	2.0362
33065	2.03615
33066	2.03611
33067	2.03606
33068	2.03601
33069	2.03596
33070	2.03591
33071	2.03586
33072	2.03581
33073	2.03576
33074	2.03571
33075	2.03566
33076	2.03561
33077	2.03556
33078	2.03551
33079	2.03546
33080	2.0354
33081	2.03535
33082	2.0353
33083	2.03524
33084	2.03519
33085	2.03513
33086	2.03508
33087	2.03502
33088	2.03496
33089	2.03491
33090	2.03485
33091	2.03479
33092	2.03474
33093	2.03468
33094	2.03462
33095	2.03456
33096	2.0345
33097	2.03444
33098	2.03438
33099	2.03432
33100	2.03426
33101	2.0342
33102	2.03413
33103	2.03407
33104	2.03401
33105	2.03394
33106	2.03388
33107	2.03382
33108	2.03375
33109	2.03369
33110	2.03362
33111	2.03356
33112	2.03349
33113	2.03342
33114	2.03336
33115	2.03329
33116	2.03322
33117	2.03315
33118	2.03308
33119	2.03301
33120	2.03294
33121	2.03287
33122	2.0328
33123	2.03273
33124	2.03266
33125	2.03259
33126	2.03252
33127	2.03244
33128	2.03237
33129	2.0323
33130	2.03222
33131	2.03215
33132	2.03207
33133	2.032
33134	2.03192
33135	2.03185
33136	2.03177
33137	2.03169
33138	2.03162
33139	2.03154
33140	2.03146
33141	2.03138
33142	2.0313
33143	2.03122
33144	2.03114
33145	2.03106
33146	2.03098
33147	2.0309
33148	2.03082
33149	2.03074
33150	2.03066
33151	2.03058
33152	2.03049
33153	2.03041
33154	2.03033
33155	2.03024
33156	2.03016
33157	2.03007
33158	2.02999
33159	2.0299
33160	2.02982
33161	2.02973
33162	2.02965
33163	2.02956
33164	2.02947
33165	2.02939
33166	2.0293
33167	2.02921
33168	2.02912
33169	2.02904
33170	2.02895
33171	2.02886
33172	2.02877
33173	2.02868
33174	2.02859
33175	2.0285
33176	2.02841
33177	2.02832
33178	2.02823
33179	2.02814
33180	2.02805
33181	2.02796
33182	2.02786
33183	2.02777
33184	2.02768
33185	2.02759
33186	2.0275
33187	2.0274
33188	2.02731
33189	2.02722
33190	2.02713
33191	2.02703
33192	2.02694
33193	2.02685
33194	2.02675
33195	2.02666
33196	2.02656
33197	2.02647
33198	2.02638
33199	2.02628
33200	2.02619
33201	2.02609
33202	2.026
33203	2.02591
33204	2.02581
33205	2.02572
33206	2.02562
33207	2.02553
33208	2.02543
33209	2.02534
33210	2.02525
33211	2.02515
33212	2.02506
33213	2.02496
33214	2.02487
33215	2.02477
33216	2.02468
33217	2.02459
33218	2.02449
33219	2.0244
33220	2.0243
33221	2.02421
33222	2.02412
33223	2.02403
33224	2.02393
33225	2.02384
33226	2.02375
33227	2.02365
33228	2.02356
33229	2.02347
33230	2.02338
33231	2.02329
33232	2.0232
33233	2.0231
33234	2.02301
33235	2.02292
33236	2.02283
33237	2.02274
33238	2.02265
33239	2.02257
33240	2.02248
33241	2.02239
33242	2.0223
33243	2.02221
33244	2.02213
33245	2.02204
33246	2.02195
33247	2.02187
33248	2.02178
33249	2.0217
33250	2.02161
33251	2.02153
33252	2.02145
33253	2.02136
33254	2.02128
33255	2.0212
33256	2.02112
33257	2.02104
33258	2.02096
33259	2.02088
33260	2.0208
33261	2.02072
33262	2.02064
33263	2.02057
33264	2.02049
33265	2.02042
33266	2.02034
33267	2.02027
33268	2.0202
33269	2.02012
33270	2.02005
33271	2.01998
33272	2.01991
33273	2.01984
33274	2.01977
33275	2.0197
33276	2.01964
33277	2.01957
33278	2.01951
33279	2.01944
33280	2.01938
33281	2.01932
33282	2.01926
33283	2.0192
33284	2.01914
33285	2.01908
33286	2.01902
33287	2.01896
33288	2.01891
33289	2.01885
33290	2.0188
33291	2.01875
33292	2.0187
33293	2.01865
33294	2.0186
33295	2.01855
33296	2.0185
33297	2.01846
33298	2.01841
33299	2.01837
33300	2.01833
33301	2.01829
33302	2.01825
33303	2.01821
33304	2.01817
33305	2.01813
33306	2.0181
33307	2.01806
33308	2.01803
33309	2.018
33310	2.01797
33311	2.01794
33312	2.01791
33313	2.01789
33314	2.01786
33315	2.01784
33316	2.01782
33317	2.0178
33318	2.01778
33319	2.01776
33320	2.01774
33321	2.01773
33322	2.01772
33323	2.0177
33324	2.01769
33325	2.01768
33326	2.01768
33327	2.01767
33328	2.01767
33329	2.01766
33330	2.01766
33331	2.01766
33332	2.01766
33333	2.01766
33334	2.01767
33335	2.01767
33336	2.01768
33337	2.01769
33338	2.0177
33339	2.01771
33340	2.01773
33341	2.01774
33342	2.01776
33343	2.01778
33344	2.0178
33345	2.01782
33346	2.01784
33347	2.01787
33348	2.0179
33349	2.01792
33350	2.01795
33351	2.01799
33352	2.01802
33353	2.01805
33354	2.01809
33355	2.01813
33356	2.01817
33357	2.01821
33358	2.01825
33359	2.0183
33360	2.01835
33361	2.01839
33362	2.01844
33363	2.0185
33364	2.01855
33365	2.0186
33366	2.01866
33367	2.01872
33368	2.01878
33369	2.01884
33370	2.01891
33371	2.01897
33372	2.01904
33373	2.01911
33374	2.01918
33375	2.01925
33376	2.01932
33377	2.0194
33378	2.01948
33379	2.01956
33380	2.01964
33381	2.01972
33382	2.01981
33383	2.01989
33384	2.01998
33385	2.02007
33386	2.02016
33387	2.02025
33388	2.02035
33389	2.02044
33390	2.02054
33391	2.02064
33392	2.02074
33393	2.02084
33394	2.02095
33395	2.02105
33396	2.02116
33397	2.02127
33398	2.02138
33399	2.0215
33400	2.02161
33401	2.02173
33402	2.02184
33403	2.02196
33404	2.02208
33405	2.0222
33406	2.02233
33407	2.02245
33408	2.02258
33409	2.02271
33410	2.02284
33411	2.02297
33412	2.0231
33413	2.02324
33414	2.02338
33415	2.02351
33416	2.02365
33417	2.02379
33418	2.02393
33419	2.02408
33420	2.02422
33421	2.02437
33422	2.02452
33423	2.02467
33424	2.02482
33425	2.02497
33426	2.02512
33427	2.02528
33428	2.02543
33429	2.02559
33430	2.02575
33431	2.02591
33432	2.02607
33433	2.02623
33434	2.0264
33435	2.02656
33436	2.02673
33437	2.02689
33438	2.02706
33439	2.02723
33440	2.0274
33441	2.02757
33442	2.02775
33443	2.02792
33444	2.0281
33445	2.02827
33446	2.02845
33447	2.02863
33448	2.02881
33449	2.02899
33450	2.02917
33451	2.02935
33452	2.02954
33453	2.02972
33454	2.02991
33455	2.03009
33456	2.03028
33457	2.03047
33458	2.03066
33459	2.03085
33460	2.03104
33461	2.03123
33462	2.03142
33463	2.03161
33464	2.0318
33465	2.032
33466	2.03219
33467	2.03239
33468	2.03258
33469	2.03278
33470	2.03298
33471	2.03318
33472	2.03337
33473	2.03357
33474	2.03377
33475	2.03397
33476	2.03417
33477	2.03437
33478	2.03457
33479	2.03478
33480	2.03498
33481	2.03518
33482	2.03538
33483	2.03559
33484	2.03579
33485	2.03599
33486	2.0362
33487	2.0364
33488	2.03661
33489	2.03681
33490	2.03702
33491	2.03722
33492	2.03743
33493	2.03763
33494	2.03784
33495	2.03804
33496	2.03825
33497	2.03845
33498	2.03866
33499	2.03886
33500	2.03907
33501	2.03927
33502	2.03948
33503	2.03968
33504	2.03989
33505	2.04009
33506	2.0403
33507	2.0405
33508	2.04071
33509	2.04091
33510	2.04111
33511	2.04132
33512	2.04152
33513	2.04172
33514	2.04192
33515	2.04213
33516	2.04233
33517	2.04253
33518	2.04273
33519	2.04293
33520	2.04313
33521	2.04333
33522	2.04353
33523	2.04372
33524	2.04392
33525	2.04412
33526	2.04432
33527	2.04451
33528	2.04471
33529	2.0449
33530	2.04509
33531	2.04529
33532	2.04548
33533	2.04567
33534	2.04586
33535	2.04605
33536	2.04624
33537	2.04643
33538	2.04662
33539	2.0468
33540	2.04699
33541	2.04717
33542	2.04736
33543	2.04754
33544	2.04772
33545	2.04791
33546	2.04809
33547	2.04826
33548	2.04844
33549	2.04862
33550	2.0488
33551	2.04897
33552	2.04914
33553	2.04932
33554	2.04949
33555	2.04966
33556	2.04983
33557	2.05
33558	2.05016
33559	2.05033
33560	2.05049
33561	2.05066
33562	2.05082
33563	2.05098
33564	2.05114
33565	2.0513
33566	2.05145
33567	2.05161
33568	2.05176
33569	2.05192
33570	2.05207
33571	2.05222
33572	2.05237
33573	2.05251
33574	2.05266
33575	2.0528
33576	2.05295
33577	2.05309
33578	2.05323
33579	2.05337
33580	2.0535
33581	2.05364
33582	2.05377
33583	2.05391
33584	2.05404
33585	2.05417
33586	2.05429
33587	2.05442
33588	2.05455
33589	2.05467
33590	2.05479
33591	2.05491
33592	2.05503
33593	2.05515
33594	2.05526
33595	2.05537
33596	2.05549
33597	2.0556
33598	2.05571
33599	2.05581
33600	2.05592
33601	2.05602
33602	2.05612
33603	2.05622
33604	2.05632
33605	2.05642
33606	2.05652
33607	2.05661
33608	2.0567
33609	2.05679
33610	2.05688
33611	2.05697
33612	2.05705
33613	2.05713
33614	2.05722
33615	2.0573
33616	2.05737
33617	2.05745
33618	2.05753
33619	2.0576
33620	2.05767
33621	2.05774
33622	2.05781
33623	2.05787
33624	2.05794
33625	2.058
33626	2.05806
33627	2.05812
33628	2.05818
33629	2.05823
33630	2.05829
33631	2.05834
33632	2.05839
33633	2.05844
33634	2.05849
33635	2.05853
33636	2.05857
33637	2.05862
33638	2.05866
33639	2.05869
33640	2.05873
33641	2.05877
33642	2.0588
33643	2.05883
33644	2.05886
33645	2.05889
33646	2.05891
33647	2.05894
33648	2.05896
33649	2.05898
33650	2.059
33651	2.05902
33652	2.05904
33653	2.05905
33654	2.05907
33655	2.05908
33656	2.05909
33657	2.05909
33658	2.0591
33659	2.05911
33660	2.05911
33661	2.05911
33662	2.05911
33663	2.05911
33664	2.05911
33665	2.0591
33666	2.0591
33667	2.05909
33668	2.05908
33669	2.05907
33670	2.05905
33671	2.05904
33672	2.05903
33673	2.05901
33674	2.05899
33675	2.05897
33676	2.05895
33677	2.05893
33678	2.0589
33679	2.05888
33680	2.05885
33681	2.05882
33682	2.05879
33683	2.05876
33684	2.05873
33685	2.05869
33686	2.05866
33687	2.05862
33688	2.05858
33689	2.05854
33690	2.0585
33691	2.05846
33692	2.05841
33693	2.05837
33694	2.05832
33695	2.05828
33696	2.05823
33697	2.05818
33698	2.05813
33699	2.05807
33700	2.05802
33701	2.05796
33702	2.05791
33703	2.05785
33704	2.05779
33705	2.05773
33706	2.05767
33707	2.05761
33708	2.05755
33709	2.05749
33710	2.05742
33711	2.05735
33712	2.05729
33713	2.05722
33714	2.05715
33715	2.05708
33716	2.05701
33717	2.05694
33718	2.05686
33719	2.05679
33720	2.05671
33721	2.05664
33722	2.05656
33723	2.05648
33724	2.05641
33725	2.05633
33726	2.05625
33727	2.05616
33728	2.05608
33729	2.056
33730	2.05592
33731	2.05583
33732	2.05575
33733	2.05566
33734	2.05557
33735	2.05549
33736	2.0554
33737	2.05531
33738	2.05522
33739	2.05513
33740	2.05504
33741	2.05495
33742	2.05485
33743	2.05476
33744	2.05467
33745	2.05457
33746	2.05448
33747	2.05438
33748	2.05429
33749	2.05419
33750	2.0541
33751	2.054
33752	2.0539
33753	2.0538
33754	2.0537
33755	2.0536
33756	2.0535
33757	2.0534
33758	2.0533
33759	2.0532
33760	2.0531
33761	2.053
33762	2.0529
33763	2.05279
33764	2.05269
33765	2.05259
33766	2.05249
33767	2.05238
33768	2.05228
33769	2.05217
33770	2.05207
33771	2.05196
33772	2.05186
33773	2.05175
33774	2.05165
33775	2.05154
33776	2.05144
33777	2.05133
33778	2.05122
33779	2.05112
33780	2.05101
33781	2.05091
33782	2.0508
33783	2.05069
33784	2.05059
33785	2.05048
33786	2.05037
33787	2.05026
33788	2.05016
33789	2.05005
33790	2.04994
33791	2.04984
33792	2.04973
33793	2.04962
33794	2.04951
33795	2.04941
33796	2.0493
33797	2.04919
33798	2.04909
33799	2.04898
33800	2.04887
33801	2.04877
33802	2.04866
33803	2.04855
33804	2.04845
33805	2.04834
33806	2.04823
33807	2.04813
33808	2.04802
33809	2.04792
33810	2.04781
33811	2.04771
33812	2.0476
33813	2.0475
33814	2.04739
33815	2.04729
33816	2.04718
33817	2.04708
33818	2.04698
33819	2.04687
33820	2.04677
33821	2.04667
33822	2.04657
33823	2.04646
33824	2.04636
33825	2.04626
33826	2.04616
33827	2.04606
33828	2.04596
33829	2.04586
33830	2.04576
33831	2.04566
33832	2.04556
33833	2.04546
33834	2.04536
33835	2.04526
33836	2.04517
33837	2.04507
33838	2.04497
33839	2.04488
33840	2.04478
33841	2.04468
33842	2.04459
33843	2.04449
33844	2.0444
33845	2.04431
33846	2.04421
33847	2.04412
33848	2.04403
33849	2.04394
33850	2.04384
33851	2.04375
33852	2.04366
33853	2.04357
33854	2.04348
33855	2.04339
33856	2.04331
33857	2.04322
33858	2.04313
33859	2.04304
33860	2.04296
33861	2.04287
33862	2.04278
33863	2.0427
33864	2.04262
33865	2.04253
33866	2.04245
33867	2.04237
33868	2.04228
33869	2.0422
33870	2.04212
33871	2.04204
33872	2.04196
33873	2.04188
33874	2.0418
33875	2.04172
33876	2.04164
33877	2.04157
33878	2.04149
33879	2.04141
33880	2.04134
33881	2.04126
33882	2.04119
33883	2.04111
33884	2.04104
33885	2.04097
33886	2.0409
33887	2.04082
33888	2.04075
33889	2.04068
33890	2.04061
33891	2.04054
33892	2.04048
33893	2.04041
33894	2.04034
33895	2.04027
33896	2.04021
33897	2.04014
33898	2.04008
33899	2.04001
33900	2.03995
33901	2.03988
33902	2.03982
33903	2.03976
33904	2.0397
33905	2.03964
33906	2.03958
33907	2.03952
33908	2.03946
33909	2.0394
33910	2.03934
33911	2.03928
33912	2.03922
33913	2.03917
33914	2.03911
33915	2.03906
33916	2.039
33917	2.03895
33918	2.03889
33919	2.03884
33920	2.03879
33921	2.03874
33922	2.03869
33923	2.03864
33924	2.03859
33925	2.03854
33926	2.03849
33927	2.03844
33928	2.03839
33929	2.03834
33930	2.0383
33931	2.03825
33932	2.0382
33933	2.03816
33934	2.03811
33935	2.03807
33936	2.03803
33937	2.03798
33938	2.03794
33939	2.0379
33940	2.03786
33941	2.03782
33942	2.03778
33943	2.03774
33944	2.0377
33945	2.03766
33946	2.03762
33947	2.03758
33948	2.03755
33949	2.03751
33950	2.03747
33951	2.03744
33952	2.0374
33953	2.03737
33954	2.03733
33955	2.0373
33956	2.03727
33957	2.03723
33958	2.0372
33959	2.03717
33960	2.03714
33961	2.03711
33962	2.03708
33963	2.03705
33964	2.03702
33965	2.03699
33966	2.03696
33967	2.03693
33968	2.03691
33969	2.03688
33970	2.03685
33971	2.03682
33972	2.0368
33973	2.03677
33974	2.03675
33975	2.03672
33976	2.0367
33977	2.03668
33978	2.03665
33979	2.03663
33980	2.03661
33981	2.03658
33982	2.03656
33983	2.03654
33984	2.03652
33985	2.0365
33986	2.03648
33987	2.03646
33988	2.03644
33989	2.03642
33990	2.0364
33991	2.03638
33992	2.03637
33993	2.03635
33994	2.03633
33995	2.03631
33996	2.0363
33997	2.03628
33998	2.03627
33999	2.03625
34000	2.03623
34001	2.03622
34002	2.0362
34003	2.03619
34004	2.03618
34005	2.03616
34006	2.03615
34007	2.03614
34008	2.03612
34009	2.03611
34010	2.0361
34011	2.03609
34012	2.03607
34013	2.03606
34014	2.03605
34015	2.03604
34016	2.03603
34017	2.03602
34018	2.03601
34019	2.036
34020	2.03599
34021	2.03598
34022	2.03597
34023	2.03596
34024	2.03596
34025	2.03595
34026	2.03594
34027	2.03593
34028	2.03592
34029	2.03592
34030	2.03591
34031	2.0359
34032	2.0359
34033	2.03589
34034	2.03588
34035	2.03588
34036	2.03587
34037	2.03587
34038	2.03586
34039	2.03585
34040	2.03585
34041	2.03584
34042	2.03584
34043	2.03584
34044	2.03583
34045	2.03583
34046	2.03582
34047	2.03582
34048	2.03582
34049	2.03581
34050	2.03581
34051	2.0358
34052	2.0358
34053	2.0358
34054	2.0358
34055	2.03579
34056	2.03579
34057	2.03579
34058	2.03579
34059	2.03578
34060	2.03578
34061	2.03578
34062	2.03578
34063	2.03578
34064	2.03578
34065	2.03577
34066	2.03577
34067	2.03577
34068	2.03577
34069	2.03577
34070	2.03577
34071	2.03577
34072	2.03577
34073	2.03577
34074	2.03577
34075	2.03577
34076	2.03577
34077	2.03577
34078	2.03577
34079	2.03577
34080	2.03577
34081	2.03577
34082	2.03577
34083	2.03577
34084	2.03577
34085	2.03577
34086	2.03577
34087	2.03577
34088	2.03577
34089	2.03577
34090	2.03577
34091	2.03577
34092	2.03578
34093	2.03578
34094	2.03578
34095	2.03578
34096	2.03578
34097	2.03578
34098	2.03578
34099	2.03578
34100	2.03579
34101	2.03579
34102	2.03579
34103	2.03579
34104	2.03579
34105	2.0358
34106	2.0358
34107	2.0358
34108	2.0358
34109	2.0358
34110	2.03581
34111	2.03581
34112	2.03581
34113	2.03581
34114	2.03582
34115	2.03582
34116	2.03582
34117	2.03582
34118	2.03583
34119	2.03583
34120	2.03583
34121	2.03583
34122	2.03584
34123	2.03584
34124	2.03584
34125	2.03585
34126	2.03585
34127	2.03585
34128	2.03586
34129	2.03586
34130	2.03586
34131	2.03587
34132	2.03587
34133	2.03587
34134	2.03588
34135	2.03588
34136	2.03588
34137	2.03589
34138	2.03589
34139	2.0359
34140	2.0359
34141	2.0359
34142	2.03591
34143	2.03591
34144	2.03592
34145	2.03592
34146	2.03592
34147	2.03593
34148	2.03593
34149	2.03594
34150	2.03594
34151	2.03595
34152	2.03595
34153	2.03596
34154	2.03596
34155	2.03597
34156	2.03597
34157	2.03598
34158	2.03598
34159	2.03599
34160	2.03599
34161	2.036
34162	2.03601
34163	2.03601
34164	2.03602
34165	2.03602
34166	2.03603
34167	2.03604
34168	2.03604
34169	2.03605
34170	2.03606
34171	2.03606
34172	2.03607
34173	2.03608
34174	2.03608
34175	2.03609
34176	2.0361
34177	2.03611
34178	2.03611
34179	2.03612
34180	2.03613
34181	2.03614
34182	2.03615
34183	2.03615
34184	2.03616
34185	2.03617
34186	2.03618
34187	2.03619
34188	2.0362
34189	2.03621
34190	2.03622
34191	2.03623
34192	2.03624
34193	2.03625
34194	2.03626
34195	2.03627
34196	2.03628
34197	2.03629
34198	2.0363
34199	2.03631
34200	2.03632
34201	2.03634
34202	2.03635
34203	2.03636
34204	2.03637
34205	2.03638
34206	2.0364
34207	2.03641
34208	2.03642
34209	2.03644
34210	2.03645
34211	2.03646
34212	2.03648
34213	2.03649
34214	2.03651
34215	2.03652
34216	2.03654
34217	2.03655
34218	2.03657
34219	2.03659
34220	2.0366
34221	2.03662
34222	2.03664
34223	2.03665
34224	2.03667
34225	2.03669
34226	2.03671
34227	2.03673
34228	2.03675
34229	2.03676
34230	2.03678
34231	2.0368
34232	2.03682
34233	2.03684
34234	2.03686
34235	2.03689
34236	2.03691
34237	2.03693
34238	2.03695
34239	2.03697
34240	2.037
34241	2.03702
34242	2.03704
34243	2.03707
34244	2.03709
34245	2.03712
34246	2.03714
34247	2.03717
34248	2.03719
34249	2.03722
34250	2.03725
34251	2.03727
34252	2.0373
34253	2.03733
34254	2.03736
34255	2.03738
34256	2.03741
34257	2.03744
34258	2.03747
34259	2.0375
34260	2.03753
34261	2.03757
34262	2.0376
34263	2.03763
34264	2.03766
34265	2.03769
34266	2.03773
34267	2.03776
34268	2.0378
34269	2.03783
34270	2.03787
34271	2.0379
34272	2.03794
34273	2.03797
34274	2.03801
34275	2.03805
34276	2.03809
34277	2.03812
34278	2.03816
34279	2.0382
34280	2.03824
34281	2.03828
34282	2.03832
34283	2.03836
34284	2.03841
34285	2.03845
34286	2.03849
34287	2.03853
34288	2.03858
34289	2.03862
34290	2.03867
34291	2.03871
34292	2.03876
34293	2.0388
34294	2.03885
34295	2.0389
34296	2.03895
34297	2.03899
34298	2.03904
34299	2.03909
34300	2.03914
34301	2.03919
34302	2.03924
34303	2.03929
34304	2.03934
34305	2.0394
34306	2.03945
34307	2.0395
34308	2.03956
34309	2.03961
34310	2.03967
34311	2.03972
34312	2.03978
34313	2.03983
34314	2.03989
34315	2.03995
34316	2.04
34317	2.04006
34318	2.04012
34319	2.04018
34320	2.04024
34321	2.0403
34322	2.04036
34323	2.04042
34324	2.04048
34325	2.04055
34326	2.04061
34327	2.04067
34328	2.04073
34329	2.0408
34330	2.04086
34331	2.04093
34332	2.04099
34333	2.04106
34334	2.04112
34335	2.04119
34336	2.04126
34337	2.04133
34338	2.04139
34339	2.04146
34340	2.04153
34341	2.0416
34342	2.04167
34343	2.04174
34344	2.04181
34345	2.04188
34346	2.04195
34347	2.04202
34348	2.0421
34349	2.04217
34350	2.04224
34351	2.04232
34352	2.04239
34353	2.04246
34354	2.04254
34355	2.04261
34356	2.04269
34357	2.04276
34358	2.04284
34359	2.04291
34360	2.04299
34361	2.04307
34362	2.04314
34363	2.04322
34364	2.0433
34365	2.04338
34366	2.04345
34367	2.04353
34368	2.04361
34369	2.04369
34370	2.04377
34371	2.04385
34372	2.04393
34373	2.04401
34374	2.04409
34375	2.04417
34376	2.04425
34377	2.04433
34378	2.04441
34379	2.04449
34380	2.04457
34381	2.04465
34382	2.04473
34383	2.04481
34384	2.0449
34385	2.04498
34386	2.04506
34387	2.04514
34388	2.04522
34389	2.0453
34390	2.04539
34391	2.04547
34392	2.04555
34393	2.04563
34394	2.04571
34395	2.0458
34396	2.04588
34397	2.04596
34398	2.04604
34399	2.04612
34400	2.04621
34401	2.04629
34402	2.04637
34403	2.04645
34404	2.04653
34405	2.04661
34406	2.04669
34407	2.04678
34408	2.04686
34409	2.04694
34410	2.04702
34411	2.0471
34412	2.04718
34413	2.04726
34414	2.04734
34415	2.04742
34416	2.0475
34417	2.04757
34418	2.04765
34419	2.04773
34420	2.04781
34421	2.04789
34422	2.04796
34423	2.04804
34424	2.04812
34425	2.04819
34426	2.04827
34427	2.04835
34428	2.04842
34429	2.0485
34430	2.04857
34431	2.04864
34432	2.04872
34433	2.04879
34434	2.04886
34435	2.04893
34436	2.04901
34437	2.04908
34438	2.04915
34439	2.04922
34440	2.04928
34441	2.04935
34442	2.04942
34443	2.04949
34444	2.04956
34445	2.04962
34446	2.04969
34447	2.04975
34448	2.04982
34449	2.04988
34450	2.04994
34451	2.05
34452	2.05006
34453	2.05012
34454	2.05018
34455	2.05024
34456	2.0503
34457	2.05036
34458	2.05041
34459	2.05047
34460	2.05052
34461	2.05058
34462	2.05063
34463	2.05068
34464	2.05074
34465	2.05079
34466	2.05084
34467	2.05088
34468	2.05093
34469	2.05098
34470	2.05102
34471	2.05107
34472	2.05111
34473	2.05116
34474	2.0512
34475	2.05124
34476	2.05128
34477	2.05132
34478	2.05135
34479	2.05139
34480	2.05143
34481	2.05146
34482	2.05149
34483	2.05153
34484	2.05156
34485	2.05159
34486	2.05162
34487	2.05164
34488	2.05167
34489	2.0517
34490	2.05172
34491	2.05174
34492	2.05177
34493	2.05179
34494	2.05181
34495	2.05182
34496	2.05184
34497	2.05186
34498	2.05187
34499	2.05188
34500	2.0519
34501	2.05191
34502	2.05192
34503	2.05193
34504	2.05193
34505	2.05194
34506	2.05194
34507	2.05195
34508	2.05195
34509	2.05195
34510	2.05195
34511	2.05194
34512	2.05194
34513	2.05194
34514	2.05193
34515	2.05192
34516	2.05191
34517	2.0519
34518	2.05189
34519	2.05188
34520	2.05186
34521	2.05185
34522	2.05183
34523	2.05181
34524	2.05179
34525	2.05177
34526	2.05175
34527	2.05172
34528	2.0517
34529	2.05167
34530	2.05164
34531	2.05161
34532	2.05158
34533	2.05155
34534	2.05151
34535	2.05148
34536	2.05144
34537	2.0514
34538	2.05136
34539	2.05132
34540	2.05128
34541	2.05124
34542	2.05119
34543	2.05115
34544	2.0511
34545	2.05105
34546	2.051
34547	2.05095
34548	2.05089
34549	2.05084
34550	2.05078
34551	2.05072
34552	2.05066
34553	2.0506
34554	2.05054
34555	2.05048
34556	2.05041
34557	2.05035
34558	2.05028
34559	2.05021
34560	2.05014
34561	2.05007
34562	2.05
34563	2.04992
34564	2.04985
34565	2.04977
34566	2.04969
34567	2.04961
34568	2.04953
34569	2.04945
34570	2.04937
34571	2.04928
34572	2.0492
34573	2.04911
34574	2.04902
34575	2.04893
34576	2.04884
34577	2.04875
34578	2.04866
34579	2.04856
34580	2.04847
34581	2.04837
34582	2.04827
34583	2.04818
34584	2.04808
34585	2.04797
34586	2.04787
34587	2.04777
34588	2.04766
34589	2.04756
34590	2.04745
34591	2.04734
34592	2.04724
34593	2.04713
34594	2.04701
34595	2.0469
34596	2.04679
34597	2.04668
34598	2.04656
34599	2.04644
34600	2.04633
34601	2.04621
34602	2.04609
34603	2.04597
34604	2.04585
34605	2.04573
34606	2.04561
34607	2.04548
34608	2.04536
34609	2.04523
34610	2.04511
34611	2.04498
34612	2.04486
34613	2.04473
34614	2.0446
34615	2.04447
34616	2.04434
34617	2.04421
34618	2.04408
34619	2.04394
34620	2.04381
34621	2.04368
34622	2.04354
34623	2.04341
34624	2.04327
34625	2.04314
34626	2.043
34627	2.04286
34628	2.04272
34629	2.04259
34630	2.04245
34631	2.04231
34632	2.04217
34633	2.04203
34634	2.04189
34635	2.04175
34636	2.04161
34637	2.04146
34638	2.04132
34639	2.04118
34640	2.04104
34641	2.04089
34642	2.04075
34643	2.04061
34644	2.04046
34645	2.04032
34646	2.04018
34647	2.04003
34648	2.03989
34649	2.03974
34650	2.0396
34651	2.03945
34652	2.03931
34653	2.03916
34654	2.03902
34655	2.03887
34656	2.03872
34657	2.03858
34658	2.03843
34659	2.03829
34660	2.03814
34661	2.038
34662	2.03785
34663	2.03771
34664	2.03756
34665	2.03742
34666	2.03727
34667	2.03713
34668	2.03698
34669	2.03684
34670	2.03669
34671	2.03655
34672	2.03641
34673	2.03626
34674	2.03612
34675	2.03598
34676	2.03584
34677	2.03569
34678	2.03555
34679	2.03541
34680	2.03527
34681	2.03513
34682	2.03499
34683	2.03485
34684	2.03471
34685	2.03457
34686	2.03443
34687	2.03429
34688	2.03416
34689	2.03402
34690	2.03388
34691	2.03375
34692	2.03361
34693	2.03348
34694	2.03334
34695	2.03321
34696	2.03307
34697	2.03294
34698	2.03281
34699	2.03268
34700	2.03255
34701	2.03242
34702	2.03229
34703	2.03216
34704	2.03204
34705	2.03191
34706	2.03178
34707	2.03166
34708	2.03153
34709	2.03141
34710	2.03129
34711	2.03116
34712	2.03104
34713	2.03092
34714	2.0308
34715	2.03069
34716	2.03057
34717	2.03045
34718	2.03034
34719	2.03022
34720	2.03011
34721	2.02999
34722	2.02988
34723	2.02977
34724	2.02966
34725	2.02955
34726	2.02944
34727	2.02934
34728	2.02923
34729	2.02912
34730	2.02902
34731	2.02892
34732	2.02882
34733	2.02871
34734	2.02862
34735	2.02852
34736	2.02842
34737	2.02832
34738	2.02823
34739	2.02813
34740	2.02804
34741	2.02795
34742	2.02786
34743	2.02777
34744	2.02768
34745	2.02759
34746	2.0275
34747	2.02742
34748	2.02733
34749	2.02725
34750	2.02717
34751	2.02709
34752	2.02701
34753	2.02693
34754	2.02685
34755	2.02678
34756	2.0267
34757	2.02663
34758	2.02656
34759	2.02649
34760	2.02642
34761	2.02635
34762	2.02628
34763	2.02622
34764	2.02615
34765	2.02609
34766	2.02602
34767	2.02596
34768	2.0259
34769	2.02584
34770	2.02579
34771	2.02573
34772	2.02568
34773	2.02562
34774	2.02557
34775	2.02552
34776	2.02547
34777	2.02542
34778	2.02537
34779	2.02533
34780	2.02528
34781	2.02524
34782	2.0252
34783	2.02515
34784	2.02511
34785	2.02508
34786	2.02504
34787	2.025
34788	2.02497
34789	2.02493
34790	2.0249
34791	2.02487
34792	2.02484
34793	2.02481
34794	2.02478
34795	2.02476
34796	2.02473
34797	2.02471
34798	2.02469
34799	2.02466
34800	2.02464
34801	2.02462
34802	2.02461
34803	2.02459
34804	2.02457
34805	2.02456
34806	2.02455
34807	2.02453
34808	2.02452
34809	2.02451
34810	2.02451
34811	2.0245
34812	2.02449
34813	2.02449
34814	2.02448
34815	2.02448
34816	2.02448
34817	2.02448
34818	2.02448
34819	2.02448
34820	2.02448
34821	2.02449
34822	2.02449
34823	2.0245
34824	2.02451
34825	2.02451
34826	2.02452
34827	2.02453
34828	2.02454
34829	2.02456
34830	2.02457
34831	2.02458
34832	2.0246
34833	2.02462
34834	2.02463
34835	2.02465
34836	2.02467
34837	2.02469
34838	2.02471
34839	2.02474
34840	2.02476
34841	2.02478
34842	2.02481
34843	2.02484
34844	2.02486
34845	2.02489
34846	2.02492
34847	2.02495
34848	2.02498
34849	2.02501
34850	2.02504
34851	2.02508
34852	2.02511
34853	2.02514
34854	2.02518
34855	2.02522
34856	2.02525
34857	2.02529
34858	2.02533
34859	2.02537
34860	2.02541
34861	2.02545
34862	2.02549
34863	2.02554
34864	2.02558
34865	2.02562
34866	2.02567
34867	2.02571
34868	2.02576
34869	2.02581
34870	2.02586
34871	2.0259
34872	2.02595
34873	2.026
34874	2.02605
34875	2.0261
34876	2.02615
34877	2.02621
34878	2.02626
34879	2.02631
34880	2.02637
34881	2.02642
34882	2.02647
34883	2.02653
34884	2.02659
34885	2.02664
34886	2.0267
34887	2.02676
34888	2.02681
34889	2.02687
34890	2.02693
34891	2.02699
34892	2.02705
34893	2.02711
34894	2.02717
34895	2.02723
34896	2.02729
34897	2.02735
34898	2.02742
34899	2.02748
34900	2.02754
34901	2.02761
34902	2.02767
34903	2.02773
34904	2.0278
34905	2.02786
34906	2.02793
34907	2.02799
34908	2.02806
34909	2.02812
34910	2.02819
34911	2.02826
34912	2.02832
34913	2.02839
34914	2.02846
34915	2.02852
34916	2.02859
34917	2.02866
34918	2.02873
34919	2.02879
34920	2.02886
34921	2.02893
34922	2.029
34923	2.02907
34924	2.02914
34925	2.02921
34926	2.02928
34927	2.02934
34928	2.02941
34929	2.02948
34930	2.02955
34931	2.02962
34932	2.02969
34933	2.02976
34934	2.02983
34935	2.0299
34936	2.02997
34937	2.03004
34938	2.03011
34939	2.03018
34940	2.03025
34941	2.03032
34942	2.03039
34943	2.03046
34944	2.03053
34945	2.0306
34946	2.03067
34947	2.03074
34948	2.03081
34949	2.03088
34950	2.03095
34951	2.03102
34952	2.03109
34953	2.03116
34954	2.03123
34955	2.03129
34956	2.03136
34957	2.03143
34958	2.0315
34959	2.03157
34960	2.03164
34961	2.03171
34962	2.03177
34963	2.03184
34964	2.03191
34965	2.03198
34966	2.03205
34967	2.03211
34968	2.03218
34969	2.03225
34970	2.03231
34971	2.03238
34972	2.03245
34973	2.03251
34974	2.03258
34975	2.03265
34976	2.03271
34977	2.03278
34978	2.03284
34979	2.03291
34980	2.03297
34981	2.03303
34982	2.0331
34983	2.03316
34984	2.03323
34985	2.03329
34986	2.03335
34987	2.03342
34988	2.03348
34989	2.03354
34990	2.0336
34991	2.03366
34992	2.03372
34993	2.03379
34994	2.03385
34995	2.03391
34996	2.03397
34997	2.03403
34998	2.03409
34999	2.03414
35000	2.0342
35001	2.03426
35002	2.03432
35003	2.03438
35004	2.03443
35005	2.03449
35006	2.03455
35007	2.0346
35008	2.03466
35009	2.03472
35010	2.03477
35011	2.03483
35012	2.03488
35013	2.03494
35014	2.03499
35015	2.03504
35016	2.0351
35017	2.03515
35018	2.0352
35019	2.03525
35020	2.0353
35021	2.03536
35022	2.03541
35023	2.03546
35024	2.03551
35025	2.03556
35026	2.03561
35027	2.03566
35028	2.0357
35029	2.03575
35030	2.0358
35031	2.03585
35032	2.0359
35033	2.03594
35034	2.03599
35035	2.03603
35036	2.03608
35037	2.03612
35038	2.03617
35039	2.03621
35040	2.03626
35041	2.0363
35042	2.03634
35043	2.03639
35044	2.03643
35045	2.03647
35046	2.03651
35047	2.03655
35048	2.03659
35049	2.03664
35050	2.03668
35051	2.03671
35052	2.03675
35053	2.03679
35054	2.03683
35055	2.03687
35056	2.03691
35057	2.03694
35058	2.03698
35059	2.03702
35060	2.03705
35061	2.03709
35062	2.03712
35063	2.03716
35064	2.03719
35065	2.03723
35066	2.03726
35067	2.0373
35068	2.03733
35069	2.03736
35070	2.03739
35071	2.03742
35072	2.03746
35073	2.03749
35074	2.03752
35075	2.03755
35076	2.03758
35077	2.03761
35078	2.03764
35079	2.03767
35080	2.03769
35081	2.03772
35082	2.03775
35083	2.03778
35084	2.03781
35085	2.03783
35086	2.03786
35087	2.03788
35088	2.03791
35089	2.03794
35090	2.03796
35091	2.03798
35092	2.03801
35093	2.03803
35094	2.03806
35095	2.03808
35096	2.0381
35097	2.03813
35098	2.03815
35099	2.03817
35100	2.03819
35101	2.03821
35102	2.03823
35103	2.03825
35104	2.03827
35105	2.03829
35106	2.03831
35107	2.03833
35108	2.03835
35109	2.03837
35110	2.03839
35111	2.03841
35112	2.03842
35113	2.03844
35114	2.03846
35115	2.03848
35116	2.03849
35117	2.03851
35118	2.03853
35119	2.03854
35120	2.03856
35121	2.03857
35122	2.03859
35123	2.0386
35124	2.03862
35125	2.03863
35126	2.03864
35127	2.03866
35128	2.03867
35129	2.03868
35130	2.0387
35131	2.03871
35132	2.03872
35133	2.03873
35134	2.03874
35135	2.03876
35136	2.03877
35137	2.03878
35138	2.03879
35139	2.0388
35140	2.03881
35141	2.03882
35142	2.03883
35143	2.03884
35144	2.03885
35145	2.03886
35146	2.03887
35147	2.03888
35148	2.03888
35149	2.03889
35150	2.0389
35151	2.03891
35152	2.03892
35153	2.03892
35154	2.03893
35155	2.03894
35156	2.03894
35157	2.03895
35158	2.03896
35159	2.03896
35160	2.03897
35161	2.03898
35162	2.03898
35163	2.03899
35164	2.03899
35165	2.039
35166	2.039
35167	2.03901
35168	2.03901
35169	2.03902
35170	2.03902
35171	2.03902
35172	2.03903
35173	2.03903
35174	2.03904
35175	2.03904
35176	2.03904
35177	2.03905
35178	2.03905
35179	2.03905
35180	2.03905
35181	2.03906
35182	2.03906
35183	2.03906
35184	2.03906
35185	2.03907
35186	2.03907
35187	2.03907
35188	2.03907
35189	2.03907
35190	2.03907
35191	2.03908
35192	2.03908
35193	2.03908
35194	2.03908
35195	2.03908
35196	2.03908
35197	2.03908
35198	2.03908
35199	2.03908
35200	2.03908
35201	2.03908
35202	2.03908
35203	2.03908
35204	2.03908
35205	2.03908
35206	2.03908
35207	2.03908
35208	2.03908
35209	2.03908
35210	2.03908
35211	2.03907
35212	2.03907
35213	2.03907
35214	2.03907
35215	2.03907
35216	2.03907
35217	2.03907
35218	2.03906
35219	2.03906
35220	2.03906
35221	2.03906
35222	2.03906
35223	2.03905
35224	2.03905
35225	2.03905
35226	2.03905
35227	2.03904
35228	2.03904
35229	2.03904
35230	2.03903
35231	2.03903
35232	2.03903
35233	2.03903
35234	2.03902
35235	2.03902
35236	2.03902
35237	2.03901
35238	2.03901
35239	2.039
35240	2.039
35241	2.039
35242	2.03899
35243	2.03899
35244	2.03898
35245	2.03898
35246	2.03898
35247	2.03897
35248	2.03897
35249	2.03896
35250	2.03896
35251	2.03895
35252	2.03895
35253	2.03894
35254	2.03894
35255	2.03893
35256	2.03893
35257	2.03892
35258	2.03892
35259	2.03891
35260	2.03891
35261	2.0389
35262	2.03889
35263	2.03889
35264	2.03888
35265	2.03888
35266	2.03887
35267	2.03886
35268	2.03886
35269	2.03885
35270	2.03884
35271	2.03884
35272	2.03883
35273	2.03882
35274	2.03882
35275	2.03881
35276	2.0388
35277	2.03879
35278	2.03879
35279	2.03878
35280	2.03877
35281	2.03876
35282	2.03875
35283	2.03875
35284	2.03874
35285	2.03873
35286	2.03872
35287	2.03871
35288	2.0387
35289	2.0387
35290	2.03869
35291	2.03868
35292	2.03867
35293	2.03866
35294	2.03865
35295	2.03864
35296	2.03863
35297	2.03862
35298	2.03861
35299	2.0386
35300	2.03859
35301	2.03858
35302	2.03857
35303	2.03856
35304	2.03855
35305	2.03853
35306	2.03852
35307	2.03851
35308	2.0385
35309	2.03849
35310	2.03848
35311	2.03846
35312	2.03845
35313	2.03844
35314	2.03843
35315	2.03841
35316	2.0384
35317	2.03839
35318	2.03837
35319	2.03836
35320	2.03835
35321	2.03833
35322	2.03832
35323	2.0383
35324	2.03829
35325	2.03827
35326	2.03826
35327	2.03824
35328	2.03823
35329	2.03821
35330	2.0382
35331	2.03818
35332	2.03816
35333	2.03815
35334	2.03813
35335	2.03811
35336	2.0381
35337	2.03808
35338	2.03806
35339	2.03804
35340	2.03802
35341	2.03801
35342	2.03799
35343	2.03797
35344	2.03795
35345	2.03793
35346	2.03791
35347	2.03789
35348	2.03787
35349	2.03785
35350	2.03783
35351	2.03781
35352	2.03779
35353	2.03776
35354	2.03774
35355	2.03772
35356	2.0377
35357	2.03768
35358	2.03765
35359	2.03763
35360	2.03761
35361	2.03758
35362	2.03756
35363	2.03753
35364	2.03751
35365	2.03748
35366	2.03746
35367	2.03743
35368	2.03741
35369	2.03738
35370	2.03735
35371	2.03733
35372	2.0373
35373	2.03727
35374	2.03724
35375	2.03722
35376	2.03719
35377	2.03716
35378	2.03713
35379	2.0371
35380	2.03707
35381	2.03704
35382	2.03701
35383	2.03698
35384	2.03695
35385	2.03692
35386	2.03688
35387	2.03685
35388	2.03682
35389	2.03679
35390	2.03675
35391	2.03672
35392	2.03669
35393	2.03665
35394	2.03662
35395	2.03658
35396	2.03655
35397	2.03651
35398	2.03647
35399	2.03644
35400	2.0364
35401	2.03636
35402	2.03633
35403	2.03629
35404	2.03625
35405	2.03621
35406	2.03617
35407	2.03613
35408	2.03609
35409	2.03605
35410	2.03601
35411	2.03597
35412	2.03593
35413	2.03589
35414	2.03585
35415	2.0358
35416	2.03576
35417	2.03572
35418	2.03568
35419	2.03563
35420	2.03559
35421	2.03554
35422	2.0355
35423	2.03545
35424	2.03541
35425	2.03536
35426	2.03532
35427	2.03527
35428	2.03522
35429	2.03517
35430	2.03513
35431	2.03508
35432	2.03503
35433	2.03498
35434	2.03493
35435	2.03488
35436	2.03483
35437	2.03478
35438	2.03473
35439	2.03468
35440	2.03463
35441	2.03458
35442	2.03453
35443	2.03448
35444	2.03442
35445	2.03437
35446	2.03432
35447	2.03426
35448	2.03421
35449	2.03416
35450	2.0341
35451	2.03405
35452	2.03399
35453	2.03394
35454	2.03388
35455	2.03382
35456	2.03377
35457	2.03371
35458	2.03366
35459	2.0336
35460	2.03354
35461	2.03348
35462	2.03343
35463	2.03337
35464	2.03331
35465	2.03325
35466	2.03319
35467	2.03313
35468	2.03307
35469	2.03301
35470	2.03295
35471	2.03289
35472	2.03283
35473	2.03277
35474	2.03271
35475	2.03265
35476	2.03259
35477	2.03253
35478	2.03247
35479	2.03241
35480	2.03234
35481	2.03228
35482	2.03222
35483	2.03216
35484	2.03209
35485	2.03203
35486	2.03197
35487	2.03191
35488	2.03184
35489	2.03178
35490	2.03172
35491	2.03165
35492	2.03159
35493	2.03153
35494	2.03146
35495	2.0314
35496	2.03134
35497	2.03127
35498	2.03121
35499	2.03115
35500	2.03108
35501	2.03102
35502	2.03095
35503	2.03089
35504	2.03083
35505	2.03076
35506	2.0307
35507	2.03063
35508	2.03057
35509	2.03051
35510	2.03044
35511	2.03038
35512	2.03032
35513	2.03025
35514	2.03019
35515	2.03013
35516	2.03006
35517	2.03
35518	2.02994
35519	2.02987
35520	2.02981
35521	2.02975
35522	2.02969
35523	2.02962
35524	2.02956
35525	2.0295
35526	2.02944
35527	2.02938
35528	2.02932
35529	2.02926
35530	2.02919
35531	2.02913
35532	2.02907
35533	2.02901
35534	2.02895
35535	2.0289
35536	2.02884
35537	2.02878
35538	2.02872
35539	2.02866
35540	2.0286
35541	2.02855
35542	2.02849
35543	2.02843
35544	2.02838
35545	2.02832
35546	2.02826
35547	2.02821
35548	2.02815
35549	2.0281
35550	2.02805
35551	2.02799
35552	2.02794
35553	2.02789
35554	2.02784
35555	2.02779
35556	2.02773
35557	2.02768
35558	2.02763
35559	2.02758
35560	2.02754
35561	2.02749
35562	2.02744
35563	2.02739
35564	2.02735
35565	2.0273
35566	2.02726
35567	2.02721
35568	2.02717
35569	2.02712
35570	2.02708
35571	2.02704
35572	2.027
35573	2.02696
35574	2.02692
35575	2.02688
35576	2.02684
35577	2.0268
35578	2.02677
35579	2.02673
35580	2.02669
35581	2.02666
35582	2.02662
35583	2.02659
35584	2.02656
35585	2.02653
35586	2.0265
35587	2.02647
35588	2.02644
35589	2.02641
35590	2.02638
35591	2.02636
35592	2.02633
35593	2.0263
35594	2.02628
35595	2.02626
35596	2.02624
35597	2.02621
35598	2.02619
35599	2.02617
35600	2.02616
35601	2.02614
35602	2.02612
35603	2.02611
35604	2.02609
35605	2.02608
35606	2.02606
35607	2.02605
35608	2.02604
35609	2.02603
35610	2.02602
35611	2.02602
35612	2.02601
35613	2.026
35614	2.026
35615	2.02599
35616	2.02599
35617	2.02599
35618	2.02599
35619	2.02599
35620	2.02599
35621	2.02599
35622	2.026
35623	2.026
35624	2.02601
35625	2.02602
35626	2.02602
35627	2.02603
35628	2.02604
35629	2.02605
35630	2.02607
35631	2.02608
35632	2.0261
35633	2.02611
35634	2.02613
35635	2.02615
35636	2.02617
35637	2.02619
35638	2.02621
35639	2.02623
35640	2.02625
35641	2.02628
35642	2.02631
35643	2.02633
35644	2.02636
35645	2.02639
35646	2.02642
35647	2.02645
35648	2.02649
35649	2.02652
35650	2.02656
35651	2.02659
35652	2.02663
35653	2.02667
35654	2.02671
35655	2.02675
35656	2.02679
35657	2.02683
35658	2.02688
35659	2.02693
35660	2.02697
35661	2.02702
35662	2.02707
35663	2.02712
35664	2.02717
35665	2.02722
35666	2.02728
35667	2.02733
35668	2.02739
35669	2.02744
35670	2.0275
35671	2.02756
35672	2.02762
35673	2.02768
35674	2.02775
35675	2.02781
35676	2.02788
35677	2.02794
35678	2.02801
35679	2.02808
35680	2.02815
35681	2.02822
35682	2.02829
35683	2.02836
35684	2.02843
35685	2.02851
35686	2.02858
35687	2.02866
35688	2.02874
35689	2.02882
35690	2.0289
35691	2.02898
35692	2.02906
35693	2.02914
35694	2.02923
35695	2.02931
35696	2.0294
35697	2.02948
35698	2.02957
35699	2.02966
35700	2.02975
35701	2.02984
35702	2.02993
35703	2.03002
35704	2.03012
35705	2.03021
35706	2.03031
35707	2.0304
35708	2.0305
35709	2.0306
35710	2.03069
35711	2.03079
35712	2.03089
35713	2.03099
35714	2.0311
35715	2.0312
35716	2.0313
35717	2.03141
35718	2.03151
35719	2.03162
35720	2.03172
35721	2.03183
35722	2.03194
35723	2.03205
35724	2.03216
35725	2.03227
35726	2.03238
35727	2.03249
35728	2.0326
35729	2.03271
35730	2.03282
35731	2.03294
35732	2.03305
35733	2.03317
35734	2.03328
35735	2.0334
35736	2.03351
35737	2.03363
35738	2.03375
35739	2.03387
35740	2.03399
35741	2.0341
35742	2.03422
35743	2.03434
35744	2.03446
35745	2.03458
35746	2.03471
35747	2.03483
35748	2.03495
35749	2.03507
35750	2.03519
35751	2.03532
35752	2.03544
35753	2.03556
35754	2.03569
35755	2.03581
35756	2.03593
35757	2.03606
35758	2.03618
35759	2.03631
35760	2.03643
35761	2.03656
35762	2.03668
35763	2.03681
35764	2.03693
35765	2.03706
35766	2.03719
35767	2.03731
35768	2.03744
35769	2.03756
35770	2.03769
35771	2.03782
35772	2.03794
35773	2.03807
35774	2.0382
35775	2.03832
35776	2.03845
35777	2.03857
35778	2.0387
35779	2.03883
35780	2.03895
35781	2.03908
35782	2.0392
35783	2.03933
35784	2.03945
35785	2.03958
35786	2.0397
35787	2.03983
35788	2.03995
35789	2.04008
35790	2.0402
35791	2.04032
35792	2.04045
35793	2.04057
35794	2.04069
35795	2.04082
35796	2.04094
35797	2.04106
35798	2.04118
35799	2.0413
35800	2.04142
35801	2.04154
35802	2.04166
35803	2.04178
35804	2.0419
35805	2.04202
35806	2.04214
35807	2.04226
35808	2.04237
35809	2.04249
35810	2.0426
35811	2.04272
35812	2.04284
35813	2.04295
35814	2.04306
35815	2.04318
35816	2.04329
35817	2.0434
35818	2.04351
35819	2.04362
35820	2.04373
35821	2.04384
35822	2.04395
35823	2.04406
35824	2.04417
35825	2.04427
35826	2.04438
35827	2.04448
35828	2.04459
35829	2.04469
35830	2.04479
35831	2.0449
35832	2.045
35833	2.0451
35834	2.0452
35835	2.0453
35836	2.0454
35837	2.04549
35838	2.04559
35839	2.04568
35840	2.04578
35841	2.04587
35842	2.04597
35843	2.04606
35844	2.04615
35845	2.04624
35846	2.04633
35847	2.04642
35848	2.04651
35849	2.04659
35850	2.04668
35851	2.04676
35852	2.04685
35853	2.04693
35854	2.04701
35855	2.04709
35856	2.04717
35857	2.04725
35858	2.04733
35859	2.04741
35860	2.04748
35861	2.04756
35862	2.04763
35863	2.0477
35864	2.04778
35865	2.04785
35866	2.04792
35867	2.04798
35868	2.04805
35869	2.04812
35870	2.04818
35871	2.04825
35872	2.04831
35873	2.04837
35874	2.04844
35875	2.0485
35876	2.04855
35877	2.04861
35878	2.04867
35879	2.04873
35880	2.04878
35881	2.04883
35882	2.04889
35883	2.04894
35884	2.04899
35885	2.04904
35886	2.04909
35887	2.04913
35888	2.04918
35889	2.04922
35890	2.04927
35891	2.04931
35892	2.04935
35893	2.04939
35894	2.04943
35895	2.04947
35896	2.04951
35897	2.04954
35898	2.04958
35899	2.04961
35900	2.04964
35901	2.04967
35902	2.0497
35903	2.04973
35904	2.04976
35905	2.04979
35906	2.04981
35907	2.04984
35908	2.04986
35909	2.04989
35910	2.04991
35911	2.04993
35912	2.04995
35913	2.04996
35914	2.04998
35915	2.05
35916	2.05001
35917	2.05003
35918	2.05004
35919	2.05005
35920	2.05006
35921	2.05007
35922	2.05008
35923	2.05009
35924	2.05009
35925	2.0501
35926	2.0501
35927	2.05011
35928	2.05011
35929	2.05011
35930	2.05011
35931	2.05011
35932	2.05011
35933	2.0501
35934	2.0501
35935	2.0501
35936	2.05009
35937	2.05008
35938	2.05008
35939	2.05007
35940	2.05006
35941	2.05005
35942	2.05003
35943	2.05002
35944	2.05001
35945	2.04999
35946	2.04998
35947	2.04996
35948	2.04994
35949	2.04993
35950	2.04991
35951	2.04989
35952	2.04987
35953	2.04984
35954	2.04982
35955	2.0498
35956	2.04977
35957	2.04975
35958	2.04972
35959	2.04969
35960	2.04967
35961	2.04964
35962	2.04961
35963	2.04958
35964	2.04955
35965	2.04951
35966	2.04948
35967	2.04945
35968	2.04941
35969	2.04938
35970	2.04934
35971	2.04931
35972	2.04927
35973	2.04923
35974	2.04919
35975	2.04915
35976	2.04911
35977	2.04907
35978	2.04903
35979	2.04899
35980	2.04894
35981	2.0489
35982	2.04886
35983	2.04881
35984	2.04877
35985	2.04872
35986	2.04867
35987	2.04863
35988	2.04858
35989	2.04853
35990	2.04848
35991	2.04843
35992	2.04838
35993	2.04833
35994	2.04828
35995	2.04823
35996	2.04817
35997	2.04812
35998	2.04807
35999	2.04801
36000	2.04796
36001	2.0479
36002	2.04785
36003	2.04779
36004	2.04773
36005	2.04768
36006	2.04762
36007	2.04756
36008	2.0475
36009	2.04745
36010	2.04739
36011	2.04733
36012	2.04727
36013	2.04721
36014	2.04715
36015	2.04709
36016	2.04703
36017	2.04696
36018	2.0469
36019	2.04684
36020	2.04678
36021	2.04672
36022	2.04665
36023	2.04659
36024	2.04653
36025	2.04646
36026	2.0464
36027	2.04633
36028	2.04627
36029	2.0462
36030	2.04614
36031	2.04607
36032	2.04601
36033	2.04594
36034	2.04588
36035	2.04581
36036	2.04574
36037	2.04568
36038	2.04561
36039	2.04555
36040	2.04548
36041	2.04541
36042	2.04534
36043	2.04528
36044	2.04521
36045	2.04514
36046	2.04508
36047	2.04501
36048	2.04494
36049	2.04487
36050	2.04481
36051	2.04474
36052	2.04467
36053	2.0446
36054	2.04454
36055	2.04447
36056	2.0444
36057	2.04433
36058	2.04426
36059	2.0442
36060	2.04413
36061	2.04406
36062	2.04399
36063	2.04393
36064	2.04386
36065	2.04379
36066	2.04372
36067	2.04366
36068	2.04359
36069	2.04352
36070	2.04345
36071	2.04339
36072	2.04332
36073	2.04325
36074	2.04319
36075	2.04312
36076	2.04305
36077	2.04299
36078	2.04292
36079	2.04286
36080	2.04279
36081	2.04272
36082	2.04266
36083	2.04259
36084	2.04253
36085	2.04246
36086	2.0424
36087	2.04233
36088	2.04227
36089	2.0422
36090	2.04214
36091	2.04208
36092	2.04201
36093	2.04195
36094	2.04189
36095	2.04182
36096	2.04176
36097	2.0417
36098	2.04164
36099	2.04158
36100	2.04151
36101	2.04145
36102	2.04139
36103	2.04133
36104	2.04127
36105	2.04121
36106	2.04115
36107	2.04109
36108	2.04103
36109	2.04097
36110	2.04091
36111	2.04085
36112	2.0408
36113	2.04074
36114	2.04068
36115	2.04062
36116	2.04057
36117	2.04051
36118	2.04045
36119	2.0404
36120	2.04034
36121	2.04029
36122	2.04023
36123	2.04018
36124	2.04012
36125	2.04007
36126	2.04002
36127	2.03996
36128	2.03991
36129	2.03986
36130	2.03981
36131	2.03976
36132	2.0397
36133	2.03965
36134	2.0396
36135	2.03955
36136	2.0395
36137	2.03945
36138	2.03941
36139	2.03936
36140	2.03931
36141	2.03926
36142	2.03921
36143	2.03917
36144	2.03912
36145	2.03907
36146	2.03903
36147	2.03898
36148	2.03894
36149	2.03889
36150	2.03885
36151	2.0388
36152	2.03876
36153	2.03872
36154	2.03868
36155	2.03863
36156	2.03859
36157	2.03855
36158	2.03851
36159	2.03847
36160	2.03843
36161	2.03839
36162	2.03835
36163	2.03831
36164	2.03827
36165	2.03823
36166	2.0382
36167	2.03816
36168	2.03812
36169	2.03809
36170	2.03805
36171	2.03801
36172	2.03798
36173	2.03794
36174	2.03791
36175	2.03788
36176	2.03784
36177	2.03781
36178	2.03778
36179	2.03774
36180	2.03771
36181	2.03768
36182	2.03765
36183	2.03762
36184	2.03759
36185	2.03756
36186	2.03753
36187	2.0375
36188	2.03747
36189	2.03745
36190	2.03742
36191	2.03739
36192	2.03736
36193	2.03734
36194	2.03731
36195	2.03729
36196	2.03726
36197	2.03724
36198	2.03721
36199	2.03719
36200	2.03716
36201	2.03714
36202	2.03712
36203	2.03709
36204	2.03707
36205	2.03705
36206	2.03703
36207	2.03701
36208	2.03699
36209	2.03697
36210	2.03695
36211	2.03693
36212	2.03691
36213	2.03689
36214	2.03687
36215	2.03686
36216	2.03684
36217	2.03682
36218	2.03681
36219	2.03679
36220	2.03677
36221	2.03676
36222	2.03674
36223	2.03673
36224	2.03672
36225	2.0367
36226	2.03669
36227	2.03668
36228	2.03666
36229	2.03665
36230	2.03664
36231	2.03663
36232	2.03662
36233	2.0366
36234	2.03659
36235	2.03658
36236	2.03657
36237	2.03656
36238	2.03656
36239	2.03655
36240	2.03654
36241	2.03653
36242	2.03652
36243	2.03652
36244	2.03651
36245	2.0365
36246	2.0365
36247	2.03649
36248	2.03648
36249	2.03648
36250	2.03647
36251	2.03647
36252	2.03646
36253	2.03646
36254	2.03646
36255	2.03645
36256	2.03645
36257	2.03645
36258	2.03645
36259	2.03644
36260	2.03644
36261	2.03644
36262	2.03644
36263	2.03644
36264	2.03644
36265	2.03644
36266	2.03644
36267	2.03644
36268	2.03644
36269	2.03644
36270	2.03644
36271	2.03645
36272	2.03645
36273	2.03645
36274	2.03645
36275	2.03646
36276	2.03646
36277	2.03646
36278	2.03647
36279	2.03647
36280	2.03648
36281	2.03648
36282	2.03649
36283	2.03649
36284	2.0365
36285	2.0365
36286	2.03651
36287	2.03652
36288	2.03652
36289	2.03653
36290	2.03654
36291	2.03655
36292	2.03655
36293	2.03656
36294	2.03657
36295	2.03658
36296	2.03659
36297	2.0366
36298	2.03661
36299	2.03662
36300	2.03663
36301	2.03664
36302	2.03665
36303	2.03666
36304	2.03667
36305	2.03668
36306	2.0367
36307	2.03671
36308	2.03672
36309	2.03673
36310	2.03675
36311	2.03676
36312	2.03677
36313	2.03679
36314	2.0368
36315	2.03682
36316	2.03683
36317	2.03685
36318	2.03686
36319	2.03688
36320	2.03689
36321	2.03691
36322	2.03693
36323	2.03694
36324	2.03696
36325	2.03698
36326	2.03699
36327	2.03701
36328	2.03703
36329	2.03705
36330	2.03707
36331	2.03708
36332	2.0371
36333	2.03712
36334	2.03714
36335	2.03716
36336	2.03718
36337	2.0372
36338	2.03722
36339	2.03724
36340	2.03726
36341	2.03728
36342	2.03731
36343	2.03733
36344	2.03735
36345	2.03737
36346	2.03739
36347	2.03742
36348	2.03744
36349	2.03746
36350	2.03749
36351	2.03751
36352	2.03754
36353	2.03756
36354	2.03758
36355	2.03761
36356	2.03763
36357	2.03766
36358	2.03769
36359	2.03771
36360	2.03774
36361	2.03776
36362	2.03779
36363	2.03782
36364	2.03785
36365	2.03787
36366	2.0379
36367	2.03793
36368	2.03796
36369	2.03799
36370	2.03802
36371	2.03804
36372	2.03807
36373	2.0381
36374	2.03813
36375	2.03816
36376	2.03819
36377	2.03823
36378	2.03826
36379	2.03829
36380	2.03832
36381	2.03835
36382	2.03838
36383	2.03842
36384	2.03845
36385	2.03848
36386	2.03851
36387	2.03855
36388	2.03858
36389	2.03862
36390	2.03865
36391	2.03868
36392	2.03872
36393	2.03875
36394	2.03879
36395	2.03883
36396	2.03886
36397	2.0389
36398	2.03893
36399	2.03897
36400	2.03901
36401	2.03905
36402	2.03908
36403	2.03912
36404	2.03916
36405	2.0392
36406	2.03924
36407	2.03928
36408	2.03932
36409	2.03936
36410	2.0394
36411	2.03944
36412	2.03948
36413	2.03952
36414	2.03956
36415	2.0396
36416	2.03964
36417	2.03968
36418	2.03973
36419	2.03977
36420	2.03981
36421	2.03985
36422	2.0399
36423	2.03994
36424	2.03998
36425	2.04003
36426	2.04007
36427	2.04012
36428	2.04016
36429	2.04021
36430	2.04025
36431	2.0403
36432	2.04035
36433	2.04039
36434	2.04044
36435	2.04049
36436	2.04053
36437	2.04058
36438	2.04063
36439	2.04068
36440	2.04073
36441	2.04078
36442	2.04083
36443	2.04087
36444	2.04092
36445	2.04097
36446	2.04102
36447	2.04108
36448	2.04113
36449	2.04118
36450	2.04123
36451	2.04128
36452	2.04133
36453	2.04138
36454	2.04144
36455	2.04149
36456	2.04154
36457	2.0416
36458	2.04165
36459	2.0417
36460	2.04176
36461	2.04181
36462	2.04187
36463	2.04192
36464	2.04198
36465	2.04203
36466	2.04209
36467	2.04215
36468	2.0422
36469	2.04226
36470	2.04232
36471	2.04237
36472	2.04243
36473	2.04249
36474	2.04255
36475	2.0426
36476	2.04266
36477	2.04272
36478	2.04278
36479	2.04284
36480	2.0429
36481	2.04296
36482	2.04302
36483	2.04308
36484	2.04314
36485	2.0432
36486	2.04326
36487	2.04332
36488	2.04338
36489	2.04344
36490	2.04351
36491	2.04357
36492	2.04363
36493	2.04369
36494	2.04375
36495	2.04382
36496	2.04388
36497	2.04394
36498	2.04401
36499	2.04407
36500	2.04413
36501	2.0442
36502	2.04426
36503	2.04433
36504	2.04439
36505	2.04445
36506	2.04452
36507	2.04458
36508	2.04465
36509	2.04471
36510	2.04478
36511	2.04484
36512	2.04491
36513	2.04498
36514	2.04504
36515	2.04511
36516	2.04517
36517	2.04524
36518	2.04531
36519	2.04537
36520	2.04544
36521	2.04551
36522	2.04557
36523	2.04564
36524	2.04571
36525	2.04577
36526	2.04584
36527	2.04591
36528	2.04598
36529	2.04604
36530	2.04611
36531	2.04618
36532	2.04625
36533	2.04631
36534	2.04638
36535	2.04645
36536	2.04652
36537	2.04658
36538	2.04665
36539	2.04672
36540	2.04679
36541	2.04685
36542	2.04692
36543	2.04699
36544	2.04706
36545	2.04712
36546	2.04719
36547	2.04726
36548	2.04733
36549	2.04739
36550	2.04746
36551	2.04753
36552	2.04759
36553	2.04766
36554	2.04773
36555	2.04779
36556	2.04786
36557	2.04793
36558	2.04799
36559	2.04806
36560	2.04813
36561	2.04819
36562	2.04826
36563	2.04832
36564	2.04839
36565	2.04846
36566	2.04852
36567	2.04859
36568	2.04865
36569	2.04871
36570	2.04878
36571	2.04884
36572	2.04891
36573	2.04897
36574	2.04903
36575	2.0491
36576	2.04916
36577	2.04922
36578	2.04929
36579	2.04935
36580	2.04941
36581	2.04947
36582	2.04953
36583	2.04959
36584	2.04965
36585	2.04971
36586	2.04977
36587	2.04983
36588	2.04989
36589	2.04995
36590	2.05001
36591	2.05007
36592	2.05013
36593	2.05018
36594	2.05024
36595	2.0503
36596	2.05035
36597	2.05041
36598	2.05046
36599	2.05052
36600	2.05057
36601	2.05062
36602	2.05068
36603	2.05073
36604	2.05078
36605	2.05083
36606	2.05089
36607	2.05094
36608	2.05099
36609	2.05104
36610	2.05108
36611	2.05113
36612	2.05118
36613	2.05123
36614	2.05128
36615	2.05132
36616	2.05137
36617	2.05141
36618	2.05146
36619	2.0515
36620	2.05154
36621	2.05159
36622	2.05163
36623	2.05167
36624	2.05171
36625	2.05175
36626	2.05179
36627	2.05183
36628	2.05186
36629	2.0519
36630	2.05194
36631	2.05197
36632	2.05201
36633	2.05204
36634	2.05207
36635	2.05211
36636	2.05214
36637	2.05217
36638	2.0522
36639	2.05223
36640	2.05226
36641	2.05228
36642	2.05231
36643	2.05234
36644	2.05236
36645	2.05239
36646	2.05241
36647	2.05243
36648	2.05245
36649	2.05247
36650	2.05249
36651	2.05251
36652	2.05253
36653	2.05255
36654	2.05256
36655	2.05258
36656	2.05259
36657	2.05261
36658	2.05262
36659	2.05263
36660	2.05264
36661	2.05265
36662	2.05266
36663	2.05267
36664	2.05268
36665	2.05268
36666	2.05269
36667	2.05269
36668	2.05269
36669	2.05269
36670	2.0527
36671	2.05269
36672	2.05269
36673	2.05269
36674	2.05269
36675	2.05268
36676	2.05268
36677	2.05267
36678	2.05266
36679	2.05265
36680	2.05265
36681	2.05263
36682	2.05262
36683	2.05261
36684	2.0526
36685	2.05258
36686	2.05256
36687	2.05255
36688	2.05253
36689	2.05251
36690	2.05249
36691	2.05247
36692	2.05244
36693	2.05242
36694	2.05239
36695	2.05237
36696	2.05234
36697	2.05231
36698	2.05228
36699	2.05225
36700	2.05222
36701	2.05218
36702	2.05215
36703	2.05211
36704	2.05208
36705	2.05204
36706	2.052
36707	2.05196
36708	2.05192
36709	2.05188
36710	2.05183
36711	2.05179
36712	2.05174
36713	2.0517
36714	2.05165
36715	2.0516
36716	2.05155
36717	2.0515
36718	2.05144
36719	2.05139
36720	2.05133
36721	2.05128
36722	2.05122
36723	2.05116
36724	2.0511
36725	2.05104
36726	2.05098
36727	2.05091
36728	2.05085
36729	2.05078
36730	2.05072
36731	2.05065
36732	2.05058
36733	2.05051
36734	2.05044
36735	2.05037
36736	2.05029
36737	2.05022
36738	2.05014
36739	2.05007
36740	2.04999
36741	2.04991
36742	2.04983
36743	2.04975
36744	2.04966
36745	2.04958
36746	2.0495
36747	2.04941
36748	2.04932
36749	2.04924
36750	2.04915
36751	2.04906
36752	2.04897
36753	2.04887
36754	2.04878
36755	2.04869
36756	2.04859
36757	2.04849
36758	2.0484
36759	2.0483
36760	2.0482
36761	2.0481
36762	2.048
36763	2.0479
36764	2.04779
36765	2.04769
36766	2.04758
36767	2.04748
36768	2.04737
36769	2.04726
36770	2.04715
36771	2.04704
36772	2.04693
36773	2.04682
36774	2.04671
36775	2.04659
36776	2.04648
36777	2.04636
36778	2.04625
36779	2.04613
36780	2.04601
36781	2.04589
36782	2.04577
36783	2.04565
36784	2.04553
36785	2.04541
36786	2.04529
36787	2.04516
36788	2.04504
36789	2.04492
36790	2.04479
36791	2.04466
36792	2.04454
36793	2.04441
36794	2.04428
36795	2.04415
36796	2.04402
36797	2.04389
36798	2.04376
36799	2.04363
36800	2.04349
36801	2.04336
36802	2.04323
36803	2.04309
36804	2.04296
36805	2.04282
36806	2.04269
36807	2.04255
36808	2.04241
36809	2.04227
36810	2.04214
36811	2.042
36812	2.04186
36813	2.04172
36814	2.04158
36815	2.04144
36816	2.0413
36817	2.04116
36818	2.04102
36819	2.04087
36820	2.04073
36821	2.04059
36822	2.04044
36823	2.0403
36824	2.04016
36825	2.04001
36826	2.03987
36827	2.03972
36828	2.03958
36829	2.03943
36830	2.03929
36831	2.03914
36832	2.039
36833	2.03885
36834	2.03871
36835	2.03856
36836	2.03841
36837	2.03827
36838	2.03812
36839	2.03797
36840	2.03783
36841	2.03768
36842	2.03753
36843	2.03739
36844	2.03724
36845	2.03709
36846	2.03694
36847	2.0368
36848	2.03665
36849	2.0365
36850	2.03636
36851	2.03621
36852	2.03606
36853	2.03592
36854	2.03577
36855	2.03562
36856	2.03548
36857	2.03533
36858	2.03518
36859	2.03504
36860	2.03489
36861	2.03475
36862	2.0346
36863	2.03446
36864	2.03431
36865	2.03417
36866	2.03402
36867	2.03388
36868	2.03374
36869	2.03359
36870	2.03345
36871	2.03331
36872	2.03317
36873	2.03302
36874	2.03288
36875	2.03274
36876	2.0326
36877	2.03246
36878	2.03232
36879	2.03218
36880	2.03204
36881	2.0319
36882	2.03177
36883	2.03163
36884	2.03149
36885	2.03136
36886	2.03122
36887	2.03109
36888	2.03095
36889	2.03082
36890	2.03068
36891	2.03055
36892	2.03042
36893	2.03029
36894	2.03016
36895	2.03003
36896	2.0299
36897	2.02977
36898	2.02964
36899	2.02951
36900	2.02939
36901	2.02926
36902	2.02913
36903	2.02901
36904	2.02889
36905	2.02876
36906	2.02864
36907	2.02852
36908	2.0284
36909	2.02828
36910	2.02816
36911	2.02804
36912	2.02793
36913	2.02781
36914	2.02769
36915	2.02758
36916	2.02746
36917	2.02735
36918	2.02724
36919	2.02713
36920	2.02702
36921	2.02691
36922	2.0268
36923	2.02669
36924	2.02659
36925	2.02648
36926	2.02638
36927	2.02628
36928	2.02617
36929	2.02607
36930	2.02597
36931	2.02587
36932	2.02577
36933	2.02568
36934	2.02558
36935	2.02548
36936	2.02539
36937	2.0253
36938	2.02521
36939	2.02511
36940	2.02502
36941	2.02494
36942	2.02485
36943	2.02476
36944	2.02468
36945	2.02459
36946	2.02451
36947	2.02443
36948	2.02434
36949	2.02426
36950	2.02419
36951	2.02411
36952	2.02403
36953	2.02396
36954	2.02388
36955	2.02381
36956	2.02374
36957	2.02367
36958	2.0236
36959	2.02353
36960	2.02346
36961	2.02339
36962	2.02333
36963	2.02327
36964	2.0232
36965	2.02314
36966	2.02308
36967	2.02302
36968	2.02297
36969	2.02291
36970	2.02285
36971	2.0228
36972	2.02275
36973	2.02269
36974	2.02264
36975	2.02259
36976	2.02255
36977	2.0225
36978	2.02245
36979	2.02241
36980	2.02237
36981	2.02232
36982	2.02228
36983	2.02224
36984	2.0222
36985	2.02217
36986	2.02213
36987	2.02209
36988	2.02206
36989	2.02203
36990	2.022
36991	2.02197
36992	2.02194
36993	2.02191
36994	2.02188
36995	2.02186
36996	2.02183
36997	2.02181
36998	2.02179
36999	2.02177
37000	2.02175
37001	2.02173
37002	2.02171
37003	2.0217
37004	2.02168
37005	2.02167
37006	2.02166
37007	2.02164
37008	2.02163
37009	2.02163
37010	2.02162
37011	2.02161
37012	2.0216
37013	2.0216
37014	2.0216
37015	2.02159
37016	2.02159
37017	2.02159
37018	2.02159
37019	2.0216
37020	2.0216
37021	2.0216
37022	2.02161
37023	2.02162
37024	2.02162
37025	2.02163
37026	2.02164
37027	2.02165
37028	2.02167
37029	2.02168
37030	2.02169
37031	2.02171
37032	2.02172
37033	2.02174
37034	2.02176
37035	2.02178
37036	2.0218
37037	2.02182
37038	2.02184
37039	2.02186
37040	2.02189
37041	2.02191
37042	2.02194
37043	2.02196
37044	2.02199
37045	2.02202
37046	2.02205
37047	2.02208
37048	2.02211
37049	2.02215
37050	2.02218
37051	2.02221
37052	2.02225
37053	2.02228
37054	2.02232
37055	2.02236
37056	2.0224
37057	2.02244
37058	2.02248
37059	2.02252
37060	2.02256
37061	2.0226
37062	2.02265
37063	2.02269
37064	2.02274
37065	2.02278
37066	2.02283
37067	2.02288
37068	2.02292
37069	2.02297
37070	2.02302
37071	2.02307
37072	2.02312
37073	2.02317
37074	2.02323
37075	2.02328
37076	2.02333
37077	2.02339
37078	2.02344
37079	2.0235
37080	2.02356
37081	2.02361
37082	2.02367
37083	2.02373
37084	2.02379
37085	2.02385
37086	2.02391
37087	2.02397
37088	2.02403
37089	2.02409
37090	2.02415
37091	2.02422
37092	2.02428
37093	2.02434
37094	2.02441
37095	2.02447
37096	2.02454
37097	2.0246
37098	2.02467
37099	2.02474
37100	2.0248
37101	2.02487
37102	2.02494
37103	2.02501
37104	2.02508
37105	2.02515
37106	2.02522
37107	2.02529
37108	2.02536
37109	2.02543
37110	2.0255
37111	2.02557
37112	2.02564
37113	2.02572
37114	2.02579
37115	2.02586
37116	2.02593
37117	2.02601
37118	2.02608
37119	2.02616
37120	2.02623
37121	2.0263
37122	2.02638
37123	2.02645
37124	2.02653
37125	2.02661
37126	2.02668
37127	2.02676
37128	2.02683
37129	2.02691
37130	2.02699
37131	2.02706
37132	2.02714
37133	2.02722
37134	2.02729
37135	2.02737
37136	2.02745
37137	2.02753
37138	2.0276
37139	2.02768
37140	2.02776
37141	2.02784
37142	2.02792
37143	2.02799
37144	2.02807
37145	2.02815
37146	2.02823
37147	2.02831
37148	2.02839
37149	2.02846
37150	2.02854
37151	2.02862
37152	2.0287
37153	2.02878
37154	2.02886
37155	2.02894
37156	2.02901
37157	2.02909
37158	2.02917
37159	2.02925
37160	2.02933
37161	2.0294
37162	2.02948
37163	2.02956
37164	2.02964
37165	2.02972
37166	2.02979
37167	2.02987
37168	2.02995
37169	2.03003
37170	2.0301
37171	2.03018
37172	2.03026
37173	2.03033
37174	2.03041
37175	2.03049
37176	2.03056
37177	2.03064
37178	2.03072
37179	2.03079
37180	2.03087
37181	2.03094
37182	2.03102
37183	2.03109
37184	2.03117
37185	2.03124
37186	2.03132
37187	2.03139
37188	2.03147
37189	2.03154
37190	2.03161
37191	2.03169
37192	2.03176
37193	2.03183
37194	2.0319
37195	2.03198
37196	2.03205
37197	2.03212
37198	2.03219
37199	2.03226
37200	2.03233
37201	2.0324
37202	2.03247
37203	2.03254
37204	2.03261
37205	2.03268
37206	2.03275
37207	2.03282
37208	2.03289
37209	2.03296
37210	2.03303
37211	2.03309
37212	2.03316
37213	2.03323
37214	2.03329
37215	2.03336
37216	2.03343
37217	2.03349
37218	2.03356
37219	2.03362
37220	2.03369
37221	2.03375
37222	2.03381
37223	2.03388
37224	2.03394
37225	2.034
37226	2.03406
37227	2.03413
37228	2.03419
37229	2.03425
37230	2.03431
37231	2.03437
37232	2.03443
37233	2.03449
37234	2.03455
37235	2.03461
37236	2.03467
37237	2.03472
37238	2.03478
37239	2.03484
37240	2.03489
37241	2.03495
37242	2.03501
37243	2.03506
37244	2.03512
37245	2.03517
37246	2.03523
37247	2.03528
37248	2.03533
37249	2.03539
37250	2.03544
37251	2.03549
37252	2.03554
37253	2.0356
37254	2.03565
37255	2.0357
37256	2.03575
37257	2.0358
37258	2.03585
37259	2.0359
37260	2.03595
37261	2.03599
37262	2.03604
37263	2.03609
37264	2.03614
37265	2.03618
37266	2.03623
37267	2.03627
37268	2.03632
37269	2.03636
37270	2.03641
37271	2.03645
37272	2.0365
37273	2.03654
37274	2.03658
37275	2.03663
37276	2.03667
37277	2.03671
37278	2.03675
37279	2.03679
37280	2.03683
37281	2.03687
37282	2.03691
37283	2.03695
37284	2.03699
37285	2.03703
37286	2.03707
37287	2.0371
37288	2.03714
37289	2.03718
37290	2.03721
37291	2.03725
37292	2.03729
37293	2.03732
37294	2.03736
37295	2.03739
37296	2.03742
37297	2.03746
37298	2.03749
37299	2.03752
37300	2.03756
37301	2.03759
37302	2.03762
37303	2.03765
37304	2.03768
37305	2.03771
37306	2.03774
37307	2.03777
37308	2.0378
37309	2.03783
37310	2.03786
37311	2.03789
37312	2.03792
37313	2.03795
37314	2.03797
37315	2.038
37316	2.03803
37317	2.03805
37318	2.03808
37319	2.03811
37320	2.03813
37321	2.03816
37322	2.03818
37323	2.0382
37324	2.03823
37325	2.03825
37326	2.03828
37327	2.0383
37328	2.03832
37329	2.03834
37330	2.03837
37331	2.03839
37332	2.03841
37333	2.03843
37334	2.03845
37335	2.03847
37336	2.03849
37337	2.03851
37338	2.03853
37339	2.03855
37340	2.03857
37341	2.03859
37342	2.0386
37343	2.03862
37344	2.03864
37345	2.03866
37346	2.03867
37347	2.03869
37348	2.03871
37349	2.03872
37350	2.03874
37351	2.03876
37352	2.03877
37353	2.03879
37354	2.0388
37355	2.03882
37356	2.03883
37357	2.03885
37358	2.03886
37359	2.03887
37360	2.03889
37361	2.0389
37362	2.03891
37363	2.03893
37364	2.03894
37365	2.03895
37366	2.03896
37367	2.03897
37368	2.03899
37369	2.039
37370	2.03901
37371	2.03902
37372	2.03903
37373	2.03904
37374	2.03905
37375	2.03906
37376	2.03907
37377	2.03908
37378	2.03909
37379	2.0391
37380	2.03911
37381	2.03912
37382	2.03912
37383	2.03913
37384	2.03914
37385	2.03915
37386	2.03916
37387	2.03916
37388	2.03917
37389	2.03918
37390	2.03919
37391	2.03919
37392	2.0392
37393	2.03921
37394	2.03921
37395	2.03922
37396	2.03923
37397	2.03923
37398	2.03924
37399	2.03924
37400	2.03925
37401	2.03925
37402	2.03926
37403	2.03926
37404	2.03927
37405	2.03927
37406	2.03928
37407	2.03928
37408	2.03929
37409	2.03929
37410	2.03929
37411	2.0393
37412	2.0393
37413	2.0393
37414	2.03931
37415	2.03931
37416	2.03931
37417	2.03932
37418	2.03932
37419	2.03932
37420	2.03933
37421	2.03933
37422	2.03933
37423	2.03933
37424	2.03934
37425	2.03934
37426	2.03934
37427	2.03934
37428	2.03934
37429	2.03934
37430	2.03935
37431	2.03935
37432	2.03935
37433	2.03935
37434	2.03935
37435	2.03935
37436	2.03935
37437	2.03935
37438	2.03935
37439	2.03935
37440	2.03935
37441	2.03935
37442	2.03935
37443	2.03935
37444	2.03936
37445	2.03935
37446	2.03935
37447	2.03935
37448	2.03935
37449	2.03935
37450	2.03935
37451	2.03935
37452	2.03935
37453	2.03935
37454	2.03935
37455	2.03935
37456	2.03935
37457	2.03935
37458	2.03935
37459	2.03934
37460	2.03934
37461	2.03934
37462	2.03934
37463	2.03934
37464	2.03934
37465	2.03933
37466	2.03933
37467	2.03933
37468	2.03933
37469	2.03933
37470	2.03932
37471	2.03932
37472	2.03932
37473	2.03932
37474	2.03931
37475	2.03931
37476	2.03931
37477	2.0393
37478	2.0393
37479	2.0393
37480	2.03929
37481	2.03929
37482	2.03929
37483	2.03928
37484	2.03928
37485	2.03928
37486	2.03927
37487	2.03927
37488	2.03926
37489	2.03926
37490	2.03926
37491	2.03925
37492	2.03925
37493	2.03924
37494	2.03924
37495	2.03923
37496	2.03923
37497	2.03922
37498	2.03922
37499	2.03921
37500	2.03921
37501	2.0392
37502	2.0392
37503	2.03919
37504	2.03919
37505	2.03918
37506	2.03917
37507	2.03917
37508	2.03916
37509	2.03916
37510	2.03915
37511	2.03914
37512	2.03914
37513	2.03913
37514	2.03912
37515	2.03911
37516	2.03911
37517	2.0391
37518	2.03909
37519	2.03908
37520	2.03908
37521	2.03907
37522	2.03906
37523	2.03905
37524	2.03904
37525	2.03904
37526	2.03903
37527	2.03902
37528	2.03901
37529	2.039
37530	2.03899
37531	2.03898
37532	2.03897
37533	2.03896
37534	2.03895
37535	2.03894
37536	2.03893
37537	2.03892
37538	2.03891
37539	2.0389
37540	2.03889
37541	2.03888
37542	2.03887
37543	2.03885
37544	2.03884
37545	2.03883
37546	2.03882
37547	2.03881
37548	2.03879
37549	2.03878
37550	2.03877
37551	2.03876
37552	2.03874
37553	2.03873
37554	2.03871
37555	2.0387
37556	2.03869
37557	2.03867
37558	2.03866
37559	2.03864
37560	2.03863
37561	2.03861
37562	2.0386
37563	2.03858
37564	2.03857
37565	2.03855
37566	2.03853
37567	2.03852
37568	2.0385
37569	2.03848
37570	2.03846
37571	2.03845
37572	2.03843
37573	2.03841
37574	2.03839
37575	2.03837
37576	2.03835
37577	2.03834
37578	2.03832
37579	2.0383
37580	2.03828
37581	2.03826
37582	2.03824
37583	2.03821
37584	2.03819
37585	2.03817
37586	2.03815
37587	2.03813
37588	2.03811
37589	2.03808
37590	2.03806
37591	2.03804
37592	2.03801
37593	2.03799
37594	2.03797
37595	2.03794
37596	2.03792
37597	2.03789
37598	2.03787
37599	2.03784
37600	2.03781
37601	2.03779
37602	2.03776
37603	2.03774
37604	2.03771
37605	2.03768
37606	2.03765
37607	2.03762
37608	2.0376
37609	2.03757
37610	2.03754
37611	2.03751
37612	2.03748
37613	2.03745
37614	2.03742
37615	2.03739
37616	2.03736
37617	2.03732
37618	2.03729
37619	2.03726
37620	2.03723
37621	2.0372
37622	2.03716
37623	2.03713
37624	2.03709
37625	2.03706
37626	2.03703
37627	2.03699
37628	2.03696
37629	2.03692
37630	2.03688
37631	2.03685
37632	2.03681
37633	2.03677
37634	2.03674
37635	2.0367
37636	2.03666
37637	2.03662
37638	2.03658
37639	2.03654
37640	2.03651
37641	2.03647
37642	2.03643
37643	2.03638
37644	2.03634
37645	2.0363
37646	2.03626
37647	2.03622
37648	2.03618
37649	2.03613
37650	2.03609
37651	2.03605
37652	2.036
37653	2.03596
37654	2.03592
37655	2.03587
37656	2.03583
37657	2.03578
37658	2.03573
37659	2.03569
37660	2.03564
37661	2.0356
37662	2.03555
37663	2.0355
37664	2.03545
37665	2.03541
37666	2.03536
37667	2.03531
37668	2.03526
37669	2.03521
37670	2.03516
37671	2.03511
37672	2.03506
37673	2.03501
37674	2.03496
37675	2.03491
37676	2.03486
37677	2.0348
37678	2.03475
37679	2.0347
37680	2.03465
37681	2.03459
37682	2.03454
37683	2.03449
37684	2.03443
37685	2.03438
37686	2.03433
37687	2.03427
37688	2.03422
37689	2.03416
37690	2.03411
37691	2.03405
37692	2.03399
37693	2.03394
37694	2.03388
37695	2.03383
37696	2.03377
37697	2.03371
37698	2.03366
37699	2.0336
37700	2.03354
37701	2.03348
37702	2.03342
37703	2.03337
37704	2.03331
37705	2.03325
37706	2.03319
37707	2.03313
37708	2.03307
37709	2.03301
37710	2.03295
37711	2.03289
37712	2.03283
37713	2.03278
37714	2.03272
37715	2.03266
37716	2.03259
37717	2.03253
37718	2.03247
37719	2.03241
37720	2.03235
37721	2.03229
37722	2.03223
37723	2.03217
37724	2.03211
37725	2.03205
37726	2.03199
37727	2.03193
37728	2.03187
37729	2.03181
37730	2.03174
37731	2.03168
37732	2.03162
37733	2.03156
37734	2.0315
37735	2.03144
37736	2.03138
37737	2.03132
37738	2.03126
37739	2.03119
37740	2.03113
37741	2.03107
37742	2.03101
37743	2.03095
37744	2.03089
37745	2.03083
37746	2.03077
37747	2.03071
37748	2.03065
37749	2.03059
37750	2.03053
37751	2.03047
37752	2.03041
37753	2.03035
37754	2.03029
37755	2.03023
37756	2.03017
37757	2.03011
37758	2.03005
37759	2.03
37760	2.02994
37761	2.02988
37762	2.02982
37763	2.02977
37764	2.02971
37765	2.02965
37766	2.02959
37767	2.02954
37768	2.02948
37769	2.02943
37770	2.02937
37771	2.02932
37772	2.02926
37773	2.02921
37774	2.02915
37775	2.0291
37776	2.02905
37777	2.02899
37778	2.02894
37779	2.02889
37780	2.02884
37781	2.02878
37782	2.02873
37783	2.02868
37784	2.02863
37785	2.02858
37786	2.02853
37787	2.02848
37788	2.02844
37789	2.02839
37790	2.02834
37791	2.02829
37792	2.02825
37793	2.0282
37794	2.02816
37795	2.02811
37796	2.02807
37797	2.02802
37798	2.02798
37799	2.02794
37800	2.0279
37801	2.02785
37802	2.02781
37803	2.02777
37804	2.02773
37805	2.0277
37806	2.02766
37807	2.02762
37808	2.02758
37809	2.02755
37810	2.02751
37811	2.02747
37812	2.02744
37813	2.02741
37814	2.02737
37815	2.02734
37816	2.02731
37817	2.02728
37818	2.02725
37819	2.02722
37820	2.02719
37821	2.02716
37822	2.02714
37823	2.02711
37824	2.02708
37825	2.02706
37826	2.02703
37827	2.02701
37828	2.02699
37829	2.02697
37830	2.02695
37831	2.02693
37832	2.02691
37833	2.02689
37834	2.02687
37835	2.02685
37836	2.02684
37837	2.02682
37838	2.02681
37839	2.0268
37840	2.02678
37841	2.02677
37842	2.02676
37843	2.02675
37844	2.02674
37845	2.02674
37846	2.02673
37847	2.02672
37848	2.02672
37849	2.02671
37850	2.02671
37851	2.02671
37852	2.02671
37853	2.0267
37854	2.02671
37855	2.02671
37856	2.02671
37857	2.02671
37858	2.02672
37859	2.02672
37860	2.02673
37861	2.02673
37862	2.02674
37863	2.02675
37864	2.02676
37865	2.02677
37866	2.02678
37867	2.0268
37868	2.02681
37869	2.02683
37870	2.02684
37871	2.02686
37872	2.02688
37873	2.0269
37874	2.02692
37875	2.02694
37876	2.02696
37877	2.02698
37878	2.02701
37879	2.02703
37880	2.02706
37881	2.02708
37882	2.02711
37883	2.02714
37884	2.02717
37885	2.0272
37886	2.02723
37887	2.02727
37888	2.0273
37889	2.02733
37890	2.02737
37891	2.02741
37892	2.02744
37893	2.02748
37894	2.02752
37895	2.02756
37896	2.02761
37897	2.02765
37898	2.02769
37899	2.02774
37900	2.02778
37901	2.02783
37902	2.02788
37903	2.02793
37904	2.02797
37905	2.02803
37906	2.02808
37907	2.02813
37908	2.02818
37909	2.02824
37910	2.02829
37911	2.02835
37912	2.02841
37913	2.02846
37914	2.02852
37915	2.02858
37916	2.02864
37917	2.02871
37918	2.02877
37919	2.02883
37920	2.0289
37921	2.02896
37922	2.02903
37923	2.02909
37924	2.02916
37925	2.02923
37926	2.0293
37927	2.02937
37928	2.02944
37929	2.02952
37930	2.02959
37931	2.02966
37932	2.02974
37933	2.02981
37934	2.02989
37935	2.02997
37936	2.03004
37937	2.03012
37938	2.0302
37939	2.03028
37940	2.03036
37941	2.03044
37942	2.03053
37943	2.03061
37944	2.03069
37945	2.03078
37946	2.03086
37947	2.03095
37948	2.03104
37949	2.03112
37950	2.03121
37951	2.0313
37952	2.03139
37953	2.03148
37954	2.03157
37955	2.03166
37956	2.03175
37957	2.03185
37958	2.03194
37959	2.03203
37960	2.03213
37961	2.03222
37962	2.03232
37963	2.03241
37964	2.03251
37965	2.03261
37966	2.0327
37967	2.0328
37968	2.0329
37969	2.033
37970	2.0331
37971	2.0332
37972	2.0333
37973	2.0334
37974	2.0335
37975	2.0336
37976	2.0337
37977	2.0338
37978	2.03391
37979	2.03401
37980	2.03411
37981	2.03421
37982	2.03432
37983	2.03442
37984	2.03453
37985	2.03463
37986	2.03474
37987	2.03484
37988	2.03495
37989	2.03505
37990	2.03516
37991	2.03527
37992	2.03537
37993	2.03548
37994	2.03559
37995	2.03569
37996	2.0358
37997	2.03591
37998	2.03601
37999	2.03612
38000	2.03623
38001	2.03634
38002	2.03644
38003	2.03655
38004	2.03666
38005	2.03677
38006	2.03688
38007	2.03698
38008	2.03709
38009	2.0372
38010	2.03731
38011	2.03742
38012	2.03752
38013	2.03763
38014	2.03774
38015	2.03785
38016	2.03796
38017	2.03806
38018	2.03817
38019	2.03828
38020	2.03839
38021	2.03849
38022	2.0386
38023	2.03871
38024	2.03881
38025	2.03892
38026	2.03902
38027	2.03913
38028	2.03924
38029	2.03934
38030	2.03945
38031	2.03955
38032	2.03966
38033	2.03976
38034	2.03986
38035	2.03997
38036	2.04007
38037	2.04018
38038	2.04028
38039	2.04038
38040	2.04048
38041	2.04058
38042	2.04069
38043	2.04079
38044	2.04089
38045	2.04099
38046	2.04109
38047	2.04119
38048	2.04128
38049	2.04138
38050	2.04148
38051	2.04158
38052	2.04167
38053	2.04177
38054	2.04187
38055	2.04196
38056	2.04206
38057	2.04215
38058	2.04225
38059	2.04234
38060	2.04243
38061	2.04252
38062	2.04261
38063	2.04271
38064	2.0428
38065	2.04289
38066	2.04297
38067	2.04306
38068	2.04315
38069	2.04324
38070	2.04332
38071	2.04341
38072	2.0435
38073	2.04358
38074	2.04366
38075	2.04375
38076	2.04383
38077	2.04391
38078	2.04399
38079	2.04407
38080	2.04415
38081	2.04423
38082	2.04431
38083	2.04439
38084	2.04446
38085	2.04454
38086	2.04462
38087	2.04469
38088	2.04476
38089	2.04484
38090	2.04491
38091	2.04498
38092	2.04505
38093	2.04512
38094	2.04519
38095	2.04526
38096	2.04532
38097	2.04539
38098	2.04546
38099	2.04552
38100	2.04559
38101	2.04565
38102	2.04571
38103	2.04577
38104	2.04583
38105	2.04589
38106	2.04595
38107	2.04601
38108	2.04607
38109	2.04612
38110	2.04618
38111	2.04623
38112	2.04629
38113	2.04634
38114	2.04639
38115	2.04644
38116	2.04649
38117	2.04654
38118	2.04659
38119	2.04664
38120	2.04668
38121	2.04673
38122	2.04678
38123	2.04682
38124	2.04686
38125	2.0469
38126	2.04695
38127	2.04699
38128	2.04703
38129	2.04706
38130	2.0471
38131	2.04714
38132	2.04717
38133	2.04721
38134	2.04724
38135	2.04728
38136	2.04731
38137	2.04734
38138	2.04737
38139	2.0474
38140	2.04743
38141	2.04746
38142	2.04748
38143	2.04751
38144	2.04754
38145	2.04756
38146	2.04758
38147	2.04761
38148	2.04763
38149	2.04765
38150	2.04767
38151	2.04769
38152	2.0477
38153	2.04772
38154	2.04774
38155	2.04775
38156	2.04777
38157	2.04778
38158	2.04779
38159	2.04781
38160	2.04782
38161	2.04783
38162	2.04784
38163	2.04784
38164	2.04785
38165	2.04786
38166	2.04786
38167	2.04787
38168	2.04787
38169	2.04788
38170	2.04788
38171	2.04788
38172	2.04788
38173	2.04788
38174	2.04788
38175	2.04788
38176	2.04788
38177	2.04788
38178	2.04787
38179	2.04787
38180	2.04786
38181	2.04786
38182	2.04785
38183	2.04784
38184	2.04783
38185	2.04782
38186	2.04781
38187	2.0478
38188	2.04779
38189	2.04778
38190	2.04777
38191	2.04775
38192	2.04774
38193	2.04772
38194	2.04771
38195	2.04769
38196	2.04767
38197	2.04765
38198	2.04764
38199	2.04762
38200	2.0476
38201	2.04758
38202	2.04755
38203	2.04753
38204	2.04751
38205	2.04749
38206	2.04746
38207	2.04744
38208	2.04741
38209	2.04739
38210	2.04736
38211	2.04733
38212	2.04731
38213	2.04728
38214	2.04725
38215	2.04722
38216	2.04719
38217	2.04716
38218	2.04713
38219	2.0471
38220	2.04707
38221	2.04703
38222	2.047
38223	2.04697
38224	2.04693
38225	2.0469
38226	2.04686
38227	2.04683
38228	2.04679
38229	2.04675
38230	2.04672
38231	2.04668
38232	2.04664
38233	2.0466
38234	2.04656
38235	2.04652
38236	2.04648
38237	2.04644
38238	2.0464
38239	2.04636
38240	2.04632
38241	2.04628
38242	2.04624
38243	2.04619
38244	2.04615
38245	2.04611
38246	2.04606
38247	2.04602
38248	2.04597
38249	2.04593
38250	2.04588
38251	2.04584
38252	2.04579
38253	2.04575
38254	2.0457
38255	2.04565
38256	2.04561
38257	2.04556
38258	2.04551
38259	2.04546
38260	2.04542
38261	2.04537
38262	2.04532
38263	2.04527
38264	2.04522
38265	2.04517
38266	2.04512
38267	2.04507
38268	2.04502
38269	2.04497
38270	2.04492
38271	2.04487
38272	2.04482
38273	2.04477
38274	2.04472
38275	2.04467
38276	2.04462
38277	2.04457
38278	2.04451
38279	2.04446
38280	2.04441
38281	2.04436
38282	2.04431
38283	2.04425
38284	2.0442
38285	2.04415
38286	2.0441
38287	2.04404
38288	2.04399
38289	2.04394
38290	2.04389
38291	2.04383
38292	2.04378
38293	2.04373
38294	2.04367
38295	2.04362
38296	2.04357
38297	2.04352
38298	2.04346
38299	2.04341
38300	2.04336
38301	2.0433
38302	2.04325
38303	2.0432
38304	2.04314
38305	2.04309
38306	2.04304
38307	2.04298
38308	2.04293
38309	2.04288
38310	2.04283
38311	2.04277
38312	2.04272
38313	2.04267
38314	2.04261
38315	2.04256
38316	2.04251
38317	2.04246
38318	2.0424
38319	2.04235
38320	2.0423
38321	2.04225
38322	2.0422
38323	2.04214
38324	2.04209
38325	2.04204
38326	2.04199
38327	2.04194
38328	2.04189
38329	2.04184
38330	2.04179
38331	2.04173
38332	2.04168
38333	2.04163
38334	2.04158
38335	2.04153
38336	2.04148
38337	2.04143
38338	2.04138
38339	2.04133
38340	2.04128
38341	2.04123
38342	2.04119
38343	2.04114
38344	2.04109
38345	2.04104
38346	2.04099
38347	2.04094
38348	2.0409
38349	2.04085
38350	2.0408
38351	2.04075
38352	2.04071
38353	2.04066
38354	2.04061
38355	2.04057
38356	2.04052
38357	2.04047
38358	2.04043
38359	2.04038
38360	2.04034
38361	2.04029
38362	2.04025
38363	2.0402
38364	2.04016
38365	2.04012
38366	2.04007
38367	2.04003
38368	2.03999
38369	2.03994
38370	2.0399
38371	2.03986
38372	2.03982
38373	2.03977
38374	2.03973
38375	2.03969
38376	2.03965
38377	2.03961
38378	2.03957
38379	2.03953
38380	2.03949
38381	2.03945
38382	2.03941
38383	2.03937
38384	2.03933
38385	2.03929
38386	2.03925
38387	2.03921
38388	2.03918
38389	2.03914
38390	2.0391
38391	2.03906
38392	2.03903
38393	2.03899
38394	2.03895
38395	2.03892
38396	2.03888
38397	2.03885
38398	2.03881
38399	2.03878
38400	2.03874
38401	2.03871
38402	2.03868
38403	2.03864
38404	2.03861
38405	2.03858
38406	2.03854
38407	2.03851
38408	2.03848
38409	2.03845
38410	2.03841
38411	2.03838
38412	2.03835
38413	2.03832
38414	2.03829
38415	2.03826
38416	2.03823
38417	2.0382
38418	2.03817
38419	2.03814
38420	2.03811
38421	2.03809
38422	2.03806
38423	2.03803
38424	2.038
38425	2.03798
38426	2.03795
38427	2.03792
38428	2.0379
38429	2.03787
38430	2.03784
38431	2.03782
38432	2.03779
38433	2.03777
38434	2.03774
38435	2.03772
38436	2.03769
38437	2.03767
38438	2.03765
38439	2.03762
38440	2.0376
38441	2.03758
38442	2.03756
38443	2.03753
38444	2.03751
38445	2.03749
38446	2.03747
38447	2.03745
38448	2.03743
38449	2.03741
38450	2.03738
38451	2.03736
38452	2.03734
38453	2.03733
38454	2.03731
38455	2.03729
38456	2.03727
38457	2.03725
38458	2.03723
38459	2.03721
38460	2.03719
38461	2.03718
38462	2.03716
38463	2.03714
38464	2.03713
38465	2.03711
38466	2.03709
38467	2.03708
38468	2.03706
38469	2.03705
38470	2.03703
38471	2.03702
38472	2.037
38473	2.03699
38474	2.03697
38475	2.03696
38476	2.03694
38477	2.03693
38478	2.03692
38479	2.0369
38480	2.03689
38481	2.03688
38482	2.03686
38483	2.03685
38484	2.03684
38485	2.03683
38486	2.03681
38487	2.0368
38488	2.03679
38489	2.03678
38490	2.03677
38491	2.03676
38492	2.03675
38493	2.03674
38494	2.03673
38495	2.03672
38496	2.03671
38497	2.0367
38498	2.03669
38499	2.03668
38500	2.03667
38501	2.03666
38502	2.03665
38503	2.03664
38504	2.03664
38505	2.03663
38506	2.03662
38507	2.03661
38508	2.0366
38509	2.0366
38510	2.03659
38511	2.03658
38512	2.03658
38513	2.03657
38514	2.03656
38515	2.03656
38516	2.03655
38517	2.03654
38518	2.03654
38519	2.03653
38520	2.03653
38521	2.03652
38522	2.03652
38523	2.03651
38524	2.03651
38525	2.0365
38526	2.0365
38527	2.03649
38528	2.03649
38529	2.03648
38530	2.03648
38531	2.03648
38532	2.03647
38533	2.03647
38534	2.03647
38535	2.03646
38536	2.03646
38537	2.03646
38538	2.03645
38539	2.03645
38540	2.03645
38541	2.03645
38542	2.03644
38543	2.03644
38544	2.03644
38545	2.03644
38546	2.03644
38547	2.03643
38548	2.03643
38549	2.03643
38550	2.03643
38551	2.03643
38552	2.03643
38553	2.03643
38554	2.03643
38555	2.03642
38556	2.03642
38557	2.03642
38558	2.03642
38559	2.03642
38560	2.03642
38561	2.03642
38562	2.03642
38563	2.03642
38564	2.03642
38565	2.03642
38566	2.03642
38567	2.03642
38568	2.03643
38569	2.03643
38570	2.03643
38571	2.03643
38572	2.03643
38573	2.03643
38574	2.03643
38575	2.03643
38576	2.03644
38577	2.03644
38578	2.03644
38579	2.03644
38580	2.03644
38581	2.03645
38582	2.03645
38583	2.03645
38584	2.03645
38585	2.03646
38586	2.03646
38587	2.03646
38588	2.03646
38589	2.03647
38590	2.03647
38591	2.03647
38592	2.03648
38593	2.03648
38594	2.03648
38595	2.03649
38596	2.03649
38597	2.0365
38598	2.0365
38599	2.0365
38600	2.03651
38601	2.03651
38602	2.03652
38603	2.03652
38604	2.03653
38605	2.03653
38606	2.03654
38607	2.03654
38608	2.03655
38609	2.03655
38610	2.03656
38611	2.03656
38612	2.03657
38613	2.03657
38614	2.03658
38615	2.03658
38616	2.03659
38617	2.0366
38618	2.0366
38619	2.03661
38620	2.03661
38621	2.03662
38622	2.03663
38623	2.03663
38624	2.03664
38625	2.03665
38626	2.03666
38627	2.03666
38628	2.03667
38629	2.03668
38630	2.03669
38631	2.03669
38632	2.0367
38633	2.03671
38634	2.03672
38635	2.03673
38636	2.03673
38637	2.03674
38638	2.03675
38639	2.03676
38640	2.03677
38641	2.03678
38642	2.03679
38643	2.0368
38644	2.03681
38645	2.03682
38646	2.03683
38647	2.03684
38648	2.03685
38649	2.03686
38650	2.03687
38651	2.03688
38652	2.03689
38653	2.0369
38654	2.03691
38655	2.03692
38656	2.03693
38657	2.03694
38658	2.03696
38659	2.03697
38660	2.03698
38661	2.03699
38662	2.037
38663	2.03702
38664	2.03703
38665	2.03704
38666	2.03705
38667	2.03707
38668	2.03708
38669	2.03709
38670	2.03711
38671	2.03712
38672	2.03713
38673	2.03715
38674	2.03716
38675	2.03718
38676	2.03719
38677	2.03721
38678	2.03722
38679	2.03724
38680	2.03725
38681	2.03727
38682	2.03728
38683	2.0373
38684	2.03732
38685	2.03733
38686	2.03735
38687	2.03737
38688	2.03738
38689	2.0374
38690	2.03742
38691	2.03744
38692	2.03745
38693	2.03747
38694	2.03749
38695	2.03751
38696	2.03753
38697	2.03755
38698	2.03757
38699	2.03758
38700	2.0376
38701	2.03762
38702	2.03764
38703	2.03766
38704	2.03768
38705	2.03771
38706	2.03773
38707	2.03775
38708	2.03777
38709	2.03779
38710	2.03781
38711	2.03783
38712	2.03786
38713	2.03788
38714	2.0379
38715	2.03792
38716	2.03795
38717	2.03797
38718	2.038
38719	2.03802
38720	2.03804
38721	2.03807
38722	2.03809
38723	2.03812
38724	2.03814
38725	2.03817
38726	2.03819
38727	2.03822
38728	2.03825
38729	2.03827
38730	2.0383
38731	2.03833
38732	2.03835
38733	2.03838
38734	2.03841
38735	2.03844
38736	2.03846
38737	2.03849
38738	2.03852
38739	2.03855
38740	2.03858
38741	2.03861
38742	2.03864
38743	2.03867
38744	2.0387
38745	2.03873
38746	2.03876
38747	2.03879
38748	2.03882
38749	2.03885
38750	2.03889
38751	2.03892
38752	2.03895
38753	2.03898
38754	2.03902
38755	2.03905
38756	2.03908
38757	2.03912
38758	2.03915
38759	2.03918
38760	2.03922
38761	2.03925
38762	2.03929
38763	2.03932
38764	2.03936
38765	2.03939
38766	2.03943
38767	2.03947
38768	2.0395
38769	2.03954
38770	2.03958
38771	2.03961
38772	2.03965
38773	2.03969
38774	2.03973
38775	2.03976
38776	2.0398
38777	2.03984
38778	2.03988
38779	2.03992
38780	2.03996
38781	2.04
38782	2.04004
38783	2.04008
38784	2.04012
38785	2.04016
38786	2.0402
38787	2.04024
38788	2.04028
38789	2.04032
38790	2.04036
38791	2.0404
38792	2.04045
38793	2.04049
38794	2.04053
38795	2.04057
38796	2.04062
38797	2.04066
38798	2.0407
38799	2.04074
38800	2.04079
38801	2.04083
38802	2.04088
38803	2.04092
38804	2.04096
38805	2.04101
38806	2.04105
38807	2.0411
38808	2.04114
38809	2.04119
38810	2.04123
38811	2.04128
38812	2.04132
38813	2.04137
38814	2.04141
38815	2.04146
38816	2.04151
38817	2.04155
38818	2.0416
38819	2.04164
38820	2.04169
38821	2.04174
38822	2.04178
38823	2.04183
38824	2.04188
38825	2.04192
38826	2.04197
38827	2.04202
38828	2.04207
38829	2.04211
38830	2.04216
38831	2.04221
38832	2.04225
38833	2.0423
38834	2.04235
38835	2.0424
38836	2.04244
38837	2.04249
38838	2.04254
38839	2.04259
38840	2.04264
38841	2.04268
38842	2.04273
38843	2.04278
38844	2.04283
38845	2.04287
38846	2.04292
38847	2.04297
38848	2.04302
38849	2.04306
38850	2.04311
38851	2.04316
38852	2.04321
38853	2.04325
38854	2.0433
38855	2.04335
38856	2.04339
38857	2.04344
38858	2.04349
38859	2.04354
38860	2.04358
38861	2.04363
38862	2.04368
38863	2.04372
38864	2.04377
38865	2.04381
38866	2.04386
38867	2.04391
38868	2.04395
38869	2.044
38870	2.04404
38871	2.04409
38872	2.04413
38873	2.04418
38874	2.04422
38875	2.04427
38876	2.04431
38877	2.04435
38878	2.0444
38879	2.04444
38880	2.04448
38881	2.04453
38882	2.04457
38883	2.04461
38884	2.04465
38885	2.0447
38886	2.04474
38887	2.04478
38888	2.04482
38889	2.04486
38890	2.0449
38891	2.04494
38892	2.04498
38893	2.04502
38894	2.04506
38895	2.0451
38896	2.04514
38897	2.04517
38898	2.04521
38899	2.04525
38900	2.04529
38901	2.04532
38902	2.04536
38903	2.0454
38904	2.04543
38905	2.04547
38906	2.0455
38907	2.04553
38908	2.04557
38909	2.0456
38910	2.04563
38911	2.04567
38912	2.0457
38913	2.04573
38914	2.04576
38915	2.04579
38916	2.04582
38917	2.04585
38918	2.04588
38919	2.04591
38920	2.04593
38921	2.04596
38922	2.04599
38923	2.04601
38924	2.04604
38925	2.04606
38926	2.04609
38927	2.04611
38928	2.04614
38929	2.04616
38930	2.04618
38931	2.0462
38932	2.04622
38933	2.04624
38934	2.04626
38935	2.04628
38936	2.0463
38937	2.04632
38938	2.04634
38939	2.04635
38940	2.04637
38941	2.04638
38942	2.0464
38943	2.04641
38944	2.04642
38945	2.04644
38946	2.04645
38947	2.04646
38948	2.04647
38949	2.04648
38950	2.04649
38951	2.0465
38952	2.04651
38953	2.04651
38954	2.04652
38955	2.04652
38956	2.04653
38957	2.04653
38958	2.04654
38959	2.04654
38960	2.04654
38961	2.04654
38962	2.04654
38963	2.04654
38964	2.04654
38965	2.04654
38966	2.04654
38967	2.04653
38968	2.04653
38969	2.04652
38970	2.04652
38971	2.04651
38972	2.0465
38973	2.0465
38974	2.04649
38975	2.04648
38976	2.04647
38977	2.04646
38978	2.04644
38979	2.04643
38980	2.04642
38981	2.0464
38982	2.04639
38983	2.04637
38984	2.04635
38985	2.04634
38986	2.04632
38987	2.0463
38988	2.04628
38989	2.04626
38990	2.04623
38991	2.04621
38992	2.04619
38993	2.04616
38994	2.04614
38995	2.04611
38996	2.04609
38997	2.04606
38998	2.04603
38999	2.046
39000	2.04597
39001	2.04594
39002	2.04591
39003	2.04587
39004	2.04584
39005	2.04581
39006	2.04577
39007	2.04574
39008	2.0457
39009	2.04566
39010	2.04562
39011	2.04558
39012	2.04554
39013	2.0455
39014	2.04546
39015	2.04542
39016	2.04538
39017	2.04533
39018	2.04529
39019	2.04524
39020	2.04519
39021	2.04515
39022	2.0451
39023	2.04505
39024	2.045
39025	2.04495
39026	2.0449
39027	2.04485
39028	2.04479
39029	2.04474
39030	2.04469
39031	2.04463
39032	2.04458
39033	2.04452
39034	2.04446
39035	2.0444
39036	2.04435
39037	2.04429
39038	2.04423
39039	2.04417
39040	2.0441
39041	2.04404
39042	2.04398
39043	2.04392
39044	2.04385
39045	2.04379
39046	2.04372
39047	2.04365
39048	2.04359
39049	2.04352
39050	2.04345
39051	2.04338
39052	2.04331
39053	2.04324
39054	2.04317
39055	2.0431
39056	2.04303
39057	2.04295
39058	2.04288
39059	2.04281
39060	2.04273
39061	2.04266
39062	2.04258
39063	2.0425
39064	2.04243
39065	2.04235
39066	2.04227
39067	2.04219
39068	2.04211
39069	2.04204
39070	2.04196
39071	2.04187
39072	2.04179
39073	2.04171
39074	2.04163
39075	2.04155
39076	2.04146
39077	2.04138
39078	2.0413
39079	2.04121
39080	2.04113
39081	2.04104
39082	2.04096
39083	2.04087
39084	2.04079
39085	2.0407
39086	2.04061
39087	2.04052
39088	2.04044
39089	2.04035
39090	2.04026
39091	2.04017
39092	2.04008
39093	2.03999
39094	2.0399
39095	2.03981
39096	2.03972
39097	2.03963
39098	2.03954
39099	2.03945
39100	2.03936
39101	2.03927
39102	2.03918
39103	2.03908
39104	2.03899
39105	2.0389
39106	2.03881
39107	2.03871
39108	2.03862
39109	2.03853
39110	2.03844
39111	2.03834
39112	2.03825
39113	2.03816
39114	2.03806
39115	2.03797
39116	2.03788
39117	2.03778
39118	2.03769
39119	2.03759
39120	2.0375
39121	2.03741
39122	2.03731
39123	2.03722
39124	2.03712
39125	2.03703
39126	2.03694
39127	2.03684
39128	2.03675
39129	2.03666
39130	2.03656
39131	2.03647
39132	2.03638
39133	2.03628
39134	2.03619
39135	2.0361
39136	2.036
39137	2.03591
39138	2.03582
39139	2.03573
39140	2.03563
39141	2.03554
39142	2.03545
39143	2.03536
39144	2.03527
39145	2.03517
39146	2.03508
39147	2.03499
39148	2.0349
39149	2.03481
39150	2.03472
39151	2.03463
39152	2.03454
39153	2.03445
39154	2.03436
39155	2.03428
39156	2.03419
39157	2.0341
39158	2.03401
39159	2.03393
39160	2.03384
39161	2.03375
39162	2.03367
39163	2.03358
39164	2.0335
39165	2.03341
39166	2.03333
39167	2.03324
39168	2.03316
39169	2.03308
39170	2.03299
39171	2.03291
39172	2.03283
39173	2.03275
39174	2.03267
39175	2.03259
39176	2.03251
39177	2.03243
39178	2.03235
39179	2.03227
39180	2.03219
39181	2.03212
39182	2.03204
39183	2.03196
39184	2.03189
39185	2.03181
39186	2.03174
39187	2.03167
39188	2.03159
39189	2.03152
39190	2.03145
39191	2.03138
39192	2.03131
39193	2.03124
39194	2.03117
39195	2.0311
39196	2.03103
39197	2.03096
39198	2.03089
39199	2.03083
39200	2.03076
39201	2.0307
39202	2.03063
39203	2.03057
39204	2.03051
39205	2.03044
39206	2.03038
39207	2.03032
39208	2.03026
39209	2.0302
39210	2.03014
39211	2.03009
39212	2.03003
39213	2.02997
39214	2.02992
39215	2.02986
39216	2.02981
39217	2.02975
39218	2.0297
39219	2.02965
39220	2.0296
39221	2.02955
39222	2.0295
39223	2.02945
39224	2.0294
39225	2.02935
39226	2.02931
39227	2.02926
39228	2.02921
39229	2.02917
39230	2.02913
39231	2.02908
39232	2.02904
39233	2.029
39234	2.02896
39235	2.02892
39236	2.02888
39237	2.02884
39238	2.02881
39239	2.02877
39240	2.02873
39241	2.0287
39242	2.02866
39243	2.02863
39244	2.0286
39245	2.02857
39246	2.02854
39247	2.02851
39248	2.02848
39249	2.02845
39250	2.02842
39251	2.02839
39252	2.02837
39253	2.02834
39254	2.02832
39255	2.02829
39256	2.02827
39257	2.02825
39258	2.02823
39259	2.02821
39260	2.02819
39261	2.02817
39262	2.02815
39263	2.02813
39264	2.02812
39265	2.0281
39266	2.02809
39267	2.02807
39268	2.02806
39269	2.02805
39270	2.02804
39271	2.02802
39272	2.02801
39273	2.028
39274	2.028
39275	2.02799
39276	2.02798
39277	2.02798
39278	2.02797
39279	2.02796
39280	2.02796
39281	2.02796
39282	2.02796
39283	2.02795
39284	2.02795
39285	2.02795
39286	2.02795
39287	2.02795
39288	2.02796
39289	2.02796
39290	2.02796
39291	2.02797
39292	2.02797
39293	2.02798
39294	2.02798
39295	2.02799
39296	2.028
39297	2.02801
39298	2.02802
39299	2.02803
39300	2.02804
39301	2.02805
39302	2.02806
39303	2.02807
39304	2.02808
39305	2.0281
39306	2.02811
39307	2.02813
39308	2.02814
39309	2.02816
39310	2.02818
39311	2.0282
39312	2.02821
39313	2.02823
39314	2.02825
39315	2.02827
39316	2.02829
39317	2.02832
39318	2.02834
39319	2.02836
39320	2.02838
39321	2.02841
39322	2.02843
39323	2.02846
39324	2.02848
39325	2.02851
39326	2.02854
39327	2.02856
39328	2.02859
39329	2.02862
39330	2.02865
39331	2.02868
39332	2.02871
39333	2.02874
39334	2.02877
39335	2.0288
39336	2.02883
39337	2.02886
39338	2.0289
39339	2.02893
39340	2.02896
39341	2.029
39342	2.02903
39343	2.02907
39344	2.0291
39345	2.02914
39346	2.02918
39347	2.02921
39348	2.02925
39349	2.02929
39350	2.02933
39351	2.02937
39352	2.0294
39353	2.02944
39354	2.02948
39355	2.02952
39356	2.02956
39357	2.0296
39358	2.02965
39359	2.02969
39360	2.02973
39361	2.02977
39362	2.02981
39363	2.02986
39364	2.0299
39365	2.02994
39366	2.02999
39367	2.03003
39368	2.03008
39369	2.03012
39370	2.03017
39371	2.03021
39372	2.03026
39373	2.0303
39374	2.03035
39375	2.03039
39376	2.03044
39377	2.03049
39378	2.03053
39379	2.03058
39380	2.03063
39381	2.03068
39382	2.03072
39383	2.03077
39384	2.03082
39385	2.03087
39386	2.03092
39387	2.03097
39388	2.03101
39389	2.03106
39390	2.03111
39391	2.03116
39392	2.03121
39393	2.03126
39394	2.03131
39395	2.03136
39396	2.03141
39397	2.03146
39398	2.03151
39399	2.03156
39400	2.03161
39401	2.03166
39402	2.03171
39403	2.03176
39404	2.03181
39405	2.03186
39406	2.03191
39407	2.03196
39408	2.03202
39409	2.03207
39410	2.03212
39411	2.03217
39412	2.03222
39413	2.03227
39414	2.03232
39415	2.03237
39416	2.03242
39417	2.03247
39418	2.03252
39419	2.03257
39420	2.03263
39421	2.03268
39422	2.03273
39423	2.03278
39424	2.03283
39425	2.03288
39426	2.03293
39427	2.03298
39428	2.03303
39429	2.03308
39430	2.03313
39431	2.03318
39432	2.03323
39433	2.03328
39434	2.03333
39435	2.03338
39436	2.03343
39437	2.03348
39438	2.03353
39439	2.03358
39440	2.03363
39441	2.03368
39442	2.03373
39443	2.03378
39444	2.03383
39445	2.03387
39446	2.03392
39447	2.03397
39448	2.03402
39449	2.03407
39450	2.03412
39451	2.03416
39452	2.03421
39453	2.03426
39454	2.03431
39455	2.03435
39456	2.0344
39457	2.03445
39458	2.03449
39459	2.03454
39460	2.03459
39461	2.03463
39462	2.03468
39463	2.03472
39464	2.03477
39465	2.03481
39466	2.03486
39467	2.0349
39468	2.03495
39469	2.03499
39470	2.03503
39471	2.03508
39472	2.03512
39473	2.03517
39474	2.03521
39475	2.03525
39476	2.03529
39477	2.03534
39478	2.03538
39479	2.03542
39480	2.03546
39481	2.0355
39482	2.03554
39483	2.03558
39484	2.03562
39485	2.03567
39486	2.03571
39487	2.03574
39488	2.03578
39489	2.03582
39490	2.03586
39491	2.0359
39492	2.03594
39493	2.03598
39494	2.03601
39495	2.03605
39496	2.03609
39497	2.03613
39498	2.03616
39499	2.0362
39500	2.03624
39501	2.03627
39502	2.03631
39503	2.03634
39504	2.03638
39505	2.03641
39506	2.03645
39507	2.03648
39508	2.03651
39509	2.03655
39510	2.03658
39511	2.03661
39512	2.03664
39513	2.03668
39514	2.03671
39515	2.03674
39516	2.03677
39517	2.0368
39518	2.03683
39519	2.03686
39520	2.03689
39521	2.03692
39522	2.03695
39523	2.03698
39524	2.03701
39525	2.03704
39526	2.03706
39527	2.03709
39528	2.03712
39529	2.03715
39530	2.03717
39531	2.0372
39532	2.03723
39533	2.03725
39534	2.03728
39535	2.0373
39536	2.03733
39537	2.03735
39538	2.03738
39539	2.0374
39540	2.03742
39541	2.03745
39542	2.03747
39543	2.03749
39544	2.03751
39545	2.03754
39546	2.03756
39547	2.03758
39548	2.0376
39549	2.03762
39550	2.03764
39551	2.03766
39552	2.03768
39553	2.0377
39554	2.03772
39555	2.03774
39556	2.03775
39557	2.03777
39558	2.03779
39559	2.03781
39560	2.03782
39561	2.03784
39562	2.03786
39563	2.03787
39564	2.03789
39565	2.0379
39566	2.03792
39567	2.03793
39568	2.03795
39569	2.03796
39570	2.03798
39571	2.03799
39572	2.038
39573	2.03802
39574	2.03803
39575	2.03804
39576	2.03805
39577	2.03807
39578	2.03808
39579	2.03809
39580	2.0381
39581	2.03811
39582	2.03812
39583	2.03813
39584	2.03814
39585	2.03815
39586	2.03816
39587	2.03816
39588	2.03817
39589	2.03818
39590	2.03819
39591	2.0382
39592	2.0382
39593	2.03821
39594	2.03822
39595	2.03822
39596	2.03823
39597	2.03823
39598	2.03824
39599	2.03824
39600	2.03825
39601	2.03825
39602	2.03826
39603	2.03826
39604	2.03827
39605	2.03827
39606	2.03827
39607	2.03827
39608	2.03828
39609	2.03828
39610	2.03828
39611	2.03828
39612	2.03828
39613	2.03828
39614	2.03828
39615	2.03829
39616	2.03829
39617	2.03829
39618	2.03828
39619	2.03828
39620	2.03828
39621	2.03828
39622	2.03828
39623	2.03828
39624	2.03828
39625	2.03827
39626	2.03827
39627	2.03827
39628	2.03827
39629	2.03826
39630	2.03826
39631	2.03825
39632	2.03825
39633	2.03825
39634	2.03824
39635	2.03824
39636	2.03823
39637	2.03823
39638	2.03822
39639	2.03821
39640	2.03821
39641	2.0382
39642	2.03819
39643	2.03819
39644	2.03818
39645	2.03817
39646	2.03816
39647	2.03816
39648	2.03815
39649	2.03814
39650	2.03813
39651	2.03812
39652	2.03811
39653	2.0381
39654	2.03809
39655	2.03808
39656	2.03807
39657	2.03806
39658	2.03805
39659	2.03804
39660	2.03803
39661	2.03802
39662	2.038
39663	2.03799
39664	2.03798
39665	2.03797
39666	2.03795
39667	2.03794
39668	2.03793
39669	2.03791
39670	2.0379
39671	2.03789
39672	2.03787
39673	2.03786
39674	2.03784
39675	2.03783
39676	2.03781
39677	2.0378
39678	2.03778
39679	2.03777
39680	2.03775
39681	2.03773
39682	2.03772
39683	2.0377
39684	2.03768
39685	2.03766
39686	2.03765
39687	2.03763
39688	2.03761
39689	2.03759
39690	2.03757
39691	2.03756
39692	2.03754
39693	2.03752
39694	2.0375
39695	2.03748
39696	2.03746
39697	2.03744
39698	2.03742
39699	2.0374
39700	2.03738
39701	2.03736
39702	2.03733
39703	2.03731
39704	2.03729
39705	2.03727
39706	2.03725
39707	2.03723
39708	2.0372
39709	2.03718
39710	2.03716
39711	2.03713
39712	2.03711
39713	2.03709
39714	2.03706
39715	2.03704
39716	2.03701
39717	2.03699
39718	2.03696
39719	2.03694
39720	2.03691
39721	2.03689
39722	2.03686
39723	2.03684
39724	2.03681
39725	2.03678
39726	2.03676
39727	2.03673
39728	2.0367
39729	2.03668
39730	2.03665
39731	2.03662
39732	2.03659
39733	2.03656
39734	2.03654
39735	2.03651
39736	2.03648
39737	2.03645
39738	2.03642
39739	2.03639
39740	2.03636
39741	2.03633
39742	2.0363
39743	2.03627
39744	2.03624
39745	2.03621
39746	2.03618
39747	2.03615
39748	2.03612
39749	2.03608
39750	2.03605
39751	2.03602
39752	2.03599
39753	2.03595
39754	2.03592
39755	2.03589
39756	2.03586
39757	2.03582
39758	2.03579
39759	2.03576
39760	2.03572
39761	2.03569
39762	2.03565
39763	2.03562
39764	2.03558
39765	2.03555
39766	2.03551
39767	2.03548
39768	2.03544
39769	2.03541
39770	2.03537
39771	2.03533
39772	2.0353
39773	2.03526
39774	2.03522
39775	2.03519
39776	2.03515
39777	2.03511
39778	2.03507
39779	2.03504
39780	2.035
39781	2.03496
39782	2.03492
39783	2.03488
39784	2.03484
39785	2.0348
39786	2.03476
39787	2.03473
39788	2.03469
39789	2.03465
39790	2.03461
39791	2.03457
39792	2.03452
39793	2.03448
39794	2.03444
39795	2.0344
39796	2.03436
39797	2.03432
39798	2.03428
39799	2.03424
39800	2.03419
39801	2.03415
39802	2.03411
39803	2.03407
39804	2.03403
39805	2.03398
39806	2.03394
39807	2.0339
39808	2.03385
39809	2.03381
39810	2.03377
39811	2.03372
39812	2.03368
39813	2.03363
39814	2.03359
39815	2.03355
39816	2.0335
39817	2.03346
39818	2.03341
39819	2.03337
39820	2.03332
39821	2.03328
39822	2.03323
39823	2.03318
39824	2.03314
39825	2.03309
39826	2.03305
39827	2.033
39828	2.03295
39829	2.03291
39830	2.03286
39831	2.03282
39832	2.03277
39833	2.03272
39834	2.03267
39835	2.03263
39836	2.03258
39837	2.03253
39838	2.03249
39839	2.03244
39840	2.03239
39841	2.03234
39842	2.03229
39843	2.03225
39844	2.0322
39845	2.03215
39846	2.0321
39847	2.03205
39848	2.03201
39849	2.03196
39850	2.03191
39851	2.03186
39852	2.03181
39853	2.03176
39854	2.03171
39855	2.03167
39856	2.03162
39857	2.03157
39858	2.03152
39859	2.03147
39860	2.03142
39861	2.03137
39862	2.03132
39863	2.03127
39864	2.03122
39865	2.03117
39866	2.03113
39867	2.03108
39868	2.03103
39869	2.03098
39870	2.03093
39871	2.03088
39872	2.03083
39873	2.03078
39874	2.03073
39875	2.03068
39876	2.03063
39877	2.03058
39878	2.03053
39879	2.03048
39880	2.03044
39881	2.03039
39882	2.03034
39883	2.03029
39884	2.03024
39885	2.03019
39886	2.03014
39887	2.03009
39888	2.03004
39889	2.03
39890	2.02995
39891	2.0299
39892	2.02985
39893	2.0298
39894	2.02975
39895	2.02971
39896	2.02966
39897	2.02961
39898	2.02956
39899	2.02951
39900	2.02947
39901	2.02942
39902	2.02937
39903	2.02933
39904	2.02928
39905	2.02923
39906	2.02919
39907	2.02914
39908	2.02909
39909	2.02905
39910	2.029
39911	2.02895
39912	2.02891
39913	2.02886
39914	2.02882
39915	2.02877
39916	2.02873
39917	2.02868
39918	2.02864
39919	2.0286
39920	2.02855
39921	2.02851
39922	2.02847
39923	2.02842
39924	2.02838
39925	2.02834
39926	2.02829
39927	2.02825
39928	2.02821
39929	2.02817
39930	2.02813
39931	2.02809
39932	2.02805
39933	2.02801
39934	2.02797
39935	2.02793
39936	2.02789
39937	2.02785
39938	2.02781
39939	2.02777
39940	2.02773
39941	2.02769
39942	2.02766
39943	2.02762
39944	2.02758
39945	2.02755
39946	2.02751
39947	2.02747
39948	2.02744
39949	2.0274
39950	2.02737
39951	2.02734
39952	2.0273
39953	2.02727
39954	2.02724
39955	2.0272
39956	2.02717
39957	2.02714
39958	2.02711
39959	2.02708
39960	2.02705
39961	2.02702
39962	2.02699
39963	2.02696
39964	2.02693
39965	2.02691
39966	2.02688
39967	2.02685
39968	2.02683
39969	2.0268
39970	2.02677
39971	2.02675
39972	2.02673
39973	2.0267
39974	2.02668
39975	2.02666
39976	2.02663
39977	2.02661
39978	2.02659
39979	2.02657
39980	2.02655
39981	2.02653
39982	2.02651
39983	2.0265
39984	2.02648
39985	2.02646
39986	2.02644
39987	2.02643
39988	2.02641
39989	2.0264
39990	2.02639
39991	2.02637
39992	2.02636
39993	2.02635
39994	2.02634
39995	2.02633
39996	2.02631
39997	2.02631
39998	2.0263
39999	2.02629
40000	2.02628
40001	2.02627
40002	2.02627
40003	2.02626
40004	2.02626
40005	2.02625
40006	2.02625
40007	2.02625
40008	2.02624
40009	2.02624
40010	2.02624
40011	2.02624
40012	2.02624
40013	2.02624
40014	2.02625
40015	2.02625
40016	2.02625
40017	2.02626
40018	2.02626
40019	2.02627
40020	2.02627
40021	2.02628
40022	2.02629
40023	2.0263
40024	2.02631
40025	2.02632
40026	2.02633
40027	2.02634
40028	2.02635
40029	2.02637
40030	2.02638
40031	2.0264
40032	2.02641
40033	2.02643
40034	2.02644
40035	2.02646
40036	2.02648
40037	2.0265
40038	2.02652
40039	2.02654
40040	2.02656
40041	2.02659
40042	2.02661
40043	2.02663
40044	2.02666
40045	2.02668
40046	2.02671
40047	2.02674
40048	2.02677
40049	2.0268
40050	2.02682
40051	2.02686
40052	2.02689
40053	2.02692
40054	2.02695
40055	2.02699
40056	2.02702
40057	2.02706
40058	2.02709
40059	2.02713
40060	2.02717
40061	2.0272
40062	2.02724
40063	2.02728
40064	2.02732
40065	2.02737
40066	2.02741
40067	2.02745
40068	2.0275
40069	2.02754
40070	2.02759
40071	2.02763
40072	2.02768
40073	2.02773
40074	2.02778
40075	2.02783
40076	2.02788
40077	2.02793
40078	2.02798
40079	2.02803
40080	2.02809
40081	2.02814
40082	2.0282
40083	2.02825
40084	2.02831
40085	2.02837
40086	2.02842
40087	2.02848
40088	2.02854
40089	2.0286
40090	2.02866
40091	2.02873
40092	2.02879
40093	2.02885
40094	2.02892
40095	2.02898
40096	2.02905
40097	2.02911
40098	2.02918
40099	2.02925
40100	2.02932
40101	2.02939
40102	2.02946
40103	2.02953
40104	2.0296
40105	2.02967
40106	2.02974
40107	2.02982
40108	2.02989
40109	2.02996
40110	2.03004
40111	2.03012
40112	2.03019
40113	2.03027
40114	2.03035
40115	2.03043
40116	2.03051
40117	2.03059
40118	2.03067
40119	2.03075
40120	2.03083
40121	2.03091
40122	2.031
40123	2.03108
40124	2.03116
40125	2.03125
40126	2.03133
40127	2.03142
40128	2.03151
40129	2.03159
40130	2.03168
40131	2.03177
40132	2.03186
40133	2.03195
40134	2.03204
40135	2.03213
40136	2.03222
40137	2.03231
40138	2.0324
40139	2.03249
40140	2.03259
40141	2.03268
40142	2.03277
40143	2.03287
40144	2.03296
40145	2.03306
40146	2.03315
40147	2.03325
40148	2.03335
40149	2.03344
40150	2.03354
40151	2.03364
40152	2.03374
40153	2.03384
40154	2.03393
40155	2.03403
40156	2.03413
40157	2.03423
40158	2.03433
40159	2.03443
40160	2.03454
40161	2.03464
40162	2.03474
40163	2.03484
40164	2.03494
40165	2.03504
40166	2.03515
40167	2.03525
40168	2.03535
40169	2.03546
40170	2.03556
40171	2.03566
40172	2.03577
40173	2.03587
40174	2.03598
40175	2.03608
40176	2.03619
40177	2.03629
40178	2.0364
40179	2.0365
40180	2.03661
40181	2.03671
40182	2.03682
40183	2.03693
40184	2.03703
40185	2.03714
40186	2.03724
40187	2.03735
40188	2.03746
40189	2.03756
40190	2.03767
40191	2.03778
40192	2.03788
40193	2.03799
40194	2.03809
40195	2.0382
40196	2.03831
40197	2.03841
40198	2.03852
40199	2.03863
40200	2.03873
40201	2.03884
40202	2.03895
40203	2.03905
40204	2.03916
40205	2.03926
40206	2.03937
40207	2.03948
40208	2.03958
40209	2.03969
40210	2.03979
40211	2.0399
40212	2.04
40213	2.04011
40214	2.04021
40215	2.04032
40216	2.04042
40217	2.04053
40218	2.04063
40219	2.04073
40220	2.04084
40221	2.04094
40222	2.04104
40223	2.04114
40224	2.04125
40225	2.04135
40226	2.04145
40227	2.04155
40228	2.04165
40229	2.04175
40230	2.04186
40231	2.04196
40232	2.04206
40233	2.04215
40234	2.04225
40235	2.04235
40236	2.04245
40237	2.04255
40238	2.04265
40239	2.04274
40240	2.04284
40241	2.04294
40242	2.04303
40243	2.04313
40244	2.04322
40245	2.04332
40246	2.04341
40247	2.04351
40248	2.0436
40249	2.04369
40250	2.04378
40251	2.04388
40252	2.04397
40253	2.04406
40254	2.04415
40255	2.04424
40256	2.04433
40257	2.04442
40258	2.0445
40259	2.04459
40260	2.04468
40261	2.04476
40262	2.04485
40263	2.04493
40264	2.04502
40265	2.0451
40266	2.04519
40267	2.04527
40268	2.04535
40269	2.04543
40270	2.04551
40271	2.04559
40272	2.04567
40273	2.04575
40274	2.04583
40275	2.04591
40276	2.04598
40277	2.04606
40278	2.04614
40279	2.04621
40280	2.04628
40281	2.04636
40282	2.04643
40283	2.0465
40284	2.04657
40285	2.04664
40286	2.04671
40287	2.04678
40288	2.04685
40289	2.04692
40290	2.04699
40291	2.04705
40292	2.04712
40293	2.04718
40294	2.04725
40295	2.04731
40296	2.04737
40297	2.04743
40298	2.04749
40299	2.04755
40300	2.04761
40301	2.04767
40302	2.04773
40303	2.04778
40304	2.04784
40305	2.0479
40306	2.04795
40307	2.048
40308	2.04806
40309	2.04811
40310	2.04816
40311	2.04821
40312	2.04826
40313	2.04831
40314	2.04836
40315	2.0484
40316	2.04845
40317	2.04849
40318	2.04854
40319	2.04858
40320	2.04863
40321	2.04867
40322	2.04871
40323	2.04875
40324	2.04879
40325	2.04883
40326	2.04887
40327	2.0489
40328	2.04894
40329	2.04897
40330	2.04901
40331	2.04904
40332	2.04907
40333	2.04911
40334	2.04914
40335	2.04917
40336	2.0492
40337	2.04923
40338	2.04925
40339	2.04928
40340	2.04931
40341	2.04933
40342	2.04935
40343	2.04938
40344	2.0494
40345	2.04942
40346	2.04944
40347	2.04946
40348	2.04948
40349	2.0495
40350	2.04952
40351	2.04954
40352	2.04955
40353	2.04957
40354	2.04958
40355	2.04959
40356	2.04961
40357	2.04962
40358	2.04963
40359	2.04964
40360	2.04965
40361	2.04966
40362	2.04966
40363	2.04967
40364	2.04968
40365	2.04968
40366	2.04969
40367	2.04969
40368	2.04969
40369	2.04969
40370	2.0497
40371	2.0497
40372	2.0497
40373	2.04969
40374	2.04969
40375	2.04969
40376	2.04969
40377	2.04968
40378	2.04968
40379	2.04967
40380	2.04966
40381	2.04966
40382	2.04965
40383	2.04964
40384	2.04963
40385	2.04962
40386	2.04961
40387	2.0496
40388	2.04958
40389	2.04957
40390	2.04956
40391	2.04954
40392	2.04953
40393	2.04951
40394	2.04949
40395	2.04948
40396	2.04946
40397	2.04944
40398	2.04942
40399	2.0494
40400	2.04938
40401	2.04936
40402	2.04934
40403	2.04931
40404	2.04929
40405	2.04927
40406	2.04924
40407	2.04921
40408	2.04919
40409	2.04916
40410	2.04913
40411	2.04911
40412	2.04908
40413	2.04905
40414	2.04902
40415	2.04899
40416	2.04896
40417	2.04893
40418	2.04889
40419	2.04886
40420	2.04883
40421	2.0488
40422	2.04876
40423	2.04873
40424	2.04869
40425	2.04865
40426	2.04862
40427	2.04858
40428	2.04854
40429	2.04851
40430	2.04847
40431	2.04843
40432	2.04839
40433	2.04835
40434	2.04831
40435	2.04827
40436	2.04823
40437	2.04818
40438	2.04814
40439	2.0481
40440	2.04806
40441	2.04801
40442	2.04797
40443	2.04792
40444	2.04788
40445	2.04783
40446	2.04779
40447	2.04774
40448	2.0477
40449	2.04765
40450	2.0476
40451	2.04755
40452	2.04751
40453	2.04746
40454	2.04741
40455	2.04736
40456	2.04731
40457	2.04726
40458	2.04721
40459	2.04716
40460	2.04711
40461	2.04706
40462	2.04701
40463	2.04696
40464	2.04691
40465	2.04685
40466	2.0468
40467	2.04675
40468	2.0467
40469	2.04664
40470	2.04659
40471	2.04654
40472	2.04648
40473	2.04643
40474	2.04637
40475	2.04632
40476	2.04627
40477	2.04621
40478	2.04616
40479	2.0461
40480	2.04604
40481	2.04599
40482	2.04593
40483	2.04588
40484	2.04582
40485	2.04577
40486	2.04571
40487	2.04565
40488	2.0456
40489	2.04554
40490	2.04548
40491	2.04542
40492	2.04537
40493	2.04531
40494	2.04525
40495	2.0452
40496	2.04514
40497	2.04508
40498	2.04502
40499	2.04497
40500	2.04491
40501	2.04485
40502	2.04479
40503	2.04473
40504	2.04468
40505	2.04462
40506	2.04456
40507	2.0445
40508	2.04444
40509	2.04438
40510	2.04433
40511	2.04427
40512	2.04421
40513	2.04415
40514	2.04409
40515	2.04404
40516	2.04398
40517	2.04392
40518	2.04386
40519	2.0438
40520	2.04375
40521	2.04369
40522	2.04363
40523	2.04357
40524	2.04351
40525	2.04346
40526	2.0434
40527	2.04334
40528	2.04328
40529	2.04323
40530	2.04317
40531	2.04311
40532	2.04305
40533	2.043
40534	2.04294
40535	2.04288
40536	2.04283
40537	2.04277
40538	2.04271
40539	2.04266
40540	2.0426
40541	2.04255
40542	2.04249
40543	2.04243
40544	2.04238
40545	2.04232
40546	2.04227
40547	2.04221
40548	2.04216
40549	2.0421
40550	2.04205
40551	2.04199
40552	2.04194
40553	2.04188
40554	2.04183
40555	2.04178
40556	2.04172
40557	2.04167
40558	2.04162
40559	2.04156
40560	2.04151
40561	2.04146
40562	2.0414
40563	2.04135
40564	2.0413
40565	2.04125
40566	2.0412
40567	2.04115
40568	2.04109
40569	2.04104
40570	2.04099
40571	2.04094
40572	2.04089
40573	2.04084
40574	2.04079
40575	2.04074
40576	2.04069
40577	2.04064
40578	2.0406
40579	2.04055
40580	2.0405
40581	2.04045
40582	2.0404
40583	2.04036
40584	2.04031
40585	2.04026
40586	2.04021
40587	2.04017
40588	2.04012
40589	2.04008
40590	2.04003
40591	2.03998
40592	2.03994
40593	2.03989
40594	2.03985
40595	2.0398
40596	2.03976
40597	2.03972
40598	2.03967
40599	2.03963
40600	2.03959
40601	2.03954
40602	2.0395
40603	2.03946
40604	2.03942
40605	2.03938
40606	2.03934
40607	2.03929
40608	2.03925
40609	2.03921
40610	2.03917
40611	2.03913
40612	2.03909
40613	2.03905
40614	2.03901
40615	2.03898
40616	2.03894
40617	2.0389
40618	2.03886
40619	2.03882
40620	2.03879
40621	2.03875
40622	2.03871
40623	2.03868
40624	2.03864
40625	2.03861
40626	2.03857
40627	2.03853
40628	2.0385
40629	2.03847
40630	2.03843
40631	2.0384
40632	2.03836
40633	2.03833
40634	2.0383
40635	2.03826
40636	2.03823
40637	2.0382
40638	2.03817
40639	2.03813
40640	2.0381
40641	2.03807
40642	2.03804
40643	2.03801
40644	2.03798
40645	2.03795
40646	2.03792
40647	2.03789
40648	2.03786
40649	2.03783
40650	2.03781
40651	2.03778
40652	2.03775
40653	2.03772
40654	2.03769
40655	2.03767
40656	2.03764
40657	2.03761
40658	2.03759
40659	2.03756
40660	2.03754
40661	2.03751
40662	2.03748
40663	2.03746
40664	2.03744
40665	2.03741
40666	2.03739
40667	2.03736
40668	2.03734
40669	2.03732
40670	2.03729
40671	2.03727
40672	2.03725
40673	2.03723
40674	2.0372
40675	2.03718
40676	2.03716
40677	2.03714
40678	2.03712
40679	2.0371
40680	2.03708
40681	2.03706
40682	2.03704
40683	2.03702
40684	2.037
40685	2.03698
40686	2.03696
40687	2.03694
40688	2.03692
40689	2.0369
40690	2.03689
40691	2.03687
40692	2.03685
40693	2.03683
40694	2.03682
40695	2.0368
40696	2.03678
40697	2.03677
40698	2.03675
40699	2.03673
40700	2.03672
40701	2.0367
40702	2.03669
40703	2.03667
40704	2.03666
40705	2.03664
40706	2.03663
40707	2.03661
40708	2.0366
40709	2.03659
40710	2.03657
40711	2.03656
40712	2.03655
40713	2.03653
40714	2.03652
40715	2.03651
40716	2.0365
40717	2.03648
40718	2.03647
40719	2.03646
40720	2.03645
40721	2.03644
40722	2.03643
40723	2.03642
40724	2.0364
40725	2.03639
40726	2.03638
40727	2.03637
40728	2.03636
40729	2.03635
40730	2.03634
40731	2.03633
40732	2.03633
40733	2.03632
40734	2.03631
40735	2.0363
40736	2.03629
40737	2.03628
40738	2.03627
40739	2.03626
40740	2.03626
40741	2.03625
40742	2.03624
40743	2.03623
40744	2.03623
40745	2.03622
40746	2.03621
40747	2.0362
40748	2.0362
40749	2.03619
40750	2.03618
40751	2.03618
40752	2.03617
40753	2.03617
40754	2.03616
40755	2.03615
40756	2.03615
40757	2.03614
40758	2.03614
40759	2.03613
40760	2.03613
40761	2.03612
40762	2.03612
40763	2.03611
40764	2.03611
40765	2.03611
40766	2.0361
40767	2.0361
40768	2.03609
40769	2.03609
40770	2.03609
40771	2.03608
40772	2.03608
40773	2.03608
40774	2.03607
40775	2.03607
40776	2.03607
40777	2.03606
40778	2.03606
40779	2.03606
40780	2.03606
40781	2.03605
40782	2.03605
40783	2.03605
40784	2.03605
40785	2.03605
40786	2.03604
40787	2.03604
40788	2.03604
40789	2.03604
40790	2.03604
40791	2.03604
40792	2.03604
40793	2.03604
40794	2.03603
40795	2.03603
40796	2.03603
40797	2.03603
40798	2.03603
40799	2.03603
40800	2.03603
40801	2.03603
40802	2.03603
40803	2.03603
40804	2.03603
40805	2.03603
40806	2.03603
40807	2.03603
40808	2.03603
40809	2.03604
40810	2.03604
40811	2.03604
40812	2.03604
40813	2.03604
40814	2.03604
40815	2.03604
40816	2.03604
40817	2.03605
40818	2.03605
40819	2.03605
40820	2.03605
40821	2.03605
40822	2.03606
40823	2.03606
40824	2.03606
40825	2.03606
40826	2.03607
40827	2.03607
40828	2.03607
40829	2.03607
40830	2.03608
40831	2.03608
40832	2.03608
40833	2.03609
40834	2.03609
40835	2.0361
40836	2.0361
40837	2.0361
40838	2.03611
40839	2.03611
40840	2.03612
40841	2.03612
40842	2.03612
40843	2.03613
40844	2.03613
40845	2.03614
40846	2.03614
40847	2.03615
40848	2.03615
40849	2.03616
40850	2.03616
40851	2.03617
40852	2.03618
40853	2.03618
40854	2.03619
40855	2.03619
40856	2.0362
40857	2.03621
40858	2.03621
40859	2.03622
40860	2.03623
40861	2.03623
40862	2.03624
40863	2.03625
40864	2.03625
40865	2.03626
40866	2.03627
40867	2.03628
40868	2.03628
40869	2.03629
40870	2.0363
40871	2.03631
40872	2.03632
40873	2.03633
40874	2.03633
40875	2.03634
40876	2.03635
40877	2.03636
40878	2.03637
40879	2.03638
40880	2.03639
40881	2.0364
40882	2.03641
40883	2.03642
40884	2.03643
40885	2.03644
40886	2.03645
40887	2.03646
40888	2.03647
40889	2.03648
40890	2.0365
40891	2.03651
40892	2.03652
40893	2.03653
40894	2.03654
40895	2.03655
40896	2.03657
40897	2.03658
40898	2.03659
40899	2.0366
40900	2.03662
40901	2.03663
40902	2.03664
40903	2.03666
40904	2.03667
40905	2.03669
40906	2.0367
40907	2.03671
40908	2.03673
40909	2.03674
40910	2.03676
40911	2.03677
40912	2.03679
40913	2.0368
40914	2.03682
40915	2.03684
40916	2.03685
40917	2.03687
40918	2.03689
40919	2.0369
40920	2.03692
40921	2.03694
40922	2.03695
40923	2.03697
40924	2.03699
40925	2.03701
40926	2.03703
40927	2.03704
40928	2.03706
40929	2.03708
40930	2.0371
40931	2.03712
40932	2.03714
40933	2.03716
40934	2.03718
40935	2.0372
40936	2.03722
40937	2.03724
40938	2.03726
40939	2.03728
40940	2.0373
40941	2.03733
40942	2.03735
40943	2.03737
40944	2.03739
40945	2.03742
40946	2.03744
40947	2.03746
40948	2.03748
40949	2.03751
40950	2.03753
40951	2.03756
40952	2.03758
40953	2.03761
40954	2.03763
40955	2.03765
40956	2.03768
40957	2.03771
40958	2.03773
40959	2.03776
40960	2.03778
40961	2.03781
40962	2.03784
40963	2.03786
40964	2.03789
40965	2.03792
40966	2.03795
40967	2.03797
40968	2.038
40969	2.03803
40970	2.03806
40971	2.03809
40972	2.03812
40973	2.03815
40974	2.03818
40975	2.03821
40976	2.03824
40977	2.03827
40978	2.0383
40979	2.03833
40980	2.03836
40981	2.03839
40982	2.03842
40983	2.03846
40984	2.03849
40985	2.03852
40986	2.03855
40987	2.03859
40988	2.03862
40989	2.03865
40990	2.03869
40991	2.03872
40992	2.03876
40993	2.03879
40994	2.03882
40995	2.03886
40996	2.03889
40997	2.03893
40998	2.03897
40999	2.039
41000	2.03904
41001	2.03907
41002	2.03911
41003	2.03915
41004	2.03918
41005	2.03922
41006	2.03926
41007	2.0393
41008	2.03933
41009	2.03937
41010	2.03941
41011	2.03945
41012	2.03949
41013	2.03953
41014	2.03957
41015	2.03961
41016	2.03965
41017	2.03969
41018	2.03973
41019	2.03977
41020	2.03981
41021	2.03985
41022	2.03989
41023	2.03993
41024	2.03997
41025	2.04001
41026	2.04005
41027	2.04009
41028	2.04014
41029	2.04018
41030	2.04022
41031	2.04026
41032	2.04031
41033	2.04035
41034	2.04039
41035	2.04043
41036	2.04048
41037	2.04052
41038	2.04056
41039	2.04061
41040	2.04065
41041	2.0407
41042	2.04074
41043	2.04078
41044	2.04083
41045	2.04087
41046	2.04092
41047	2.04096
41048	2.04101
41049	2.04105
41050	2.0411
41051	2.04114
41052	2.04119
41053	2.04123
41054	2.04128
41055	2.04132
41056	2.04137
41057	2.04141
41058	2.04146
41059	2.0415
41060	2.04155
41061	2.0416
41062	2.04164
41063	2.04169
41064	2.04173
41065	2.04178
41066	2.04182
41067	2.04187
41068	2.04192
41069	2.04196
41070	2.04201
41071	2.04205
41072	2.0421
41073	2.04215
41074	2.04219
41075	2.04224
41076	2.04228
41077	2.04233
41078	2.04238
41079	2.04242
41080	2.04247
41081	2.04251
41082	2.04256
41083	2.0426
41084	2.04265
41085	2.0427
41086	2.04274
41087	2.04279
41088	2.04283
41089	2.04288
41090	2.04292
41091	2.04297
41092	2.04301
41093	2.04306
41094	2.0431
41095	2.04315
41096	2.04319
41097	2.04323
41098	2.04328
41099	2.04332
41100	2.04337
41101	2.04341
41102	2.04345
41103	2.0435
41104	2.04354
41105	2.04358
41106	2.04362
41107	2.04367
41108	2.04371
41109	2.04375
41110	2.04379
41111	2.04383
41112	2.04388
41113	2.04392
41114	2.04396
41115	2.044
41116	2.04404
41117	2.04408
41118	2.04412
41119	2.04416
41120	2.0442
41121	2.04424
41122	2.04427
41123	2.04431
41124	2.04435
41125	2.04439
41126	2.04443
41127	2.04446
41128	2.0445
41129	2.04454
41130	2.04457
41131	2.04461
41132	2.04464
41133	2.04468
41134	2.04471
41135	2.04475
41136	2.04478
41137	2.04481
41138	2.04485
41139	2.04488
41140	2.04491
41141	2.04494
41142	2.04498
41143	2.04501
41144	2.04504
41145	2.04507
41146	2.0451
41147	2.04513
41148	2.04516
41149	2.04518
41150	2.04521
41151	2.04524
41152	2.04527
41153	2.04529
41154	2.04532
41155	2.04534
41156	2.04537
41157	2.04539
41158	2.04542
41159	2.04544
41160	2.04546
41161	2.04549
41162	2.04551
41163	2.04553
41164	2.04555
41165	2.04557
41166	2.04559
41167	2.04561
41168	2.04563
41169	2.04565
41170	2.04566
41171	2.04568
41172	2.0457
41173	2.04571
41174	2.04573
41175	2.04574
41176	2.04576
41177	2.04577
41178	2.04578
41179	2.04579
41180	2.04581
41181	2.04582
41182	2.04583
41183	2.04584
41184	2.04585
41185	2.04585
41186	2.04586
41187	2.04587
41188	2.04588
41189	2.04588
41190	2.04589
41191	2.04589
41192	2.04589
41193	2.0459
41194	2.0459
41195	2.0459
41196	2.0459
41197	2.0459
41198	2.0459
41199	2.0459
41200	2.0459
41201	2.0459
41202	2.0459
41203	2.04589
41204	2.04589
41205	2.04588
41206	2.04588
41207	2.04587
41208	2.04586
41209	2.04586
41210	2.04585
41211	2.04584
41212	2.04583
41213	2.04582
41214	2.04581
41215	2.04579
41216	2.04578
41217	2.04577
41218	2.04575
41219	2.04574
41220	2.04572
41221	2.04571
41222	2.04569
41223	2.04567
41224	2.04565
41225	2.04563
41226	2.04561
41227	2.04559
41228	2.04557
41229	2.04555
41230	2.04553
41231	2.0455
41232	2.04548
41233	2.04545
41234	2.04543
41235	2.0454
41236	2.04537
41237	2.04535
41238	2.04532
41239	2.04529
41240	2.04526
41241	2.04523
41242	2.0452
41243	2.04516
41244	2.04513
41245	2.0451
41246	2.04506
41247	2.04503
41248	2.04499
41249	2.04496
41250	2.04492
41251	2.04488
41252	2.04484
41253	2.0448
41254	2.04476
41255	2.04472
41256	2.04468
41257	2.04464
41258	2.0446
41259	2.04455
41260	2.04451
41261	2.04447
41262	2.04442
41263	2.04437
41264	2.04433
41265	2.04428
41266	2.04423
41267	2.04418
41268	2.04414
41269	2.04409
41270	2.04404
41271	2.04398
41272	2.04393
41273	2.04388
41274	2.04383
41275	2.04377
41276	2.04372
41277	2.04367
41278	2.04361
41279	2.04355
41280	2.0435
41281	2.04344
41282	2.04338
41283	2.04333
41284	2.04327
41285	2.04321
41286	2.04315
41287	2.04309
41288	2.04303
41289	2.04296
41290	2.0429
41291	2.04284
41292	2.04278
41293	2.04271
41294	2.04265
41295	2.04258
41296	2.04252
41297	2.04245
41298	2.04239
41299	2.04232
41300	2.04225
41301	2.04219
41302	2.04212
41303	2.04205
41304	2.04198
41305	2.04191
41306	2.04184
41307	2.04177
41308	2.0417
41309	2.04163
41310	2.04156
41311	2.04149
41312	2.04142
41313	2.04135
41314	2.04127
41315	2.0412
41316	2.04113
41317	2.04105
41318	2.04098
41319	2.0409
41320	2.04083
41321	2.04075
41322	2.04068
41323	2.0406
41324	2.04053
41325	2.04045
41326	2.04037
41327	2.0403
41328	2.04022
41329	2.04014
41330	2.04006
41331	2.03999
41332	2.03991
41333	2.03983
41334	2.03975
41335	2.03967
41336	2.03959
41337	2.03952
41338	2.03944
41339	2.03936
41340	2.03928
41341	2.0392
41342	2.03912
41343	2.03904
41344	2.03896
41345	2.03888
41346	2.0388
41347	2.03872
41348	2.03864
41349	2.03856
41350	2.03847
41351	2.03839
41352	2.03831
41353	2.03823
41354	2.03815
41355	2.03807
41356	2.03799
41357	2.03791
41358	2.03783
41359	2.03775
41360	2.03767
41361	2.03758
41362	2.0375
41363	2.03742
41364	2.03734
41365	2.03726
41366	2.03718
41367	2.0371
41368	2.03702
41369	2.03694
41370	2.03686
41371	2.03678
41372	2.0367
41373	2.03662
41374	2.03654
41375	2.03646
41376	2.03638
41377	2.0363
41378	2.03622
41379	2.03614
41380	2.03606
41381	2.03598
41382	2.0359
41383	2.03583
41384	2.03575
41385	2.03567
41386	2.03559
41387	2.03551
41388	2.03544
41389	2.03536
41390	2.03528
41391	2.03521
41392	2.03513
41393	2.03505
41394	2.03498
41395	2.0349
41396	2.03483
41397	2.03475
41398	2.03468
41399	2.0346
41400	2.03453
41401	2.03446
41402	2.03438
41403	2.03431
41404	2.03424
41405	2.03417
41406	2.03409
41407	2.03402
41408	2.03395
41409	2.03388
41410	2.03381
41411	2.03374
41412	2.03367
41413	2.0336
41414	2.03353
41415	2.03347
41416	2.0334
41417	2.03333
41418	2.03326
41419	2.0332
41420	2.03313
41421	2.03307
41422	2.033
41423	2.03294
41424	2.03287
41425	2.03281
41426	2.03274
41427	2.03268
41428	2.03262
41429	2.03256
41430	2.0325
41431	2.03244
41432	2.03238
41433	2.03232
41434	2.03226
41435	2.0322
41436	2.03214
41437	2.03208
41438	2.03203
41439	2.03197
41440	2.03192
41441	2.03186
41442	2.03181
41443	2.03175
41444	2.0317
41445	2.03165
41446	2.03159
41447	2.03154
41448	2.03149
41449	2.03144
41450	2.03139
41451	2.03134
41452	2.03129
41453	2.03124
41454	2.0312
41455	2.03115
41456	2.0311
41457	2.03106
41458	2.03101
41459	2.03097
41460	2.03092
41461	2.03088
41462	2.03084
41463	2.0308
41464	2.03075
41465	2.03071
41466	2.03067
41467	2.03063
41468	2.03059
41469	2.03056
41470	2.03052
41471	2.03048
41472	2.03045
41473	2.03041
41474	2.03038
41475	2.03034
41476	2.03031
41477	2.03027
41478	2.03024
41479	2.03021
41480	2.03018
41481	2.03015
41482	2.03012
41483	2.03009
41484	2.03006
41485	2.03003
41486	2.03001
41487	2.02998
41488	2.02996
41489	2.02993
41490	2.02991
41491	2.02988
41492	2.02986
41493	2.02984
41494	2.02981
41495	2.02979
41496	2.02977
41497	2.02975
41498	2.02973
41499	2.02971
41500	2.0297
41501	2.02968
41502	2.02966
41503	2.02965
41504	2.02963
41505	2.02962
41506	2.0296
41507	2.02959
41508	2.02958
41509	2.02956
41510	2.02955
41511	2.02954
41512	2.02953
41513	2.02952
41514	2.02951
41515	2.02951
41516	2.0295
41517	2.02949
41518	2.02948
41519	2.02948
41520	2.02947
41521	2.02947
41522	2.02946
41523	2.02946
41524	2.02946
41525	2.02946
41526	2.02946
41527	2.02945
41528	2.02945
41529	2.02945
41530	2.02946
41531	2.02946
41532	2.02946
41533	2.02946
41534	2.02946
41535	2.02947
41536	2.02947
41537	2.02948
41538	2.02948
41539	2.02949
41540	2.0295
41541	2.0295
41542	2.02951
41543	2.02952
41544	2.02953
41545	2.02954
41546	2.02955
41547	2.02956
41548	2.02957
41549	2.02958
41550	2.02959
41551	2.0296
41552	2.02962
41553	2.02963
41554	2.02964
41555	2.02966
41556	2.02967
41557	2.02969
41558	2.02971
41559	2.02972
41560	2.02974
41561	2.02976
41562	2.02977
41563	2.02979
41564	2.02981
41565	2.02983
41566	2.02985
41567	2.02987
41568	2.02989
41569	2.02991
41570	2.02993
41571	2.02996
41572	2.02998
41573	2.03
41574	2.03002
41575	2.03005
41576	2.03007
41577	2.0301
41578	2.03012
41579	2.03015
41580	2.03017
41581	2.0302
41582	2.03022
41583	2.03025
41584	2.03028
41585	2.03031
41586	2.03033
41587	2.03036
41588	2.03039
41589	2.03042
41590	2.03045
41591	2.03048
41592	2.03051
41593	2.03054
41594	2.03057
41595	2.0306
41596	2.03063
41597	2.03066
41598	2.03069
41599	2.03073
41600	2.03076
41601	2.03079
41602	2.03082
41603	2.03086
41604	2.03089
41605	2.03092
41606	2.03096
41607	2.03099
41608	2.03103
41609	2.03106
41610	2.0311
41611	2.03113
41612	2.03117
41613	2.0312
41614	2.03124
41615	2.03127
41616	2.03131
41617	2.03135
41618	2.03138
41619	2.03142
41620	2.03146
41621	2.03149
41622	2.03153
41623	2.03157
41624	2.03161
41625	2.03164
41626	2.03168
41627	2.03172
41628	2.03176
41629	2.0318
41630	2.03183
41631	2.03187
41632	2.03191
41633	2.03195
41634	2.03199
41635	2.03203
41636	2.03207
41637	2.03211
41638	2.03215
41639	2.03219
41640	2.03223
41641	2.03227
41642	2.03231
41643	2.03235
41644	2.03239
41645	2.03243
41646	2.03247
41647	2.03251
41648	2.03255
41649	2.03259
41650	2.03263
41651	2.03267
41652	2.03271
41653	2.03275
41654	2.03279
41655	2.03283
41656	2.03287
41657	2.03291
41658	2.03295
41659	2.03299
41660	2.03303
41661	2.03307
41662	2.03311
41663	2.03315
41664	2.03319
41665	2.03323
41666	2.03327
41667	2.03331
41668	2.03335
41669	2.0334
41670	2.03344
41671	2.03348
41672	2.03352
41673	2.03356
41674	2.0336
41675	2.03364
41676	2.03368
41677	2.03372
41678	2.03376
41679	2.0338
41680	2.03384
41681	2.03388
41682	2.03392
41683	2.03396
41684	2.03399
41685	2.03403
41686	2.03407
41687	2.03411
41688	2.03415
41689	2.03419
41690	2.03423
41691	2.03427
41692	2.03431
41693	2.03435
41694	2.03438
41695	2.03442
41696	2.03446
41697	2.0345
41698	2.03454
41699	2.03458
41700	2.03461
41701	2.03465
41702	2.03469
41703	2.03473
41704	2.03476
41705	2.0348
41706	2.03484
41707	2.03487
41708	2.03491
41709	2.03495
41710	2.03498
41711	2.03502
41712	2.03506
41713	2.03509
41714	2.03513
41715	2.03516
41716	2.0352
41717	2.03523
41718	2.03527
41719	2.0353
41720	2.03534
41721	2.03537
41722	2.03541
41723	2.03544
41724	2.03548
41725	2.03551
41726	2.03554
41727	2.03558
41728	2.03561
41729	2.03564
41730	2.03568
41731	2.03571
41732	2.03574
41733	2.03577
41734	2.03581
41735	2.03584
41736	2.03587
41737	2.0359
41738	2.03593
41739	2.03596
41740	2.036
41741	2.03603
41742	2.03606
41743	2.03609
41744	2.03612
41745	2.03615
41746	2.03618
41747	2.03621
41748	2.03624
41749	2.03627
41750	2.03629
41751	2.03632
41752	2.03635
41753	2.03638
41754	2.03641
41755	2.03644
41756	2.03646
41757	2.03649
41758	2.03652
41759	2.03655
41760	2.03657
41761	2.0366
41762	2.03663
41763	2.03665
41764	2.03668
41765	2.0367
41766	2.03673
41767	2.03676
41768	2.03678
41769	2.03681
41770	2.03683
41771	2.03685
41772	2.03688
41773	2.0369
41774	2.03693
41775	2.03695
41776	2.03697
41777	2.037
41778	2.03702
41779	2.03704
41780	2.03707
41781	2.03709
41782	2.03711
41783	2.03713
41784	2.03715
41785	2.03718
41786	2.0372
41787	2.03722
41788	2.03724
41789	2.03726
41790	2.03728
41791	2.0373
41792	2.03732
41793	2.03734
41794	2.03736
41795	2.03738
41796	2.0374
41797	2.03742
41798	2.03744
41799	2.03745
41800	2.03747
41801	2.03749
41802	2.03751
41803	2.03753
41804	2.03754
41805	2.03756
41806	2.03758
41807	2.0376
41808	2.03761
41809	2.03763
41810	2.03765
41811	2.03766
41812	2.03768
41813	2.03769
41814	2.03771
41815	2.03772
41816	2.03774
41817	2.03775
41818	2.03777
41819	2.03778
41820	2.0378
41821	2.03781
41822	2.03783
41823	2.03784
41824	2.03785
41825	2.03787
41826	2.03788
41827	2.03789
41828	2.03791
41829	2.03792
41830	2.03793
41831	2.03794
41832	2.03796
41833	2.03797
41834	2.03798
41835	2.03799
41836	2.038
41837	2.03801
41838	2.03802
41839	2.03804
41840	2.03805
41841	2.03806
41842	2.03807
41843	2.03808
41844	2.03809
41845	2.0381
41846	2.03811
41847	2.03812
41848	2.03813
41849	2.03813
41850	2.03814
41851	2.03815
41852	2.03816
41853	2.03817
41854	2.03818
41855	2.03819
41856	2.03819
41857	2.0382
41858	2.03821
41859	2.03822
41860	2.03823
41861	2.03823
41862	2.03824
41863	2.03825
41864	2.03825
41865	2.03826
41866	2.03827
41867	2.03827
41868	2.03828
41869	2.03828
41870	2.03829
41871	2.0383
41872	2.0383
41873	2.03831
41874	2.03831
41875	2.03832
41876	2.03832
41877	2.03833
41878	2.03833
41879	2.03834
41880	2.03834
41881	2.03835
41882	2.03835
41883	2.03835
41884	2.03836
41885	2.03836
41886	2.03837
41887	2.03837
41888	2.03837
41889	2.03838
41890	2.03838
41891	2.03838
41892	2.03839
41893	2.03839
41894	2.03839
41895	2.03839
41896	2.0384
41897	2.0384
41898	2.0384
41899	2.0384
41900	2.0384
41901	2.03841
41902	2.03841
41903	2.03841
41904	2.03841
41905	2.03841
41906	2.03841
41907	2.03841
41908	2.03841
41909	2.03842
41910	2.03842
41911	2.03842
41912	2.03842
41913	2.03842
41914	2.03842
41915	2.03842
41916	2.03842
41917	2.03842
41918	2.03842
41919	2.03842
41920	2.03842
41921	2.03842
41922	2.03841
41923	2.03841
41924	2.03841
41925	2.03841
41926	2.03841
41927	2.03841
41928	2.03841
41929	2.03841
41930	2.03841
41931	2.0384
41932	2.0384
41933	2.0384
41934	2.0384
41935	2.0384
41936	2.03839
41937	2.03839
41938	2.03839
41939	2.03839
41940	2.03838
41941	2.03838
41942	2.03838
41943	2.03837
41944	2.03837
41945	2.03837
41946	2.03836
41947	2.03836
41948	2.03836
41949	2.03835
41950	2.03835
41951	2.03835
41952	2.03834
41953	2.03834
41954	2.03833
41955	2.03833
41956	2.03832
41957	2.03832
41958	2.03831
41959	2.03831
41960	2.0383
41961	2.0383
41962	2.03829
41963	2.03829
41964	2.03828
41965	2.03828
41966	2.03827
41967	2.03827
41968	2.03826
41969	2.03825
41970	2.03825
41971	2.03824
41972	2.03824
41973	2.03823
41974	2.03822
41975	2.03822
41976	2.03821
41977	2.0382
41978	2.0382
41979	2.03819
41980	2.03818
41981	2.03817
41982	2.03817
41983	2.03816
41984	2.03815
41985	2.03814
41986	2.03813
41987	2.03813
41988	2.03812
41989	2.03811
41990	2.0381
41991	2.03809
41992	2.03808
41993	2.03807
41994	2.03806
41995	2.03806
41996	2.03805
41997	2.03804
41998	2.03803
41999	2.03802
42000	2.03801
42001	2.038
42002	2.03799
42003	2.03798
42004	2.03797
42005	2.03796
42006	2.03794
42007	2.03793
42008	2.03792
42009	2.03791
42010	2.0379
42011	2.03789
42012	2.03788
42013	2.03786
42014	2.03785
42015	2.03784
42016	2.03783
42017	2.03782
42018	2.0378
42019	2.03779
42020	2.03778
42021	2.03776
42022	2.03775
42023	2.03774
42024	2.03772
42025	2.03771
42026	2.0377
42027	2.03768
42028	2.03767
42029	2.03766
42030	2.03764
42031	2.03763
42032	2.03761
42033	2.0376
42034	2.03758
42035	2.03757
42036	2.03755
42037	2.03754
42038	2.03752
42039	2.0375
42040	2.03749
42041	2.03747
42042	2.03745
42043	2.03744
42044	2.03742
42045	2.0374
42046	2.03739
42047	2.03737
42048	2.03735
42049	2.03733
42050	2.03732
42051	2.0373
42052	2.03728
42053	2.03726
42054	2.03724
42055	2.03723
42056	2.03721
42057	2.03719
42058	2.03717
42059	2.03715
42060	2.03713
42061	2.03711
42062	2.03709
42063	2.03707
42064	2.03705
42065	2.03703
42066	2.03701
42067	2.03699
42068	2.03697
42069	2.03694
42070	2.03692
42071	2.0369
42072	2.03688
42073	2.03686
42074	2.03684
42075	2.03681
42076	2.03679
42077	2.03677
42078	2.03675
42079	2.03672
42080	2.0367
42081	2.03668
42082	2.03665
42083	2.03663
42084	2.0366
42085	2.03658
42086	2.03656
42087	2.03653
42088	2.03651
42089	2.03648
42090	2.03646
42091	2.03643
42092	2.0364
42093	2.03638
42094	2.03635
42095	2.03633
42096	2.0363
42097	2.03627
42098	2.03625
42099	2.03622
42100	2.03619
42101	2.03617
42102	2.03614
42103	2.03611
42104	2.03608
42105	2.03606
42106	2.03603
42107	2.036
42108	2.03597
42109	2.03594
42110	2.03591
42111	2.03589
42112	2.03586
42113	2.03583
42114	2.0358
42115	2.03577
42116	2.03574
42117	2.03571
42118	2.03568
42119	2.03565
42120	2.03562
42121	2.03559
42122	2.03556
42123	2.03553
42124	2.03549
42125	2.03546
42126	2.03543
42127	2.0354
42128	2.03537
42129	2.03534
42130	2.03531
42131	2.03527
42132	2.03524
42133	2.03521
42134	2.03518
42135	2.03514
42136	2.03511
42137	2.03508
42138	2.03504
42139	2.03501
42140	2.03498
42141	2.03494
42142	2.03491
42143	2.03488
42144	2.03484
42145	2.03481
42146	2.03478
42147	2.03474
42148	2.03471
42149	2.03467
42150	2.03464
42151	2.0346
42152	2.03457
42153	2.03454
42154	2.0345
42155	2.03447
42156	2.03443
42157	2.0344
42158	2.03436
42159	2.03433
42160	2.03429
42161	2.03425
42162	2.03422
42163	2.03418
42164	2.03415
42165	2.03411
42166	2.03408
42167	2.03404
42168	2.03401
42169	2.03397
42170	2.03393
42171	2.0339
42172	2.03386
42173	2.03383
42174	2.03379
42175	2.03375
42176	2.03372
42177	2.03368
42178	2.03365
42179	2.03361
42180	2.03357
42181	2.03354
42182	2.0335
42183	2.03346
42184	2.03343
42185	2.03339
42186	2.03336
42187	2.03332
42188	2.03328
42189	2.03325
42190	2.03321
42191	2.03318
42192	2.03314
42193	2.03311
42194	2.03307
42195	2.03303
42196	2.033
42197	2.03296
42198	2.03293
42199	2.03289
42200	2.03286
42201	2.03282
42202	2.03279
42203	2.03275
42204	2.03272
42205	2.03268
42206	2.03265
42207	2.03261
42208	2.03258
42209	2.03254
42210	2.03251
42211	2.03247
42212	2.03244
42213	2.03241
42214	2.03237
42215	2.03234
42216	2.03231
42217	2.03227
42218	2.03224
42219	2.03221
42220	2.03217
42221	2.03214
42222	2.03211
42223	2.03208
42224	2.03204
42225	2.03201
42226	2.03198
42227	2.03195
42228	2.03192
42229	2.03189
42230	2.03186
42231	2.03182
42232	2.03179
42233	2.03176
42234	2.03173
42235	2.0317
42236	2.03168
42237	2.03165
42238	2.03162
42239	2.03159
42240	2.03156
42241	2.03153
42242	2.0315
42243	2.03148
42244	2.03145
42245	2.03142
42246	2.0314
42247	2.03137
42248	2.03134
42249	2.03132
42250	2.03129
42251	2.03127
42252	2.03124
42253	2.03122
42254	2.03119
42255	2.03117
42256	2.03115
42257	2.03112
42258	2.0311
42259	2.03108
42260	2.03106
42261	2.03104
42262	2.03101
42263	2.03099
42264	2.03097
42265	2.03095
42266	2.03093
42267	2.03091
42268	2.0309
42269	2.03088
42270	2.03086
42271	2.03084
42272	2.03082
42273	2.03081
42274	2.03079
42275	2.03078
42276	2.03076
42277	2.03075
42278	2.03073
42279	2.03072
42280	2.0307
42281	2.03069
42282	2.03068
42283	2.03067
42284	2.03065
42285	2.03064
42286	2.03063
42287	2.03062
42288	2.03061
42289	2.0306
42290	2.03059
42291	2.03058
42292	2.03058
42293	2.03057
42294	2.03056
42295	2.03056
42296	2.03055
42297	2.03055
42298	2.03054
42299	2.03054
42300	2.03053
42301	2.03053
42302	2.03053
42303	2.03053
42304	2.03052
42305	2.03052
42306	2.03052
42307	2.03052
42308	2.03052
42309	2.03052
42310	2.03053
42311	2.03053
42312	2.03053
42313	2.03053
42314	2.03054
42315	2.03054
42316	2.03055
42317	2.03055
42318	2.03056
42319	2.03057
42320	2.03057
42321	2.03058
42322	2.03059
42323	2.0306
42324	2.03061
42325	2.03062
42326	2.03063
42327	2.03064
42328	2.03065
42329	2.03067
42330	2.03068
42331	2.03069
42332	2.03071
42333	2.03072
42334	2.03074
42335	2.03076
42336	2.03077
42337	2.03079
42338	2.03081
42339	2.03083
42340	2.03085
42341	2.03087
42342	2.03089
42343	2.03091
42344	2.03093
42345	2.03095
42346	2.03097
42347	2.031
42348	2.03102
42349	2.03105
42350	2.03107
42351	2.0311
42352	2.03112
42353	2.03115
42354	2.03118
42355	2.03121
42356	2.03123
42357	2.03126
42358	2.03129
42359	2.03132
42360	2.03136
42361	2.03139
42362	2.03142
42363	2.03145
42364	2.03149
42365	2.03152
42366	2.03155
42367	2.03159
42368	2.03162
42369	2.03166
42370	2.0317
42371	2.03174
42372	2.03177
42373	2.03181
42374	2.03185
42375	2.03189
42376	2.03193
42377	2.03197
42378	2.03201
42379	2.03205
42380	2.0321
42381	2.03214
42382	2.03218
42383	2.03223
42384	2.03227
42385	2.03232
42386	2.03236
42387	2.03241
42388	2.03246
42389	2.0325
42390	2.03255
42391	2.0326
42392	2.03265
42393	2.0327
42394	2.03275
42395	2.0328
42396	2.03285
42397	2.0329
42398	2.03295
42399	2.033
42400	2.03305
42401	2.03311
42402	2.03316
42403	2.03321
42404	2.03327
42405	2.03332
42406	2.03338
42407	2.03343
42408	2.03349
42409	2.03354
42410	2.0336
42411	2.03366
42412	2.03372
42413	2.03377
42414	2.03383
42415	2.03389
42416	2.03395
42417	2.03401
42418	2.03407
42419	2.03413
42420	2.03419
42421	2.03425
42422	2.03431
42423	2.03437
42424	2.03444
42425	2.0345
42426	2.03456
42427	2.03462
42428	2.03469
42429	2.03475
42430	2.03482
42431	2.03488
42432	2.03494
42433	2.03501
42434	2.03507
42435	2.03514
42436	2.0352
42437	2.03527
42438	2.03534
42439	2.0354
42440	2.03547
42441	2.03554
42442	2.0356
42443	2.03567
42444	2.03574
42445	2.03581
42446	2.03587
42447	2.03594
42448	2.03601
42449	2.03608
42450	2.03615
42451	2.03621
42452	2.03628
42453	2.03635
42454	2.03642
42455	2.03649
42456	2.03656
42457	2.03663
42458	2.0367
42459	2.03677
42460	2.03684
42461	2.03691
42462	2.03698
42463	2.03705
42464	2.03712
42465	2.03719
42466	2.03726
42467	2.03733
42468	2.0374
42469	2.03747
42470	2.03754
42471	2.03761
42472	2.03768
42473	2.03775
42474	2.03782
42475	2.03789
42476	2.03796
42477	2.03803
42478	2.0381
42479	2.03817
42480	2.03824
42481	2.03831
42482	2.03838
42483	2.03845
42484	2.03852
42485	2.03859
42486	2.03866
42487	2.03873
42488	2.0388
42489	2.03887
42490	2.03894
42491	2.03901
42492	2.03908
42493	2.03914
42494	2.03921
42495	2.03928
42496	2.03935
42497	2.03942
42498	2.03949
42499	2.03955
42500	2.03962
42501	2.03969
42502	2.03975
42503	2.03982
42504	2.03989
42505	2.03996
42506	2.04002
42507	2.04009
42508	2.04015
42509	2.04022
42510	2.04028
42511	2.04035
42512	2.04041
42513	2.04048
42514	2.04054
42515	2.04061
42516	2.04067
42517	2.04073
42518	2.0408
42519	2.04086
42520	2.04092
42521	2.04098
42522	2.04104
42523	2.04111
42524	2.04117
42525	2.04123
42526	2.04129
42527	2.04135
42528	2.04141
42529	2.04147
42530	2.04153
42531	2.04158
42532	2.04164
42533	2.0417
42534	2.04176
42535	2.04181
42536	2.04187
42537	2.04193
42538	2.04198
42539	2.04204
42540	2.04209
42541	2.04215
42542	2.0422
42543	2.04225
42544	2.04231
42545	2.04236
42546	2.04241
42547	2.04246
42548	2.04251
42549	2.04256
42550	2.04261
42551	2.04266
42552	2.04271
42553	2.04276
42554	2.04281
42555	2.04286
42556	2.04291
42557	2.04295
42558	2.043
42559	2.04304
42560	2.04309
42561	2.04313
42562	2.04318
42563	2.04322
42564	2.04327
42565	2.04331
42566	2.04335
42567	2.04339
42568	2.04343
42569	2.04347
42570	2.04351
42571	2.04355
42572	2.04359
42573	2.04363
42574	2.04367
42575	2.04371
42576	2.04374
42577	2.04378
42578	2.04381
42579	2.04385
42580	2.04388
42581	2.04392
42582	2.04395
42583	2.04398
42584	2.04402
42585	2.04405
42586	2.04408
42587	2.04411
42588	2.04414
42589	2.04417
42590	2.0442
42591	2.04423
42592	2.04425
42593	2.04428
42594	2.04431
42595	2.04433
42596	2.04436
42597	2.04438
42598	2.04441
42599	2.04443
42600	2.04445
42601	2.04447
42602	2.0445
42603	2.04452
42604	2.04454
42605	2.04456
42606	2.04458
42607	2.0446
42608	2.04461
42609	2.04463
42610	2.04465
42611	2.04467
42612	2.04468
42613	2.0447
42614	2.04471
42615	2.04473
42616	2.04474
42617	2.04475
42618	2.04476
42619	2.04478
42620	2.04479
42621	2.0448
42622	2.04481
42623	2.04482
42624	2.04483
42625	2.04483
42626	2.04484
42627	2.04485
42628	2.04486
42629	2.04486
42630	2.04487
42631	2.04487
42632	2.04488
42633	2.04488
42634	2.04488
42635	2.04489
42636	2.04489
42637	2.04489
42638	2.04489
42639	2.04489
42640	2.04489
42641	2.04489
42642	2.04489
42643	2.04489
42644	2.04489
42645	2.04488
42646	2.04488
42647	2.04488
42648	2.04487
42649	2.04487
42650	2.04486
42651	2.04486
42652	2.04485
42653	2.04484
42654	2.04483
42655	2.04483
42656	2.04482
42657	2.04481
42658	2.0448
42659	2.04479
42660	2.04478
42661	2.04477
42662	2.04476
42663	2.04474
42664	2.04473
42665	2.04472
42666	2.04471
42667	2.04469
42668	2.04468
42669	2.04466
42670	2.04465
42671	2.04463
42672	2.04462
42673	2.0446
42674	2.04458
42675	2.04457
42676	2.04455
42677	2.04453
42678	2.04451
42679	2.04449
42680	2.04447
42681	2.04445
42682	2.04443
42683	2.04441
42684	2.04439
42685	2.04437
42686	2.04435
42687	2.04432
42688	2.0443
42689	2.04428
42690	2.04426
42691	2.04423
42692	2.04421
42693	2.04418
42694	2.04416
42695	2.04413
42696	2.04411
42697	2.04408
42698	2.04406
42699	2.04403
42700	2.044
42701	2.04398
42702	2.04395
42703	2.04392
42704	2.04389
42705	2.04386
42706	2.04383
42707	2.04381
42708	2.04378
42709	2.04375
42710	2.04372
42711	2.04369
42712	2.04366
42713	2.04363
42714	2.04359
42715	2.04356
42716	2.04353
42717	2.0435
42718	2.04347
42719	2.04344
42720	2.0434
42721	2.04337
42722	2.04334
42723	2.0433
42724	2.04327
42725	2.04324
42726	2.0432
42727	2.04317
42728	2.04314
42729	2.0431
42730	2.04307
42731	2.04303
42732	2.043
42733	2.04296
42734	2.04293
42735	2.04289
42736	2.04286
42737	2.04282
42738	2.04278
42739	2.04275
42740	2.04271
42741	2.04267
42742	2.04264
42743	2.0426
42744	2.04256
42745	2.04253
42746	2.04249
42747	2.04245
42748	2.04242
42749	2.04238
42750	2.04234
42751	2.0423
42752	2.04227
42753	2.04223
42754	2.04219
42755	2.04215
42756	2.04212
42757	2.04208
42758	2.04204
42759	2.042
42760	2.04196
42761	2.04193
42762	2.04189
42763	2.04185
42764	2.04181
42765	2.04177
42766	2.04173
42767	2.0417
42768	2.04166
42769	2.04162
42770	2.04158
42771	2.04154
42772	2.0415
42773	2.04147
42774	2.04143
42775	2.04139
42776	2.04135
42777	2.04131
42778	2.04127
42779	2.04123
42780	2.0412
42781	2.04116
42782	2.04112
42783	2.04108
42784	2.04104
42785	2.04101
42786	2.04097
42787	2.04093
42788	2.04089
42789	2.04085
42790	2.04082
42791	2.04078
42792	2.04074
42793	2.0407
42794	2.04066
42795	2.04063
42796	2.04059
42797	2.04055
42798	2.04051
42799	2.04048
42800	2.04044
42801	2.0404
42802	2.04037
42803	2.04033
42804	2.04029
42805	2.04026
42806	2.04022
42807	2.04018
42808	2.04015
42809	2.04011
42810	2.04008
42811	2.04004
42812	2.04
42813	2.03997
42814	2.03993
42815	2.0399
42816	2.03986
42817	2.03983
42818	2.03979
42819	2.03976
42820	2.03972
42821	2.03969
42822	2.03966
42823	2.03962
42824	2.03959
42825	2.03955
42826	2.03952
42827	2.03949
42828	2.03945
42829	2.03942
42830	2.03939
42831	2.03936
42832	2.03932
42833	2.03929
42834	2.03926
42835	2.03923
42836	2.03919
42837	2.03916
42838	2.03913
42839	2.0391
42840	2.03907
42841	2.03904
42842	2.03901
42843	2.03898
42844	2.03895
42845	2.03892
42846	2.03889
42847	2.03886
42848	2.03883
42849	2.0388
42850	2.03877
42851	2.03874
42852	2.03871
42853	2.03869
42854	2.03866
42855	2.03863
42856	2.0386
42857	2.03857
42858	2.03855
42859	2.03852
42860	2.03849
42861	2.03847
42862	2.03844
42863	2.03841
42864	2.03839
42865	2.03836
42866	2.03834
42867	2.03831
42868	2.03829
42869	2.03826
42870	2.03824
42871	2.03822
42872	2.03819
42873	2.03817
42874	2.03814
42875	2.03812
42876	2.0381
42877	2.03808
42878	2.03805
42879	2.03803
42880	2.03801
42881	2.03799
42882	2.03797
42883	2.03794
42884	2.03792
42885	2.0379
42886	2.03788
42887	2.03786
42888	2.03784
42889	2.03782
42890	2.0378
42891	2.03778
42892	2.03777
42893	2.03775
42894	2.03773
42895	2.03771
42896	2.03769
42897	2.03767
42898	2.03766
42899	2.03764
42900	2.03762
42901	2.03761
42902	2.03759
42903	2.03757
42904	2.03756
42905	2.03754
42906	2.03753
42907	2.03751
42908	2.0375
42909	2.03748
42910	2.03747
42911	2.03745
42912	2.03744
42913	2.03743
42914	2.03741
42915	2.0374
42916	2.03739
42917	2.03737
42918	2.03736
42919	2.03735
42920	2.03734
42921	2.03733
42922	2.03732
42923	2.0373
42924	2.03729
42925	2.03728
42926	2.03727
42927	2.03726
42928	2.03725
42929	2.03724
42930	2.03723
42931	2.03723
42932	2.03722
42933	2.03721
42934	2.0372
42935	2.03719
42936	2.03718
42937	2.03718
42938	2.03717
42939	2.03716
42940	2.03716
42941	2.03715
42942	2.03714
42943	2.03714
42944	2.03713
42945	2.03713
42946	2.03712
42947	2.03712
42948	2.03711
42949	2.03711
42950	2.0371
42951	2.0371
42952	2.03709
42953	2.03709
42954	2.03709
42955	2.03709
42956	2.03708
42957	2.03708
42958	2.03708
42959	2.03708
42960	2.03707
42961	2.03707
42962	2.03707
42963	2.03707
42964	2.03707
42965	2.03707
42966	2.03707
42967	2.03707
42968	2.03707
42969	2.03707
42970	2.03707
42971	2.03707
42972	2.03707
42973	2.03707
42974	2.03707
42975	2.03708
42976	2.03708
42977	2.03708
42978	2.03708
42979	2.03708
42980	2.03709
42981	2.03709
42982	2.03709
42983	2.0371
42984	2.0371
42985	2.03711
42986	2.03711
42987	2.03711
42988	2.03712
42989	2.03712
42990	2.03713
42991	2.03713
42992	2.03714
42993	2.03715
42994	2.03715
42995	2.03716
42996	2.03717
42997	2.03717
42998	2.03718
42999	2.03719
43000	2.03719
43001	2.0372
43002	2.03721
43003	2.03722
43004	2.03723
43005	2.03723
43006	2.03724
43007	2.03725
43008	2.03726
43009	2.03727
43010	2.03728
43011	2.03729
43012	2.0373
43013	2.03731
43014	2.03732
43015	2.03733
43016	2.03734
43017	2.03735
43018	2.03736
43019	2.03737
43020	2.03739
43021	2.0374
43022	2.03741
43023	2.03742
43024	2.03743
43025	2.03745
43026	2.03746
43027	2.03747
43028	2.03749
43029	2.0375
43030	2.03751
43031	2.03753
43032	2.03754
43033	2.03756
43034	2.03757
43035	2.03759
43036	2.0376
43037	2.03762
43038	2.03763
43039	2.03765
43040	2.03766
43041	2.03768
43042	2.03769
43043	2.03771
43044	2.03773
43045	2.03774
43046	2.03776
43047	2.03778
43048	2.03779
43049	2.03781
43050	2.03783
43051	2.03785
43052	2.03786
43053	2.03788
43054	2.0379
43055	2.03792
43056	2.03794
43057	2.03796
43058	2.03798
43059	2.038
43060	2.03801
43061	2.03803
43062	2.03805
43063	2.03807
43064	2.03809
43065	2.03811
43066	2.03814
43067	2.03816
43068	2.03818
43069	2.0382
43070	2.03822
43071	2.03824
43072	2.03826
43073	2.03828
43074	2.03831
43075	2.03833
43076	2.03835
43077	2.03837
43078	2.0384
43079	2.03842
43080	2.03844
43081	2.03846
43082	2.03849
43083	2.03851
43084	2.03854
43085	2.03856
43086	2.03858
43087	2.03861
43088	2.03863
43089	2.03866
43090	2.03868
43091	2.03871
43092	2.03873
43093	2.03876
43094	2.03878
43095	2.03881
43096	2.03883
43097	2.03886
43098	2.03889
43099	2.03891
43100	2.03894
43101	2.03896
43102	2.03899
43103	2.03902
43104	2.03904
43105	2.03907
43106	2.0391
43107	2.03913
43108	2.03915
43109	2.03918
43110	2.03921
43111	2.03924
43112	2.03927
43113	2.03929
43114	2.03932
43115	2.03935
43116	2.03938
43117	2.03941
43118	2.03944
43119	2.03947
43120	2.0395
43121	2.03953
43122	2.03956
43123	2.03959
43124	2.03962
43125	2.03965
43126	2.03968
43127	2.03971
43128	2.03974
43129	2.03977
43130	2.0398
43131	2.03983
43132	2.03986
43133	2.03989
43134	2.03992
43135	2.03995
43136	2.03999
43137	2.04002
43138	2.04005
43139	2.04008
43140	2.04011
43141	2.04015
43142	2.04018
43143	2.04021
43144	2.04024
43145	2.04028
43146	2.04031
43147	2.04034
43148	2.04037
43149	2.04041
43150	2.04044
43151	2.04047
43152	2.04051
43153	2.04054
43154	2.04057
43155	2.04061
43156	2.04064
43157	2.04068
43158	2.04071
43159	2.04074
43160	2.04078
43161	2.04081
43162	2.04085
43163	2.04088
43164	2.04091
43165	2.04095
43166	2.04098
43167	2.04102
43168	2.04105
43169	2.04109
43170	2.04112
43171	2.04116
43172	2.04119
43173	2.04123
43174	2.04126
43175	2.0413
43176	2.04134
43177	2.04137
43178	2.04141
43179	2.04144
43180	2.04148
43181	2.04151
43182	2.04155
43183	2.04158
43184	2.04162
43185	2.04166
43186	2.04169
43187	2.04173
43188	2.04176
43189	2.0418
43190	2.04184
43191	2.04187
43192	2.04191
43193	2.04194
43194	2.04198
43195	2.04202
43196	2.04205
43197	2.04209
43198	2.04213
43199	2.04216
43200	2.0422
43201	2.04223
43202	2.04227
43203	2.04231
43204	2.04234
43205	2.04238
43206	2.04242
43207	2.04245
43208	2.04249
43209	2.04253
43210	2.04256
43211	2.0426
43212	2.04263
43213	2.04267
43214	2.04271
43215	2.04274
43216	2.04278
43217	2.04281
43218	2.04285
43219	2.04289
43220	2.04292
43221	2.04296
43222	2.04299
43223	2.04303
43224	2.04307
43225	2.0431
43226	2.04314
43227	2.04317
43228	2.04321
43229	2.04324
43230	2.04328
43231	2.04331
43232	2.04335
43233	2.04338
43234	2.04342
43235	2.04345
43236	2.04349
43237	2.04352
43238	2.04356
43239	2.04359
43240	2.04363
43241	2.04366
43242	2.0437
43243	2.04373
43244	2.04376
43245	2.0438
43246	2.04383
43247	2.04387
43248	2.0439
43249	2.04393
43250	2.04397
43251	2.044
43252	2.04403
43253	2.04406
43254	2.0441
43255	2.04413
43256	2.04416
43257	2.04419
43258	2.04423
43259	2.04426
43260	2.04429
43261	2.04432
43262	2.04435
43263	2.04438
43264	2.04441
43265	2.04444
43266	2.04447
43267	2.0445
43268	2.04453
43269	2.04456
43270	2.04459
43271	2.04462
43272	2.04465
43273	2.04468
43274	2.04471
43275	2.04474
43276	2.04477
43277	2.04479
43278	2.04482
43279	2.04485
43280	2.04488
43281	2.0449
43282	2.04493
43283	2.04496
43284	2.04498
43285	2.04501
43286	2.04503
43287	2.04506
43288	2.04508
43289	2.04511
43290	2.04513
43291	2.04516
43292	2.04518
43293	2.04521
43294	2.04523
43295	2.04525
43296	2.04528
43297	2.0453
43298	2.04532
43299	2.04534
43300	2.04536
43301	2.04538
43302	2.0454
43303	2.04543
43304	2.04545
43305	2.04546
43306	2.04548
43307	2.0455
43308	2.04552
43309	2.04554
43310	2.04556
43311	2.04558
43312	2.04559
43313	2.04561
43314	2.04563
43315	2.04564
43316	2.04566
43317	2.04567
43318	2.04569
43319	2.0457
43320	2.04572
43321	2.04573
43322	2.04574
43323	2.04576
43324	2.04577
43325	2.04578
43326	2.04579
43327	2.04581
43328	2.04582
43329	2.04583
43330	2.04584
43331	2.04585
43332	2.04586
43333	2.04586
43334	2.04587
43335	2.04588
43336	2.04589
43337	2.04589
43338	2.0459
43339	2.04591
43340	2.04591
43341	2.04592
43342	2.04592
43343	2.04593
43344	2.04593
43345	2.04593
43346	2.04594
43347	2.04594
43348	2.04594
43349	2.04594
43350	2.04594
43351	2.04594
43352	2.04594
43353	2.04594
43354	2.04594
43355	2.04594
43356	2.04594
43357	2.04593
43358	2.04593
43359	2.04593
43360	2.04592
43361	2.04592
43362	2.04591
43363	2.04591
43364	2.0459
43365	2.04589
43366	2.04589
43367	2.04588
43368	2.04587
43369	2.04586
43370	2.04585
43371	2.04584
43372	2.04583
43373	2.04582
43374	2.04581
43375	2.0458
43376	2.04578
43377	2.04577
43378	2.04576
43379	2.04574
43380	2.04573
43381	2.04571
43382	2.04569
43383	2.04568
43384	2.04566
43385	2.04564
43386	2.04563
43387	2.04561
43388	2.04559
43389	2.04557
43390	2.04555
43391	2.04553
43392	2.0455
43393	2.04548
43394	2.04546
43395	2.04544
43396	2.04541
43397	2.04539
43398	2.04536
43399	2.04534
43400	2.04531
43401	2.04529
43402	2.04526
43403	2.04523
43404	2.0452
43405	2.04517
43406	2.04515
43407	2.04512
43408	2.04508
43409	2.04505
43410	2.04502
43411	2.04499
43412	2.04496
43413	2.04492
43414	2.04489
43415	2.04486
43416	2.04482
43417	2.04479
43418	2.04475
43419	2.04471
43420	2.04468
43421	2.04464
43422	2.0446
43423	2.04456
43424	2.04452
43425	2.04448
43426	2.04444
43427	2.0444
43428	2.04436
43429	2.04432
43430	2.04428
43431	2.04423
43432	2.04419
43433	2.04415
43434	2.0441
43435	2.04406
43436	2.04401
43437	2.04396
43438	2.04392
43439	2.04387
43440	2.04382
43441	2.04377
43442	2.04372
43443	2.04368
43444	2.04363
43445	2.04358
43446	2.04352
43447	2.04347
43448	2.04342
43449	2.04337
43450	2.04332
43451	2.04326
43452	2.04321
43453	2.04316
43454	2.0431
43455	2.04305
43456	2.04299
43457	2.04293
43458	2.04288
43459	2.04282
43460	2.04276
43461	2.04271
43462	2.04265
43463	2.04259
43464	2.04253
43465	2.04247
43466	2.04241
43467	2.04235
43468	2.04229
43469	2.04223
43470	2.04217
43471	2.0421
43472	2.04204
43473	2.04198
43474	2.04191
43475	2.04185
43476	2.04179
43477	2.04172
43478	2.04166
43479	2.04159
43480	2.04153
43481	2.04146
43482	2.04139
43483	2.04133
43484	2.04126
43485	2.04119
43486	2.04112
43487	2.04106
43488	2.04099
43489	2.04092
43490	2.04085
43491	2.04078
43492	2.04071
43493	2.04064
43494	2.04057
43495	2.0405
43496	2.04043
43497	2.04036
43498	2.04029
43499	2.04021
43500	2.04014
43501	2.04007
43502	2.04
43503	2.03992
43504	2.03985
43505	2.03978
43506	2.0397
43507	2.03963
43508	2.03956
43509	2.03948
43510	2.03941
43511	2.03933
43512	2.03926
43513	2.03918
43514	2.03911
43515	2.03903
43516	2.03896
43517	2.03888
43518	2.03881
43519	2.03873
43520	2.03865
43521	2.03858
43522	2.0385
43523	2.03843
43524	2.03835
43525	2.03827
43526	2.03819
43527	2.03812
43528	2.03804
43529	2.03796
43530	2.03789
43531	2.03781
43532	2.03773
43533	2.03765
43534	2.03758
43535	2.0375
43536	2.03742
43537	2.03734
43538	2.03726
43539	2.03719
43540	2.03711
43541	2.03703
43542	2.03695
43543	2.03688
43544	2.0368
43545	2.03672
43546	2.03664
43547	2.03656
43548	2.03649
43549	2.03641
43550	2.03633
43551	2.03625
43552	2.03618
43553	2.0361
43554	2.03602
43555	2.03594
43556	2.03587
43557	2.03579
43558	2.03571
43559	2.03563
43560	2.03556
43561	2.03548
43562	2.0354
43563	2.03533
43564	2.03525
43565	2.03517
43566	2.0351
43567	2.03502
43568	2.03495
43569	2.03487
43570	2.03479
43571	2.03472
43572	2.03464
43573	2.03457
43574	2.03449
43575	2.03442
43576	2.03435
43577	2.03427
43578	2.0342
43579	2.03412
43580	2.03405
43581	2.03398
43582	2.0339
43583	2.03383
43584	2.03376
43585	2.03369
43586	2.03361
43587	2.03354
43588	2.03347
43589	2.0334
43590	2.03333
43591	2.03326
43592	2.03319
43593	2.03312
43594	2.03305
43595	2.03298
43596	2.03291
43597	2.03284
43598	2.03277
43599	2.03271
43600	2.03264
43601	2.03257
43602	2.0325
43603	2.03244
43604	2.03237
43605	2.0323
43606	2.03224
43607	2.03217
43608	2.03211
43609	2.03205
43610	2.03198
43611	2.03192
43612	2.03185
43613	2.03179
43614	2.03173
43615	2.03167
43616	2.03161
43617	2.03155
43618	2.03148
43619	2.03142
43620	2.03137
43621	2.03131
43622	2.03125
43623	2.03119
43624	2.03113
43625	2.03107
43626	2.03102
43627	2.03096
43628	2.0309
43629	2.03085
43630	2.03079
43631	2.03074
43632	2.03069
43633	2.03063
43634	2.03058
43635	2.03053
43636	2.03047
43637	2.03042
43638	2.03037
43639	2.03032
43640	2.03027
43641	2.03022
43642	2.03017
43643	2.03012
43644	2.03008
43645	2.03003
43646	2.02998
43647	2.02994
43648	2.02989
43649	2.02985
43650	2.0298
43651	2.02976
43652	2.02971
43653	2.02967
43654	2.02963
43655	2.02959
43656	2.02955
43657	2.0295
43658	2.02946
43659	2.02942
43660	2.02939
43661	2.02935
43662	2.02931
43663	2.02927
43664	2.02924
43665	2.0292
43666	2.02916
43667	2.02913
43668	2.0291
43669	2.02906
43670	2.02903
43671	2.029
43672	2.02896
43673	2.02893
43674	2.0289
43675	2.02887
43676	2.02884
43677	2.02881
43678	2.02878
43679	2.02876
43680	2.02873
43681	2.0287
43682	2.02868
43683	2.02865
43684	2.02863
43685	2.0286
43686	2.02858
43687	2.02856
43688	2.02853
43689	2.02851
43690	2.02849
43691	2.02847
43692	2.02845
43693	2.02843
43694	2.02841
43695	2.0284
43696	2.02838
43697	2.02836
43698	2.02834
43699	2.02833
43700	2.02831
43701	2.0283
43702	2.02829
43703	2.02827
43704	2.02826
43705	2.02825
43706	2.02824
43707	2.02822
43708	2.02821
43709	2.0282
43710	2.0282
43711	2.02819
43712	2.02818
43713	2.02817
43714	2.02816
43715	2.02816
43716	2.02815
43717	2.02815
43718	2.02814
43719	2.02814
43720	2.02814
43721	2.02813
43722	2.02813
43723	2.02813
43724	2.02813
43725	2.02813
43726	2.02813
43727	2.02813
43728	2.02813
43729	2.02813
43730	2.02813
43731	2.02814
43732	2.02814
43733	2.02814
43734	2.02815
43735	2.02815
43736	2.02816
43737	2.02817
43738	2.02817
43739	2.02818
43740	2.02819
43741	2.0282
43742	2.0282
43743	2.02821
43744	2.02822
43745	2.02823
43746	2.02824
43747	2.02826
43748	2.02827
43749	2.02828
43750	2.02829
43751	2.02831
43752	2.02832
43753	2.02833
43754	2.02835
43755	2.02837
43756	2.02838
43757	2.0284
43758	2.02841
43759	2.02843
43760	2.02845
43761	2.02847
43762	2.02849
43763	2.0285
43764	2.02852
43765	2.02854
43766	2.02856
43767	2.02859
43768	2.02861
43769	2.02863
43770	2.02865
43771	2.02867
43772	2.0287
43773	2.02872
43774	2.02874
43775	2.02877
43776	2.02879
43777	2.02882
43778	2.02884
43779	2.02887
43780	2.02889
43781	2.02892
43782	2.02895
43783	2.02898
43784	2.029
43785	2.02903
43786	2.02906
43787	2.02909
43788	2.02912
43789	2.02915
43790	2.02918
43791	2.02921
43792	2.02924
43793	2.02927
43794	2.0293
43795	2.02933
43796	2.02936
43797	2.0294
43798	2.02943
43799	2.02946
43800	2.02949
43801	2.02953
43802	2.02956
43803	2.0296
43804	2.02963
43805	2.02966
43806	2.0297
43807	2.02973
43808	2.02977
43809	2.0298
43810	2.02984
43811	2.02988
43812	2.02991
43813	2.02995
43814	2.02999
43815	2.03002
43816	2.03006
43817	2.0301
43818	2.03014
43819	2.03017
43820	2.03021
43821	2.03025
43822	2.03029
43823	2.03033
43824	2.03037
43825	2.03041
43826	2.03045
43827	2.03049
43828	2.03053
43829	2.03057
43830	2.03061
43831	2.03065
43832	2.03069
43833	2.03073
43834	2.03077
43835	2.03081
43836	2.03085
43837	2.03089
43838	2.03093
43839	2.03097
43840	2.03101
43841	2.03106
43842	2.0311
43843	2.03114
43844	2.03118
43845	2.03122
43846	2.03127
43847	2.03131
43848	2.03135
43849	2.03139
43850	2.03144
43851	2.03148
43852	2.03152
43853	2.03156
43854	2.03161
43855	2.03165
43856	2.03169
43857	2.03174
43858	2.03178
43859	2.03182
43860	2.03187
43861	2.03191
43862	2.03195
43863	2.032
43864	2.03204
43865	2.03208
43866	2.03213
43867	2.03217
43868	2.03221
43869	2.03226
43870	2.0323
43871	2.03234
43872	2.03239
43873	2.03243
43874	2.03247
43875	2.03252
43876	2.03256
43877	2.0326
43878	2.03265
43879	2.03269
43880	2.03273
43881	2.03278
43882	2.03282
43883	2.03286
43884	2.03291
43885	2.03295
43886	2.03299
43887	2.03304
43888	2.03308
43889	2.03312
43890	2.03316
43891	2.03321
43892	2.03325
43893	2.03329
43894	2.03333
43895	2.03338
43896	2.03342
43897	2.03346
43898	2.0335
43899	2.03355
43900	2.03359
43901	2.03363
43902	2.03367
43903	2.03371
43904	2.03376
43905	2.0338
43906	2.03384
43907	2.03388
43908	2.03392
43909	2.03396
43910	2.034
43911	2.03404
43912	2.03408
43913	2.03413
43914	2.03417
43915	2.03421
43916	2.03425
43917	2.03429
43918	2.03433
43919	2.03437
43920	2.03441
43921	2.03445
43922	2.03448
43923	2.03452
43924	2.03456
43925	2.0346
43926	2.03464
43927	2.03468
43928	2.03472
43929	2.03476
43930	2.03479
43931	2.03483
43932	2.03487
43933	2.03491
43934	2.03495
43935	2.03498
43936	2.03502
43937	2.03506
43938	2.03509
43939	2.03513
43940	2.03517
43941	2.0352
43942	2.03524
43943	2.03528
43944	2.03531
43945	2.03535
43946	2.03538
43947	2.03542
43948	2.03545
43949	2.03549
43950	2.03552
43951	2.03556
43952	2.03559
43953	2.03562
43954	2.03566
43955	2.03569
43956	2.03573
43957	2.03576
43958	2.03579
43959	2.03582
43960	2.03586
43961	2.03589
43962	2.03592
43963	2.03595
43964	2.03599
43965	2.03602
43966	2.03605
43967	2.03608
43968	2.03611
43969	2.03614
43970	2.03617
43971	2.0362
43972	2.03623
43973	2.03626
43974	2.03629
43975	2.03632
43976	2.03635
43977	2.03638
43978	2.03641
43979	2.03644
43980	2.03647
43981	2.0365
43982	2.03653
43983	2.03655
43984	2.03658
43985	2.03661
43986	2.03664
43987	2.03666
43988	2.03669
43989	2.03672
43990	2.03674
43991	2.03677
43992	2.0368
43993	2.03682
43994	2.03685
43995	2.03687
43996	2.0369
43997	2.03692
43998	2.03695
43999	2.03697
44000	2.037
44001	2.03702
44002	2.03704
44003	2.03707
44004	2.03709
44005	2.03711
44006	2.03714
44007	2.03716
44008	2.03718
44009	2.03721
44010	2.03723
44011	2.03725
44012	2.03727
44013	2.03729
44014	2.03732
44015	2.03734
44016	2.03736
44017	2.03738
44018	2.0374
44019	2.03742
44020	2.03744
44021	2.03746
44022	2.03748
44023	2.0375
44024	2.03752
44025	2.03754
44026	2.03756
44027	2.03758
44028	2.03759
44029	2.03761
44030	2.03763
44031	2.03765
44032	2.03767
44033	2.03768
44034	2.0377
44035	2.03772
44036	2.03774
44037	2.03775
44038	2.03777
44039	2.03779
44040	2.0378
44041	2.03782
44042	2.03784
44043	2.03785
44044	2.03787
44045	2.03788
44046	2.0379
44047	2.03791
44048	2.03793
44049	2.03794
44050	2.03796
44051	2.03797
44052	2.03798
44053	2.038
44054	2.03801
44055	2.03803
44056	2.03804
44057	2.03805
44058	2.03807
44059	2.03808
44060	2.03809
44061	2.0381
44062	2.03812
44063	2.03813
44064	2.03814
44065	2.03815
44066	2.03816
44067	2.03818
44068	2.03819
44069	2.0382
44070	2.03821
44071	2.03822
44072	2.03823
44073	2.03824
44074	2.03825
44075	2.03826
44076	2.03827
44077	2.03828
44078	2.03829
44079	2.0383
44080	2.03831
44081	2.03832
44082	2.03833
44083	2.03834
44084	2.03835
44085	2.03836
44086	2.03836
44087	2.03837
44088	2.03838
44089	2.03839
44090	2.0384
44091	2.0384
44092	2.03841
44093	2.03842
44094	2.03843
44095	2.03843
44096	2.03844
44097	2.03845
44098	2.03846
44099	2.03846
44100	2.03847
44101	2.03847
44102	2.03848
44103	2.03849
44104	2.03849
44105	2.0385
44106	2.0385
44107	2.03851
44108	2.03852
44109	2.03852
44110	2.03853
44111	2.03853
44112	2.03854
44113	2.03854
44114	2.03855
44115	2.03855
44116	2.03855
44117	2.03856
44118	2.03856
44119	2.03857
44120	2.03857
44121	2.03858
44122	2.03858
44123	2.03858
44124	2.03859
44125	2.03859
44126	2.03859
44127	2.0386
44128	2.0386
44129	2.0386
44130	2.0386
44131	2.03861
44132	2.03861
44133	2.03861
44134	2.03861
44135	2.03862
44136	2.03862
44137	2.03862
44138	2.03862
44139	2.03862
44140	2.03862
44141	2.03863
44142	2.03863
44143	2.03863
44144	2.03863
44145	2.03863
44146	2.03863
44147	2.03863
44148	2.03863
44149	2.03863
44150	2.03863
44151	2.03863
44152	2.03863
44153	2.03863
44154	2.03863
44155	2.03863
44156	2.03863
44157	2.03863
44158	2.03863
44159	2.03863
44160	2.03863
44161	2.03863
44162	2.03863
44163	2.03863
44164	2.03863
44165	2.03862
44166	2.03862
44167	2.03862
44168	2.03862
44169	2.03862
44170	2.03862
44171	2.03861
44172	2.03861
44173	2.03861
44174	2.03861
44175	2.03861
44176	2.0386
44177	2.0386
44178	2.0386
44179	2.03859
44180	2.03859
44181	2.03859
44182	2.03858
44183	2.03858
44184	2.03858
44185	2.03857
44186	2.03857
44187	2.03857
44188	2.03856
44189	2.03856
44190	2.03855
44191	2.03855
44192	2.03855
44193	2.03854
44194	2.03854
44195	2.03853
44196	2.03853
44197	2.03852
44198	2.03852
44199	2.03851
44200	2.03851
44201	2.0385
44202	2.03849
44203	2.03849
44204	2.03848
44205	2.03848
44206	2.03847
44207	2.03846
44208	2.03846
44209	2.03845
44210	2.03844
44211	2.03844
44212	2.03843
44213	2.03842
44214	2.03842
44215	2.03841
44216	2.0384
44217	2.03839
44218	2.03839
44219	2.03838
44220	2.03837
44221	2.03836
44222	2.03835
44223	2.03834
44224	2.03834
44225	2.03833
44226	2.03832
44227	2.03831
44228	2.0383
44229	2.03829
44230	2.03828
44231	2.03827
44232	2.03826
44233	2.03825
44234	2.03824
44235	2.03823
44236	2.03822
44237	2.03821
44238	2.0382
44239	2.03819
44240	2.03818
44241	2.03817
44242	2.03816
44243	2.03814
44244	2.03813
44245	2.03812
44246	2.03811
44247	2.0381
44248	2.03809
44249	2.03807
44250	2.03806
44251	2.03805
44252	2.03803
44253	2.03802
44254	2.03801
44255	2.038
44256	2.03798
44257	2.03797
44258	2.03795
44259	2.03794
44260	2.03793
44261	2.03791
44262	2.0379
44263	2.03788
44264	2.03787
44265	2.03785
44266	2.03784
44267	2.03782
44268	2.03781
44269	2.03779
44270	2.03778
44271	2.03776
44272	2.03774
44273	2.03773
44274	2.03771
44275	2.03769
44276	2.03768
44277	2.03766
44278	2.03764
44279	2.03763
44280	2.03761
44281	2.03759
44282	2.03757
44283	2.03755
44284	2.03754
44285	2.03752
44286	2.0375
44287	2.03748
44288	2.03746
44289	2.03744
44290	2.03742
44291	2.0374
44292	2.03738
44293	2.03736
44294	2.03734
44295	2.03732
44296	2.0373
44297	2.03728
44298	2.03726
44299	2.03724
44300	2.03722
44301	2.0372
44302	2.03718
44303	2.03716
44304	2.03713
44305	2.03711
44306	2.03709
44307	2.03707
44308	2.03704
44309	2.03702
44310	2.037
44311	2.03697
44312	2.03695
44313	2.03693
44314	2.0369
44315	2.03688
44316	2.03686
44317	2.03683
44318	2.03681
44319	2.03678
44320	2.03676
44321	2.03673
44322	2.03671
44323	2.03668
44324	2.03666
44325	2.03663
44326	2.03661
44327	2.03658
44328	2.03655
44329	2.03653
44330	2.0365
44331	2.03647
44332	2.03645
44333	2.03642
44334	2.03639
44335	2.03636
44336	2.03634
44337	2.03631
44338	2.03628
44339	2.03625
44340	2.03623
44341	2.0362
44342	2.03617
44343	2.03614
44344	2.03611
44345	2.03608
44346	2.03605
44347	2.03602
44348	2.03599
44349	2.03596
44350	2.03593
44351	2.0359
44352	2.03587
44353	2.03584
44354	2.03581
44355	2.03578
44356	2.03575
44357	2.03572
44358	2.03569
44359	2.03566
44360	2.03563
44361	2.0356
44362	2.03556
44363	2.03553
44364	2.0355
44365	2.03547
44366	2.03544
44367	2.0354
44368	2.03537
44369	2.03534
44370	2.03531
44371	2.03528
44372	2.03524
44373	2.03521
44374	2.03518
44375	2.03514
44376	2.03511
44377	2.03508
44378	2.03504
44379	2.03501
44380	2.03498
44381	2.03494
44382	2.03491
44383	2.03488
44384	2.03484
44385	2.03481
44386	2.03477
44387	2.03474
44388	2.03471
44389	2.03467
44390	2.03464
44391	2.0346
44392	2.03457
44393	2.03453
44394	2.0345
44395	2.03446
44396	2.03443
44397	2.03439
44398	2.03436
44399	2.03432
44400	2.03429
44401	2.03426
44402	2.03422
44403	2.03419
44404	2.03415
44405	2.03412
44406	2.03408
44407	2.03405
44408	2.03401
44409	2.03398
44410	2.03394
44411	2.03391
44412	2.03387
44413	2.03384
44414	2.0338
44415	2.03377
44416	2.03373
44417	2.0337
44418	2.03366
44419	2.03363
44420	2.03359
44421	2.03356
44422	2.03352
44423	2.03349
44424	2.03345
44425	2.03342
44426	2.03338
44427	2.03335
44428	2.03331
44429	2.03328
44430	2.03325
44431	2.03321
44432	2.03318
44433	2.03314
44434	2.03311
44435	2.03308
44436	2.03304
44437	2.03301
44438	2.03298
44439	2.03294
44440	2.03291
44441	2.03288
44442	2.03284
44443	2.03281
44444	2.03278
44445	2.03274
44446	2.03271
44447	2.03268
44448	2.03265
44449	2.03261
44450	2.03258
44451	2.03255
44452	2.03252
44453	2.03249
44454	2.03246
44455	2.03243
44456	2.0324
44457	2.03236
44458	2.03233
44459	2.0323
44460	2.03227
44461	2.03224
44462	2.03221
44463	2.03218
44464	2.03216
44465	2.03213
44466	2.0321
44467	2.03207
44468	2.03204
44469	2.03201
44470	2.03199
44471	2.03196
44472	2.03193
44473	2.0319
44474	2.03188
44475	2.03185
44476	2.03182
44477	2.0318
44478	2.03177
44479	2.03175
44480	2.03172
44481	2.0317
44482	2.03167
44483	2.03165
44484	2.03162
44485	2.0316
44486	2.03158
44487	2.03155
44488	2.03153
44489	2.03151
44490	2.03149
44491	2.03147
44492	2.03144
44493	2.03142
44494	2.0314
44495	2.03138
44496	2.03136
44497	2.03134
44498	2.03132
44499	2.0313
44500	2.03129
44501	2.03127
44502	2.03125
44503	2.03123
44504	2.03122
44505	2.0312
44506	2.03118
44507	2.03117
44508	2.03115
44509	2.03114
44510	2.03112
44511	2.03111
44512	2.03109
44513	2.03108
44514	2.03107
44515	2.03106
44516	2.03104
44517	2.03103
44518	2.03102
44519	2.03101
44520	2.031
44521	2.03099
44522	2.03098
44523	2.03097
44524	2.03096
44525	2.03095
44526	2.03095
44527	2.03094
44528	2.03093
44529	2.03093
44530	2.03092
44531	2.03092
44532	2.03091
44533	2.03091
44534	2.0309
44535	2.0309
44536	2.0309
44537	2.03089
44538	2.03089
44539	2.03089
44540	2.03089
44541	2.03089
44542	2.03089
44543	2.03089
44544	2.03089
44545	2.03089
44546	2.03089
44547	2.0309
44548	2.0309
44549	2.0309
44550	2.03091
44551	2.03091
44552	2.03092
44553	2.03092
44554	2.03093
44555	2.03093
44556	2.03094
44557	2.03095
44558	2.03096
44559	2.03097
44560	2.03097
44561	2.03098
44562	2.03099
44563	2.031
44564	2.03102
44565	2.03103
44566	2.03104
44567	2.03105
44568	2.03107
44569	2.03108
44570	2.03109
44571	2.03111
44572	2.03112
44573	2.03114
44574	2.03116
44575	2.03117
44576	2.03119
44577	2.03121
44578	2.03123
44579	2.03125
44580	2.03127
44581	2.03129
44582	2.03131
44583	2.03133
44584	2.03135
44585	2.03137
44586	2.0314
44587	2.03142
44588	2.03144
44589	2.03147
44590	2.03149
44591	2.03152
44592	2.03154
44593	2.03157
44594	2.0316
44595	2.03162
44596	2.03165
44597	2.03168
44598	2.03171
44599	2.03174
44600	2.03177
44601	2.0318
44602	2.03183
44603	2.03186
44604	2.03189
44605	2.03192
44606	2.03196
44607	2.03199
44608	2.03202
44609	2.03206
44610	2.03209
44611	2.03213
44612	2.03216
44613	2.0322
44614	2.03224
44615	2.03227
44616	2.03231
44617	2.03235
44618	2.03239
44619	2.03243
44620	2.03247
44621	2.03251
44622	2.03255
44623	2.03259
44624	2.03263
44625	2.03267
44626	2.03271
44627	2.03276
44628	2.0328
44629	2.03284
44630	2.03289
44631	2.03293
44632	2.03297
44633	2.03302
44634	2.03306
44635	2.03311
44636	2.03316
44637	2.0332
44638	2.03325
44639	2.0333
44640	2.03334
44641	2.03339
44642	2.03344
44643	2.03349
44644	2.03354
44645	2.03359
44646	2.03364
44647	2.03369
44648	2.03374
44649	2.03379
44650	2.03384
44651	2.03389
44652	2.03394
44653	2.034
44654	2.03405
44655	2.0341
44656	2.03416
44657	2.03421
44658	2.03426
44659	2.03432
44660	2.03437
44661	2.03443
44662	2.03448
44663	2.03454
44664	2.03459
44665	2.03465
44666	2.0347
44667	2.03476
44668	2.03481
44669	2.03487
44670	2.03493
44671	2.03498
44672	2.03504
44673	2.0351
44674	2.03516
44675	2.03521
44676	2.03527
44677	2.03533
44678	2.03539
44679	2.03545
44680	2.03551
44681	2.03557
44682	2.03562
44683	2.03568
44684	2.03574
44685	2.0358
44686	2.03586
44687	2.03592
44688	2.03598
44689	2.03604
44690	2.0361
44691	2.03616
44692	2.03622
44693	2.03628
44694	2.03634
44695	2.0364
44696	2.03646
44697	2.03653
44698	2.03659
44699	2.03665
44700	2.03671
44701	2.03677
44702	2.03683
44703	2.03689
44704	2.03695
44705	2.03701
44706	2.03707
44707	2.03714
44708	2.0372
44709	2.03726
44710	2.03732
44711	2.03738
44712	2.03744
44713	2.0375
44714	2.03756
44715	2.03762
44716	2.03769
44717	2.03775
44718	2.03781
44719	2.03787
44720	2.03793
44721	2.03799
44722	2.03805
44723	2.03811
44724	2.03817
44725	2.03823
44726	2.03829
44727	2.03835
44728	2.03841
44729	2.03847
44730	2.03853
44731	2.03859
44732	2.03865
44733	2.03871
44734	2.03877
44735	2.03883
44736	2.03889
44737	2.03894
44738	2.039
44739	2.03906
44740	2.03912
44741	2.03918
44742	2.03924
44743	2.03929
44744	2.03935
44745	2.03941
44746	2.03946
44747	2.03952
44748	2.03958
44749	2.03963
44750	2.03969
44751	2.03975
44752	2.0398
44753	2.03986
44754	2.03991
44755	2.03997
44756	2.04002
44757	2.04008
44758	2.04013
44759	2.04018
44760	2.04024
44761	2.04029
44762	2.04034
44763	2.0404
44764	2.04045
44765	2.0405
44766	2.04055
44767	2.0406
44768	2.04065
44769	2.04071
44770	2.04076
44771	2.04081
44772	2.04086
44773	2.04091
44774	2.04095
44775	2.041
44776	2.04105
44777	2.0411
44778	2.04115
44779	2.04119
44780	2.04124
44781	2.04129
44782	2.04133
44783	2.04138
44784	2.04143
44785	2.04147
44786	2.04151
44787	2.04156
44788	2.0416
44789	2.04165
44790	2.04169
44791	2.04173
44792	2.04177
44793	2.04182
44794	2.04186
44795	2.0419
44796	2.04194
44797	2.04198
44798	2.04202
44799	2.04206
44800	2.0421
44801	2.04214
44802	2.04217
44803	2.04221
44804	2.04225
44805	2.04229
44806	2.04232
44807	2.04236
44808	2.04239
44809	2.04243
44810	2.04246
44811	2.0425
44812	2.04253
44813	2.04256
44814	2.0426
44815	2.04263
44816	2.04266
44817	2.04269
44818	2.04272
44819	2.04275
44820	2.04278
44821	2.04281
44822	2.04284
44823	2.04287
44824	2.0429
44825	2.04292
44826	2.04295
44827	2.04298
44828	2.043
44829	2.04303
44830	2.04305
44831	2.04308
44832	2.0431
44833	2.04313
44834	2.04315
44835	2.04317
44836	2.04319
44837	2.04322
44838	2.04324
44839	2.04326
44840	2.04328
44841	2.0433
44842	2.04332
44843	2.04334
44844	2.04336
44845	2.04337
44846	2.04339
44847	2.04341
44848	2.04342
44849	2.04344
44850	2.04345
44851	2.04347
44852	2.04348
44853	2.0435
44854	2.04351
44855	2.04352
44856	2.04354
44857	2.04355
44858	2.04356
44859	2.04357
44860	2.04358
44861	2.04359
44862	2.0436
44863	2.04361
44864	2.04362
44865	2.04363
44866	2.04364
44867	2.04364
44868	2.04365
44869	2.04366
44870	2.04366
44871	2.04367
44872	2.04367
44873	2.04368
44874	2.04368
44875	2.04369
44876	2.04369
44877	2.04369
44878	2.04369
44879	2.0437
44880	2.0437
44881	2.0437
44882	2.0437
44883	2.0437
44884	2.0437
44885	2.0437
44886	2.0437
44887	2.04369
44888	2.04369
44889	2.04369
44890	2.04369
44891	2.04368
44892	2.04368
44893	2.04368
44894	2.04367
44895	2.04367
44896	2.04366
44897	2.04365
44898	2.04365
44899	2.04364
44900	2.04363
44901	2.04363
44902	2.04362
44903	2.04361
44904	2.0436
44905	2.04359
44906	2.04358
44907	2.04357
44908	2.04356
44909	2.04355
44910	2.04354
44911	2.04353
44912	2.04352
44913	2.04351
44914	2.04349
44915	2.04348
44916	2.04347
44917	2.04345
44918	2.04344
44919	2.04343
44920	2.04341
44921	2.0434
44922	2.04338
44923	2.04337
44924	2.04335
44925	2.04333
44926	2.04332
44927	2.0433
44928	2.04328
44929	2.04327
44930	2.04325
44931	2.04323
44932	2.04321
44933	2.04319
44934	2.04317
44935	2.04315
44936	2.04313
44937	2.04311
44938	2.04309
44939	2.04307
44940	2.04305
44941	2.04303
44942	2.04301
44943	2.04299
44944	2.04297
44945	2.04295
44946	2.04292
44947	2.0429
44948	2.04288
44949	2.04286
44950	2.04283
44951	2.04281
44952	2.04278
44953	2.04276
44954	2.04274
44955	2.04271
44956	2.04269
44957	2.04266
44958	2.04264
44959	2.04261
44960	2.04259
44961	2.04256
44962	2.04254
44963	2.04251
44964	2.04248
44965	2.04246
44966	2.04243
44967	2.0424
44968	2.04238
44969	2.04235
44970	2.04232
44971	2.0423
44972	2.04227
44973	2.04224
44974	2.04221
44975	2.04218
44976	2.04216
44977	2.04213
44978	2.0421
44979	2.04207
44980	2.04204
44981	2.04201
44982	2.04198
44983	2.04195
44984	2.04193
44985	2.0419
44986	2.04187
44987	2.04184
44988	2.04181
44989	2.04178
44990	2.04175
44991	2.04172
44992	2.04169
44993	2.04166
44994	2.04163
44995	2.0416
44996	2.04157
44997	2.04154
44998	2.04151
44999	2.04148
45000	2.04145
45001	2.04141
45002	2.04138
45003	2.04135
45004	2.04132
45005	2.04129
45006	2.04126
45007	2.04123
45008	2.0412
45009	2.04117
45010	2.04114
45011	2.04111
45012	2.04107
45013	2.04104
45014	2.04101
45015	2.04098
45016	2.04095
45017	2.04092
45018	2.04089
45019	2.04086
45020	2.04082
45021	2.04079
45022	2.04076
45023	2.04073
45024	2.0407
45025	2.04067
45026	2.04064
45027	2.04061
45028	2.04058
45029	2.04054
45030	2.04051
45031	2.04048
45032	2.04045
45033	2.04042
45034	2.04039
45035	2.04036
45036	2.04033
45037	2.0403
45038	2.04027
45039	2.04024
45040	2.04021
45041	2.04017
45042	2.04014
45043	2.04011
45044	2.04008
45045	2.04005
45046	2.04002
45047	2.03999
45048	2.03996
45049	2.03993
45050	2.0399
45051	2.03987
45052	2.03984
45053	2.03981
45054	2.03978
45055	2.03975
45056	2.03972
45057	2.0397
45058	2.03967
45059	2.03964
45060	2.03961
45061	2.03958
45062	2.03955
45063	2.03952
45064	2.03949
45065	2.03946
45066	2.03944
45067	2.03941
45068	2.03938
45069	2.03935
45070	2.03932
45071	2.03929
45072	2.03927
45073	2.03924
45074	2.03921
45075	2.03918
45076	2.03916
45077	2.03913
45078	2.0391
45079	2.03908
45080	2.03905
45081	2.03902
45082	2.039
45083	2.03897
45084	2.03894
45085	2.03892
45086	2.03889
45087	2.03886
45088	2.03884
45089	2.03881
45090	2.03879
45091	2.03876
45092	2.03874
45093	2.03871
45094	2.03869
45095	2.03866
45096	2.03864
45097	2.03861
45098	2.03859
45099	2.03856
45100	2.03854
45101	2.03852
45102	2.03849
45103	2.03847
45104	2.03844
45105	2.03842
45106	2.0384
45107	2.03838
45108	2.03835
45109	2.03833
45110	2.03831
45111	2.03828
45112	2.03826
45113	2.03824
45114	2.03822
45115	2.0382
45116	2.03818
45117	2.03815
45118	2.03813
45119	2.03811
45120	2.03809
45121	2.03807
45122	2.03805
45123	2.03803
45124	2.03801
45125	2.03799
45126	2.03797
45127	2.03795
45128	2.03793
45129	2.03791
45130	2.03789
45131	2.03787
45132	2.03785
45133	2.03783
45134	2.03781
45135	2.03779
45136	2.03778
45137	2.03776
45138	2.03774
45139	2.03772
45140	2.0377
45141	2.03769
45142	2.03767
45143	2.03765
45144	2.03763
45145	2.03762
45146	2.0376
45147	2.03758
45148	2.03757
45149	2.03755
45150	2.03754
45151	2.03752
45152	2.0375
45153	2.03749
45154	2.03747
45155	2.03746
45156	2.03744
45157	2.03743
45158	2.03741
45159	2.0374
45160	2.03738
45161	2.03737
45162	2.03735
45163	2.03734
45164	2.03733
45165	2.03731
45166	2.0373
45167	2.03729
45168	2.03727
45169	2.03726
45170	2.03725
45171	2.03723
45172	2.03722
45173	2.03721
45174	2.0372
45175	2.03718
45176	2.03717
45177	2.03716
45178	2.03715
45179	2.03714
45180	2.03712
45181	2.03711
45182	2.0371
45183	2.03709
45184	2.03708
45185	2.03707
45186	2.03706
45187	2.03705
45188	2.03704
45189	2.03703
45190	2.03702
45191	2.03701
45192	2.037
45193	2.03699
45194	2.03698
45195	2.03697
45196	2.03696
45197	2.03695
45198	2.03694
45199	2.03694
45200	2.03693
45201	2.03692
45202	2.03691
45203	2.0369
45204	2.03689
45205	2.03689
45206	2.03688
45207	2.03687
45208	2.03686
45209	2.03686
45210	2.03685
45211	2.03684
45212	2.03684
45213	2.03683
45214	2.03682
45215	2.03682
45216	2.03681
45217	2.0368
45218	2.0368
45219	2.03679
45220	2.03678
45221	2.03678
45222	2.03677
45223	2.03677
45224	2.03676
45225	2.03676
45226	2.03675
45227	2.03675
45228	2.03674
45229	2.03674
45230	2.03673
45231	2.03673
45232	2.03673
45233	2.03672
45234	2.03672
45235	2.03671
45236	2.03671
45237	2.03671
45238	2.0367
45239	2.0367
45240	2.0367
45241	2.03669
45242	2.03669
45243	2.03669
45244	2.03668
45245	2.03668
45246	2.03668
45247	2.03668
45248	2.03667
45249	2.03667
45250	2.03667
45251	2.03667
45252	2.03666
45253	2.03666
45254	2.03666
45255	2.03666
45256	2.03666
45257	2.03666
45258	2.03666
45259	2.03665
45260	2.03665
45261	2.03665
45262	2.03665
45263	2.03665
45264	2.03665
45265	2.03665
45266	2.03665
45267	2.03665
45268	2.03665
45269	2.03665
45270	2.03665
45271	2.03665
45272	2.03665
45273	2.03665
45274	2.03665
45275	2.03665
45276	2.03665
45277	2.03665
45278	2.03665
45279	2.03666
45280	2.03666
45281	2.03666
45282	2.03666
45283	2.03666
45284	2.03666
45285	2.03666
45286	2.03667
45287	2.03667
45288	2.03667
45289	2.03667
45290	2.03668
45291	2.03668
45292	2.03668
45293	2.03668
45294	2.03669
45295	2.03669
45296	2.03669
45297	2.03669
45298	2.0367
45299	2.0367
45300	2.0367
45301	2.03671
45302	2.03671
45303	2.03672
45304	2.03672
45305	2.03672
45306	2.03673
45307	2.03673
45308	2.03674
45309	2.03674
45310	2.03674
45311	2.03675
45312	2.03675
45313	2.03676
45314	2.03676
45315	2.03677
45316	2.03677
45317	2.03678
45318	2.03678
45319	2.03679
45320	2.0368
45321	2.0368
45322	2.03681
45323	2.03681
45324	2.03682
45325	2.03682
45326	2.03683
45327	2.03684
45328	2.03684
45329	2.03685
45330	2.03686
45331	2.03686
45332	2.03687
45333	2.03688
45334	2.03689
45335	2.03689
45336	2.0369
45337	2.03691
45338	2.03692
45339	2.03692
45340	2.03693
45341	2.03694
45342	2.03695
45343	2.03696
45344	2.03696
45345	2.03697
45346	2.03698
45347	2.03699
45348	2.037
45349	2.03701
45350	2.03702
45351	2.03703
45352	2.03704
45353	2.03704
45354	2.03705
45355	2.03706
45356	2.03707
45357	2.03708
45358	2.03709
45359	2.0371
45360	2.03711
45361	2.03713
45362	2.03714
45363	2.03715
45364	2.03716
45365	2.03717
45366	2.03718
45367	2.03719
45368	2.0372
45369	2.03721
45370	2.03723
45371	2.03724
45372	2.03725
45373	2.03726
45374	2.03727
45375	2.03729
45376	2.0373
45377	2.03731
45378	2.03732
45379	2.03734
45380	2.03735
45381	2.03736
45382	2.03738
45383	2.03739
45384	2.0374
45385	2.03742
45386	2.03743
45387	2.03744
45388	2.03746
45389	2.03747
45390	2.03749
45391	2.0375
45392	2.03751
45393	2.03753
45394	2.03754
45395	2.03756
45396	2.03757
45397	2.03759
45398	2.03761
45399	2.03762
45400	2.03764
45401	2.03765
45402	2.03767
45403	2.03768
45404	2.0377
45405	2.03772
45406	2.03773
45407	2.03775
45408	2.03777
45409	2.03778
45410	2.0378
45411	2.03782
45412	2.03784
45413	2.03785
45414	2.03787
45415	2.03789
45416	2.03791
45417	2.03792
45418	2.03794
45419	2.03796
45420	2.03798
45421	2.038
45422	2.03802
45423	2.03803
45424	2.03805
45425	2.03807
45426	2.03809
45427	2.03811
45428	2.03813
45429	2.03815
45430	2.03817
45431	2.03819
45432	2.03821
45433	2.03823
45434	2.03825
45435	2.03827
45436	2.03829
45437	2.03831
45438	2.03833
45439	2.03835
45440	2.03838
45441	2.0384
45442	2.03842
45443	2.03844
45444	2.03846
45445	2.03848
45446	2.03851
45447	2.03853
45448	2.03855
45449	2.03857
45450	2.03859
45451	2.03862
45452	2.03864
45453	2.03866
45454	2.03869
45455	2.03871
45456	2.03873
45457	2.03875
45458	2.03878
45459	2.0388
45460	2.03883
45461	2.03885
45462	2.03887
45463	2.0389
45464	2.03892
45465	2.03894
45466	2.03897
45467	2.03899
45468	2.03902
45469	2.03904
45470	2.03907
45471	2.03909
45472	2.03912
45473	2.03914
45474	2.03917
45475	2.03919
45476	2.03922
45477	2.03924
45478	2.03927
45479	2.03929
45480	2.03932
45481	2.03935
45482	2.03937
45483	2.0394
45484	2.03942
45485	2.03945
45486	2.03948
45487	2.0395
45488	2.03953
45489	2.03955
45490	2.03958
45491	2.03961
45492	2.03963
45493	2.03966
45494	2.03969
45495	2.03971
45496	2.03974
45497	2.03977
45498	2.03979
45499	2.03982
45500	2.03985
45501	2.03987
45502	2.0399
45503	2.03993
45504	2.03996
45505	2.03998
45506	2.04001
45507	2.04004
45508	2.04007
45509	2.04009
45510	2.04012
45511	2.04015
45512	2.04018
45513	2.0402
45514	2.04023
45515	2.04026
45516	2.04028
45517	2.04031
45518	2.04034
45519	2.04037
45520	2.04039
45521	2.04042
45522	2.04045
45523	2.04048
45524	2.0405
45525	2.04053
45526	2.04056
45527	2.04059
45528	2.04061
45529	2.04064
45530	2.04067
45531	2.0407
45532	2.04072
45533	2.04075
45534	2.04078
45535	2.04081
45536	2.04083
45537	2.04086
45538	2.04089
45539	2.04091
45540	2.04094
45541	2.04097
45542	2.04099
45543	2.04102
45544	2.04105
45545	2.04107
45546	2.0411
45547	2.04113
45548	2.04115
45549	2.04118
45550	2.04121
45551	2.04123
45552	2.04126
45553	2.04128
45554	2.04131
45555	2.04134
45556	2.04136
45557	2.04139
45558	2.04141
45559	2.04144
45560	2.04146
45561	2.04149
45562	2.04151
45563	2.04154
45564	2.04156
45565	2.04159
45566	2.04161
45567	2.04163
45568	2.04166
45569	2.04168
45570	2.04171
45571	2.04173
45572	2.04175
45573	2.04178
45574	2.0418
45575	2.04182
45576	2.04184
45577	2.04187
45578	2.04189
45579	2.04191
45580	2.04193
45581	2.04195
45582	2.04198
45583	2.042
45584	2.04202
45585	2.04204
45586	2.04206
45587	2.04208
45588	2.0421
45589	2.04212
45590	2.04214
45591	2.04216
45592	2.04218
45593	2.0422
45594	2.04222
45595	2.04224
45596	2.04225
45597	2.04227
45598	2.04229
45599	2.04231
45600	2.04233
45601	2.04234
45602	2.04236
45603	2.04238
45604	2.04239
45605	2.04241
45606	2.04242
45607	2.04244
45608	2.04245
45609	2.04247
45610	2.04248
45611	2.0425
45612	2.04251
45613	2.04253
45614	2.04254
45615	2.04255
45616	2.04256
45617	2.04258
45618	2.04259
45619	2.0426
45620	2.04261
45621	2.04262
45622	2.04263
45623	2.04264
45624	2.04265
45625	2.04266
45626	2.04267
45627	2.04268
45628	2.04269
45629	2.0427
45630	2.04271
45631	2.04272
45632	2.04272
45633	2.04273
45634	2.04274
45635	2.04274
45636	2.04275
45637	2.04275
45638	2.04276
45639	2.04276
45640	2.04277
45641	2.04277
45642	2.04278
45643	2.04278
45644	2.04278
45645	2.04278
45646	2.04279
45647	2.04279
45648	2.04279
45649	2.04279
45650	2.04279
45651	2.04279
45652	2.04279
45653	2.04279
45654	2.04279
45655	2.04279
45656	2.04278
45657	2.04278
45658	2.04278
45659	2.04278
45660	2.04277
45661	2.04277
45662	2.04276
45663	2.04276
45664	2.04275
45665	2.04275
45666	2.04274
45667	2.04273
45668	2.04273
45669	2.04272
45670	2.04271
45671	2.0427
45672	2.0427
45673	2.04269
45674	2.04268
45675	2.04267
45676	2.04266
45677	2.04265
45678	2.04263
45679	2.04262
45680	2.04261
45681	2.0426
45682	2.04258
45683	2.04257
45684	2.04256
45685	2.04254
45686	2.04253
45687	2.04251
45688	2.0425
45689	2.04248
45690	2.04246
45691	2.04245
45692	2.04243
45693	2.04241
45694	2.04239
45695	2.04238
45696	2.04236
45697	2.04234
45698	2.04232
45699	2.0423
45700	2.04228
45701	2.04225
45702	2.04223
45703	2.04221
45704	2.04219
45705	2.04216
45706	2.04214
45707	2.04212
45708	2.04209
45709	2.04207
45710	2.04204
45711	2.04202
45712	2.04199
45713	2.04196
45714	2.04194
45715	2.04191
45716	2.04188
45717	2.04185
45718	2.04183
45719	2.0418
45720	2.04177
45721	2.04174
45722	2.04171
45723	2.04168
45724	2.04165
45725	2.04162
45726	2.04158
45727	2.04155
45728	2.04152
45729	2.04149
45730	2.04145
45731	2.04142
45732	2.04139
45733	2.04135
45734	2.04132
45735	2.04128
45736	2.04125
45737	2.04121
45738	2.04117
45739	2.04114
45740	2.0411
45741	2.04106
45742	2.04102
45743	2.04099
45744	2.04095
45745	2.04091
45746	2.04087
45747	2.04083
45748	2.04079
45749	2.04075
45750	2.04071
45751	2.04067
45752	2.04063
45753	2.04059
45754	2.04055
45755	2.0405
45756	2.04046
45757	2.04042
45758	2.04038
45759	2.04033
45760	2.04029
45761	2.04024
45762	2.0402
45763	2.04016
45764	2.04011
45765	2.04007
45766	2.04002
45767	2.03998
45768	2.03993
45769	2.03988
45770	2.03984
45771	2.03979
45772	2.03974
45773	2.0397
45774	2.03965
45775	2.0396
45776	2.03956
45777	2.03951
45778	2.03946
45779	2.03941
45780	2.03936
45781	2.03931
45782	2.03926
45783	2.03922
45784	2.03917
45785	2.03912
45786	2.03907
45787	2.03902
45788	2.03897
45789	2.03892
45790	2.03887
45791	2.03882
45792	2.03876
45793	2.03871
45794	2.03866
45795	2.03861
45796	2.03856
45797	2.03851
45798	2.03846
45799	2.03841
45800	2.03835
45801	2.0383
45802	2.03825
45803	2.0382
45804	2.03815
45805	2.03809
45806	2.03804
45807	2.03799
45808	2.03794
45809	2.03788
45810	2.03783
45811	2.03778
45812	2.03773
45813	2.03767
45814	2.03762
45815	2.03757
45816	2.03751
45817	2.03746
45818	2.03741
45819	2.03736
45820	2.0373
45821	2.03725
45822	2.0372
45823	2.03714
45824	2.03709
45825	2.03704
45826	2.03698
45827	2.03693
45828	2.03688
45829	2.03683
45830	2.03677
45831	2.03672
45832	2.03667
45833	2.03661
45834	2.03656
45835	2.03651
45836	2.03646
45837	2.0364
45838	2.03635
45839	2.0363
45840	2.03625
45841	2.0362
45842	2.03614
45843	2.03609
45844	2.03604
45845	2.03599
45846	2.03594
45847	2.03589
45848	2.03583
45849	2.03578
45850	2.03573
45851	2.03568
45852	2.03563
45853	2.03558
45854	2.03553
45855	2.03548
45856	2.03543
45857	2.03538
45858	2.03533
45859	2.03528
45860	2.03523
45861	2.03518
45862	2.03513
45863	2.03508
45864	2.03503
45865	2.03499
45866	2.03494
45867	2.03489
45868	2.03484
45869	2.0348
45870	2.03475
45871	2.0347
45872	2.03465
45873	2.03461
45874	2.03456
45875	2.03452
45876	2.03447
45877	2.03442
45878	2.03438
45879	2.03433
45880	2.03429
45881	2.03424
45882	2.0342
45883	2.03416
45884	2.03411
45885	2.03407
45886	2.03403
45887	2.03398
45888	2.03394
45889	2.0339
45890	2.03386
45891	2.03382
45892	2.03377
45893	2.03373
45894	2.03369
45895	2.03365
45896	2.03361
45897	2.03357
45898	2.03353
45899	2.0335
45900	2.03346
45901	2.03342
45902	2.03338
45903	2.03334
45904	2.03331
45905	2.03327
45906	2.03323
45907	2.0332
45908	2.03316
45909	2.03313
45910	2.03309
45911	2.03306
45912	2.03302
45913	2.03299
45914	2.03295
45915	2.03292
45916	2.03289
45917	2.03286
45918	2.03282
45919	2.03279
45920	2.03276
45921	2.03273
45922	2.0327
45923	2.03267
45924	2.03264
45925	2.03261
45926	2.03258
45927	2.03256
45928	2.03253
45929	2.0325
45930	2.03247
45931	2.03245
45932	2.03242
45933	2.03239
45934	2.03237
45935	2.03234
45936	2.03232
45937	2.03229
45938	2.03227
45939	2.03225
45940	2.03222
45941	2.0322
45942	2.03218
45943	2.03216
45944	2.03214
45945	2.03212
45946	2.0321
45947	2.03208
45948	2.03206
45949	2.03204
45950	2.03202
45951	2.032
45952	2.03198
45953	2.03196
45954	2.03195
45955	2.03193
45956	2.03192
45957	2.0319
45958	2.03188
45959	2.03187
45960	2.03186
45961	2.03184
45962	2.03183
45963	2.03181
45964	2.0318
45965	2.03179
45966	2.03178
45967	2.03177
45968	2.03176
45969	2.03175
45970	2.03174
45971	2.03173
45972	2.03172
45973	2.03171
45974	2.0317
45975	2.03169
45976	2.03168
45977	2.03168
45978	2.03167
45979	2.03166
45980	2.03166
45981	2.03165
45982	2.03165
45983	2.03164
45984	2.03164
45985	2.03164
45986	2.03163
45987	2.03163
45988	2.03163
45989	2.03162
45990	2.03162
45991	2.03162
45992	2.03162
45993	2.03162
45994	2.03162
45995	2.03162
45996	2.03162
45997	2.03162
45998	2.03162
45999	2.03163
46000	2.03163
46001	2.03163
46002	2.03163
46003	2.03164
46004	2.03164
46005	2.03165
46006	2.03165
46007	2.03166
46008	2.03166
46009	2.03167
46010	2.03167
46011	2.03168
46012	2.03169
46013	2.03169
46014	2.0317
46015	2.03171
46016	2.03172
46017	2.03173
46018	2.03174
46019	2.03174
46020	2.03175
46021	2.03176
46022	2.03177
46023	2.03179
46024	2.0318
46025	2.03181
46026	2.03182
46027	2.03183
46028	2.03184
46029	2.03186
46030	2.03187
46031	2.03188
46032	2.0319
46033	2.03191
46034	2.03193
46035	2.03194
46036	2.03196
46037	2.03197
46038	2.03199
46039	2.032
46040	2.03202
46041	2.03203
46042	2.03205
46043	2.03207
46044	2.03209
46045	2.0321
46046	2.03212
46047	2.03214
46048	2.03216
46049	2.03218
46050	2.03219
46051	2.03221
46052	2.03223
46053	2.03225
46054	2.03227
46055	2.03229
46056	2.03231
46057	2.03233
46058	2.03235
46059	2.03238
46060	2.0324
46061	2.03242
46062	2.03244
46063	2.03246
46064	2.03248
46065	2.03251
46066	2.03253
46067	2.03255
46068	2.03258
46069	2.0326
46070	2.03262
46071	2.03265
46072	2.03267
46073	2.03269
46074	2.03272
46075	2.03274
46076	2.03277
46077	2.03279
46078	2.03282
46079	2.03284
46080	2.03287
46081	2.03289
46082	2.03292
46083	2.03294
46084	2.03297
46085	2.03299
46086	2.03302
46087	2.03305
46088	2.03307
46089	2.0331
46090	2.03313
46091	2.03315
46092	2.03318
46093	2.03321
46094	2.03323
46095	2.03326
46096	2.03329
46097	2.03332
46098	2.03334
46099	2.03337
46100	2.0334
46101	2.03343
46102	2.03345
46103	2.03348
46104	2.03351
46105	2.03354
46106	2.03357
46107	2.03359
46108	2.03362
46109	2.03365
46110	2.03368
46111	2.03371
46112	2.03374
46113	2.03377
46114	2.03379
46115	2.03382
46116	2.03385
46117	2.03388
46118	2.03391
46119	2.03394
46120	2.03397
46121	2.034
46122	2.03402
46123	2.03405
46124	2.03408
46125	2.03411
46126	2.03414
46127	2.03417
46128	2.0342
46129	2.03423
46130	2.03426
46131	2.03429
46132	2.03431
46133	2.03434
46134	2.03437
46135	2.0344
46136	2.03443
46137	2.03446
46138	2.03449
46139	2.03452
46140	2.03455
46141	2.03457
46142	2.0346
46143	2.03463
46144	2.03466
46145	2.03469
46146	2.03472
46147	2.03475
46148	2.03477
46149	2.0348
46150	2.03483
46151	2.03486
46152	2.03489
46153	2.03492
46154	2.03494
46155	2.03497
46156	2.035
46157	2.03503
46158	2.03506
46159	2.03508
46160	2.03511
46161	2.03514
46162	2.03517
46163	2.03519
46164	2.03522
46165	2.03525
46166	2.03528
46167	2.0353
46168	2.03533
46169	2.03536
46170	2.03538
46171	2.03541
46172	2.03544
46173	2.03546
46174	2.03549
46175	2.03552
46176	2.03554
46177	2.03557
46178	2.03559
46179	2.03562
46180	2.03565
46181	2.03567
46182	2.0357
46183	2.03572
46184	2.03575
46185	2.03577
46186	2.0358
46187	2.03582
46188	2.03585
46189	2.03587
46190	2.03589
46191	2.03592
46192	2.03594
46193	2.03597
46194	2.03599
46195	2.03601
46196	2.03604
46197	2.03606
46198	2.03608
46199	2.03611
46200	2.03613
46201	2.03615
46202	2.03617
46203	2.0362
46204	2.03622
46205	2.03624
46206	2.03626
46207	2.03628
46208	2.03631
46209	2.03633
46210	2.03635
46211	2.03637
46212	2.03639
46213	2.03641
46214	2.03643
46215	2.03645
46216	2.03647
46217	2.03649
46218	2.03651
46219	2.03653
46220	2.03655
46221	2.03657
46222	2.03659
46223	2.03661
46224	2.03663
46225	2.03665
46226	2.03666
46227	2.03668
46228	2.0367
46229	2.03672
46230	2.03674
46231	2.03675
46232	2.03677
46233	2.03679
46234	2.0368
46235	2.03682
46236	2.03684
46237	2.03685
46238	2.03687
46239	2.03689
46240	2.0369
46241	2.03692
46242	2.03693
46243	2.03695
46244	2.03696
46245	2.03698
46246	2.03699
46247	2.03701
46248	2.03702
46249	2.03703
46250	2.03705
46251	2.03706
46252	2.03707
46253	2.03709
46254	2.0371
46255	2.03711
46256	2.03713
46257	2.03714
46258	2.03715
46259	2.03716
46260	2.03717
46261	2.03719
46262	2.0372
46263	2.03721
46264	2.03722
46265	2.03723
46266	2.03724
46267	2.03725
46268	2.03726
46269	2.03727
46270	2.03728
46271	2.03729
46272	2.0373
46273	2.03731
46274	2.03732
46275	2.03732
46276	2.03733
46277	2.03734
46278	2.03735
46279	2.03736
46280	2.03736
46281	2.03737
46282	2.03738
46283	2.03739
46284	2.03739
46285	2.0374
46286	2.03741
46287	2.03741
46288	2.03742
46289	2.03742
46290	2.03743
46291	2.03744
46292	2.03744
46293	2.03745
46294	2.03745
46295	2.03745
46296	2.03746
46297	2.03746
46298	2.03747
46299	2.03747
46300	2.03747
46301	2.03748
46302	2.03748
46303	2.03748
46304	2.03749
46305	2.03749
46306	2.03749
46307	2.03749
46308	2.0375
46309	2.0375
46310	2.0375
46311	2.0375
46312	2.0375
46313	2.0375
46314	2.0375
46315	2.0375
46316	2.0375
46317	2.0375
46318	2.0375
46319	2.0375
46320	2.0375
46321	2.0375
46322	2.0375
46323	2.0375
46324	2.0375
46325	2.0375
46326	2.0375
46327	2.0375
46328	2.03749
46329	2.03749
46330	2.03749
46331	2.03749
46332	2.03748
46333	2.03748
46334	2.03748
46335	2.03747
46336	2.03747
46337	2.03747
46338	2.03746
46339	2.03746
46340	2.03745
46341	2.03745
46342	2.03745
46343	2.03744
46344	2.03744
46345	2.03743
46346	2.03743
46347	2.03742
46348	2.03741
46349	2.03741
46350	2.0374
46351	2.0374
46352	2.03739
46353	2.03738
46354	2.03738
46355	2.03737
46356	2.03736
46357	2.03735
46358	2.03735
46359	2.03734
46360	2.03733
46361	2.03732
46362	2.03732
46363	2.03731
46364	2.0373
46365	2.03729
46366	2.03728
46367	2.03727
46368	2.03726
46369	2.03725
46370	2.03724
46371	2.03723
46372	2.03722
46373	2.03721
46374	2.0372
46375	2.03719
46376	2.03718
46377	2.03717
46378	2.03716
46379	2.03715
46380	2.03714
46381	2.03713
46382	2.03711
46383	2.0371
46384	2.03709
46385	2.03708
46386	2.03707
46387	2.03705
46388	2.03704
46389	2.03703
46390	2.03702
46391	2.037
46392	2.03699
46393	2.03698
46394	2.03696
46395	2.03695
46396	2.03693
46397	2.03692
46398	2.03691
46399	2.03689
46400	2.03688
46401	2.03686
46402	2.03685
46403	2.03683
46404	2.03682
46405	2.0368
46406	2.03679
46407	2.03677
46408	2.03676
46409	2.03674
46410	2.03672
46411	2.03671
46412	2.03669
46413	2.03668
46414	2.03666
46415	2.03664
46416	2.03663
46417	2.03661
46418	2.03659
46419	2.03657
46420	2.03656
46421	2.03654
46422	2.03652
46423	2.0365
46424	2.03649
46425	2.03647
46426	2.03645
46427	2.03643
46428	2.03641
46429	2.03639
46430	2.03638
46431	2.03636
46432	2.03634
46433	2.03632
46434	2.0363
46435	2.03628
46436	2.03626
46437	2.03624
46438	2.03622
46439	2.0362
46440	2.03618
46441	2.03616
46442	2.03614
46443	2.03612
46444	2.0361
46445	2.03608
46446	2.03606
46447	2.03604
46448	2.03602
46449	2.03599
46450	2.03597
46451	2.03595
46452	2.03593
46453	2.03591
46454	2.03589
46455	2.03587
46456	2.03584
46457	2.03582
46458	2.0358
46459	2.03578
46460	2.03575
46461	2.03573
46462	2.03571
46463	2.03569
46464	2.03566
46465	2.03564
46466	2.03562
46467	2.03559
46468	2.03557
46469	2.03555
46470	2.03553
46471	2.0355
46472	2.03548
46473	2.03545
46474	2.03543
46475	2.03541
46476	2.03538
46477	2.03536
46478	2.03533
46479	2.03531
46480	2.03529
46481	2.03526
46482	2.03524
46483	2.03521
46484	2.03519
46485	2.03516
46486	2.03514
46487	2.03511
46488	2.03509
46489	2.03506
46490	2.03504
46491	2.03501
46492	2.03499
46493	2.03496
46494	2.03494
46495	2.03491
46496	2.03489
46497	2.03486
46498	2.03484
46499	2.03481
46500	2.03478
46501	2.03476
46502	2.03473
46503	2.03471
46504	2.03468
46505	2.03465
46506	2.03463
46507	2.0346
46508	2.03458
46509	2.03455
46510	2.03452
46511	2.0345
46512	2.03447
46513	2.03444
46514	2.03442
46515	2.03439
46516	2.03436
46517	2.03434
46518	2.03431
46519	2.03428
46520	2.03426
46521	2.03423
46522	2.0342
46523	2.03418
46524	2.03415
46525	2.03412
46526	2.0341
46527	2.03407
46528	2.03404
46529	2.03402
46530	2.03399
46531	2.03396
46532	2.03394
46533	2.03391
46534	2.03388
46535	2.03385
46536	2.03383
46537	2.0338
46538	2.03377
46539	2.03375
46540	2.03372
46541	2.03369
46542	2.03367
46543	2.03364
46544	2.03361
46545	2.03358
46546	2.03356
46547	2.03353
46548	2.0335
46549	2.03348
46550	2.03345
46551	2.03342
46552	2.0334
46553	2.03337
46554	2.03334
46555	2.03332
46556	2.03329
46557	2.03326
46558	2.03324
46559	2.03321
46560	2.03318
46561	2.03316
46562	2.03313
46563	2.0331
46564	2.03308
46565	2.03305
46566	2.03302
46567	2.033
46568	2.03297
46569	2.03295
46570	2.03292
46571	2.03289
46572	2.03287
46573	2.03284
46574	2.03282
46575	2.03279
46576	2.03277
46577	2.03274
46578	2.03271
46579	2.03269
46580	2.03266
46581	2.03264
46582	2.03261
46583	2.03259
46584	2.03256
46585	2.03254
46586	2.03251
46587	2.03249
46588	2.03247
46589	2.03244
46590	2.03242
46591	2.03239
46592	2.03237
46593	2.03234
46594	2.03232
46595	2.0323
46596	2.03227
46597	2.03225
46598	2.03223
46599	2.0322
46600	2.03218
46601	2.03216
46602	2.03214
46603	2.03211
46604	2.03209
46605	2.03207
46606	2.03205
46607	2.03202
46608	2.032
46609	2.03198
46610	2.03196
46611	2.03194
46612	2.03192
46613	2.03189
46614	2.03187
46615	2.03185
46616	2.03183
46617	2.03181
46618	2.03179
46619	2.03177
46620	2.03175
46621	2.03173
46622	2.03171
46623	2.03169
46624	2.03167
46625	2.03166
46626	2.03164
46627	2.03162
46628	2.0316
46629	2.03158
46630	2.03156
46631	2.03155
46632	2.03153
46633	2.03151
46634	2.0315
46635	2.03148
46636	2.03146
46637	2.03145
46638	2.03143
46639	2.03141
46640	2.0314
46641	2.03138
46642	2.03137
46643	2.03135
46644	2.03134
46645	2.03132
46646	2.03131
46647	2.0313
46648	2.03128
46649	2.03127
46650	2.03126
46651	2.03124
46652	2.03123
46653	2.03122
46654	2.03121
46655	2.03119
46656	2.03118
46657	2.03117
46658	2.03116
46659	2.03115
46660	2.03114
46661	2.03113
46662	2.03112
46663	2.03111
46664	2.0311
46665	2.03109
46666	2.03108
46667	2.03107
46668	2.03107
46669	2.03106
46670	2.03105
46671	2.03104
46672	2.03104
46673	2.03103
46674	2.03102
46675	2.03102
46676	2.03101
46677	2.03101
46678	2.031
46679	2.031
46680	2.03099
46681	2.03099
46682	2.03099
46683	2.03098
46684	2.03098
46685	2.03098
46686	2.03097
46687	2.03097
46688	2.03097
46689	2.03097
46690	2.03097
46691	2.03097
46692	2.03097
46693	2.03097
46694	2.03097
46695	2.03097
46696	2.03097
46697	2.03097
46698	2.03097
46699	2.03098
46700	2.03098
46701	2.03098
46702	2.03098
46703	2.03099
46704	2.03099
46705	2.031
46706	2.031
46707	2.03101
46708	2.03101
46709	2.03102
46710	2.03102
46711	2.03103
46712	2.03104
46713	2.03104
46714	2.03105
46715	2.03106
46716	2.03107
46717	2.03108
46718	2.03109
46719	2.0311
46720	2.03111
46721	2.03112
46722	2.03113
46723	2.03114
46724	2.03115
46725	2.03116
46726	2.03117
46727	2.03119
46728	2.0312
46729	2.03121
46730	2.03123
46731	2.03124
46732	2.03126
46733	2.03127
46734	2.03129
46735	2.0313
46736	2.03132
46737	2.03134
46738	2.03135
46739	2.03137
46740	2.03139
46741	2.03141
46742	2.03143
46743	2.03144
46744	2.03146
46745	2.03148
46746	2.0315
46747	2.03152
46748	2.03155
46749	2.03157
46750	2.03159
46751	2.03161
46752	2.03163
46753	2.03166
46754	2.03168
46755	2.0317
46756	2.03173
46757	2.03175
46758	2.03178
46759	2.0318
46760	2.03183
46761	2.03185
46762	2.03188
46763	2.03191
46764	2.03193
46765	2.03196
46766	2.03199
46767	2.03202
46768	2.03205
46769	2.03208
46770	2.03211
46771	2.03214
46772	2.03217
46773	2.0322
46774	2.03223
46775	2.03226
46776	2.03229
46777	2.03232
46778	2.03236
46779	2.03239
46780	2.03242
46781	2.03246
46782	2.03249
46783	2.03253
46784	2.03256
46785	2.0326
46786	2.03263
46787	2.03267
46788	2.0327
46789	2.03274
46790	2.03278
46791	2.03281
46792	2.03285
46793	2.03289
46794	2.03293
46795	2.03297
46796	2.03301
46797	2.03305
46798	2.03309
46799	2.03313
46800	2.03317
46801	2.03321
46802	2.03325
46803	2.03329
46804	2.03333
46805	2.03337
46806	2.03342
46807	2.03346
46808	2.0335
46809	2.03354
46810	2.03359
46811	2.03363
46812	2.03368
46813	2.03372
46814	2.03377
46815	2.03381
46816	2.03386
46817	2.0339
46818	2.03395
46819	2.03399
46820	2.03404
46821	2.03409
46822	2.03413
46823	2.03418
46824	2.03423
46825	2.03428
46826	2.03433
46827	2.03437
46828	2.03442
46829	2.03447
46830	2.03452
46831	2.03457
46832	2.03462
46833	2.03467
46834	2.03472
46835	2.03477
46836	2.03482
46837	2.03487
46838	2.03492
46839	2.03498
46840	2.03503
46841	2.03508
46842	2.03513
46843	2.03518
46844	2.03524
46845	2.03529
46846	2.03534
46847	2.03539
46848	2.03545
46849	2.0355
46850	2.03555
46851	2.03561
46852	2.03566
46853	2.03572
46854	2.03577
46855	2.03582
46856	2.03588
46857	2.03593
46858	2.03599
46859	2.03604
46860	2.0361
46861	2.03615
46862	2.03621
46863	2.03627
46864	2.03632
46865	2.03638
46866	2.03643
46867	2.03649
46868	2.03654
46869	2.0366
46870	2.03666
46871	2.03671
46872	2.03677
46873	2.03683
46874	2.03688
46875	2.03694
46876	2.037
46877	2.03705
46878	2.03711
46879	2.03717
46880	2.03722
46881	2.03728
46882	2.03734
46883	2.0374
46884	2.03745
46885	2.03751
46886	2.03757
46887	2.03763
46888	2.03768
46889	2.03774
46890	2.0378
46891	2.03786
46892	2.03791
46893	2.03797
46894	2.03803
46895	2.03808
46896	2.03814
46897	2.0382
46898	2.03826
46899	2.03831
46900	2.03837
46901	2.03843
46902	2.03849
46903	2.03854
46904	2.0386
46905	2.03866
46906	2.03871
46907	2.03877
46908	2.03883
46909	2.03888
46910	2.03894
46911	2.039
46912	2.03905
46913	2.03911
46914	2.03917
46915	2.03922
46916	2.03928
46917	2.03933
46918	2.03939
46919	2.03945
46920	2.0395
46921	2.03956
46922	2.03961
46923	2.03967
46924	2.03972
46925	2.03978
46926	2.03983
46927	2.03989
46928	2.03994
46929	2.04
46930	2.04005
46931	2.0401
46932	2.04016
46933	2.04021
46934	2.04027
46935	2.04032
46936	2.04037
46937	2.04043
46938	2.04048
46939	2.04053
46940	2.04058
46941	2.04063
46942	2.04069
46943	2.04074
46944	2.04079
46945	2.04084
46946	2.04089
46947	2.04094
46948	2.04099
46949	2.04104
46950	2.04109
46951	2.04114
46952	2.04119
46953	2.04124
46954	2.04129
46955	2.04134
46956	2.04139
46957	2.04144
46958	2.04148
46959	2.04153
46960	2.04158
46961	2.04163
46962	2.04167
46963	2.04172
46964	2.04177
46965	2.04181
46966	2.04186
46967	2.0419
46968	2.04195
46969	2.04199
46970	2.04204
46971	2.04208
46972	2.04213
46973	2.04217
46974	2.04221
46975	2.04225
46976	2.0423
46977	2.04234
46978	2.04238
46979	2.04242
46980	2.04246
46981	2.0425
46982	2.04254
46983	2.04258
46984	2.04262
46985	2.04266
46986	2.0427
46987	2.04274
46988	2.04278
46989	2.04282
46990	2.04286
46991	2.04289
46992	2.04293
46993	2.04297
46994	2.043
46995	2.04304
46996	2.04307
46997	2.04311
46998	2.04314
46999	2.04318
47000	2.04321
47001	2.04324
47002	2.04328
47003	2.04331
47004	2.04334
47005	2.04337
47006	2.0434
47007	2.04343
47008	2.04347
47009	2.0435
47010	2.04353
47011	2.04355
47012	2.04358
47013	2.04361
47014	2.04364
47015	2.04367
47016	2.04369
47017	2.04372
47018	2.04375
47019	2.04377
47020	2.0438
47021	2.04382
47022	2.04385
47023	2.04387
47024	2.0439
47025	2.04392
47026	2.04394
47027	2.04397
47028	2.04399
47029	2.04401
47030	2.04403
47031	2.04405
47032	2.04407
47033	2.04409
47034	2.04411
47035	2.04413
47036	2.04415
47037	2.04417
47038	2.04419
47039	2.0442
47040	2.04422
47041	2.04424
47042	2.04425
47043	2.04427
47044	2.04428
47045	2.0443
47046	2.04431
47047	2.04433
47048	2.04434
47049	2.04435
47050	2.04437
47051	2.04438
47052	2.04439
47053	2.0444
47054	2.04441
47055	2.04442
47056	2.04443
47057	2.04444
47058	2.04445
47059	2.04446
47060	2.04447
47061	2.04448
47062	2.04448
47063	2.04449
47064	2.0445
47065	2.0445
47066	2.04451
47067	2.04452
47068	2.04452
47069	2.04452
47070	2.04453
47071	2.04453
47072	2.04454
47073	2.04454
47074	2.04454
47075	2.04454
47076	2.04454
47077	2.04455
47078	2.04455
47079	2.04455
47080	2.04455
47081	2.04455
47082	2.04454
47083	2.04454
47084	2.04454
47085	2.04454
47086	2.04454
47087	2.04453
47088	2.04453
47089	2.04453
47090	2.04452
47091	2.04452
47092	2.04451
47093	2.04451
47094	2.0445
47095	2.0445
47096	2.04449
47097	2.04448
47098	2.04448
47099	2.04447
47100	2.04446
47101	2.04445
47102	2.04444
47103	2.04444
47104	2.04443
47105	2.04442
47106	2.04441
47107	2.0444
47108	2.04438
47109	2.04437
47110	2.04436
47111	2.04435
47112	2.04434
47113	2.04433
47114	2.04431
47115	2.0443
47116	2.04429
47117	2.04427
47118	2.04426
47119	2.04424
47120	2.04423
47121	2.04421
47122	2.0442
47123	2.04418
47124	2.04417
47125	2.04415
47126	2.04413
47127	2.04411
47128	2.0441
47129	2.04408
47130	2.04406
47131	2.04404
47132	2.04402
47133	2.04401
47134	2.04399
47135	2.04397
47136	2.04395
47137	2.04393
47138	2.04391
47139	2.04389
47140	2.04387
47141	2.04384
47142	2.04382
47143	2.0438
47144	2.04378
47145	2.04376
47146	2.04373
47147	2.04371
47148	2.04369
47149	2.04367
47150	2.04364
47151	2.04362
47152	2.04359
47153	2.04357
47154	2.04355
47155	2.04352
47156	2.0435
47157	2.04347
47158	2.04345
47159	2.04342
47160	2.0434
47161	2.04337
47162	2.04334
47163	2.04332
47164	2.04329
47165	2.04326
47166	2.04324
47167	2.04321
47168	2.04318
47169	2.04316
47170	2.04313
47171	2.0431
47172	2.04307
47173	2.04304
47174	2.04302
47175	2.04299
47176	2.04296
47177	2.04293
47178	2.0429
47179	2.04287
47180	2.04284
47181	2.04281
47182	2.04278
47183	2.04275
47184	2.04273
47185	2.0427
47186	2.04267
47187	2.04264
47188	2.0426
47189	2.04257
47190	2.04254
47191	2.04251
47192	2.04248
47193	2.04245
47194	2.04242
47195	2.04239
47196	2.04236
47197	2.04233
47198	2.0423
47199	2.04226
47200	2.04223
47201	2.0422
47202	2.04217
47203	2.04214
47204	2.04211
47205	2.04207
47206	2.04204
47207	2.04201
47208	2.04198
47209	2.04195
47210	2.04191
47211	2.04188
47212	2.04185
47213	2.04182
47214	2.04178
47215	2.04175
47216	2.04172
47217	2.04169
47218	2.04165
47219	2.04162
47220	2.04159
47221	2.04156
47222	2.04152
47223	2.04149
47224	2.04146
47225	2.04143
47226	2.04139
47227	2.04136
47228	2.04133
47229	2.04129
47230	2.04126
47231	2.04123
47232	2.0412
47233	2.04116
47234	2.04113
47235	2.0411
47236	2.04107
47237	2.04103
47238	2.041
47239	2.04097
47240	2.04093
47241	2.0409
47242	2.04087
47243	2.04084
47244	2.0408
47245	2.04077
47246	2.04074
47247	2.04071
47248	2.04067
47249	2.04064
47250	2.04061
47251	2.04058
47252	2.04055
47253	2.04051
47254	2.04048
47255	2.04045
47256	2.04042
47257	2.04038
47258	2.04035
47259	2.04032
47260	2.04029
47261	2.04026
47262	2.04023
47263	2.04019
47264	2.04016
47265	2.04013
47266	2.0401
47267	2.04007
47268	2.04004
47269	2.04001
47270	2.03998
47271	2.03995
47272	2.03991
47273	2.03988
47274	2.03985
47275	2.03982
47276	2.03979
47277	2.03976
47278	2.03973
47279	2.0397
47280	2.03967
47281	2.03964
47282	2.03961
47283	2.03958
47284	2.03955
47285	2.03952
47286	2.03949
47287	2.03946
47288	2.03943
47289	2.03941
47290	2.03938
47291	2.03935
47292	2.03932
47293	2.03929
47294	2.03926
47295	2.03923
47296	2.03921
47297	2.03918
47298	2.03915
47299	2.03912
47300	2.03909
47301	2.03907
47302	2.03904
47303	2.03901
47304	2.03898
47305	2.03896
47306	2.03893
47307	2.0389
47308	2.03888
47309	2.03885
47310	2.03882
47311	2.0388
47312	2.03877
47313	2.03874
47314	2.03872
47315	2.03869
47316	2.03867
47317	2.03864
47318	2.03862
47319	2.03859
47320	2.03857
47321	2.03854
47322	2.03852
47323	2.03849
47324	2.03847
47325	2.03844
47326	2.03842
47327	2.0384
47328	2.03837
47329	2.03835
47330	2.03832
47331	2.0383
47332	2.03828
47333	2.03825
47334	2.03823
47335	2.03821
47336	2.03819
47337	2.03816
47338	2.03814
47339	2.03812
47340	2.0381
47341	2.03808
47342	2.03805
47343	2.03803
47344	2.03801
47345	2.03799
47346	2.03797
47347	2.03795
47348	2.03793
47349	2.03791
47350	2.03789
47351	2.03786
47352	2.03784
47353	2.03782
47354	2.0378
47355	2.03778
47356	2.03777
47357	2.03775
47358	2.03773
47359	2.03771
47360	2.03769
47361	2.03767
47362	2.03765
47363	2.03763
47364	2.03761
47365	2.0376
47366	2.03758
47367	2.03756
47368	2.03754
47369	2.03753
47370	2.03751
47371	2.03749
47372	2.03747
47373	2.03746
47374	2.03744
47375	2.03742
47376	2.03741
47377	2.03739
47378	2.03737
47379	2.03736
47380	2.03734
47381	2.03733
47382	2.03731
47383	2.0373
47384	2.03728
47385	2.03726
47386	2.03725
47387	2.03724
47388	2.03722
47389	2.03721
47390	2.03719
47391	2.03718
47392	2.03716
47393	2.03715
47394	2.03714
47395	2.03712
47396	2.03711
47397	2.0371
47398	2.03708
47399	2.03707
47400	2.03706
47401	2.03704
47402	2.03703
47403	2.03702
47404	2.03701
47405	2.03699
47406	2.03698
47407	2.03697
47408	2.03696
47409	2.03695
47410	2.03694
47411	2.03692
47412	2.03691
47413	2.0369
47414	2.03689
47415	2.03688
47416	2.03687
47417	2.03686
47418	2.03685
47419	2.03684
47420	2.03683
47421	2.03682
47422	2.03681
47423	2.0368
47424	2.03679
47425	2.03678
47426	2.03677
47427	2.03676
47428	2.03675
47429	2.03674
47430	2.03673
47431	2.03673
47432	2.03672
47433	2.03671
47434	2.0367
47435	2.03669
47436	2.03669
47437	2.03668
47438	2.03667
47439	2.03666
47440	2.03665
47441	2.03665
47442	2.03664
47443	2.03663
47444	2.03663
47445	2.03662
47446	2.03661
47447	2.03661
47448	2.0366
47449	2.03659
47450	2.03659
47451	2.03658
47452	2.03658
47453	2.03657
47454	2.03656
47455	2.03656
47456	2.03655
47457	2.03655
47458	2.03654
47459	2.03654
47460	2.03653
47461	2.03653
47462	2.03652
47463	2.03652
47464	2.03651
47465	2.03651
47466	2.0365
47467	2.0365
47468	2.0365
47469	2.03649
47470	2.03649
47471	2.03649
47472	2.03648
47473	2.03648
47474	2.03647
47475	2.03647
47476	2.03647
47477	2.03647
47478	2.03646
47479	2.03646
47480	2.03646
47481	2.03645
47482	2.03645
47483	2.03645
47484	2.03645
47485	2.03645
47486	2.03644
47487	2.03644
47488	2.03644
47489	2.03644
47490	2.03644
47491	2.03644
47492	2.03643
47493	2.03643
47494	2.03643
47495	2.03643
47496	2.03643
47497	2.03643
47498	2.03643
47499	2.03643
47500	2.03643
47501	2.03643
47502	2.03643
47503	2.03643
47504	2.03643
47505	2.03643
47506	2.03643
47507	2.03643
47508	2.03643
47509	2.03643
47510	2.03643
47511	2.03643
47512	2.03643
47513	2.03643
47514	2.03643
47515	2.03643
47516	2.03644
47517	2.03644
47518	2.03644
47519	2.03644
47520	2.03644
47521	2.03644
47522	2.03645
47523	2.03645
47524	2.03645
47525	2.03645
47526	2.03646
47527	2.03646
47528	2.03646
47529	2.03646
47530	2.03647
47531	2.03647
47532	2.03647
47533	2.03648
47534	2.03648
47535	2.03648
47536	2.03649
47537	2.03649
47538	2.03649
47539	2.0365
47540	2.0365
47541	2.03651
47542	2.03651
47543	2.03651
47544	2.03652
47545	2.03652
47546	2.03653
47547	2.03653
47548	2.03654
47549	2.03654
47550	2.03655
47551	2.03655
47552	2.03656
47553	2.03656
47554	2.03657
47555	2.03658
47556	2.03658
47557	2.03659
47558	2.03659
47559	2.0366
47560	2.03661
47561	2.03661
47562	2.03662
47563	2.03663
47564	2.03663
47565	2.03664
47566	2.03665
47567	2.03665
47568	2.03666
47569	2.03667
47570	2.03668
47571	2.03668
47572	2.03669
47573	2.0367
47574	2.03671
47575	2.03672
47576	2.03672
47577	2.03673
47578	2.03674
47579	2.03675
47580	2.03676
47581	2.03677
47582	2.03678
47583	2.03679
47584	2.0368
47585	2.03681
47586	2.03681
47587	2.03682
47588	2.03683
47589	2.03684
47590	2.03685
47591	2.03686
47592	2.03688
47593	2.03689
47594	2.0369
47595	2.03691
47596	2.03692
47597	2.03693
47598	2.03694
47599	2.03695
47600	2.03696
47601	2.03697
47602	2.03699
47603	2.037
47604	2.03701
47605	2.03702
47606	2.03703
47607	2.03705
47608	2.03706
47609	2.03707
47610	2.03708
47611	2.0371
47612	2.03711
47613	2.03712
47614	2.03714
47615	2.03715
47616	2.03716
47617	2.03718
47618	2.03719
47619	2.03721
47620	2.03722
47621	2.03723
47622	2.03725
47623	2.03726
47624	2.03728
47625	2.03729
47626	2.03731
47627	2.03732
47628	2.03734
47629	2.03735
47630	2.03737
47631	2.03738
47632	2.0374
47633	2.03742
47634	2.03743
47635	2.03745
47636	2.03746
47637	2.03748
47638	2.0375
47639	2.03751
47640	2.03753
47641	2.03755
47642	2.03757
47643	2.03758
47644	2.0376
47645	2.03762
47646	2.03764
47647	2.03765
47648	2.03767
47649	2.03769
47650	2.03771
47651	2.03773
47652	2.03774
47653	2.03776
47654	2.03778
47655	2.0378
47656	2.03782
47657	2.03784
47658	2.03786
47659	2.03788
47660	2.0379
47661	2.03792
47662	2.03794
47663	2.03796
47664	2.03798
47665	2.038
47666	2.03802
47667	2.03804
47668	2.03806
47669	2.03808
47670	2.0381
47671	2.03812
47672	2.03814
47673	2.03816
47674	2.03819
47675	2.03821
47676	2.03823
47677	2.03825
47678	2.03827
47679	2.03829
47680	2.03832
47681	2.03834
47682	2.03836
47683	2.03838
47684	2.03841
47685	2.03843
47686	2.03845
47687	2.03847
47688	2.0385
47689	2.03852
47690	2.03854
47691	2.03857
47692	2.03859
47693	2.03861
47694	2.03864
47695	2.03866
47696	2.03869
47697	2.03871
47698	2.03873
47699	2.03876
47700	2.03878
47701	2.03881
47702	2.03883
47703	2.03886
47704	2.03888
47705	2.0389
47706	2.03893
47707	2.03895
47708	2.03898
47709	2.039
47710	2.03903
47711	2.03905
47712	2.03908
47713	2.03911
47714	2.03913
47715	2.03916
47716	2.03918
47717	2.03921
47718	2.03923
47719	2.03926
47720	2.03928
47721	2.03931
47722	2.03934
47723	2.03936
47724	2.03939
47725	2.03942
47726	2.03944
47727	2.03947
47728	2.03949
47729	2.03952
47730	2.03955
47731	2.03957
47732	2.0396
47733	2.03963
47734	2.03965
47735	2.03968
47736	2.03971
47737	2.03973
47738	2.03976
47739	2.03979
47740	2.03981
47741	2.03984
47742	2.03987
47743	2.03989
47744	2.03992
47745	2.03995
47746	2.03997
47747	2.04
47748	2.04003
47749	2.04005
47750	2.04008
47751	2.04011
47752	2.04013
47753	2.04016
47754	2.04019
47755	2.04021
47756	2.04024
47757	2.04027
47758	2.04029
47759	2.04032
47760	2.04035
47761	2.04037
47762	2.0404
47763	2.04043
47764	2.04045
47765	2.04048
47766	2.04051
47767	2.04053
47768	2.04056
47769	2.04059
47770	2.04061
47771	2.04064
47772	2.04066
47773	2.04069
47774	2.04072
47775	2.04074
47776	2.04077
47777	2.04079
47778	2.04082
47779	2.04085
47780	2.04087
47781	2.0409
47782	2.04092
47783	2.04095
47784	2.04097
47785	2.041
47786	2.04102
47787	2.04105
47788	2.04107
47789	2.0411
47790	2.04112
47791	2.04114
47792	2.04117
47793	2.04119
47794	2.04122
47795	2.04124
47796	2.04126
47797	2.04129
47798	2.04131
47799	2.04134
47800	2.04136
47801	2.04138
47802	2.0414
47803	2.04143
47804	2.04145
47805	2.04147
47806	2.04149
47807	2.04152
47808	2.04154
47809	2.04156
47810	2.04158
47811	2.0416
47812	2.04162
47813	2.04165
47814	2.04167
47815	2.04169
47816	2.04171
47817	2.04173
47818	2.04175
47819	2.04177
47820	2.04179
47821	2.04181
47822	2.04183
47823	2.04184
47824	2.04186
47825	2.04188
47826	2.0419
47827	2.04192
47828	2.04194
47829	2.04195
47830	2.04197
47831	2.04199
47832	2.042
47833	2.04202
47834	2.04204
47835	2.04205
47836	2.04207
47837	2.04209
47838	2.0421
47839	2.04212
47840	2.04213
47841	2.04215
47842	2.04216
47843	2.04217
47844	2.04219
47845	2.0422
47846	2.04221
47847	2.04223
47848	2.04224
47849	2.04225
47850	2.04226
47851	2.04228
47852	2.04229
47853	2.0423
47854	2.04231
47855	2.04232
47856	2.04233
47857	2.04234
47858	2.04235
47859	2.04236
47860	2.04237
47861	2.04238
47862	2.04239
47863	2.04239
47864	2.0424
47865	2.04241
47866	2.04242
47867	2.04242
47868	2.04243
47869	2.04244
47870	2.04244
47871	2.04245
47872	2.04245
47873	2.04246
47874	2.04246
47875	2.04246
47876	2.04247
47877	2.04247
47878	2.04247
47879	2.04248
47880	2.04248
47881	2.04248
47882	2.04248
47883	2.04248
47884	2.04248
47885	2.04249
47886	2.04249
47887	2.04249
47888	2.04248
47889	2.04248
47890	2.04248
47891	2.04248
47892	2.04248
47893	2.04248
47894	2.04247
47895	2.04247
47896	2.04247
47897	2.04246
47898	2.04246
47899	2.04245
47900	2.04245
47901	2.04244
47902	2.04244
47903	2.04243
47904	2.04242
47905	2.04242
47906	2.04241
47907	2.0424
47908	2.04239
47909	2.04239
47910	2.04238
47911	2.04237
47912	2.04236
47913	2.04235
47914	2.04234
47915	2.04233
47916	2.04232
47917	2.0423
47918	2.04229
47919	2.04228
47920	2.04227
47921	2.04225
47922	2.04224
47923	2.04223
47924	2.04221
47925	2.0422
47926	2.04218
47927	2.04217
47928	2.04215
47929	2.04213
47930	2.04212
47931	2.0421
47932	2.04208
47933	2.04207
47934	2.04205
47935	2.04203
47936	2.04201
47937	2.04199
47938	2.04197
47939	2.04195
47940	2.04193
47941	2.04191
47942	2.04189
47943	2.04187
47944	2.04184
47945	2.04182
47946	2.0418
47947	2.04178
47948	2.04175
47949	2.04173
47950	2.04171
47951	2.04168
47952	2.04166
47953	2.04163
47954	2.04161
47955	2.04158
47956	2.04155
47957	2.04153
47958	2.0415
47959	2.04147
47960	2.04145
47961	2.04142
47962	2.04139
47963	2.04136
47964	2.04133
47965	2.0413
47966	2.04127
47967	2.04124
47968	2.04121
47969	2.04118
47970	2.04115
47971	2.04112
47972	2.04109
47973	2.04106
47974	2.04102
47975	2.04099
47976	2.04096
47977	2.04092
47978	2.04089
47979	2.04086
47980	2.04082
47981	2.04079
47982	2.04075
47983	2.04072
47984	2.04068
47985	2.04065
47986	2.04061
47987	2.04058
47988	2.04054
47989	2.0405
47990	2.04047
47991	2.04043
47992	2.04039
47993	2.04035
47994	2.04032
47995	2.04028
47996	2.04024
47997	2.0402
47998	2.04016
47999	2.04012
48000	2.04008
48001	2.04004
48002	2.04
48003	2.03996
48004	2.03992
48005	2.03988
48006	2.03984
48007	2.0398
48008	2.03976
48009	2.03972
48010	2.03968
48011	2.03963
48012	2.03959
48013	2.03955
48014	2.03951
48015	2.03947
48016	2.03942
48017	2.03938
48018	2.03934
48019	2.03929
48020	2.03925
48021	2.03921
48022	2.03916
48023	2.03912
48024	2.03908
48025	2.03903
48026	2.03899
48027	2.03894
48028	2.0389
48029	2.03885
48030	2.03881
48031	2.03876
48032	2.03872
48033	2.03867
48034	2.03863
48035	2.03858
48036	2.03854
48037	2.03849
48038	2.03845
48039	2.0384
48040	2.03836
48041	2.03831
48042	2.03826
48043	2.03822
48044	2.03817
48045	2.03813
48046	2.03808
48047	2.03803
48048	2.03799
48049	2.03794
48050	2.03789
48051	2.03785
48052	2.0378
48053	2.03776
48054	2.03771
48055	2.03766
48056	2.03762
48057	2.03757
48058	2.03752
48059	2.03748
48060	2.03743
48061	2.03738
48062	2.03734
48063	2.03729
48064	2.03724
48065	2.0372
48066	2.03715
48067	2.03711
48068	2.03706
48069	2.03701
48070	2.03697
48071	2.03692
48072	2.03688
48073	2.03683
48074	2.03678
48075	2.03674
48076	2.03669
48077	2.03665
48078	2.0366
48079	2.03655
48080	2.03651
48081	2.03646
48082	2.03642
48083	2.03637
48084	2.03633
48085	2.03628
48086	2.03624
48087	2.03619
48088	2.03615
48089	2.03611
48090	2.03606
48091	2.03602
48092	2.03597
48093	2.03593
48094	2.03589
48095	2.03584
48096	2.0358
48097	2.03576
48098	2.03571
48099	2.03567
48100	2.03563
48101	2.03558
48102	2.03554
48103	2.0355
48104	2.03546
48105	2.03542
48106	2.03537
48107	2.03533
48108	2.03529
48109	2.03525
48110	2.03521
48111	2.03517
48112	2.03513
48113	2.03509
48114	2.03505
48115	2.03501
48116	2.03497
48117	2.03493
48118	2.03489
48119	2.03485
48120	2.03481
48121	2.03477
48122	2.03474
48123	2.0347
48124	2.03466
48125	2.03462
48126	2.03459
48127	2.03455
48128	2.03451
48129	2.03448
48130	2.03444
48131	2.0344
48132	2.03437
48133	2.03433
48134	2.0343
48135	2.03426
48136	2.03423
48137	2.03419
48138	2.03416
48139	2.03413
48140	2.03409
48141	2.03406
48142	2.03403
48143	2.034
48144	2.03396
48145	2.03393
48146	2.0339
48147	2.03387
48148	2.03384
48149	2.03381
48150	2.03378
48151	2.03375
48152	2.03372
48153	2.03369
48154	2.03366
48155	2.03363
48156	2.0336
48157	2.03357
48158	2.03355
48159	2.03352
48160	2.03349
48161	2.03347
48162	2.03344
48163	2.03341
48164	2.03339
48165	2.03336
48166	2.03334
48167	2.03331
48168	2.03329
48169	2.03326
48170	2.03324
48171	2.03322
48172	2.03319
48173	2.03317
48174	2.03315
48175	2.03313
48176	2.03311
48177	2.03308
48178	2.03306
48179	2.03304
48180	2.03302
48181	2.033
48182	2.03298
48183	2.03296
48184	2.03295
48185	2.03293
48186	2.03291
48187	2.03289
48188	2.03287
48189	2.03286
48190	2.03284
48191	2.03282
48192	2.03281
48193	2.03279
48194	2.03278
48195	2.03276
48196	2.03275
48197	2.03273
48198	2.03272
48199	2.03271
48200	2.03269
48201	2.03268
48202	2.03267
48203	2.03266
48204	2.03265
48205	2.03263
48206	2.03262
48207	2.03261
48208	2.0326
48209	2.03259
48210	2.03258
48211	2.03257
48212	2.03257
48213	2.03256
48214	2.03255
48215	2.03254
48216	2.03253
48217	2.03253
48218	2.03252
48219	2.03252
48220	2.03251
48221	2.0325
48222	2.0325
48223	2.03249
48224	2.03249
48225	2.03249
48226	2.03248
48227	2.03248
48228	2.03247
48229	2.03247
48230	2.03247
48231	2.03247
48232	2.03247
48233	2.03246
48234	2.03246
48235	2.03246
48236	2.03246
48237	2.03246
48238	2.03246
48239	2.03246
48240	2.03246
48241	2.03246
48242	2.03247
48243	2.03247
48244	2.03247
48245	2.03247
48246	2.03248
48247	2.03248
48248	2.03248
48249	2.03249
48250	2.03249
48251	2.03249
48252	2.0325
48253	2.0325
48254	2.03251
48255	2.03251
48256	2.03252
48257	2.03253
48258	2.03253
48259	2.03254
48260	2.03255
48261	2.03255
48262	2.03256
48263	2.03257
48264	2.03258
48265	2.03259
48266	2.03259
48267	2.0326
48268	2.03261
48269	2.03262
48270	2.03263
48271	2.03264
48272	2.03265
48273	2.03266
48274	2.03267
48275	2.03269
48276	2.0327
48277	2.03271
48278	2.03272
48279	2.03273
48280	2.03274
48281	2.03276
48282	2.03277
48283	2.03278
48284	2.0328
48285	2.03281
48286	2.03282
48287	2.03284
48288	2.03285
48289	2.03287
48290	2.03288
48291	2.0329
48292	2.03291
48293	2.03293
48294	2.03294
48295	2.03296
48296	2.03297
48297	2.03299
48298	2.03301
48299	2.03302
48300	2.03304
48301	2.03306
48302	2.03307
48303	2.03309
48304	2.03311
48305	2.03313
48306	2.03314
48307	2.03316
48308	2.03318
48309	2.0332
48310	2.03322
48311	2.03324
48312	2.03325
48313	2.03327
48314	2.03329
48315	2.03331
48316	2.03333
48317	2.03335
48318	2.03337
48319	2.03339
48320	2.03341
48321	2.03343
48322	2.03345
48323	2.03347
48324	2.03349
48325	2.03351
48326	2.03354
48327	2.03356
48328	2.03358
48329	2.0336
48330	2.03362
48331	2.03364
48332	2.03366
48333	2.03368
48334	2.03371
48335	2.03373
48336	2.03375
48337	2.03377
48338	2.0338
48339	2.03382
48340	2.03384
48341	2.03386
48342	2.03389
48343	2.03391
48344	2.03393
48345	2.03395
48346	2.03398
48347	2.034
48348	2.03402
48349	2.03405
48350	2.03407
48351	2.03409
48352	2.03412
48353	2.03414
48354	2.03416
48355	2.03419
48356	2.03421
48357	2.03423
48358	2.03426
48359	2.03428
48360	2.0343
48361	2.03433
48362	2.03435
48363	2.03438
48364	2.0344
48365	2.03442
48366	2.03445
48367	2.03447
48368	2.03449
48369	2.03452
48370	2.03454
48371	2.03457
48372	2.03459
48373	2.03461
48374	2.03464
48375	2.03466
48376	2.03469
48377	2.03471
48378	2.03474
48379	2.03476
48380	2.03478
48381	2.03481
48382	2.03483
48383	2.03486
48384	2.03488
48385	2.0349
48386	2.03493
48387	2.03495
48388	2.03498
48389	2.035
48390	2.03502
48391	2.03505
48392	2.03507
48393	2.03509
48394	2.03512
48395	2.03514
48396	2.03517
48397	2.03519
48398	2.03521
48399	2.03524
48400	2.03526
48401	2.03528
48402	2.03531
48403	2.03533
48404	2.03535
48405	2.03538
48406	2.0354
48407	2.03542
48408	2.03545
48409	2.03547
48410	2.03549
48411	2.03552
48412	2.03554
48413	2.03556
48414	2.03559
48415	2.03561
48416	2.03563
48417	2.03565
48418	2.03568
48419	2.0357
48420	2.03572
48421	2.03574
48422	2.03577
48423	2.03579
48424	2.03581
48425	2.03583
48426	2.03585
48427	2.03588
48428	2.0359
48429	2.03592
48430	2.03594
48431	2.03596
48432	2.03598
48433	2.03601
48434	2.03603
48435	2.03605
48436	2.03607
48437	2.03609
48438	2.03611
48439	2.03613
48440	2.03615
48441	2.03617
48442	2.03619
48443	2.03622
48444	2.03624
48445	2.03626
48446	2.03628
48447	2.0363
48448	2.03632
48449	2.03634
48450	2.03636
48451	2.03638
48452	2.03639
48453	2.03641
48454	2.03643
48455	2.03645
48456	2.03647
48457	2.03649
48458	2.03651
48459	2.03653
48460	2.03655
48461	2.03657
48462	2.03658
48463	2.0366
48464	2.03662
48465	2.03664
48466	2.03666
48467	2.03667
48468	2.03669
48469	2.03671
48470	2.03673
48471	2.03674
48472	2.03676
48473	2.03678
48474	2.0368
48475	2.03681
48476	2.03683
48477	2.03685
48478	2.03686
48479	2.03688
48480	2.0369
48481	2.03691
48482	2.03693
48483	2.03694
48484	2.03696
48485	2.03698
48486	2.03699
48487	2.03701
48488	2.03702
48489	2.03704
48490	2.03705
48491	2.03707
48492	2.03708
48493	2.0371
48494	2.03711
48495	2.03713
48496	2.03714
48497	2.03715
48498	2.03717
48499	2.03718
48500	2.0372
48501	2.03721
48502	2.03722
48503	2.03724
48504	2.03725
48505	2.03726
48506	2.03728
48507	2.03729
48508	2.0373
48509	2.03732
48510	2.03733
48511	2.03734
48512	2.03735
48513	2.03736
48514	2.03738
48515	2.03739
48516	2.0374
48517	2.03741
48518	2.03742
48519	2.03744
48520	2.03745
48521	2.03746
48522	2.03747
48523	2.03748
48524	2.03749
48525	2.0375
48526	2.03751
48527	2.03752
48528	2.03753
48529	2.03754
48530	2.03755
48531	2.03756
48532	2.03757
48533	2.03758
48534	2.03759
48535	2.0376
48536	2.03761
48537	2.03762
48538	2.03763
48539	2.03764
48540	2.03765
48541	2.03766
48542	2.03766
48543	2.03767
48544	2.03768
48545	2.03769
48546	2.0377
48547	2.03771
48548	2.03771
48549	2.03772
48550	2.03773
48551	2.03774
48552	2.03774
48553	2.03775
48554	2.03776
48555	2.03777
48556	2.03777
48557	2.03778
48558	2.03779
48559	2.03779
48560	2.0378
48561	2.03781
48562	2.03781
48563	2.03782
48564	2.03782
48565	2.03783
48566	2.03784
48567	2.03784
48568	2.03785
48569	2.03785
48570	2.03786
48571	2.03786
48572	2.03787
48573	2.03787
48574	2.03788
48575	2.03788
48576	2.03789
48577	2.03789
48578	2.0379
48579	2.0379
48580	2.03791
48581	2.03791
48582	2.03791
48583	2.03792
48584	2.03792
48585	2.03793
48586	2.03793
48587	2.03793
48588	2.03794
48589	2.03794
48590	2.03794
48591	2.03795
48592	2.03795
48593	2.03795
48594	2.03795
48595	2.03796
48596	2.03796
48597	2.03796
48598	2.03796
48599	2.03797
48600	2.03797
48601	2.03797
48602	2.03797
48603	2.03797
48604	2.03798
48605	2.03798
48606	2.03798
48607	2.03798
48608	2.03798
48609	2.03798
48610	2.03798
48611	2.03798
48612	2.03799
48613	2.03799
48614	2.03799
48615	2.03799
48616	2.03799
48617	2.03799
48618	2.03799
48619	2.03799
48620	2.03799
48621	2.03799
48622	2.03799
48623	2.03799
48624	2.03799
48625	2.03799
48626	2.03799
48627	2.03799
48628	2.03798
48629	2.03798
48630	2.03798
48631	2.03798
48632	2.03798
48633	2.03798
48634	2.03798
48635	2.03798
48636	2.03797
48637	2.03797
48638	2.03797
48639	2.03797
48640	2.03797
48641	2.03797
48642	2.03796
48643	2.03796
48644	2.03796
48645	2.03796
48646	2.03795
48647	2.03795
48648	2.03795
48649	2.03795
48650	2.03794
48651	2.03794
48652	2.03794
48653	2.03793
48654	2.03793
48655	2.03793
48656	2.03792
48657	2.03792
48658	2.03791
48659	2.03791
48660	2.03791
48661	2.0379
48662	2.0379
48663	2.03789
48664	2.03789
48665	2.03788
48666	2.03788
48667	2.03788
48668	2.03787
48669	2.03787
48670	2.03786
48671	2.03786
48672	2.03785
48673	2.03784
48674	2.03784
48675	2.03783
48676	2.03783
48677	2.03782
48678	2.03782
48679	2.03781
48680	2.0378
48681	2.0378
48682	2.03779
48683	2.03779
48684	2.03778
48685	2.03777
48686	2.03777
48687	2.03776
48688	2.03775
48689	2.03775
48690	2.03774
48691	2.03773
48692	2.03772
48693	2.03772
48694	2.03771
48695	2.0377
48696	2.03769
48697	2.03769
48698	2.03768
48699	2.03767
48700	2.03766
48701	2.03765
48702	2.03765
48703	2.03764
48704	2.03763
48705	2.03762
48706	2.03761
48707	2.0376
48708	2.03759
48709	2.03758
48710	2.03757
48711	2.03757
48712	2.03756
48713	2.03755
48714	2.03754
48715	2.03753
48716	2.03752
48717	2.03751
48718	2.0375
48719	2.03749
48720	2.03748
48721	2.03747
48722	2.03746
48723	2.03745
48724	2.03743
48725	2.03742
48726	2.03741
48727	2.0374
48728	2.03739
48729	2.03738
48730	2.03737
48731	2.03736
48732	2.03735
48733	2.03733
48734	2.03732
48735	2.03731
48736	2.0373
48737	2.03729
48738	2.03727
48739	2.03726
48740	2.03725
48741	2.03724
48742	2.03722
48743	2.03721
48744	2.0372
48745	2.03719
48746	2.03717
48747	2.03716
48748	2.03715
48749	2.03713
48750	2.03712
48751	2.03711
48752	2.03709
48753	2.03708
48754	2.03706
48755	2.03705
48756	2.03704
48757	2.03702
48758	2.03701
48759	2.03699
48760	2.03698
48761	2.03696
48762	2.03695
48763	2.03693
48764	2.03692
48765	2.0369
48766	2.03689
48767	2.03687
48768	2.03686
48769	2.03684
48770	2.03683
48771	2.03681
48772	2.0368
48773	2.03678
48774	2.03676
48775	2.03675
48776	2.03673
48777	2.03671
48778	2.0367
48779	2.03668
48780	2.03667
48781	2.03665
48782	2.03663
48783	2.03661
48784	2.0366
48785	2.03658
48786	2.03656
48787	2.03655
48788	2.03653
48789	2.03651
48790	2.03649
48791	2.03648
48792	2.03646
48793	2.03644
48794	2.03642
48795	2.03641
48796	2.03639
48797	2.03637
48798	2.03635
48799	2.03633
48800	2.03631
48801	2.0363
48802	2.03628
48803	2.03626
48804	2.03624
48805	2.03622
48806	2.0362
48807	2.03618
48808	2.03616
48809	2.03614
48810	2.03613
48811	2.03611
48812	2.03609
48813	2.03607
48814	2.03605
48815	2.03603
48816	2.03601
48817	2.03599
48818	2.03597
48819	2.03595
48820	2.03593
48821	2.03591
48822	2.03589
48823	2.03587
48824	2.03585
48825	2.03583
48826	2.03581
48827	2.03579
48828	2.03577
48829	2.03575
48830	2.03573
48831	2.03571
48832	2.03569
48833	2.03567
48834	2.03565
48835	2.03563
48836	2.0356
48837	2.03558
48838	2.03556
48839	2.03554
48840	2.03552
48841	2.0355
48842	2.03548
48843	2.03546
48844	2.03544
48845	2.03542
48846	2.0354
48847	2.03537
48848	2.03535
48849	2.03533
48850	2.03531
48851	2.03529
48852	2.03527
48853	2.03525
48854	2.03523
48855	2.03521
48856	2.03518
48857	2.03516
48858	2.03514
48859	2.03512
48860	2.0351
48861	2.03508
48862	2.03506
48863	2.03504
48864	2.03502
48865	2.03499
48866	2.03497
48867	2.03495
48868	2.03493
48869	2.03491
48870	2.03489
48871	2.03487
48872	2.03485
48873	2.03483
48874	2.0348
48875	2.03478
48876	2.03476
48877	2.03474
48878	2.03472
48879	2.0347
48880	2.03468
48881	2.03466
48882	2.03464
48883	2.03462
48884	2.0346
48885	2.03458
48886	2.03456
48887	2.03454
48888	2.03452
48889	2.0345
48890	2.03448
48891	2.03446
48892	2.03443
48893	2.03442
48894	2.0344
48895	2.03438
48896	2.03436
48897	2.03434
48898	2.03432
48899	2.0343
48900	2.03428
48901	2.03426
48902	2.03424
48903	2.03422
48904	2.0342
48905	2.03418
48906	2.03416
48907	2.03414
48908	2.03413
48909	2.03411
48910	2.03409
48911	2.03407
48912	2.03405
48913	2.03403
48914	2.03402
48915	2.034
48916	2.03398
48917	2.03396
48918	2.03395
48919	2.03393
48920	2.03391
48921	2.0339
48922	2.03388
48923	2.03386
48924	2.03385
48925	2.03383
48926	2.03381
48927	2.0338
48928	2.03378
48929	2.03376
48930	2.03375
48931	2.03373
48932	2.03372
48933	2.0337
48934	2.03369
48935	2.03367
48936	2.03366
48937	2.03365
48938	2.03363
48939	2.03362
48940	2.0336
48941	2.03359
48942	2.03358
48943	2.03356
48944	2.03355
48945	2.03354
48946	2.03352
48947	2.03351
48948	2.0335
48949	2.03349
48950	2.03348
48951	2.03346
48952	2.03345
48953	2.03344
48954	2.03343
48955	2.03342
48956	2.03341
48957	2.0334
48958	2.03339
48959	2.03338
48960	2.03337
48961	2.03336
48962	2.03335
48963	2.03334
48964	2.03333
48965	2.03333
48966	2.03332
48967	2.03331
48968	2.0333
48969	2.03329
48970	2.03329
48971	2.03328
48972	2.03327
48973	2.03327
48974	2.03326
48975	2.03326
48976	2.03325
48977	2.03325
48978	2.03324
48979	2.03324
48980	2.03323
48981	2.03323
48982	2.03322
48983	2.03322
48984	2.03322
48985	2.03321
48986	2.03321
48987	2.03321
48988	2.03321
48989	2.0332
48990	2.0332
48991	2.0332
48992	2.0332
48993	2.0332
48994	2.0332
48995	2.0332
48996	2.0332
48997	2.0332
48998	2.0332
48999	2.0332
49000	2.0332
49001	2.0332
49002	2.0332
49003	2.03321
49004	2.03321
49005	2.03321
49006	2.03322
49007	2.03322
49008	2.03322
49009	2.03323
49010	2.03323
49011	2.03324
49012	2.03324
49013	2.03325
49014	2.03325
49015	2.03326
49016	2.03326
49017	2.03327
49018	2.03328
49019	2.03328
49020	2.03329
49021	2.0333
49022	2.03331
49023	2.03332
49024	2.03332
49025	2.03333
49026	2.03334
49027	2.03335
49028	2.03336
49029	2.03337
49030	2.03338
49031	2.0334
49032	2.03341
49033	2.03342
49034	2.03343
49035	2.03344
49036	2.03346
49037	2.03347
49038	2.03348
49039	2.0335
49040	2.03351
49041	2.03352
49042	2.03354
49043	2.03355
49044	2.03357
49045	2.03358
49046	2.0336
49047	2.03362
49048	2.03363
49049	2.03365
49050	2.03367
49051	2.03368
49052	2.0337
49053	2.03372
49054	2.03374
49055	2.03376
49056	2.03378
49057	2.03379
49058	2.03381
49059	2.03383
49060	2.03385
49061	2.03388
49062	2.0339
49063	2.03392
49064	2.03394
49065	2.03396
49066	2.03398
49067	2.034
49068	2.03403
49069	2.03405
49070	2.03407
49071	2.0341
49072	2.03412
49073	2.03415
49074	2.03417
49075	2.03419
49076	2.03422
49077	2.03424
49078	2.03427
49079	2.0343
49080	2.03432
49081	2.03435
49082	2.03438
49083	2.0344
49084	2.03443
49085	2.03446
49086	2.03448
49087	2.03451
49088	2.03454
49089	2.03457
49090	2.0346
49091	2.03463
49092	2.03466
49093	2.03469
49094	2.03472
49095	2.03475
49096	2.03478
49097	2.03481
49098	2.03484
49099	2.03487
49100	2.0349
49101	2.03493
49102	2.03496
49103	2.035
49104	2.03503
49105	2.03506
49106	2.03509
49107	2.03513
49108	2.03516
49109	2.03519
49110	2.03523
49111	2.03526
49112	2.03529
49113	2.03533
49114	2.03536
49115	2.0354
49116	2.03543
49117	2.03547
49118	2.0355
49119	2.03554
49120	2.03557
49121	2.03561
49122	2.03564
49123	2.03568
49124	2.03571
49125	2.03575
49126	2.03579
49127	2.03582
49128	2.03586
49129	2.0359
49130	2.03593
49131	2.03597
49132	2.03601
49133	2.03605
49134	2.03608
49135	2.03612
49136	2.03616
49137	2.0362
49138	2.03624
49139	2.03627
49140	2.03631
49141	2.03635
49142	2.03639
49143	2.03643
49144	2.03647
49145	2.03651
49146	2.03655
49147	2.03658
49148	2.03662
49149	2.03666
49150	2.0367
49151	2.03674
49152	2.03678
49153	2.03682
49154	2.03686
49155	2.0369
49156	2.03694
49157	2.03698
49158	2.03702
49159	2.03706
49160	2.0371
49161	2.03714
49162	2.03718
49163	2.03722
49164	2.03726
49165	2.0373
49166	2.03734
49167	2.03738
49168	2.03742
49169	2.03746
49170	2.0375
49171	2.03754
49172	2.03758
49173	2.03762
49174	2.03766
49175	2.0377
49176	2.03774
49177	2.03778
49178	2.03782
49179	2.03786
49180	2.0379
49181	2.03794
49182	2.03798
49183	2.03802
49184	2.03806
49185	2.0381
49186	2.03814
49187	2.03818
49188	2.03822
49189	2.03826
49190	2.0383
49191	2.03834
49192	2.03838
49193	2.03842
49194	2.03846
49195	2.0385
49196	2.03854
49197	2.03857
49198	2.03861
49199	2.03865
49200	2.03869
49201	2.03873
49202	2.03877
49203	2.03881
49204	2.03884
49205	2.03888
49206	2.03892
49207	2.03896
49208	2.039
49209	2.03903
49210	2.03907
49211	2.03911
49212	2.03915
49213	2.03918
49214	2.03922
49215	2.03926
49216	2.03929
49217	2.03933
49218	2.03937
49219	2.0394
49220	2.03944
49221	2.03947
49222	2.03951
49223	2.03955
49224	2.03958
49225	2.03962
49226	2.03965
49227	2.03969
49228	2.03972
49229	2.03975
49230	2.03979
49231	2.03982
49232	2.03986
49233	2.03989
49234	2.03992
49235	2.03996
49236	2.03999
49237	2.04002
49238	2.04005
49239	2.04009
49240	2.04012
49241	2.04015
49242	2.04018
49243	2.04021
49244	2.04024
49245	2.04027
49246	2.04031
49247	2.04034
49248	2.04037
49249	2.0404
49250	2.04043
49251	2.04045
49252	2.04048
49253	2.04051
49254	2.04054
49255	2.04057
49256	2.0406
49257	2.04063
49258	2.04065
49259	2.04068
49260	2.04071
49261	2.04073
49262	2.04076
49263	2.04079
49264	2.04081
49265	2.04084
49266	2.04086
49267	2.04089
49268	2.04091
49269	2.04094
49270	2.04096
49271	2.04099
49272	2.04101
49273	2.04103
49274	2.04106
49275	2.04108
49276	2.0411
49277	2.04112
49278	2.04115
49279	2.04117
49280	2.04119
49281	2.04121
49282	2.04123
49283	2.04125
49284	2.04127
49285	2.04129
49286	2.04131
49287	2.04133
49288	2.04135
49289	2.04137
49290	2.04138
49291	2.0414
49292	2.04142
49293	2.04144
49294	2.04145
49295	2.04147
49296	2.04149
49297	2.0415
49298	2.04152
49299	2.04153
49300	2.04155
49301	2.04156
49302	2.04158
49303	2.04159
49304	2.04161
49305	2.04162
49306	2.04163
49307	2.04165
49308	2.04166
49309	2.04167
49310	2.04168
49311	2.04169
49312	2.04171
49313	2.04172
49314	2.04173
49315	2.04174
49316	2.04175
49317	2.04176
49318	2.04177
49319	2.04178
49320	2.04178
49321	2.04179
49322	2.0418
49323	2.04181
49324	2.04182
49325	2.04182
49326	2.04183
49327	2.04184
49328	2.04184
49329	2.04185
49330	2.04185
49331	2.04186
49332	2.04186
49333	2.04187
49334	2.04187
49335	2.04188
49336	2.04188
49337	2.04188
49338	2.04189
49339	2.04189
49340	2.04189
49341	2.04189
49342	2.0419
49343	2.0419
49344	2.0419
49345	2.0419
49346	2.0419
49347	2.0419
49348	2.0419
49349	2.0419
49350	2.0419
49351	2.0419
49352	2.0419
49353	2.0419
49354	2.04189
49355	2.04189
49356	2.04189
49357	2.04189
49358	2.04188
49359	2.04188
49360	2.04188
49361	2.04187
49362	2.04187
49363	2.04187
49364	2.04186
49365	2.04186
49366	2.04185
49367	2.04185
49368	2.04184
49369	2.04183
49370	2.04183
49371	2.04182
49372	2.04181
49373	2.04181
49374	2.0418
49375	2.04179
49376	2.04178
49377	2.04178
49378	2.04177
49379	2.04176
49380	2.04175
49381	2.04174
49382	2.04173
49383	2.04172
49384	2.04171
49385	2.0417
49386	2.04169
49387	2.04168
49388	2.04167
49389	2.04166
49390	2.04165
49391	2.04164
49392	2.04163
49393	2.04162
49394	2.0416
49395	2.04159
49396	2.04158
49397	2.04157
49398	2.04155
49399	2.04154
49400	2.04153
49401	2.04151
49402	2.0415
49403	2.04149
49404	2.04147
49405	2.04146
49406	2.04144
49407	2.04143
49408	2.04141
49409	2.0414
49410	2.04138
49411	2.04137
49412	2.04135
49413	2.04134
49414	2.04132
49415	2.0413
49416	2.04129
49417	2.04127
49418	2.04125
49419	2.04124
49420	2.04122
49421	2.0412
49422	2.04119
49423	2.04117
49424	2.04115
49425	2.04113
49426	2.04112
49427	2.0411
49428	2.04108
49429	2.04106
49430	2.04104
49431	2.04103
49432	2.04101
49433	2.04099
49434	2.04097
49435	2.04095
49436	2.04093
49437	2.04091
49438	2.04089
49439	2.04087
49440	2.04085
49441	2.04083
49442	2.04081
49443	2.04079
49444	2.04077
49445	2.04075
49446	2.04073
49447	2.04071
49448	2.04069
49449	2.04067
49450	2.04065
49451	2.04063
49452	2.04061
49453	2.04059
49454	2.04057
49455	2.04055
49456	2.04053
49457	2.04051
49458	2.04049
49459	2.04046
49460	2.04044
49461	2.04042
49462	2.0404
49463	2.04038
49464	2.04036
49465	2.04034
49466	2.04032
49467	2.04029
49468	2.04027
49469	2.04025
49470	2.04023
49471	2.04021
49472	2.04019
49473	2.04016
49474	2.04014
49475	2.04012
49476	2.0401
49477	2.04008
49478	2.04005
49479	2.04003
49480	2.04001
49481	2.03999
49482	2.03997
49483	2.03995
49484	2.03992
49485	2.0399
49486	2.03988
49487	2.03986
49488	2.03984
49489	2.03981
49490	2.03979
49491	2.03977
49492	2.03975
49493	2.03973
49494	2.0397
49495	2.03968
49496	2.03966
49497	2.03964
49498	2.03962
49499	2.0396
49500	2.03957
49501	2.03955
49502	2.03953
49503	2.03951
49504	2.03949
49505	2.03947
49506	2.03945
49507	2.03942
49508	2.0394
49509	2.03938
49510	2.03936
49511	2.03934
49512	2.03932
49513	2.0393
49514	2.03928
49515	2.03926
49516	2.03923
49517	2.03921
49518	2.03919
49519	2.03917
49520	2.03915
49521	2.03913
49522	2.03911
49523	2.03909
49524	2.03907
49525	2.03905
49526	2.03903
49527	2.03901
49528	2.03899
49529	2.03897
49530	2.03895
49531	2.03893
49532	2.03891
49533	2.03889
49534	2.03887
49535	2.03885
49536	2.03883
49537	2.03881
49538	2.03879
49539	2.03877
49540	2.03876
49541	2.03874
49542	2.03872
49543	2.0387
49544	2.03868
49545	2.03866
49546	2.03864
49547	2.03863
49548	2.03861
49549	2.03859
49550	2.03857
49551	2.03855
49552	2.03854
49553	2.03852
49554	2.0385
49555	2.03849
49556	2.03847
49557	2.03845
49558	2.03843
49559	2.03842
49560	2.0384
49561	2.03838
49562	2.03837
49563	2.03835
49564	2.03834
49565	2.03832
49566	2.0383
49567	2.03829
49568	2.03827
49569	2.03826
49570	2.03824
49571	2.03823
49572	2.03821
49573	2.0382
49574	2.03818
49575	2.03817
49576	2.03815
49577	2.03814
49578	2.03812
49579	2.03811
49580	2.0381
49581	2.03808
49582	2.03807
49583	2.03805
49584	2.03804
49585	2.03803
49586	2.03801
49587	2.038
49588	2.03799
49589	2.03798
49590	2.03796
49591	2.03795
49592	2.03794
49593	2.03793
49594	2.03792
49595	2.0379
49596	2.03789
49597	2.03788
49598	2.03787
49599	2.03786
49600	2.03785
49601	2.03784
49602	2.03783
49603	2.03782
49604	2.03781
49605	2.0378
49606	2.03779
49607	2.03778
49608	2.03777
49609	2.03776
49610	2.03775
49611	2.03774
49612	2.03773
49613	2.03772
49614	2.03771
49615	2.0377
49616	2.03769
49617	2.03769
49618	2.03768
49619	2.03767
49620	2.03766
49621	2.03765
49622	2.03765
49623	2.03764
49624	2.03763
49625	2.03762
49626	2.03762
49627	2.03761
49628	2.0376
49629	2.0376
49630	2.03759
49631	2.03759
49632	2.03758
49633	2.03757
49634	2.03757
49635	2.03756
49636	2.03756
49637	2.03755
49638	2.03755
49639	2.03754
49640	2.03754
49641	2.03753
49642	2.03753
49643	2.03753
49644	2.03752
49645	2.03752
49646	2.03752
49647	2.03751
49648	2.03751
49649	2.03751
49650	2.0375
49651	2.0375
49652	2.0375
49653	2.03749
49654	2.03749
49655	2.03749
49656	2.03749
49657	2.03749
49658	2.03748
49659	2.03748
49660	2.03748
49661	2.03748
49662	2.03748
49663	2.03748
49664	2.03748
49665	2.03748
49666	2.03748
49667	2.03748
49668	2.03748
49669	2.03748
49670	2.03748
49671	2.03748
49672	2.03748
49673	2.03748
49674	2.03748
49675	2.03748
49676	2.03748
49677	2.03748
49678	2.03749
49679	2.03749
49680	2.03749
49681	2.03749
49682	2.03749
49683	2.0375
49684	2.0375
49685	2.0375
49686	2.0375
49687	2.03751
49688	2.03751
49689	2.03751
49690	2.03752
49691	2.03752
49692	2.03752
49693	2.03753
49694	2.03753
49695	2.03754
49696	2.03754
49697	2.03754
49698	2.03755
49699	2.03755
49700	2.03756
49701	2.03756
49702	2.03757
49703	2.03757
49704	2.03758
49705	2.03758
49706	2.03759
49707	2.0376
49708	2.0376
49709	2.03761
49710	2.03761
49711	2.03762
49712	2.03763
49713	2.03763
49714	2.03764
49715	2.03765
49716	2.03766
49717	2.03766
49718	2.03767
49719	2.03768
49720	2.03769
49721	2.03769
49722	2.0377
49723	2.03771
49724	2.03772
49725	2.03773
49726	2.03773
49727	2.03774
49728	2.03775
49729	2.03776
49730	2.03777
49731	2.03778
49732	2.03779
49733	2.0378
49734	2.03781
49735	2.03782
49736	2.03783
49737	2.03784
49738	2.03785
49739	2.03786
49740	2.03787
49741	2.03788
49742	2.03789
49743	2.0379
49744	2.03791
49745	2.03792
49746	2.03793
49747	2.03794
49748	2.03796
49749	2.03797
49750	2.03798
49751	2.03799
49752	2.038
49753	2.03801
49754	2.03803
49755	2.03804
49756	2.03805
49757	2.03806
49758	2.03808
49759	2.03809
49760	2.0381
49761	2.03811
49762	2.03813
49763	2.03814
49764	2.03815
49765	2.03817
49766	2.03818
49767	2.03819
49768	2.03821
49769	2.03822
49770	2.03824
49771	2.03825
49772	2.03826
49773	2.03828
49774	2.03829
49775	2.03831
49776	2.03832
49777	2.03834
49778	2.03835
49779	2.03836
49780	2.03838
49781	2.03839
49782	2.03841
49783	2.03842
49784	2.03844
49785	2.03846
49786	2.03847
49787	2.03849
49788	2.0385
49789	2.03852
49790	2.03853
49791	2.03855
49792	2.03857
49793	2.03858
49794	2.0386
49795	2.03861
49796	2.03863
49797	2.03865
49798	2.03866
49799	2.03868
49800	2.0387
49801	2.03871
49802	2.03873
49803	2.03875
49804	2.03876
49805	2.03878
49806	2.0388
49807	2.03882
49808	2.03883
49809	2.03885
49810	2.03887
49811	2.03889
49812	2.0389
49813	2.03892
49814	2.03894
49815	2.03896
49816	2.03898
49817	2.03899
49818	2.03901
49819	2.03903
49820	2.03905
49821	2.03907
49822	2.03908
49823	2.0391
49824	2.03912
49825	2.03914
49826	2.03916
49827	2.03918
49828	2.0392
49829	2.03921
49830	2.03923
49831	2.03925
49832	2.03927
49833	2.03929
49834	2.03931
49835	2.03933
49836	2.03935
49837	2.03937
49838	2.03939
49839	2.0394
49840	2.03942
49841	2.03944
49842	2.03946
49843	2.03948
49844	2.0395
49845	2.03952
49846	2.03954
49847	2.03956
49848	2.03958
49849	2.0396
49850	2.03962
49851	2.03964
49852	2.03966
49853	2.03968
49854	2.0397
49855	2.03972
49856	2.03974
49857	2.03976
49858	2.03978
49859	2.0398
49860	2.03982
49861	2.03984
49862	2.03986
49863	2.03988
49864	2.0399
49865	2.03992
49866	2.03994
49867	2.03996
49868	2.03998
49869	2.04
49870	2.04002
49871	2.04004
49872	2.04006
49873	2.04008
49874	2.0401
49875	2.04012
49876	2.04014
49877	2.04016
49878	2.04018
49879	2.0402
49880	2.04022
49881	2.04024
49882	2.04026
49883	2.04028
49884	2.0403
49885	2.04032
49886	2.04034
49887	2.04036
49888	2.04038
49889	2.0404
49890	2.04042
49891	2.04044
49892	2.04046
49893	2.04048
49894	2.0405
49895	2.04052
49896	2.04054
49897	2.04056
49898	2.04058
49899	2.0406
49900	2.04062
49901	2.04064
49902	2.04066
49903	2.04068
49904	2.0407
49905	2.04072
49906	2.04073
49907	2.04075
49908	2.04077
49909	2.04079
49910	2.04081
49911	2.04083
49912	2.04085
49913	2.04087
49914	2.04089
49915	2.04091
49916	2.04093
49917	2.04095
49918	2.04096
49919	2.04098
49920	2.041
49921	2.04102
49922	2.04104
49923	2.04106
49924	2.04108
49925	2.04109
49926	2.04111
49927	2.04113
49928	2.04115
49929	2.04117
49930	2.04118
49931	2.0412
49932	2.04122
49933	2.04124
49934	2.04125
49935	2.04127
49936	2.04129
49937	2.04131
49938	2.04132
49939	2.04134
49940	2.04136
49941	2.04137
49942	2.04139
49943	2.04141
49944	2.04142
49945	2.04144
49946	2.04146
49947	2.04147
49948	2.04149
49949	2.04151
49950	2.04152
49951	2.04154
49952	2.04155
49953	2.04157
49954	2.04158
49955	2.0416
49956	2.04161
49957	2.04163
49958	2.04164
49959	2.04166
49960	2.04167
49961	2.04169
49962	2.0417
49963	2.04172
49964	2.04173
49965	2.04174
49966	2.04176
49967	2.04177
49968	2.04179
49969	2.0418
49970	2.04181
49971	2.04182
49972	2.04184
49973	2.04185
49974	2.04186
49975	2.04188
49976	2.04189
49977	2.0419
49978	2.04191
49979	2.04192
49980	2.04193
49981	2.04195
49982	2.04196
49983	2.04197
49984	2.04198
49985	2.04199
49986	2.042
49987	2.04201
49988	2.04202
49989	2.04203
49990	2.04204
49991	2.04205
49992	2.04206
49993	2.04207
49994	2.04208
49995	2.04209
49996	2.0421
49997	2.0421
49998	2.04211
49999	2.04212
50000	2.04213
50001	2.04214
50002	2.04214
50003	2.04215
50004	2.04216
50005	2.04216
50006	2.04217
50007	2.04218
50008	2.04218
50009	2.04219
50010	2.04219
50011	2.0422
50012	2.04221
50013	2.04221
50014	2.04222
50015	2.04222
50016	2.04222
50017	2.04223
50018	2.04223
50019	2.04224
50020	2.04224
50021	2.04224
50022	2.04225
50023	2.04225
50024	2.04225
50025	2.04225
50026	2.04226
50027	2.04226
50028	2.04226
50029	2.04226
50030	2.04226
50031	2.04226
50032	2.04226
50033	2.04226
50034	2.04226
50035	2.04226
50036	2.04226
50037	2.04226
50038	2.04226
50039	2.04226
50040	2.04226
50041	2.04226
50042	2.04225
50043	2.04225
50044	2.04225
50045	2.04225
50046	2.04224
50047	2.04224
50048	2.04224
50049	2.04223
50050	2.04223
50051	2.04223
50052	2.04222
50053	2.04222
50054	2.04221
50055	2.04221
50056	2.0422
50057	2.04219
50058	2.04219
50059	2.04218
50060	2.04218
50061	2.04217
50062	2.04216
50063	2.04215
50064	2.04215
50065	2.04214
50066	2.04213
50067	2.04212
50068	2.04211
50069	2.0421
50070	2.04209
50071	2.04208
50072	2.04207
50073	2.04206
50074	2.04205
50075	2.04204
50076	2.04203
50077	2.04202
50078	2.04201
50079	2.04199
50080	2.04198
50081	2.04197
50082	2.04196
50083	2.04194
50084	2.04193
50085	2.04192
50086	2.0419
50087	2.04189
50088	2.04187
50089	2.04186
50090	2.04184
50091	2.04183
50092	2.04181
50093	2.0418
50094	2.04178
50095	2.04176
50096	2.04175
50097	2.04173
50098	2.04171
50099	2.0417
50100	2.04168
50101	2.04166
50102	2.04164
50103	2.04162
50104	2.0416
50105	2.04158
50106	2.04156
50107	2.04154
50108	2.04152
50109	2.0415
50110	2.04148
50111	2.04146
50112	2.04144
50113	2.04142
50114	2.0414
50115	2.04138
50116	2.04135
50117	2.04133
50118	2.04131
50119	2.04128
50120	2.04126
50121	2.04124
50122	2.04121
50123	2.04119
50124	2.04116
50125	2.04114
50126	2.04111
50127	2.04109
50128	2.04106
50129	2.04104
50130	2.04101
50131	2.04099
50132	2.04096
50133	2.04093
50134	2.04091
50135	2.04088
50136	2.04085
50137	2.04082
50138	2.04079
50139	2.04077
50140	2.04074
50141	2.04071
50142	2.04068
50143	2.04065
50144	2.04062
50145	2.04059
50146	2.04056
50147	2.04053
50148	2.0405
50149	2.04047
50150	2.04044
50151	2.04041
50152	2.04037
50153	2.04034
50154	2.04031
50155	2.04028
50156	2.04025
50157	2.04021
50158	2.04018
50159	2.04015
50160	2.04011
50161	2.04008
50162	2.04005
50163	2.04001
50164	2.03998
50165	2.03995
50166	2.03991
50167	2.03988
50168	2.03984
50169	2.03981
50170	2.03977
50171	2.03974
50172	2.0397
50173	2.03966
50174	2.03963
50175	2.03959
50176	2.03955
50177	2.03952
50178	2.03948
50179	2.03944
50180	2.03941
50181	2.03937
50182	2.03933
50183	2.0393
50184	2.03926
50185	2.03922
50186	2.03918
50187	2.03914
50188	2.0391
50189	2.03907
50190	2.03903
50191	2.03899
50192	2.03895
50193	2.03891
50194	2.03887
50195	2.03883
50196	2.03879
50197	2.03875
50198	2.03871
50199	2.03867
50200	2.03863
50201	2.03859
50202	2.03855
50203	2.03851
50204	2.03847
50205	2.03843
50206	2.03839
50207	2.03835
50208	2.03831
50209	2.03827
50210	2.03823
50211	2.03818
50212	2.03814
50213	2.0381
50214	2.03806
50215	2.03802
50216	2.03798
50217	2.03794
50218	2.03789
50219	2.03785
50220	2.03781
50221	2.03777
50222	2.03773
50223	2.03768
50224	2.03764
50225	2.0376
50226	2.03756
50227	2.03751
50228	2.03747
50229	2.03743
50230	2.03739
50231	2.03735
50232	2.0373
50233	2.03726
50234	2.03722
50235	2.03718
50236	2.03713
50237	2.03709
50238	2.03705
50239	2.037
50240	2.03696
50241	2.03692
50242	2.03688
50243	2.03683
50244	2.03679
50245	2.03675
50246	2.03671
50247	2.03666
50248	2.03662
50249	2.03658
50250	2.03654
50251	2.03649
50252	2.03645
50253	2.03641
50254	2.03637
50255	2.03632
50256	2.03628
50257	2.03624
50258	2.0362
50259	2.03616
50260	2.03611
50261	2.03607
50262	2.03603
50263	2.03599
50264	2.03595
50265	2.03591
50266	2.03586
50267	2.03582
50268	2.03578
50269	2.03574
50270	2.0357
50271	2.03566
50272	2.03562
50273	2.03557
50274	2.03553
50275	2.03549
50276	2.03545
50277	2.03541
50278	2.03537
50279	2.03533
50280	2.03529
50281	2.03525
50282	2.03521
50283	2.03517
50284	2.03513
50285	2.03509
50286	2.03505
50287	2.03501
50288	2.03497
50289	2.03493
50290	2.0349
50291	2.03486
50292	2.03482
50293	2.03478
50294	2.03474
50295	2.0347
50296	2.03467
50297	2.03463
50298	2.03459
50299	2.03455
50300	2.03452
50301	2.03448
50302	2.03444
50303	2.03441
50304	2.03437
50305	2.03433
50306	2.0343
50307	2.03426
50308	2.03422
50309	2.03419
50310	2.03415
50311	2.03412
50312	2.03408
50313	2.03405
50314	2.03401
50315	2.03398
50316	2.03395
50317	2.03391
50318	2.03388
50319	2.03384
50320	2.03381
50321	2.03378
50322	2.03375
50323	2.03371
50324	2.03368
50325	2.03365
50326	2.03362
50327	2.03358
50328	2.03355
50329	2.03352
50330	2.03349
50331	2.03346
50332	2.03343
50333	2.0334
50334	2.03337
50335	2.03334
50336	2.03331
50337	2.03328
50338	2.03325
50339	2.03322
50340	2.0332
50341	2.03317
50342	2.03314
50343	2.03311
50344	2.03309
50345	2.03306
50346	2.03303
50347	2.03301
50348	2.03298
50349	2.03295
50350	2.03293
50351	2.0329
50352	2.03288
50353	2.03285
50354	2.03283
50355	2.0328
50356	2.03278
50357	2.03276
50358	2.03273
50359	2.03271
50360	2.03269
50361	2.03267
50362	2.03264
50363	2.03262
50364	2.0326
50365	2.03258
50366	2.03256
50367	2.03254
50368	2.03252
50369	2.0325
50370	2.03248
50371	2.03246
50372	2.03244
50373	2.03242
50374	2.0324
50375	2.03238
50376	2.03236
50377	2.03235
50378	2.03233
50379	2.03231
50380	2.0323
50381	2.03228
50382	2.03226
50383	2.03225
50384	2.03223
50385	2.03222
50386	2.0322
50387	2.03219
50388	2.03217
50389	2.03216
50390	2.03215
50391	2.03213
50392	2.03212
50393	2.03211
50394	2.0321
50395	2.03208
50396	2.03207
50397	2.03206
50398	2.03205
50399	2.03204
50400	2.03203
50401	2.03202
50402	2.03201
50403	2.032
50404	2.03199
50405	2.03198
50406	2.03197
50407	2.03196
50408	2.03196
50409	2.03195
50410	2.03194
50411	2.03193
50412	2.03193
50413	2.03192
50414	2.03192
50415	2.03191
50416	2.0319
50417	2.0319
50418	2.03189
50419	2.03189
50420	2.03189
50421	2.03188
50422	2.03188
50423	2.03188
50424	2.03187
50425	2.03187
50426	2.03187
50427	2.03187
50428	2.03186
50429	2.03186
50430	2.03186
50431	2.03186
50432	2.03186
50433	2.03186
50434	2.03186
50435	2.03186
50436	2.03186
50437	2.03186
50438	2.03186
50439	2.03187
50440	2.03187
50441	2.03187
50442	2.03187
50443	2.03187
50444	2.03188
50445	2.03188
50446	2.03188
50447	2.03189
50448	2.03189
50449	2.0319
50450	2.0319
50451	2.03191
50452	2.03191
50453	2.03192
50454	2.03192
50455	2.03193
50456	2.03194
50457	2.03194
50458	2.03195
50459	2.03196
50460	2.03196
50461	2.03197
50462	2.03198
50463	2.03199
50464	2.032
50465	2.03201
50466	2.03201
50467	2.03202
50468	2.03203
50469	2.03204
50470	2.03205
50471	2.03206
50472	2.03207
50473	2.03208
50474	2.0321
50475	2.03211
50476	2.03212
50477	2.03213
50478	2.03214
50479	2.03215
50480	2.03217
50481	2.03218
50482	2.03219
50483	2.0322
50484	2.03222
50485	2.03223
50486	2.03225
50487	2.03226
50488	2.03227
50489	2.03229
50490	2.0323
50491	2.03232
50492	2.03233
50493	2.03235
50494	2.03236
50495	2.03238
50496	2.03239
50497	2.03241
50498	2.03243
50499	2.03244
50500	2.03246
50501	2.03248
50502	2.03249
50503	2.03251
50504	2.03253
50505	2.03255
50506	2.03256
50507	2.03258
50508	2.0326
50509	2.03262
50510	2.03264
50511	2.03265
50512	2.03267
50513	2.03269
50514	2.03271
50515	2.03273
50516	2.03275
50517	2.03277
50518	2.03279
50519	2.03281
50520	2.03283
50521	2.03285
50522	2.03287
50523	2.03289
50524	2.03291
50525	2.03293
50526	2.03295
50527	2.03297
50528	2.03299
50529	2.03301
50530	2.03304
50531	2.03306
50532	2.03308
50533	2.0331
50534	2.03312
50535	2.03314
50536	2.03317
50537	2.03319
50538	2.03321
50539	2.03323
50540	2.03325
50541	2.03328
50542	2.0333
50543	2.03332
50544	2.03335
50545	2.03337
50546	2.03339
50547	2.03341
50548	2.03344
50549	2.03346
50550	2.03348
50551	2.03351
50552	2.03353
50553	2.03356
50554	2.03358
50555	2.0336
50556	2.03363
50557	2.03365
50558	2.03367
50559	2.0337
50560	2.03372
50561	2.03375
50562	2.03377
50563	2.03379
50564	2.03382
50565	2.03384
50566	2.03387
50567	2.03389
50568	2.03392
50569	2.03394
50570	2.03397
50571	2.03399
50572	2.03401
50573	2.03404
50574	2.03406
50575	2.03409
50576	2.03411
50577	2.03414
50578	2.03416
50579	2.03419
50580	2.03421
50581	2.03424
50582	2.03426
50583	2.03429
50584	2.03431
50585	2.03434
50586	2.03436
50587	2.03439
50588	2.03441
50589	2.03444
50590	2.03446
50591	2.03449
50592	2.03451
50593	2.03454
50594	2.03456
50595	2.03459
50596	2.03461
50597	2.03464
50598	2.03466
50599	2.03468
50600	2.03471
50601	2.03473
50602	2.03476
50603	2.03478
50604	2.03481
50605	2.03483
50606	2.03486
50607	2.03488
50608	2.03491
50609	2.03493
50610	2.03496
50611	2.03498
50612	2.03501
50613	2.03503
50614	2.03505
50615	2.03508
50616	2.0351
50617	2.03513
50618	2.03515
50619	2.03518
50620	2.0352
50621	2.03522
50622	2.03525
50623	2.03527
50624	2.0353
50625	2.03532
50626	2.03534
50627	2.03537
50628	2.03539
50629	2.03541
50630	2.03544
50631	2.03546
50632	2.03548
50633	2.03551
50634	2.03553
50635	2.03555
50636	2.03558
50637	2.0356
50638	2.03562
50639	2.03565
50640	2.03567
50641	2.03569
50642	2.03572
50643	2.03574
50644	2.03576
50645	2.03578
50646	2.03581
50647	2.03583
50648	2.03585
50649	2.03587
50650	2.03589
50651	2.03592
50652	2.03594
50653	2.03596
50654	2.03598
50655	2.036
50656	2.03602
50657	2.03605
50658	2.03607
50659	2.03609
50660	2.03611
50661	2.03613
50662	2.03615
50663	2.03617
50664	2.03619
50665	2.03621
50666	2.03624
50667	2.03626
50668	2.03628
50669	2.0363
50670	2.03632
50671	2.03634
50672	2.03636
50673	2.03638
50674	2.0364
50675	2.03642
50676	2.03644
50677	2.03646
50678	2.03648
50679	2.03649
50680	2.03651
50681	2.03653
50682	2.03655
50683	2.03657
50684	2.03659
50685	2.03661
50686	2.03663
50687	2.03665
50688	2.03666
50689	2.03668
50690	2.0367
50691	2.03672
50692	2.03674
50693	2.03675
50694	2.03677
50695	2.03679
50696	2.03681
50697	2.03682
50698	2.03684
50699	2.03686
50700	2.03687
50701	2.03689
50702	2.03691
50703	2.03692
50704	2.03694
50705	2.03696
50706	2.03697
50707	2.03699
50708	2.03701
50709	2.03702
50710	2.03704
50711	2.03705
50712	2.03707
50713	2.03708
50714	2.0371
50715	2.03712
50716	2.03713
50717	2.03715
50718	2.03716
50719	2.03718
50720	2.03719
50721	2.0372
50722	2.03722
50723	2.03723
50724	2.03725
50725	2.03726
50726	2.03728
50727	2.03729
50728	2.0373
50729	2.03732
50730	2.03733
50731	2.03734
50732	2.03736
50733	2.03737
50734	2.03738
50735	2.0374
50736	2.03741
50737	2.03742
50738	2.03743
50739	2.03745
50740	2.03746
50741	2.03747
50742	2.03748
50743	2.03749
50744	2.03751
50745	2.03752
50746	2.03753
50747	2.03754
50748	2.03755
50749	2.03756
50750	2.03757
50751	2.03759
50752	2.0376
50753	2.03761
50754	2.03762
50755	2.03763
50756	2.03764
50757	2.03765
50758	2.03766
50759	2.03767
50760	2.03768
50761	2.03769
50762	2.0377
50763	2.03771
50764	2.03772
50765	2.03773
50766	2.03774
50767	2.03775
50768	2.03776
50769	2.03776
50770	2.03777
50771	2.03778
50772	2.03779
50773	2.0378
50774	2.03781
50775	2.03782
50776	2.03782
50777	2.03783
50778	2.03784
50779	2.03785
50780	2.03786
50781	2.03786
50782	2.03787
50783	2.03788
50784	2.03789
50785	2.03789
50786	2.0379
50787	2.03791
50788	2.03791
50789	2.03792
50790	2.03793
50791	2.03793
50792	2.03794
50793	2.03795
50794	2.03795
50795	2.03796
50796	2.03796
50797	2.03797
50798	2.03798
50799	2.03798
50800	2.03799
50801	2.03799
50802	2.038
50803	2.038
50804	2.03801
50805	2.03801
50806	2.03802
50807	2.03802
50808	2.03803
50809	2.03803
50810	2.03804
50811	2.03804
50812	2.03804
50813	2.03805
50814	2.03805
50815	2.03806
50816	2.03806
50817	2.03806
50818	2.03807
50819	2.03807
50820	2.03807
50821	2.03808
50822	2.03808
50823	2.03808
50824	2.03809
50825	2.03809
50826	2.03809
50827	2.0381
50828	2.0381
50829	2.0381
50830	2.0381
50831	2.0381
50832	2.03811
50833	2.03811
50834	2.03811
50835	2.03811
50836	2.03811
50837	2.03812
50838	2.03812
50839	2.03812
50840	2.03812
50841	2.03812
50842	2.03812
50843	2.03812
50844	2.03813
50845	2.03813
50846	2.03813
50847	2.03813
50848	2.03813
50849	2.03813
50850	2.03813
50851	2.03813
50852	2.03813
50853	2.03813
50854	2.03813
50855	2.03813
50856	2.03813
50857	2.03813
50858	2.03813
50859	2.03813
50860	2.03813
50861	2.03813
50862	2.03812
50863	2.03812
50864	2.03812
50865	2.03812
50866	2.03812
50867	2.03812
50868	2.03812
50869	2.03812
50870	2.03811
50871	2.03811
50872	2.03811
50873	2.03811
50874	2.03811
50875	2.0381
50876	2.0381
50877	2.0381
50878	2.0381
50879	2.03809
50880	2.03809
50881	2.03809
50882	2.03809
50883	2.03808
50884	2.03808
50885	2.03808
50886	2.03807
50887	2.03807
50888	2.03807
50889	2.03806
50890	2.03806
50891	2.03805
50892	2.03805
50893	2.03805
50894	2.03804
50895	2.03804
50896	2.03803
50897	2.03803
50898	2.03802
50899	2.03802
50900	2.03802
50901	2.03801
50902	2.03801
50903	2.038
50904	2.03799
50905	2.03799
50906	2.03798
50907	2.03798
50908	2.03797
50909	2.03797
50910	2.03796
50911	2.03796
50912	2.03795
50913	2.03794
50914	2.03794
50915	2.03793
50916	2.03792
50917	2.03792
50918	2.03791
50919	2.0379
50920	2.0379
50921	2.03789
50922	2.03788
50923	2.03788
50924	2.03787
50925	2.03786
50926	2.03785
50927	2.03785
50928	2.03784
50929	2.03783
50930	2.03782
50931	2.03781
50932	2.03781
50933	2.0378
50934	2.03779
50935	2.03778
50936	2.03777
50937	2.03776
50938	2.03775
50939	2.03775
50940	2.03774
50941	2.03773
50942	2.03772
50943	2.03771
50944	2.0377
50945	2.03769
50946	2.03768
50947	2.03767
50948	2.03766
50949	2.03765
50950	2.03764
50951	2.03763
50952	2.03762
50953	2.03761
50954	2.0376
50955	2.03759
50956	2.03758
50957	2.03757
50958	2.03756
50959	2.03754
50960	2.03753
50961	2.03752
50962	2.03751
50963	2.0375
50964	2.03749
50965	2.03748
50966	2.03746
50967	2.03745
50968	2.03744
50969	2.03743
50970	2.03741
50971	2.0374
50972	2.03739
50973	2.03738
50974	2.03736
50975	2.03735
50976	2.03734
50977	2.03733
50978	2.03731
50979	2.0373
50980	2.03729
50981	2.03727
50982	2.03726
50983	2.03724
50984	2.03723
50985	2.03722
50986	2.0372
50987	2.03719
50988	2.03717
50989	2.03716
50990	2.03715
50991	2.03713
50992	2.03712
50993	2.0371
50994	2.03709
50995	2.03707
50996	2.03706
50997	2.03704
50998	2.03703
50999	2.03701
51000	2.037
51001	2.03698
51002	2.03696
51003	2.03695
51004	2.03693
51005	2.03692
51006	2.0369
51007	2.03689
51008	2.03687
51009	2.03685
51010	2.03684
51011	2.03682
51012	2.0368
51013	2.03679
51014	2.03677
51015	2.03675
51016	2.03674
51017	2.03672
51018	2.0367
51019	2.03668
51020	2.03667
51021	2.03665
51022	2.03663
51023	2.03661
51024	2.0366
51025	2.03658
51026	2.03656
51027	2.03654
51028	2.03653
51029	2.03651
51030	2.03649
51031	2.03647
51032	2.03645
51033	2.03643
51034	2.03642
51035	2.0364
51036	2.03638
51037	2.03636
51038	2.03634
51039	2.03632
51040	2.0363
51041	2.03628
51042	2.03627
51043	2.03625
51044	2.03623
51045	2.03621
51046	2.03619
51047	2.03617
51048	2.03615
51049	2.03613
51050	2.03611
51051	2.03609
51052	2.03607
51053	2.03605
51054	2.03603
51055	2.03601
51056	2.03599
51057	2.03597
51058	2.03595
51059	2.03593
51060	2.03591
51061	2.03589
51062	2.03587
51063	2.03585
51064	2.03583
51065	2.03581
51066	2.03579
51067	2.03577
51068	2.03575
51069	2.03573
51070	2.03571
51071	2.03569
51072	2.03567
51073	2.03565
51074	2.03563
51075	2.03561
51076	2.03559
51077	2.03557
51078	2.03555
51079	2.03552
51080	2.0355
51081	2.03548
51082	2.03546
51083	2.03544
51084	2.03542
51085	2.0354
51086	2.03538
51087	2.03536
51088	2.03534
51089	2.03532
51090	2.0353
51091	2.03528
51092	2.03526
51093	2.03524
51094	2.03521
51095	2.03519
51096	2.03517
51097	2.03515
51098	2.03513
51099	2.03511
51100	2.03509
51101	2.03507
51102	2.03505
51103	2.03503
51104	2.03501
51105	2.03499
51106	2.03497
51107	2.03495
51108	2.03493
51109	2.03491
51110	2.03489
51111	2.03487
51112	2.03485
51113	2.03483
51114	2.03481
51115	2.03479
51116	2.03477
51117	2.03475
51118	2.03473
51119	2.03471
51120	2.03469
51121	2.03467
51122	2.03465
51123	2.03463
51124	2.03461
51125	2.03459
51126	2.03457
51127	2.03455
51128	2.03453
51129	2.03451
51130	2.03449
51131	2.03447
51132	2.03446
51133	2.03444
51134	2.03442
51135	2.0344
51136	2.03438
51137	2.03436
51138	2.03435
51139	2.03433
51140	2.03431
51141	2.03429
51142	2.03427
51143	2.03426
51144	2.03424
51145	2.03422
51146	2.0342
51147	2.03419
51148	2.03417
51149	2.03415
51150	2.03414
51151	2.03412
51152	2.0341
51153	2.03409
51154	2.03407
51155	2.03405
51156	2.03404
51157	2.03402
51158	2.03401
51159	2.03399
51160	2.03397
51161	2.03396
51162	2.03394
51163	2.03393
51164	2.03391
51165	2.0339
51166	2.03389
51167	2.03387
51168	2.03386
51169	2.03384
51170	2.03383
51171	2.03382
51172	2.0338
51173	2.03379
51174	2.03378
51175	2.03376
51176	2.03375
51177	2.03374
51178	2.03372
51179	2.03371
51180	2.0337
51181	2.03369
51182	2.03368
51183	2.03367
51184	2.03365
51185	2.03364
51186	2.03363
51187	2.03362
51188	2.03361
51189	2.0336
51190	2.03359
51191	2.03358
51192	2.03357
51193	2.03356
51194	2.03355
51195	2.03355
51196	2.03354
51197	2.03353
51198	2.03352
51199	2.03351
51200	2.0335
51201	2.0335
51202	2.03349
51203	2.03348
51204	2.03348
51205	2.03347
51206	2.03346
51207	2.03346
51208	2.03345
51209	2.03344
51210	2.03344
51211	2.03343
51212	2.03343
51213	2.03342
51214	2.03342
51215	2.03342
51216	2.03341
51217	2.03341
51218	2.03341
51219	2.0334
51220	2.0334
51221	2.0334
51222	2.03339
51223	2.03339
51224	2.03339
51225	2.03339
51226	2.03339
51227	2.03339
51228	2.03339
51229	2.03339
51230	2.03338
51231	2.03338
51232	2.03339
51233	2.03339
51234	2.03339
51235	2.03339
51236	2.03339
51237	2.03339
51238	2.03339
51239	2.0334
51240	2.0334
51241	2.0334
51242	2.0334
51243	2.03341
51244	2.03341
51245	2.03341
51246	2.03342
51247	2.03342
51248	2.03343
51249	2.03343
51250	2.03344
51251	2.03344
51252	2.03345
51253	2.03346
51254	2.03346
51255	2.03347
51256	2.03348
51257	2.03348
51258	2.03349
51259	2.0335
51260	2.03351
51261	2.03352
51262	2.03352
51263	2.03353
51264	2.03354
51265	2.03355
51266	2.03356
51267	2.03357
51268	2.03358
51269	2.03359
51270	2.0336
51271	2.03362
51272	2.03363
51273	2.03364
51274	2.03365
51275	2.03366
51276	2.03368
51277	2.03369
51278	2.0337
51279	2.03372
51280	2.03373
51281	2.03375
51282	2.03376
51283	2.03377
51284	2.03379
51285	2.0338
51286	2.03382
51287	2.03384
51288	2.03385
51289	2.03387
51290	2.03389
51291	2.0339
51292	2.03392
51293	2.03394
51294	2.03395
51295	2.03397
51296	2.03399
51297	2.03401
51298	2.03403
51299	2.03405
51300	2.03407
51301	2.03409
51302	2.03411
51303	2.03413
51304	2.03415
51305	2.03417
51306	2.03419
51307	2.03421
51308	2.03423
51309	2.03425
51310	2.03427
51311	2.0343
51312	2.03432
51313	2.03434
51314	2.03437
51315	2.03439
51316	2.03441
51317	2.03444
51318	2.03446
51319	2.03448
51320	2.03451
51321	2.03453
51322	2.03456
51323	2.03458
51324	2.03461
51325	2.03463
51326	2.03466
51327	2.03469
51328	2.03471
51329	2.03474
51330	2.03476
51331	2.03479
51332	2.03482
51333	2.03485
51334	2.03487
51335	2.0349
51336	2.03493
51337	2.03496
51338	2.03498
51339	2.03501
51340	2.03504
51341	2.03507
51342	2.0351
51343	2.03513
51344	2.03516
51345	2.03519
51346	2.03522
51347	2.03525
51348	2.03528
51349	2.03531
51350	2.03534
51351	2.03537
51352	2.0354
51353	2.03543
51354	2.03546
51355	2.03549
51356	2.03552
51357	2.03556
51358	2.03559
51359	2.03562
51360	2.03565
51361	2.03568
51362	2.03572
51363	2.03575
51364	2.03578
51365	2.03581
51366	2.03585
51367	2.03588
51368	2.03591
51369	2.03595
51370	2.03598
51371	2.03601
51372	2.03605
51373	2.03608
51374	2.03611
51375	2.03615
51376	2.03618
51377	2.03622
51378	2.03625
51379	2.03628
51380	2.03632
51381	2.03635
51382	2.03639
51383	2.03642
51384	2.03646
51385	2.03649
51386	2.03653
51387	2.03656
51388	2.0366
51389	2.03663
51390	2.03667
51391	2.0367
51392	2.03674
51393	2.03677
51394	2.03681
51395	2.03684
51396	2.03688
51397	2.03691
51398	2.03695
51399	2.03698
51400	2.03702
51401	2.03705
51402	2.03709
51403	2.03712
51404	2.03716
51405	2.03719
51406	2.03723
51407	2.03727
51408	2.0373
51409	2.03734
51410	2.03737
51411	2.03741
51412	2.03744
51413	2.03748
51414	2.03751
51415	2.03755
51416	2.03758
51417	2.03762
51418	2.03765
51419	2.03769
51420	2.03773
51421	2.03776
51422	2.0378
51423	2.03783
51424	2.03787
51425	2.0379
51426	2.03794
51427	2.03797
51428	2.03801
51429	2.03804
51430	2.03807
51431	2.03811
51432	2.03814
51433	2.03818
51434	2.03821
51435	2.03825
51436	2.03828
51437	2.03832
51438	2.03835
51439	2.03838
51440	2.03842
51441	2.03845
51442	2.03848
51443	2.03852
51444	2.03855
51445	2.03858
51446	2.03862
51447	2.03865
51448	2.03868
51449	2.03872
51450	2.03875
51451	2.03878
51452	2.03881
51453	2.03885
51454	2.03888
51455	2.03891
51456	2.03894
51457	2.03897
51458	2.03901
51459	2.03904
51460	2.03907
51461	2.0391
51462	2.03913
51463	2.03916
51464	2.03919
51465	2.03922
51466	2.03925
51467	2.03928
51468	2.03931
51469	2.03934
51470	2.03937
51471	2.0394
51472	2.03943
51473	2.03946
51474	2.03949
51475	2.03952
51476	2.03955
51477	2.03958
51478	2.0396
51479	2.03963
51480	2.03966
51481	2.03969
51482	2.03972
51483	2.03974
51484	2.03977
51485	2.0398
51486	2.03982
51487	2.03985
51488	2.03988
51489	2.0399
51490	2.03993
51491	2.03995
51492	2.03998
51493	2.04
51494	2.04003
51495	2.04005
51496	2.04008
51497	2.0401
51498	2.04013
51499	2.04015
51500	2.04017
51501	2.0402
51502	2.04022
51503	2.04024
51504	2.04027
51505	2.04029
51506	2.04031
51507	2.04033
51508	2.04035
51509	2.04037
51510	2.0404
51511	2.04042
51512	2.04044
51513	2.04046
51514	2.04048
51515	2.0405
51516	2.04052
51517	2.04054
51518	2.04056
51519	2.04058
51520	2.04059
51521	2.04061
51522	2.04063
51523	2.04065
51524	2.04067
51525	2.04068
51526	2.0407
51527	2.04072
51528	2.04073
51529	2.04075
51530	2.04077
51531	2.04078
51532	2.0408
51533	2.04081
51534	2.04083
51535	2.04084
51536	2.04086
51537	2.04087
51538	2.04089
51539	2.0409
51540	2.04091
51541	2.04093
51542	2.04094
51543	2.04095
51544	2.04096
51545	2.04098
51546	2.04099
51547	2.041
51548	2.04101
51549	2.04102
51550	2.04103
51551	2.04104
51552	2.04105
51553	2.04106
51554	2.04107
51555	2.04108
51556	2.04109
51557	2.0411
51558	2.04111
51559	2.04112
51560	2.04112
51561	2.04113
51562	2.04114
51563	2.04115
51564	2.04115
51565	2.04116
51566	2.04117
51567	2.04117
51568	2.04118
51569	2.04118
51570	2.04119
51571	2.04119
51572	2.0412
51573	2.0412
51574	2.04121
51575	2.04121
51576	2.04122
51577	2.04122
51578	2.04122
51579	2.04123
51580	2.04123
51581	2.04123
51582	2.04123
51583	2.04124
51584	2.04124
51585	2.04124
51586	2.04124
51587	2.04124
51588	2.04124
51589	2.04124
51590	2.04124
51591	2.04124
51592	2.04124
51593	2.04124
51594	2.04124
51595	2.04124
51596	2.04124
51597	2.04124
51598	2.04124
51599	2.04123
51600	2.04123
51601	2.04123
51602	2.04123
51603	2.04122
51604	2.04122
51605	2.04122
51606	2.04121
51607	2.04121
51608	2.04121
51609	2.0412
51610	2.0412
51611	2.04119
51612	2.04119
51613	2.04118
51614	2.04118
51615	2.04117
51616	2.04117
51617	2.04116
51618	2.04115
51619	2.04115
51620	2.04114
51621	2.04113
51622	2.04113
51623	2.04112
51624	2.04111
51625	2.0411
51626	2.0411
51627	2.04109
51628	2.04108
51629	2.04107
51630	2.04106
51631	2.04105
51632	2.04104
51633	2.04104
51634	2.04103
51635	2.04102
51636	2.04101
51637	2.041
51638	2.04099
51639	2.04098
51640	2.04097
51641	2.04096
51642	2.04094
51643	2.04093
51644	2.04092
51645	2.04091
51646	2.0409
51647	2.04089
51648	2.04088
51649	2.04086
51650	2.04085
51651	2.04084
51652	2.04083
51653	2.04081
51654	2.0408
51655	2.04079
51656	2.04078
51657	2.04076
51658	2.04075
51659	2.04074
51660	2.04072
51661	2.04071
51662	2.04069
51663	2.04068
51664	2.04067
51665	2.04065
51666	2.04064
51667	2.04062
51668	2.04061
51669	2.04059
51670	2.04058
51671	2.04056
51672	2.04055
51673	2.04053
51674	2.04052
51675	2.0405
51676	2.04049
51677	2.04047
51678	2.04045
51679	2.04044
51680	2.04042
51681	2.04041
51682	2.04039
51683	2.04037
51684	2.04036
51685	2.04034
51686	2.04032
51687	2.04031
51688	2.04029
51689	2.04027
51690	2.04026
51691	2.04024
51692	2.04022
51693	2.04021
51694	2.04019
51695	2.04017
51696	2.04015
51697	2.04014
51698	2.04012
51699	2.0401
51700	2.04008
51701	2.04007
51702	2.04005
51703	2.04003
51704	2.04001
51705	2.04
51706	2.03998
51707	2.03996
51708	2.03994
51709	2.03992
51710	2.0399
51711	2.03989
51712	2.03987
51713	2.03985
51714	2.03983
51715	2.03981
51716	2.0398
51717	2.03978
51718	2.03976
51719	2.03974
51720	2.03972
51721	2.0397
51722	2.03968
51723	2.03967
51724	2.03965
51725	2.03963
51726	2.03961
51727	2.03959
51728	2.03957
51729	2.03955
51730	2.03954
51731	2.03952
51732	2.0395
51733	2.03948
51734	2.03946
51735	2.03944
51736	2.03942
51737	2.0394
51738	2.03939
51739	2.03937
51740	2.03935
51741	2.03933
51742	2.03931
51743	2.03929
51744	2.03927
51745	2.03926
51746	2.03924
51747	2.03922
51748	2.0392
51749	2.03918
51750	2.03916
51751	2.03914
51752	2.03913
51753	2.03911
51754	2.03909
51755	2.03907
51756	2.03905
51757	2.03903
51758	2.03901
51759	2.039
51760	2.03898
51761	2.03896
51762	2.03894
51763	2.03892
51764	2.03891
51765	2.03889
51766	2.03887
51767	2.03885
51768	2.03883
51769	2.03882
51770	2.0388
51771	2.03878
51772	2.03876
51773	2.03874
51774	2.03873
51775	2.03871
51776	2.03869
51777	2.03867
51778	2.03866
51779	2.03864
51780	2.03862
51781	2.0386
51782	2.03859
51783	2.03857
51784	2.03855
51785	2.03854
51786	2.03852
51787	2.0385
51788	2.03848
51789	2.03847
51790	2.03845
51791	2.03843
51792	2.03842
51793	2.0384
51794	2.03838
51795	2.03837
51796	2.03835
51797	2.03834
51798	2.03832
51799	2.0383
51800	2.03829
51801	2.03827
51802	2.03826
51803	2.03824
51804	2.03822
51805	2.03821
51806	2.03819
51807	2.03818
51808	2.03816
51809	2.03815
51810	2.03813
51811	2.03812
51812	2.0381
51813	2.03809
51814	2.03807
51815	2.03806
51816	2.03804
51817	2.03803
51818	2.03801
51819	2.038
51820	2.03798
51821	2.03797
51822	2.03795
51823	2.03794
51824	2.03793
51825	2.03791
51826	2.0379
51827	2.03788
51828	2.03787
51829	2.03786
51830	2.03784
51831	2.03783
51832	2.03782
51833	2.0378
51834	2.03779
51835	2.03778
51836	2.03776
51837	2.03775
51838	2.03774
51839	2.03773
51840	2.03771
51841	2.0377
51842	2.03769
51843	2.03768
51844	2.03766
51845	2.03765
51846	2.03764
51847	2.03763
51848	2.03761
51849	2.0376
51850	2.03759
51851	2.03758
51852	2.03757
51853	2.03756
51854	2.03755
51855	2.03753
51856	2.03752
51857	2.03751
51858	2.0375
51859	2.03749
51860	2.03748
51861	2.03747
51862	2.03746
51863	2.03745
51864	2.03744
51865	2.03743
51866	2.03742
51867	2.03741
51868	2.0374
51869	2.03739
51870	2.03738
51871	2.03737
51872	2.03736
51873	2.03735
51874	2.03734
51875	2.03733
51876	2.03732
51877	2.03731
51878	2.0373
51879	2.0373
51880	2.03729
51881	2.03728
51882	2.03727
51883	2.03726
51884	2.03725
51885	2.03725
51886	2.03724
51887	2.03723
51888	2.03722
51889	2.03721
51890	2.03721
51891	2.0372
51892	2.03719
51893	2.03718
51894	2.03718
51895	2.03717
51896	2.03716
51897	2.03715
51898	2.03715
51899	2.03714
51900	2.03713
51901	2.03713
51902	2.03712
51903	2.03711
51904	2.03711
51905	2.0371
51906	2.0371
51907	2.03709
51908	2.03708
51909	2.03708
51910	2.03707
51911	2.03707
51912	2.03706
51913	2.03706
51914	2.03705
51915	2.03704
51916	2.03704
51917	2.03703
51918	2.03703
51919	2.03702
51920	2.03702
51921	2.03702
51922	2.03701
51923	2.03701
51924	2.037
51925	2.037
51926	2.03699
51927	2.03699
51928	2.03699
51929	2.03698
51930	2.03698
51931	2.03697
51932	2.03697
51933	2.03697
51934	2.03696
51935	2.03696
51936	2.03696
51937	2.03695
51938	2.03695
51939	2.03695
51940	2.03694
51941	2.03694
51942	2.03694
51943	2.03694
51944	2.03693
51945	2.03693
51946	2.03693
51947	2.03693
51948	2.03692
51949	2.03692
51950	2.03692
51951	2.03692
51952	2.03692
51953	2.03692
51954	2.03691
51955	2.03691
51956	2.03691
51957	2.03691
51958	2.03691
51959	2.03691
51960	2.03691
51961	2.03691
51962	2.0369
51963	2.0369
51964	2.0369
51965	2.0369
51966	2.0369
51967	2.0369
51968	2.0369
51969	2.0369
51970	2.0369
51971	2.0369
51972	2.0369
51973	2.0369
51974	2.0369
51975	2.0369
51976	2.0369
51977	2.0369
51978	2.0369
51979	2.0369
51980	2.03691
51981	2.03691
51982	2.03691
51983	2.03691
51984	2.03691
51985	2.03691
51986	2.03691
51987	2.03691
51988	2.03692
51989	2.03692
51990	2.03692
51991	2.03692
51992	2.03692
51993	2.03692
51994	2.03693
51995	2.03693
51996	2.03693
51997	2.03693
51998	2.03694
51999	2.03694
52000	2.03694
52001	2.03694
52002	2.03695
52003	2.03695
52004	2.03695
52005	2.03696
52006	2.03696
52007	2.03696
52008	2.03697
52009	2.03697
52010	2.03697
52011	2.03698
52012	2.03698
52013	2.03698
52014	2.03699
52015	2.03699
52016	2.03699
52017	2.037
52018	2.037
52019	2.03701
52020	2.03701
52021	2.03702
52022	2.03702
52023	2.03703
52024	2.03703
52025	2.03704
52026	2.03704
52027	2.03705
52028	2.03705
52029	2.03706
52030	2.03706
52031	2.03707
52032	2.03707
52033	2.03708
52034	2.03708
52035	2.03709
52036	2.03709
52037	2.0371
52038	2.03711
52039	2.03711
52040	2.03712
52041	2.03713
52042	2.03713
52043	2.03714
52044	2.03714
52045	2.03715
52046	2.03716
52047	2.03716
52048	2.03717
52049	2.03718
52050	2.03719
52051	2.03719
52052	2.0372
52053	2.03721
52054	2.03721
52055	2.03722
52056	2.03723
52057	2.03724
52058	2.03725
52059	2.03725
52060	2.03726
52061	2.03727
52062	2.03728
52063	2.03729
52064	2.03729
52065	2.0373
52066	2.03731
52067	2.03732
52068	2.03733
52069	2.03734
52070	2.03735
52071	2.03735
52072	2.03736
52073	2.03737
52074	2.03738
52075	2.03739
52076	2.0374
52077	2.03741
52078	2.03742
52079	2.03743
52080	2.03744
52081	2.03745
52082	2.03746
52083	2.03747
52084	2.03748
52085	2.03749
52086	2.0375
52087	2.03751
52088	2.03752
52089	2.03753
52090	2.03754
52091	2.03755
52092	2.03756
52093	2.03757
52094	2.03758
52095	2.03759
52096	2.03761
52097	2.03762
52098	2.03763
52099	2.03764
52100	2.03765
52101	2.03766
52102	2.03767
52103	2.03769
52104	2.0377
52105	2.03771
52106	2.03772
52107	2.03773
52108	2.03774
52109	2.03776
52110	2.03777
52111	2.03778
52112	2.03779
52113	2.03781
52114	2.03782
52115	2.03783
52116	2.03784
52117	2.03786
52118	2.03787
52119	2.03788
52120	2.0379
52121	2.03791
52122	2.03792
52123	2.03793
52124	2.03795
52125	2.03796
52126	2.03797
52127	2.03799
52128	2.038
52129	2.03801
52130	2.03803
52131	2.03804
52132	2.03806
52133	2.03807
52134	2.03808
52135	2.0381
52136	2.03811
52137	2.03813
52138	2.03814
52139	2.03815
52140	2.03817
52141	2.03818
52142	2.0382
52143	2.03821
52144	2.03823
52145	2.03824
52146	2.03826
52147	2.03827
52148	2.03829
52149	2.0383
52150	2.03832
52151	2.03833
52152	2.03835
52153	2.03836
52154	2.03838
52155	2.03839
52156	2.03841
52157	2.03842
52158	2.03844
52159	2.03845
52160	2.03847
52161	2.03848
52162	2.0385
52163	2.03851
52164	2.03853
52165	2.03855
52166	2.03856
52167	2.03858
52168	2.03859
52169	2.03861
52170	2.03862
52171	2.03864
52172	2.03866
52173	2.03867
52174	2.03869
52175	2.0387
52176	2.03872
52177	2.03874
52178	2.03875
52179	2.03877
52180	2.03878
52181	2.0388
52182	2.03882
52183	2.03883
52184	2.03885
52185	2.03887
52186	2.03888
52187	2.0389
52188	2.03891
52189	2.03893
52190	2.03895
52191	2.03896
52192	2.03898
52193	2.039
52194	2.03901
52195	2.03903
52196	2.03904
52197	2.03906
52198	2.03908
52199	2.03909
52200	2.03911
52201	2.03913
52202	2.03914
52203	2.03916
52204	2.03918
52205	2.03919
52206	2.03921
52207	2.03922
52208	2.03924
52209	2.03926
52210	2.03927
52211	2.03929
52212	2.03931
52213	2.03932
52214	2.03934
52215	2.03935
52216	2.03937
52217	2.03939
52218	2.0394
52219	2.03942
52220	2.03944
52221	2.03945
52222	2.03947
52223	2.03948
52224	2.0395
52225	2.03951
52226	2.03953
52227	2.03955
52228	2.03956
52229	2.03958
52230	2.03959
52231	2.03961
52232	2.03962
52233	2.03964
52234	2.03966
52235	2.03967
52236	2.03969
52237	2.0397
52238	2.03972
52239	2.03973
52240	2.03975
52241	2.03976
52242	2.03978
52243	2.03979
52244	2.03981
52245	2.03982
52246	2.03984
52247	2.03985
52248	2.03986
52249	2.03988
52250	2.03989
52251	2.03991
52252	2.03992
52253	2.03994
52254	2.03995
52255	2.03996
52256	2.03998
52257	2.03999
52258	2.04001
52259	2.04002
52260	2.04003
52261	2.04005
52262	2.04006
52263	2.04007
52264	2.04008
52265	2.0401
52266	2.04011
52267	2.04012
52268	2.04014
52269	2.04015
52270	2.04016
52271	2.04017
52272	2.04018
52273	2.0402
52274	2.04021
52275	2.04022
52276	2.04023
52277	2.04024
52278	2.04025
52279	2.04027
52280	2.04028
52281	2.04029
52282	2.0403
52283	2.04031
52284	2.04032
52285	2.04033
52286	2.04034
52287	2.04035
52288	2.04036
52289	2.04037
52290	2.04038
52291	2.04039
52292	2.0404
52293	2.04041
52294	2.04042
52295	2.04042
52296	2.04043
52297	2.04044
52298	2.04045
52299	2.04046
52300	2.04047
52301	2.04047
52302	2.04048
52303	2.04049
52304	2.0405
52305	2.0405
52306	2.04051
52307	2.04052
52308	2.04052
52309	2.04053
52310	2.04054
52311	2.04054
52312	2.04055
52313	2.04055
52314	2.04056
52315	2.04056
52316	2.04057
52317	2.04057
52318	2.04058
52319	2.04058
52320	2.04059
52321	2.04059
52322	2.04059
52323	2.0406
52324	2.0406
52325	2.0406
52326	2.04061
52327	2.04061
52328	2.04061
52329	2.04062
52330	2.04062
52331	2.04062
52332	2.04062
52333	2.04062
52334	2.04062
52335	2.04063
52336	2.04063
52337	2.04063
52338	2.04063
52339	2.04063
52340	2.04063
52341	2.04063
52342	2.04063
52343	2.04063
52344	2.04063
52345	2.04063
52346	2.04062
52347	2.04062
52348	2.04062
52349	2.04062
52350	2.04062
52351	2.04061
52352	2.04061
52353	2.04061
52354	2.04061
52355	2.0406
52356	2.0406
52357	2.0406
52358	2.04059
52359	2.04059
52360	2.04058
52361	2.04058
52362	2.04057
52363	2.04057
52364	2.04056
52365	2.04056
52366	2.04055
52367	2.04054
52368	2.04054
52369	2.04053
52370	2.04052
52371	2.04052
52372	2.04051
52373	2.0405
52374	2.04049
52375	2.04049
52376	2.04048
52377	2.04047
52378	2.04046
52379	2.04045
52380	2.04044
52381	2.04043
52382	2.04042
52383	2.04041
52384	2.0404
52385	2.04039
52386	2.04038
52387	2.04037
52388	2.04036
52389	2.04035
52390	2.04034
52391	2.04032
52392	2.04031
52393	2.0403
52394	2.04029
52395	2.04027
52396	2.04026
52397	2.04025
52398	2.04023
52399	2.04022
52400	2.04021
52401	2.04019
52402	2.04018
52403	2.04016
52404	2.04015
52405	2.04013
52406	2.04012
52407	2.0401
52408	2.04009
52409	2.04007
52410	2.04005
52411	2.04004
52412	2.04002
52413	2.04
52414	2.03999
52415	2.03997
52416	2.03995
52417	2.03993
52418	2.03992
52419	2.0399
52420	2.03988
52421	2.03986
52422	2.03984
52423	2.03982
52424	2.0398
52425	2.03978
52426	2.03976
52427	2.03974
52428	2.03972
52429	2.0397
52430	2.03968
52431	2.03966
52432	2.03964
52433	2.03962
52434	2.0396
52435	2.03958
52436	2.03956
52437	2.03953
52438	2.03951
52439	2.03949
52440	2.03947
52441	2.03944
52442	2.03942
52443	2.0394
52444	2.03938
52445	2.03935
52446	2.03933
52447	2.0393
52448	2.03928
52449	2.03926
52450	2.03923
52451	2.03921
52452	2.03918
52453	2.03916
52454	2.03913
52455	2.03911
52456	2.03908
52457	2.03906
52458	2.03903
52459	2.03901
52460	2.03898
52461	2.03895
52462	2.03893
52463	2.0389
52464	2.03887
52465	2.03885
52466	2.03882
52467	2.03879
52468	2.03877
52469	2.03874
52470	2.03871
52471	2.03869
52472	2.03866
52473	2.03863
52474	2.0386
52475	2.03857
52476	2.03855
52477	2.03852
52478	2.03849
52479	2.03846
52480	2.03843
52481	2.03841
52482	2.03838
52483	2.03835
52484	2.03832
52485	2.03829
52486	2.03826
52487	2.03823
52488	2.0382
52489	2.03817
52490	2.03814
52491	2.03811
52492	2.03808
52493	2.03806
52494	2.03803
52495	2.038
52496	2.03797
52497	2.03794
52498	2.03791
52499	2.03788
52500	2.03785
52501	2.03782
52502	2.03779
52503	2.03776
52504	2.03773
52505	2.0377
52506	2.03766
52507	2.03763
52508	2.0376
52509	2.03757
52510	2.03754
52511	2.03751
52512	2.03748
52513	2.03745
52514	2.03742
52515	2.03739
52516	2.03736
52517	2.03733
52518	2.0373
52519	2.03727
52520	2.03724
52521	2.03721
52522	2.03718
52523	2.03715
52524	2.03711
52525	2.03708
52526	2.03705
52527	2.03702
52528	2.03699
52529	2.03696
52530	2.03693
52531	2.0369
52532	2.03687
52533	2.03684
52534	2.03681
52535	2.03678
52536	2.03675
52537	2.03672
52538	2.03669
52539	2.03666
52540	2.03663
52541	2.0366
52542	2.03657
52543	2.03654
52544	2.03651
52545	2.03648
52546	2.03645
52547	2.03642
52548	2.03639
52549	2.03636
52550	2.03633
52551	2.0363
52552	2.03627
52553	2.03624
52554	2.03621
52555	2.03618
52556	2.03616
52557	2.03613
52558	2.0361
52559	2.03607
52560	2.03604
52561	2.03601
52562	2.03598
52563	2.03595
52564	2.03593
52565	2.0359
52566	2.03587
52567	2.03584
52568	2.03582
52569	2.03579
52570	2.03576
52571	2.03573
52572	2.03571
52573	2.03568
52574	2.03565
52575	2.03562
52576	2.0356
52577	2.03557
52578	2.03555
52579	2.03552
52580	2.03549
52581	2.03547
52582	2.03544
52583	2.03542
52584	2.03539
52585	2.03536
52586	2.03534
52587	2.03531
52588	2.03529
52589	2.03526
52590	2.03524
52591	2.03522
52592	2.03519
52593	2.03517
52594	2.03514
52595	2.03512
52596	2.0351
52597	2.03507
52598	2.03505
52599	2.03503
52600	2.035
52601	2.03498
52602	2.03496
52603	2.03494
52604	2.03491
52605	2.03489
52606	2.03487
52607	2.03485
52608	2.03483
52609	2.03481
52610	2.03479
52611	2.03477
52612	2.03474
52613	2.03472
52614	2.0347
52615	2.03468
52616	2.03466
52617	2.03465
52618	2.03463
52619	2.03461
52620	2.03459
52621	2.03457
52622	2.03455
52623	2.03453
52624	2.03451
52625	2.0345
52626	2.03448
52627	2.03446
52628	2.03444
52629	2.03443
52630	2.03441
52631	2.03439
52632	2.03438
52633	2.03436
52634	2.03435
52635	2.03433
52636	2.03432
52637	2.0343
52638	2.03429
52639	2.03427
52640	2.03426
52641	2.03424
52642	2.03423
52643	2.03421
52644	2.0342
52645	2.03419
52646	2.03417
52647	2.03416
52648	2.03415
52649	2.03414
52650	2.03413
52651	2.03411
52652	2.0341
52653	2.03409
52654	2.03408
52655	2.03407
52656	2.03406
52657	2.03405
52658	2.03404
52659	2.03403
52660	2.03402
52661	2.03401
52662	2.034
52663	2.03399
52664	2.03398
52665	2.03397
52666	2.03396
52667	2.03396
52668	2.03395
52669	2.03394
52670	2.03393
52671	2.03393
52672	2.03392
52673	2.03391
52674	2.03391
52675	2.0339
52676	2.03389
52677	2.03389
52678	2.03388
52679	2.03388
52680	2.03387
52681	2.03387
52682	2.03386
52683	2.03386
52684	2.03385
52685	2.03385
52686	2.03385
52687	2.03384
52688	2.03384
52689	2.03384
52690	2.03384
52691	2.03383
52692	2.03383
52693	2.03383
52694	2.03383
52695	2.03383
52696	2.03382
52697	2.03382
52698	2.03382
52699	2.03382
52700	2.03382
52701	2.03382
52702	2.03382
52703	2.03382
52704	2.03382
52705	2.03382
52706	2.03382
52707	2.03382
52708	2.03383
52709	2.03383
52710	2.03383
52711	2.03383
52712	2.03383
52713	2.03384
52714	2.03384
52715	2.03384
52716	2.03384
52717	2.03385
52718	2.03385
52719	2.03385
52720	2.03386
52721	2.03386
52722	2.03387
52723	2.03387
52724	2.03388
52725	2.03388
52726	2.03389
52727	2.03389
52728	2.0339
52729	2.0339
52730	2.03391
52731	2.03391
52732	2.03392
52733	2.03393
52734	2.03393
52735	2.03394
52736	2.03395
52737	2.03395
52738	2.03396
52739	2.03397
52740	2.03398
52741	2.03398
52742	2.03399
52743	2.034
52744	2.03401
52745	2.03402
52746	2.03403
52747	2.03404
52748	2.03404
52749	2.03405
52750	2.03406
52751	2.03407
52752	2.03408
52753	2.03409
52754	2.0341
52755	2.03411
52756	2.03412
52757	2.03413
52758	2.03414
52759	2.03415
52760	2.03416
52761	2.03418
52762	2.03419
52763	2.0342
52764	2.03421
52765	2.03422
52766	2.03423
52767	2.03424
52768	2.03426
52769	2.03427
52770	2.03428
52771	2.03429
52772	2.03431
52773	2.03432
52774	2.03433
52775	2.03434
52776	2.03436
52777	2.03437
52778	2.03438
52779	2.0344
52780	2.03441
52781	2.03442
52782	2.03444
52783	2.03445
52784	2.03446
52785	2.03448
52786	2.03449
52787	2.0345
52788	2.03452
52789	2.03453
52790	2.03455
52791	2.03456
52792	2.03458
52793	2.03459
52794	2.03461
52795	2.03462
52796	2.03464
52797	2.03465
52798	2.03467
52799	2.03468
52800	2.0347
52801	2.03471
52802	2.03473
52803	2.03474
52804	2.03476
52805	2.03477
52806	2.03479
52807	2.0348
52808	2.03482
52809	2.03483
52810	2.03485
52811	2.03487
52812	2.03488
52813	2.0349
52814	2.03491
52815	2.03493
52816	2.03495
52817	2.03496
52818	2.03498
52819	2.03499
52820	2.03501
52821	2.03503
52822	2.03504
52823	2.03506
52824	2.03507
52825	2.03509
52826	2.03511
52827	2.03512
52828	2.03514
52829	2.03516
52830	2.03517
52831	2.03519
52832	2.03521
52833	2.03522
52834	2.03524
52835	2.03525
52836	2.03527
52837	2.03529
52838	2.0353
52839	2.03532
52840	2.03534
52841	2.03535
52842	2.03537
52843	2.03539
52844	2.0354
52845	2.03542
52846	2.03544
52847	2.03545
52848	2.03547
52849	2.03549
52850	2.0355
52851	2.03552
52852	2.03553
52853	2.03555
52854	2.03557
52855	2.03558
52856	2.0356
52857	2.03562
52858	2.03563
52859	2.03565
52860	2.03566
52861	2.03568
52862	2.0357
52863	2.03571
52864	2.03573
52865	2.03574
52866	2.03576
52867	2.03578
52868	2.03579
52869	2.03581
52870	2.03582
52871	2.03584
52872	2.03586
52873	2.03587
52874	2.03589
52875	2.0359
52876	2.03592
52877	2.03593
52878	2.03595
52879	2.03596
52880	2.03598
52881	2.03599
52882	2.03601
52883	2.03602
52884	2.03604
52885	2.03605
52886	2.03607
52887	2.03608
52888	2.0361
52889	2.03611
52890	2.03613
52891	2.03614
52892	2.03616
52893	2.03617
52894	2.03618
52895	2.0362
52896	2.03621
52897	2.03623
52898	2.03624
52899	2.03625
52900	2.03627
52901	2.03628
52902	2.0363
52903	2.03631
52904	2.03632
52905	2.03634
52906	2.03635
52907	2.03636
52908	2.03638
52909	2.03639
52910	2.0364
52911	2.03641
52912	2.03643
52913	2.03644
52914	2.03645
52915	2.03646
52916	2.03648
52917	2.03649
52918	2.0365
52919	2.03651
52920	2.03653
52921	2.03654
52922	2.03655
52923	2.03656
52924	2.03657
52925	2.03658
52926	2.0366
52927	2.03661
52928	2.03662
52929	2.03663
52930	2.03664
52931	2.03665
52932	2.03666
52933	2.03667
52934	2.03668
52935	2.03669
52936	2.0367
52937	2.03671
52938	2.03672
52939	2.03673
52940	2.03674
52941	2.03675
52942	2.03676
52943	2.03677
52944	2.03678
52945	2.03679
52946	2.0368
52947	2.03681
52948	2.03682
52949	2.03683
52950	2.03683
52951	2.03684
52952	2.03685
52953	2.03686
52954	2.03687
52955	2.03688
52956	2.03688
52957	2.03689
52958	2.0369
52959	2.03691
52960	2.03691
52961	2.03692
52962	2.03693
52963	2.03694
52964	2.03694
52965	2.03695
52966	2.03696
52967	2.03696
52968	2.03697
52969	2.03698
52970	2.03698
52971	2.03699
52972	2.03699
52973	2.037
52974	2.037
52975	2.03701
52976	2.03702
52977	2.03702
52978	2.03703
52979	2.03703
52980	2.03704
52981	2.03704
52982	2.03705
52983	2.03705
52984	2.03705
52985	2.03706
52986	2.03706
52987	2.03707
52988	2.03707
52989	2.03707
52990	2.03708
52991	2.03708
52992	2.03709
52993	2.03709
52994	2.03709
52995	2.03709
52996	2.0371
52997	2.0371
52998	2.0371
52999	2.03711
53000	2.03711
53001	2.03711
53002	2.03711
53003	2.03711
53004	2.03712
53005	2.03712
53006	2.03712
53007	2.03712
53008	2.03712
53009	2.03712
53010	2.03712
53011	2.03713
53012	2.03713
53013	2.03713
53014	2.03713
53015	2.03713
53016	2.03713
53017	2.03713
53018	2.03713
53019	2.03713
53020	2.03713
53021	2.03713
53022	2.03713
53023	2.03713
53024	2.03713
53025	2.03713
53026	2.03712
53027	2.03712
53028	2.03712
53029	2.03712
53030	2.03712
53031	2.03712
53032	2.03712
53033	2.03712
53034	2.03711
53035	2.03711
53036	2.03711
53037	2.03711
53038	2.0371
53039	2.0371
53040	2.0371
53041	2.0371
53042	2.03709
53043	2.03709
53044	2.03709
53045	2.03708
53046	2.03708
53047	2.03708
53048	2.03707
53049	2.03707
53050	2.03707
53051	2.03706
53052	2.03706
53053	2.03705
53054	2.03705
53055	2.03705
53056	2.03704
53057	2.03704
53058	2.03703
53059	2.03703
53060	2.03702
53061	2.03702
53062	2.03701
53063	2.03701
53064	2.037
53065	2.037
53066	2.03699
53067	2.03698
53068	2.03698
53069	2.03697
53070	2.03697
53071	2.03696
53072	2.03695
53073	2.03695
53074	2.03694
53075	2.03693
53076	2.03693
53077	2.03692
53078	2.03691
53079	2.03691
53080	2.0369
53081	2.03689
53082	2.03688
53083	2.03688
53084	2.03687
53085	2.03686
53086	2.03685
53087	2.03685
53088	2.03684
53089	2.03683
53090	2.03682
53091	2.03681
53092	2.03681
53093	2.0368
53094	2.03679
53095	2.03678
53096	2.03677
53097	2.03676
53098	2.03675
53099	2.03674
53100	2.03674
53101	2.03673
53102	2.03672
53103	2.03671
53104	2.0367
53105	2.03669
53106	2.03668
53107	2.03667
53108	2.03666
53109	2.03665
53110	2.03664
53111	2.03663
53112	2.03662
53113	2.03661
53114	2.0366
53115	2.03659
53116	2.03658
53117	2.03657
53118	2.03656
53119	2.03655
53120	2.03653
53121	2.03652
53122	2.03651
53123	2.0365
53124	2.03649
53125	2.03648
53126	2.03647
53127	2.03646
53128	2.03645
53129	2.03643
53130	2.03642
53131	2.03641
53132	2.0364
53133	2.03639
53134	2.03637
53135	2.03636
53136	2.03635
53137	2.03634
53138	2.03633
53139	2.03631
53140	2.0363
53141	2.03629
53142	2.03628
53143	2.03626
53144	2.03625
53145	2.03624
53146	2.03623
53147	2.03621
53148	2.0362
53149	2.03619
53150	2.03618
53151	2.03616
53152	2.03615
53153	2.03614
53154	2.03612
53155	2.03611
53156	2.0361
53157	2.03608
53158	2.03607
53159	2.03606
53160	2.03604
53161	2.03603
53162	2.03602
53163	2.036
53164	2.03599
53165	2.03597
53166	2.03596
53167	2.03595
53168	2.03593
53169	2.03592
53170	2.03591
53171	2.03589
53172	2.03588
53173	2.03586
53174	2.03585
53175	2.03583
53176	2.03582
53177	2.03581
53178	2.03579
53179	2.03578
53180	2.03576
53181	2.03575
53182	2.03573
53183	2.03572
53184	2.03571
53185	2.03569
53186	2.03568
53187	2.03566
53188	2.03565
53189	2.03563
53190	2.03562
53191	2.0356
53192	2.03559
53193	2.03557
53194	2.03556
53195	2.03554
53196	2.03553
53197	2.03552
53198	2.0355
53199	2.03549
53200	2.03547
53201	2.03546
53202	2.03544
53203	2.03543
53204	2.03541
53205	2.0354
53206	2.03538
53207	2.03537
53208	2.03535
53209	2.03534
53210	2.03532
53211	2.03531
53212	2.03529
53213	2.03528
53214	2.03526
53215	2.03525
53216	2.03523
53217	2.03522
53218	2.0352
53219	2.03519
53220	2.03517
53221	2.03516
53222	2.03514
53223	2.03513
53224	2.03511
53225	2.0351
53226	2.03508
53227	2.03507
53228	2.03505
53229	2.03504
53230	2.03502
53231	2.03501
53232	2.03499
53233	2.03498
53234	2.03496
53235	2.03495
53236	2.03493
53237	2.03492
53238	2.0349
53239	2.03489
53240	2.03488
53241	2.03486
53242	2.03485
53243	2.03483
53244	2.03482
53245	2.0348
53246	2.03479
53247	2.03477
53248	2.03476
53249	2.03475
53250	2.03473
53251	2.03472
53252	2.0347
53253	2.03469
53254	2.03467
53255	2.03466
53256	2.03465
53257	2.03463
53258	2.03462
53259	2.0346
53260	2.03459
53261	2.03458
53262	2.03456
53263	2.03455
53264	2.03454
53265	2.03452
53266	2.03451
53267	2.03449
53268	2.03448
53269	2.03447
53270	2.03445
53271	2.03444
53272	2.03443
53273	2.03441
53274	2.0344
53275	2.03439
53276	2.03438
53277	2.03436
53278	2.03435
53279	2.03434
53280	2.03433
53281	2.03431
53282	2.0343
53283	2.03429
53284	2.03428
53285	2.03426
53286	2.03425
53287	2.03424
53288	2.03423
53289	2.03421
53290	2.0342
53291	2.03419
53292	2.03418
53293	2.03417
53294	2.03416
53295	2.03415
53296	2.03413
53297	2.03412
53298	2.03411
53299	2.0341
53300	2.03409
53301	2.03408
53302	2.03407
53303	2.03406
53304	2.03405
53305	2.03404
53306	2.03403
53307	2.03402
53308	2.03401
53309	2.034
53310	2.03399
53311	2.03398
53312	2.03397
53313	2.03396
53314	2.03395
53315	2.03394
53316	2.03393
53317	2.03392
53318	2.03391
53319	2.0339
53320	2.03389
53321	2.03389
53322	2.03388
53323	2.03387
53324	2.03386
53325	2.03385
53326	2.03384
53327	2.03384
53328	2.03383
53329	2.03382
53330	2.03381
53331	2.03381
53332	2.0338
53333	2.03379
53334	2.03379
53335	2.03378
53336	2.03377
53337	2.03377
53338	2.03376
53339	2.03375
53340	2.03375
53341	2.03374
53342	2.03374
53343	2.03373
53344	2.03373
53345	2.03372
53346	2.03372
53347	2.03371
53348	2.03371
53349	2.0337
53350	2.0337
53351	2.03369
53352	2.03369
53353	2.03368
53354	2.03368
53355	2.03368
53356	2.03367
53357	2.03367
53358	2.03367
53359	2.03366
53360	2.03366
53361	2.03366
53362	2.03365
53363	2.03365
53364	2.03365
53365	2.03365
53366	2.03365
53367	2.03364
53368	2.03364
53369	2.03364
53370	2.03364
53371	2.03364
53372	2.03364
53373	2.03364
53374	2.03364
53375	2.03364
53376	2.03364
53377	2.03364
53378	2.03364
53379	2.03364
53380	2.03364
53381	2.03364
53382	2.03364
53383	2.03364
53384	2.03364
53385	2.03364
53386	2.03365
53387	2.03365
53388	2.03365
53389	2.03365
53390	2.03365
53391	2.03366
53392	2.03366
53393	2.03366
53394	2.03367
53395	2.03367
53396	2.03367
53397	2.03368
53398	2.03368
53399	2.03369
53400	2.03369
53401	2.03369
53402	2.0337
53403	2.0337
53404	2.03371
53405	2.03371
53406	2.03372
53407	2.03373
53408	2.03373
53409	2.03374
53410	2.03374
53411	2.03375
53412	2.03376
53413	2.03377
53414	2.03377
53415	2.03378
53416	2.03379
53417	2.0338
53418	2.0338
53419	2.03381
53420	2.03382
53421	2.03383
53422	2.03384
53423	2.03385
53424	2.03386
53425	2.03386
53426	2.03387
53427	2.03388
53428	2.03389
53429	2.0339
53430	2.03391
53431	2.03393
53432	2.03394
53433	2.03395
53434	2.03396
53435	2.03397
53436	2.03398
53437	2.03399
53438	2.03401
53439	2.03402
53440	2.03403
53441	2.03404
53442	2.03406
53443	2.03407
53444	2.03408
53445	2.0341
53446	2.03411
53447	2.03412
53448	2.03414
53449	2.03415
53450	2.03417
53451	2.03418
53452	2.0342
53453	2.03421
53454	2.03423
53455	2.03424
53456	2.03426
53457	2.03427
53458	2.03429
53459	2.03431
53460	2.03432
53461	2.03434
53462	2.03436
53463	2.03437
53464	2.03439
53465	2.03441
53466	2.03442
53467	2.03444
53468	2.03446
53469	2.03448
53470	2.0345
53471	2.03452
53472	2.03453
53473	2.03455
53474	2.03457
53475	2.03459
53476	2.03461
53477	2.03463
53478	2.03465
53479	2.03467
53480	2.03469
53481	2.03471
53482	2.03473
53483	2.03475
53484	2.03478
53485	2.0348
53486	2.03482
53487	2.03484
53488	2.03486
53489	2.03488
53490	2.03491
53491	2.03493
53492	2.03495
53493	2.03497
53494	2.035
53495	2.03502
53496	2.03504
53497	2.03506
53498	2.03509
53499	2.03511
53500	2.03514
53501	2.03516
53502	2.03518
53503	2.03521
53504	2.03523
53505	2.03526
53506	2.03528
53507	2.03531
53508	2.03533
53509	2.03536
53510	2.03538
53511	2.03541
53512	2.03543
53513	2.03546
53514	2.03549
53515	2.03551
53516	2.03554
53517	2.03556
53518	2.03559
53519	2.03562
53520	2.03564
53521	2.03567
53522	2.0357
53523	2.03572
53524	2.03575
53525	2.03578
53526	2.03581
53527	2.03584
53528	2.03586
53529	2.03589
53530	2.03592
53531	2.03595
53532	2.03598
53533	2.036
53534	2.03603
53535	2.03606
53536	2.03609
53537	2.03612
53538	2.03615
53539	2.03618
53540	2.03621
53541	2.03623
53542	2.03626
53543	2.03629
53544	2.03632
53545	2.03635
53546	2.03638
53547	2.03641
53548	2.03644
53549	2.03647
53550	2.0365
53551	2.03653
53552	2.03656
53553	2.03659
53554	2.03662
53555	2.03665
53556	2.03668
53557	2.03672
53558	2.03675
53559	2.03678
53560	2.03681
53561	2.03684
53562	2.03687
53563	2.0369
53564	2.03693
53565	2.03696
53566	2.03699
53567	2.03703
53568	2.03706
53569	2.03709
53570	2.03712
53571	2.03715
53572	2.03718
53573	2.03721
53574	2.03725
53575	2.03728
53576	2.03731
53577	2.03734
53578	2.03737
53579	2.0374
53580	2.03743
53581	2.03747
53582	2.0375
53583	2.03753
53584	2.03756
53585	2.03759
53586	2.03763
53587	2.03766
53588	2.03769
53589	2.03772
53590	2.03775
53591	2.03778
53592	2.03782
53593	2.03785
53594	2.03788
53595	2.03791
53596	2.03794
53597	2.03797
53598	2.03801
53599	2.03804
53600	2.03807
53601	2.0381
53602	2.03813
53603	2.03817
53604	2.0382
53605	2.03823
53606	2.03826
53607	2.03829
53608	2.03832
53609	2.03835
53610	2.03839
53611	2.03842
53612	2.03845
53613	2.03848
53614	2.03851
53615	2.03854
53616	2.03857
53617	2.0386
53618	2.03863
53619	2.03867
53620	2.0387
53621	2.03873
53622	2.03876
53623	2.03879
53624	2.03882
53625	2.03885
53626	2.03888
53627	2.03891
53628	2.03894
53629	2.03897
53630	2.039
53631	2.03903
53632	2.03906
53633	2.03909
53634	2.03912
53635	2.03915
53636	2.03918
53637	2.03921
53638	2.03924
53639	2.03927
53640	2.0393
53641	2.03932
53642	2.03935
53643	2.03938
53644	2.03941
53645	2.03944
53646	2.03947
53647	2.0395
53648	2.03952
53649	2.03955
53650	2.03958
53651	2.03961
53652	2.03964
53653	2.03966
53654	2.03969
53655	2.03972
53656	2.03974
53657	2.03977
53658	2.0398
53659	2.03982
53660	2.03985
53661	2.03988
53662	2.0399
53663	2.03993
53664	2.03996
53665	2.03998
53666	2.04001
53667	2.04003
53668	2.04006
53669	2.04008
53670	2.04011
53671	2.04013
53672	2.04016
53673	2.04018
53674	2.04021
53675	2.04023
53676	2.04026
53677	2.04028
53678	2.0403
53679	2.04033
53680	2.04035
53681	2.04037
53682	2.0404
53683	2.04042
53684	2.04044
53685	2.04046
53686	2.04049
53687	2.04051
53688	2.04053
53689	2.04055
53690	2.04057
53691	2.04059
53692	2.04062
53693	2.04064
53694	2.04066
53695	2.04068
53696	2.0407
53697	2.04072
53698	2.04074
53699	2.04076
53700	2.04078
53701	2.0408
53702	2.04082
53703	2.04083
53704	2.04085
53705	2.04087
53706	2.04089
53707	2.04091
53708	2.04093
53709	2.04094
53710	2.04096
53711	2.04098
53712	2.041
53713	2.04101
53714	2.04103
53715	2.04104
53716	2.04106
53717	2.04108
53718	2.04109
53719	2.04111
53720	2.04112
53721	2.04114
53722	2.04115
53723	2.04117
53724	2.04118
53725	2.0412
53726	2.04121
53727	2.04122
53728	2.04124
53729	2.04125
53730	2.04126
53731	2.04128
53732	2.04129
53733	2.0413
53734	2.04131
53735	2.04133
53736	2.04134
53737	2.04135
53738	2.04136
53739	2.04137
53740	2.04138
53741	2.04139
53742	2.0414
53743	2.04141
53744	2.04142
53745	2.04143
53746	2.04144
53747	2.04145
53748	2.04146
53749	2.04147
53750	2.04148
53751	2.04149
53752	2.04149
53753	2.0415
53754	2.04151
53755	2.04152
53756	2.04152
53757	2.04153
53758	2.04154
53759	2.04154
53760	2.04155
53761	2.04155
53762	2.04156
53763	2.04157
53764	2.04157
53765	2.04158
53766	2.04158
53767	2.04159
53768	2.04159
53769	2.04159
53770	2.0416
53771	2.0416
53772	2.0416
53773	2.04161
53774	2.04161
53775	2.04161
53776	2.04162
53777	2.04162
53778	2.04162
53779	2.04162
53780	2.04162
53781	2.04162
53782	2.04163
53783	2.04163
53784	2.04163
53785	2.04163
53786	2.04163
53787	2.04163
53788	2.04163
53789	2.04163
53790	2.04163
53791	2.04163
53792	2.04163
53793	2.04162
53794	2.04162
53795	2.04162
53796	2.04162
53797	2.04162
53798	2.04161
53799	2.04161
53800	2.04161
53801	2.04161
53802	2.0416
53803	2.0416
53804	2.0416
53805	2.04159
53806	2.04159
53807	2.04158
53808	2.04158
53809	2.04157
53810	2.04157
53811	2.04156
53812	2.04156
53813	2.04155
53814	2.04155
53815	2.04154
53816	2.04154
53817	2.04153
53818	2.04152
53819	2.04152
53820	2.04151
53821	2.0415
53822	2.0415
53823	2.04149
53824	2.04148
53825	2.04147
53826	2.04147
53827	2.04146
53828	2.04145
53829	2.04144
53830	2.04143
53831	2.04142
53832	2.04142
53833	2.04141
53834	2.0414
53835	2.04139
53836	2.04138
53837	2.04137
53838	2.04136
53839	2.04135
53840	2.04134
53841	2.04133
53842	2.04132
53843	2.04131
53844	2.0413
53845	2.04128
53846	2.04127
53847	2.04126
53848	2.04125
53849	2.04124
53850	2.04123
53851	2.04121
53852	2.0412
53853	2.04119
53854	2.04118
53855	2.04116
53856	2.04115
53857	2.04114
53858	2.04113
53859	2.04111
53860	2.0411
53861	2.04109
53862	2.04107
53863	2.04106
53864	2.04105
53865	2.04103
53866	2.04102
53867	2.041
53868	2.04099
53869	2.04097
53870	2.04096
53871	2.04095
53872	2.04093
53873	2.04092
53874	2.0409
53875	2.04089
53876	2.04087
53877	2.04085
53878	2.04084
53879	2.04082
53880	2.04081
53881	2.04079
53882	2.04078
53883	2.04076
53884	2.04074
53885	2.04073
53886	2.04071
53887	2.0407
53888	2.04068
53889	2.04066
53890	2.04065
53891	2.04063
53892	2.04061
53893	2.0406
53894	2.04058
53895	2.04056
53896	2.04055
53897	2.04053
53898	2.04051
53899	2.04049
53900	2.04048
53901	2.04046
53902	2.04044
53903	2.04042
53904	2.04041
53905	2.04039
53906	2.04037
53907	2.04035
53908	2.04033
53909	2.04032
53910	2.0403
53911	2.04028
53912	2.04026
53913	2.04024
53914	2.04023
53915	2.04021
53916	2.04019
53917	2.04017
53918	2.04015
53919	2.04013
53920	2.04012
53921	2.0401
53922	2.04008
53923	2.04006
53924	2.04004
53925	2.04002
53926	2.04
53927	2.03998
53928	2.03997
53929	2.03995
53930	2.03993
53931	2.03991
53932	2.03989
53933	2.03987
53934	2.03985
53935	2.03983
53936	2.03981
53937	2.0398
53938	2.03978
53939	2.03976
53940	2.03974
53941	2.03972
53942	2.0397
53943	2.03968
53944	2.03966
53945	2.03964
53946	2.03962
53947	2.03961
53948	2.03959
53949	2.03957
53950	2.03955
53951	2.03953
53952	2.03951
53953	2.03949
53954	2.03947
53955	2.03945
53956	2.03943
53957	2.03941
53958	2.0394
53959	2.03938
53960	2.03936
53961	2.03934
53962	2.03932
53963	2.0393
53964	2.03928
53965	2.03926
53966	2.03924
53967	2.03923
53968	2.03921
53969	2.03919
53970	2.03917
53971	2.03915
53972	2.03913
53973	2.03911
53974	2.03909
53975	2.03908
53976	2.03906
53977	2.03904
53978	2.03902
53979	2.039
53980	2.03898
53981	2.03896
53982	2.03895
53983	2.03893
53984	2.03891
53985	2.03889
53986	2.03887
53987	2.03886
53988	2.03884
53989	2.03882
53990	2.0388
53991	2.03878
53992	2.03876
53993	2.03875
53994	2.03873
53995	2.03871
53996	2.03869
53997	2.03868
53998	2.03866
53999	2.03864
54000	2.03862
54001	2.03861
54002	2.03859
54003	2.03857
54004	2.03855
54005	2.03854
54006	2.03852
54007	2.0385
54008	2.03849
54009	2.03847
54010	2.03845
54011	2.03843
54012	2.03842
54013	2.0384
54014	2.03838
54015	2.03837
54016	2.03835
54017	2.03833
54018	2.03832
54019	2.0383
54020	2.03829
54021	2.03827
54022	2.03825
54023	2.03824
54024	2.03822
54025	2.03821
54026	2.03819
54027	2.03817
54028	2.03816
54029	2.03814
54030	2.03813
54031	2.03811
54032	2.0381
54033	2.03808
54034	2.03807
54035	2.03805
54036	2.03804
54037	2.03802
54038	2.03801
54039	2.03799
54040	2.03798
54041	2.03796
54042	2.03795
54043	2.03793
54044	2.03792
54045	2.0379
54046	2.03789
54047	2.03787
54048	2.03786
54049	2.03785
54050	2.03783
54051	2.03782
54052	2.03781
54053	2.03779
54054	2.03778
54055	2.03776
54056	2.03775
54057	2.03774
54058	2.03772
54059	2.03771
54060	2.0377
54061	2.03769
54062	2.03767
54063	2.03766
54064	2.03765
54065	2.03763
54066	2.03762
54067	2.03761
54068	2.0376
54069	2.03758
54070	2.03757
54071	2.03756
54072	2.03755
54073	2.03754
54074	2.03752
54075	2.03751
54076	2.0375
54077	2.03749
54078	2.03748
54079	2.03747
54080	2.03746
54081	2.03744
54082	2.03743
54083	2.03742
54084	2.03741
54085	2.0374
54086	2.03739
54087	2.03738
54088	2.03737
54089	2.03736
54090	2.03735
54091	2.03734
54092	2.03733
54093	2.03732
54094	2.03731
54095	2.0373
54096	2.03729
54097	2.03728
54098	2.03727
54099	2.03726
54100	2.03725
54101	2.03724
54102	2.03723
54103	2.03722
54104	2.03721
54105	2.0372
54106	2.0372
54107	2.03719
54108	2.03718
54109	2.03717
54110	2.03716
54111	2.03715
54112	2.03714
54113	2.03714
54114	2.03713
54115	2.03712
54116	2.03711
54117	2.0371
54118	2.0371
54119	2.03709
54120	2.03708
54121	2.03707
54122	2.03707
54123	2.03706
54124	2.03705
54125	2.03705
54126	2.03704
54127	2.03703
54128	2.03702
54129	2.03702
54130	2.03701
54131	2.037
54132	2.037
54133	2.03699
54134	2.03699
54135	2.03698
54136	2.03697
54137	2.03697
54138	2.03696
54139	2.03696
54140	2.03695
54141	2.03694
54142	2.03694
54143	2.03693
54144	2.03693
54145	2.03692
54146	2.03692
54147	2.03691
54148	2.03691
54149	2.0369
54150	2.0369
54151	2.03689
54152	2.03689
54153	2.03689
54154	2.03688
54155	2.03688
54156	2.03687
54157	2.03687
54158	2.03686
54159	2.03686
54160	2.03686
54161	2.03685
54162	2.03685
54163	2.03685
54164	2.03684
54165	2.03684
54166	2.03684
54167	2.03683
54168	2.03683
54169	2.03683
54170	2.03682
54171	2.03682
54172	2.03682
54173	2.03681
54174	2.03681
54175	2.03681
54176	2.03681
54177	2.03681
54178	2.0368
54179	2.0368
54180	2.0368
54181	2.0368
54182	2.0368
54183	2.03679
54184	2.03679
54185	2.03679
54186	2.03679
54187	2.03679
54188	2.03679
54189	2.03678
54190	2.03678
54191	2.03678
54192	2.03678
54193	2.03678
54194	2.03678
54195	2.03678
54196	2.03678
54197	2.03678
54198	2.03678
54199	2.03678
54200	2.03678
54201	2.03678
54202	2.03678
54203	2.03678
54204	2.03678
54205	2.03678
54206	2.03678
54207	2.03678
54208	2.03678
54209	2.03678
54210	2.03678
54211	2.03678
54212	2.03678
54213	2.03678
54214	2.03678
54215	2.03679
54216	2.03679
54217	2.03679
54218	2.03679
54219	2.03679
54220	2.03679
54221	2.03679
54222	2.0368
54223	2.0368
54224	2.0368
54225	2.0368
54226	2.0368
54227	2.03681
54228	2.03681
54229	2.03681
54230	2.03681
54231	2.03682
54232	2.03682
54233	2.03682
54234	2.03682
54235	2.03683
54236	2.03683
54237	2.03683
54238	2.03684
54239	2.03684
54240	2.03684
54241	2.03685
54242	2.03685
54243	2.03685
54244	2.03686
54245	2.03686
54246	2.03687
54247	2.03687
54248	2.03687
54249	2.03688
54250	2.03688
54251	2.03689
54252	2.03689
54253	2.0369
54254	2.0369
54255	2.0369
54256	2.03691
54257	2.03691
54258	2.03692
54259	2.03692
54260	2.03693
54261	2.03693
54262	2.03694
54263	2.03695
54264	2.03695
54265	2.03696
54266	2.03696
54267	2.03697
54268	2.03697
54269	2.03698
54270	2.03699
54271	2.03699
54272	2.037
54273	2.03701
54274	2.03701
54275	2.03702
54276	2.03703
54277	2.03703
54278	2.03704
54279	2.03705
54280	2.03705
54281	2.03706
54282	2.03707
54283	2.03707
54284	2.03708
54285	2.03709
54286	2.0371
54287	2.0371
54288	2.03711
54289	2.03712
54290	2.03713
54291	2.03714
54292	2.03714
54293	2.03715
54294	2.03716
54295	2.03717
54296	2.03718
54297	2.03718
54298	2.03719
54299	2.0372
54300	2.03721
54301	2.03722
54302	2.03723
54303	2.03724
54304	2.03725
54305	2.03726
54306	2.03727
54307	2.03727
54308	2.03728
54309	2.03729
54310	2.0373
54311	2.03731
54312	2.03732
54313	2.03733
54314	2.03734
54315	2.03735
54316	2.03736
54317	2.03737
54318	2.03738
54319	2.03739
54320	2.0374
54321	2.03742
54322	2.03743
54323	2.03744
54324	2.03745
54325	2.03746
54326	2.03747
54327	2.03748
54328	2.03749
54329	2.0375
54330	2.03751
54331	2.03753
54332	2.03754
54333	2.03755
54334	2.03756
54335	2.03757
54336	2.03758
54337	2.0376
54338	2.03761
54339	2.03762
54340	2.03763
54341	2.03764
54342	2.03766
54343	2.03767
54344	2.03768
54345	2.03769
54346	2.03771
54347	2.03772
54348	2.03773
54349	2.03774
54350	2.03776
54351	2.03777
54352	2.03778
54353	2.0378
54354	2.03781
54355	2.03782
54356	2.03783
54357	2.03785
54358	2.03786
54359	2.03788
54360	2.03789
54361	2.0379
54362	2.03792
54363	2.03793
54364	2.03794
54365	2.03796
54366	2.03797
54367	2.03799
54368	2.038
54369	2.03801
54370	2.03803
54371	2.03804
54372	2.03806
54373	2.03807
54374	2.03808
54375	2.0381
54376	2.03811
54377	2.03813
54378	2.03814
54379	2.03816
54380	2.03817
54381	2.03819
54382	2.0382
54383	2.03822
54384	2.03823
54385	2.03825
54386	2.03826
54387	2.03828
54388	2.03829
54389	2.03831
54390	2.03832
54391	2.03834
54392	2.03835
54393	2.03837
54394	2.03838
54395	2.0384
54396	2.03841
54397	2.03843
54398	2.03845
54399	2.03846
54400	2.03848
54401	2.03849
54402	2.03851
54403	2.03852
54404	2.03854
54405	2.03855
54406	2.03857
54407	2.03859
54408	2.0386
54409	2.03862
54410	2.03863
54411	2.03865
54412	2.03867
54413	2.03868
54414	2.0387
54415	2.03871
54416	2.03873
54417	2.03874
54418	2.03876
54419	2.03878
54420	2.03879
54421	2.03881
54422	2.03883
54423	2.03884
54424	2.03886
54425	2.03887
54426	2.03889
54427	2.03891
54428	2.03892
54429	2.03894
54430	2.03895
54431	2.03897
54432	2.03899
54433	2.039
54434	2.03902
54435	2.03903
54436	2.03905
54437	2.03907
54438	2.03908
54439	2.0391
54440	2.03911
54441	2.03913
54442	2.03915
54443	2.03916
54444	2.03918
54445	2.03919
54446	2.03921
54447	2.03922
54448	2.03924
54449	2.03926
54450	2.03927
54451	2.03929
54452	2.0393
54453	2.03932
54454	2.03933
54455	2.03935
54456	2.03937
54457	2.03938
54458	2.0394
54459	2.03941
54460	2.03943
54461	2.03944
54462	2.03946
54463	2.03947
54464	2.03949
54465	2.0395
54466	2.03952
54467	2.03953
54468	2.03955
54469	2.03956
54470	2.03958
54471	2.03959
54472	2.03961
54473	2.03962
54474	2.03964
54475	2.03965
54476	2.03966
54477	2.03968
54478	2.03969
54479	2.03971
54480	2.03972
54481	2.03973
54482	2.03975
54483	2.03976
54484	2.03978
54485	2.03979
54486	2.0398
54487	2.03982
54488	2.03983
54489	2.03984
54490	2.03986
54491	2.03987
54492	2.03988
54493	2.0399
54494	2.03991
54495	2.03992
54496	2.03993
54497	2.03995
54498	2.03996
54499	2.03997
54500	2.03998
54501	2.04
54502	2.04001
54503	2.04002
54504	2.04003
54505	2.04004
54506	2.04005
54507	2.04007
54508	2.04008
54509	2.04009
54510	2.0401
54511	2.04011
54512	2.04012
54513	2.04013
54514	2.04014
54515	2.04015
54516	2.04016
54517	2.04017
54518	2.04018
54519	2.04019
54520	2.0402
54521	2.04021
54522	2.04022
54523	2.04023
54524	2.04024
54525	2.04025
54526	2.04026
54527	2.04027
54528	2.04027
54529	2.04028
54530	2.04029
54531	2.0403
54532	2.04031
54533	2.04031
54534	2.04032
54535	2.04033
54536	2.04034
54537	2.04034
54538	2.04035
54539	2.04036
54540	2.04036
54541	2.04037
54542	2.04038
54543	2.04038
54544	2.04039
54545	2.04039
54546	2.0404
54547	2.04041
54548	2.04041
54549	2.04042
54550	2.04042
54551	2.04043
54552	2.04043
54553	2.04043
54554	2.04044
54555	2.04044
54556	2.04045
54557	2.04045
54558	2.04045
54559	2.04046
54560	2.04046
54561	2.04046
54562	2.04046
54563	2.04047
54564	2.04047
54565	2.04047
54566	2.04047
54567	2.04047
54568	2.04048
54569	2.04048
54570	2.04048
54571	2.04048
54572	2.04048
54573	2.04048
54574	2.04048
54575	2.04048
54576	2.04048
54577	2.04048
54578	2.04048
54579	2.04048
54580	2.04048
54581	2.04048
54582	2.04048
54583	2.04047
54584	2.04047
54585	2.04047
54586	2.04047
54587	2.04047
54588	2.04046
54589	2.04046
54590	2.04046
54591	2.04045
54592	2.04045
54593	2.04045
54594	2.04044
54595	2.04044
54596	2.04043
54597	2.04043
54598	2.04043
54599	2.04042
54600	2.04042
54601	2.04041
54602	2.0404
54603	2.0404
54604	2.04039
54605	2.04039
54606	2.04038
54607	2.04037
54608	2.04037
54609	2.04036
54610	2.04035
54611	2.04034
54612	2.04034
54613	2.04033
54614	2.04032
54615	2.04031
54616	2.0403
54617	2.04029
54618	2.04029
54619	2.04028
54620	2.04027
54621	2.04026
54622	2.04025
54623	2.04024
54624	2.04023
54625	2.04022
54626	2.04021
54627	2.0402
54628	2.04018
54629	2.04017
54630	2.04016
54631	2.04015
54632	2.04014
54633	2.04013
54634	2.04011
54635	2.0401
54636	2.04009
54637	2.04007
54638	2.04006
54639	2.04005
54640	2.04003
54641	2.04002
54642	2.04001
54643	2.03999
54644	2.03998
54645	2.03996
54646	2.03995
54647	2.03993
54648	2.03992
54649	2.0399
54650	2.03989
54651	2.03987
54652	2.03986
54653	2.03984
54654	2.03982
54655	2.03981
54656	2.03979
54657	2.03977
54658	2.03976
54659	2.03974
54660	2.03972
54661	2.0397
54662	2.03969
54663	2.03967
54664	2.03965
54665	2.03963
54666	2.03961
54667	2.03959
54668	2.03958
54669	2.03956
54670	2.03954
54671	2.03952
54672	2.0395
54673	2.03948
54674	2.03946
54675	2.03944
54676	2.03942
54677	2.0394
54678	2.03938
54679	2.03936
54680	2.03934
54681	2.03931
54682	2.03929
54683	2.03927
54684	2.03925
54685	2.03923
54686	2.03921
54687	2.03919
54688	2.03916
54689	2.03914
54690	2.03912
54691	2.0391
54692	2.03907
54693	2.03905
54694	2.03903
54695	2.039
54696	2.03898
54697	2.03896
54698	2.03893
54699	2.03891
54700	2.03889
54701	2.03886
54702	2.03884
54703	2.03882
54704	2.03879
54705	2.03877
54706	2.03874
54707	2.03872
54708	2.03869
54709	2.03867
54710	2.03864
54711	2.03862
54712	2.0386
54713	2.03857
54714	2.03854
54715	2.03852
54716	2.03849
54717	2.03847
54718	2.03844
54719	2.03842
54720	2.03839
54721	2.03837
54722	2.03834
54723	2.03831
54724	2.03829
54725	2.03826
54726	2.03824
54727	2.03821
54728	2.03818
54729	2.03816
54730	2.03813
54731	2.0381
54732	2.03808
54733	2.03805
54734	2.03803
54735	2.038
54736	2.03797
54737	2.03794
54738	2.03792
54739	2.03789
54740	2.03786
54741	2.03784
54742	2.03781
54743	2.03778
54744	2.03776
54745	2.03773
54746	2.0377
54747	2.03768
54748	2.03765
54749	2.03762
54750	2.03759
54751	2.03757
54752	2.03754
54753	2.03751
54754	2.03749
54755	2.03746
54756	2.03743
54757	2.0374
54758	2.03738
54759	2.03735
54760	2.03732
54761	2.0373
54762	2.03727
54763	2.03724
54764	2.03721
54765	2.03719
54766	2.03716
54767	2.03713
54768	2.03711
54769	2.03708
54770	2.03705
54771	2.03702
54772	2.037
54773	2.03697
54774	2.03694
54775	2.03692
54776	2.03689
54777	2.03686
54778	2.03684
54779	2.03681
54780	2.03678
54781	2.03676
54782	2.03673
54783	2.0367
54784	2.03668
54785	2.03665
54786	2.03663
54787	2.0366
54788	2.03657
54789	2.03655
54790	2.03652
54791	2.0365
54792	2.03647
54793	2.03644
54794	2.03642
54795	2.03639
54796	2.03637
54797	2.03634
54798	2.03632
54799	2.03629
54800	2.03627
54801	2.03624
54802	2.03622
54803	2.03619
54804	2.03617
54805	2.03614
54806	2.03612
54807	2.03609
54808	2.03607
54809	2.03604
54810	2.03602
54811	2.036
54812	2.03597
54813	2.03595
54814	2.03593
54815	2.0359
54816	2.03588
54817	2.03586
54818	2.03583
54819	2.03581
54820	2.03579
54821	2.03576
54822	2.03574
54823	2.03572
54824	2.0357
54825	2.03567
54826	2.03565
54827	2.03563
54828	2.03561
54829	2.03559
54830	2.03556
54831	2.03554
54832	2.03552
54833	2.0355
54834	2.03548
54835	2.03546
54836	2.03544
54837	2.03542
54838	2.0354
54839	2.03538
54840	2.03536
54841	2.03534
54842	2.03532
54843	2.0353
54844	2.03528
54845	2.03526
54846	2.03524
54847	2.03522
54848	2.0352
54849	2.03519
54850	2.03517
54851	2.03515
54852	2.03513
54853	2.03511
54854	2.0351
54855	2.03508
54856	2.03506
54857	2.03504
54858	2.03503
54859	2.03501
54860	2.03499
54861	2.03498
54862	2.03496
54863	2.03495
54864	2.03493
54865	2.03491
54866	2.0349
54867	2.03488
54868	2.03487
54869	2.03485
54870	2.03484
54871	2.03482
54872	2.03481
54873	2.0348
54874	2.03478
54875	2.03477
54876	2.03475
54877	2.03474
54878	2.03473
54879	2.03471
54880	2.0347
54881	2.03469
54882	2.03468
54883	2.03467
54884	2.03465
54885	2.03464
54886	2.03463
54887	2.03462
54888	2.03461
54889	2.0346
54890	2.03459
54891	2.03458
54892	2.03456
54893	2.03455
54894	2.03454
54895	2.03453
54896	2.03453
54897	2.03452
54898	2.03451
54899	2.0345
54900	2.03449
54901	2.03448
54902	2.03447
54903	2.03446
54904	2.03446
54905	2.03445
54906	2.03444
54907	2.03443
54908	2.03443
54909	2.03442
54910	2.03441
54911	2.03441
54912	2.0344
54913	2.03439
54914	2.03439
54915	2.03438
54916	2.03438
54917	2.03437
54918	2.03437
54919	2.03436
54920	2.03436
54921	2.03435
54922	2.03435
54923	2.03434
54924	2.03434
54925	2.03434
54926	2.03433
54927	2.03433
54928	2.03433
54929	2.03432
54930	2.03432
54931	2.03432
54932	2.03432
54933	2.03431
54934	2.03431
54935	2.03431
54936	2.03431
54937	2.03431
54938	2.03431
54939	2.0343
54940	2.0343
54941	2.0343
54942	2.0343
54943	2.0343
54944	2.0343
54945	2.0343
54946	2.0343
54947	2.0343
54948	2.0343
54949	2.0343
54950	2.03431
54951	2.03431
54952	2.03431
54953	2.03431
54954	2.03431
54955	2.03431
54956	2.03432
54957	2.03432
54958	2.03432
54959	2.03432
54960	2.03433
54961	2.03433
54962	2.03433
54963	2.03434
54964	2.03434
54965	2.03434
54966	2.03435
54967	2.03435
54968	2.03435
54969	2.03436
54970	2.03436
54971	2.03437
54972	2.03437
54973	2.03438
54974	2.03438
54975	2.03439
54976	2.03439
54977	2.0344
54978	2.0344
54979	2.03441
54980	2.03442
54981	2.03442
54982	2.03443
54983	2.03444
54984	2.03444
54985	2.03445
54986	2.03446
54987	2.03446
54988	2.03447
54989	2.03448
54990	2.03449
54991	2.03449
54992	2.0345
54993	2.03451
54994	2.03452
54995	2.03453
54996	2.03453
54997	2.03454
54998	2.03455
54999	2.03456
55000	2.03457
55001	2.03458
55002	2.03459
55003	2.0346
55004	2.0346
55005	2.03461
55006	2.03462
55007	2.03463
55008	2.03464
55009	2.03465
55010	2.03466
55011	2.03467
55012	2.03468
55013	2.03469
55014	2.0347
55015	2.03471
55016	2.03473
55017	2.03474
55018	2.03475
55019	2.03476
55020	2.03477
55021	2.03478
55022	2.03479
55023	2.0348
55024	2.03481
55025	2.03483
55026	2.03484
55027	2.03485
55028	2.03486
55029	2.03487
55030	2.03489
55031	2.0349
55032	2.03491
55033	2.03492
55034	2.03493
55035	2.03495
55036	2.03496
55037	2.03497
55038	2.03498
55039	2.035
55040	2.03501
55041	2.03502
55042	2.03504
55043	2.03505
55044	2.03506
55045	2.03507
55046	2.03509
55047	2.0351
55048	2.03511
55049	2.03513
55050	2.03514
55051	2.03515
55052	2.03517
55053	2.03518
55054	2.0352
55055	2.03521
55056	2.03522
55057	2.03524
55058	2.03525
55059	2.03526
55060	2.03528
55061	2.03529
55062	2.03531
55063	2.03532
55064	2.03533
55065	2.03535
55066	2.03536
55067	2.03538
55068	2.03539
55069	2.0354
55070	2.03542
55071	2.03543
55072	2.03545
55073	2.03546
55074	2.03548
55075	2.03549
55076	2.0355
55077	2.03552
55078	2.03553
55079	2.03555
55080	2.03556
55081	2.03558
55082	2.03559
55083	2.03561
55084	2.03562
55085	2.03564
55086	2.03565
55087	2.03566
55088	2.03568
55089	2.03569
55090	2.03571
55091	2.03572
55092	2.03574
55093	2.03575
55094	2.03577
55095	2.03578
55096	2.0358
55097	2.03581
55098	2.03582
55099	2.03584
55100	2.03585
55101	2.03587
55102	2.03588
55103	2.0359
55104	2.03591
55105	2.03593
55106	2.03594
55107	2.03595
55108	2.03597
55109	2.03598
55110	2.036
55111	2.03601
55112	2.03603
55113	2.03604
55114	2.03606
55115	2.03607
55116	2.03608
55117	2.0361
55118	2.03611
55119	2.03613
55120	2.03614
55121	2.03616
55122	2.03617
55123	2.03618
55124	2.0362
55125	2.03621
55126	2.03623
55127	2.03624
55128	2.03625
55129	2.03627
55130	2.03628
55131	2.03629
55132	2.03631
55133	2.03632
55134	2.03634
55135	2.03635
55136	2.03636
55137	2.03638
55138	2.03639
55139	2.0364
55140	2.03642
55141	2.03643
55142	2.03644
55143	2.03646
55144	2.03647
55145	2.03648
55146	2.0365
55147	2.03651
55148	2.03652
55149	2.03654
55150	2.03655
55151	2.03656
55152	2.03657
55153	2.03659
55154	2.0366
55155	2.03661
55156	2.03663
55157	2.03664
55158	2.03665
55159	2.03666
55160	2.03668
55161	2.03669
55162	2.0367
55163	2.03671
55164	2.03672
55165	2.03674
55166	2.03675
55167	2.03676
55168	2.03677
55169	2.03678
55170	2.0368
55171	2.03681
55172	2.03682
55173	2.03683
55174	2.03684
55175	2.03685
55176	2.03687
55177	2.03688
55178	2.03689
55179	2.0369
55180	2.03691
55181	2.03692
55182	2.03693
55183	2.03694
55184	2.03695
55185	2.03696
55186	2.03698
55187	2.03699
55188	2.037
55189	2.03701
55190	2.03702
55191	2.03703
55192	2.03704
55193	2.03705
55194	2.03706
55195	2.03707
55196	2.03708
55197	2.03709
55198	2.0371
55199	2.03711
55200	2.03712
55201	2.03713
55202	2.03714
55203	2.03715
55204	2.03716
55205	2.03717
55206	2.03717
55207	2.03718
55208	2.03719
55209	2.0372
55210	2.03721
55211	2.03722
55212	2.03723
55213	2.03724
55214	2.03725
55215	2.03725
55216	2.03726
55217	2.03727
55218	2.03728
55219	2.03729
55220	2.0373
55221	2.0373
55222	2.03731
55223	2.03732
55224	2.03733
55225	2.03734
55226	2.03734
55227	2.03735
55228	2.03736
55229	2.03737
55230	2.03737
55231	2.03738
55232	2.03739
55233	2.03739
55234	2.0374
55235	2.03741
55236	2.03742
55237	2.03742
55238	2.03743
55239	2.03744
55240	2.03744
55241	2.03745
55242	2.03745
55243	2.03746
55244	2.03747
55245	2.03747
55246	2.03748
55247	2.03749
55248	2.03749
55249	2.0375
55250	2.0375
55251	2.03751
55252	2.03751
55253	2.03752
55254	2.03752
55255	2.03753
55256	2.03754
55257	2.03754
55258	2.03755
55259	2.03755
55260	2.03756
55261	2.03756
55262	2.03757
55263	2.03757
55264	2.03757
55265	2.03758
55266	2.03758
55267	2.03759
55268	2.03759
55269	2.0376
55270	2.0376
55271	2.0376
55272	2.03761
55273	2.03761
55274	2.03762
55275	2.03762
55276	2.03762
55277	2.03763
55278	2.03763
55279	2.03763
55280	2.03764
55281	2.03764
55282	2.03764
55283	2.03765
55284	2.03765
55285	2.03765
55286	2.03765
55287	2.03766
55288	2.03766
55289	2.03766
55290	2.03767
55291	2.03767
55292	2.03767
55293	2.03767
55294	2.03767
55295	2.03768
55296	2.03768
55297	2.03768
55298	2.03768
55299	2.03768
55300	2.03769
55301	2.03769
55302	2.03769
55303	2.03769
55304	2.03769
55305	2.03769
55306	2.03769
55307	2.0377
55308	2.0377
55309	2.0377
55310	2.0377
55311	2.0377
55312	2.0377
55313	2.0377
55314	2.0377
55315	2.0377
55316	2.0377
55317	2.0377
55318	2.0377
55319	2.0377
55320	2.0377
55321	2.0377
55322	2.0377
55323	2.0377
55324	2.0377
55325	2.0377
55326	2.0377
55327	2.0377
55328	2.0377
55329	2.0377
55330	2.0377
55331	2.0377
55332	2.0377
55333	2.0377
55334	2.0377
55335	2.03769
55336	2.03769
55337	2.03769
55338	2.03769
55339	2.03769
55340	2.03769
55341	2.03769
55342	2.03768
55343	2.03768
55344	2.03768
55345	2.03768
55346	2.03768
55347	2.03768
55348	2.03767
55349	2.03767
55350	2.03767
55351	2.03767
55352	2.03766
55353	2.03766
55354	2.03766
55355	2.03766
55356	2.03765
55357	2.03765
55358	2.03765
55359	2.03765
55360	2.03764
55361	2.03764
55362	2.03764
55363	2.03763
55364	2.03763
55365	2.03763
55366	2.03762
55367	2.03762
55368	2.03762
55369	2.03761
55370	2.03761
55371	2.0376
55372	2.0376
55373	2.0376
55374	2.03759
55375	2.03759
55376	2.03758
55377	2.03758
55378	2.03757
55379	2.03757
55380	2.03757
55381	2.03756
55382	2.03756
55383	2.03755
55384	2.03755
55385	2.03754
55386	2.03754
55387	2.03753
55388	2.03753
55389	2.03752
55390	2.03752
55391	2.03751
55392	2.0375
55393	2.0375
55394	2.03749
55395	2.03749
55396	2.03748
55397	2.03748
55398	2.03747
55399	2.03746
55400	2.03746
55401	2.03745
55402	2.03745
55403	2.03744
55404	2.03743
55405	2.03743
55406	2.03742
55407	2.03741
55408	2.03741
55409	2.0374
55410	2.03739
55411	2.03739
55412	2.03738
55413	2.03737
55414	2.03737
55415	2.03736
55416	2.03735
55417	2.03734
55418	2.03734
55419	2.03733
55420	2.03732
55421	2.03732
55422	2.03731
55423	2.0373
55424	2.03729
55425	2.03728
55426	2.03728
55427	2.03727
55428	2.03726
55429	2.03725
55430	2.03724
55431	2.03724
55432	2.03723
55433	2.03722
55434	2.03721
55435	2.0372
55436	2.03719
55437	2.03718
55438	2.03718
55439	2.03717
55440	2.03716
55441	2.03715
55442	2.03714
55443	2.03713
55444	2.03712
55445	2.03711
55446	2.0371
55447	2.03709
55448	2.03709
55449	2.03708
55450	2.03707
55451	2.03706
55452	2.03705
55453	2.03704
55454	2.03703
55455	2.03702
55456	2.03701
55457	2.037
55458	2.03699
55459	2.03698
55460	2.03697
55461	2.03696
55462	2.03695
55463	2.03694
55464	2.03693
55465	2.03692
55466	2.03691
55467	2.0369
55468	2.03689
55469	2.03688
55470	2.03686
55471	2.03685
55472	2.03684
55473	2.03683
55474	2.03682
55475	2.03681
55476	2.0368
55477	2.03679
55478	2.03678
55479	2.03677
55480	2.03676
55481	2.03674
55482	2.03673
55483	2.03672
55484	2.03671
55485	2.0367
55486	2.03669
55487	2.03668
55488	2.03666
55489	2.03665
55490	2.03664
55491	2.03663
55492	2.03662
55493	2.03661
55494	2.03659
55495	2.03658
55496	2.03657
55497	2.03656
55498	2.03655
55499	2.03654
55500	2.03652
55501	2.03651
55502	2.0365
55503	2.03649
55504	2.03647
55505	2.03646
55506	2.03645
55507	2.03644
55508	2.03643
55509	2.03641
55510	2.0364
55511	2.03639
55512	2.03638
55513	2.03636
55514	2.03635
55515	2.03634
55516	2.03633
55517	2.03631
55518	2.0363
55519	2.03629
55520	2.03628
55521	2.03626
55522	2.03625
55523	2.03624
55524	2.03623
55525	2.03621
55526	2.0362
55527	2.03619
55528	2.03618
55529	2.03616
55530	2.03615
55531	2.03614
55532	2.03613
55533	2.03611
55534	2.0361
55535	2.03609
55536	2.03607
55537	2.03606
55538	2.03605
55539	2.03604
55540	2.03602
55541	2.03601
55542	2.036
55543	2.03599
55544	2.03597
55545	2.03596
55546	2.03595
55547	2.03593
55548	2.03592
55549	2.03591
55550	2.0359
55551	2.03588
55552	2.03587
55553	2.03586
55554	2.03585
55555	2.03583
55556	2.03582
55557	2.03581
55558	2.0358
55559	2.03578
55560	2.03577
55561	2.03576
55562	2.03575
55563	2.03573
55564	2.03572
55565	2.03571
55566	2.0357
55567	2.03568
55568	2.03567
55569	2.03566
55570	2.03565
55571	2.03564
55572	2.03562
55573	2.03561
55574	2.0356
55575	2.03559
55576	2.03558
55577	2.03556
55578	2.03555
55579	2.03554
55580	2.03553
55581	2.03552
55582	2.0355
55583	2.03549
55584	2.03548
55585	2.03547
55586	2.03546
55587	2.03545
55588	2.03544
55589	2.03542
55590	2.03541
55591	2.0354
55592	2.03539
55593	2.03538
55594	2.03537
55595	2.03536
55596	2.03535
55597	2.03534
55598	2.03533
55599	2.03531
55600	2.0353
55601	2.03529
55602	2.03528
55603	2.03527
55604	2.03526
55605	2.03525
55606	2.03524
55607	2.03523
55608	2.03522
55609	2.03521
55610	2.0352
55611	2.03519
55612	2.03518
55613	2.03517
55614	2.03516
55615	2.03515
55616	2.03515
55617	2.03514
55618	2.03513
55619	2.03512
55620	2.03511
55621	2.0351
55622	2.03509
55623	2.03508
55624	2.03508
55625	2.03507
55626	2.03506
55627	2.03505
55628	2.03504
55629	2.03503
55630	2.03503
55631	2.03502
55632	2.03501
55633	2.035
55634	2.035
55635	2.03499
55636	2.03498
55637	2.03498
55638	2.03497
55639	2.03496
55640	2.03496
55641	2.03495
55642	2.03494
55643	2.03494
55644	2.03493
55645	2.03492
55646	2.03492
55647	2.03491
55648	2.03491
55649	2.0349
55650	2.0349
55651	2.03489
55652	2.03489
55653	2.03488
55654	2.03488
55655	2.03487
55656	2.03487
55657	2.03486
55658	2.03486
55659	2.03485
55660	2.03485
55661	2.03485
55662	2.03484
55663	2.03484
55664	2.03484
55665	2.03483
55666	2.03483
55667	2.03483
55668	2.03482
55669	2.03482
55670	2.03482
55671	2.03482
55672	2.03482
55673	2.03481
55674	2.03481
55675	2.03481
55676	2.03481
55677	2.03481
55678	2.03481
55679	2.03481
55680	2.0348
55681	2.0348
55682	2.0348
55683	2.0348
55684	2.0348
55685	2.0348
55686	2.0348
55687	2.0348
55688	2.0348
55689	2.0348
55690	2.0348
55691	2.03481
55692	2.03481
55693	2.03481
55694	2.03481
55695	2.03481
55696	2.03481
55697	2.03482
55698	2.03482
55699	2.03482
55700	2.03482
55701	2.03483
55702	2.03483
55703	2.03483
55704	2.03483
55705	2.03484
55706	2.03484
55707	2.03485
55708	2.03485
55709	2.03485
55710	2.03486
55711	2.03486
55712	2.03487
55713	2.03487
55714	2.03488
55715	2.03488
55716	2.03489
55717	2.03489
55718	2.0349
55719	2.0349
55720	2.03491
55721	2.03492
55722	2.03492
55723	2.03493
55724	2.03494
55725	2.03494
55726	2.03495
55727	2.03496
55728	2.03497
55729	2.03497
55730	2.03498
55731	2.03499
55732	2.035
55733	2.03501
55734	2.03501
55735	2.03502
55736	2.03503
55737	2.03504
55738	2.03505
55739	2.03506
55740	2.03507
55741	2.03508
55742	2.03509
55743	2.0351
55744	2.03511
55745	2.03512
55746	2.03513
55747	2.03514
55748	2.03515
55749	2.03516
55750	2.03517
55751	2.03519
55752	2.0352
55753	2.03521
55754	2.03522
55755	2.03523
55756	2.03525
55757	2.03526
55758	2.03527
55759	2.03528
55760	2.0353
55761	2.03531
55762	2.03532
55763	2.03534
55764	2.03535
55765	2.03537
55766	2.03538
55767	2.03539
55768	2.03541
55769	2.03542
55770	2.03544
55771	2.03545
55772	2.03547
55773	2.03548
55774	2.0355
55775	2.03551
55776	2.03553
55777	2.03554
55778	2.03556
55779	2.03558
55780	2.03559
55781	2.03561
55782	2.03562
55783	2.03564
55784	2.03566
55785	2.03568
55786	2.03569
55787	2.03571
55788	2.03573
55789	2.03574
55790	2.03576
55791	2.03578
55792	2.0358
55793	2.03582
55794	2.03583
55795	2.03585
55796	2.03587
55797	2.03589
55798	2.03591
55799	2.03593
55800	2.03595
55801	2.03596
55802	2.03598
55803	2.036
55804	2.03602
55805	2.03604
55806	2.03606
55807	2.03608
55808	2.0361
55809	2.03612
55810	2.03614
55811	2.03616
55812	2.03618
55813	2.0362
55814	2.03622
55815	2.03624
55816	2.03626
55817	2.03628
55818	2.03631
55819	2.03633
55820	2.03635
55821	2.03637
55822	2.03639
55823	2.03641
55824	2.03643
55825	2.03645
55826	2.03648
55827	2.0365
55828	2.03652
55829	2.03654
55830	2.03656
55831	2.03658
55832	2.03661
55833	2.03663
55834	2.03665
55835	2.03667
55836	2.0367
55837	2.03672
55838	2.03674
55839	2.03676
55840	2.03679
55841	2.03681
55842	2.03683
55843	2.03685
55844	2.03688
55845	2.0369
55846	2.03692
55847	2.03694
55848	2.03697
55849	2.03699
55850	2.03701
55851	2.03704
55852	2.03706
55853	2.03708
55854	2.03711
55855	2.03713
55856	2.03715
55857	2.03718
55858	2.0372
55859	2.03722
55860	2.03725
55861	2.03727
55862	2.03729
55863	2.03732
55864	2.03734
55865	2.03736
55866	2.03739
55867	2.03741
55868	2.03743
55869	2.03746
55870	2.03748
55871	2.0375
55872	2.03753
55873	2.03755
55874	2.03757
55875	2.0376
55876	2.03762
55877	2.03764
55878	2.03767
55879	2.03769
55880	2.03771
55881	2.03774
55882	2.03776
55883	2.03778
55884	2.03781
55885	2.03783
55886	2.03785
55887	2.03788
55888	2.0379
55889	2.03792
55890	2.03795
55891	2.03797
55892	2.03799
55893	2.03801
55894	2.03804
55895	2.03806
55896	2.03808
55897	2.03811
55898	2.03813
55899	2.03815
55900	2.03817
55901	2.0382
55902	2.03822
55903	2.03824
55904	2.03826
55905	2.03829
55906	2.03831
55907	2.03833
55908	2.03835
55909	2.03837
55910	2.0384
55911	2.03842
55912	2.03844
55913	2.03846
55914	2.03848
55915	2.0385
55916	2.03853
55917	2.03855
55918	2.03857
55919	2.03859
55920	2.03861
55921	2.03863
55922	2.03865
55923	2.03867
55924	2.03869
55925	2.03871
55926	2.03873
55927	2.03875
55928	2.03878
55929	2.0388
55930	2.03882
55931	2.03884
55932	2.03886
55933	2.03887
55934	2.03889
55935	2.03891
55936	2.03893
55937	2.03895
55938	2.03897
55939	2.03899
55940	2.03901
55941	2.03903
55942	2.03905
55943	2.03907
55944	2.03908
55945	2.0391
55946	2.03912
55947	2.03914
55948	2.03916
55949	2.03917
55950	2.03919
55951	2.03921
55952	2.03923
55953	2.03924
55954	2.03926
55955	2.03928
55956	2.03929
55957	2.03931
55958	2.03933
55959	2.03934
55960	2.03936
55961	2.03938
55962	2.03939
55963	2.03941
55964	2.03942
55965	2.03944
55966	2.03945
55967	2.03947
55968	2.03948
55969	2.0395
55970	2.03951
55971	2.03953
55972	2.03954
55973	2.03956
55974	2.03957
55975	2.03959
55976	2.0396
55977	2.03961
55978	2.03963
55979	2.03964
55980	2.03965
55981	2.03967
55982	2.03968
55983	2.03969
55984	2.0397
55985	2.03972
55986	2.03973
55987	2.03974
55988	2.03975
55989	2.03976
55990	2.03977
55991	2.03979
55992	2.0398
55993	2.03981
55994	2.03982
55995	2.03983
55996	2.03984
55997	2.03985
55998	2.03986
55999	2.03987
56000	2.03988
56001	2.03989
56002	2.0399
56003	2.03991
56004	2.03992
56005	2.03992
56006	2.03993
56007	2.03994
56008	2.03995
56009	2.03996
56010	2.03997
56011	2.03997
56012	2.03998
56013	2.03999
56014	2.04
56015	2.04
56016	2.04001
56017	2.04002
56018	2.04002
56019	2.04003
56020	2.04003
56021	2.04004
56022	2.04005
56023	2.04005
56024	2.04006
56025	2.04006
56026	2.04007
56027	2.04007
56028	2.04008
56029	2.04008
56030	2.04009
56031	2.04009
56032	2.04009
56033	2.0401
56034	2.0401
56035	2.04011
56036	2.04011
56037	2.04011
56038	2.04011
56039	2.04012
56040	2.04012
56041	2.04012
56042	2.04012
56043	2.04013
56044	2.04013
56045	2.04013
56046	2.04013
56047	2.04013
56048	2.04013
56049	2.04014
56050	2.04014
56051	2.04014
56052	2.04014
56053	2.04014
56054	2.04014
56055	2.04014
56056	2.04014
56057	2.04014
56058	2.04014
56059	2.04014
56060	2.04014
56061	2.04014
56062	2.04013
56063	2.04013
56064	2.04013
56065	2.04013
56066	2.04013
56067	2.04013
56068	2.04012
56069	2.04012
56070	2.04012
56071	2.04012
56072	2.04012
56073	2.04011
56074	2.04011
56075	2.04011
56076	2.0401
56077	2.0401
56078	2.0401
56079	2.04009
56080	2.04009
56081	2.04008
56082	2.04008
56083	2.04008
56084	2.04007
56085	2.04007
56086	2.04006
56087	2.04006
56088	2.04005
56089	2.04005
56090	2.04004
56091	2.04004
56092	2.04003
56093	2.04003
56094	2.04002
56095	2.04001
56096	2.04001
56097	2.04
56098	2.04
56099	2.03999
56100	2.03998
56101	2.03998
56102	2.03997
56103	2.03996
56104	2.03996
56105	2.03995
56106	2.03994
56107	2.03993
56108	2.03993
56109	2.03992
56110	2.03991
56111	2.0399
56112	2.0399
56113	2.03989
56114	2.03988
56115	2.03987
56116	2.03986
56117	2.03985
56118	2.03985
56119	2.03984
56120	2.03983
56121	2.03982
56122	2.03981
56123	2.0398
56124	2.03979
56125	2.03978
56126	2.03977
56127	2.03976
56128	2.03975
56129	2.03974
56130	2.03974
56131	2.03973
56132	2.03972
56133	2.03971
56134	2.0397
56135	2.03969
56136	2.03968
56137	2.03966
56138	2.03965
56139	2.03964
56140	2.03963
56141	2.03962
56142	2.03961
56143	2.0396
56144	2.03959
56145	2.03958
56146	2.03957
56147	2.03956
56148	2.03955
56149	2.03954
56150	2.03953
56151	2.03951
56152	2.0395
56153	2.03949
56154	2.03948
56155	2.03947
56156	2.03946
56157	2.03945
56158	2.03943
56159	2.03942
56160	2.03941
56161	2.0394
56162	2.03939
56163	2.03938
56164	2.03936
56165	2.03935
56166	2.03934
56167	2.03933
56168	2.03932
56169	2.0393
56170	2.03929
56171	2.03928
56172	2.03927
56173	2.03926
56174	2.03924
56175	2.03923
56176	2.03922
56177	2.03921
56178	2.0392
56179	2.03918
56180	2.03917
56181	2.03916
56182	2.03915
56183	2.03913
56184	2.03912
56185	2.03911
56186	2.0391
56187	2.03908
56188	2.03907
56189	2.03906
56190	2.03905
56191	2.03903
56192	2.03902
56193	2.03901
56194	2.039
56195	2.03899
56196	2.03897
56197	2.03896
56198	2.03895
56199	2.03894
56200	2.03892
56201	2.03891
56202	2.0389
56203	2.03889
56204	2.03887
56205	2.03886
56206	2.03885
56207	2.03884
56208	2.03882
56209	2.03881
56210	2.0388
56211	2.03879
56212	2.03878
56213	2.03876
56214	2.03875
56215	2.03874
56216	2.03873
56217	2.03872
56218	2.0387
56219	2.03869
56220	2.03868
56221	2.03867
56222	2.03866
56223	2.03864
56224	2.03863
56225	2.03862
56226	2.03861
56227	2.0386
56228	2.03858
56229	2.03857
56230	2.03856
56231	2.03855
56232	2.03854
56233	2.03853
56234	2.03852
56235	2.0385
56236	2.03849
56237	2.03848
56238	2.03847
56239	2.03846
56240	2.03845
56241	2.03844
56242	2.03843
56243	2.03841
56244	2.0384
56245	2.03839
56246	2.03838
56247	2.03837
56248	2.03836
56249	2.03835
56250	2.03834
56251	2.03833
56252	2.03832
56253	2.03831
56254	2.0383
56255	2.03829
56256	2.03828
56257	2.03827
56258	2.03826
56259	2.03825
56260	2.03824
56261	2.03823
56262	2.03822
56263	2.03821
56264	2.0382
56265	2.03819
56266	2.03818
56267	2.03817
56268	2.03816
56269	2.03815
56270	2.03814
56271	2.03813
56272	2.03812
56273	2.03811
56274	2.0381
56275	2.0381
56276	2.03809
56277	2.03808
56278	2.03807
56279	2.03806
56280	2.03805
56281	2.03804
56282	2.03804
56283	2.03803
56284	2.03802
56285	2.03801
56286	2.038
56287	2.038
56288	2.03799
56289	2.03798
56290	2.03797
56291	2.03797
56292	2.03796
56293	2.03795
56294	2.03794
56295	2.03794
56296	2.03793
56297	2.03792
56298	2.03791
56299	2.03791
56300	2.0379
56301	2.03789
56302	2.03789
56303	2.03788
56304	2.03788
56305	2.03787
56306	2.03786
56307	2.03786
56308	2.03785
56309	2.03784
56310	2.03784
56311	2.03783
56312	2.03783
56313	2.03782
56314	2.03782
56315	2.03781
56316	2.03781
56317	2.0378
56318	2.0378
56319	2.03779
56320	2.03779
56321	2.03778
56322	2.03778
56323	2.03777
56324	2.03777
56325	2.03776
56326	2.03776
56327	2.03775
56328	2.03775
56329	2.03775
56330	2.03774
56331	2.03774
56332	2.03773
56333	2.03773
56334	2.03773
56335	2.03772
56336	2.03772
56337	2.03772
56338	2.03771
56339	2.03771
56340	2.03771
56341	2.03771
56342	2.0377
56343	2.0377
56344	2.0377
56345	2.0377
56346	2.03769
56347	2.03769
56348	2.03769
56349	2.03769
56350	2.03769
56351	2.03768
56352	2.03768
56353	2.03768
56354	2.03768
56355	2.03768
56356	2.03768
56357	2.03767
56358	2.03767
56359	2.03767
56360	2.03767
56361	2.03767
56362	2.03767
56363	2.03767
56364	2.03767
56365	2.03767
56366	2.03767
56367	2.03767
56368	2.03767
56369	2.03767
56370	2.03767
56371	2.03767
56372	2.03767
56373	2.03767
56374	2.03767
56375	2.03767
56376	2.03767
56377	2.03767
56378	2.03767
56379	2.03767
56380	2.03767
56381	2.03767
56382	2.03768
56383	2.03768
56384	2.03768
56385	2.03768
56386	2.03768
56387	2.03768
56388	2.03769
56389	2.03769
56390	2.03769
56391	2.03769
56392	2.03769
56393	2.0377
56394	2.0377
56395	2.0377
56396	2.0377
56397	2.03771
56398	2.03771
56399	2.03771
56400	2.03771
56401	2.03772
56402	2.03772
56403	2.03772
56404	2.03773
56405	2.03773
56406	2.03773
56407	2.03774
56408	2.03774
56409	2.03774
56410	2.03775
56411	2.03775
56412	2.03776
56413	2.03776
56414	2.03776
56415	2.03777
56416	2.03777
56417	2.03778
56418	2.03778
56419	2.03779
56420	2.03779
56421	2.0378
56422	2.0378
56423	2.03781
56424	2.03781
56425	2.03782
56426	2.03782
56427	2.03783
56428	2.03783
56429	2.03784
56430	2.03784
56431	2.03785
56432	2.03785
56433	2.03786
56434	2.03786
56435	2.03787
56436	2.03788
56437	2.03788
56438	2.03789
56439	2.03789
56440	2.0379
56441	2.03791
56442	2.03791
56443	2.03792
56444	2.03793
56445	2.03793
56446	2.03794
56447	2.03795
56448	2.03795
56449	2.03796
56450	2.03797
56451	2.03797
56452	2.03798
56453	2.03799
56454	2.038
56455	2.038
56456	2.03801
56457	2.03802
56458	2.03803
56459	2.03803
56460	2.03804
56461	2.03805
56462	2.03806
56463	2.03806
56464	2.03807
56465	2.03808
56466	2.03809
56467	2.0381
56468	2.03811
56469	2.03811
56470	2.03812
56471	2.03813
56472	2.03814
56473	2.03815
56474	2.03816
56475	2.03816
56476	2.03817
56477	2.03818
56478	2.03819
56479	2.0382
56480	2.03821
56481	2.03822
56482	2.03823
56483	2.03824
56484	2.03824
56485	2.03825
56486	2.03826
56487	2.03827
56488	2.03828
56489	2.03829
56490	2.0383
56491	2.03831
56492	2.03832
56493	2.03833
56494	2.03834
56495	2.03835
56496	2.03836
56497	2.03837
56498	2.03838
56499	2.03839
56500	2.0384
56501	2.03841
56502	2.03842
56503	2.03843
56504	2.03844
56505	2.03845
56506	2.03846
56507	2.03847
56508	2.03848
56509	2.03849
56510	2.0385
56511	2.03851
56512	2.03852
56513	2.03853
56514	2.03854
56515	2.03855
56516	2.03856
56517	2.03857
56518	2.03858
56519	2.03859
56520	2.0386
56521	2.03861
56522	2.03862
56523	2.03863
56524	2.03864
56525	2.03865
56526	2.03867
56527	2.03868
56528	2.03869
56529	2.0387
56530	2.03871
56531	2.03872
56532	2.03873
56533	2.03874
56534	2.03875
56535	2.03876
56536	2.03877
56537	2.03878
56538	2.0388
56539	2.03881
56540	2.03882
56541	2.03883
56542	2.03884
56543	2.03885
56544	2.03886
56545	2.03887
56546	2.03888
56547	2.03889
56548	2.03891
56549	2.03892
56550	2.03893
56551	2.03894
56552	2.03895
56553	2.03896
56554	2.03897
56555	2.03898
56556	2.03899
56557	2.039
56558	2.03902
56559	2.03903
56560	2.03904
56561	2.03905
56562	2.03906
56563	2.03907
56564	2.03908
56565	2.03909
56566	2.0391
56567	2.03912
56568	2.03913
56569	2.03914
56570	2.03915
56571	2.03916
56572	2.03917
56573	2.03918
56574	2.03919
56575	2.0392
56576	2.03921
56577	2.03923
56578	2.03924
56579	2.03925
56580	2.03926
56581	2.03927
56582	2.03928
56583	2.03929
56584	2.0393
56585	2.03931
56586	2.03932
56587	2.03933
56588	2.03934
56589	2.03936
56590	2.03937
56591	2.03938
56592	2.03939
56593	2.0394
56594	2.03941
56595	2.03942
56596	2.03943
56597	2.03944
56598	2.03945
56599	2.03946
56600	2.03947
56601	2.03948
56602	2.03949
56603	2.0395
56604	2.03951
56605	2.03952
56606	2.03953
56607	2.03954
56608	2.03955
56609	2.03956
56610	2.03957
56611	2.03958
56612	2.03959
56613	2.0396
56614	2.03961
56615	2.03962
56616	2.03963
56617	2.03964
56618	2.03965
56619	2.03966
56620	2.03967
56621	2.03968
56622	2.03969
56623	2.0397
56624	2.03971
56625	2.03971
56626	2.03972
56627	2.03973
56628	2.03974
56629	2.03975
56630	2.03976
56631	2.03977
56632	2.03978
56633	2.03979
56634	2.03979
56635	2.0398
56636	2.03981
56637	2.03982
56638	2.03983
56639	2.03984
56640	2.03984
56641	2.03985
56642	2.03986
56643	2.03987
56644	2.03988
56645	2.03988
56646	2.03989
56647	2.0399
56648	2.03991
56649	2.03992
56650	2.03992
56651	2.03993
56652	2.03994
56653	2.03994
56654	2.03995
56655	2.03996
56656	2.03997
56657	2.03997
56658	2.03998
56659	2.03999
56660	2.03999
56661	2.04
56662	2.04001
56663	2.04001
56664	2.04002
56665	2.04002
56666	2.04003
56667	2.04004
56668	2.04004
56669	2.04005
56670	2.04005
56671	2.04006
56672	2.04006
56673	2.04007
56674	2.04007
56675	2.04008
56676	2.04009
56677	2.04009
56678	2.04009
56679	2.0401
56680	2.0401
56681	2.04011
56682	2.04011
56683	2.04012
56684	2.04012
56685	2.04013
56686	2.04013
56687	2.04013
56688	2.04014
56689	2.04014
56690	2.04015
56691	2.04015
56692	2.04015
56693	2.04016
56694	2.04016
56695	2.04016
56696	2.04016
56697	2.04017
56698	2.04017
56699	2.04017
56700	2.04017
56701	2.04018
56702	2.04018
56703	2.04018
56704	2.04018
56705	2.04018
56706	2.04019
56707	2.04019
56708	2.04019
56709	2.04019
56710	2.04019
56711	2.04019
56712	2.04019
56713	2.04019
56714	2.0402
56715	2.0402
56716	2.0402
56717	2.0402
56718	2.0402
56719	2.0402
56720	2.0402
56721	2.0402
56722	2.0402
56723	2.0402
56724	2.0402
56725	2.04019
56726	2.04019
56727	2.04019
56728	2.04019
56729	2.04019
56730	2.04019
56731	2.04019
56732	2.04019
56733	2.04018
56734	2.04018
56735	2.04018
56736	2.04018
56737	2.04017
56738	2.04017
56739	2.04017
56740	2.04017
56741	2.04016
56742	2.04016
56743	2.04016
56744	2.04015
56745	2.04015
56746	2.04015
56747	2.04014
56748	2.04014
56749	2.04013
56750	2.04013
56751	2.04013
56752	2.04012
56753	2.04012
56754	2.04011
56755	2.04011
56756	2.0401
56757	2.0401
56758	2.04009
56759	2.04009
56760	2.04008
56761	2.04007
56762	2.04007
56763	2.04006
56764	2.04006
56765	2.04005
56766	2.04004
56767	2.04004
56768	2.04003
56769	2.04002
56770	2.04001
56771	2.04001
56772	2.04
56773	2.03999
56774	2.03998
56775	2.03998
56776	2.03997
56777	2.03996
56778	2.03995
56779	2.03994
56780	2.03993
56781	2.03993
56782	2.03992
56783	2.03991
56784	2.0399
56785	2.03989
56786	2.03988
56787	2.03987
56788	2.03986
56789	2.03985
56790	2.03984
56791	2.03983
56792	2.03982
56793	2.03981
56794	2.0398
56795	2.03979
56796	2.03978
56797	2.03976
56798	2.03975
56799	2.03974
56800	2.03973
56801	2.03972
56802	2.03971
56803	2.03969
56804	2.03968
56805	2.03967
56806	2.03966
56807	2.03965
56808	2.03963
56809	2.03962
56810	2.03961
56811	2.03959
56812	2.03958
56813	2.03957
56814	2.03955
56815	2.03954
56816	2.03953
56817	2.03951
56818	2.0395
56819	2.03948
56820	2.03947
56821	2.03945
56822	2.03944
56823	2.03942
56824	2.03941
56825	2.03939
56826	2.03938
56827	2.03936
56828	2.03935
56829	2.03933
56830	2.03932
56831	2.0393
56832	2.03928
56833	2.03927
56834	2.03925
56835	2.03924
56836	2.03922
56837	2.0392
56838	2.03919
56839	2.03917
56840	2.03915
56841	2.03913
56842	2.03912
56843	2.0391
56844	2.03908
56845	2.03906
56846	2.03905
56847	2.03903
56848	2.03901
56849	2.03899
56850	2.03897
56851	2.03896
56852	2.03894
56853	2.03892
56854	2.0389
56855	2.03888
56856	2.03886
56857	2.03884
56858	2.03882
56859	2.0388
56860	2.03879
56861	2.03877
56862	2.03875
56863	2.03873
56864	2.03871
56865	2.03869
56866	2.03867
56867	2.03865
56868	2.03863
56869	2.03861
56870	2.03859
56871	2.03857
56872	2.03854
56873	2.03852
56874	2.0385
56875	2.03848
56876	2.03846
56877	2.03844
56878	2.03842
56879	2.0384
56880	2.03838
56881	2.03836
56882	2.03833
56883	2.03831
56884	2.03829
56885	2.03827
56886	2.03825
56887	2.03823
56888	2.0382
56889	2.03818
56890	2.03816
56891	2.03814
56892	2.03812
56893	2.03809
56894	2.03807
56895	2.03805
56896	2.03803
56897	2.038
56898	2.03798
56899	2.03796
56900	2.03794
56901	2.03791
56902	2.03789
56903	2.03787
56904	2.03784
56905	2.03782
56906	2.0378
56907	2.03777
56908	2.03775
56909	2.03773
56910	2.0377
56911	2.03768
56912	2.03766
56913	2.03763
56914	2.03761
56915	2.03759
56916	2.03756
56917	2.03754
56918	2.03752
56919	2.03749
56920	2.03747
56921	2.03745
56922	2.03742
56923	2.0374
56924	2.03738
56925	2.03735
56926	2.03733
56927	2.0373
56928	2.03728
56929	2.03726
56930	2.03723
56931	2.03721
56932	2.03719
56933	2.03716
56934	2.03714
56935	2.03711
56936	2.03709
56937	2.03707
56938	2.03704
56939	2.03702
56940	2.03699
56941	2.03697
56942	2.03695
56943	2.03692
56944	2.0369
56945	2.03688
56946	2.03685
56947	2.03683
56948	2.0368
56949	2.03678
56950	2.03676
56951	2.03673
56952	2.03671
56953	2.03669
56954	2.03666
56955	2.03664
56956	2.03661
56957	2.03659
56958	2.03657
56959	2.03654
56960	2.03652
56961	2.0365
56962	2.03647
56963	2.03645
56964	2.03643
56965	2.0364
56966	2.03638
56967	2.03636
56968	2.03633
56969	2.03631
56970	2.03629
56971	2.03626
56972	2.03624
56973	2.03622
56974	2.03619
56975	2.03617
56976	2.03615
56977	2.03613
56978	2.0361
56979	2.03608
56980	2.03606
56981	2.03604
56982	2.03601
56983	2.03599
56984	2.03597
56985	2.03595
56986	2.03592
56987	2.0359
56988	2.03588
56989	2.03586
56990	2.03584
56991	2.03581
56992	2.03579
56993	2.03577
56994	2.03575
56995	2.03573
56996	2.03571
56997	2.03569
56998	2.03566
56999	2.03564
57000	2.03562
57001	2.0356
57002	2.03558
57003	2.03556
57004	2.03554
57005	2.03552
57006	2.0355
57007	2.03548
57008	2.03546
57009	2.03544
57010	2.03542
57011	2.0354
57012	2.03538
57013	2.03536
57014	2.03534
57015	2.03532
57016	2.0353
57017	2.03528
57018	2.03526
57019	2.03524
57020	2.03522
57021	2.0352
57022	2.03519
57023	2.03517
57024	2.03515
57025	2.03513
57026	2.03511
57027	2.03509
57028	2.03508
57029	2.03506
57030	2.03504
57031	2.03502
57032	2.03501
57033	2.03499
57034	2.03497
57035	2.03495
57036	2.03494
57037	2.03492
57038	2.0349
57039	2.03489
57040	2.03487
57041	2.03486
57042	2.03484
57043	2.03482
57044	2.03481
57045	2.03479
57046	2.03478
57047	2.03476
57048	2.03475
57049	2.03473
57050	2.03472
57051	2.0347
57052	2.03469
57053	2.03467
57054	2.03466
57055	2.03464
57056	2.03463
57057	2.03462
57058	2.0346
57059	2.03459
57060	2.03457
57061	2.03456
57062	2.03455
57063	2.03454
57064	2.03452
57065	2.03451
57066	2.0345
57067	2.03448
57068	2.03447
57069	2.03446
57070	2.03445
57071	2.03444
57072	2.03443
57073	2.03441
57074	2.0344
57075	2.03439
57076	2.03438
57077	2.03437
57078	2.03436
57079	2.03435
57080	2.03434
57081	2.03433
57082	2.03432
57083	2.03431
57084	2.0343
57085	2.03429
57086	2.03428
57087	2.03427
57088	2.03426
57089	2.03426
57090	2.03425
57091	2.03424
57092	2.03423
57093	2.03422
57094	2.03421
57095	2.03421
57096	2.0342
57097	2.03419
57098	2.03418
57099	2.03418
57100	2.03417
57101	2.03416
57102	2.03416
57103	2.03415
57104	2.03415
57105	2.03414
57106	2.03413
57107	2.03413
57108	2.03412
57109	2.03412
57110	2.03411
57111	2.03411
57112	2.0341
57113	2.0341
57114	2.03409
57115	2.03409
57116	2.03408
57117	2.03408
57118	2.03408
57119	2.03407
57120	2.03407
57121	2.03407
57122	2.03406
57123	2.03406
57124	2.03406
57125	2.03406
57126	2.03405
57127	2.03405
57128	2.03405
57129	2.03405
57130	2.03405
57131	2.03404
57132	2.03404
57133	2.03404
57134	2.03404
57135	2.03404
57136	2.03404
57137	2.03404
57138	2.03404
57139	2.03404
57140	2.03404
57141	2.03404
57142	2.03404
57143	2.03404
57144	2.03404
57145	2.03404
57146	2.03404
57147	2.03404
57148	2.03404
57149	2.03404
57150	2.03404
57151	2.03405
57152	2.03405
57153	2.03405
57154	2.03405
57155	2.03405
57156	2.03406
57157	2.03406
57158	2.03406
57159	2.03407
57160	2.03407
57161	2.03407
57162	2.03408
57163	2.03408
57164	2.03408
57165	2.03409
57166	2.03409
57167	2.03409
57168	2.0341
57169	2.0341
57170	2.03411
57171	2.03411
57172	2.03412
57173	2.03412
57174	2.03413
57175	2.03413
57176	2.03414
57177	2.03414
57178	2.03415
57179	2.03416
57180	2.03416
57181	2.03417
57182	2.03417
57183	2.03418
57184	2.03419
57185	2.03419
57186	2.0342
57187	2.03421
57188	2.03421
57189	2.03422
57190	2.03423
57191	2.03424
57192	2.03424
57193	2.03425
57194	2.03426
57195	2.03427
57196	2.03427
57197	2.03428
57198	2.03429
57199	2.0343
57200	2.03431
57201	2.03432
57202	2.03432
57203	2.03433
57204	2.03434
57205	2.03435
57206	2.03436
57207	2.03437
57208	2.03438
57209	2.03439
57210	2.0344
57211	2.03441
57212	2.03442
57213	2.03443
57214	2.03444
57215	2.03445
57216	2.03446
57217	2.03447
57218	2.03448
57219	2.03449
57220	2.0345
57221	2.03451
57222	2.03452
57223	2.03453
57224	2.03454
57225	2.03456
57226	2.03457
57227	2.03458
57228	2.03459
57229	2.0346
57230	2.03461
57231	2.03462
57232	2.03464
57233	2.03465
57234	2.03466
57235	2.03467
57236	2.03468
57237	2.0347
57238	2.03471
57239	2.03472
57240	2.03473
57241	2.03474
57242	2.03476
57243	2.03477
57244	2.03478
57245	2.03479
57246	2.03481
57247	2.03482
57248	2.03483
57249	2.03485
57250	2.03486
57251	2.03487
57252	2.03488
57253	2.0349
57254	2.03491
57255	2.03492
57256	2.03494
57257	2.03495
57258	2.03496
57259	2.03498
57260	2.03499
57261	2.03501
57262	2.03502
57263	2.03503
57264	2.03505
57265	2.03506
57266	2.03507
57267	2.03509
57268	2.0351
57269	2.03512
57270	2.03513
57271	2.03514
57272	2.03516
57273	2.03517
57274	2.03519
57275	2.0352
57276	2.03521
57277	2.03523
57278	2.03524
57279	2.03526
57280	2.03527
57281	2.03529
57282	2.0353
57283	2.03531
57284	2.03533
57285	2.03534
57286	2.03536
57287	2.03537
57288	2.03539
57289	2.0354
57290	2.03542
57291	2.03543
57292	2.03545
57293	2.03546
57294	2.03547
57295	2.03549
57296	2.0355
57297	2.03552
57298	2.03553
57299	2.03555
57300	2.03556
57301	2.03558
57302	2.03559
57303	2.03561
57304	2.03562
57305	2.03564
57306	2.03565
57307	2.03566
57308	2.03568
57309	2.03569
57310	2.03571
57311	2.03572
57312	2.03574
57313	2.03575
57314	2.03577
57315	2.03578
57316	2.0358
57317	2.03581
57318	2.03583
57319	2.03584
57320	2.03586
57321	2.03587
57322	2.03588
57323	2.0359
57324	2.03591
57325	2.03593
57326	2.03594
57327	2.03596
57328	2.03597
57329	2.03599
57330	2.036
57331	2.03601
57332	2.03603
57333	2.03604
57334	2.03606
57335	2.03607
57336	2.03609
57337	2.0361
57338	2.03611
57339	2.03613
57340	2.03614
57341	2.03616
57342	2.03617
57343	2.03619
57344	2.0362
57345	2.03621
57346	2.03623
57347	2.03624
57348	2.03626
57349	2.03627
57350	2.03628
57351	2.0363
57352	2.03631
57353	2.03632
57354	2.03634
57355	2.03635
57356	2.03637
57357	2.03638
57358	2.03639
57359	2.03641
57360	2.03642
57361	2.03643
57362	2.03645
57363	2.03646
57364	2.03647
57365	2.03649
57366	2.0365
57367	2.03651
57368	2.03653
57369	2.03654
57370	2.03655
57371	2.03656
57372	2.03658
57373	2.03659
57374	2.0366
57375	2.03662
57376	2.03663
57377	2.03664
57378	2.03665
57379	2.03667
57380	2.03668
57381	2.03669
57382	2.0367
57383	2.03672
57384	2.03673
57385	2.03674
57386	2.03675
57387	2.03676
57388	2.03678
57389	2.03679
57390	2.0368
57391	2.03681
57392	2.03682
57393	2.03684
57394	2.03685
57395	2.03686
57396	2.03687
57397	2.03688
57398	2.03689
57399	2.0369
57400	2.03692
57401	2.03693
57402	2.03694
57403	2.03695
57404	2.03696
57405	2.03697
57406	2.03698
57407	2.03699
57408	2.037
57409	2.03701
57410	2.03703
57411	2.03704
57412	2.03705
57413	2.03706
57414	2.03707
57415	2.03708
57416	2.03709
57417	2.0371
57418	2.03711
57419	2.03712
57420	2.03713
57421	2.03714
57422	2.03715
57423	2.03716
57424	2.03717
57425	2.03718
57426	2.03719
57427	2.0372
57428	2.03721
57429	2.03721
57430	2.03722
57431	2.03723
57432	2.03724
57433	2.03725
57434	2.03726
57435	2.03727
57436	2.03728
57437	2.03729
57438	2.0373
57439	2.0373
57440	2.03731
57441	2.03732
57442	2.03733
57443	2.03734
57444	2.03735
57445	2.03735
57446	2.03736
57447	2.03737
57448	2.03738
57449	2.03739
57450	2.03739
57451	2.0374
57452	2.03741
57453	2.03742
57454	2.03742
57455	2.03743
57456	2.03744
57457	2.03745
57458	2.03745
57459	2.03746
57460	2.03747
57461	2.03747
57462	2.03748
57463	2.03749
57464	2.0375
57465	2.0375
57466	2.03751
57467	2.03751
57468	2.03752
57469	2.03753
57470	2.03753
57471	2.03754
57472	2.03755
57473	2.03755
57474	2.03756
57475	2.03756
57476	2.03757
57477	2.03758
57478	2.03758
57479	2.03759
57480	2.03759
57481	2.0376
57482	2.0376
57483	2.03761
57484	2.03761
57485	2.03762
57486	2.03762
57487	2.03763
57488	2.03763
57489	2.03764
57490	2.03764
57491	2.03765
57492	2.03765
57493	2.03766
57494	2.03766
57495	2.03767
57496	2.03767
57497	2.03767
57498	2.03768
57499	2.03768
57500	2.03769
57501	2.03769
57502	2.03769
57503	2.0377
57504	2.0377
57505	2.03771
57506	2.03771
57507	2.03771
57508	2.03772
57509	2.03772
57510	2.03772
57511	2.03773
57512	2.03773
57513	2.03773
57514	2.03773
57515	2.03774
57516	2.03774
57517	2.03774
57518	2.03775
57519	2.03775
57520	2.03775
57521	2.03775
57522	2.03775
57523	2.03776
57524	2.03776
57525	2.03776
57526	2.03776
57527	2.03776
57528	2.03777
57529	2.03777
57530	2.03777
57531	2.03777
57532	2.03777
57533	2.03777
57534	2.03778
57535	2.03778
57536	2.03778
57537	2.03778
57538	2.03778
57539	2.03778
57540	2.03778
57541	2.03778
57542	2.03778
57543	2.03778
57544	2.03778
57545	2.03779
57546	2.03779
57547	2.03779
57548	2.03779
57549	2.03779
57550	2.03779
57551	2.03779
57552	2.03779
57553	2.03779
57554	2.03779
57555	2.03779
57556	2.03779
57557	2.03778
57558	2.03778
57559	2.03778
57560	2.03778
57561	2.03778
57562	2.03778
57563	2.03778
57564	2.03778
57565	2.03778
57566	2.03778
57567	2.03778
57568	2.03777
57569	2.03777
57570	2.03777
57571	2.03777
57572	2.03777
57573	2.03777
57574	2.03776
57575	2.03776
57576	2.03776
57577	2.03776
57578	2.03776
57579	2.03775
57580	2.03775
57581	2.03775
57582	2.03775
57583	2.03775
57584	2.03774
57585	2.03774
57586	2.03774
57587	2.03773
57588	2.03773
57589	2.03773
57590	2.03773
57591	2.03772
57592	2.03772
57593	2.03772
57594	2.03771
57595	2.03771
57596	2.03771
57597	2.0377
57598	2.0377
57599	2.0377
57600	2.03769
57601	2.03769
57602	2.03768
57603	2.03768
57604	2.03768
57605	2.03767
57606	2.03767
57607	2.03766
57608	2.03766
57609	2.03765
57610	2.03765
57611	2.03765
57612	2.03764
57613	2.03764
57614	2.03763
57615	2.03763
57616	2.03762
57617	2.03762
57618	2.03761
57619	2.03761
57620	2.0376
57621	2.03759
57622	2.03759
57623	2.03758
57624	2.03758
57625	2.03757
57626	2.03757
57627	2.03756
57628	2.03756
57629	2.03755
57630	2.03754
57631	2.03754
57632	2.03753
57633	2.03752
57634	2.03752
57635	2.03751
57636	2.03751
57637	2.0375
57638	2.03749
57639	2.03749
57640	2.03748
57641	2.03747
57642	2.03747
57643	2.03746
57644	2.03745
57645	2.03744
57646	2.03744
57647	2.03743
57648	2.03742
57649	2.03742
57650	2.03741
57651	2.0374
57652	2.03739
57653	2.03739
57654	2.03738
57655	2.03737
57656	2.03736
57657	2.03735
57658	2.03735
57659	2.03734
57660	2.03733
57661	2.03732
57662	2.03731
57663	2.03731
57664	2.0373
57665	2.03729
57666	2.03728
57667	2.03727
57668	2.03726
57669	2.03725
57670	2.03724
57671	2.03724
57672	2.03723
57673	2.03722
57674	2.03721
57675	2.0372
57676	2.03719
57677	2.03718
57678	2.03717
57679	2.03716
57680	2.03715
57681	2.03714
57682	2.03713
57683	2.03712
57684	2.03712
57685	2.03711
57686	2.0371
57687	2.03709
57688	2.03708
57689	2.03707
57690	2.03706
57691	2.03705
57692	2.03704
57693	2.03703
57694	2.03702
57695	2.03701
57696	2.037
57697	2.03698
57698	2.03697
57699	2.03696
57700	2.03695
57701	2.03694
57702	2.03693
57703	2.03692
57704	2.03691
57705	2.0369
57706	2.03689
57707	2.03688
57708	2.03687
57709	2.03686
57710	2.03685
57711	2.03683
57712	2.03682
57713	2.03681
57714	2.0368
57715	2.03679
57716	2.03678
57717	2.03677
57718	2.03676
57719	2.03674
57720	2.03673
57721	2.03672
57722	2.03671
57723	2.0367
57724	2.03669
57725	2.03667
57726	2.03666
57727	2.03665
57728	2.03664
57729	2.03663
57730	2.03662
57731	2.0366
57732	2.03659
57733	2.03658
57734	2.03657
57735	2.03656
57736	2.03654
57737	2.03653
57738	2.03652
57739	2.03651
57740	2.0365
57741	2.03648
57742	2.03647
57743	2.03646
57744	2.03645
57745	2.03643
57746	2.03642
57747	2.03641
57748	2.0364
57749	2.03639
57750	2.03637
57751	2.03636
57752	2.03635
57753	2.03634
57754	2.03632
57755	2.03631
57756	2.0363
57757	2.03629
57758	2.03627
57759	2.03626
57760	2.03625
57761	2.03624
57762	2.03622
57763	2.03621
57764	2.0362
57765	2.03619
57766	2.03617
57767	2.03616
57768	2.03615
57769	2.03614
57770	2.03612
57771	2.03611
57772	2.0361
57773	2.03609
57774	2.03607
57775	2.03606
57776	2.03605
57777	2.03604
57778	2.03603
57779	2.03601
57780	2.036
57781	2.03599
57782	2.03598
57783	2.03596
57784	2.03595
57785	2.03594
57786	2.03593
57787	2.03591
57788	2.0359
57789	2.03589
57790	2.03588
57791	2.03586
57792	2.03585
57793	2.03584
57794	2.03583
57795	2.03582
57796	2.0358
57797	2.03579
57798	2.03578
57799	2.03577
57800	2.03576
57801	2.03574
57802	2.03573
57803	2.03572
57804	2.03571
57805	2.0357
57806	2.03569
57807	2.03567
57808	2.03566
57809	2.03565
57810	2.03564
57811	2.03563
57812	2.03562
57813	2.0356
57814	2.03559
57815	2.03558
57816	2.03557
57817	2.03556
57818	2.03555
57819	2.03554
57820	2.03553
57821	2.03551
57822	2.0355
57823	2.03549
57824	2.03548
57825	2.03547
57826	2.03546
57827	2.03545
57828	2.03544
57829	2.03543
57830	2.03542
57831	2.03541
57832	2.0354
57833	2.03539
57834	2.03538
57835	2.03537
57836	2.03536
57837	2.03535
57838	2.03534
57839	2.03533
57840	2.03532
57841	2.03531
57842	2.0353
57843	2.03529
57844	2.03528
57845	2.03527
57846	2.03526
57847	2.03525
57848	2.03524
57849	2.03524
57850	2.03523
57851	2.03522
57852	2.03521
57853	2.0352
57854	2.03519
57855	2.03518
57856	2.03518
57857	2.03517
57858	2.03516
57859	2.03515
57860	2.03514
57861	2.03514
57862	2.03513
57863	2.03512
57864	2.03511
57865	2.03511
57866	2.0351
57867	2.03509
57868	2.03508
57869	2.03508
57870	2.03507
57871	2.03506
57872	2.03506
57873	2.03505
57874	2.03505
57875	2.03504
57876	2.03503
57877	2.03503
57878	2.03502
57879	2.03502
57880	2.03501
57881	2.035
57882	2.035
57883	2.03499
57884	2.03499
57885	2.03498
57886	2.03498
57887	2.03497
57888	2.03497
57889	2.03497
57890	2.03496
57891	2.03496
57892	2.03495
57893	2.03495
57894	2.03495
57895	2.03494
57896	2.03494
57897	2.03494
57898	2.03493
57899	2.03493
57900	2.03493
57901	2.03492
57902	2.03492
57903	2.03492
57904	2.03492
57905	2.03491
57906	2.03491
57907	2.03491
57908	2.03491
57909	2.03491
57910	2.0349
57911	2.0349
57912	2.0349
57913	2.0349
57914	2.0349
57915	2.0349
57916	2.0349
57917	2.0349
57918	2.0349
57919	2.0349
57920	2.0349
57921	2.0349
57922	2.0349
57923	2.0349
57924	2.0349
57925	2.0349
57926	2.0349
57927	2.0349
57928	2.0349
57929	2.0349
57930	2.03491
57931	2.03491
57932	2.03491
57933	2.03491
57934	2.03491
57935	2.03492
57936	2.03492
57937	2.03492
57938	2.03492
57939	2.03493
57940	2.03493
57941	2.03493
57942	2.03494
57943	2.03494
57944	2.03494
57945	2.03495
57946	2.03495
57947	2.03496
57948	2.03496
57949	2.03497
57950	2.03497
57951	2.03498
57952	2.03498
57953	2.03499
57954	2.03499
57955	2.035
57956	2.035
57957	2.03501
57958	2.03501
57959	2.03502
57960	2.03503
57961	2.03503
57962	2.03504
57963	2.03505
57964	2.03505
57965	2.03506
57966	2.03507
57967	2.03508
57968	2.03508
57969	2.03509
57970	2.0351
57971	2.03511
57972	2.03512
57973	2.03512
57974	2.03513
57975	2.03514
57976	2.03515
57977	2.03516
57978	2.03517
57979	2.03518
57980	2.03519
57981	2.0352
57982	2.03521
57983	2.03522
57984	2.03523
57985	2.03524
57986	2.03525
57987	2.03526
57988	2.03527
57989	2.03528
57990	2.03529
57991	2.0353
57992	2.03531
57993	2.03532
57994	2.03534
57995	2.03535
57996	2.03536
57997	2.03537
57998	2.03538
57999	2.0354
58000	2.03541
58001	2.03542
58002	2.03543
58003	2.03545
58004	2.03546
58005	2.03547
58006	2.03549
58007	2.0355
58008	2.03551
58009	2.03553
58010	2.03554
58011	2.03556
58012	2.03557
58013	2.03558
58014	2.0356
58015	2.03561
58016	2.03563
58017	2.03564
58018	2.03566
58019	2.03567
58020	2.03569
58021	2.0357
58022	2.03572
58023	2.03573
58024	2.03575
58025	2.03577
58026	2.03578
58027	2.0358
58028	2.03581
58029	2.03583
58030	2.03585
58031	2.03586
58032	2.03588
58033	2.0359
58034	2.03591
58035	2.03593
58036	2.03595
58037	2.03596
58038	2.03598
58039	2.036
58040	2.03602
58041	2.03603
58042	2.03605
58043	2.03607
58044	2.03609
58045	2.0361
58046	2.03612
58047	2.03614
58048	2.03616
58049	2.03618
58050	2.0362
58051	2.03621
58052	2.03623
58053	2.03625
58054	2.03627
58055	2.03629
58056	2.03631
58057	2.03633
58058	2.03635
58059	2.03637
58060	2.03638
58061	2.0364
58062	2.03642
58063	2.03644
58064	2.03646
58065	2.03648
58066	2.0365
58067	2.03652
58068	2.03654
58069	2.03656
58070	2.03658
58071	2.0366
58072	2.03662
58073	2.03664
58074	2.03666
58075	2.03668
58076	2.0367
58077	2.03672
58078	2.03674
58079	2.03676
58080	2.03678
58081	2.0368
58082	2.03682
58083	2.03684
58084	2.03686
58085	2.03688
58086	2.03691
58087	2.03693
58088	2.03695
58089	2.03697
58090	2.03699
58091	2.03701
58092	2.03703
58093	2.03705
58094	2.03707
58095	2.03709
58096	2.03711
58097	2.03713
58098	2.03715
58099	2.03718
58100	2.0372
58101	2.03722
58102	2.03724
58103	2.03726
58104	2.03728
58105	2.0373
58106	2.03732
58107	2.03734
58108	2.03736
58109	2.03738
58110	2.03741
58111	2.03743
58112	2.03745
58113	2.03747
58114	2.03749
58115	2.03751
58116	2.03753
58117	2.03755
58118	2.03757
58119	2.03759
58120	2.03761
58121	2.03763
58122	2.03766
58123	2.03768
58124	2.0377
58125	2.03772
58126	2.03774
58127	2.03776
58128	2.03778
58129	2.0378
58130	2.03782
58131	2.03784
58132	2.03786
58133	2.03788
58134	2.0379
58135	2.03792
58136	2.03794
58137	2.03796
58138	2.03798
58139	2.038
58140	2.03802
58141	2.03804
58142	2.03806
58143	2.03808
58144	2.0381
58145	2.03812
58146	2.03814
58147	2.03816
58148	2.03818
58149	2.0382
58150	2.03822
58151	2.03824
58152	2.03826
58153	2.03828
58154	2.03829
58155	2.03831
58156	2.03833
58157	2.03835
58158	2.03837
58159	2.03839
58160	2.03841
58161	2.03843
58162	2.03844
58163	2.03846
58164	2.03848
58165	2.0385
58166	2.03852
58167	2.03853
58168	2.03855
58169	2.03857
58170	2.03859
58171	2.03861
58172	2.03862
58173	2.03864
58174	2.03866
58175	2.03867
58176	2.03869
58177	2.03871
58178	2.03873
58179	2.03874
58180	2.03876
58181	2.03878
58182	2.03879
58183	2.03881
58184	2.03882
58185	2.03884
58186	2.03886
58187	2.03887
58188	2.03889
58189	2.0389
58190	2.03892
58191	2.03893
58192	2.03895
58193	2.03896
58194	2.03898
58195	2.03899
58196	2.03901
58197	2.03902
