1	1.83702
2	2.20249
3	1.55831
4	1.83871
5	1.63614
6	1.71147
7	1.64986
8	1.66121
9	1.63693
10	1.63016
11	1.61641
12	1.60632
13	1.5955
14	1.58473
15	1.57474
16	1.56426
17	1.55466
18	1.54461
19	1.53532
20	1.52574
21	1.51678
22	1.50762
23	1.49898
24	1.49023
25	1.48192
26	1.47358
27	1.46562
28	1.45769
29	1.45011
30	1.44259
31	1.43541
32	1.42831
33	1.42152
34	1.41483
35	1.40842
36	1.40212
37	1.39609
38	1.39017
39	1.38452
40	1.37898
41	1.37369
42	1.36854
43	1.36362
44	1.35883
45	1.35427
46	1.34984
47	1.34563
48	1.34154
49	1.33766
50	1.33391
51	1.33036
52	1.32693
53	1.32369
54	1.32057
55	1.31763
56	1.3148
57	1.31215
58	1.30961
59	1.30724
60	1.30497
61	1.30286
62	1.30086
63	1.299
64	1.29724
65	1.29562
66	1.2941
67	1.2927
68	1.2914
69	1.29022
70	1.28912
71	1.28814
72	1.28725
73	1.28646
74	1.28576
75	1.28516
76	1.28463
77	1.2842
78	1.28384
79	1.28357
80	1.28336
81	1.28323
82	1.28316
83	1.28317
84	1.28323
85	1.28337
86	1.28355
87	1.2838
88	1.2841
89	1.28446
90	1.28486
91	1.28532
92	1.28582
93	1.28637
94	1.28696
95	1.28759
96	1.28826
97	1.28898
98	1.28972
99	1.2905
100	1.29131
101	1.29216
102	1.29303
103	1.29394
104	1.29486
105	1.29582
106	1.2968
107	1.2978
108	1.29882
109	1.29986
110	1.30092
111	1.30199
112	1.30307
113	1.30417
114	1.30528
115	1.3064
116	1.30753
117	1.30868
118	1.30983
119	1.31099
120	1.31216
121	1.31334
122	1.31452
123	1.31571
124	1.31691
125	1.31811
126	1.31932
127	1.32053
128	1.32174
129	1.32295
130	1.32416
131	1.32538
132	1.32659
133	1.32781
134	1.32902
135	1.33024
136	1.33145
137	1.33267
138	1.33388
139	1.33509
140	1.33629
141	1.33749
142	1.33869
143	1.33989
144	1.34108
145	1.34227
146	1.34345
147	1.34462
148	1.34579
149	1.34695
150	1.34811
151	1.34926
152	1.3504
153	1.35153
154	1.35266
155	1.35378
156	1.35489
157	1.356
158	1.35709
159	1.35818
160	1.35927
161	1.36034
162	1.36141
163	1.36248
164	1.36353
165	1.36458
166	1.36562
167	1.36665
168	1.36768
169	1.3687
170	1.36971
171	1.37072
172	1.37171
173	1.3727
174	1.37368
175	1.37465
176	1.37561
177	1.37656
178	1.37751
179	1.37844
180	1.37937
181	1.38029
182	1.38119
183	1.3821
184	1.38299
185	1.38387
186	1.38475
187	1.38561
188	1.38647
189	1.38733
190	1.38817
191	1.389
192	1.38983
193	1.39065
194	1.39147
195	1.39227
196	1.39307
197	1.39386
198	1.39464
199	1.39541
200	1.39618
201	1.39694
202	1.39769
203	1.39843
204	1.39917
205	1.39989
206	1.40061
207	1.40133
208	1.40203
209	1.40273
210	1.40342
211	1.4041
212	1.40478
213	1.40545
214	1.40611
215	1.40676
216	1.40741
217	1.40805
218	1.40868
219	1.40931
220	1.40993
221	1.41055
222	1.41116
223	1.41176
224	1.41235
225	1.41294
226	1.41353
227	1.4141
228	1.41467
229	1.41524
230	1.4158
231	1.41635
232	1.4169
233	1.41744
234	1.41798
235	1.41851
236	1.41904
237	1.41956
238	1.42007
239	1.42059
240	1.42109
241	1.42159
242	1.42209
243	1.42258
244	1.42307
245	1.42355
246	1.42402
247	1.42449
248	1.42496
249	1.42542
250	1.42588
251	1.42634
252	1.42679
253	1.42723
254	1.42767
255	1.42811
256	1.42855
257	1.42898
258	1.42941
259	1.42983
260	1.43025
261	1.43067
262	1.43108
263	1.43149
264	1.43189
265	1.4323
266	1.4327
267	1.43309
268	1.43348
269	1.43387
270	1.43426
271	1.43464
272	1.43502
273	1.4354
274	1.43578
275	1.43615
276	1.43652
277	1.43689
278	1.43725
279	1.43762
280	1.43798
281	1.43833
282	1.43869
283	1.43905
284	1.4394
285	1.43975
286	1.44009
287	1.44044
288	1.44078
289	1.44112
290	1.44146
291	1.4418
292	1.44213
293	1.44247
294	1.4428
295	1.44313
296	1.44345
297	1.44378
298	1.4441
299	1.44442
300	1.44474
301	1.44506
302	1.44537
303	1.44569
304	1.446
305	1.44631
306	1.44662
307	1.44692
308	1.44723
309	1.44753
310	1.44784
311	1.44814
312	1.44843
313	1.44873
314	1.44903
315	1.44932
316	1.44961
317	1.44991
318	1.45019
319	1.45048
320	1.45077
321	1.45106
322	1.45134
323	1.45162
324	1.4519
325	1.45218
326	1.45246
327	1.45274
328	1.45302
329	1.4533
330	1.45357
331	1.45384
332	1.45412
333	1.45439
334	1.45466
335	1.45493
336	1.4552
337	1.45547
338	1.45573
339	1.456
340	1.45626
341	1.45653
342	1.45679
343	1.45705
344	1.45731
345	1.45757
346	1.45783
347	1.45808
348	1.45834
349	1.4586
350	1.45885
351	1.4591
352	1.45935
353	1.4596
354	1.45985
355	1.4601
356	1.46035
357	1.4606
358	1.46084
359	1.46108
360	1.46133
361	1.46157
362	1.46181
363	1.46205
364	1.46229
365	1.46253
366	1.46277
367	1.463
368	1.46324
369	1.46347
370	1.46371
371	1.46394
372	1.46417
373	1.4644
374	1.46463
375	1.46486
376	1.46509
377	1.46532
378	1.46555
379	1.46577
380	1.466
381	1.46622
382	1.46645
383	1.46667
384	1.46689
385	1.46711
386	1.46733
387	1.46755
388	1.46777
389	1.46799
390	1.46821
391	1.46842
392	1.46864
393	1.46885
394	1.46907
395	1.46928
396	1.46949
397	1.4697
398	1.46991
399	1.47013
400	1.47033
401	1.47054
402	1.47075
403	1.47096
404	1.47117
405	1.47137
406	1.47158
407	1.47178
408	1.47198
409	1.47219
410	1.47239
411	1.47259
412	1.47279
413	1.47299
414	1.47319
415	1.47338
416	1.47358
417	1.47377
418	1.47397
419	1.47416
420	1.47436
421	1.47455
422	1.47474
423	1.47493
424	1.47512
425	1.47531
426	1.4755
427	1.47569
428	1.47588
429	1.47607
430	1.47626
431	1.47645
432	1.47663
433	1.47682
434	1.477
435	1.47719
436	1.47737
437	1.47755
438	1.47773
439	1.47791
440	1.47809
441	1.47826
442	1.47844
443	1.47861
444	1.47878
445	1.47895
446	1.47913
447	1.47929
448	1.47946
449	1.47963
450	1.4798
451	1.47996
452	1.48013
453	1.48029
454	1.48046
455	1.48062
456	1.48079
457	1.48095
458	1.48112
459	1.48128
460	1.48145
461	1.48161
462	1.48177
463	1.48194
464	1.4821
465	1.48227
466	1.48243
467	1.48259
468	1.48275
469	1.48292
470	1.48308
471	1.48324
472	1.4834
473	1.48356
474	1.48372
475	1.48388
476	1.48404
477	1.4842
478	1.48435
479	1.48451
480	1.48466
481	1.48482
482	1.48497
483	1.48512
484	1.48528
485	1.48543
486	1.48558
487	1.48573
488	1.48587
489	1.48602
490	1.48617
491	1.48632
492	1.48646
493	1.4866
494	1.48675
495	1.48689
496	1.48703
497	1.48717
498	1.48731
499	1.48745
500	1.48759
501	1.48773
502	1.48787
503	1.48801
504	1.48815
505	1.48828
506	1.48842
507	1.48856
508	1.48869
509	1.48883
510	1.48897
511	1.4891
512	1.48924
513	1.48938
514	1.48951
515	1.48965
516	1.48978
517	1.48992
518	1.49006
519	1.49019
520	1.49033
521	1.49046
522	1.4906
523	1.49073
524	1.49086
525	1.49099
526	1.49113
527	1.49126
528	1.49139
529	1.49151
530	1.49164
531	1.49177
532	1.49189
533	1.49202
534	1.49214
535	1.49226
536	1.49238
537	1.4925
538	1.49262
539	1.49274
540	1.49286
541	1.49298
542	1.49309
543	1.49321
544	1.49332
545	1.49344
546	1.49355
547	1.49367
548	1.49378
549	1.49389
550	1.49401
551	1.49412
552	1.49423
553	1.49434
554	1.49446
555	1.49457
556	1.49468
557	1.49479
558	1.4949
559	1.49502
560	1.49513
561	1.49524
562	1.49535
563	1.49546
564	1.49557
565	1.49568
566	1.49579
567	1.4959
568	1.49601
569	1.49612
570	1.49623
571	1.49634
572	1.49644
573	1.49655
574	1.49666
575	1.49676
576	1.49687
577	1.49697
578	1.49707
579	1.49718
580	1.49728
581	1.49738
582	1.49749
583	1.49759
584	1.49769
585	1.49779
586	1.49789
587	1.49799
588	1.49809
589	1.49819
590	1.49829
591	1.49838
592	1.49848
593	1.49858
594	1.49867
595	1.49877
596	1.49887
597	1.49896
598	1.49906
599	1.49915
600	1.49925
601	1.49934
602	1.49944
603	1.49953
604	1.49962
605	1.49972
606	1.49981
607	1.4999
608	1.5
609	1.50009
610	1.50018
611	1.50027
612	1.50036
613	1.50045
614	1.50055
615	1.50064
616	1.50073
617	1.50082
618	1.50091
619	1.501
620	1.50109
621	1.50117
622	1.50126
623	1.50135
624	1.50144
625	1.50153
626	1.50161
627	1.5017
628	1.50179
629	1.50187
630	1.50196
631	1.50205
632	1.50213
633	1.50222
634	1.5023
635	1.50239
636	1.50247
637	1.50255
638	1.50264
639	1.50272
640	1.5028
641	1.50289
642	1.50297
643	1.50305
644	1.50313
645	1.50321
646	1.50329
647	1.50337
648	1.50345
649	1.50354
650	1.50362
651	1.5037
652	1.50378
653	1.50385
654	1.50393
655	1.50401
656	1.50409
657	1.50417
658	1.50425
659	1.50433
660	1.50441
661	1.50448
662	1.50456
663	1.50464
664	1.50471
665	1.50479
666	1.50487
667	1.50494
668	1.50502
669	1.5051
670	1.50517
671	1.50525
672	1.50532
673	1.50539
674	1.50547
675	1.50554
676	1.50562
677	1.50569
678	1.50576
679	1.50583
680	1.50591
681	1.50598
682	1.50605
683	1.50612
684	1.50619
685	1.50626
686	1.50633
687	1.5064
688	1.50647
689	1.50654
690	1.50661
691	1.50667
692	1.50674
693	1.50681
694	1.50688
695	1.50694
696	1.50701
697	1.50708
698	1.50714
699	1.50721
700	1.50727
701	1.50734
702	1.5074
703	1.50747
704	1.50753
705	1.50759
706	1.50766
707	1.50772
708	1.50778
709	1.50784
710	1.5079
711	1.50796
712	1.50803
713	1.50809
714	1.50815
715	1.50821
716	1.50827
717	1.50833
718	1.50839
719	1.50844
720	1.5085
721	1.50856
722	1.50862
723	1.50868
724	1.50873
725	1.50879
726	1.50885
727	1.5089
728	1.50896
729	1.50902
730	1.50907
731	1.50913
732	1.50918
733	1.50924
734	1.50929
735	1.50934
736	1.5094
737	1.50945
738	1.50951
739	1.50956
740	1.50961
741	1.50966
742	1.50972
743	1.50977
744	1.50982
745	1.50987
746	1.50992
747	1.50997
748	1.51002
749	1.51007
750	1.51012
751	1.51017
752	1.51022
753	1.51027
754	1.51032
755	1.51037
756	1.51042
757	1.51046
758	1.51051
759	1.51056
760	1.51061
761	1.51065
762	1.5107
763	1.51075
764	1.51079
765	1.51084
766	1.51089
767	1.51093
768	1.51098
769	1.51102
770	1.51107
771	1.51111
772	1.51116
773	1.5112
774	1.51125
775	1.51129
776	1.51133
777	1.51137
778	1.51142
779	1.51146
780	1.5115
781	1.51154
782	1.51158
783	1.51163
784	1.51167
785	1.51171
786	1.51175
787	1.51179
788	1.51183
789	1.51187
790	1.51191
791	1.51194
792	1.51198
793	1.51202
794	1.51206
795	1.5121
796	1.51213
797	1.51217
798	1.51221
799	1.51225
800	1.51228
801	1.51232
802	1.51236
803	1.5124
804	1.51243
805	1.51247
806	1.51251
807	1.51254
808	1.51258
809	1.51262
810	1.51266
811	1.51269
812	1.51273
813	1.51277
814	1.51281
815	1.51285
816	1.51289
817	1.51293
818	1.51297
819	1.51301
820	1.51305
821	1.51309
822	1.51314
823	1.51318
824	1.51322
825	1.51327
826	1.51331
827	1.51336
828	1.5134
829	1.51345
830	1.5135
831	1.51355
832	1.51359
833	1.51364
834	1.51369
835	1.51374
836	1.51379
837	1.51384
838	1.51389
839	1.51395
840	1.514
841	1.51405
842	1.5141
843	1.51415
844	1.5142
845	1.51424
846	1.51429
847	1.51434
848	1.51439
849	1.51443
850	1.51448
851	1.51452
852	1.51456
853	1.5146
854	1.51464
855	1.51467
856	1.51471
857	1.51474
858	1.51477
859	1.5148
860	1.51483
861	1.51486
862	1.51488
863	1.5149
864	1.51492
865	1.51494
866	1.51496
867	1.51498
868	1.51499
869	1.515
870	1.51501
871	1.51502
872	1.51503
873	1.51504
874	1.51505
875	1.51505
876	1.51506
877	1.51506
878	1.51507
879	1.51507
880	1.51507
881	1.51508
882	1.51508
883	1.51509
884	1.51509
885	1.51509
886	1.5151
887	1.5151
888	1.51511
889	1.51512
890	1.51512
891	1.51513
892	1.51514
893	1.51515
894	1.51516
895	1.51517
896	1.51519
897	1.5152
898	1.51522
899	1.51524
900	1.51525
901	1.51527
902	1.51529
903	1.51532
904	1.51534
905	1.51537
906	1.51539
907	1.51542
908	1.51545
909	1.51548
910	1.51551
911	1.51554
912	1.51558
913	1.51561
914	1.51565
915	1.51568
916	1.51572
917	1.51576
918	1.5158
919	1.51584
920	1.51588
921	1.51592
922	1.51596
923	1.516
924	1.51605
925	1.51609
926	1.51613
927	1.51618
928	1.51622
929	1.51626
930	1.51631
931	1.51635
932	1.51639
933	1.51644
934	1.51648
935	1.51652
936	1.51657
937	1.51661
938	1.51665
939	1.51669
940	1.51673
941	1.51677
942	1.51681
943	1.51684
944	1.51688
945	1.51692
946	1.51695
947	1.51698
948	1.51702
949	1.51705
950	1.51708
951	1.51711
952	1.51714
953	1.51717
954	1.51719
955	1.51722
956	1.51724
957	1.51727
958	1.51729
959	1.51731
960	1.51733
961	1.51735
962	1.51737
963	1.51738
964	1.5174
965	1.51741
966	1.51743
967	1.51744
968	1.51745
969	1.51746
970	1.51746
971	1.51747
972	1.51748
973	1.51748
974	1.51749
975	1.51749
976	1.51749
977	1.51749
978	1.51749
979	1.51749
980	1.51749
981	1.51749
982	1.51748
983	1.51748
984	1.51747
985	1.51747
986	1.51746
987	1.51745
988	1.51744
989	1.51744
990	1.51743
991	1.51742
992	1.51741
993	1.5174
994	1.51739
995	1.51738
996	1.51737
997	1.51735
998	1.51734
999	1.51733
1000	1.51732
1001	1.5173
1002	1.51729
1003	1.51728
1004	1.51727
1005	1.51725
1006	1.51724
1007	1.51722
1008	1.51721
1009	1.51719
1010	1.51718
1011	1.51716
1012	1.51714
1013	1.51713
1014	1.51711
1015	1.51709
1016	1.51707
1017	1.51704
1018	1.51702
1019	1.51699
1020	1.51696
1021	1.51693
1022	1.51689
1023	1.51685
1024	1.51681
1025	1.51676
1026	1.5167
1027	1.51664
1028	1.51658
1029	1.5165
1030	1.51642
1031	1.51633
1032	1.51623
1033	1.51612
1034	1.51599
1035	1.51586
1036	1.51571
1037	1.51554
1038	1.51536
1039	1.51516
1040	1.51495
1041	1.51471
1042	1.51446
1043	1.51418
1044	1.51388
1045	1.51356
1046	1.51321
1047	1.51284
1048	1.51245
1049	1.51202
1050	1.51157
1051	1.51109
1052	1.51059
1053	1.51006
1054	1.5095
1055	1.50891
1056	1.50829
1057	1.50765
1058	1.50698
1059	1.50629
1060	1.50557
1061	1.50483
1062	1.50407
1063	1.5033
1064	1.5025
1065	1.50169
1066	1.50086
1067	1.50002
1068	1.49918
1069	1.49833
1070	1.49747
1071	1.49662
1072	1.49577
1073	1.49492
1074	1.49408
1075	1.49325
1076	1.49244
1077	1.49164
1078	1.49086
1079	1.4901
1080	1.48937
1081	1.48867
1082	1.48799
1083	1.48735
1084	1.48674
1085	1.48616
1086	1.48562
1087	1.48513
1088	1.48467
1089	1.48425
1090	1.48388
1091	1.48355
1092	1.48326
1093	1.48302
1094	1.48282
1095	1.48267
1096	1.48256
1097	1.4825
1098	1.48248
1099	1.48251
1100	1.48257
1101	1.48268
1102	1.48283
1103	1.48302
1104	1.48325
1105	1.48351
1106	1.48381
1107	1.48415
1108	1.48452
1109	1.48492
1110	1.48534
1111	1.4858
1112	1.48628
1113	1.48679
1114	1.48732
1115	1.48787
1116	1.48844
1117	1.48903
1118	1.48964
1119	1.49026
1120	1.49089
1121	1.49153
1122	1.49219
1123	1.49285
1124	1.49352
1125	1.49419
1126	1.49487
1127	1.49555
1128	1.49623
1129	1.49692
1130	1.4976
1131	1.49828
1132	1.49896
1133	1.49963
1134	1.5003
1135	1.50097
1136	1.50163
1137	1.50228
1138	1.50292
1139	1.50356
1140	1.50419
1141	1.5048
1142	1.50541
1143	1.50601
1144	1.50659
1145	1.50717
1146	1.50773
1147	1.50828
1148	1.50883
1149	1.50935
1150	1.50987
1151	1.51037
1152	1.51087
1153	1.51135
1154	1.51181
1155	1.51227
1156	1.51271
1157	1.51314
1158	1.51356
1159	1.51397
1160	1.51436
1161	1.51475
1162	1.51512
1163	1.51548
1164	1.51583
1165	1.51617
1166	1.5165
1167	1.51681
1168	1.51712
1169	1.51742
1170	1.51771
1171	1.51799
1172	1.51826
1173	1.51852
1174	1.51877
1175	1.51902
1176	1.51925
1177	1.51948
1178	1.51971
1179	1.51992
1180	1.52013
1181	1.52033
1182	1.52053
1183	1.52072
1184	1.5209
1185	1.52108
1186	1.52126
1187	1.52142
1188	1.52159
1189	1.52175
1190	1.5219
1191	1.52205
1192	1.5222
1193	1.52234
1194	1.52248
1195	1.52262
1196	1.52275
1197	1.52288
1198	1.52301
1199	1.52313
1200	1.52325
1201	1.52337
1202	1.52349
1203	1.5236
1204	1.52371
1205	1.52382
1206	1.52392
1207	1.52403
1208	1.52413
1209	1.52423
1210	1.52432
1211	1.52442
1212	1.52451
1213	1.5246
1214	1.52469
1215	1.52477
1216	1.52486
1217	1.52494
1218	1.52502
1219	1.52509
1220	1.52517
1221	1.52524
1222	1.52531
1223	1.52537
1224	1.52544
1225	1.5255
1226	1.52556
1227	1.52562
1228	1.52567
1229	1.52572
1230	1.52577
1231	1.52582
1232	1.52586
1233	1.52591
1234	1.52594
1235	1.52598
1236	1.52601
1237	1.52604
1238	1.52607
1239	1.52609
1240	1.52611
1241	1.52613
1242	1.52614
1243	1.52615
1244	1.52616
1245	1.52617
1246	1.52617
1247	1.52617
1248	1.52617
1249	1.52616
1250	1.52615
1251	1.52614
1252	1.52613
1253	1.52611
1254	1.52609
1255	1.52606
1256	1.52604
1257	1.52601
1258	1.52598
1259	1.52594
1260	1.52591
1261	1.52587
1262	1.52583
1263	1.52578
1264	1.52574
1265	1.52569
1266	1.52564
1267	1.52559
1268	1.52553
1269	1.52548
1270	1.52542
1271	1.52536
1272	1.5253
1273	1.52523
1274	1.52517
1275	1.5251
1276	1.52503
1277	1.52497
1278	1.5249
1279	1.52482
1280	1.52475
1281	1.52468
1282	1.5246
1283	1.52453
1284	1.52445
1285	1.52438
1286	1.5243
1287	1.52422
1288	1.52414
1289	1.52406
1290	1.52399
1291	1.52391
1292	1.52383
1293	1.52375
1294	1.52367
1295	1.52359
1296	1.52351
1297	1.52343
1298	1.52335
1299	1.52327
1300	1.5232
1301	1.52312
1302	1.52304
1303	1.52296
1304	1.52289
1305	1.52281
1306	1.52273
1307	1.52266
1308	1.52259
1309	1.52251
1310	1.52244
1311	1.52237
1312	1.5223
1313	1.52223
1314	1.52216
1315	1.52209
1316	1.52202
1317	1.52196
1318	1.52189
1319	1.52183
1320	1.52177
1321	1.52171
1322	1.52164
1323	1.52159
1324	1.52153
1325	1.52147
1326	1.52141
1327	1.52136
1328	1.5213
1329	1.52125
1330	1.5212
1331	1.52115
1332	1.5211
1333	1.52105
1334	1.52101
1335	1.52096
1336	1.52092
1337	1.52088
1338	1.52084
1339	1.5208
1340	1.52076
1341	1.52072
1342	1.52069
1343	1.52065
1344	1.52062
1345	1.52059
1346	1.52056
1347	1.52053
1348	1.5205
1349	1.52048
1350	1.52046
1351	1.52043
1352	1.52041
1353	1.5204
1354	1.52038
1355	1.52036
1356	1.52035
1357	1.52034
1358	1.52033
1359	1.52032
1360	1.52032
1361	1.52032
1362	1.52031
1363	1.52032
1364	1.52032
1365	1.52032
1366	1.52033
1367	1.52034
1368	1.52035
1369	1.52037
1370	1.52039
1371	1.52041
1372	1.52043
1373	1.52045
1374	1.52048
1375	1.52051
1376	1.52054
1377	1.52057
1378	1.52061
1379	1.52065
1380	1.52069
1381	1.52073
1382	1.52078
1383	1.52082
1384	1.52087
1385	1.52092
1386	1.52098
1387	1.52103
1388	1.52109
1389	1.52115
1390	1.52121
1391	1.52127
1392	1.52133
1393	1.5214
1394	1.52146
1395	1.52153
1396	1.52159
1397	1.52166
1398	1.52173
1399	1.52179
1400	1.52186
1401	1.52193
1402	1.522
1403	1.52207
1404	1.52213
1405	1.5222
1406	1.52227
1407	1.52233
1408	1.5224
1409	1.52246
1410	1.52252
1411	1.52258
1412	1.52264
1413	1.5227
1414	1.52276
1415	1.52281
1416	1.52287
1417	1.52292
1418	1.52297
1419	1.52302
1420	1.52306
1421	1.52311
1422	1.52315
1423	1.52319
1424	1.52322
1425	1.52326
1426	1.52329
1427	1.52333
1428	1.52336
1429	1.52338
1430	1.52341
1431	1.52343
1432	1.52345
1433	1.52347
1434	1.52349
1435	1.52351
1436	1.52352
1437	1.52353
1438	1.52354
1439	1.52355
1440	1.52356
1441	1.52356
1442	1.52356
1443	1.52357
1444	1.52357
1445	1.52357
1446	1.52356
1447	1.52356
1448	1.52356
1449	1.52355
1450	1.52354
1451	1.52354
1452	1.52353
1453	1.52352
1454	1.52351
1455	1.5235
1456	1.52349
1457	1.52347
1458	1.52346
1459	1.52345
1460	1.52343
1461	1.52342
1462	1.5234
1463	1.52339
1464	1.52337
1465	1.52336
1466	1.52334
1467	1.52333
1468	1.52331
1469	1.52329
1470	1.52328
1471	1.52326
1472	1.52324
1473	1.52323
1474	1.52321
1475	1.5232
1476	1.52318
1477	1.52316
1478	1.52315
1479	1.52313
1480	1.52312
1481	1.5231
1482	1.52309
1483	1.52307
1484	1.52306
1485	1.52304
1486	1.52303
1487	1.52302
1488	1.523
1489	1.52299
1490	1.52298
1491	1.52296
1492	1.52295
1493	1.52294
1494	1.52293
1495	1.52292
1496	1.52291
1497	1.52289
1498	1.52288
1499	1.52287
1500	1.52286
1501	1.52285
1502	1.52285
1503	1.52284
1504	1.52283
1505	1.52282
1506	1.52281
1507	1.5228
1508	1.5228
1509	1.52279
1510	1.52278
1511	1.52277
1512	1.52277
1513	1.52276
1514	1.52276
1515	1.52275
1516	1.52274
1517	1.52274
1518	1.52273
1519	1.52273
1520	1.52272
1521	1.52272
1522	1.52271
1523	1.52271
1524	1.5227
1525	1.5227
1526	1.5227
1527	1.52269
1528	1.52269
1529	1.52268
1530	1.52268
1531	1.52268
1532	1.52267
1533	1.52267
1534	1.52267
1535	1.52266
1536	1.52266
1537	1.52266
1538	1.52266
1539	1.52265
1540	1.52265
1541	1.52265
1542	1.52265
1543	1.52264
1544	1.52264
1545	1.52264
1546	1.52264
1547	1.52263
1548	1.52263
1549	1.52263
1550	1.52263
1551	1.52262
1552	1.52262
1553	1.52262
1554	1.52262
1555	1.52262
1556	1.52261
1557	1.52261
1558	1.52261
1559	1.52261
1560	1.52261
1561	1.5226
1562	1.5226
1563	1.5226
1564	1.5226
1565	1.5226
1566	1.5226
1567	1.52259
1568	1.52259
1569	1.52259
1570	1.52259
1571	1.52259
1572	1.52259
1573	1.52258
1574	1.52258
1575	1.52258
1576	1.52258
1577	1.52258
1578	1.52258
1579	1.52258
1580	1.52257
1581	1.52257
1582	1.52257
1583	1.52257
1584	1.52257
1585	1.52257
1586	1.52257
1587	1.52256
1588	1.52256
1589	1.52256
1590	1.52256
1591	1.52256
1592	1.52256
1593	1.52256
1594	1.52255
1595	1.52255
1596	1.52255
1597	1.52255
1598	1.52255
1599	1.52255
1600	1.52255
1601	1.52254
1602	1.52254
1603	1.52254
1604	1.52254
1605	1.52254
1606	1.52254
1607	1.52254
1608	1.52253
1609	1.52253
1610	1.52253
1611	1.52253
1612	1.52253
1613	1.52253
1614	1.52253
1615	1.52252
1616	1.52252
1617	1.52252
1618	1.52252
1619	1.52252
1620	1.52252
1621	1.52251
1622	1.52251
1623	1.52251
1624	1.52251
1625	1.52251
1626	1.52251
1627	1.5225
1628	1.5225
1629	1.5225
1630	1.5225
1631	1.5225
1632	1.52249
1633	1.52249
1634	1.52249
1635	1.52249
1636	1.52248
1637	1.52248
1638	1.52248
1639	1.52248
1640	1.52248
1641	1.52247
1642	1.52247
1643	1.52247
1644	1.52247
1645	1.52246
1646	1.52246
1647	1.52246
1648	1.52245
1649	1.52245
1650	1.52245
1651	1.52245
1652	1.52244
1653	1.52244
1654	1.52244
1655	1.52243
1656	1.52243
1657	1.52243
1658	1.52242
1659	1.52242
1660	1.52242
1661	1.52242
1662	1.52241
1663	1.52241
1664	1.52241
1665	1.5224
1666	1.5224
1667	1.52239
1668	1.52239
1669	1.52239
1670	1.52238
1671	1.52238
1672	1.52238
1673	1.52237
1674	1.52237
1675	1.52237
1676	1.52236
1677	1.52236
1678	1.52236
1679	1.52235
1680	1.52235
1681	1.52235
1682	1.52234
1683	1.52234
1684	1.52233
1685	1.52233
1686	1.52233
1687	1.52232
1688	1.52232
1689	1.52232
1690	1.52231
1691	1.52231
1692	1.5223
1693	1.5223
1694	1.5223
1695	1.52229
1696	1.52229
1697	1.52228
1698	1.52228
1699	1.52228
1700	1.52227
1701	1.52227
1702	1.52226
1703	1.52226
1704	1.52226
1705	1.52225
1706	1.52225
1707	1.52224
1708	1.52224
1709	1.52223
1710	1.52223
1711	1.52222
1712	1.52222
1713	1.52222
1714	1.52221
1715	1.52221
1716	1.5222
1717	1.5222
1718	1.52219
1719	1.52219
1720	1.52218
1721	1.52218
1722	1.52217
1723	1.52217
1724	1.52216
1725	1.52216
1726	1.52215
1727	1.52215
1728	1.52214
1729	1.52214
1730	1.52213
1731	1.52213
1732	1.52212
1733	1.52212
1734	1.52211
1735	1.52211
1736	1.5221
1737	1.5221
1738	1.52209
1739	1.52209
1740	1.52209
1741	1.52208
1742	1.52208
1743	1.52207
1744	1.52207
1745	1.52207
1746	1.52206
1747	1.52206
1748	1.52206
1749	1.52205
1750	1.52205
1751	1.52205
1752	1.52205
1753	1.52204
1754	1.52204
1755	1.52204
1756	1.52204
1757	1.52204
1758	1.52203
1759	1.52203
1760	1.52203
1761	1.52203
1762	1.52203
1763	1.52203
1764	1.52203
1765	1.52203
1766	1.52203
1767	1.52202
1768	1.52202
1769	1.52202
1770	1.52202
1771	1.52202
1772	1.52202
1773	1.52202
1774	1.52202
1775	1.52202
1776	1.52202
1777	1.52202
1778	1.52202
1779	1.52202
1780	1.52202
1781	1.52202
1782	1.52202
1783	1.52202
1784	1.52202
1785	1.52202
1786	1.52202
1787	1.52202
1788	1.52202
1789	1.52202
1790	1.52202
1791	1.52201
1792	1.52201
1793	1.52201
1794	1.52201
1795	1.52201
1796	1.52201
1797	1.52201
1798	1.522
1799	1.522
1800	1.522
1801	1.522
1802	1.522
1803	1.52199
1804	1.52199
1805	1.52199
1806	1.52199
1807	1.52198
1808	1.52198
1809	1.52198
1810	1.52198
1811	1.52197
1812	1.52197
1813	1.52197
1814	1.52197
1815	1.52196
1816	1.52196
1817	1.52196
1818	1.52195
1819	1.52195
1820	1.52195
1821	1.52194
1822	1.52194
1823	1.52194
1824	1.52194
1825	1.52193
1826	1.52193
1827	1.52193
1828	1.52193
1829	1.52192
1830	1.52192
1831	1.52192
1832	1.52192
1833	1.52191
1834	1.52191
1835	1.52191
1836	1.52191
1837	1.52191
1838	1.52191
1839	1.5219
1840	1.5219
1841	1.5219
1842	1.5219
1843	1.5219
1844	1.5219
1845	1.5219
1846	1.5219
1847	1.5219
1848	1.5219
1849	1.5219
1850	1.5219
1851	1.5219
1852	1.5219
1853	1.5219
1854	1.52191
1855	1.52191
1856	1.52191
1857	1.52191
1858	1.52191
1859	1.52192
1860	1.52192
1861	1.52192
1862	1.52192
1863	1.52193
1864	1.52193
1865	1.52193
1866	1.52194
1867	1.52194
1868	1.52195
1869	1.52195
1870	1.52195
1871	1.52196
1872	1.52196
1873	1.52197
1874	1.52197
1875	1.52198
1876	1.52198
1877	1.52199
1878	1.52199
1879	1.522
1880	1.52201
1881	1.52201
1882	1.52202
1883	1.52202
1884	1.52203
1885	1.52204
1886	1.52204
1887	1.52205
1888	1.52205
1889	1.52206
1890	1.52207
1891	1.52207
1892	1.52208
1893	1.52209
1894	1.52209
1895	1.5221
1896	1.52211
1897	1.52212
1898	1.52212
1899	1.52213
1900	1.52214
1901	1.52214
1902	1.52215
1903	1.52216
1904	1.52217
1905	1.52218
1906	1.52218
1907	1.52219
1908	1.5222
1909	1.52221
1910	1.52222
1911	1.52223
1912	1.52224
1913	1.52225
1914	1.52226
1915	1.52227
1916	1.52228
1917	1.52229
1918	1.5223
1919	1.52231
1920	1.52232
1921	1.52234
1922	1.52235
1923	1.52236
1924	1.52237
1925	1.52239
1926	1.5224
1927	1.52242
1928	1.52243
1929	1.52245
1930	1.52246
1931	1.52248
1932	1.5225
1933	1.52252
1934	1.52253
1935	1.52255
1936	1.52257
1937	1.52259
1938	1.52261
1939	1.52263
1940	1.52265
1941	1.52267
1942	1.5227
1943	1.52272
1944	1.52274
1945	1.52276
1946	1.52279
1947	1.52281
1948	1.52283
1949	1.52286
1950	1.52288
1951	1.52291
1952	1.52293
1953	1.52296
1954	1.52298
1955	1.52301
1956	1.52303
1957	1.52306
1958	1.52308
1959	1.52311
1960	1.52314
1961	1.52316
1962	1.52319
1963	1.52321
1964	1.52324
1965	1.52326
1966	1.52329
1967	1.52331
1968	1.52333
1969	1.52336
1970	1.52338
1971	1.5234
1972	1.52343
1973	1.52345
1974	1.52347
1975	1.52349
1976	1.52351
1977	1.52353
1978	1.52355
1979	1.52357
1980	1.52359
1981	1.5236
1982	1.52362
1983	1.52364
1984	1.52365
1985	1.52367
1986	1.52368
1987	1.5237
1988	1.52371
1989	1.52372
1990	1.52373
1991	1.52374
1992	1.52375
1993	1.52376
1994	1.52377
1995	1.52378
1996	1.52379
1997	1.5238
1998	1.5238
1999	1.52381
2000	1.52382
2001	1.52382
2002	1.52383
2003	1.52383
2004	1.52384
2005	1.52384
2006	1.52384
2007	1.52385
2008	1.52385
2009	1.52385
2010	1.52385
2011	1.52386
2012	1.52386
2013	1.52386
2014	1.52386
2015	1.52386
2016	1.52386
2017	1.52387
2018	1.52387
2019	1.52387
2020	1.52387
2021	1.52387
2022	1.52387
2023	1.52388
2024	1.52388
2025	1.52388
2026	1.52388
2027	1.52389
2028	1.52389
2029	1.52389
2030	1.5239
2031	1.5239
2032	1.52391
2033	1.52391
2034	1.52392
2035	1.52392
2036	1.52393
2037	1.52394
2038	1.52395
2039	1.52395
2040	1.52396
2041	1.52397
2042	1.52398
2043	1.52399
2044	1.524
2045	1.52401
2046	1.52402
2047	1.52404
2048	1.52405
2049	1.52406
2050	1.52407
2051	1.52409
2052	1.5241
2053	1.52412
2054	1.52413
2055	1.52415
2056	1.52416
2057	1.52418
2058	1.5242
2059	1.52421
2060	1.52423
2061	1.52425
2062	1.52426
2063	1.52428
2064	1.5243
2065	1.52432
2066	1.52434
2067	1.52435
2068	1.52437
2069	1.52439
2070	1.52441
2071	1.52442
2072	1.52444
2073	1.52446
2074	1.52448
2075	1.52449
2076	1.52451
2077	1.52453
2078	1.52454
2079	1.52456
2080	1.52457
2081	1.52459
2082	1.5246
2083	1.52462
2084	1.52463
2085	1.52464
2086	1.52465
2087	1.52466
2088	1.52467
2089	1.52468
2090	1.52469
2091	1.5247
2092	1.52471
2093	1.52471
2094	1.52472
2095	1.52472
2096	1.52473
2097	1.52473
2098	1.52473
2099	1.52473
2100	1.52473
2101	1.52473
2102	1.52473
2103	1.52473
2104	1.52472
2105	1.52472
2106	1.52472
2107	1.52471
2108	1.52471
2109	1.5247
2110	1.52469
2111	1.52469
2112	1.52468
2113	1.52467
2114	1.52467
2115	1.52466
2116	1.52466
2117	1.52465
2118	1.52464
2119	1.52464
2120	1.52464
2121	1.52463
2122	1.52463
2123	1.52463
2124	1.52464
2125	1.52464
2126	1.52465
2127	1.52465
2128	1.52466
2129	1.52468
2130	1.52469
2131	1.52471
2132	1.52474
2133	1.52476
2134	1.52479
2135	1.52483
2136	1.52487
2137	1.52491
2138	1.52496
2139	1.52501
2140	1.52507
2141	1.52513
2142	1.5252
2143	1.52528
2144	1.52536
2145	1.52545
2146	1.52554
2147	1.52564
2148	1.52575
2149	1.52587
2150	1.52599
2151	1.52612
2152	1.52625
2153	1.5264
2154	1.52655
2155	1.52671
2156	1.52688
2157	1.52705
2158	1.52724
2159	1.52743
2160	1.52763
2161	1.52783
2162	1.52805
2163	1.52827
2164	1.5285
2165	1.52874
2166	1.52898
2167	1.52923
2168	1.52949
2169	1.52976
2170	1.53003
2171	1.53031
2172	1.5306
2173	1.53089
2174	1.53119
2175	1.53149
2176	1.5318
2177	1.53211
2178	1.53243
2179	1.53275
2180	1.53308
2181	1.53341
2182	1.53374
2183	1.53407
2184	1.53441
2185	1.53475
2186	1.53509
2187	1.53543
2188	1.53577
2189	1.53611
2190	1.53645
2191	1.53679
2192	1.53713
2193	1.53746
2194	1.5378
2195	1.53813
2196	1.53845
2197	1.53878
2198	1.5391
2199	1.53941
2200	1.53972
2201	1.54002
2202	1.54032
2203	1.54061
2204	1.5409
2205	1.54118
2206	1.54145
2207	1.54171
2208	1.54196
2209	1.54221
2210	1.54244
2211	1.54267
2212	1.54289
2213	1.5431
2214	1.5433
2215	1.54349
2216	1.54366
2217	1.54383
2218	1.54399
2219	1.54414
2220	1.54427
2221	1.5444
2222	1.54451
2223	1.54461
2224	1.5447
2225	1.54478
2226	1.54485
2227	1.54491
2228	1.54496
2229	1.54499
2230	1.54502
2231	1.54503
2232	1.54503
2233	1.54502
2234	1.545
2235	1.54497
2236	1.54493
2237	1.54488
2238	1.54482
2239	1.54474
2240	1.54466
2241	1.54457
2242	1.54447
2243	1.54435
2244	1.54423
2245	1.5441
2246	1.54396
2247	1.54382
2248	1.54366
2249	1.5435
2250	1.54332
2251	1.54314
2252	1.54296
2253	1.54276
2254	1.54256
2255	1.54235
2256	1.54213
2257	1.54191
2258	1.54168
2259	1.54145
2260	1.54121
2261	1.54096
2262	1.54071
2263	1.54045
2264	1.54019
2265	1.53993
2266	1.53966
2267	1.53938
2268	1.53911
2269	1.53883
2270	1.53854
2271	1.53825
2272	1.53796
2273	1.53767
2274	1.53738
2275	1.53708
2276	1.53678
2277	1.53648
2278	1.53618
2279	1.53587
2280	1.53557
2281	1.53526
2282	1.53496
2283	1.53465
2284	1.53434
2285	1.53404
2286	1.53373
2287	1.53343
2288	1.53312
2289	1.53282
2290	1.53251
2291	1.53221
2292	1.53191
2293	1.53162
2294	1.53132
2295	1.53103
2296	1.53073
2297	1.53045
2298	1.53016
2299	1.52988
2300	1.5296
2301	1.52932
2302	1.52905
2303	1.52878
2304	1.52851
2305	1.52825
2306	1.528
2307	1.52775
2308	1.5275
2309	1.52726
2310	1.52702
2311	1.52678
2312	1.52656
2313	1.52634
2314	1.52612
2315	1.52591
2316	1.5257
2317	1.5255
2318	1.52531
2319	1.52512
2320	1.52494
2321	1.52477
2322	1.5246
2323	1.52444
2324	1.52428
2325	1.52414
2326	1.52399
2327	1.52386
2328	1.52373
2329	1.52361
2330	1.52349
2331	1.52339
2332	1.52329
2333	1.52319
2334	1.5231
2335	1.52302
2336	1.52295
2337	1.52288
2338	1.52282
2339	1.52277
2340	1.52272
2341	1.52268
2342	1.52264
2343	1.52261
2344	1.52259
2345	1.52257
2346	1.52256
2347	1.52255
2348	1.52255
2349	1.52256
2350	1.52257
2351	1.52258
2352	1.5226
2353	1.52263
2354	1.52265
2355	1.52269
2356	1.52272
2357	1.52277
2358	1.52281
2359	1.52286
2360	1.52291
2361	1.52297
2362	1.52302
2363	1.52308
2364	1.52315
2365	1.52321
2366	1.52328
2367	1.52335
2368	1.52342
2369	1.52349
2370	1.52356
2371	1.52364
2372	1.52371
2373	1.52379
2374	1.52386
2375	1.52394
2376	1.52401
2377	1.52409
2378	1.52417
2379	1.52424
2380	1.52431
2381	1.52439
2382	1.52446
2383	1.52453
2384	1.5246
2385	1.52467
2386	1.52474
2387	1.5248
2388	1.52486
2389	1.52493
2390	1.52499
2391	1.52504
2392	1.5251
2393	1.52515
2394	1.5252
2395	1.52525
2396	1.52529
2397	1.52533
2398	1.52537
2399	1.52541
2400	1.52544
2401	1.52547
2402	1.5255
2403	1.52553
2404	1.52555
2405	1.52557
2406	1.52558
2407	1.5256
2408	1.52561
2409	1.52561
2410	1.52562
2411	1.52562
2412	1.52562
2413	1.52561
2414	1.52561
2415	1.52559
2416	1.52558
2417	1.52557
2418	1.52555
2419	1.52553
2420	1.5255
2421	1.52548
2422	1.52545
2423	1.52542
2424	1.52538
2425	1.52535
2426	1.52531
2427	1.52527
2428	1.52523
2429	1.52518
2430	1.52514
2431	1.52509
2432	1.52504
2433	1.52499
2434	1.52493
2435	1.52488
2436	1.52482
2437	1.52477
2438	1.52471
2439	1.52465
2440	1.52459
2441	1.52452
2442	1.52446
2443	1.5244
2444	1.52433
2445	1.52427
2446	1.5242
2447	1.52414
2448	1.52407
2449	1.524
2450	1.52394
2451	1.52387
2452	1.5238
2453	1.52374
2454	1.52367
2455	1.5236
2456	1.52353
2457	1.52347
2458	1.5234
2459	1.52333
2460	1.52327
2461	1.5232
2462	1.52314
2463	1.52308
2464	1.52301
2465	1.52295
2466	1.52289
2467	1.52283
2468	1.52276
2469	1.5227
2470	1.52265
2471	1.52259
2472	1.52253
2473	1.52248
2474	1.52242
2475	1.52237
2476	1.52231
2477	1.52226
2478	1.52221
2479	1.52216
2480	1.52212
2481	1.52207
2482	1.52202
2483	1.52198
2484	1.52194
2485	1.52189
2486	1.52185
2487	1.52182
2488	1.52178
2489	1.52174
2490	1.52171
2491	1.52167
2492	1.52164
2493	1.52161
2494	1.52158
2495	1.52155
2496	1.52153
2497	1.5215
2498	1.52148
2499	1.52145
2500	1.52143
2501	1.52141
2502	1.52139
2503	1.52138
2504	1.52136
2505	1.52135
2506	1.52133
2507	1.52132
2508	1.52131
2509	1.5213
2510	1.52129
2511	1.52128
2512	1.52128
2513	1.52127
2514	1.52127
2515	1.52127
2516	1.52127
2517	1.52127
2518	1.52127
2519	1.52127
2520	1.52127
2521	1.52128
2522	1.52128
2523	1.52129
2524	1.5213
2525	1.52131
2526	1.52132
2527	1.52133
2528	1.52134
2529	1.52135
2530	1.52136
2531	1.52138
2532	1.52139
2533	1.52141
2534	1.52143
2535	1.52144
2536	1.52146
2537	1.52148
2538	1.5215
2539	1.52152
2540	1.52154
2541	1.52156
2542	1.52158
2543	1.52161
2544	1.52163
2545	1.52165
2546	1.52168
2547	1.5217
2548	1.52173
2549	1.52176
2550	1.52178
2551	1.52181
2552	1.52184
2553	1.52186
2554	1.52189
2555	1.52192
2556	1.52195
2557	1.52198
2558	1.52201
2559	1.52204
2560	1.52207
2561	1.5221
2562	1.52213
2563	1.52216
2564	1.52219
2565	1.52222
2566	1.52226
2567	1.52229
2568	1.52232
2569	1.52235
2570	1.52239
2571	1.52242
2572	1.52245
2573	1.52249
2574	1.52252
2575	1.52255
2576	1.52259
2577	1.52262
2578	1.52265
2579	1.52269
2580	1.52272
2581	1.52276
2582	1.52279
2583	1.52282
2584	1.52286
2585	1.52289
2586	1.52293
2587	1.52296
2588	1.523
2589	1.52303
2590	1.52307
2591	1.5231
2592	1.52314
2593	1.52317
2594	1.5232
2595	1.52324
2596	1.52327
2597	1.52331
2598	1.52334
2599	1.52338
2600	1.52341
2601	1.52345
2602	1.52348
2603	1.52351
2604	1.52355
2605	1.52358
2606	1.52362
2607	1.52365
2608	1.52368
2609	1.52372
2610	1.52375
2611	1.52378
2612	1.52382
2613	1.52385
2614	1.52388
2615	1.52392
2616	1.52395
2617	1.52398
2618	1.52401
2619	1.52404
2620	1.52408
2621	1.52411
2622	1.52414
2623	1.52417
2624	1.5242
2625	1.52423
2626	1.52426
2627	1.52429
2628	1.52432
2629	1.52435
2630	1.52438
2631	1.52441
2632	1.52444
2633	1.52447
2634	1.5245
2635	1.52452
2636	1.52455
2637	1.52458
2638	1.52461
2639	1.52463
2640	1.52466
2641	1.52469
2642	1.52471
2643	1.52474
2644	1.52476
2645	1.52479
2646	1.52481
2647	1.52484
2648	1.52486
2649	1.52489
2650	1.52491
2651	1.52493
2652	1.52496
2653	1.52498
2654	1.525
2655	1.52502
2656	1.52504
2657	1.52506
2658	1.52509
2659	1.52511
2660	1.52513
2661	1.52515
2662	1.52517
2663	1.52519
2664	1.5252
2665	1.52522
2666	1.52524
2667	1.52526
2668	1.52528
2669	1.52529
2670	1.52531
2671	1.52533
2672	1.52535
2673	1.52536
2674	1.52538
2675	1.52539
2676	1.52541
2677	1.52543
2678	1.52544
2679	1.52546
2680	1.52547
2681	1.52548
2682	1.5255
2683	1.52551
2684	1.52553
2685	1.52554
2686	1.52555
2687	1.52557
2688	1.52558
2689	1.52559
2690	1.5256
2691	1.52562
2692	1.52563
2693	1.52564
2694	1.52565
2695	1.52566
2696	1.52567
2697	1.52568
2698	1.52569
2699	1.52571
2700	1.52572
2701	1.52573
2702	1.52574
2703	1.52575
2704	1.52576
2705	1.52577
2706	1.52578
2707	1.52579
2708	1.5258
2709	1.5258
2710	1.52581
2711	1.52582
2712	1.52583
2713	1.52584
2714	1.52585
2715	1.52586
2716	1.52587
2717	1.52588
2718	1.52588
2719	1.52589
2720	1.5259
2721	1.52591
2722	1.52592
2723	1.52592
2724	1.52593
2725	1.52594
2726	1.52595
2727	1.52595
2728	1.52596
2729	1.52597
2730	1.52598
2731	1.52598
2732	1.52599
2733	1.526
2734	1.52601
2735	1.52601
2736	1.52602
2737	1.52603
2738	1.52604
2739	1.52604
2740	1.52605
2741	1.52606
2742	1.52606
2743	1.52607
2744	1.52608
2745	1.52608
2746	1.52609
2747	1.5261
2748	1.52611
2749	1.52611
2750	1.52612
2751	1.52613
2752	1.52613
2753	1.52614
2754	1.52615
2755	1.52615
2756	1.52616
2757	1.52617
2758	1.52617
2759	1.52618
2760	1.52619
2761	1.52619
2762	1.5262
2763	1.52621
2764	1.52621
2765	1.52622
2766	1.52623
2767	1.52623
2768	1.52624
2769	1.52625
2770	1.52625
2771	1.52626
2772	1.52627
2773	1.52627
2774	1.52628
2775	1.52629
2776	1.52629
2777	1.5263
2778	1.52631
2779	1.52631
2780	1.52632
2781	1.52633
2782	1.52633
2783	1.52634
2784	1.52635
2785	1.52635
2786	1.52636
2787	1.52637
2788	1.52637
2789	1.52638
2790	1.52639
2791	1.52639
2792	1.5264
2793	1.52641
2794	1.52641
2795	1.52642
2796	1.52643
2797	1.52644
2798	1.52644
2799	1.52645
2800	1.52646
2801	1.52646
2802	1.52647
2803	1.52648
2804	1.52648
2805	1.52649
2806	1.5265
2807	1.5265
2808	1.52651
2809	1.52652
2810	1.52652
2811	1.52653
2812	1.52654
2813	1.52655
2814	1.52655
2815	1.52656
2816	1.52657
2817	1.52657
2818	1.52658
2819	1.52659
2820	1.5266
2821	1.5266
2822	1.52661
2823	1.52662
2824	1.52663
2825	1.52663
2826	1.52664
2827	1.52665
2828	1.52666
2829	1.52666
2830	1.52667
2831	1.52668
2832	1.52669
2833	1.5267
2834	1.5267
2835	1.52671
2836	1.52672
2837	1.52673
2838	1.52674
2839	1.52675
2840	1.52676
2841	1.52676
2842	1.52677
2843	1.52678
2844	1.52679
2845	1.5268
2846	1.52681
2847	1.52682
2848	1.52683
2849	1.52684
2850	1.52685
2851	1.52686
2852	1.52687
2853	1.52688
2854	1.52689
2855	1.5269
2856	1.52692
2857	1.52693
2858	1.52694
2859	1.52695
2860	1.52696
2861	1.52697
2862	1.52699
2863	1.527
2864	1.52701
2865	1.52703
2866	1.52704
2867	1.52705
2868	1.52707
2869	1.52708
2870	1.52709
2871	1.52711
2872	1.52712
2873	1.52714
2874	1.52715
2875	1.52717
2876	1.52718
2877	1.5272
2878	1.52721
2879	1.52723
2880	1.52724
2881	1.52726
2882	1.52727
2883	1.52729
2884	1.52731
2885	1.52732
2886	1.52734
2887	1.52736
2888	1.52737
2889	1.52739
2890	1.52741
2891	1.52742
2892	1.52744
2893	1.52746
2894	1.52748
2895	1.52749
2896	1.52751
2897	1.52753
2898	1.52755
2899	1.52756
2900	1.52758
2901	1.5276
2902	1.52762
2903	1.52763
2904	1.52765
2905	1.52767
2906	1.52769
2907	1.52771
2908	1.52772
2909	1.52774
2910	1.52776
2911	1.52778
2912	1.52779
2913	1.52781
2914	1.52783
2915	1.52785
2916	1.52786
2917	1.52788
2918	1.5279
2919	1.52791
2920	1.52793
2921	1.52795
2922	1.52796
2923	1.52798
2924	1.528
2925	1.52801
2926	1.52803
2927	1.52804
2928	1.52806
2929	1.52808
2930	1.52809
2931	1.52811
2932	1.52812
2933	1.52814
2934	1.52815
2935	1.52817
2936	1.52818
2937	1.52819
2938	1.52821
2939	1.52822
2940	1.52824
2941	1.52825
2942	1.52826
2943	1.52828
2944	1.52829
2945	1.5283
2946	1.52832
2947	1.52833
2948	1.52834
2949	1.52835
2950	1.52837
2951	1.52838
2952	1.52839
2953	1.5284
2954	1.52841
2955	1.52843
2956	1.52844
2957	1.52845
2958	1.52846
2959	1.52847
2960	1.52848
2961	1.52849
2962	1.5285
2963	1.52852
2964	1.52853
2965	1.52854
2966	1.52855
2967	1.52856
2968	1.52857
2969	1.52858
2970	1.52859
2971	1.5286
2972	1.52861
2973	1.52862
2974	1.52863
2975	1.52864
2976	1.52864
2977	1.52865
2978	1.52866
2979	1.52867
2980	1.52868
2981	1.52869
2982	1.5287
2983	1.52871
2984	1.52872
2985	1.52873
2986	1.52874
2987	1.52875
2988	1.52875
2989	1.52876
2990	1.52877
2991	1.52878
2992	1.52879
2993	1.5288
2994	1.52881
2995	1.52882
2996	1.52882
2997	1.52883
2998	1.52884
2999	1.52885
3000	1.52886
3001	1.52887
3002	1.52887
3003	1.52888
3004	1.52889
3005	1.5289
3006	1.52891
3007	1.52892
3008	1.52892
3009	1.52893
3010	1.52894
3011	1.52895
3012	1.52896
3013	1.52896
3014	1.52897
3015	1.52898
3016	1.52899
3017	1.529
3018	1.529
3019	1.52901
3020	1.52902
3021	1.52903
3022	1.52903
3023	1.52904
3024	1.52905
3025	1.52906
3026	1.52906
3027	1.52907
3028	1.52908
3029	1.52909
3030	1.52909
3031	1.5291
3032	1.52911
3033	1.52911
3034	1.52912
3035	1.52913
3036	1.52913
3037	1.52914
3038	1.52915
3039	1.52915
3040	1.52916
3041	1.52916
3042	1.52917
3043	1.52918
3044	1.52918
3045	1.52919
3046	1.52919
3047	1.5292
3048	1.5292
3049	1.52921
3050	1.52921
3051	1.52922
3052	1.52922
3053	1.52923
3054	1.52923
3055	1.52923
3056	1.52924
3057	1.52924
3058	1.52924
3059	1.52925
3060	1.52925
3061	1.52925
3062	1.52926
3063	1.52926
3064	1.52926
3065	1.52926
3066	1.52927
3067	1.52927
3068	1.52927
3069	1.52927
3070	1.52927
3071	1.52927
3072	1.52928
3073	1.52928
3074	1.52928
3075	1.52928
3076	1.52928
3077	1.52928
3078	1.52928
3079	1.52928
3080	1.52928
3081	1.52927
3082	1.52927
3083	1.52927
3084	1.52927
3085	1.52927
3086	1.52927
3087	1.52927
3088	1.52926
3089	1.52926
3090	1.52926
3091	1.52926
3092	1.52925
3093	1.52925
3094	1.52925
3095	1.52924
3096	1.52924
3097	1.52924
3098	1.52923
3099	1.52923
3100	1.52922
3101	1.52922
3102	1.52922
3103	1.52921
3104	1.52921
3105	1.5292
3106	1.5292
3107	1.52919
3108	1.52919
3109	1.52918
3110	1.52917
3111	1.52917
3112	1.52916
3113	1.52916
3114	1.52915
3115	1.52915
3116	1.52914
3117	1.52913
3118	1.52913
3119	1.52912
3120	1.52911
3121	1.52911
3122	1.5291
3123	1.52909
3124	1.52909
3125	1.52908
3126	1.52907
3127	1.52907
3128	1.52906
3129	1.52905
3130	1.52904
3131	1.52904
3132	1.52903
3133	1.52902
3134	1.52901
3135	1.52901
3136	1.529
3137	1.52899
3138	1.52898
3139	1.52897
3140	1.52897
3141	1.52896
3142	1.52895
3143	1.52894
3144	1.52893
3145	1.52893
3146	1.52892
3147	1.52891
3148	1.5289
3149	1.52889
3150	1.52888
3151	1.52888
3152	1.52887
3153	1.52886
3154	1.52885
3155	1.52884
3156	1.52883
3157	1.52882
3158	1.52881
3159	1.5288
3160	1.5288
3161	1.52879
3162	1.52878
3163	1.52877
3164	1.52876
3165	1.52875
3166	1.52874
3167	1.52872
3168	1.52871
3169	1.5287
3170	1.52869
3171	1.52868
3172	1.52867
3173	1.52866
3174	1.52864
3175	1.52863
3176	1.52862
3177	1.5286
3178	1.52859
3179	1.52857
3180	1.52856
3181	1.52854
3182	1.52853
3183	1.52851
3184	1.52849
3185	1.52847
3186	1.52845
3187	1.52843
3188	1.52841
3189	1.52839
3190	1.52837
3191	1.52835
3192	1.52832
3193	1.5283
3194	1.52827
3195	1.52824
3196	1.52821
3197	1.52818
3198	1.52815
3199	1.52812
3200	1.52808
3201	1.52805
3202	1.52801
3203	1.52797
3204	1.52793
3205	1.52788
3206	1.52784
3207	1.52779
3208	1.52774
3209	1.52769
3210	1.52764
3211	1.52758
3212	1.52753
3213	1.52747
3214	1.5274
3215	1.52734
3216	1.52727
3217	1.5272
3218	1.52713
3219	1.52706
3220	1.52698
3221	1.5269
3222	1.52681
3223	1.52673
3224	1.52664
3225	1.52655
3226	1.52645
3227	1.52636
3228	1.52626
3229	1.52615
3230	1.52605
3231	1.52594
3232	1.52582
3233	1.52571
3234	1.52559
3235	1.52547
3236	1.52534
3237	1.52522
3238	1.52509
3239	1.52495
3240	1.52482
3241	1.52468
3242	1.52454
3243	1.52439
3244	1.52425
3245	1.5241
3246	1.52394
3247	1.52379
3248	1.52363
3249	1.52347
3250	1.52331
3251	1.52314
3252	1.52298
3253	1.52281
3254	1.52264
3255	1.52246
3256	1.52229
3257	1.52211
3258	1.52193
3259	1.52175
3260	1.52157
3261	1.52139
3262	1.52121
3263	1.52102
3264	1.52083
3265	1.52065
3266	1.52046
3267	1.52027
3268	1.52008
3269	1.51989
3270	1.5197
3271	1.51951
3272	1.51932
3273	1.51912
3274	1.51893
3275	1.51874
3276	1.51855
3277	1.51836
3278	1.51817
3279	1.51798
3280	1.51779
3281	1.5176
3282	1.51741
3283	1.51722
3284	1.51703
3285	1.51684
3286	1.51666
3287	1.51647
3288	1.51629
3289	1.5161
3290	1.51592
3291	1.51574
3292	1.51556
3293	1.51538
3294	1.5152
3295	1.51503
3296	1.51486
3297	1.51468
3298	1.51451
3299	1.51434
3300	1.51417
3301	1.51401
3302	1.51384
3303	1.51368
3304	1.51352
3305	1.51336
3306	1.5132
3307	1.51304
3308	1.51289
3309	1.51273
3310	1.51258
3311	1.51243
3312	1.51228
3313	1.51214
3314	1.51199
3315	1.51185
3316	1.51171
3317	1.51157
3318	1.51143
3319	1.5113
3320	1.51116
3321	1.51103
3322	1.5109
3323	1.51077
3324	1.51065
3325	1.51052
3326	1.5104
3327	1.51028
3328	1.51016
3329	1.51005
3330	1.50993
3331	1.50982
3332	1.50971
3333	1.50961
3334	1.5095
3335	1.5094
3336	1.5093
3337	1.5092
3338	1.50911
3339	1.50902
3340	1.50893
3341	1.50884
3342	1.50875
3343	1.50867
3344	1.5086
3345	1.50852
3346	1.50845
3347	1.50838
3348	1.50832
3349	1.50825
3350	1.5082
3351	1.50814
3352	1.50809
3353	1.50805
3354	1.508
3355	1.50797
3356	1.50793
3357	1.5079
3358	1.50788
3359	1.50786
3360	1.50784
3361	1.50783
3362	1.50783
3363	1.50783
3364	1.50784
3365	1.50785
3366	1.50786
3367	1.50789
3368	1.50792
3369	1.50795
3370	1.50799
3371	1.50804
3372	1.50809
3373	1.50815
3374	1.50821
3375	1.50829
3376	1.50837
3377	1.50845
3378	1.50854
3379	1.50864
3380	1.50875
3381	1.50886
3382	1.50898
3383	1.50911
3384	1.50924
3385	1.50938
3386	1.50953
3387	1.50968
3388	1.50984
3389	1.51001
3390	1.51018
3391	1.51036
3392	1.51055
3393	1.51074
3394	1.51094
3395	1.51115
3396	1.51136
3397	1.51158
3398	1.5118
3399	1.51203
3400	1.51226
3401	1.5125
3402	1.51275
3403	1.513
3404	1.51325
3405	1.51351
3406	1.51378
3407	1.51404
3408	1.51431
3409	1.51459
3410	1.51486
3411	1.51514
3412	1.51543
3413	1.51571
3414	1.516
3415	1.51629
3416	1.51658
3417	1.51687
3418	1.51716
3419	1.51746
3420	1.51775
3421	1.51805
3422	1.51834
3423	1.51864
3424	1.51893
3425	1.51922
3426	1.51951
3427	1.5198
3428	1.52009
3429	1.52038
3430	1.52066
3431	1.52094
3432	1.52122
3433	1.52149
3434	1.52177
3435	1.52204
3436	1.5223
3437	1.52256
3438	1.52282
3439	1.52308
3440	1.52333
3441	1.52357
3442	1.52381
3443	1.52405
3444	1.52428
3445	1.52451
3446	1.52473
3447	1.52495
3448	1.52516
3449	1.52537
3450	1.52557
3451	1.52577
3452	1.52597
3453	1.52615
3454	1.52634
3455	1.52651
3456	1.52669
3457	1.52686
3458	1.52702
3459	1.52718
3460	1.52733
3461	1.52748
3462	1.52762
3463	1.52776
3464	1.5279
3465	1.52803
3466	1.52816
3467	1.52828
3468	1.5284
3469	1.52852
3470	1.52863
3471	1.52874
3472	1.52885
3473	1.52895
3474	1.52905
3475	1.52915
3476	1.52925
3477	1.52934
3478	1.52943
3479	1.52952
3480	1.52961
3481	1.52969
3482	1.52978
3483	1.52986
3484	1.52994
3485	1.53002
3486	1.5301
3487	1.53018
3488	1.53026
3489	1.53034
3490	1.53042
3491	1.5305
3492	1.53058
3493	1.53066
3494	1.53074
3495	1.53082
3496	1.53091
3497	1.53099
3498	1.53107
3499	1.53116
3500	1.53125
3501	1.53133
3502	1.53142
3503	1.53151
3504	1.53161
3505	1.5317
3506	1.5318
3507	1.5319
3508	1.532
3509	1.5321
3510	1.5322
3511	1.53231
3512	1.53242
3513	1.53253
3514	1.53264
3515	1.53275
3516	1.53287
3517	1.53299
3518	1.53311
3519	1.53323
3520	1.53336
3521	1.53349
3522	1.53361
3523	1.53375
3524	1.53388
3525	1.53401
3526	1.53415
3527	1.53429
3528	1.53442
3529	1.53457
3530	1.53471
3531	1.53485
3532	1.53499
3533	1.53514
3534	1.53529
3535	1.53543
3536	1.53558
3537	1.53573
3538	1.53588
3539	1.53603
3540	1.53618
3541	1.53632
3542	1.53647
3543	1.53662
3544	1.53677
3545	1.53692
3546	1.53706
3547	1.53721
3548	1.53735
3549	1.5375
3550	1.53764
3551	1.53778
3552	1.53792
3553	1.53806
3554	1.53819
3555	1.53832
3556	1.53845
3557	1.53858
3558	1.53871
3559	1.53883
3560	1.53895
3561	1.53907
3562	1.53918
3563	1.53929
3564	1.5394
3565	1.5395
3566	1.5396
3567	1.5397
3568	1.53979
3569	1.53988
3570	1.53996
3571	1.54004
3572	1.54012
3573	1.54019
3574	1.54025
3575	1.54032
3576	1.54037
3577	1.54043
3578	1.54048
3579	1.54052
3580	1.54056
3581	1.54059
3582	1.54062
3583	1.54065
3584	1.54067
3585	1.54068
3586	1.54069
3587	1.5407
3588	1.5407
3589	1.54069
3590	1.54069
3591	1.54067
3592	1.54065
3593	1.54063
3594	1.5406
3595	1.54057
3596	1.54054
3597	1.5405
3598	1.54045
3599	1.5404
3600	1.54035
3601	1.54029
3602	1.54023
3603	1.54016
3604	1.54009
3605	1.54002
3606	1.53995
3607	1.53987
3608	1.53978
3609	1.5397
3610	1.53961
3611	1.53952
3612	1.53942
3613	1.53932
3614	1.53922
3615	1.53912
3616	1.53902
3617	1.53891
3618	1.5388
3619	1.53869
3620	1.53858
3621	1.53846
3622	1.53835
3623	1.53823
3624	1.53811
3625	1.53799
3626	1.53787
3627	1.53775
3628	1.53763
3629	1.5375
3630	1.53738
3631	1.53726
3632	1.53713
3633	1.53701
3634	1.53689
3635	1.53676
3636	1.53664
3637	1.53651
3638	1.53639
3639	1.53627
3640	1.53615
3641	1.53603
3642	1.53591
3643	1.53579
3644	1.53567
3645	1.53555
3646	1.53543
3647	1.53532
3648	1.5352
3649	1.53509
3650	1.53498
3651	1.53487
3652	1.53476
3653	1.53465
3654	1.53454
3655	1.53444
3656	1.53434
3657	1.53423
3658	1.53413
3659	1.53404
3660	1.53394
3661	1.53385
3662	1.53375
3663	1.53366
3664	1.53357
3665	1.53348
3666	1.5334
3667	1.53332
3668	1.53323
3669	1.53315
3670	1.53307
3671	1.533
3672	1.53292
3673	1.53285
3674	1.53278
3675	1.53271
3676	1.53264
3677	1.53257
3678	1.53251
3679	1.53245
3680	1.53239
3681	1.53233
3682	1.53227
3683	1.53221
3684	1.53216
3685	1.53211
3686	1.53205
3687	1.532
3688	1.53196
3689	1.53191
3690	1.53186
3691	1.53182
3692	1.53178
3693	1.53173
3694	1.53169
3695	1.53165
3696	1.53162
3697	1.53158
3698	1.53155
3699	1.53151
3700	1.53148
3701	1.53145
3702	1.53142
3703	1.53139
3704	1.53136
3705	1.53133
3706	1.5313
3707	1.53128
3708	1.53125
3709	1.53123
3710	1.53121
3711	1.53119
3712	1.53116
3713	1.53114
3714	1.53112
3715	1.53111
3716	1.53109
3717	1.53107
3718	1.53106
3719	1.53104
3720	1.53103
3721	1.53101
3722	1.531
3723	1.53099
3724	1.53097
3725	1.53096
3726	1.53095
3727	1.53094
3728	1.53093
3729	1.53092
3730	1.53092
3731	1.53091
3732	1.5309
3733	1.53089
3734	1.53089
3735	1.53088
3736	1.53088
3737	1.53088
3738	1.53087
3739	1.53087
3740	1.53087
3741	1.53086
3742	1.53086
3743	1.53086
3744	1.53086
3745	1.53086
3746	1.53086
3747	1.53086
3748	1.53086
3749	1.53086
3750	1.53087
3751	1.53087
3752	1.53087
3753	1.53088
3754	1.53088
3755	1.53088
3756	1.53089
3757	1.53089
3758	1.5309
3759	1.5309
3760	1.53091
3761	1.53092
3762	1.53092
3763	1.53093
3764	1.53094
3765	1.53094
3766	1.53095
3767	1.53096
3768	1.53097
3769	1.53097
3770	1.53098
3771	1.53099
3772	1.531
3773	1.53101
3774	1.53102
3775	1.53103
3776	1.53104
3777	1.53104
3778	1.53105
3779	1.53106
3780	1.53107
3781	1.53108
3782	1.53109
3783	1.5311
3784	1.53111
3785	1.53112
3786	1.53113
3787	1.53114
3788	1.53115
3789	1.53116
3790	1.53117
3791	1.53118
3792	1.53119
3793	1.5312
3794	1.53121
3795	1.53122
3796	1.53122
3797	1.53123
3798	1.53124
3799	1.53125
3800	1.53126
3801	1.53127
3802	1.53127
3803	1.53128
3804	1.53129
3805	1.5313
3806	1.5313
3807	1.53131
3808	1.53132
3809	1.53132
3810	1.53133
3811	1.53134
3812	1.53134
3813	1.53135
3814	1.53135
3815	1.53136
3816	1.53136
3817	1.53137
3818	1.53137
3819	1.53138
3820	1.53138
3821	1.53139
3822	1.53139
3823	1.53139
3824	1.5314
3825	1.5314
3826	1.5314
3827	1.5314
3828	1.53141
3829	1.53141
3830	1.53141
3831	1.53141
3832	1.53141
3833	1.53141
3834	1.53141
3835	1.53141
3836	1.53141
3837	1.53141
3838	1.53141
3839	1.53141
3840	1.53141
3841	1.53141
3842	1.53141
3843	1.53141
3844	1.53141
3845	1.5314
3846	1.5314
3847	1.5314
3848	1.5314
3849	1.53139
3850	1.53139
3851	1.53139
3852	1.53138
3853	1.53138
3854	1.53138
3855	1.53137
3856	1.53137
3857	1.53136
3858	1.53136
3859	1.53135
3860	1.53135
3861	1.53134
3862	1.53133
3863	1.53133
3864	1.53132
3865	1.53132
3866	1.53131
3867	1.5313
3868	1.5313
3869	1.53129
3870	1.53128
3871	1.53127
3872	1.53127
3873	1.53126
3874	1.53125
3875	1.53124
3876	1.53123
3877	1.53122
3878	1.53121
3879	1.5312
3880	1.5312
3881	1.53119
3882	1.53118
3883	1.53117
3884	1.53116
3885	1.53115
3886	1.53114
3887	1.53112
3888	1.53111
3889	1.5311
3890	1.53109
3891	1.53108
3892	1.53107
3893	1.53106
3894	1.53105
3895	1.53103
3896	1.53102
3897	1.53101
3898	1.531
3899	1.53099
3900	1.53097
3901	1.53096
3902	1.53095
3903	1.53094
3904	1.53092
3905	1.53091
3906	1.5309
3907	1.53088
3908	1.53087
3909	1.53086
3910	1.53084
3911	1.53083
3912	1.53081
3913	1.5308
3914	1.53079
3915	1.53077
3916	1.53076
3917	1.53074
3918	1.53073
3919	1.53072
3920	1.5307
3921	1.53069
3922	1.53067
3923	1.53066
3924	1.53064
3925	1.53063
3926	1.53061
3927	1.5306
3928	1.53058
3929	1.53057
3930	1.53055
3931	1.53054
3932	1.53052
3933	1.53051
3934	1.53049
3935	1.53048
3936	1.53046
3937	1.53044
3938	1.53043
3939	1.53041
3940	1.5304
3941	1.53038
3942	1.53037
3943	1.53035
3944	1.53034
3945	1.53032
3946	1.5303
3947	1.53029
3948	1.53027
3949	1.53026
3950	1.53024
3951	1.53023
3952	1.53021
3953	1.53019
3954	1.53018
3955	1.53016
3956	1.53015
3957	1.53013
3958	1.53012
3959	1.5301
3960	1.53008
3961	1.53007
3962	1.53005
3963	1.53004
3964	1.53002
3965	1.53001
3966	1.52999
3967	1.52998
3968	1.52996
3969	1.52994
3970	1.52993
3971	1.52991
3972	1.5299
3973	1.52988
3974	1.52987
3975	1.52985
3976	1.52984
3977	1.52982
3978	1.52981
3979	1.52979
3980	1.52978
3981	1.52976
3982	1.52975
3983	1.52973
3984	1.52972
3985	1.5297
3986	1.52969
3987	1.52967
3988	1.52966
3989	1.52964
3990	1.52963
3991	1.52961
3992	1.5296
3993	1.52959
3994	1.52957
3995	1.52956
3996	1.52954
3997	1.52953
3998	1.52951
3999	1.5295
4000	1.52949
4001	1.52947
4002	1.52946
4003	1.52944
4004	1.52943
4005	1.52942
4006	1.5294
4007	1.52939
4008	1.52938
4009	1.52936
4010	1.52935
4011	1.52934
4012	1.52932
4013	1.52931
4014	1.5293
4015	1.52928
4016	1.52927
4017	1.52926
4018	1.52925
4019	1.52923
4020	1.52922
4021	1.52921
4022	1.52919
4023	1.52918
4024	1.52917
4025	1.52916
4026	1.52915
4027	1.52913
4028	1.52912
4029	1.52911
4030	1.5291
4031	1.52909
4032	1.52907
4033	1.52906
4034	1.52905
4035	1.52904
4036	1.52903
4037	1.52902
4038	1.529
4039	1.52899
4040	1.52898
4041	1.52897
4042	1.52896
4043	1.52895
4044	1.52894
4045	1.52893
4046	1.52891
4047	1.5289
4048	1.52889
4049	1.52888
4050	1.52887
4051	1.52886
4052	1.52885
4053	1.52884
4054	1.52883
4055	1.52882
4056	1.52881
4057	1.5288
4058	1.52879
4059	1.52878
4060	1.52877
4061	1.52876
4062	1.52875
4063	1.52874
4064	1.52873
4065	1.52872
4066	1.52871
4067	1.5287
4068	1.52869
4069	1.52868
4070	1.52867
4071	1.52866
4072	1.52866
4073	1.52865
4074	1.52864
4075	1.52863
4076	1.52862
4077	1.52861
4078	1.5286
4079	1.52859
4080	1.52859
4081	1.52858
4082	1.52857
4083	1.52856
4084	1.52855
4085	1.52854
4086	1.52854
4087	1.52853
4088	1.52852
4089	1.52851
4090	1.52851
4091	1.5285
4092	1.52849
4093	1.52848
4094	1.52848
4095	1.52847
4096	1.52846
4097	1.52845
4098	1.52845
4099	1.52844
4100	1.52843
4101	1.52843
4102	1.52842
4103	1.52841
4104	1.52841
4105	1.5284
4106	1.5284
4107	1.52839
4108	1.52838
4109	1.52838
4110	1.52837
4111	1.52837
4112	1.52836
4113	1.52836
4114	1.52835
4115	1.52835
4116	1.52834
4117	1.52834
4118	1.52833
4119	1.52833
4120	1.52832
4121	1.52832
4122	1.52832
4123	1.52831
4124	1.52831
4125	1.5283
4126	1.5283
4127	1.5283
4128	1.52829
4129	1.52829
4130	1.52829
4131	1.52828
4132	1.52828
4133	1.52828
4134	1.52827
4135	1.52827
4136	1.52827
4137	1.52826
4138	1.52826
4139	1.52826
4140	1.52826
4141	1.52825
4142	1.52825
4143	1.52825
4144	1.52825
4145	1.52825
4146	1.52824
4147	1.52824
4148	1.52824
4149	1.52824
4150	1.52824
4151	1.52823
4152	1.52823
4153	1.52823
4154	1.52823
4155	1.52823
4156	1.52823
4157	1.52822
4158	1.52822
4159	1.52822
4160	1.52822
4161	1.52822
4162	1.52822
4163	1.52822
4164	1.52822
4165	1.52821
4166	1.52821
4167	1.52821
4168	1.52821
4169	1.52821
4170	1.52821
4171	1.52821
4172	1.52821
4173	1.52821
4174	1.52821
4175	1.52821
4176	1.5282
4177	1.5282
4178	1.5282
4179	1.5282
4180	1.5282
4181	1.5282
4182	1.5282
4183	1.5282
4184	1.5282
4185	1.5282
4186	1.5282
4187	1.5282
4188	1.5282
4189	1.5282
4190	1.5282
4191	1.5282
4192	1.5282
4193	1.5282
4194	1.5282
4195	1.5282
4196	1.5282
4197	1.5282
4198	1.5282
4199	1.5282
4200	1.5282
4201	1.5282
4202	1.52821
4203	1.52821
4204	1.52821
4205	1.52821
4206	1.52821
4207	1.52821
4208	1.52821
4209	1.52822
4210	1.52822
4211	1.52822
4212	1.52822
4213	1.52823
4214	1.52823
4215	1.52823
4216	1.52823
4217	1.52824
4218	1.52824
4219	1.52824
4220	1.52825
4221	1.52825
4222	1.52826
4223	1.52826
4224	1.52826
4225	1.52827
4226	1.52827
4227	1.52828
4228	1.52828
4229	1.52829
4230	1.52829
4231	1.5283
4232	1.52831
4233	1.52831
4234	1.52832
4235	1.52832
4236	1.52833
4237	1.52834
4238	1.52834
4239	1.52835
4240	1.52836
4241	1.52836
4242	1.52837
4243	1.52838
4244	1.52838
4245	1.52839
4246	1.5284
4247	1.52841
4248	1.52841
4249	1.52842
4250	1.52843
4251	1.52844
4252	1.52844
4253	1.52845
4254	1.52846
4255	1.52847
4256	1.52847
4257	1.52848
4258	1.52849
4259	1.5285
4260	1.5285
4261	1.52851
4262	1.52852
4263	1.52853
4264	1.52853
4265	1.52854
4266	1.52855
4267	1.52855
4268	1.52856
4269	1.52857
4270	1.52857
4271	1.52858
4272	1.52859
4273	1.52859
4274	1.5286
4275	1.5286
4276	1.52861
4277	1.52862
4278	1.52862
4279	1.52863
4280	1.52863
4281	1.52864
4282	1.52864
4283	1.52864
4284	1.52865
4285	1.52865
4286	1.52866
4287	1.52866
4288	1.52866
4289	1.52867
4290	1.52867
4291	1.52867
4292	1.52868
4293	1.52868
4294	1.52868
4295	1.52869
4296	1.52869
4297	1.52869
4298	1.5287
4299	1.5287
4300	1.5287
4301	1.5287
4302	1.52871
4303	1.52871
4304	1.52871
4305	1.52872
4306	1.52872
4307	1.52872
4308	1.52873
4309	1.52873
4310	1.52874
4311	1.52874
4312	1.52874
4313	1.52875
4314	1.52876
4315	1.52876
4316	1.52877
4317	1.52878
4318	1.52878
4319	1.52879
4320	1.5288
4321	1.52881
4322	1.52882
4323	1.52883
4324	1.52884
4325	1.52886
4326	1.52887
4327	1.52888
4328	1.5289
4329	1.52892
4330	1.52893
4331	1.52895
4332	1.52897
4333	1.52899
4334	1.52901
4335	1.52904
4336	1.52906
4337	1.52909
4338	1.52911
4339	1.52914
4340	1.52917
4341	1.5292
4342	1.52924
4343	1.52927
4344	1.52931
4345	1.52934
4346	1.52938
4347	1.52942
4348	1.52947
4349	1.52951
4350	1.52956
4351	1.5296
4352	1.52965
4353	1.5297
4354	1.52976
4355	1.52981
4356	1.52987
4357	1.52993
4358	1.52999
4359	1.53005
4360	1.53012
4361	1.53019
4362	1.53025
4363	1.53033
4364	1.5304
4365	1.53047
4366	1.53055
4367	1.53063
4368	1.53071
4369	1.53079
4370	1.53088
4371	1.53096
4372	1.53105
4373	1.53114
4374	1.53124
4375	1.53133
4376	1.53143
4377	1.53152
4378	1.53162
4379	1.53173
4380	1.53183
4381	1.53193
4382	1.53204
4383	1.53215
4384	1.53226
4385	1.53237
4386	1.53248
4387	1.5326
4388	1.53272
4389	1.53283
4390	1.53295
4391	1.53307
4392	1.53319
4393	1.53331
4394	1.53344
4395	1.53356
4396	1.53369
4397	1.53381
4398	1.53394
4399	1.53407
4400	1.5342
4401	1.53432
4402	1.53445
4403	1.53458
4404	1.53471
4405	1.53484
4406	1.53497
4407	1.53511
4408	1.53524
4409	1.53537
4410	1.5355
4411	1.53563
4412	1.53576
4413	1.53589
4414	1.53602
4415	1.53615
4416	1.53628
4417	1.53641
4418	1.53654
4419	1.53667
4420	1.53679
4421	1.53692
4422	1.53704
4423	1.53717
4424	1.53729
4425	1.53741
4426	1.53754
4427	1.53766
4428	1.53778
4429	1.53789
4430	1.53801
4431	1.53813
4432	1.53824
4433	1.53835
4434	1.53847
4435	1.53858
4436	1.53868
4437	1.53879
4438	1.5389
4439	1.539
4440	1.5391
4441	1.5392
4442	1.5393
4443	1.5394
4444	1.53949
4445	1.53959
4446	1.53968
4447	1.53977
4448	1.53986
4449	1.53995
4450	1.54003
4451	1.54011
4452	1.54019
4453	1.54027
4454	1.54035
4455	1.54043
4456	1.5405
4457	1.54057
4458	1.54064
4459	1.5407
4460	1.54077
4461	1.54083
4462	1.54089
4463	1.54095
4464	1.54101
4465	1.54106
4466	1.54111
4467	1.54116
4468	1.54121
4469	1.54125
4470	1.54129
4471	1.54133
4472	1.54137
4473	1.5414
4474	1.54143
4475	1.54146
4476	1.54148
4477	1.5415
4478	1.54152
4479	1.54154
4480	1.54155
4481	1.54156
4482	1.54157
4483	1.54157
4484	1.54157
4485	1.54157
4486	1.54156
4487	1.54155
4488	1.54153
4489	1.54152
4490	1.54149
4491	1.54147
4492	1.54144
4493	1.54141
4494	1.54137
4495	1.54133
4496	1.54128
4497	1.54123
4498	1.54118
4499	1.54112
4500	1.54106
4501	1.54099
4502	1.54092
4503	1.54085
4504	1.54077
4505	1.54069
4506	1.5406
4507	1.54051
4508	1.54041
4509	1.54031
4510	1.54021
4511	1.5401
4512	1.53999
4513	1.53987
4514	1.53975
4515	1.53963
4516	1.5395
4517	1.53937
4518	1.53923
4519	1.53909
4520	1.53895
4521	1.5388
4522	1.53866
4523	1.5385
4524	1.53835
4525	1.53819
4526	1.53803
4527	1.53787
4528	1.5377
4529	1.53753
4530	1.53736
4531	1.53719
4532	1.53702
4533	1.53684
4534	1.53667
4535	1.53649
4536	1.53631
4537	1.53613
4538	1.53595
4539	1.53576
4540	1.53558
4541	1.5354
4542	1.53522
4543	1.53503
4544	1.53485
4545	1.53467
4546	1.53448
4547	1.5343
4548	1.53412
4549	1.53394
4550	1.53376
4551	1.53359
4552	1.53341
4553	1.53323
4554	1.53306
4555	1.53289
4556	1.53272
4557	1.53255
4558	1.53239
4559	1.53222
4560	1.53206
4561	1.5319
4562	1.53174
4563	1.53159
4564	1.53144
4565	1.53129
4566	1.53114
4567	1.531
4568	1.53086
4569	1.53072
4570	1.53058
4571	1.53045
4572	1.53032
4573	1.53019
4574	1.53006
4575	1.52994
4576	1.52982
4577	1.5297
4578	1.52959
4579	1.52947
4580	1.52936
4581	1.52926
4582	1.52915
4583	1.52905
4584	1.52895
4585	1.52885
4586	1.52876
4587	1.52866
4588	1.52857
4589	1.52848
4590	1.5284
4591	1.52831
4592	1.52823
4593	1.52815
4594	1.52807
4595	1.52799
4596	1.52791
4597	1.52784
4598	1.52777
4599	1.52769
4600	1.52762
4601	1.52755
4602	1.52749
4603	1.52742
4604	1.52736
4605	1.52729
4606	1.52723
4607	1.52717
4608	1.52711
4609	1.52704
4610	1.52699
4611	1.52693
4612	1.52687
4613	1.52681
4614	1.52676
4615	1.5267
4616	1.52665
4617	1.52659
4618	1.52654
4619	1.52649
4620	1.52643
4621	1.52638
4622	1.52633
4623	1.52628
4624	1.52623
4625	1.52618
4626	1.52613
4627	1.52609
4628	1.52604
4629	1.52599
4630	1.52595
4631	1.5259
4632	1.52586
4633	1.52581
4634	1.52577
4635	1.52573
4636	1.52569
4637	1.52565
4638	1.52561
4639	1.52557
4640	1.52553
4641	1.5255
4642	1.52546
4643	1.52542
4644	1.52539
4645	1.52536
4646	1.52533
4647	1.5253
4648	1.52527
4649	1.52524
4650	1.52521
4651	1.52519
4652	1.52516
4653	1.52514
4654	1.52512
4655	1.52509
4656	1.52507
4657	1.52506
4658	1.52504
4659	1.52502
4660	1.52501
4661	1.525
4662	1.52499
4663	1.52498
4664	1.52497
4665	1.52496
4666	1.52496
4667	1.52495
4668	1.52495
4669	1.52495
4670	1.52495
4671	1.52495
4672	1.52495
4673	1.52496
4674	1.52496
4675	1.52497
4676	1.52498
4677	1.52499
4678	1.525
4679	1.52502
4680	1.52503
4681	1.52505
4682	1.52506
4683	1.52508
4684	1.5251
4685	1.52512
4686	1.52514
4687	1.52516
4688	1.52519
4689	1.52521
4690	1.52524
4691	1.52526
4692	1.52529
4693	1.52532
4694	1.52535
4695	1.52538
4696	1.52541
4697	1.52544
4698	1.52548
4699	1.52551
4700	1.52554
4701	1.52558
4702	1.52561
4703	1.52565
4704	1.52569
4705	1.52572
4706	1.52576
4707	1.5258
4708	1.52584
4709	1.52588
4710	1.52591
4711	1.52595
4712	1.52599
4713	1.52603
4714	1.52607
4715	1.52611
4716	1.52615
4717	1.52619
4718	1.52623
4719	1.52627
4720	1.52631
4721	1.52635
4722	1.52639
4723	1.52643
4724	1.52647
4725	1.52651
4726	1.52654
4727	1.52658
4728	1.52662
4729	1.52666
4730	1.52669
4731	1.52673
4732	1.52677
4733	1.5268
4734	1.52684
4735	1.52687
4736	1.52691
4737	1.52694
4738	1.52698
4739	1.52701
4740	1.52704
4741	1.52707
4742	1.52711
4743	1.52714
4744	1.52717
4745	1.5272
4746	1.52723
4747	1.52725
4748	1.52728
4749	1.52731
4750	1.52733
4751	1.52736
4752	1.52739
4753	1.52741
4754	1.52743
4755	1.52746
4756	1.52748
4757	1.5275
4758	1.52752
4759	1.52754
4760	1.52756
4761	1.52758
4762	1.5276
4763	1.52762
4764	1.52763
4765	1.52765
4766	1.52766
4767	1.52768
4768	1.52769
4769	1.52771
4770	1.52772
4771	1.52773
4772	1.52774
4773	1.52776
4774	1.52777
4775	1.52778
4776	1.52779
4777	1.5278
4778	1.5278
4779	1.52781
4780	1.52782
4781	1.52783
4782	1.52783
4783	1.52784
4784	1.52785
4785	1.52785
4786	1.52786
4787	1.52786
4788	1.52786
4789	1.52787
4790	1.52787
4791	1.52787
4792	1.52788
4793	1.52788
4794	1.52788
4795	1.52788
4796	1.52788
4797	1.52788
4798	1.52789
4799	1.52789
4800	1.52789
4801	1.52789
4802	1.52789
4803	1.52789
4804	1.52789
4805	1.52789
4806	1.52788
4807	1.52788
4808	1.52788
4809	1.52788
4810	1.52788
4811	1.52788
4812	1.52788
4813	1.52788
4814	1.52787
4815	1.52787
4816	1.52787
4817	1.52787
4818	1.52787
4819	1.52787
4820	1.52786
4821	1.52786
4822	1.52786
4823	1.52786
4824	1.52786
4825	1.52785
4826	1.52785
4827	1.52785
4828	1.52785
4829	1.52785
4830	1.52784
4831	1.52784
4832	1.52784
4833	1.52784
4834	1.52784
4835	1.52784
4836	1.52783
4837	1.52783
4838	1.52783
4839	1.52783
4840	1.52783
4841	1.52783
4842	1.52782
4843	1.52782
4844	1.52782
4845	1.52782
4846	1.52782
4847	1.52782
4848	1.52782
4849	1.52782
4850	1.52781
4851	1.52781
4852	1.52781
4853	1.52781
4854	1.52781
4855	1.52781
4856	1.52781
4857	1.52781
4858	1.52781
4859	1.52781
4860	1.5278
4861	1.5278
4862	1.5278
4863	1.5278
4864	1.5278
4865	1.5278
4866	1.5278
4867	1.5278
4868	1.5278
4869	1.5278
4870	1.5278
4871	1.5278
4872	1.5278
4873	1.5278
4874	1.5278
4875	1.5278
4876	1.5278
4877	1.5278
4878	1.5278
4879	1.5278
4880	1.5278
4881	1.5278
4882	1.5278
4883	1.5278
4884	1.5278
4885	1.5278
4886	1.5278
4887	1.5278
4888	1.5278
4889	1.5278
4890	1.5278
4891	1.5278
4892	1.5278
4893	1.5278
4894	1.5278
4895	1.5278
4896	1.5278
4897	1.5278
4898	1.52781
4899	1.52781
4900	1.52781
4901	1.52781
4902	1.52781
4903	1.52781
4904	1.52781
4905	1.52781
4906	1.52782
4907	1.52782
4908	1.52782
4909	1.52782
4910	1.52782
4911	1.52783
4912	1.52783
4913	1.52783
4914	1.52783
4915	1.52783
4916	1.52784
4917	1.52784
4918	1.52784
4919	1.52785
4920	1.52785
4921	1.52785
4922	1.52785
4923	1.52786
4924	1.52786
4925	1.52786
4926	1.52787
4927	1.52787
4928	1.52788
4929	1.52788
4930	1.52788
4931	1.52789
4932	1.52789
4933	1.5279
4934	1.5279
4935	1.52791
4936	1.52791
4937	1.52791
4938	1.52792
4939	1.52792
4940	1.52793
4941	1.52793
4942	1.52794
4943	1.52795
4944	1.52795
4945	1.52796
4946	1.52796
4947	1.52797
4948	1.52797
4949	1.52798
4950	1.52799
4951	1.52799
4952	1.528
4953	1.52801
4954	1.52801
4955	1.52802
4956	1.52803
4957	1.52803
4958	1.52804
4959	1.52805
4960	1.52805
4961	1.52806
4962	1.52807
4963	1.52808
4964	1.52808
4965	1.52809
4966	1.5281
4967	1.52811
4968	1.52812
4969	1.52812
4970	1.52813
4971	1.52814
4972	1.52815
4973	1.52816
4974	1.52817
4975	1.52818
4976	1.52818
4977	1.52819
4978	1.5282
4979	1.52821
4980	1.52822
4981	1.52823
4982	1.52824
4983	1.52825
4984	1.52826
4985	1.52827
4986	1.52828
4987	1.52829
4988	1.52829
4989	1.5283
4990	1.52831
4991	1.52832
4992	1.52833
4993	1.52834
4994	1.52835
4995	1.52836
4996	1.52837
4997	1.52838
4998	1.52839
4999	1.5284
5000	1.52841
5001	1.52842
5002	1.52843
5003	1.52844
5004	1.52845
5005	1.52846
5006	1.52848
5007	1.52849
5008	1.5285
5009	1.52851
5010	1.52852
5011	1.52853
5012	1.52854
5013	1.52855
5014	1.52856
5015	1.52857
5016	1.52858
5017	1.52859
5018	1.5286
5019	1.52861
5020	1.52862
5021	1.52863
5022	1.52864
5023	1.52865
5024	1.52866
5025	1.52867
5026	1.52868
5027	1.52869
5028	1.5287
5029	1.52871
5030	1.52872
5031	1.52873
5032	1.52874
5033	1.52875
5034	1.52876
5035	1.52877
5036	1.52878
5037	1.52879
5038	1.5288
5039	1.52881
5040	1.52882
5041	1.52883
5042	1.52884
5043	1.52885
5044	1.52886
5045	1.52887
5046	1.52888
5047	1.52889
5048	1.5289
5049	1.52891
5050	1.52892
5051	1.52893
5052	1.52894
5053	1.52895
5054	1.52896
5055	1.52897
5056	1.52898
5057	1.52899
5058	1.52899
5059	1.529
5060	1.52901
5061	1.52902
5062	1.52903
5063	1.52904
5064	1.52905
5065	1.52906
5066	1.52907
5067	1.52907
5068	1.52908
5069	1.52909
5070	1.5291
5071	1.52911
5072	1.52912
5073	1.52913
5074	1.52913
5075	1.52914
5076	1.52915
5077	1.52916
5078	1.52917
5079	1.52917
5080	1.52918
5081	1.52919
5082	1.5292
5083	1.52921
5084	1.52921
5085	1.52922
5086	1.52923
5087	1.52924
5088	1.52924
5089	1.52925
5090	1.52926
5091	1.52927
5092	1.52927
5093	1.52928
5094	1.52929
5095	1.52929
5096	1.5293
5097	1.52931
5098	1.52931
5099	1.52932
5100	1.52933
5101	1.52933
5102	1.52934
5103	1.52935
5104	1.52935
5105	1.52936
5106	1.52937
5107	1.52937
5108	1.52938
5109	1.52939
5110	1.52939
5111	1.5294
5112	1.5294
5113	1.52941
5114	1.52942
5115	1.52942
5116	1.52943
5117	1.52943
5118	1.52944
5119	1.52944
5120	1.52945
5121	1.52945
5122	1.52946
5123	1.52947
5124	1.52947
5125	1.52948
5126	1.52948
5127	1.52949
5128	1.52949
5129	1.5295
5130	1.5295
5131	1.52951
5132	1.52951
5133	1.52952
5134	1.52952
5135	1.52952
5136	1.52953
5137	1.52953
5138	1.52954
5139	1.52954
5140	1.52955
5141	1.52955
5142	1.52955
5143	1.52956
5144	1.52956
5145	1.52957
5146	1.52957
5147	1.52957
5148	1.52958
5149	1.52958
5150	1.52959
5151	1.52959
5152	1.52959
5153	1.5296
5154	1.5296
5155	1.5296
5156	1.52961
5157	1.52961
5158	1.52961
5159	1.52962
5160	1.52962
5161	1.52962
5162	1.52963
5163	1.52963
5164	1.52963
5165	1.52964
5166	1.52964
5167	1.52964
5168	1.52965
5169	1.52965
5170	1.52965
5171	1.52965
5172	1.52966
5173	1.52966
5174	1.52966
5175	1.52966
5176	1.52967
5177	1.52967
5178	1.52967
5179	1.52967
5180	1.52968
5181	1.52968
5182	1.52968
5183	1.52968
5184	1.52969
5185	1.52969
5186	1.52969
5187	1.52969
5188	1.52969
5189	1.5297
5190	1.5297
5191	1.5297
5192	1.5297
5193	1.5297
5194	1.5297
5195	1.52971
5196	1.52971
5197	1.52971
5198	1.52971
5199	1.52971
5200	1.52971
5201	1.52972
5202	1.52972
5203	1.52972
5204	1.52972
5205	1.52972
5206	1.52972
5207	1.52972
5208	1.52972
5209	1.52972
5210	1.52972
5211	1.52972
5212	1.52972
5213	1.52973
5214	1.52973
5215	1.52973
5216	1.52973
5217	1.52973
5218	1.52973
5219	1.52973
5220	1.52973
5221	1.52973
5222	1.52973
5223	1.52972
5224	1.52972
5225	1.52972
5226	1.52972
5227	1.52972
5228	1.52972
5229	1.52972
5230	1.52972
5231	1.52972
5232	1.52972
5233	1.52972
5234	1.52971
5235	1.52971
5236	1.52971
5237	1.52971
5238	1.52971
5239	1.52971
5240	1.5297
5241	1.5297
5242	1.5297
5243	1.5297
5244	1.52969
5245	1.52969
5246	1.52969
5247	1.52969
5248	1.52968
5249	1.52968
5250	1.52968
5251	1.52967
5252	1.52967
5253	1.52967
5254	1.52966
5255	1.52966
5256	1.52965
5257	1.52965
5258	1.52965
5259	1.52964
5260	1.52964
5261	1.52963
5262	1.52963
5263	1.52963
5264	1.52962
5265	1.52962
5266	1.52961
5267	1.52961
5268	1.5296
5269	1.5296
5270	1.52959
5271	1.52959
5272	1.52958
5273	1.52958
5274	1.52957
5275	1.52956
5276	1.52956
5277	1.52955
5278	1.52955
5279	1.52954
5280	1.52954
5281	1.52953
5282	1.52952
5283	1.52952
5284	1.52951
5285	1.5295
5286	1.5295
5287	1.52949
5288	1.52949
5289	1.52948
5290	1.52947
5291	1.52947
5292	1.52946
5293	1.52945
5294	1.52944
5295	1.52944
5296	1.52943
5297	1.52942
5298	1.52942
5299	1.52941
5300	1.5294
5301	1.5294
5302	1.52939
5303	1.52938
5304	1.52937
5305	1.52937
5306	1.52936
5307	1.52935
5308	1.52934
5309	1.52934
5310	1.52933
5311	1.52932
5312	1.52931
5313	1.52931
5314	1.5293
5315	1.52929
5316	1.52928
5317	1.52927
5318	1.52927
5319	1.52926
5320	1.52925
5321	1.52924
5322	1.52923
5323	1.52923
5324	1.52922
5325	1.52921
5326	1.5292
5327	1.52919
5328	1.52919
5329	1.52918
5330	1.52917
5331	1.52916
5332	1.52915
5333	1.52914
5334	1.52913
5335	1.52913
5336	1.52912
5337	1.52911
5338	1.5291
5339	1.52909
5340	1.52908
5341	1.52907
5342	1.52907
5343	1.52906
5344	1.52905
5345	1.52904
5346	1.52903
5347	1.52902
5348	1.52901
5349	1.529
5350	1.529
5351	1.52899
5352	1.52898
5353	1.52897
5354	1.52896
5355	1.52895
5356	1.52894
5357	1.52893
5358	1.52892
5359	1.52891
5360	1.52891
5361	1.5289
5362	1.52889
5363	1.52888
5364	1.52887
5365	1.52886
5366	1.52885
5367	1.52884
5368	1.52883
5369	1.52883
5370	1.52882
5371	1.52881
5372	1.5288
5373	1.52879
5374	1.52878
5375	1.52877
5376	1.52876
5377	1.52876
5378	1.52875
5379	1.52874
5380	1.52873
5381	1.52872
5382	1.52871
5383	1.52871
5384	1.5287
5385	1.52869
5386	1.52868
5387	1.52867
5388	1.52867
5389	1.52866
5390	1.52865
5391	1.52864
5392	1.52863
5393	1.52863
5394	1.52862
5395	1.52861
5396	1.5286
5397	1.5286
5398	1.52859
5399	1.52858
5400	1.52858
5401	1.52857
5402	1.52856
5403	1.52855
5404	1.52855
5405	1.52854
5406	1.52853
5407	1.52853
5408	1.52852
5409	1.52851
5410	1.5285
5411	1.5285
5412	1.52849
5413	1.52848
5414	1.52848
5415	1.52847
5416	1.52846
5417	1.52845
5418	1.52845
5419	1.52844
5420	1.52843
5421	1.52842
5422	1.52842
5423	1.52841
5424	1.5284
5425	1.52839
5426	1.52838
5427	1.52837
5428	1.52836
5429	1.52835
5430	1.52834
5431	1.52833
5432	1.52832
5433	1.52831
5434	1.5283
5435	1.52829
5436	1.52828
5437	1.52827
5438	1.52825
5439	1.52824
5440	1.52823
5441	1.52821
5442	1.5282
5443	1.52818
5444	1.52817
5445	1.52815
5446	1.52813
5447	1.52812
5448	1.5281
5449	1.52808
5450	1.52806
5451	1.52804
5452	1.52802
5453	1.528
5454	1.52797
5455	1.52795
5456	1.52793
5457	1.5279
5458	1.52787
5459	1.52785
5460	1.52782
5461	1.52779
5462	1.52776
5463	1.52773
5464	1.5277
5465	1.52766
5466	1.52763
5467	1.52759
5468	1.52756
5469	1.52752
5470	1.52748
5471	1.52744
5472	1.5274
5473	1.52736
5474	1.52731
5475	1.52727
5476	1.52722
5477	1.52717
5478	1.52713
5479	1.52708
5480	1.52702
5481	1.52697
5482	1.52692
5483	1.52686
5484	1.52681
5485	1.52675
5486	1.52669
5487	1.52663
5488	1.52656
5489	1.5265
5490	1.52644
5491	1.52637
5492	1.5263
5493	1.52623
5494	1.52616
5495	1.52609
5496	1.52601
5497	1.52594
5498	1.52586
5499	1.52578
5500	1.5257
5501	1.52562
5502	1.52554
5503	1.52546
5504	1.52537
5505	1.52529
5506	1.5252
5507	1.52511
5508	1.52502
5509	1.52493
5510	1.52483
5511	1.52474
5512	1.52464
5513	1.52454
5514	1.52445
5515	1.52435
5516	1.52424
5517	1.52414
5518	1.52404
5519	1.52393
5520	1.52383
5521	1.52372
5522	1.52361
5523	1.5235
5524	1.52339
5525	1.52328
5526	1.52317
5527	1.52305
5528	1.52294
5529	1.52282
5530	1.52271
5531	1.52259
5532	1.52247
5533	1.52235
5534	1.52223
5535	1.52211
5536	1.52199
5537	1.52187
5538	1.52174
5539	1.52162
5540	1.5215
5541	1.52137
5542	1.52125
5543	1.52112
5544	1.52099
5545	1.52087
5546	1.52074
5547	1.52061
5548	1.52049
5549	1.52036
5550	1.52023
5551	1.5201
5552	1.51997
5553	1.51985
5554	1.51972
5555	1.51959
5556	1.51946
5557	1.51934
5558	1.51921
5559	1.51908
5560	1.51896
5561	1.51883
5562	1.51871
5563	1.51858
5564	1.51846
5565	1.51834
5566	1.51822
5567	1.5181
5568	1.51798
5569	1.51786
5570	1.51774
5571	1.51762
5572	1.51751
5573	1.51739
5574	1.51728
5575	1.51717
5576	1.51706
5577	1.51696
5578	1.51685
5579	1.51675
5580	1.51665
5581	1.51655
5582	1.51645
5583	1.51635
5584	1.51626
5585	1.51617
5586	1.51608
5587	1.516
5588	1.51591
5589	1.51583
5590	1.51576
5591	1.51568
5592	1.51561
5593	1.51554
5594	1.51548
5595	1.51542
5596	1.51536
5597	1.5153
5598	1.51525
5599	1.5152
5600	1.51516
5601	1.51512
5602	1.51508
5603	1.51505
5604	1.51502
5605	1.51499
5606	1.51497
5607	1.51495
5608	1.51494
5609	1.51493
5610	1.51492
5611	1.51492
5612	1.51493
5613	1.51493
5614	1.51495
5615	1.51496
5616	1.51498
5617	1.51501
5618	1.51504
5619	1.51507
5620	1.51511
5621	1.51515
5622	1.5152
5623	1.51525
5624	1.51531
5625	1.51537
5626	1.51543
5627	1.5155
5628	1.51558
5629	1.51565
5630	1.51574
5631	1.51582
5632	1.51591
5633	1.51601
5634	1.51611
5635	1.51621
5636	1.51632
5637	1.51643
5638	1.51655
5639	1.51667
5640	1.5168
5641	1.51692
5642	1.51706
5643	1.51719
5644	1.51733
5645	1.51747
5646	1.51762
5647	1.51777
5648	1.51792
5649	1.51808
5650	1.51824
5651	1.5184
5652	1.51857
5653	1.51873
5654	1.51891
5655	1.51908
5656	1.51926
5657	1.51943
5658	1.51961
5659	1.5198
5660	1.51998
5661	1.52017
5662	1.52036
5663	1.52055
5664	1.52074
5665	1.52094
5666	1.52113
5667	1.52133
5668	1.52153
5669	1.52173
5670	1.52193
5671	1.52213
5672	1.52233
5673	1.52253
5674	1.52274
5675	1.52294
5676	1.52314
5677	1.52335
5678	1.52355
5679	1.52375
5680	1.52396
5681	1.52416
5682	1.52436
5683	1.52457
5684	1.52477
5685	1.52497
5686	1.52517
5687	1.52537
5688	1.52557
5689	1.52576
5690	1.52596
5691	1.52615
5692	1.52635
5693	1.52654
5694	1.52673
5695	1.52692
5696	1.5271
5697	1.52729
5698	1.52747
5699	1.52765
5700	1.52783
5701	1.52801
5702	1.52818
5703	1.52836
5704	1.52853
5705	1.52869
5706	1.52886
5707	1.52902
5708	1.52918
5709	1.52934
5710	1.5295
5711	1.52965
5712	1.5298
5713	1.52995
5714	1.53009
5715	1.53023
5716	1.53037
5717	1.53051
5718	1.53064
5719	1.53077
5720	1.5309
5721	1.53102
5722	1.53114
5723	1.53126
5724	1.53138
5725	1.53149
5726	1.5316
5727	1.5317
5728	1.53181
5729	1.5319
5730	1.532
5731	1.5321
5732	1.53219
5733	1.53227
5734	1.53236
5735	1.53244
5736	1.53252
5737	1.53259
5738	1.53267
5739	1.53274
5740	1.5328
5741	1.53287
5742	1.53293
5743	1.53299
5744	1.53304
5745	1.53309
5746	1.53314
5747	1.53319
5748	1.53323
5749	1.53328
5750	1.53332
5751	1.53335
5752	1.53338
5753	1.53342
5754	1.53344
5755	1.53347
5756	1.53349
5757	1.53352
5758	1.53353
5759	1.53355
5760	1.53356
5761	1.53358
5762	1.53359
5763	1.53359
5764	1.5336
5765	1.5336
5766	1.5336
5767	1.5336
5768	1.5336
5769	1.5336
5770	1.53359
5771	1.53358
5772	1.53357
5773	1.53356
5774	1.53355
5775	1.53353
5776	1.53352
5777	1.5335
5778	1.53348
5779	1.53346
5780	1.53344
5781	1.53341
5782	1.53339
5783	1.53336
5784	1.53334
5785	1.53331
5786	1.53328
5787	1.53325
5788	1.53322
5789	1.53319
5790	1.53315
5791	1.53312
5792	1.53308
5793	1.53305
5794	1.53301
5795	1.53297
5796	1.53294
5797	1.5329
5798	1.53286
5799	1.53282
5800	1.53278
5801	1.53274
5802	1.5327
5803	1.53265
5804	1.53261
5805	1.53257
5806	1.53253
5807	1.53248
5808	1.53244
5809	1.5324
5810	1.53235
5811	1.53231
5812	1.53226
5813	1.53222
5814	1.53217
5815	1.53213
5816	1.53208
5817	1.53204
5818	1.532
5819	1.53195
5820	1.53191
5821	1.53186
5822	1.53182
5823	1.53177
5824	1.53173
5825	1.53169
5826	1.53164
5827	1.5316
5828	1.53156
5829	1.53151
5830	1.53147
5831	1.53143
5832	1.53138
5833	1.53134
5834	1.5313
5835	1.53126
5836	1.53122
5837	1.53118
5838	1.53114
5839	1.5311
5840	1.53106
5841	1.53102
5842	1.53098
5843	1.53094
5844	1.53091
5845	1.53087
5846	1.53083
5847	1.5308
5848	1.53076
5849	1.53072
5850	1.53069
5851	1.53066
5852	1.53062
5853	1.53059
5854	1.53056
5855	1.53052
5856	1.53049
5857	1.53046
5858	1.53043
5859	1.5304
5860	1.53037
5861	1.53034
5862	1.53031
5863	1.53029
5864	1.53026
5865	1.53023
5866	1.53021
5867	1.53018
5868	1.53016
5869	1.53013
5870	1.53011
5871	1.53009
5872	1.53007
5873	1.53004
5874	1.53002
5875	1.53
5876	1.52998
5877	1.52996
5878	1.52995
5879	1.52993
5880	1.52991
5881	1.5299
5882	1.52988
5883	1.52986
5884	1.52985
5885	1.52984
5886	1.52982
5887	1.52981
5888	1.5298
5889	1.52979
5890	1.52978
5891	1.52977
5892	1.52976
5893	1.52975
5894	1.52974
5895	1.52973
5896	1.52973
5897	1.52972
5898	1.52971
5899	1.52971
5900	1.52971
5901	1.5297
5902	1.5297
5903	1.5297
5904	1.52969
5905	1.52969
5906	1.52969
5907	1.52969
5908	1.52969
5909	1.52969
5910	1.52969
5911	1.52969
5912	1.5297
5913	1.5297
5914	1.5297
5915	1.5297
5916	1.52971
5917	1.52971
5918	1.52972
5919	1.52972
5920	1.52973
5921	1.52973
5922	1.52974
5923	1.52975
5924	1.52975
5925	1.52976
5926	1.52977
5927	1.52978
5928	1.52978
5929	1.52979
5930	1.5298
5931	1.52981
5932	1.52982
5933	1.52983
5934	1.52984
5935	1.52985
5936	1.52986
5937	1.52987
5938	1.52988
5939	1.52989
5940	1.5299
5941	1.52991
5942	1.52992
5943	1.52993
5944	1.52994
5945	1.52995
5946	1.52996
5947	1.52997
5948	1.52998
5949	1.52999
5950	1.53
5951	1.53001
5952	1.53002
5953	1.53003
5954	1.53004
5955	1.53005
5956	1.53006
5957	1.53007
5958	1.53008
5959	1.53009
5960	1.5301
5961	1.53011
5962	1.53011
5963	1.53012
5964	1.53013
5965	1.53014
5966	1.53014
5967	1.53015
5968	1.53016
5969	1.53016
5970	1.53017
5971	1.53017
5972	1.53018
5973	1.53018
5974	1.53019
5975	1.53019
5976	1.5302
5977	1.5302
5978	1.5302
5979	1.5302
5980	1.53021
5981	1.53021
5982	1.53021
5983	1.53021
5984	1.53021
5985	1.53021
5986	1.53021
5987	1.53021
5988	1.53021
5989	1.5302
5990	1.5302
5991	1.5302
5992	1.5302
5993	1.53019
5994	1.53019
5995	1.53018
5996	1.53018
5997	1.53017
5998	1.53017
5999	1.53016
6000	1.53015
6001	1.53015
6002	1.53014
6003	1.53013
6004	1.53012
6005	1.53012
6006	1.53011
6007	1.5301
6008	1.53009
6009	1.53008
6010	1.53007
6011	1.53006
6012	1.53004
6013	1.53003
6014	1.53002
6015	1.53001
6016	1.53
6017	1.52998
6018	1.52997
6019	1.52996
6020	1.52994
6021	1.52993
6022	1.52991
6023	1.5299
6024	1.52988
6025	1.52987
6026	1.52985
6027	1.52984
6028	1.52982
6029	1.52981
6030	1.52979
6031	1.52977
6032	1.52976
6033	1.52974
6034	1.52972
6035	1.52971
6036	1.52969
6037	1.52967
6038	1.52966
6039	1.52964
6040	1.52962
6041	1.5296
6042	1.52959
6043	1.52957
6044	1.52955
6045	1.52953
6046	1.52951
6047	1.5295
6048	1.52948
6049	1.52946
6050	1.52944
6051	1.52942
6052	1.52941
6053	1.52939
6054	1.52937
6055	1.52935
6056	1.52933
6057	1.52932
6058	1.5293
6059	1.52928
6060	1.52926
6061	1.52924
6062	1.52923
6063	1.52921
6064	1.52919
6065	1.52917
6066	1.52916
6067	1.52914
6068	1.52912
6069	1.52911
6070	1.52909
6071	1.52907
6072	1.52905
6073	1.52904
6074	1.52902
6075	1.529
6076	1.52899
6077	1.52897
6078	1.52896
6079	1.52894
6080	1.52892
6081	1.52891
6082	1.52889
6083	1.52888
6084	1.52886
6085	1.52885
6086	1.52883
6087	1.52882
6088	1.5288
6089	1.52879
6090	1.52877
6091	1.52876
6092	1.52874
6093	1.52873
6094	1.52872
6095	1.5287
6096	1.52869
6097	1.52867
6098	1.52866
6099	1.52865
6100	1.52864
6101	1.52862
6102	1.52861
6103	1.5286
6104	1.52858
6105	1.52857
6106	1.52856
6107	1.52855
6108	1.52854
6109	1.52852
6110	1.52851
6111	1.5285
6112	1.52849
6113	1.52848
6114	1.52847
6115	1.52846
6116	1.52845
6117	1.52844
6118	1.52843
6119	1.52841
6120	1.5284
6121	1.52839
6122	1.52838
6123	1.52837
6124	1.52836
6125	1.52835
6126	1.52835
6127	1.52834
6128	1.52833
6129	1.52832
6130	1.52831
6131	1.5283
6132	1.52829
6133	1.52828
6134	1.52827
6135	1.52826
6136	1.52826
6137	1.52825
6138	1.52824
6139	1.52823
6140	1.52822
6141	1.52821
6142	1.52821
6143	1.5282
6144	1.52819
6145	1.52818
6146	1.52817
6147	1.52817
6148	1.52816
6149	1.52815
6150	1.52814
6151	1.52814
6152	1.52813
6153	1.52812
6154	1.52811
6155	1.52811
6156	1.5281
6157	1.52809
6158	1.52808
6159	1.52808
6160	1.52807
6161	1.52806
6162	1.52806
6163	1.52805
6164	1.52804
6165	1.52804
6166	1.52803
6167	1.52802
6168	1.52802
6169	1.52801
6170	1.528
6171	1.52799
6172	1.52799
6173	1.52798
6174	1.52797
6175	1.52797
6176	1.52796
6177	1.52795
6178	1.52795
6179	1.52794
6180	1.52793
6181	1.52793
6182	1.52792
6183	1.52791
6184	1.52791
6185	1.5279
6186	1.52789
6187	1.52789
6188	1.52788
6189	1.52787
6190	1.52787
6191	1.52786
6192	1.52785
6193	1.52785
6194	1.52784
6195	1.52783
6196	1.52783
6197	1.52782
6198	1.52781
6199	1.52781
6200	1.5278
6201	1.52779
6202	1.52779
6203	1.52778
6204	1.52777
6205	1.52776
6206	1.52776
6207	1.52775
6208	1.52774
6209	1.52774
6210	1.52773
6211	1.52772
6212	1.52771
6213	1.52771
6214	1.5277
6215	1.52769
6216	1.52769
6217	1.52768
6218	1.52767
6219	1.52766
6220	1.52766
6221	1.52765
6222	1.52764
6223	1.52763
6224	1.52763
6225	1.52762
6226	1.52761
6227	1.5276
6228	1.5276
6229	1.52759
6230	1.52758
6231	1.52757
6232	1.52756
6233	1.52756
6234	1.52755
6235	1.52754
6236	1.52753
6237	1.52752
6238	1.52752
6239	1.52751
6240	1.5275
6241	1.52749
6242	1.52748
6243	1.52748
6244	1.52747
6245	1.52746
6246	1.52745
6247	1.52744
6248	1.52743
6249	1.52743
6250	1.52742
6251	1.52741
6252	1.5274
6253	1.52739
6254	1.52738
6255	1.52737
6256	1.52737
6257	1.52736
6258	1.52735
6259	1.52734
6260	1.52733
6261	1.52732
6262	1.52731
6263	1.5273
6264	1.5273
6265	1.52729
6266	1.52728
6267	1.52727
6268	1.52726
6269	1.52725
6270	1.52724
6271	1.52723
6272	1.52722
6273	1.52722
6274	1.52721
6275	1.5272
6276	1.52719
6277	1.52718
6278	1.52717
6279	1.52716
6280	1.52715
6281	1.52714
6282	1.52713
6283	1.52712
6284	1.52712
6285	1.52711
6286	1.5271
6287	1.52709
6288	1.52708
6289	1.52707
6290	1.52706
6291	1.52705
6292	1.52704
6293	1.52703
6294	1.52702
6295	1.52702
6296	1.52701
6297	1.527
6298	1.52699
6299	1.52698
6300	1.52697
6301	1.52696
6302	1.52695
6303	1.52694
6304	1.52693
6305	1.52692
6306	1.52692
6307	1.52691
6308	1.5269
6309	1.52689
6310	1.52688
6311	1.52687
6312	1.52686
6313	1.52685
6314	1.52684
6315	1.52684
6316	1.52683
6317	1.52682
6318	1.52681
6319	1.5268
6320	1.52679
6321	1.52678
6322	1.52678
6323	1.52677
6324	1.52676
6325	1.52675
6326	1.52674
6327	1.52673
6328	1.52673
6329	1.52672
6330	1.52671
6331	1.5267
6332	1.52669
6333	1.52669
6334	1.52668
6335	1.52667
6336	1.52666
6337	1.52666
6338	1.52665
6339	1.52664
6340	1.52663
6341	1.52663
6342	1.52662
6343	1.52661
6344	1.5266
6345	1.5266
6346	1.52659
6347	1.52658
6348	1.52658
6349	1.52657
6350	1.52656
6351	1.52655
6352	1.52655
6353	1.52654
6354	1.52653
6355	1.52653
6356	1.52652
6357	1.52652
6358	1.52651
6359	1.5265
6360	1.5265
6361	1.52649
6362	1.52649
6363	1.52648
6364	1.52647
6365	1.52647
6366	1.52646
6367	1.52646
6368	1.52645
6369	1.52645
6370	1.52644
6371	1.52644
6372	1.52643
6373	1.52643
6374	1.52642
6375	1.52642
6376	1.52641
6377	1.52641
6378	1.5264
6379	1.5264
6380	1.52639
6381	1.52639
6382	1.52638
6383	1.52638
6384	1.52638
6385	1.52637
6386	1.52637
6387	1.52636
6388	1.52636
6389	1.52636
6390	1.52635
6391	1.52635
6392	1.52635
6393	1.52634
6394	1.52634
6395	1.52634
6396	1.52633
6397	1.52633
6398	1.52633
6399	1.52632
6400	1.52632
6401	1.52632
6402	1.52632
6403	1.52631
6404	1.52631
6405	1.52631
6406	1.52631
6407	1.52631
6408	1.5263
6409	1.5263
6410	1.5263
6411	1.5263
6412	1.5263
6413	1.5263
6414	1.5263
6415	1.52629
6416	1.52629
6417	1.52629
6418	1.52629
6419	1.52629
6420	1.52629
6421	1.52629
6422	1.52629
6423	1.52629
6424	1.52629
6425	1.52629
6426	1.52629
6427	1.52629
6428	1.52629
6429	1.52629
6430	1.52629
6431	1.52629
6432	1.52629
6433	1.5263
6434	1.5263
6435	1.5263
6436	1.5263
6437	1.5263
6438	1.5263
6439	1.5263
6440	1.52631
6441	1.52631
6442	1.52631
6443	1.52631
6444	1.52632
6445	1.52632
6446	1.52632
6447	1.52632
6448	1.52633
6449	1.52633
6450	1.52633
6451	1.52634
6452	1.52634
6453	1.52635
6454	1.52635
6455	1.52635
6456	1.52636
6457	1.52636
6458	1.52637
6459	1.52637
6460	1.52638
6461	1.52638
6462	1.52639
6463	1.52639
6464	1.5264
6465	1.52641
6466	1.52641
6467	1.52642
6468	1.52642
6469	1.52643
6470	1.52644
6471	1.52645
6472	1.52645
6473	1.52646
6474	1.52647
6475	1.52648
6476	1.52648
6477	1.52649
6478	1.5265
6479	1.52651
6480	1.52652
6481	1.52653
6482	1.52654
6483	1.52654
6484	1.52655
6485	1.52656
6486	1.52657
6487	1.52658
6488	1.5266
6489	1.52661
6490	1.52662
6491	1.52663
6492	1.52664
6493	1.52665
6494	1.52666
6495	1.52668
6496	1.52669
6497	1.5267
6498	1.52672
6499	1.52673
6500	1.52674
6501	1.52676
6502	1.52677
6503	1.52679
6504	1.5268
6505	1.52682
6506	1.52684
6507	1.52685
6508	1.52687
6509	1.52689
6510	1.52691
6511	1.52692
6512	1.52694
6513	1.52696
6514	1.52698
6515	1.527
6516	1.52702
6517	1.52704
6518	1.52706
6519	1.52709
6520	1.52711
6521	1.52713
6522	1.52716
6523	1.52718
6524	1.5272
6525	1.52723
6526	1.52726
6527	1.52728
6528	1.52731
6529	1.52734
6530	1.52737
6531	1.5274
6532	1.52743
6533	1.52746
6534	1.52749
6535	1.52752
6536	1.52755
6537	1.52759
6538	1.52762
6539	1.52766
6540	1.52769
6541	1.52773
6542	1.52777
6543	1.52781
6544	1.52785
6545	1.52789
6546	1.52793
6547	1.52797
6548	1.52802
6549	1.52806
6550	1.52811
6551	1.52816
6552	1.5282
6553	1.52825
6554	1.5283
6555	1.52835
6556	1.52841
6557	1.52846
6558	1.52851
6559	1.52857
6560	1.52863
6561	1.52868
6562	1.52874
6563	1.5288
6564	1.52887
6565	1.52893
6566	1.52899
6567	1.52906
6568	1.52913
6569	1.52919
6570	1.52926
6571	1.52933
6572	1.52941
6573	1.52948
6574	1.52955
6575	1.52963
6576	1.52971
6577	1.52979
6578	1.52987
6579	1.52995
6580	1.53003
6581	1.53012
6582	1.5302
6583	1.53029
6584	1.53038
6585	1.53047
6586	1.53056
6587	1.53066
6588	1.53075
6589	1.53085
6590	1.53095
6591	1.53104
6592	1.53115
6593	1.53125
6594	1.53135
6595	1.53146
6596	1.53156
6597	1.53167
6598	1.53178
6599	1.53189
6600	1.532
6601	1.53211
6602	1.53223
6603	1.53235
6604	1.53246
6605	1.53258
6606	1.5327
6607	1.53282
6608	1.53295
6609	1.53307
6610	1.53319
6611	1.53332
6612	1.53345
6613	1.53358
6614	1.53371
6615	1.53384
6616	1.53397
6617	1.5341
6618	1.53424
6619	1.53437
6620	1.53451
6621	1.53464
6622	1.53478
6623	1.53492
6624	1.53506
6625	1.5352
6626	1.53534
6627	1.53548
6628	1.53563
6629	1.53577
6630	1.53591
6631	1.53606
6632	1.5362
6633	1.53635
6634	1.53649
6635	1.53664
6636	1.53679
6637	1.53693
6638	1.53708
6639	1.53723
6640	1.53737
6641	1.53752
6642	1.53767
6643	1.53782
6644	1.53796
6645	1.53811
6646	1.53826
6647	1.5384
6648	1.53855
6649	1.5387
6650	1.53884
6651	1.53899
6652	1.53913
6653	1.53928
6654	1.53942
6655	1.53956
6656	1.53971
6657	1.53985
6658	1.53999
6659	1.54013
6660	1.54026
6661	1.5404
6662	1.54054
6663	1.54067
6664	1.54081
6665	1.54094
6666	1.54107
6667	1.5412
6668	1.54133
6669	1.54145
6670	1.54158
6671	1.5417
6672	1.54182
6673	1.54194
6674	1.54205
6675	1.54217
6676	1.54228
6677	1.54239
6678	1.5425
6679	1.54261
6680	1.54271
6681	1.54281
6682	1.54291
6683	1.54301
6684	1.5431
6685	1.54319
6686	1.54328
6687	1.54336
6688	1.54344
6689	1.54352
6690	1.5436
6691	1.54367
6692	1.54374
6693	1.5438
6694	1.54387
6695	1.54392
6696	1.54398
6697	1.54403
6698	1.54408
6699	1.54412
6700	1.54416
6701	1.5442
6702	1.54423
6703	1.54426
6704	1.54429
6705	1.54431
6706	1.54433
6707	1.54434
6708	1.54435
6709	1.54435
6710	1.54435
6711	1.54435
6712	1.54434
6713	1.54432
6714	1.54431
6715	1.54428
6716	1.54425
6717	1.54422
6718	1.54419
6719	1.54414
6720	1.5441
6721	1.54405
6722	1.54399
6723	1.54393
6724	1.54387
6725	1.54379
6726	1.54372
6727	1.54364
6728	1.54355
6729	1.54346
6730	1.54337
6731	1.54327
6732	1.54316
6733	1.54305
6734	1.54294
6735	1.54282
6736	1.5427
6737	1.54257
6738	1.54243
6739	1.54229
6740	1.54215
6741	1.542
6742	1.54185
6743	1.54169
6744	1.54153
6745	1.54136
6746	1.54119
6747	1.54101
6748	1.54083
6749	1.54064
6750	1.54045
6751	1.54026
6752	1.54006
6753	1.53986
6754	1.53965
6755	1.53944
6756	1.53923
6757	1.53901
6758	1.53879
6759	1.53857
6760	1.53834
6761	1.53811
6762	1.53787
6763	1.53764
6764	1.5374
6765	1.53715
6766	1.53691
6767	1.53666
6768	1.53641
6769	1.53615
6770	1.5359
6771	1.53564
6772	1.53538
6773	1.53512
6774	1.53486
6775	1.53459
6776	1.53433
6777	1.53406
6778	1.53379
6779	1.53352
6780	1.53325
6781	1.53298
6782	1.53271
6783	1.53244
6784	1.53217
6785	1.5319
6786	1.53163
6787	1.53136
6788	1.53109
6789	1.53082
6790	1.53055
6791	1.53029
6792	1.53002
6793	1.52976
6794	1.52949
6795	1.52923
6796	1.52897
6797	1.52871
6798	1.52846
6799	1.5282
6800	1.52795
6801	1.5277
6802	1.52746
6803	1.52721
6804	1.52697
6805	1.52673
6806	1.5265
6807	1.52627
6808	1.52604
6809	1.52581
6810	1.52559
6811	1.52537
6812	1.52516
6813	1.52494
6814	1.52474
6815	1.52453
6816	1.52433
6817	1.52414
6818	1.52395
6819	1.52376
6820	1.52358
6821	1.5234
6822	1.52323
6823	1.52306
6824	1.52289
6825	1.52273
6826	1.52257
6827	1.52242
6828	1.52227
6829	1.52213
6830	1.52199
6831	1.52186
6832	1.52173
6833	1.5216
6834	1.52148
6835	1.52137
6836	1.52126
6837	1.52115
6838	1.52105
6839	1.52095
6840	1.52086
6841	1.52077
6842	1.52068
6843	1.5206
6844	1.52053
6845	1.52045
6846	1.52039
6847	1.52032
6848	1.52026
6849	1.52021
6850	1.52016
6851	1.52011
6852	1.52006
6853	1.52002
6854	1.51999
6855	1.51995
6856	1.51992
6857	1.5199
6858	1.51988
6859	1.51986
6860	1.51984
6861	1.51983
6862	1.51982
6863	1.51981
6864	1.51981
6865	1.5198
6866	1.51981
6867	1.51981
6868	1.51982
6869	1.51982
6870	1.51984
6871	1.51985
6872	1.51987
6873	1.51988
6874	1.5199
6875	1.51993
6876	1.51995
6877	1.51997
6878	1.52
6879	1.52003
6880	1.52006
6881	1.52009
6882	1.52013
6883	1.52016
6884	1.5202
6885	1.52023
6886	1.52027
6887	1.52031
6888	1.52035
6889	1.52039
6890	1.52043
6891	1.52048
6892	1.52052
6893	1.52056
6894	1.52061
6895	1.52065
6896	1.5207
6897	1.52075
6898	1.52079
6899	1.52084
6900	1.52089
6901	1.52093
6902	1.52098
6903	1.52103
6904	1.52108
6905	1.52112
6906	1.52117
6907	1.52122
6908	1.52126
6909	1.52131
6910	1.52136
6911	1.52141
6912	1.52145
6913	1.5215
6914	1.52154
6915	1.52159
6916	1.52163
6917	1.52168
6918	1.52172
6919	1.52177
6920	1.52181
6921	1.52185
6922	1.5219
6923	1.52194
6924	1.52198
6925	1.52202
6926	1.52206
6927	1.5221
6928	1.52214
6929	1.52218
6930	1.52221
6931	1.52225
6932	1.52229
6933	1.52232
6934	1.52235
6935	1.52239
6936	1.52242
6937	1.52245
6938	1.52248
6939	1.52251
6940	1.52254
6941	1.52257
6942	1.5226
6943	1.52263
6944	1.52265
6945	1.52268
6946	1.5227
6947	1.52273
6948	1.52275
6949	1.52277
6950	1.52279
6951	1.52281
6952	1.52283
6953	1.52285
6954	1.52287
6955	1.52289
6956	1.5229
6957	1.52292
6958	1.52293
6959	1.52294
6960	1.52296
6961	1.52297
6962	1.52298
6963	1.52299
6964	1.523
6965	1.523
6966	1.52301
6967	1.52302
6968	1.52302
6969	1.52303
6970	1.52303
6971	1.52303
6972	1.52304
6973	1.52304
6974	1.52304
6975	1.52304
6976	1.52304
6977	1.52304
6978	1.52303
6979	1.52303
6980	1.52303
6981	1.52302
6982	1.52302
6983	1.52301
6984	1.52301
6985	1.523
6986	1.52299
6987	1.52299
6988	1.52298
6989	1.52297
6990	1.52296
6991	1.52295
6992	1.52294
6993	1.52293
6994	1.52292
6995	1.52291
6996	1.5229
6997	1.52288
6998	1.52287
6999	1.52286
7000	1.52285
7001	1.52284
7002	1.52282
7003	1.52281
7004	1.5228
7005	1.52278
7006	1.52277
7007	1.52276
7008	1.52275
7009	1.52273
7010	1.52272
7011	1.52271
7012	1.52269
7013	1.52268
7014	1.52267
7015	1.52266
7016	1.52265
7017	1.52264
7018	1.52263
7019	1.52262
7020	1.52261
7021	1.5226
7022	1.52259
7023	1.52258
7024	1.52257
7025	1.52256
7026	1.52255
7027	1.52255
7028	1.52254
7029	1.52254
7030	1.52253
7031	1.52253
7032	1.52252
7033	1.52252
7034	1.52252
7035	1.52252
7036	1.52252
7037	1.52252
7038	1.52252
7039	1.52252
7040	1.52252
7041	1.52252
7042	1.52253
7043	1.52253
7044	1.52254
7045	1.52254
7046	1.52255
7047	1.52256
7048	1.52257
7049	1.52257
7050	1.52258
7051	1.5226
7052	1.52261
7053	1.52262
7054	1.52263
7055	1.52265
7056	1.52266
7057	1.52268
7058	1.5227
7059	1.52271
7060	1.52273
7061	1.52275
7062	1.52277
7063	1.52279
7064	1.52281
7065	1.52283
7066	1.52285
7067	1.52288
7068	1.5229
7069	1.52293
7070	1.52295
7071	1.52298
7072	1.523
7073	1.52303
7074	1.52306
7075	1.52308
7076	1.52311
7077	1.52314
7078	1.52317
7079	1.5232
7080	1.52323
7081	1.52326
7082	1.52329
7083	1.52332
7084	1.52335
7085	1.52339
7086	1.52342
7087	1.52345
7088	1.52348
7089	1.52352
7090	1.52355
7091	1.52358
7092	1.52362
7093	1.52365
7094	1.52368
7095	1.52372
7096	1.52375
7097	1.52379
7098	1.52382
7099	1.52385
7100	1.52389
7101	1.52392
7102	1.52395
7103	1.52399
7104	1.52402
7105	1.52405
7106	1.52409
7107	1.52412
7108	1.52415
7109	1.52419
7110	1.52422
7111	1.52425
7112	1.52428
7113	1.52432
7114	1.52435
7115	1.52438
7116	1.52441
7117	1.52444
7118	1.52447
7119	1.5245
7120	1.52453
7121	1.52456
7122	1.52459
7123	1.52462
7124	1.52464
7125	1.52467
7126	1.5247
7127	1.52473
7128	1.52475
7129	1.52478
7130	1.5248
7131	1.52483
7132	1.52485
7133	1.52488
7134	1.5249
7135	1.52493
7136	1.52495
7137	1.52497
7138	1.52499
7139	1.52502
7140	1.52504
7141	1.52506
7142	1.52508
7143	1.5251
7144	1.52512
7145	1.52513
7146	1.52515
7147	1.52517
7148	1.52519
7149	1.52521
7150	1.52522
7151	1.52524
7152	1.52525
7153	1.52527
7154	1.52528
7155	1.5253
7156	1.52531
7157	1.52533
7158	1.52534
7159	1.52535
7160	1.52536
7161	1.52538
7162	1.52539
7163	1.5254
7164	1.52541
7165	1.52542
7166	1.52543
7167	1.52544
7168	1.52545
7169	1.52546
7170	1.52547
7171	1.52547
7172	1.52548
7173	1.52549
7174	1.5255
7175	1.5255
7176	1.52551
7177	1.52552
7178	1.52552
7179	1.52553
7180	1.52554
7181	1.52554
7182	1.52555
7183	1.52555
7184	1.52556
7185	1.52556
7186	1.52556
7187	1.52557
7188	1.52557
7189	1.52558
7190	1.52558
7191	1.52558
7192	1.52559
7193	1.52559
7194	1.52559
7195	1.5256
7196	1.5256
7197	1.5256
7198	1.5256
7199	1.52561
7200	1.52561
7201	1.52561
7202	1.52561
7203	1.52561
7204	1.52562
7205	1.52562
7206	1.52562
7207	1.52562
7208	1.52562
7209	1.52562
7210	1.52563
7211	1.52563
7212	1.52563
7213	1.52563
7214	1.52563
7215	1.52563
7216	1.52564
7217	1.52564
7218	1.52564
7219	1.52564
7220	1.52564
7221	1.52564
7222	1.52564
7223	1.52565
7224	1.52565
7225	1.52565
7226	1.52565
7227	1.52565
7228	1.52565
7229	1.52565
7230	1.52566
7231	1.52566
7232	1.52566
7233	1.52566
7234	1.52566
7235	1.52567
7236	1.52567
7237	1.52567
7238	1.52567
7239	1.52567
7240	1.52568
7241	1.52568
7242	1.52568
7243	1.52568
7244	1.52569
7245	1.52569
7246	1.52569
7247	1.52569
7248	1.5257
7249	1.5257
7250	1.5257
7251	1.52571
7252	1.52571
7253	1.52571
7254	1.52572
7255	1.52572
7256	1.52572
7257	1.52573
7258	1.52573
7259	1.52573
7260	1.52574
7261	1.52574
7262	1.52575
7263	1.52575
7264	1.52575
7265	1.52576
7266	1.52576
7267	1.52577
7268	1.52577
7269	1.52578
7270	1.52578
7271	1.52579
7272	1.52579
7273	1.5258
7274	1.5258
7275	1.52581
7276	1.52581
7277	1.52582
7278	1.52582
7279	1.52583
7280	1.52584
7281	1.52584
7282	1.52585
7283	1.52585
7284	1.52586
7285	1.52587
7286	1.52587
7287	1.52588
7288	1.52589
7289	1.52589
7290	1.5259
7291	1.52591
7292	1.52591
7293	1.52592
7294	1.52593
7295	1.52593
7296	1.52594
7297	1.52595
7298	1.52596
7299	1.52596
7300	1.52597
7301	1.52598
7302	1.52599
7303	1.52599
7304	1.526
7305	1.52601
7306	1.52602
7307	1.52603
7308	1.52603
7309	1.52604
7310	1.52605
7311	1.52606
7312	1.52607
7313	1.52608
7314	1.52608
7315	1.52609
7316	1.5261
7317	1.52611
7318	1.52612
7319	1.52613
7320	1.52614
7321	1.52615
7322	1.52616
7323	1.52616
7324	1.52617
7325	1.52618
7326	1.52619
7327	1.5262
7328	1.52621
7329	1.52622
7330	1.52623
7331	1.52624
7332	1.52625
7333	1.52626
7334	1.52627
7335	1.52628
7336	1.52629
7337	1.5263
7338	1.52631
7339	1.52632
7340	1.52633
7341	1.52634
7342	1.52635
7343	1.52636
7344	1.52637
7345	1.52638
7346	1.52639
7347	1.5264
7348	1.52641
7349	1.52642
7350	1.52643
7351	1.52644
7352	1.52645
7353	1.52646
7354	1.52647
7355	1.52648
7356	1.52649
7357	1.5265
7358	1.52651
7359	1.52652
7360	1.52653
7361	1.52654
7362	1.52655
7363	1.52656
7364	1.52657
7365	1.52658
7366	1.52659
7367	1.5266
7368	1.52661
7369	1.52662
7370	1.52663
7371	1.52665
7372	1.52666
7373	1.52667
7374	1.52668
7375	1.52669
7376	1.5267
7377	1.52671
7378	1.52672
7379	1.52673
7380	1.52674
7381	1.52675
7382	1.52676
7383	1.52677
7384	1.52678
7385	1.52679
7386	1.5268
7387	1.52681
7388	1.52682
7389	1.52683
7390	1.52684
7391	1.52685
7392	1.52686
7393	1.52687
7394	1.52688
7395	1.52689
7396	1.5269
7397	1.52691
7398	1.52692
7399	1.52693
7400	1.52694
7401	1.52695
7402	1.52696
7403	1.52697
7404	1.52698
7405	1.52699
7406	1.527
7407	1.52701
7408	1.52702
7409	1.52703
7410	1.52704
7411	1.52705
7412	1.52706
7413	1.52707
7414	1.52708
7415	1.52708
7416	1.52709
7417	1.5271
7418	1.52711
7419	1.52712
7420	1.52713
7421	1.52714
7422	1.52715
7423	1.52716
7424	1.52716
7425	1.52717
7426	1.52718
7427	1.52719
7428	1.5272
7429	1.52721
7430	1.52722
7431	1.52722
7432	1.52723
7433	1.52724
7434	1.52725
7435	1.52726
7436	1.52726
7437	1.52727
7438	1.52728
7439	1.52729
7440	1.52729
7441	1.5273
7442	1.52731
7443	1.52732
7444	1.52732
7445	1.52733
7446	1.52734
7447	1.52734
7448	1.52735
7449	1.52736
7450	1.52736
7451	1.52737
7452	1.52738
7453	1.52738
7454	1.52739
7455	1.5274
7456	1.5274
7457	1.52741
7458	1.52741
7459	1.52742
7460	1.52743
7461	1.52743
7462	1.52744
7463	1.52744
7464	1.52745
7465	1.52745
7466	1.52746
7467	1.52746
7468	1.52747
7469	1.52747
7470	1.52748
7471	1.52748
7472	1.52749
7473	1.52749
7474	1.5275
7475	1.5275
7476	1.52751
7477	1.52751
7478	1.52751
7479	1.52752
7480	1.52752
7481	1.52753
7482	1.52753
7483	1.52753
7484	1.52754
7485	1.52754
7486	1.52754
7487	1.52755
7488	1.52755
7489	1.52755
7490	1.52756
7491	1.52756
7492	1.52756
7493	1.52756
7494	1.52757
7495	1.52757
7496	1.52757
7497	1.52757
7498	1.52758
7499	1.52758
7500	1.52758
7501	1.52758
7502	1.52758
7503	1.52759
7504	1.52759
7505	1.52759
7506	1.52759
7507	1.52759
7508	1.52759
7509	1.5276
7510	1.5276
7511	1.5276
7512	1.5276
7513	1.5276
7514	1.5276
7515	1.5276
7516	1.5276
7517	1.5276
7518	1.5276
7519	1.5276
7520	1.5276
7521	1.5276
7522	1.5276
7523	1.5276
7524	1.5276
7525	1.5276
7526	1.5276
7527	1.5276
7528	1.5276
7529	1.5276
7530	1.5276
7531	1.5276
7532	1.5276
7533	1.5276
7534	1.5276
7535	1.5276
7536	1.5276
7537	1.5276
7538	1.5276
7539	1.5276
7540	1.5276
7541	1.52759
7542	1.52759
7543	1.52759
7544	1.52759
7545	1.52759
7546	1.52759
7547	1.52759
7548	1.52758
7549	1.52758
7550	1.52758
7551	1.52758
7552	1.52758
7553	1.52757
7554	1.52757
7555	1.52757
7556	1.52757
7557	1.52757
7558	1.52756
7559	1.52756
7560	1.52756
7561	1.52756
7562	1.52755
7563	1.52755
7564	1.52755
7565	1.52755
7566	1.52754
7567	1.52754
7568	1.52754
7569	1.52754
7570	1.52753
7571	1.52753
7572	1.52753
7573	1.52752
7574	1.52752
7575	1.52752
7576	1.52751
7577	1.52751
7578	1.52751
7579	1.5275
7580	1.5275
7581	1.5275
7582	1.52749
7583	1.52749
7584	1.52749
7585	1.52748
7586	1.52748
7587	1.52747
7588	1.52747
7589	1.52747
7590	1.52746
7591	1.52746
7592	1.52746
7593	1.52745
7594	1.52745
7595	1.52744
7596	1.52744
7597	1.52743
7598	1.52743
7599	1.52743
7600	1.52742
7601	1.52742
7602	1.52741
7603	1.52741
7604	1.5274
7605	1.5274
7606	1.52739
7607	1.52739
7608	1.52738
7609	1.52738
7610	1.52737
7611	1.52737
7612	1.52736
7613	1.52736
7614	1.52735
7615	1.52735
7616	1.52734
7617	1.52734
7618	1.52733
7619	1.52733
7620	1.52732
7621	1.52731
7622	1.52731
7623	1.5273
7624	1.5273
7625	1.52729
7626	1.52728
7627	1.52728
7628	1.52727
7629	1.52726
7630	1.52726
7631	1.52725
7632	1.52724
7633	1.52724
7634	1.52723
7635	1.52722
7636	1.52721
7637	1.52721
7638	1.5272
7639	1.52719
7640	1.52718
7641	1.52717
7642	1.52716
7643	1.52716
7644	1.52715
7645	1.52714
7646	1.52713
7647	1.52712
7648	1.52711
7649	1.5271
7650	1.52709
7651	1.52707
7652	1.52706
7653	1.52705
7654	1.52704
7655	1.52703
7656	1.52702
7657	1.527
7658	1.52699
7659	1.52698
7660	1.52696
7661	1.52695
7662	1.52693
7663	1.52692
7664	1.5269
7665	1.52688
7666	1.52687
7667	1.52685
7668	1.52683
7669	1.52681
7670	1.52679
7671	1.52678
7672	1.52676
7673	1.52673
7674	1.52671
7675	1.52669
7676	1.52667
7677	1.52665
7678	1.52662
7679	1.5266
7680	1.52657
7681	1.52655
7682	1.52652
7683	1.52649
7684	1.52646
7685	1.52643
7686	1.5264
7687	1.52637
7688	1.52634
7689	1.52631
7690	1.52627
7691	1.52624
7692	1.5262
7693	1.52617
7694	1.52613
7695	1.52609
7696	1.52605
7697	1.52601
7698	1.52597
7699	1.52593
7700	1.52589
7701	1.52584
7702	1.5258
7703	1.52575
7704	1.5257
7705	1.52565
7706	1.5256
7707	1.52555
7708	1.5255
7709	1.52545
7710	1.52539
7711	1.52534
7712	1.52528
7713	1.52522
7714	1.52516
7715	1.5251
7716	1.52504
7717	1.52497
7718	1.52491
7719	1.52485
7720	1.52478
7721	1.52471
7722	1.52464
7723	1.52457
7724	1.5245
7725	1.52443
7726	1.52435
7727	1.52428
7728	1.5242
7729	1.52412
7730	1.52405
7731	1.52397
7732	1.52389
7733	1.5238
7734	1.52372
7735	1.52364
7736	1.52355
7737	1.52347
7738	1.52338
7739	1.52329
7740	1.5232
7741	1.52311
7742	1.52302
7743	1.52293
7744	1.52284
7745	1.52275
7746	1.52265
7747	1.52256
7748	1.52246
7749	1.52237
7750	1.52227
7751	1.52217
7752	1.52208
7753	1.52198
7754	1.52188
7755	1.52178
7756	1.52168
7757	1.52158
7758	1.52148
7759	1.52138
7760	1.52128
7761	1.52118
7762	1.52108
7763	1.52098
7764	1.52088
7765	1.52078
7766	1.52068
7767	1.52058
7768	1.52048
7769	1.52038
7770	1.52029
7771	1.52019
7772	1.52009
7773	1.52
7774	1.5199
7775	1.5198
7776	1.51971
7777	1.51962
7778	1.51952
7779	1.51943
7780	1.51934
7781	1.51925
7782	1.51916
7783	1.51908
7784	1.51899
7785	1.51891
7786	1.51883
7787	1.51874
7788	1.51866
7789	1.51859
7790	1.51851
7791	1.51844
7792	1.51836
7793	1.51829
7794	1.51822
7795	1.51816
7796	1.51809
7797	1.51803
7798	1.51797
7799	1.51791
7800	1.51785
7801	1.5178
7802	1.51774
7803	1.51769
7804	1.51765
7805	1.5176
7806	1.51756
7807	1.51752
7808	1.51748
7809	1.51745
7810	1.51742
7811	1.51739
7812	1.51736
7813	1.51733
7814	1.51731
7815	1.51729
7816	1.51728
7817	1.51726
7818	1.51725
7819	1.51725
7820	1.51724
7821	1.51724
7822	1.51724
7823	1.51724
7824	1.51725
7825	1.51726
7826	1.51727
7827	1.51728
7828	1.5173
7829	1.51732
7830	1.51734
7831	1.51737
7832	1.5174
7833	1.51743
7834	1.51746
7835	1.5175
7836	1.51754
7837	1.51758
7838	1.51763
7839	1.51767
7840	1.51772
7841	1.51777
7842	1.51783
7843	1.51789
7844	1.51794
7845	1.51801
7846	1.51807
7847	1.51814
7848	1.5182
7849	1.51828
7850	1.51835
7851	1.51842
7852	1.5185
7853	1.51858
7854	1.51866
7855	1.51874
7856	1.51883
7857	1.51891
7858	1.519
7859	1.51909
7860	1.51918
7861	1.51927
7862	1.51937
7863	1.51946
7864	1.51956
7865	1.51966
7866	1.51975
7867	1.51985
7868	1.51996
7869	1.52006
7870	1.52016
7871	1.52027
7872	1.52037
7873	1.52048
7874	1.52058
7875	1.52069
7876	1.5208
7877	1.52091
7878	1.52101
7879	1.52112
7880	1.52123
7881	1.52134
7882	1.52145
7883	1.52156
7884	1.52167
7885	1.52178
7886	1.52189
7887	1.522
7888	1.52211
7889	1.52223
7890	1.52234
7891	1.52244
7892	1.52255
7893	1.52266
7894	1.52277
7895	1.52288
7896	1.52299
7897	1.5231
7898	1.5232
7899	1.52331
7900	1.52341
7901	1.52352
7902	1.52362
7903	1.52373
7904	1.52383
7905	1.52393
7906	1.52403
7907	1.52413
7908	1.52423
7909	1.52433
7910	1.52443
7911	1.52452
7912	1.52462
7913	1.52471
7914	1.5248
7915	1.5249
7916	1.52499
7917	1.52508
7918	1.52517
7919	1.52525
7920	1.52534
7921	1.52542
7922	1.52551
7923	1.52559
7924	1.52567
7925	1.52575
7926	1.52583
7927	1.52591
7928	1.52599
7929	1.52606
7930	1.52614
7931	1.52621
7932	1.52628
7933	1.52635
7934	1.52642
7935	1.52649
7936	1.52655
7937	1.52662
7938	1.52668
7939	1.52675
7940	1.52681
7941	1.52687
7942	1.52693
7943	1.52699
7944	1.52704
7945	1.5271
7946	1.52715
7947	1.5272
7948	1.52726
7949	1.52731
7950	1.52736
7951	1.5274
7952	1.52745
7953	1.5275
7954	1.52754
7955	1.52759
7956	1.52763
7957	1.52767
7958	1.52771
7959	1.52775
7960	1.52779
7961	1.52783
7962	1.52786
7963	1.5279
7964	1.52793
7965	1.52797
7966	1.528
7967	1.52803
7968	1.52806
7969	1.52809
7970	1.52812
7971	1.52815
7972	1.52817
7973	1.5282
7974	1.52822
7975	1.52825
7976	1.52827
7977	1.52829
7978	1.52832
7979	1.52834
7980	1.52836
7981	1.52838
7982	1.5284
7983	1.52841
7984	1.52843
7985	1.52845
7986	1.52846
7987	1.52848
7988	1.52849
7989	1.52851
7990	1.52852
7991	1.52854
7992	1.52855
7993	1.52856
7994	1.52857
7995	1.52858
7996	1.52859
7997	1.5286
7998	1.52861
7999	1.52862
8000	1.52863
8001	1.52863
8002	1.52864
8003	1.52865
8004	1.52866
8005	1.52866
8006	1.52867
8007	1.52867
8008	1.52868
8009	1.52868
8010	1.52869
8011	1.52869
8012	1.52869
8013	1.5287
8014	1.5287
8015	1.5287
8016	1.52871
8017	1.52871
8018	1.52871
8019	1.52871
8020	1.52871
8021	1.52871
8022	1.52872
8023	1.52872
8024	1.52872
8025	1.52872
8026	1.52872
8027	1.52872
8028	1.52872
8029	1.52872
8030	1.52872
8031	1.52872
8032	1.52872
8033	1.52872
8034	1.52872
8035	1.52872
8036	1.52871
8037	1.52871
8038	1.52871
8039	1.52871
8040	1.52871
8041	1.52871
8042	1.52871
8043	1.52871
8044	1.52871
8045	1.5287
8046	1.5287
8047	1.5287
8048	1.5287
8049	1.5287
8050	1.5287
8051	1.5287
8052	1.5287
8053	1.52869
8054	1.52869
8055	1.52869
8056	1.52869
8057	1.52869
8058	1.52869
8059	1.52869
8060	1.52869
8061	1.52868
8062	1.52868
8063	1.52868
8064	1.52868
8065	1.52868
8066	1.52868
8067	1.52868
8068	1.52868
8069	1.52867
8070	1.52867
8071	1.52867
8072	1.52867
8073	1.52867
8074	1.52867
8075	1.52867
8076	1.52867
8077	1.52866
8078	1.52866
8079	1.52866
8080	1.52866
8081	1.52866
8082	1.52866
8083	1.52866
8084	1.52866
8085	1.52865
8086	1.52865
8087	1.52865
8088	1.52865
8089	1.52865
8090	1.52865
8091	1.52865
8092	1.52864
8093	1.52864
8094	1.52864
8095	1.52864
8096	1.52864
8097	1.52864
8098	1.52863
8099	1.52863
8100	1.52863
8101	1.52863
8102	1.52863
8103	1.52862
8104	1.52862
8105	1.52862
8106	1.52862
8107	1.52861
8108	1.52861
8109	1.52861
8110	1.5286
8111	1.5286
8112	1.5286
8113	1.52859
8114	1.52859
8115	1.52859
8116	1.52858
8117	1.52858
8118	1.52858
8119	1.52857
8120	1.52857
8121	1.52856
8122	1.52856
8123	1.52856
8124	1.52855
8125	1.52855
8126	1.52854
8127	1.52854
8128	1.52853
8129	1.52853
8130	1.52852
8131	1.52852
8132	1.52851
8133	1.52851
8134	1.5285
8135	1.52849
8136	1.52849
8137	1.52848
8138	1.52848
8139	1.52847
8140	1.52846
8141	1.52846
8142	1.52845
8143	1.52844
8144	1.52844
8145	1.52843
8146	1.52842
8147	1.52842
8148	1.52841
8149	1.5284
8150	1.5284
8151	1.52839
8152	1.52838
8153	1.52837
8154	1.52837
8155	1.52836
8156	1.52835
8157	1.52834
8158	1.52833
8159	1.52833
8160	1.52832
8161	1.52831
8162	1.5283
8163	1.52829
8164	1.52829
8165	1.52828
8166	1.52827
8167	1.52826
8168	1.52825
8169	1.52824
8170	1.52824
8171	1.52823
8172	1.52822
8173	1.52821
8174	1.5282
8175	1.52819
8176	1.52818
8177	1.52817
8178	1.52817
8179	1.52816
8180	1.52815
8181	1.52814
8182	1.52813
8183	1.52812
8184	1.52811
8185	1.5281
8186	1.52809
8187	1.52808
8188	1.52808
8189	1.52807
8190	1.52806
8191	1.52805
8192	1.52804
8193	1.52803
8194	1.52802
8195	1.52801
8196	1.528
8197	1.52799
8198	1.52798
8199	1.52797
8200	1.52796
8201	1.52796
8202	1.52795
8203	1.52794
8204	1.52793
8205	1.52792
8206	1.52791
8207	1.5279
8208	1.52789
8209	1.52788
8210	1.52787
8211	1.52786
8212	1.52785
8213	1.52784
8214	1.52783
8215	1.52783
8216	1.52782
8217	1.52781
8218	1.5278
8219	1.52779
8220	1.52778
8221	1.52777
8222	1.52776
8223	1.52775
8224	1.52774
8225	1.52773
8226	1.52772
8227	1.52772
8228	1.52771
8229	1.5277
8230	1.52769
8231	1.52768
8232	1.52767
8233	1.52766
8234	1.52765
8235	1.52764
8236	1.52763
8237	1.52762
8238	1.52762
8239	1.52761
8240	1.5276
8241	1.52759
8242	1.52758
8243	1.52757
8244	1.52756
8245	1.52755
8246	1.52755
8247	1.52754
8248	1.52753
8249	1.52752
8250	1.52751
8251	1.5275
8252	1.5275
8253	1.52749
8254	1.52748
8255	1.52747
8256	1.52746
8257	1.52745
8258	1.52745
8259	1.52744
8260	1.52743
8261	1.52742
8262	1.52741
8263	1.52741
8264	1.5274
8265	1.52739
8266	1.52738
8267	1.52737
8268	1.52737
8269	1.52736
8270	1.52735
8271	1.52734
8272	1.52734
8273	1.52733
8274	1.52732
8275	1.52731
8276	1.52731
8277	1.5273
8278	1.52729
8279	1.52729
8280	1.52728
8281	1.52727
8282	1.52726
8283	1.52726
8284	1.52725
8285	1.52724
8286	1.52724
8287	1.52723
8288	1.52722
8289	1.52722
8290	1.52721
8291	1.5272
8292	1.5272
8293	1.52719
8294	1.52718
8295	1.52718
8296	1.52717
8297	1.52716
8298	1.52716
8299	1.52715
8300	1.52715
8301	1.52714
8302	1.52713
8303	1.52713
8304	1.52712
8305	1.52712
8306	1.52711
8307	1.5271
8308	1.5271
8309	1.52709
8310	1.52709
8311	1.52708
8312	1.52708
8313	1.52707
8314	1.52706
8315	1.52706
8316	1.52705
8317	1.52705
8318	1.52704
8319	1.52704
8320	1.52703
8321	1.52703
8322	1.52702
8323	1.52702
8324	1.52701
8325	1.527
8326	1.527
8327	1.52699
8328	1.52699
8329	1.52698
8330	1.52698
8331	1.52697
8332	1.52697
8333	1.52696
8334	1.52696
8335	1.52695
8336	1.52695
8337	1.52694
8338	1.52694
8339	1.52693
8340	1.52693
8341	1.52692
8342	1.52692
8343	1.52691
8344	1.52691
8345	1.5269
8346	1.5269
8347	1.52689
8348	1.52689
8349	1.52688
8350	1.52688
8351	1.52688
8352	1.52687
8353	1.52687
8354	1.52686
8355	1.52686
8356	1.52685
8357	1.52685
8358	1.52684
8359	1.52684
8360	1.52683
8361	1.52683
8362	1.52682
8363	1.52682
8364	1.52681
8365	1.52681
8366	1.5268
8367	1.5268
8368	1.52679
8369	1.52679
8370	1.52678
8371	1.52678
8372	1.52677
8373	1.52677
8374	1.52676
8375	1.52676
8376	1.52675
8377	1.52675
8378	1.52674
8379	1.52674
8380	1.52673
8381	1.52673
8382	1.52672
8383	1.52672
8384	1.52671
8385	1.52671
8386	1.5267
8387	1.5267
8388	1.52669
8389	1.52669
8390	1.52668
8391	1.52668
8392	1.52667
8393	1.52667
8394	1.52666
8395	1.52666
8396	1.52665
8397	1.52664
8398	1.52664
8399	1.52663
8400	1.52663
8401	1.52662
8402	1.52662
8403	1.52661
8404	1.52661
8405	1.5266
8406	1.52659
8407	1.52659
8408	1.52658
8409	1.52658
8410	1.52657
8411	1.52657
8412	1.52656
8413	1.52655
8414	1.52655
8415	1.52654
8416	1.52654
8417	1.52653
8418	1.52653
8419	1.52652
8420	1.52651
8421	1.52651
8422	1.5265
8423	1.5265
8424	1.52649
8425	1.52648
8426	1.52648
8427	1.52647
8428	1.52647
8429	1.52646
8430	1.52645
8431	1.52645
8432	1.52644
8433	1.52643
8434	1.52643
8435	1.52642
8436	1.52642
8437	1.52641
8438	1.5264
8439	1.5264
8440	1.52639
8441	1.52638
8442	1.52638
8443	1.52637
8444	1.52637
8445	1.52636
8446	1.52635
8447	1.52635
8448	1.52634
8449	1.52633
8450	1.52633
8451	1.52632
8452	1.52631
8453	1.52631
8454	1.5263
8455	1.5263
8456	1.52629
8457	1.52628
8458	1.52628
8459	1.52627
8460	1.52626
8461	1.52626
8462	1.52625
8463	1.52625
8464	1.52624
8465	1.52623
8466	1.52623
8467	1.52622
8468	1.52621
8469	1.52621
8470	1.5262
8471	1.5262
8472	1.52619
8473	1.52618
8474	1.52618
8475	1.52617
8476	1.52617
8477	1.52616
8478	1.52615
8479	1.52615
8480	1.52614
8481	1.52614
8482	1.52613
8483	1.52613
8484	1.52612
8485	1.52611
8486	1.52611
8487	1.5261
8488	1.5261
8489	1.52609
8490	1.52609
8491	1.52608
8492	1.52607
8493	1.52607
8494	1.52606
8495	1.52606
8496	1.52605
8497	1.52605
8498	1.52604
8499	1.52604
8500	1.52603
8501	1.52603
8502	1.52602
8503	1.52602
8504	1.52601
8505	1.52601
8506	1.526
8507	1.526
8508	1.52599
8509	1.52599
8510	1.52599
8511	1.52598
8512	1.52598
8513	1.52597
8514	1.52597
8515	1.52596
8516	1.52596
8517	1.52595
8518	1.52595
8519	1.52595
8520	1.52594
8521	1.52594
8522	1.52594
8523	1.52593
8524	1.52593
8525	1.52592
8526	1.52592
8527	1.52592
8528	1.52591
8529	1.52591
8530	1.52591
8531	1.5259
8532	1.5259
8533	1.5259
8534	1.52589
8535	1.52589
8536	1.52589
8537	1.52588
8538	1.52588
8539	1.52588
8540	1.52588
8541	1.52587
8542	1.52587
8543	1.52587
8544	1.52587
8545	1.52586
8546	1.52586
8547	1.52586
8548	1.52586
8549	1.52585
8550	1.52585
8551	1.52585
8552	1.52585
8553	1.52585
8554	1.52584
8555	1.52584
8556	1.52584
8557	1.52584
8558	1.52584
8559	1.52584
8560	1.52584
8561	1.52583
8562	1.52583
8563	1.52583
8564	1.52583
8565	1.52583
8566	1.52583
8567	1.52583
8568	1.52583
8569	1.52583
8570	1.52583
8571	1.52583
8572	1.52582
8573	1.52582
8574	1.52582
8575	1.52582
8576	1.52582
8577	1.52582
8578	1.52582
8579	1.52582
8580	1.52582
8581	1.52582
8582	1.52582
8583	1.52582
8584	1.52582
8585	1.52582
8586	1.52583
8587	1.52583
8588	1.52583
8589	1.52583
8590	1.52583
8591	1.52583
8592	1.52583
8593	1.52583
8594	1.52583
8595	1.52583
8596	1.52584
8597	1.52584
8598	1.52584
8599	1.52584
8600	1.52584
8601	1.52584
8602	1.52585
8603	1.52585
8604	1.52585
8605	1.52585
8606	1.52585
8607	1.52586
8608	1.52586
8609	1.52586
8610	1.52586
8611	1.52586
8612	1.52587
8613	1.52587
8614	1.52587
8615	1.52588
8616	1.52588
8617	1.52588
8618	1.52588
8619	1.52589
8620	1.52589
8621	1.52589
8622	1.5259
8623	1.5259
8624	1.52591
8625	1.52591
8626	1.52591
8627	1.52592
8628	1.52592
8629	1.52592
8630	1.52593
8631	1.52593
8632	1.52594
8633	1.52594
8634	1.52594
8635	1.52595
8636	1.52595
8637	1.52596
8638	1.52596
8639	1.52597
8640	1.52597
8641	1.52598
8642	1.52598
8643	1.52599
8644	1.52599
8645	1.52599
8646	1.526
8647	1.526
8648	1.52601
8649	1.52602
8650	1.52602
8651	1.52603
8652	1.52603
8653	1.52604
8654	1.52604
8655	1.52605
8656	1.52605
8657	1.52606
8658	1.52606
8659	1.52607
8660	1.52607
8661	1.52608
8662	1.52608
8663	1.52609
8664	1.5261
8665	1.5261
8666	1.52611
8667	1.52611
8668	1.52612
8669	1.52612
8670	1.52613
8671	1.52614
8672	1.52614
8673	1.52615
8674	1.52615
8675	1.52616
8676	1.52616
8677	1.52617
8678	1.52618
8679	1.52618
8680	1.52619
8681	1.52619
8682	1.5262
8683	1.52621
8684	1.52621
8685	1.52622
8686	1.52622
8687	1.52623
8688	1.52623
8689	1.52624
8690	1.52625
8691	1.52625
8692	1.52626
8693	1.52626
8694	1.52627
8695	1.52627
8696	1.52628
8697	1.52628
8698	1.52629
8699	1.5263
8700	1.5263
8701	1.52631
8702	1.52631
8703	1.52632
8704	1.52632
8705	1.52633
8706	1.52633
8707	1.52634
8708	1.52634
8709	1.52635
8710	1.52635
8711	1.52636
8712	1.52637
8713	1.52637
8714	1.52638
8715	1.52638
8716	1.52639
8717	1.52639
8718	1.5264
8719	1.5264
8720	1.52641
8721	1.52641
8722	1.52642
8723	1.52642
8724	1.52643
8725	1.52643
8726	1.52644
8727	1.52644
8728	1.52644
8729	1.52645
8730	1.52645
8731	1.52646
8732	1.52646
8733	1.52647
8734	1.52647
8735	1.52648
8736	1.52648
8737	1.52649
8738	1.52649
8739	1.5265
8740	1.5265
8741	1.52651
8742	1.52651
8743	1.52652
8744	1.52652
8745	1.52653
8746	1.52654
8747	1.52654
8748	1.52655
8749	1.52655
8750	1.52656
8751	1.52656
8752	1.52657
8753	1.52658
8754	1.52658
8755	1.52659
8756	1.52659
8757	1.5266
8758	1.52661
8759	1.52661
8760	1.52662
8761	1.52663
8762	1.52664
8763	1.52664
8764	1.52665
8765	1.52666
8766	1.52667
8767	1.52668
8768	1.52669
8769	1.52669
8770	1.5267
8771	1.52671
8772	1.52672
8773	1.52673
8774	1.52674
8775	1.52675
8776	1.52677
8777	1.52678
8778	1.52679
8779	1.5268
8780	1.52681
8781	1.52683
8782	1.52684
8783	1.52685
8784	1.52687
8785	1.52688
8786	1.5269
8787	1.52691
8788	1.52693
8789	1.52695
8790	1.52696
8791	1.52698
8792	1.527
8793	1.52702
8794	1.52704
8795	1.52706
8796	1.52708
8797	1.5271
8798	1.52712
8799	1.52715
8800	1.52717
8801	1.52719
8802	1.52722
8803	1.52724
8804	1.52727
8805	1.5273
8806	1.52733
8807	1.52735
8808	1.52738
8809	1.52741
8810	1.52745
8811	1.52748
8812	1.52751
8813	1.52754
8814	1.52758
8815	1.52761
8816	1.52765
8817	1.52769
8818	1.52773
8819	1.52777
8820	1.52781
8821	1.52785
8822	1.52789
8823	1.52793
8824	1.52798
8825	1.52802
8826	1.52807
8827	1.52812
8828	1.52817
8829	1.52822
8830	1.52827
8831	1.52832
8832	1.52837
8833	1.52842
8834	1.52848
8835	1.52853
8836	1.52859
8837	1.52865
8838	1.52871
8839	1.52877
8840	1.52883
8841	1.52889
8842	1.52896
8843	1.52902
8844	1.52909
8845	1.52915
8846	1.52922
8847	1.52929
8848	1.52936
8849	1.52943
8850	1.52951
8851	1.52958
8852	1.52965
8853	1.52973
8854	1.5298
8855	1.52988
8856	1.52996
8857	1.53004
8858	1.53012
8859	1.5302
8860	1.53028
8861	1.53036
8862	1.53045
8863	1.53053
8864	1.53062
8865	1.5307
8866	1.53079
8867	1.53088
8868	1.53096
8869	1.53105
8870	1.53114
8871	1.53123
8872	1.53132
8873	1.53141
8874	1.5315
8875	1.5316
8876	1.53169
8877	1.53178
8878	1.53187
8879	1.53197
8880	1.53206
8881	1.53215
8882	1.53225
8883	1.53234
8884	1.53244
8885	1.53253
8886	1.53262
8887	1.53272
8888	1.53281
8889	1.5329
8890	1.533
8891	1.53309
8892	1.53318
8893	1.53328
8894	1.53337
8895	1.53346
8896	1.53355
8897	1.53364
8898	1.53373
8899	1.53382
8900	1.53391
8901	1.53399
8902	1.53408
8903	1.53417
8904	1.53425
8905	1.53433
8906	1.53442
8907	1.5345
8908	1.53458
8909	1.53466
8910	1.53474
8911	1.53481
8912	1.53489
8913	1.53496
8914	1.53503
8915	1.53511
8916	1.53517
8917	1.53524
8918	1.53531
8919	1.53537
8920	1.53543
8921	1.5355
8922	1.53555
8923	1.53561
8924	1.53567
8925	1.53572
8926	1.53577
8927	1.53582
8928	1.53586
8929	1.53591
8930	1.53595
8931	1.53599
8932	1.53603
8933	1.53606
8934	1.5361
8935	1.53613
8936	1.53616
8937	1.53618
8938	1.53621
8939	1.53623
8940	1.53625
8941	1.53626
8942	1.53628
8943	1.53629
8944	1.5363
8945	1.5363
8946	1.53631
8947	1.53631
8948	1.53631
8949	1.5363
8950	1.53629
8951	1.53628
8952	1.53627
8953	1.53626
8954	1.53624
8955	1.53622
8956	1.5362
8957	1.53617
8958	1.53615
8959	1.53611
8960	1.53608
8961	1.53605
8962	1.53601
8963	1.53597
8964	1.53592
8965	1.53588
8966	1.53583
8967	1.53578
8968	1.53573
8969	1.53567
8970	1.53562
8971	1.53556
8972	1.53549
8973	1.53543
8974	1.53536
8975	1.53529
8976	1.53522
8977	1.53515
8978	1.53507
8979	1.535
8980	1.53492
8981	1.53484
8982	1.53475
8983	1.53467
8984	1.53458
8985	1.53449
8986	1.5344
8987	1.53431
8988	1.53422
8989	1.53412
8990	1.53402
8991	1.53393
8992	1.53383
8993	1.53372
8994	1.53362
8995	1.53352
8996	1.53341
8997	1.53331
8998	1.5332
8999	1.53309
9000	1.53298
9001	1.53287
9002	1.53276
9003	1.53265
9004	1.53254
9005	1.53242
9006	1.53231
9007	1.53219
9008	1.53208
9009	1.53196
9010	1.53185
9011	1.53173
9012	1.53161
9013	1.5315
9014	1.53138
9015	1.53126
9016	1.53114
9017	1.53103
9018	1.53091
9019	1.53079
9020	1.53067
9021	1.53056
9022	1.53044
9023	1.53032
9024	1.5302
9025	1.53009
9026	1.52997
9027	1.52986
9028	1.52974
9029	1.52963
9030	1.52951
9031	1.5294
9032	1.52929
9033	1.52917
9034	1.52906
9035	1.52895
9036	1.52884
9037	1.52873
9038	1.52863
9039	1.52852
9040	1.52841
9041	1.52831
9042	1.5282
9043	1.5281
9044	1.528
9045	1.5279
9046	1.5278
9047	1.5277
9048	1.5276
9049	1.5275
9050	1.52741
9051	1.52731
9052	1.52722
9053	1.52713
9054	1.52704
9055	1.52695
9056	1.52686
9057	1.52677
9058	1.52669
9059	1.52661
9060	1.52652
9061	1.52644
9062	1.52636
9063	1.52628
9064	1.52621
9065	1.52613
9066	1.52606
9067	1.52598
9068	1.52591
9069	1.52584
9070	1.52577
9071	1.52571
9072	1.52564
9073	1.52558
9074	1.52551
9075	1.52545
9076	1.52539
9077	1.52533
9078	1.52527
9079	1.52522
9080	1.52516
9081	1.52511
9082	1.52506
9083	1.52501
9084	1.52496
9085	1.52491
9086	1.52486
9087	1.52481
9088	1.52477
9089	1.52473
9090	1.52468
9091	1.52464
9092	1.5246
9093	1.52457
9094	1.52453
9095	1.52449
9096	1.52446
9097	1.52442
9098	1.52439
9099	1.52436
9100	1.52433
9101	1.5243
9102	1.52427
9103	1.52424
9104	1.52421
9105	1.52419
9106	1.52416
9107	1.52414
9108	1.52412
9109	1.52409
9110	1.52407
9111	1.52405
9112	1.52403
9113	1.52401
9114	1.524
9115	1.52398
9116	1.52396
9117	1.52395
9118	1.52393
9119	1.52392
9120	1.5239
9121	1.52389
9122	1.52388
9123	1.52387
9124	1.52386
9125	1.52385
9126	1.52384
9127	1.52383
9128	1.52382
9129	1.52381
9130	1.5238
9131	1.52379
9132	1.52379
9133	1.52378
9134	1.52377
9135	1.52377
9136	1.52376
9137	1.52376
9138	1.52375
9139	1.52375
9140	1.52375
9141	1.52374
9142	1.52374
9143	1.52374
9144	1.52373
9145	1.52373
9146	1.52373
9147	1.52373
9148	1.52373
9149	1.52372
9150	1.52372
9151	1.52372
9152	1.52372
9153	1.52372
9154	1.52372
9155	1.52372
9156	1.52372
9157	1.52372
9158	1.52372
9159	1.52372
9160	1.52372
9161	1.52372
9162	1.52372
9163	1.52373
9164	1.52373
9165	1.52373
9166	1.52373
9167	1.52373
9168	1.52373
9169	1.52374
9170	1.52374
9171	1.52374
9172	1.52374
9173	1.52374
9174	1.52375
9175	1.52375
9176	1.52375
9177	1.52375
9178	1.52376
9179	1.52376
9180	1.52376
9181	1.52376
9182	1.52377
9183	1.52377
9184	1.52377
9185	1.52378
9186	1.52378
9187	1.52378
9188	1.52379
9189	1.52379
9190	1.52379
9191	1.5238
9192	1.5238
9193	1.5238
9194	1.52381
9195	1.52381
9196	1.52382
9197	1.52382
9198	1.52382
9199	1.52383
9200	1.52383
9201	1.52384
9202	1.52384
9203	1.52385
9204	1.52385
9205	1.52386
9206	1.52386
9207	1.52387
9208	1.52387
9209	1.52388
9210	1.52388
9211	1.52389
9212	1.52389
9213	1.5239
9214	1.52391
9215	1.52391
9216	1.52392
9217	1.52392
9218	1.52393
9219	1.52394
9220	1.52394
9221	1.52395
9222	1.52396
9223	1.52397
9224	1.52397
9225	1.52398
9226	1.52399
9227	1.524
9228	1.524
9229	1.52401
9230	1.52402
9231	1.52403
9232	1.52404
9233	1.52404
9234	1.52405
9235	1.52406
9236	1.52407
9237	1.52408
9238	1.52409
9239	1.5241
9240	1.52411
9241	1.52412
9242	1.52413
9243	1.52414
9244	1.52415
9245	1.52416
9246	1.52417
9247	1.52418
9248	1.52419
9249	1.5242
9250	1.52421
9251	1.52422
9252	1.52423
9253	1.52424
9254	1.52426
9255	1.52427
9256	1.52428
9257	1.52429
9258	1.5243
9259	1.52431
9260	1.52433
9261	1.52434
9262	1.52435
9263	1.52436
9264	1.52438
9265	1.52439
9266	1.5244
9267	1.52441
9268	1.52443
9269	1.52444
9270	1.52445
9271	1.52447
9272	1.52448
9273	1.52449
9274	1.52451
9275	1.52452
9276	1.52453
9277	1.52455
9278	1.52456
9279	1.52458
9280	1.52459
9281	1.5246
9282	1.52462
9283	1.52463
9284	1.52465
9285	1.52466
9286	1.52467
9287	1.52469
9288	1.5247
9289	1.52472
9290	1.52473
9291	1.52475
9292	1.52476
9293	1.52477
9294	1.52479
9295	1.5248
9296	1.52482
9297	1.52483
9298	1.52484
9299	1.52486
9300	1.52487
9301	1.52489
9302	1.5249
9303	1.52491
9304	1.52493
9305	1.52494
9306	1.52496
9307	1.52497
9308	1.52498
9309	1.525
9310	1.52501
9311	1.52502
9312	1.52504
9313	1.52505
9314	1.52507
9315	1.52508
9316	1.52509
9317	1.5251
9318	1.52512
9319	1.52513
9320	1.52514
9321	1.52516
9322	1.52517
9323	1.52518
9324	1.52519
9325	1.52521
9326	1.52522
9327	1.52523
9328	1.52524
9329	1.52525
9330	1.52526
9331	1.52528
9332	1.52529
9333	1.5253
9334	1.52531
9335	1.52532
9336	1.52533
9337	1.52534
9338	1.52535
9339	1.52536
9340	1.52537
9341	1.52538
9342	1.52539
9343	1.5254
9344	1.52541
9345	1.52542
9346	1.52543
9347	1.52544
9348	1.52545
9349	1.52546
9350	1.52547
9351	1.52548
9352	1.52549
9353	1.5255
9354	1.5255
9355	1.52551
9356	1.52552
9357	1.52553
9358	1.52554
9359	1.52554
9360	1.52555
9361	1.52556
9362	1.52557
9363	1.52557
9364	1.52558
9365	1.52559
9366	1.52559
9367	1.5256
9368	1.52561
9369	1.52561
9370	1.52562
9371	1.52562
9372	1.52563
9373	1.52564
9374	1.52564
9375	1.52565
9376	1.52565
9377	1.52566
9378	1.52566
9379	1.52567
9380	1.52567
9381	1.52568
9382	1.52568
9383	1.52569
9384	1.52569
9385	1.5257
9386	1.5257
9387	1.52571
9388	1.52571
9389	1.52572
9390	1.52572
9391	1.52572
9392	1.52573
9393	1.52573
9394	1.52574
9395	1.52574
9396	1.52574
9397	1.52575
9398	1.52575
9399	1.52576
9400	1.52576
9401	1.52576
9402	1.52577
9403	1.52577
9404	1.52577
9405	1.52578
9406	1.52578
9407	1.52578
9408	1.52579
9409	1.52579
9410	1.5258
9411	1.5258
9412	1.5258
9413	1.52581
9414	1.52581
9415	1.52581
9416	1.52582
9417	1.52582
9418	1.52582
9419	1.52583
9420	1.52583
9421	1.52583
9422	1.52584
9423	1.52584
9424	1.52584
9425	1.52585
9426	1.52585
9427	1.52586
9428	1.52586
9429	1.52586
9430	1.52587
9431	1.52587
9432	1.52588
9433	1.52588
9434	1.52588
9435	1.52589
9436	1.52589
9437	1.5259
9438	1.5259
9439	1.5259
9440	1.52591
9441	1.52591
9442	1.52592
9443	1.52592
9444	1.52593
9445	1.52593
9446	1.52594
9447	1.52594
9448	1.52595
9449	1.52595
9450	1.52596
9451	1.52596
9452	1.52597
9453	1.52597
9454	1.52598
9455	1.52598
9456	1.52599
9457	1.52599
9458	1.526
9459	1.526
9460	1.52601
9461	1.52602
9462	1.52602
9463	1.52603
9464	1.52603
9465	1.52604
9466	1.52605
9467	1.52605
9468	1.52606
9469	1.52606
9470	1.52607
9471	1.52608
9472	1.52608
9473	1.52609
9474	1.5261
9475	1.5261
9476	1.52611
9477	1.52612
9478	1.52613
9479	1.52613
9480	1.52614
9481	1.52615
9482	1.52615
9483	1.52616
9484	1.52617
9485	1.52618
9486	1.52618
9487	1.52619
9488	1.5262
9489	1.52621
9490	1.52621
9491	1.52622
9492	1.52623
9493	1.52624
9494	1.52624
9495	1.52625
9496	1.52626
9497	1.52627
9498	1.52628
9499	1.52629
9500	1.52629
9501	1.5263
9502	1.52631
9503	1.52632
9504	1.52633
9505	1.52633
9506	1.52634
9507	1.52635
9508	1.52636
9509	1.52637
9510	1.52638
9511	1.52639
9512	1.52639
9513	1.5264
9514	1.52641
9515	1.52642
9516	1.52643
9517	1.52644
9518	1.52645
9519	1.52646
9520	1.52646
9521	1.52647
9522	1.52648
9523	1.52649
9524	1.5265
9525	1.52651
9526	1.52652
9527	1.52653
9528	1.52653
9529	1.52654
9530	1.52655
9531	1.52656
9532	1.52657
9533	1.52658
9534	1.52659
9535	1.5266
9536	1.52661
9537	1.52661
9538	1.52662
9539	1.52663
9540	1.52664
9541	1.52665
9542	1.52666
9543	1.52667
9544	1.52668
9545	1.52668
9546	1.52669
9547	1.5267
9548	1.52671
9549	1.52672
9550	1.52673
9551	1.52674
9552	1.52675
9553	1.52675
9554	1.52676
9555	1.52677
9556	1.52678
9557	1.52679
9558	1.5268
9559	1.52681
9560	1.52682
9561	1.52682
9562	1.52683
9563	1.52684
9564	1.52685
9565	1.52686
9566	1.52687
9567	1.52687
9568	1.52688
9569	1.52689
9570	1.5269
9571	1.52691
9572	1.52692
9573	1.52692
9574	1.52693
9575	1.52694
9576	1.52695
9577	1.52696
9578	1.52697
9579	1.52697
9580	1.52698
9581	1.52699
9582	1.527
9583	1.52701
9584	1.52701
9585	1.52702
9586	1.52703
9587	1.52704
9588	1.52705
9589	1.52705
9590	1.52706
9591	1.52707
9592	1.52708
9593	1.52708
9594	1.52709
9595	1.5271
9596	1.52711
9597	1.52712
9598	1.52712
9599	1.52713
9600	1.52714
9601	1.52715
9602	1.52715
9603	1.52716
9604	1.52717
9605	1.52718
9606	1.52718
9607	1.52719
9608	1.5272
9609	1.5272
9610	1.52721
9611	1.52722
9612	1.52723
9613	1.52723
9614	1.52724
9615	1.52725
9616	1.52725
9617	1.52726
9618	1.52727
9619	1.52728
9620	1.52728
9621	1.52729
9622	1.5273
9623	1.5273
9624	1.52731
9625	1.52732
9626	1.52732
9627	1.52733
9628	1.52734
9629	1.52734
9630	1.52735
9631	1.52736
9632	1.52736
9633	1.52737
9634	1.52738
9635	1.52738
9636	1.52739
9637	1.5274
9638	1.5274
9639	1.52741
9640	1.52742
9641	1.52742
9642	1.52743
9643	1.52743
9644	1.52744
9645	1.52745
9646	1.52745
9647	1.52746
9648	1.52747
9649	1.52747
9650	1.52748
9651	1.52748
9652	1.52749
9653	1.5275
9654	1.5275
9655	1.52751
9656	1.52751
9657	1.52752
9658	1.52752
9659	1.52753
9660	1.52754
9661	1.52754
9662	1.52755
9663	1.52755
9664	1.52756
9665	1.52756
9666	1.52757
9667	1.52757
9668	1.52758
9669	1.52759
9670	1.52759
9671	1.5276
9672	1.5276
9673	1.52761
9674	1.52761
9675	1.52762
9676	1.52762
9677	1.52763
9678	1.52763
9679	1.52764
9680	1.52764
9681	1.52765
9682	1.52765
9683	1.52766
9684	1.52766
9685	1.52767
9686	1.52767
9687	1.52768
9688	1.52768
9689	1.52768
9690	1.52769
9691	1.52769
9692	1.5277
9693	1.5277
9694	1.52771
9695	1.52771
9696	1.52772
9697	1.52772
9698	1.52772
9699	1.52773
9700	1.52773
9701	1.52774
9702	1.52774
9703	1.52774
9704	1.52775
9705	1.52775
9706	1.52775
9707	1.52776
9708	1.52776
9709	1.52777
9710	1.52777
9711	1.52777
9712	1.52778
9713	1.52778
9714	1.52778
9715	1.52779
9716	1.52779
9717	1.52779
9718	1.5278
9719	1.5278
9720	1.5278
9721	1.5278
9722	1.52781
9723	1.52781
9724	1.52781
9725	1.52782
9726	1.52782
9727	1.52782
9728	1.52782
9729	1.52783
9730	1.52783
9731	1.52783
9732	1.52783
9733	1.52783
9734	1.52784
9735	1.52784
9736	1.52784
9737	1.52784
9738	1.52784
9739	1.52785
9740	1.52785
9741	1.52785
9742	1.52785
9743	1.52785
9744	1.52785
9745	1.52785
9746	1.52786
9747	1.52786
9748	1.52786
9749	1.52786
9750	1.52786
9751	1.52786
9752	1.52786
9753	1.52786
9754	1.52786
9755	1.52786
9756	1.52786
9757	1.52786
9758	1.52786
9759	1.52786
9760	1.52786
9761	1.52786
9762	1.52786
9763	1.52786
9764	1.52786
9765	1.52786
9766	1.52786
9767	1.52786
9768	1.52786
9769	1.52786
9770	1.52786
9771	1.52786
9772	1.52786
9773	1.52785
9774	1.52785
9775	1.52785
9776	1.52785
9777	1.52785
9778	1.52785
9779	1.52784
9780	1.52784
9781	1.52784
9782	1.52784
9783	1.52783
9784	1.52783
9785	1.52783
9786	1.52783
9787	1.52782
9788	1.52782
9789	1.52782
9790	1.52781
9791	1.52781
9792	1.52781
9793	1.5278
9794	1.5278
9795	1.52779
9796	1.52779
9797	1.52779
9798	1.52778
9799	1.52778
9800	1.52777
9801	1.52777
9802	1.52776
9803	1.52775
9804	1.52775
9805	1.52774
9806	1.52774
9807	1.52773
9808	1.52772
9809	1.52772
9810	1.52771
9811	1.5277
9812	1.5277
9813	1.52769
9814	1.52768
9815	1.52767
9816	1.52767
9817	1.52766
9818	1.52765
9819	1.52764
9820	1.52763
9821	1.52762
9822	1.52761
9823	1.5276
9824	1.52759
9825	1.52758
9826	1.52757
9827	1.52756
9828	1.52755
9829	1.52754
9830	1.52753
9831	1.52752
9832	1.52751
9833	1.52749
9834	1.52748
9835	1.52747
9836	1.52746
9837	1.52744
9838	1.52743
9839	1.52742
9840	1.5274
9841	1.52739
9842	1.52737
9843	1.52736
9844	1.52734
9845	1.52732
9846	1.52731
9847	1.52729
9848	1.52727
9849	1.52725
9850	1.52724
9851	1.52722
9852	1.5272
9853	1.52718
9854	1.52716
9855	1.52714
9856	1.52712
9857	1.5271
9858	1.52708
9859	1.52706
9860	1.52703
9861	1.52701
9862	1.52699
9863	1.52696
9864	1.52694
9865	1.52691
9866	1.52689
9867	1.52686
9868	1.52683
9869	1.52681
9870	1.52678
9871	1.52675
9872	1.52672
9873	1.52669
9874	1.52666
9875	1.52663
9876	1.5266
9877	1.52657
9878	1.52654
9879	1.5265
9880	1.52647
9881	1.52644
9882	1.5264
9883	1.52637
9884	1.52633
9885	1.52629
9886	1.52625
9887	1.52622
9888	1.52618
9889	1.52614
9890	1.5261
9891	1.52606
9892	1.52601
9893	1.52597
9894	1.52593
9895	1.52588
9896	1.52584
9897	1.52579
9898	1.52574
9899	1.5257
9900	1.52565
9901	1.5256
9902	1.52555
9903	1.5255
9904	1.52545
9905	1.5254
9906	1.52534
9907	1.52529
9908	1.52523
9909	1.52518
9910	1.52512
9911	1.52506
9912	1.52501
9913	1.52495
9914	1.52489
9915	1.52483
9916	1.52476
9917	1.5247
9918	1.52464
9919	1.52457
9920	1.52451
9921	1.52444
9922	1.52438
9923	1.52431
9924	1.52424
9925	1.52417
9926	1.5241
9927	1.52403
9928	1.52396
9929	1.52389
9930	1.52381
9931	1.52374
9932	1.52366
9933	1.52359
9934	1.52351
9935	1.52343
9936	1.52335
9937	1.52327
9938	1.52319
9939	1.52311
9940	1.52303
9941	1.52295
9942	1.52286
9943	1.52278
9944	1.5227
9945	1.52261
9946	1.52253
9947	1.52244
9948	1.52235
9949	1.52226
9950	1.52217
9951	1.52209
9952	1.522
9953	1.5219
9954	1.52181
9955	1.52172
9956	1.52163
9957	1.52154
9958	1.52144
9959	1.52135
9960	1.52126
9961	1.52116
9962	1.52107
9963	1.52097
9964	1.52088
9965	1.52078
9966	1.52068
9967	1.52059
9968	1.52049
9969	1.52039
9970	1.5203
9971	1.5202
9972	1.5201
9973	1.52
9974	1.51991
9975	1.51981
9976	1.51971
9977	1.51961
9978	1.51952
9979	1.51942
9980	1.51932
9981	1.51922
9982	1.51913
9983	1.51903
9984	1.51893
9985	1.51884
9986	1.51874
9987	1.51865
9988	1.51855
9989	1.51846
9990	1.51836
9991	1.51827
9992	1.51817
9993	1.51808
9994	1.51799
9995	1.5179
9996	1.51781
9997	1.51772
9998	1.51763
9999	1.51754
10000	1.51745
10001	1.51737
10002	1.51728
10003	1.5172
10004	1.51711
10005	1.51703
10006	1.51695
10007	1.51687
10008	1.51679
10009	1.51671
10010	1.51664
10011	1.51656
10012	1.51649
10013	1.51642
10014	1.51635
10015	1.51628
10016	1.51621
10017	1.51614
10018	1.51608
10019	1.51602
10020	1.51596
10021	1.5159
10022	1.51584
10023	1.51579
10024	1.51573
10025	1.51568
10026	1.51563
10027	1.51558
10028	1.51554
10029	1.51549
10030	1.51545
10031	1.51541
10032	1.51538
10033	1.51534
10034	1.51531
10035	1.51528
10036	1.51525
10037	1.51522
10038	1.5152
10039	1.51518
10040	1.51516
10041	1.51515
10042	1.51513
10043	1.51512
10044	1.51511
10045	1.51511
10046	1.5151
10047	1.5151
10048	1.5151
10049	1.51511
10050	1.51512
10051	1.51513
10052	1.51514
10053	1.51515
10054	1.51517
10055	1.51519
10056	1.51521
10057	1.51524
10058	1.51527
10059	1.5153
10060	1.51533
10061	1.51537
10062	1.51541
10063	1.51545
10064	1.5155
10065	1.51555
10066	1.5156
10067	1.51565
10068	1.51571
10069	1.51576
10070	1.51583
10071	1.51589
10072	1.51596
10073	1.51603
10074	1.5161
10075	1.51617
10076	1.51625
10077	1.51633
10078	1.51641
10079	1.5165
10080	1.51658
10081	1.51667
10082	1.51676
10083	1.51686
10084	1.51695
10085	1.51705
10086	1.51715
10087	1.51726
10088	1.51736
10089	1.51747
10090	1.51758
10091	1.51769
10092	1.51781
10093	1.51792
10094	1.51804
10095	1.51816
10096	1.51828
10097	1.5184
10098	1.51853
10099	1.51866
10100	1.51878
10101	1.51891
10102	1.51904
10103	1.51918
10104	1.51931
10105	1.51945
10106	1.51958
10107	1.51972
10108	1.51986
10109	1.52
10110	1.52014
10111	1.52028
10112	1.52043
10113	1.52057
10114	1.52071
10115	1.52086
10116	1.52101
10117	1.52115
10118	1.5213
10119	1.52145
10120	1.52159
10121	1.52174
10122	1.52189
10123	1.52204
10124	1.52219
10125	1.52234
10126	1.52249
10127	1.52264
10128	1.52279
10129	1.52293
10130	1.52308
10131	1.52323
10132	1.52338
10133	1.52353
10134	1.52367
10135	1.52382
10136	1.52397
10137	1.52411
10138	1.52426
10139	1.5244
10140	1.52454
10141	1.52469
10142	1.52483
10143	1.52497
10144	1.52511
10145	1.52525
10146	1.52538
10147	1.52552
10148	1.52565
10149	1.52579
10150	1.52592
10151	1.52605
10152	1.52618
10153	1.52631
10154	1.52644
10155	1.52656
10156	1.52669
10157	1.52681
10158	1.52693
10159	1.52705
10160	1.52717
10161	1.52729
10162	1.5274
10163	1.52752
10164	1.52763
10165	1.52774
10166	1.52785
10167	1.52795
10168	1.52806
10169	1.52816
10170	1.52826
10171	1.52836
10172	1.52846
10173	1.52856
10174	1.52865
10175	1.52874
10176	1.52883
10177	1.52892
10178	1.52901
10179	1.5291
10180	1.52918
10181	1.52926
10182	1.52934
10183	1.52942
10184	1.5295
10185	1.52957
10186	1.52964
10187	1.52972
10188	1.52979
10189	1.52985
10190	1.52992
10191	1.52999
10192	1.53005
10193	1.53011
10194	1.53017
10195	1.53023
10196	1.53029
10197	1.53034
10198	1.5304
10199	1.53045
10200	1.5305
10201	1.53055
10202	1.5306
10203	1.53064
10204	1.53069
10205	1.53073
10206	1.53077
10207	1.53082
10208	1.53086
10209	1.5309
10210	1.53093
10211	1.53097
10212	1.53101
10213	1.53104
10214	1.53107
10215	1.53111
10216	1.53114
10217	1.53117
10218	1.5312
10219	1.53122
10220	1.53125
10221	1.53128
10222	1.5313
10223	1.53133
10224	1.53135
10225	1.53138
10226	1.5314
10227	1.53142
10228	1.53144
10229	1.53146
10230	1.53148
10231	1.5315
10232	1.53152
10233	1.53154
10234	1.53156
10235	1.53157
10236	1.53159
10237	1.53161
10238	1.53162
10239	1.53164
10240	1.53165
10241	1.53167
10242	1.53168
10243	1.53169
10244	1.53171
10245	1.53172
10246	1.53173
10247	1.53175
10248	1.53176
10249	1.53177
10250	1.53178
10251	1.53179
10252	1.5318
10253	1.53181
10254	1.53182
10255	1.53183
10256	1.53184
10257	1.53185
10258	1.53186
10259	1.53187
10260	1.53188
10261	1.53188
10262	1.53189
10263	1.5319
10264	1.53191
10265	1.53192
10266	1.53192
10267	1.53193
10268	1.53194
10269	1.53194
10270	1.53195
10271	1.53195
10272	1.53196
10273	1.53196
10274	1.53197
10275	1.53197
10276	1.53198
10277	1.53198
10278	1.53199
10279	1.53199
10280	1.53199
10281	1.532
10282	1.532
10283	1.532
10284	1.532
10285	1.53201
10286	1.53201
10287	1.53201
10288	1.53201
10289	1.53201
10290	1.53201
10291	1.53201
10292	1.53201
10293	1.532
10294	1.532
10295	1.532
10296	1.532
10297	1.53199
10298	1.53199
10299	1.53199
10300	1.53198
10301	1.53198
10302	1.53197
10303	1.53197
10304	1.53196
10305	1.53195
10306	1.53195
10307	1.53194
10308	1.53193
10309	1.53192
10310	1.53191
10311	1.5319
10312	1.53189
10313	1.53188
10314	1.53187
10315	1.53186
10316	1.53185
10317	1.53183
10318	1.53182
10319	1.53181
10320	1.53179
10321	1.53178
10322	1.53176
10323	1.53175
10324	1.53173
10325	1.53171
10326	1.5317
10327	1.53168
10328	1.53166
10329	1.53164
10330	1.53162
10331	1.5316
10332	1.53158
10333	1.53156
10334	1.53154
10335	1.53152
10336	1.5315
10337	1.53148
10338	1.53146
10339	1.53144
10340	1.53141
10341	1.53139
10342	1.53137
10343	1.53134
10344	1.53132
10345	1.53129
10346	1.53127
10347	1.53125
10348	1.53122
10349	1.53119
10350	1.53117
10351	1.53114
10352	1.53112
10353	1.53109
10354	1.53107
10355	1.53104
10356	1.53101
10357	1.53099
10358	1.53096
10359	1.53093
10360	1.5309
10361	1.53088
10362	1.53085
10363	1.53082
10364	1.5308
10365	1.53077
10366	1.53074
10367	1.53071
10368	1.53069
10369	1.53066
10370	1.53063
10371	1.53061
10372	1.53058
10373	1.53055
10374	1.53053
10375	1.5305
10376	1.53047
10377	1.53045
10378	1.53042
10379	1.53039
10380	1.53037
10381	1.53034
10382	1.53032
10383	1.53029
10384	1.53027
10385	1.53024
10386	1.53022
10387	1.53019
10388	1.53017
10389	1.53015
10390	1.53012
10391	1.5301
10392	1.53008
10393	1.53005
10394	1.53003
10395	1.53001
10396	1.52999
10397	1.52997
10398	1.52995
10399	1.52993
10400	1.5299
10401	1.52988
10402	1.52986
10403	1.52985
10404	1.52983
10405	1.52981
10406	1.52979
10407	1.52977
10408	1.52975
10409	1.52974
10410	1.52972
10411	1.5297
10412	1.52969
10413	1.52967
10414	1.52965
10415	1.52964
10416	1.52962
10417	1.52961
10418	1.52959
10419	1.52958
10420	1.52957
10421	1.52955
10422	1.52954
10423	1.52953
10424	1.52951
10425	1.5295
10426	1.52949
10427	1.52948
10428	1.52947
10429	1.52946
10430	1.52945
10431	1.52944
10432	1.52943
10433	1.52942
10434	1.52941
10435	1.5294
10436	1.52939
10437	1.52938
10438	1.52937
10439	1.52936
10440	1.52935
10441	1.52935
10442	1.52934
10443	1.52933
10444	1.52932
10445	1.52932
10446	1.52931
10447	1.5293
10448	1.5293
10449	1.52929
10450	1.52928
10451	1.52928
10452	1.52927
10453	1.52927
10454	1.52926
10455	1.52925
10456	1.52925
10457	1.52924
10458	1.52924
10459	1.52923
10460	1.52923
10461	1.52922
10462	1.52922
10463	1.52921
10464	1.52921
10465	1.5292
10466	1.5292
10467	1.52919
10468	1.52919
10469	1.52919
10470	1.52918
10471	1.52918
10472	1.52917
10473	1.52917
10474	1.52916
10475	1.52916
10476	1.52915
10477	1.52915
10478	1.52915
10479	1.52914
10480	1.52914
10481	1.52913
10482	1.52913
10483	1.52912
10484	1.52912
10485	1.52911
10486	1.52911
10487	1.5291
10488	1.5291
10489	1.52909
10490	1.52909
10491	1.52908
10492	1.52908
10493	1.52907
10494	1.52907
10495	1.52906
10496	1.52906
10497	1.52905
10498	1.52904
10499	1.52904
10500	1.52903
10501	1.52903
10502	1.52902
10503	1.52901
10504	1.52901
10505	1.529
10506	1.52899
10507	1.52899
10508	1.52898
10509	1.52897
10510	1.52897
10511	1.52896
10512	1.52895
10513	1.52895
10514	1.52894
10515	1.52893
10516	1.52892
10517	1.52892
10518	1.52891
10519	1.5289
10520	1.52889
10521	1.52889
10522	1.52888
10523	1.52887
10524	1.52886
10525	1.52885
10526	1.52884
10527	1.52884
10528	1.52883
10529	1.52882
10530	1.52881
10531	1.5288
10532	1.52879
10533	1.52878
10534	1.52877
10535	1.52877
10536	1.52876
10537	1.52875
10538	1.52874
10539	1.52873
10540	1.52872
10541	1.52871
10542	1.5287
10543	1.52869
10544	1.52868
10545	1.52867
10546	1.52866
10547	1.52865
10548	1.52864
10549	1.52863
10550	1.52863
10551	1.52862
10552	1.52861
10553	1.5286
10554	1.52859
10555	1.52858
10556	1.52857
10557	1.52856
10558	1.52855
10559	1.52854
10560	1.52853
10561	1.52852
10562	1.52851
10563	1.5285
10564	1.52849
10565	1.52848
10566	1.52847
10567	1.52846
10568	1.52845
10569	1.52844
10570	1.52843
10571	1.52842
10572	1.52841
10573	1.5284
10574	1.52839
10575	1.52838
10576	1.52838
10577	1.52837
10578	1.52836
10579	1.52835
10580	1.52834
10581	1.52833
10582	1.52832
10583	1.52831
10584	1.5283
10585	1.52829
10586	1.52828
10587	1.52827
10588	1.52827
10589	1.52826
10590	1.52825
10591	1.52824
10592	1.52823
10593	1.52822
10594	1.52821
10595	1.52821
10596	1.5282
10597	1.52819
10598	1.52818
10599	1.52817
10600	1.52816
10601	1.52816
10602	1.52815
10603	1.52814
10604	1.52813
10605	1.52812
10606	1.52811
10607	1.52811
10608	1.5281
10609	1.52809
10610	1.52808
10611	1.52808
10612	1.52807
10613	1.52806
10614	1.52805
10615	1.52805
10616	1.52804
10617	1.52803
10618	1.52802
10619	1.52802
10620	1.52801
10621	1.528
10622	1.52799
10623	1.52799
10624	1.52798
10625	1.52797
10626	1.52797
10627	1.52796
10628	1.52795
10629	1.52795
10630	1.52794
10631	1.52793
10632	1.52793
10633	1.52792
10634	1.52791
10635	1.52791
10636	1.5279
10637	1.52789
10638	1.52789
10639	1.52788
10640	1.52787
10641	1.52787
10642	1.52786
10643	1.52785
10644	1.52785
10645	1.52784
10646	1.52783
10647	1.52783
10648	1.52782
10649	1.52782
10650	1.52781
10651	1.5278
10652	1.5278
10653	1.52779
10654	1.52778
10655	1.52778
10656	1.52777
10657	1.52776
10658	1.52776
10659	1.52775
10660	1.52775
10661	1.52774
10662	1.52773
10663	1.52773
10664	1.52772
10665	1.52772
10666	1.52771
10667	1.5277
10668	1.5277
10669	1.52769
10670	1.52768
10671	1.52768
10672	1.52767
10673	1.52767
10674	1.52766
10675	1.52765
10676	1.52765
10677	1.52764
10678	1.52763
10679	1.52763
10680	1.52762
10681	1.52762
10682	1.52761
10683	1.5276
10684	1.5276
10685	1.52759
10686	1.52758
10687	1.52758
10688	1.52757
10689	1.52757
10690	1.52756
10691	1.52755
10692	1.52755
10693	1.52754
10694	1.52753
10695	1.52753
10696	1.52752
10697	1.52751
10698	1.52751
10699	1.5275
10700	1.5275
10701	1.52749
10702	1.52748
10703	1.52748
10704	1.52747
10705	1.52746
10706	1.52746
10707	1.52745
10708	1.52744
10709	1.52744
10710	1.52743
10711	1.52742
10712	1.52742
10713	1.52741
10714	1.5274
10715	1.5274
10716	1.52739
10717	1.52738
10718	1.52738
10719	1.52737
10720	1.52737
10721	1.52736
10722	1.52735
10723	1.52735
10724	1.52734
10725	1.52733
10726	1.52733
10727	1.52732
10728	1.52731
10729	1.52731
10730	1.5273
10731	1.52729
10732	1.52729
10733	1.52728
10734	1.52727
10735	1.52727
10736	1.52726
10737	1.52725
10738	1.52725
10739	1.52724
10740	1.52723
10741	1.52723
10742	1.52722
10743	1.52721
10744	1.52721
10745	1.5272
10746	1.52719
10747	1.52719
10748	1.52718
10749	1.52717
10750	1.52717
10751	1.52716
10752	1.52715
10753	1.52715
10754	1.52714
10755	1.52713
10756	1.52713
10757	1.52712
10758	1.52711
10759	1.52711
10760	1.5271
10761	1.52709
10762	1.52709
10763	1.52708
10764	1.52708
10765	1.52707
10766	1.52706
10767	1.52706
10768	1.52705
10769	1.52704
10770	1.52704
10771	1.52703
10772	1.52703
10773	1.52702
10774	1.52701
10775	1.52701
10776	1.527
10777	1.527
10778	1.52699
10779	1.52698
10780	1.52698
10781	1.52697
10782	1.52697
10783	1.52696
10784	1.52695
10785	1.52695
10786	1.52694
10787	1.52694
10788	1.52693
10789	1.52693
10790	1.52692
10791	1.52691
10792	1.52691
10793	1.5269
10794	1.5269
10795	1.52689
10796	1.52689
10797	1.52688
10798	1.52688
10799	1.52687
10800	1.52687
10801	1.52686
10802	1.52686
10803	1.52685
10804	1.52685
10805	1.52684
10806	1.52684
10807	1.52683
10808	1.52683
10809	1.52682
10810	1.52682
10811	1.52681
10812	1.52681
10813	1.5268
10814	1.5268
10815	1.52679
10816	1.52679
10817	1.52679
10818	1.52678
10819	1.52678
10820	1.52677
10821	1.52677
10822	1.52676
10823	1.52676
10824	1.52676
10825	1.52675
10826	1.52675
10827	1.52675
10828	1.52674
10829	1.52674
10830	1.52673
10831	1.52673
10832	1.52673
10833	1.52672
10834	1.52672
10835	1.52672
10836	1.52671
10837	1.52671
10838	1.52671
10839	1.5267
10840	1.5267
10841	1.5267
10842	1.5267
10843	1.52669
10844	1.52669
10845	1.52669
10846	1.52668
10847	1.52668
10848	1.52668
10849	1.52668
10850	1.52667
10851	1.52667
10852	1.52667
10853	1.52667
10854	1.52667
10855	1.52666
10856	1.52666
10857	1.52666
10858	1.52666
10859	1.52666
10860	1.52665
10861	1.52665
10862	1.52665
10863	1.52665
10864	1.52665
10865	1.52665
10866	1.52664
10867	1.52664
10868	1.52664
10869	1.52664
10870	1.52664
10871	1.52664
10872	1.52664
10873	1.52664
10874	1.52664
10875	1.52663
10876	1.52663
10877	1.52663
10878	1.52663
10879	1.52663
10880	1.52663
10881	1.52663
10882	1.52663
10883	1.52663
10884	1.52663
10885	1.52663
10886	1.52663
10887	1.52663
10888	1.52663
10889	1.52663
10890	1.52663
10891	1.52663
10892	1.52663
10893	1.52663
10894	1.52663
10895	1.52663
10896	1.52663
10897	1.52663
10898	1.52663
10899	1.52663
10900	1.52663
10901	1.52663
10902	1.52663
10903	1.52663
10904	1.52664
10905	1.52664
10906	1.52664
10907	1.52664
10908	1.52664
10909	1.52664
10910	1.52664
10911	1.52664
10912	1.52664
10913	1.52665
10914	1.52665
10915	1.52665
10916	1.52665
10917	1.52665
10918	1.52665
10919	1.52666
10920	1.52666
10921	1.52666
10922	1.52666
10923	1.52666
10924	1.52667
10925	1.52667
10926	1.52667
10927	1.52667
10928	1.52667
10929	1.52668
10930	1.52668
10931	1.52668
10932	1.52668
10933	1.52669
10934	1.52669
10935	1.52669
10936	1.52669
10937	1.5267
10938	1.5267
10939	1.5267
10940	1.52671
10941	1.52671
10942	1.52671
10943	1.52672
10944	1.52672
10945	1.52672
10946	1.52673
10947	1.52673
10948	1.52673
10949	1.52674
10950	1.52674
10951	1.52674
10952	1.52675
10953	1.52675
10954	1.52676
10955	1.52676
10956	1.52677
10957	1.52677
10958	1.52678
10959	1.52678
10960	1.52678
10961	1.52679
10962	1.52679
10963	1.5268
10964	1.52681
10965	1.52681
10966	1.52682
10967	1.52682
10968	1.52683
10969	1.52684
10970	1.52684
10971	1.52685
10972	1.52685
10973	1.52686
10974	1.52687
10975	1.52688
10976	1.52688
10977	1.52689
10978	1.5269
10979	1.52691
10980	1.52691
10981	1.52692
10982	1.52693
10983	1.52694
10984	1.52695
10985	1.52696
10986	1.52697
10987	1.52698
10988	1.52699
10989	1.527
10990	1.52701
10991	1.52702
10992	1.52703
10993	1.52705
10994	1.52706
10995	1.52707
10996	1.52708
10997	1.5271
10998	1.52711
10999	1.52712
11000	1.52714
11001	1.52715
11002	1.52717
11003	1.52718
11004	1.5272
11005	1.52721
11006	1.52723
11007	1.52725
11008	1.52727
11009	1.52728
11010	1.5273
11011	1.52732
11012	1.52734
11013	1.52736
11014	1.52738
11015	1.5274
11016	1.52742
11017	1.52744
11018	1.52747
11019	1.52749
11020	1.52751
11021	1.52754
11022	1.52756
11023	1.52759
11024	1.52761
11025	1.52764
11026	1.52767
11027	1.52769
11028	1.52772
11029	1.52775
11030	1.52778
11031	1.52781
11032	1.52784
11033	1.52787
11034	1.5279
11035	1.52793
11036	1.52797
11037	1.528
11038	1.52804
11039	1.52807
11040	1.52811
11041	1.52814
11042	1.52818
11043	1.52822
11044	1.52826
11045	1.52829
11046	1.52833
11047	1.52837
11048	1.52841
11049	1.52846
11050	1.5285
11051	1.52854
11052	1.52858
11053	1.52863
11054	1.52867
11055	1.52872
11056	1.52877
11057	1.52881
11058	1.52886
11059	1.52891
11060	1.52896
11061	1.52901
11062	1.52906
11063	1.52911
11064	1.52916
11065	1.52921
11066	1.52926
11067	1.52931
11068	1.52937
11069	1.52942
11070	1.52948
11071	1.52953
11072	1.52959
11073	1.52964
11074	1.5297
11075	1.52975
11076	1.52981
11077	1.52987
11078	1.52993
11079	1.52999
11080	1.53004
11081	1.5301
11082	1.53016
11083	1.53022
11084	1.53028
11085	1.53034
11086	1.5304
11087	1.53047
11088	1.53053
11089	1.53059
11090	1.53065
11091	1.53071
11092	1.53077
11093	1.53083
11094	1.5309
11095	1.53096
11096	1.53102
11097	1.53108
11098	1.53115
11099	1.53121
11100	1.53127
11101	1.53133
11102	1.53139
11103	1.53145
11104	1.53152
11105	1.53158
11106	1.53164
11107	1.5317
11108	1.53176
11109	1.53182
11110	1.53188
11111	1.53194
11112	1.532
11113	1.53206
11114	1.53211
11115	1.53217
11116	1.53223
11117	1.53228
11118	1.53234
11119	1.5324
11120	1.53245
11121	1.53251
11122	1.53256
11123	1.53261
11124	1.53266
11125	1.53272
11126	1.53277
11127	1.53282
11128	1.53286
11129	1.53291
11130	1.53296
11131	1.53301
11132	1.53305
11133	1.5331
11134	1.53314
11135	1.53318
11136	1.53323
11137	1.53327
11138	1.53331
11139	1.53334
11140	1.53338
11141	1.53342
11142	1.53345
11143	1.53349
11144	1.53352
11145	1.53355
11146	1.53358
11147	1.53361
11148	1.53364
11149	1.53367
11150	1.53369
11151	1.53372
11152	1.53374
11153	1.53376
11154	1.53378
11155	1.5338
11156	1.53382
11157	1.53384
11158	1.53385
11159	1.53387
11160	1.53388
11161	1.53389
11162	1.5339
11163	1.53391
11164	1.53392
11165	1.53392
11166	1.53393
11167	1.53393
11168	1.53393
11169	1.53393
11170	1.53393
11171	1.53393
11172	1.53393
11173	1.53392
11174	1.53392
11175	1.53391
11176	1.5339
11177	1.53389
11178	1.53388
11179	1.53387
11180	1.53385
11181	1.53384
11182	1.53382
11183	1.5338
11184	1.53378
11185	1.53376
11186	1.53374
11187	1.53372
11188	1.53369
11189	1.53367
11190	1.53364
11191	1.53361
11192	1.53358
11193	1.53355
11194	1.53352
11195	1.53349
11196	1.53346
11197	1.53342
11198	1.53339
11199	1.53335
11200	1.53331
11201	1.53327
11202	1.53323
11203	1.53319
11204	1.53315
11205	1.53311
11206	1.53307
11207	1.53302
11208	1.53298
11209	1.53293
11210	1.53288
11211	1.53284
11212	1.53279
11213	1.53274
11214	1.53269
11215	1.53264
11216	1.53258
11217	1.53253
11218	1.53248
11219	1.53243
11220	1.53237
11221	1.53232
11222	1.53226
11223	1.53221
11224	1.53215
11225	1.53209
11226	1.53204
11227	1.53198
11228	1.53192
11229	1.53186
11230	1.5318
11231	1.53174
11232	1.53168
11233	1.53162
11234	1.53156
11235	1.5315
11236	1.53144
11237	1.53138
11238	1.53132
11239	1.53125
11240	1.53119
11241	1.53113
11242	1.53107
11243	1.531
11244	1.53094
11245	1.53088
11246	1.53082
11247	1.53075
11248	1.53069
11249	1.53063
11250	1.53056
11251	1.5305
11252	1.53044
11253	1.53038
11254	1.53031
11255	1.53025
11256	1.53019
11257	1.53012
11258	1.53006
11259	1.53
11260	1.52994
11261	1.52988
11262	1.52981
11263	1.52975
11264	1.52969
11265	1.52963
11266	1.52957
11267	1.52951
11268	1.52945
11269	1.52939
11270	1.52933
11271	1.52927
11272	1.52921
11273	1.52915
11274	1.52909
11275	1.52903
11276	1.52897
11277	1.52892
11278	1.52886
11279	1.5288
11280	1.52874
11281	1.52869
11282	1.52863
11283	1.52858
11284	1.52852
11285	1.52847
11286	1.52841
11287	1.52836
11288	1.5283
11289	1.52825
11290	1.5282
11291	1.52815
11292	1.5281
11293	1.52804
11294	1.52799
11295	1.52794
11296	1.52789
11297	1.52784
11298	1.5278
11299	1.52775
11300	1.5277
11301	1.52765
11302	1.5276
11303	1.52756
11304	1.52751
11305	1.52747
11306	1.52742
11307	1.52738
11308	1.52733
11309	1.52729
11310	1.52725
11311	1.52721
11312	1.52716
11313	1.52712
11314	1.52708
11315	1.52704
11316	1.527
11317	1.52696
11318	1.52692
11319	1.52688
11320	1.52685
11321	1.52681
11322	1.52677
11323	1.52674
11324	1.5267
11325	1.52667
11326	1.52663
11327	1.5266
11328	1.52656
11329	1.52653
11330	1.5265
11331	1.52647
11332	1.52643
11333	1.5264
11334	1.52637
11335	1.52634
11336	1.52631
11337	1.52628
11338	1.52626
11339	1.52623
11340	1.5262
11341	1.52617
11342	1.52615
11343	1.52612
11344	1.52609
11345	1.52607
11346	1.52605
11347	1.52602
11348	1.526
11349	1.52597
11350	1.52595
11351	1.52593
11352	1.52591
11353	1.52589
11354	1.52587
11355	1.52585
11356	1.52583
11357	1.52581
11358	1.52579
11359	1.52577
11360	1.52575
11361	1.52573
11362	1.52572
11363	1.5257
11364	1.52568
11365	1.52567
11366	1.52565
11367	1.52564
11368	1.52562
11369	1.52561
11370	1.5256
11371	1.52558
11372	1.52557
11373	1.52556
11374	1.52555
11375	1.52554
11376	1.52552
11377	1.52551
11378	1.5255
11379	1.52549
11380	1.52548
11381	1.52548
11382	1.52547
11383	1.52546
11384	1.52545
11385	1.52544
11386	1.52544
11387	1.52543
11388	1.52542
11389	1.52542
11390	1.52541
11391	1.52541
11392	1.5254
11393	1.5254
11394	1.52539
11395	1.52539
11396	1.52539
11397	1.52538
11398	1.52538
11399	1.52538
11400	1.52537
11401	1.52537
11402	1.52537
11403	1.52537
11404	1.52537
11405	1.52537
11406	1.52537
11407	1.52537
11408	1.52537
11409	1.52537
11410	1.52537
11411	1.52537
11412	1.52537
11413	1.52537
11414	1.52537
11415	1.52538
11416	1.52538
11417	1.52538
11418	1.52538
11419	1.52539
11420	1.52539
11421	1.52539
11422	1.5254
11423	1.5254
11424	1.5254
11425	1.52541
11426	1.52541
11427	1.52542
11428	1.52542
11429	1.52543
11430	1.52543
11431	1.52544
11432	1.52544
11433	1.52545
11434	1.52545
11435	1.52546
11436	1.52547
11437	1.52547
11438	1.52548
11439	1.52549
11440	1.52549
11441	1.5255
11442	1.52551
11443	1.52551
11444	1.52552
11445	1.52553
11446	1.52553
11447	1.52554
11448	1.52555
11449	1.52556
11450	1.52556
11451	1.52557
11452	1.52558
11453	1.52559
11454	1.5256
11455	1.5256
11456	1.52561
11457	1.52562
11458	1.52563
11459	1.52564
11460	1.52564
11461	1.52565
11462	1.52566
11463	1.52567
11464	1.52568
11465	1.52569
11466	1.5257
11467	1.5257
11468	1.52571
11469	1.52572
11470	1.52573
11471	1.52574
11472	1.52575
11473	1.52575
11474	1.52576
11475	1.52577
11476	1.52578
11477	1.52579
11478	1.5258
11479	1.52581
11480	1.52581
11481	1.52582
11482	1.52583
11483	1.52584
11484	1.52585
11485	1.52586
11486	1.52586
11487	1.52587
11488	1.52588
11489	1.52589
11490	1.5259
11491	1.5259
11492	1.52591
11493	1.52592
11494	1.52593
11495	1.52594
11496	1.52594
11497	1.52595
11498	1.52596
11499	1.52597
11500	1.52598
11501	1.52598
11502	1.52599
11503	1.526
11504	1.52601
11505	1.52601
11506	1.52602
11507	1.52603
11508	1.52604
11509	1.52604
11510	1.52605
11511	1.52606
11512	1.52606
11513	1.52607
11514	1.52608
11515	1.52609
11516	1.52609
11517	1.5261
11518	1.52611
11519	1.52611
11520	1.52612
11521	1.52613
11522	1.52613
11523	1.52614
11524	1.52615
11525	1.52615
11526	1.52616
11527	1.52617
11528	1.52617
11529	1.52618
11530	1.52618
11531	1.52619
11532	1.5262
11533	1.5262
11534	1.52621
11535	1.52622
11536	1.52622
11537	1.52623
11538	1.52623
11539	1.52624
11540	1.52625
11541	1.52625
11542	1.52626
11543	1.52626
11544	1.52627
11545	1.52627
11546	1.52628
11547	1.52629
11548	1.52629
11549	1.5263
11550	1.5263
11551	1.52631
11552	1.52631
11553	1.52632
11554	1.52632
11555	1.52633
11556	1.52634
11557	1.52634
11558	1.52635
11559	1.52635
11560	1.52636
11561	1.52636
11562	1.52637
11563	1.52637
11564	1.52638
11565	1.52638
11566	1.52639
11567	1.52639
11568	1.5264
11569	1.52641
11570	1.52641
11571	1.52642
11572	1.52642
11573	1.52643
11574	1.52643
11575	1.52644
11576	1.52644
11577	1.52645
11578	1.52645
11579	1.52646
11580	1.52646
11581	1.52647
11582	1.52647
11583	1.52648
11584	1.52648
11585	1.52649
11586	1.52649
11587	1.5265
11588	1.5265
11589	1.52651
11590	1.52652
11591	1.52652
11592	1.52653
11593	1.52653
11594	1.52654
11595	1.52654
11596	1.52655
11597	1.52655
11598	1.52656
11599	1.52656
11600	1.52657
11601	1.52657
11602	1.52658
11603	1.52658
11604	1.52659
11605	1.5266
11606	1.5266
11607	1.52661
11608	1.52661
11609	1.52662
11610	1.52662
11611	1.52663
11612	1.52663
11613	1.52664
11614	1.52665
11615	1.52665
11616	1.52666
11617	1.52666
11618	1.52667
11619	1.52667
11620	1.52668
11621	1.52668
11622	1.52669
11623	1.5267
11624	1.5267
11625	1.52671
11626	1.52671
11627	1.52672
11628	1.52673
11629	1.52673
11630	1.52674
11631	1.52674
11632	1.52675
11633	1.52675
11634	1.52676
11635	1.52677
11636	1.52677
11637	1.52678
11638	1.52678
11639	1.52679
11640	1.5268
11641	1.5268
11642	1.52681
11643	1.52681
11644	1.52682
11645	1.52683
11646	1.52683
11647	1.52684
11648	1.52684
11649	1.52685
11650	1.52686
11651	1.52686
11652	1.52687
11653	1.52687
11654	1.52688
11655	1.52689
11656	1.52689
11657	1.5269
11658	1.52691
11659	1.52691
11660	1.52692
11661	1.52692
11662	1.52693
11663	1.52694
11664	1.52694
11665	1.52695
11666	1.52696
11667	1.52696
11668	1.52697
11669	1.52697
11670	1.52698
11671	1.52699
11672	1.52699
11673	1.527
11674	1.52701
11675	1.52701
11676	1.52702
11677	1.52702
11678	1.52703
11679	1.52704
11680	1.52704
11681	1.52705
11682	1.52706
11683	1.52706
11684	1.52707
11685	1.52707
11686	1.52708
11687	1.52709
11688	1.52709
11689	1.5271
11690	1.52711
11691	1.52711
11692	1.52712
11693	1.52712
11694	1.52713
11695	1.52714
11696	1.52714
11697	1.52715
11698	1.52715
11699	1.52716
11700	1.52717
11701	1.52717
11702	1.52718
11703	1.52719
11704	1.52719
11705	1.5272
11706	1.5272
11707	1.52721
11708	1.52722
11709	1.52722
11710	1.52723
11711	1.52723
11712	1.52724
11713	1.52725
11714	1.52725
11715	1.52726
11716	1.52726
11717	1.52727
11718	1.52727
11719	1.52728
11720	1.52729
11721	1.52729
11722	1.5273
11723	1.5273
11724	1.52731
11725	1.52732
11726	1.52732
11727	1.52733
11728	1.52733
11729	1.52734
11730	1.52734
11731	1.52735
11732	1.52736
11733	1.52736
11734	1.52737
11735	1.52737
11736	1.52738
11737	1.52738
11738	1.52739
11739	1.52739
11740	1.5274
11741	1.5274
11742	1.52741
11743	1.52741
11744	1.52742
11745	1.52743
11746	1.52743
11747	1.52744
11748	1.52744
11749	1.52745
11750	1.52745
11751	1.52746
11752	1.52746
11753	1.52747
11754	1.52747
11755	1.52748
11756	1.52748
11757	1.52749
11758	1.52749
11759	1.5275
11760	1.5275
11761	1.52751
11762	1.52751
11763	1.52752
11764	1.52752
11765	1.52753
11766	1.52753
11767	1.52754
11768	1.52754
11769	1.52754
11770	1.52755
11771	1.52755
11772	1.52756
11773	1.52756
11774	1.52757
11775	1.52757
11776	1.52758
11777	1.52758
11778	1.52759
11779	1.52759
11780	1.52759
11781	1.5276
11782	1.5276
11783	1.52761
11784	1.52761
11785	1.52762
11786	1.52762
11787	1.52762
11788	1.52763
11789	1.52763
11790	1.52764
11791	1.52764
11792	1.52765
11793	1.52765
11794	1.52765
11795	1.52766
11796	1.52766
11797	1.52767
11798	1.52767
11799	1.52767
11800	1.52768
11801	1.52768
11802	1.52769
11803	1.52769
11804	1.52769
11805	1.5277
11806	1.5277
11807	1.5277
11808	1.52771
11809	1.52771
11810	1.52772
11811	1.52772
11812	1.52772
11813	1.52773
11814	1.52773
11815	1.52773
11816	1.52774
11817	1.52774
11818	1.52775
11819	1.52775
11820	1.52775
11821	1.52776
11822	1.52776
11823	1.52776
11824	1.52777
11825	1.52777
11826	1.52777
11827	1.52778
11828	1.52778
11829	1.52778
11830	1.52779
11831	1.52779
11832	1.52779
11833	1.5278
11834	1.5278
11835	1.5278
11836	1.52781
11837	1.52781
11838	1.52781
11839	1.52782
11840	1.52782
11841	1.52782
11842	1.52783
11843	1.52783
11844	1.52783
11845	1.52783
11846	1.52784
11847	1.52784
11848	1.52784
11849	1.52785
11850	1.52785
11851	1.52785
11852	1.52786
11853	1.52786
11854	1.52786
11855	1.52786
11856	1.52787
11857	1.52787
11858	1.52787
11859	1.52787
11860	1.52788
11861	1.52788
11862	1.52788
11863	1.52789
11864	1.52789
11865	1.52789
11866	1.52789
11867	1.5279
11868	1.5279
11869	1.5279
11870	1.5279
11871	1.52791
11872	1.52791
11873	1.52791
11874	1.52791
11875	1.52792
11876	1.52792
11877	1.52792
11878	1.52792
11879	1.52792
11880	1.52793
11881	1.52793
11882	1.52793
11883	1.52793
11884	1.52793
11885	1.52794
11886	1.52794
11887	1.52794
11888	1.52794
11889	1.52794
11890	1.52795
11891	1.52795
11892	1.52795
11893	1.52795
11894	1.52795
11895	1.52796
11896	1.52796
11897	1.52796
11898	1.52796
11899	1.52796
11900	1.52796
11901	1.52796
11902	1.52797
11903	1.52797
11904	1.52797
11905	1.52797
11906	1.52797
11907	1.52797
11908	1.52797
11909	1.52797
11910	1.52798
11911	1.52798
11912	1.52798
11913	1.52798
11914	1.52798
11915	1.52798
11916	1.52798
11917	1.52798
11918	1.52798
11919	1.52798
11920	1.52798
11921	1.52799
11922	1.52799
11923	1.52799
11924	1.52799
11925	1.52799
11926	1.52799
11927	1.52799
11928	1.52799
11929	1.52799
11930	1.52799
11931	1.52799
11932	1.52799
11933	1.52799
11934	1.52799
11935	1.52799
11936	1.52799
11937	1.52799
11938	1.52799
11939	1.52799
11940	1.52799
11941	1.52799
11942	1.52799
11943	1.52799
11944	1.52798
11945	1.52798
11946	1.52798
11947	1.52798
11948	1.52798
11949	1.52798
11950	1.52798
11951	1.52798
11952	1.52798
11953	1.52798
11954	1.52798
11955	1.52798
11956	1.52797
11957	1.52797
11958	1.52797
11959	1.52797
11960	1.52797
11961	1.52797
11962	1.52797
11963	1.52796
11964	1.52796
11965	1.52796
11966	1.52796
11967	1.52796
11968	1.52796
11969	1.52795
11970	1.52795
11971	1.52795
11972	1.52795
11973	1.52795
11974	1.52794
11975	1.52794
11976	1.52794
11977	1.52794
11978	1.52794
11979	1.52793
11980	1.52793
11981	1.52793
11982	1.52793
11983	1.52792
11984	1.52792
11985	1.52792
11986	1.52792
11987	1.52791
11988	1.52791
11989	1.52791
11990	1.52791
11991	1.5279
11992	1.5279
11993	1.5279
11994	1.52789
11995	1.52789
11996	1.52789
11997	1.52789
11998	1.52788
11999	1.52788
12000	1.52788
12001	1.52787
12002	1.52787
12003	1.52787
12004	1.52786
12005	1.52786
12006	1.52786
12007	1.52786
12008	1.52785
12009	1.52785
12010	1.52785
12011	1.52784
12012	1.52784
12013	1.52784
12014	1.52783
12015	1.52783
12016	1.52783
12017	1.52782
12018	1.52782
12019	1.52782
12020	1.52781
12021	1.52781
12022	1.52781
12023	1.5278
12024	1.5278
12025	1.5278
12026	1.52779
12027	1.52779
12028	1.52779
12029	1.52778
12030	1.52778
12031	1.52778
12032	1.52777
12033	1.52777
12034	1.52776
12035	1.52776
12036	1.52776
12037	1.52775
12038	1.52775
12039	1.52775
12040	1.52774
12041	1.52774
12042	1.52774
12043	1.52773
12044	1.52773
12045	1.52773
12046	1.52772
12047	1.52772
12048	1.52772
12049	1.52771
12050	1.52771
12051	1.5277
12052	1.5277
12053	1.5277
12054	1.52769
12055	1.52769
12056	1.52769
12057	1.52768
12058	1.52768
12059	1.52768
12060	1.52767
12061	1.52767
12062	1.52766
12063	1.52766
12064	1.52766
12065	1.52765
12066	1.52765
12067	1.52764
12068	1.52764
12069	1.52764
12070	1.52763
12071	1.52763
12072	1.52762
12073	1.52762
12074	1.52761
12075	1.52761
12076	1.5276
12077	1.5276
12078	1.5276
12079	1.52759
12080	1.52759
12081	1.52758
12082	1.52758
12083	1.52757
12084	1.52756
12085	1.52756
12086	1.52755
12087	1.52755
12088	1.52754
12089	1.52754
12090	1.52753
12091	1.52752
12092	1.52752
12093	1.52751
12094	1.5275
12095	1.5275
12096	1.52749
12097	1.52748
12098	1.52748
12099	1.52747
12100	1.52746
12101	1.52745
12102	1.52744
12103	1.52744
12104	1.52743
12105	1.52742
12106	1.52741
12107	1.5274
12108	1.52739
12109	1.52738
12110	1.52737
12111	1.52736
12112	1.52735
12113	1.52734
12114	1.52733
12115	1.52732
12116	1.5273
12117	1.52729
12118	1.52728
12119	1.52727
12120	1.52725
12121	1.52724
12122	1.52722
12123	1.52721
12124	1.5272
12125	1.52718
12126	1.52717
12127	1.52715
12128	1.52713
12129	1.52712
12130	1.5271
12131	1.52708
12132	1.52706
12133	1.52704
12134	1.52703
12135	1.52701
12136	1.52699
12137	1.52697
12138	1.52695
12139	1.52692
12140	1.5269
12141	1.52688
12142	1.52686
12143	1.52683
12144	1.52681
12145	1.52678
12146	1.52676
12147	1.52673
12148	1.52671
12149	1.52668
12150	1.52665
12151	1.52663
12152	1.5266
12153	1.52657
12154	1.52654
12155	1.52651
12156	1.52648
12157	1.52644
12158	1.52641
12159	1.52638
12160	1.52635
12161	1.52631
12162	1.52628
12163	1.52624
12164	1.52621
12165	1.52617
12166	1.52613
12167	1.5261
12168	1.52606
12169	1.52602
12170	1.52598
12171	1.52594
12172	1.5259
12173	1.52586
12174	1.52581
12175	1.52577
12176	1.52573
12177	1.52568
12178	1.52564
12179	1.52559
12180	1.52555
12181	1.5255
12182	1.52545
12183	1.52541
12184	1.52536
12185	1.52531
12186	1.52526
12187	1.52521
12188	1.52516
12189	1.52511
12190	1.52506
12191	1.52501
12192	1.52495
12193	1.5249
12194	1.52485
12195	1.52479
12196	1.52474
12197	1.52468
12198	1.52463
12199	1.52457
12200	1.52452
12201	1.52446
12202	1.5244
12203	1.52435
12204	1.52429
12205	1.52423
12206	1.52417
12207	1.52411
12208	1.52405
12209	1.524
12210	1.52394
12211	1.52388
12212	1.52382
12213	1.52376
12214	1.5237
12215	1.52364
12216	1.52358
12217	1.52352
12218	1.52346
12219	1.52339
12220	1.52333
12221	1.52327
12222	1.52321
12223	1.52315
12224	1.52309
12225	1.52303
12226	1.52297
12227	1.52291
12228	1.52285
12229	1.52279
12230	1.52273
12231	1.52267
12232	1.52261
12233	1.52255
12234	1.5225
12235	1.52244
12236	1.52238
12237	1.52232
12238	1.52226
12239	1.52221
12240	1.52215
12241	1.5221
12242	1.52204
12243	1.52199
12244	1.52193
12245	1.52188
12246	1.52183
12247	1.52177
12248	1.52172
12249	1.52167
12250	1.52162
12251	1.52157
12252	1.52152
12253	1.52147
12254	1.52143
12255	1.52138
12256	1.52133
12257	1.52129
12258	1.52125
12259	1.5212
12260	1.52116
12261	1.52112
12262	1.52108
12263	1.52104
12264	1.52101
12265	1.52097
12266	1.52093
12267	1.5209
12268	1.52086
12269	1.52083
12270	1.5208
12271	1.52077
12272	1.52074
12273	1.52072
12274	1.52069
12275	1.52066
12276	1.52064
12277	1.52062
12278	1.5206
12279	1.52058
12280	1.52056
12281	1.52054
12282	1.52052
12283	1.52051
12284	1.5205
12285	1.52048
12286	1.52047
12287	1.52046
12288	1.52046
12289	1.52045
12290	1.52044
12291	1.52044
12292	1.52044
12293	1.52044
12294	1.52044
12295	1.52044
12296	1.52044
12297	1.52045
12298	1.52045
12299	1.52046
12300	1.52047
12301	1.52048
12302	1.52049
12303	1.52051
12304	1.52052
12305	1.52054
12306	1.52056
12307	1.52057
12308	1.52059
12309	1.52062
12310	1.52064
12311	1.52066
12312	1.52069
12313	1.52072
12314	1.52075
12315	1.52078
12316	1.52081
12317	1.52084
12318	1.52087
12319	1.52091
12320	1.52095
12321	1.52098
12322	1.52102
12323	1.52106
12324	1.5211
12325	1.52115
12326	1.52119
12327	1.52123
12328	1.52128
12329	1.52133
12330	1.52138
12331	1.52143
12332	1.52148
12333	1.52153
12334	1.52158
12335	1.52163
12336	1.52169
12337	1.52175
12338	1.5218
12339	1.52186
12340	1.52192
12341	1.52198
12342	1.52204
12343	1.5221
12344	1.52216
12345	1.52222
12346	1.52229
12347	1.52235
12348	1.52242
12349	1.52248
12350	1.52255
12351	1.52261
12352	1.52268
12353	1.52275
12354	1.52282
12355	1.52289
12356	1.52296
12357	1.52303
12358	1.5231
12359	1.52317
12360	1.52324
12361	1.52331
12362	1.52339
12363	1.52346
12364	1.52353
12365	1.52361
12366	1.52368
12367	1.52375
12368	1.52383
12369	1.5239
12370	1.52398
12371	1.52405
12372	1.52413
12373	1.5242
12374	1.52428
12375	1.52435
12376	1.52443
12377	1.5245
12378	1.52458
12379	1.52465
12380	1.52473
12381	1.5248
12382	1.52488
12383	1.52495
12384	1.52503
12385	1.5251
12386	1.52518
12387	1.52525
12388	1.52532
12389	1.5254
12390	1.52547
12391	1.52554
12392	1.52562
12393	1.52569
12394	1.52576
12395	1.52583
12396	1.5259
12397	1.52598
12398	1.52605
12399	1.52612
12400	1.52619
12401	1.52625
12402	1.52632
12403	1.52639
12404	1.52646
12405	1.52653
12406	1.52659
12407	1.52666
12408	1.52673
12409	1.52679
12410	1.52686
12411	1.52692
12412	1.52698
12413	1.52705
12414	1.52711
12415	1.52717
12416	1.52723
12417	1.52729
12418	1.52735
12419	1.52741
12420	1.52747
12421	1.52752
12422	1.52758
12423	1.52764
12424	1.52769
12425	1.52775
12426	1.5278
12427	1.52786
12428	1.52791
12429	1.52796
12430	1.52801
12431	1.52806
12432	1.52811
12433	1.52816
12434	1.52821
12435	1.52826
12436	1.5283
12437	1.52835
12438	1.52839
12439	1.52844
12440	1.52848
12441	1.52853
12442	1.52857
12443	1.52861
12444	1.52865
12445	1.52869
12446	1.52873
12447	1.52877
12448	1.52881
12449	1.52884
12450	1.52888
12451	1.52891
12452	1.52895
12453	1.52898
12454	1.52902
12455	1.52905
12456	1.52908
12457	1.52911
12458	1.52914
12459	1.52917
12460	1.5292
12461	1.52923
12462	1.52926
12463	1.52929
12464	1.52931
12465	1.52934
12466	1.52936
12467	1.52939
12468	1.52941
12469	1.52944
12470	1.52946
12471	1.52948
12472	1.5295
12473	1.52952
12474	1.52954
12475	1.52956
12476	1.52958
12477	1.5296
12478	1.52962
12479	1.52963
12480	1.52965
12481	1.52967
12482	1.52968
12483	1.5297
12484	1.52971
12485	1.52972
12486	1.52974
12487	1.52975
12488	1.52976
12489	1.52977
12490	1.52978
12491	1.52979
12492	1.5298
12493	1.52981
12494	1.52982
12495	1.52983
12496	1.52984
12497	1.52985
12498	1.52985
12499	1.52986
12500	1.52987
12501	1.52987
12502	1.52988
12503	1.52988
12504	1.52989
12505	1.52989
12506	1.5299
12507	1.5299
12508	1.5299
12509	1.5299
12510	1.52991
12511	1.52991
12512	1.52991
12513	1.52991
12514	1.52991
12515	1.52991
12516	1.52991
12517	1.52991
12518	1.52991
12519	1.52991
12520	1.52991
12521	1.52991
12522	1.52991
12523	1.52991
12524	1.5299
12525	1.5299
12526	1.5299
12527	1.5299
12528	1.52989
12529	1.52989
12530	1.52989
12531	1.52988
12532	1.52988
12533	1.52987
12534	1.52987
12535	1.52986
12536	1.52986
12537	1.52985
12538	1.52985
12539	1.52984
12540	1.52984
12541	1.52983
12542	1.52983
12543	1.52982
12544	1.52981
12545	1.52981
12546	1.5298
12547	1.52979
12548	1.52979
12549	1.52978
12550	1.52977
12551	1.52976
12552	1.52976
12553	1.52975
12554	1.52974
12555	1.52973
12556	1.52972
12557	1.52972
12558	1.52971
12559	1.5297
12560	1.52969
12561	1.52968
12562	1.52967
12563	1.52967
12564	1.52966
12565	1.52965
12566	1.52964
12567	1.52963
12568	1.52962
12569	1.52961
12570	1.5296
12571	1.52959
12572	1.52958
12573	1.52958
12574	1.52957
12575	1.52956
12576	1.52955
12577	1.52954
12578	1.52953
12579	1.52952
12580	1.52951
12581	1.5295
12582	1.52949
12583	1.52948
12584	1.52947
12585	1.52946
12586	1.52945
12587	1.52944
12588	1.52943
12589	1.52942
12590	1.52942
12591	1.52941
12592	1.5294
12593	1.52939
12594	1.52938
12595	1.52937
12596	1.52936
12597	1.52935
12598	1.52934
12599	1.52933
12600	1.52932
12601	1.52931
12602	1.5293
12603	1.52929
12604	1.52928
12605	1.52928
12606	1.52927
12607	1.52926
12608	1.52925
12609	1.52924
12610	1.52923
12611	1.52922
12612	1.52921
12613	1.5292
12614	1.5292
12615	1.52919
12616	1.52918
12617	1.52917
12618	1.52916
12619	1.52915
12620	1.52914
12621	1.52914
12622	1.52913
12623	1.52912
12624	1.52911
12625	1.5291
12626	1.52909
12627	1.52909
12628	1.52908
12629	1.52907
12630	1.52906
12631	1.52906
12632	1.52905
12633	1.52904
12634	1.52903
12635	1.52902
12636	1.52902
12637	1.52901
12638	1.529
12639	1.52899
12640	1.52899
12641	1.52898
12642	1.52897
12643	1.52896
12644	1.52896
12645	1.52895
12646	1.52894
12647	1.52894
12648	1.52893
12649	1.52892
12650	1.52891
12651	1.52891
12652	1.5289
12653	1.52889
12654	1.52889
12655	1.52888
12656	1.52887
12657	1.52887
12658	1.52886
12659	1.52885
12660	1.52885
12661	1.52884
12662	1.52883
12663	1.52883
12664	1.52882
12665	1.52881
12666	1.52881
12667	1.5288
12668	1.52879
12669	1.52879
12670	1.52878
12671	1.52877
12672	1.52877
12673	1.52876
12674	1.52875
12675	1.52875
12676	1.52874
12677	1.52873
12678	1.52873
12679	1.52872
12680	1.52871
12681	1.52871
12682	1.5287
12683	1.5287
12684	1.52869
12685	1.52868
12686	1.52868
12687	1.52867
12688	1.52866
12689	1.52866
12690	1.52865
12691	1.52864
12692	1.52864
12693	1.52863
12694	1.52862
12695	1.52862
12696	1.52861
12697	1.5286
12698	1.5286
12699	1.52859
12700	1.52858
12701	1.52858
12702	1.52857
12703	1.52856
12704	1.52856
12705	1.52855
12706	1.52854
12707	1.52854
12708	1.52853
12709	1.52852
12710	1.52852
12711	1.52851
12712	1.5285
12713	1.52849
12714	1.52849
12715	1.52848
12716	1.52847
12717	1.52847
12718	1.52846
12719	1.52845
12720	1.52845
12721	1.52844
12722	1.52843
12723	1.52842
12724	1.52842
12725	1.52841
12726	1.5284
12727	1.52839
12728	1.52839
12729	1.52838
12730	1.52837
12731	1.52837
12732	1.52836
12733	1.52835
12734	1.52834
12735	1.52834
12736	1.52833
12737	1.52832
12738	1.52831
12739	1.52831
12740	1.5283
12741	1.52829
12742	1.52828
12743	1.52828
12744	1.52827
12745	1.52826
12746	1.52825
12747	1.52825
12748	1.52824
12749	1.52823
12750	1.52822
12751	1.52822
12752	1.52821
12753	1.5282
12754	1.52819
12755	1.52819
12756	1.52818
12757	1.52817
12758	1.52816
12759	1.52816
12760	1.52815
12761	1.52814
12762	1.52813
12763	1.52813
12764	1.52812
12765	1.52811
12766	1.5281
12767	1.5281
12768	1.52809
12769	1.52808
12770	1.52807
12771	1.52807
12772	1.52806
12773	1.52805
12774	1.52804
12775	1.52804
12776	1.52803
12777	1.52802
12778	1.52802
12779	1.52801
12780	1.528
12781	1.52799
12782	1.52799
12783	1.52798
12784	1.52797
12785	1.52797
12786	1.52796
12787	1.52795
12788	1.52794
12789	1.52794
12790	1.52793
12791	1.52792
12792	1.52792
12793	1.52791
12794	1.5279
12795	1.5279
12796	1.52789
12797	1.52788
12798	1.52788
12799	1.52787
12800	1.52786
12801	1.52786
12802	1.52785
12803	1.52785
12804	1.52784
12805	1.52783
12806	1.52783
12807	1.52782
12808	1.52781
12809	1.52781
12810	1.5278
12811	1.5278
12812	1.52779
12813	1.52778
12814	1.52778
12815	1.52777
12816	1.52777
12817	1.52776
12818	1.52775
12819	1.52775
12820	1.52774
12821	1.52774
12822	1.52773
12823	1.52772
12824	1.52772
12825	1.52771
12826	1.52771
12827	1.5277
12828	1.5277
12829	1.52769
12830	1.52769
12831	1.52768
12832	1.52767
12833	1.52767
12834	1.52766
12835	1.52766
12836	1.52765
12837	1.52765
12838	1.52764
12839	1.52764
12840	1.52763
12841	1.52763
12842	1.52762
12843	1.52762
12844	1.52761
12845	1.52761
12846	1.5276
12847	1.5276
12848	1.52759
12849	1.52758
12850	1.52758
12851	1.52757
12852	1.52757
12853	1.52756
12854	1.52756
12855	1.52755
12856	1.52755
12857	1.52754
12858	1.52754
12859	1.52753
12860	1.52753
12861	1.52752
12862	1.52752
12863	1.52751
12864	1.52751
12865	1.5275
12866	1.5275
12867	1.52749
12868	1.52749
12869	1.52748
12870	1.52748
12871	1.52747
12872	1.52747
12873	1.52746
12874	1.52746
12875	1.52745
12876	1.52745
12877	1.52744
12878	1.52744
12879	1.52743
12880	1.52743
12881	1.52742
12882	1.52742
12883	1.52741
12884	1.52741
12885	1.5274
12886	1.5274
12887	1.52739
12888	1.52739
12889	1.52738
12890	1.52738
12891	1.52737
12892	1.52737
12893	1.52736
12894	1.52736
12895	1.52735
12896	1.52735
12897	1.52734
12898	1.52734
12899	1.52733
12900	1.52733
12901	1.52732
12902	1.52731
12903	1.52731
12904	1.5273
12905	1.5273
12906	1.52729
12907	1.52729
12908	1.52728
12909	1.52728
12910	1.52727
12911	1.52727
12912	1.52726
12913	1.52725
12914	1.52725
12915	1.52724
12916	1.52724
12917	1.52723
12918	1.52723
12919	1.52722
12920	1.52722
12921	1.52721
12922	1.5272
12923	1.5272
12924	1.52719
12925	1.52719
12926	1.52718
12927	1.52717
12928	1.52717
12929	1.52716
12930	1.52716
12931	1.52715
12932	1.52715
12933	1.52714
12934	1.52713
12935	1.52713
12936	1.52712
12937	1.52712
12938	1.52711
12939	1.5271
12940	1.5271
12941	1.52709
12942	1.52709
12943	1.52708
12944	1.52707
12945	1.52707
12946	1.52706
12947	1.52706
12948	1.52705
12949	1.52704
12950	1.52704
12951	1.52703
12952	1.52702
12953	1.52702
12954	1.52701
12955	1.52701
12956	1.527
12957	1.52699
12958	1.52699
12959	1.52698
12960	1.52698
12961	1.52697
12962	1.52696
12963	1.52696
12964	1.52695
12965	1.52694
12966	1.52694
12967	1.52693
12968	1.52693
12969	1.52692
12970	1.52691
12971	1.52691
12972	1.5269
12973	1.5269
12974	1.52689
12975	1.52688
12976	1.52688
12977	1.52687
12978	1.52687
12979	1.52686
12980	1.52685
12981	1.52685
12982	1.52684
12983	1.52684
12984	1.52683
12985	1.52682
12986	1.52682
12987	1.52681
12988	1.52681
12989	1.5268
12990	1.5268
12991	1.52679
12992	1.52678
12993	1.52678
12994	1.52677
12995	1.52677
12996	1.52676
12997	1.52675
12998	1.52675
12999	1.52674
13000	1.52674
13001	1.52673
13002	1.52673
13003	1.52672
13004	1.52672
13005	1.52671
13006	1.52671
13007	1.5267
13008	1.52669
13009	1.52669
13010	1.52668
13011	1.52668
13012	1.52667
13013	1.52667
13014	1.52666
13015	1.52666
13016	1.52665
13017	1.52665
13018	1.52664
13019	1.52664
13020	1.52663
13021	1.52663
13022	1.52662
13023	1.52662
13024	1.52662
13025	1.52661
13026	1.52661
13027	1.5266
13028	1.5266
13029	1.52659
13030	1.52659
13031	1.52658
13032	1.52658
13033	1.52657
13034	1.52657
13035	1.52657
13036	1.52656
13037	1.52656
13038	1.52655
13039	1.52655
13040	1.52655
13041	1.52654
13042	1.52654
13043	1.52654
13044	1.52653
13045	1.52653
13046	1.52652
13047	1.52652
13048	1.52652
13049	1.52651
13050	1.52651
13051	1.52651
13052	1.5265
13053	1.5265
13054	1.5265
13055	1.52649
13056	1.52649
13057	1.52649
13058	1.52649
13059	1.52648
13060	1.52648
13061	1.52648
13062	1.52648
13063	1.52647
13064	1.52647
13065	1.52647
13066	1.52647
13067	1.52646
13068	1.52646
13069	1.52646
13070	1.52646
13071	1.52646
13072	1.52645
13073	1.52645
13074	1.52645
13075	1.52645
13076	1.52645
13077	1.52645
13078	1.52644
13079	1.52644
13080	1.52644
13081	1.52644
13082	1.52644
13083	1.52644
13084	1.52644
13085	1.52644
13086	1.52644
13087	1.52643
13088	1.52643
13089	1.52643
13090	1.52643
13091	1.52643
13092	1.52643
13093	1.52643
13094	1.52643
13095	1.52643
13096	1.52643
13097	1.52643
13098	1.52643
13099	1.52643
13100	1.52643
13101	1.52643
13102	1.52643
13103	1.52643
13104	1.52644
13105	1.52644
13106	1.52644
13107	1.52644
13108	1.52644
13109	1.52644
13110	1.52644
13111	1.52644
13112	1.52645
13113	1.52645
13114	1.52645
13115	1.52645
13116	1.52645
13117	1.52646
13118	1.52646
13119	1.52646
13120	1.52646
13121	1.52647
13122	1.52647
13123	1.52647
13124	1.52647
13125	1.52648
13126	1.52648
13127	1.52648
13128	1.52649
13129	1.52649
13130	1.5265
13131	1.5265
13132	1.5265
13133	1.52651
13134	1.52651
13135	1.52652
13136	1.52652
13137	1.52653
13138	1.52653
13139	1.52654
13140	1.52654
13141	1.52655
13142	1.52655
13143	1.52656
13144	1.52656
13145	1.52657
13146	1.52658
13147	1.52658
13148	1.52659
13149	1.5266
13150	1.5266
13151	1.52661
13152	1.52662
13153	1.52663
13154	1.52663
13155	1.52664
13156	1.52665
13157	1.52666
13158	1.52667
13159	1.52668
13160	1.52668
13161	1.52669
13162	1.5267
13163	1.52671
13164	1.52672
13165	1.52673
13166	1.52674
13167	1.52675
13168	1.52676
13169	1.52678
13170	1.52679
13171	1.5268
13172	1.52681
13173	1.52682
13174	1.52683
13175	1.52685
13176	1.52686
13177	1.52687
13178	1.52689
13179	1.5269
13180	1.52691
13181	1.52693
13182	1.52694
13183	1.52696
13184	1.52697
13185	1.52699
13186	1.527
13187	1.52702
13188	1.52703
13189	1.52705
13190	1.52707
13191	1.52708
13192	1.5271
13193	1.52712
13194	1.52714
13195	1.52716
13196	1.52718
13197	1.5272
13198	1.52721
13199	1.52723
13200	1.52726
13201	1.52728
13202	1.5273
13203	1.52732
13204	1.52734
13205	1.52736
13206	1.52739
13207	1.52741
13208	1.52743
13209	1.52746
13210	1.52748
13211	1.5275
13212	1.52753
13213	1.52756
13214	1.52758
13215	1.52761
13216	1.52763
13217	1.52766
13218	1.52769
13219	1.52772
13220	1.52775
13221	1.52778
13222	1.52781
13223	1.52784
13224	1.52787
13225	1.5279
13226	1.52793
13227	1.52796
13228	1.52799
13229	1.52803
13230	1.52806
13231	1.52809
13232	1.52813
13233	1.52816
13234	1.5282
13235	1.52823
13236	1.52827
13237	1.52831
13238	1.52834
13239	1.52838
13240	1.52842
13241	1.52846
13242	1.5285
13243	1.52854
13244	1.52858
13245	1.52862
13246	1.52866
13247	1.5287
13248	1.52875
13249	1.52879
13250	1.52883
13251	1.52888
13252	1.52892
13253	1.52897
13254	1.52901
13255	1.52906
13256	1.52911
13257	1.52915
13258	1.5292
13259	1.52925
13260	1.5293
13261	1.52935
13262	1.5294
13263	1.52945
13264	1.5295
13265	1.52955
13266	1.5296
13267	1.52965
13268	1.52971
13269	1.52976
13270	1.52981
13271	1.52987
13272	1.52992
13273	1.52998
13274	1.53003
13275	1.53009
13276	1.53015
13277	1.5302
13278	1.53026
13279	1.53032
13280	1.53038
13281	1.53044
13282	1.53049
13283	1.53055
13284	1.53061
13285	1.53067
13286	1.53073
13287	1.53079
13288	1.53086
13289	1.53092
13290	1.53098
13291	1.53104
13292	1.5311
13293	1.53117
13294	1.53123
13295	1.53129
13296	1.53136
13297	1.53142
13298	1.53148
13299	1.53155
13300	1.53161
13301	1.53168
13302	1.53174
13303	1.53181
13304	1.53187
13305	1.53193
13306	1.532
13307	1.53207
13308	1.53213
13309	1.5322
13310	1.53226
13311	1.53233
13312	1.53239
13313	1.53246
13314	1.53252
13315	1.53259
13316	1.53265
13317	1.53272
13318	1.53278
13319	1.53285
13320	1.53291
13321	1.53297
13322	1.53304
13323	1.5331
13324	1.53317
13325	1.53323
13326	1.53329
13327	1.53335
13328	1.53342
13329	1.53348
13330	1.53354
13331	1.5336
13332	1.53366
13333	1.53372
13334	1.53378
13335	1.53384
13336	1.5339
13337	1.53396
13338	1.53402
13339	1.53407
13340	1.53413
13341	1.53419
13342	1.53424
13343	1.5343
13344	1.53435
13345	1.5344
13346	1.53445
13347	1.53451
13348	1.53456
13349	1.53461
13350	1.53466
13351	1.5347
13352	1.53475
13353	1.5348
13354	1.53484
13355	1.53489
13356	1.53493
13357	1.53497
13358	1.53502
13359	1.53506
13360	1.5351
13361	1.53513
13362	1.53517
13363	1.53521
13364	1.53524
13365	1.53528
13366	1.53531
13367	1.53534
13368	1.53537
13369	1.5354
13370	1.53543
13371	1.53545
13372	1.53548
13373	1.5355
13374	1.53552
13375	1.53554
13376	1.53556
13377	1.53558
13378	1.5356
13379	1.53561
13380	1.53563
13381	1.53564
13382	1.53565
13383	1.53566
13384	1.53567
13385	1.53568
13386	1.53568
13387	1.53569
13388	1.53569
13389	1.53569
13390	1.53569
13391	1.53569
13392	1.53568
13393	1.53568
13394	1.53567
13395	1.53566
13396	1.53565
13397	1.53564
13398	1.53562
13399	1.53561
13400	1.53559
13401	1.53557
13402	1.53556
13403	1.53553
13404	1.53551
13405	1.53549
13406	1.53546
13407	1.53543
13408	1.5354
13409	1.53537
13410	1.53534
13411	1.53531
13412	1.53527
13413	1.53523
13414	1.5352
13415	1.53516
13416	1.53511
13417	1.53507
13418	1.53503
13419	1.53498
13420	1.53493
13421	1.53488
13422	1.53483
13423	1.53478
13424	1.53473
13425	1.53467
13426	1.53462
13427	1.53456
13428	1.5345
13429	1.53444
13430	1.53438
13431	1.53432
13432	1.53425
13433	1.53419
13434	1.53412
13435	1.53405
13436	1.53398
13437	1.53391
13438	1.53384
13439	1.53377
13440	1.53369
13441	1.53362
13442	1.53354
13443	1.53347
13444	1.53339
13445	1.53331
13446	1.53323
13447	1.53315
13448	1.53307
13449	1.53299
13450	1.5329
13451	1.53282
13452	1.53274
13453	1.53265
13454	1.53256
13455	1.53248
13456	1.53239
13457	1.5323
13458	1.53221
13459	1.53212
13460	1.53203
13461	1.53194
13462	1.53185
13463	1.53176
13464	1.53167
13465	1.53158
13466	1.53148
13467	1.53139
13468	1.5313
13469	1.5312
13470	1.53111
13471	1.53102
13472	1.53092
13473	1.53083
13474	1.53073
13475	1.53064
13476	1.53054
13477	1.53045
13478	1.53035
13479	1.53026
13480	1.53016
13481	1.53007
13482	1.52998
13483	1.52988
13484	1.52979
13485	1.52969
13486	1.5296
13487	1.5295
13488	1.52941
13489	1.52932
13490	1.52922
13491	1.52913
13492	1.52904
13493	1.52895
13494	1.52886
13495	1.52877
13496	1.52867
13497	1.52858
13498	1.52849
13499	1.52841
13500	1.52832
13501	1.52823
13502	1.52814
13503	1.52805
13504	1.52797
13505	1.52788
13506	1.5278
13507	1.52771
13508	1.52763
13509	1.52754
13510	1.52746
13511	1.52738
13512	1.5273
13513	1.52722
13514	1.52714
13515	1.52706
13516	1.52698
13517	1.5269
13518	1.52683
13519	1.52675
13520	1.52668
13521	1.5266
13522	1.52653
13523	1.52646
13524	1.52639
13525	1.52631
13526	1.52624
13527	1.52618
13528	1.52611
13529	1.52604
13530	1.52597
13531	1.52591
13532	1.52584
13533	1.52578
13534	1.52572
13535	1.52565
13536	1.52559
13537	1.52553
13538	1.52547
13539	1.52541
13540	1.52536
13541	1.5253
13542	1.52524
13543	1.52519
13544	1.52514
13545	1.52508
13546	1.52503
13547	1.52498
13548	1.52493
13549	1.52488
13550	1.52483
13551	1.52478
13552	1.52474
13553	1.52469
13554	1.52464
13555	1.5246
13556	1.52456
13557	1.52451
13558	1.52447
13559	1.52443
13560	1.52439
13561	1.52435
13562	1.52431
13563	1.52427
13564	1.52424
13565	1.5242
13566	1.52417
13567	1.52413
13568	1.5241
13569	1.52407
13570	1.52403
13571	1.524
13572	1.52397
13573	1.52394
13574	1.52391
13575	1.52388
13576	1.52386
13577	1.52383
13578	1.5238
13579	1.52378
13580	1.52375
13581	1.52373
13582	1.5237
13583	1.52368
13584	1.52366
13585	1.52364
13586	1.52362
13587	1.5236
13588	1.52358
13589	1.52356
13590	1.52354
13591	1.52352
13592	1.5235
13593	1.52349
13594	1.52347
13595	1.52346
13596	1.52344
13597	1.52343
13598	1.52341
13599	1.5234
13600	1.52339
13601	1.52337
13602	1.52336
13603	1.52335
13604	1.52334
13605	1.52333
13606	1.52332
13607	1.52331
13608	1.5233
13609	1.5233
13610	1.52329
13611	1.52328
13612	1.52328
13613	1.52327
13614	1.52326
13615	1.52326
13616	1.52325
13617	1.52325
13618	1.52325
13619	1.52324
13620	1.52324
13621	1.52324
13622	1.52323
13623	1.52323
13624	1.52323
13625	1.52323
13626	1.52323
13627	1.52323
13628	1.52323
13629	1.52323
13630	1.52323
13631	1.52323
13632	1.52323
13633	1.52324
13634	1.52324
13635	1.52324
13636	1.52324
13637	1.52325
13638	1.52325
13639	1.52325
13640	1.52326
13641	1.52326
13642	1.52327
13643	1.52327
13644	1.52328
13645	1.52328
13646	1.52329
13647	1.5233
13648	1.5233
13649	1.52331
13650	1.52332
13651	1.52332
13652	1.52333
13653	1.52334
13654	1.52335
13655	1.52336
13656	1.52336
13657	1.52337
13658	1.52338
13659	1.52339
13660	1.5234
13661	1.52341
13662	1.52342
13663	1.52343
13664	1.52344
13665	1.52345
13666	1.52346
13667	1.52347
13668	1.52348
13669	1.52349
13670	1.5235
13671	1.52351
13672	1.52353
13673	1.52354
13674	1.52355
13675	1.52356
13676	1.52357
13677	1.52359
13678	1.5236
13679	1.52361
13680	1.52362
13681	1.52363
13682	1.52365
13683	1.52366
13684	1.52367
13685	1.52369
13686	1.5237
13687	1.52371
13688	1.52372
13689	1.52374
13690	1.52375
13691	1.52376
13692	1.52378
13693	1.52379
13694	1.5238
13695	1.52382
13696	1.52383
13697	1.52384
13698	1.52386
13699	1.52387
13700	1.52388
13701	1.5239
13702	1.52391
13703	1.52393
13704	1.52394
13705	1.52395
13706	1.52397
13707	1.52398
13708	1.52399
13709	1.52401
13710	1.52402
13711	1.52403
13712	1.52405
13713	1.52406
13714	1.52407
13715	1.52409
13716	1.5241
13717	1.52411
13718	1.52413
13719	1.52414
13720	1.52415
13721	1.52417
13722	1.52418
13723	1.52419
13724	1.52421
13725	1.52422
13726	1.52423
13727	1.52425
13728	1.52426
13729	1.52427
13730	1.52428
13731	1.5243
13732	1.52431
13733	1.52432
13734	1.52434
13735	1.52435
13736	1.52436
13737	1.52437
13738	1.52439
13739	1.5244
13740	1.52441
13741	1.52442
13742	1.52444
13743	1.52445
13744	1.52446
13745	1.52447
13746	1.52448
13747	1.5245
13748	1.52451
13749	1.52452
13750	1.52453
13751	1.52454
13752	1.52456
13753	1.52457
13754	1.52458
13755	1.52459
13756	1.5246
13757	1.52462
13758	1.52463
13759	1.52464
13760	1.52465
13761	1.52466
13762	1.52467
13763	1.52469
13764	1.5247
13765	1.52471
13766	1.52472
13767	1.52473
13768	1.52474
13769	1.52476
13770	1.52477
13771	1.52478
13772	1.52479
13773	1.5248
13774	1.52481
13775	1.52482
13776	1.52484
13777	1.52485
13778	1.52486
13779	1.52487
13780	1.52488
13781	1.52489
13782	1.5249
13783	1.52492
13784	1.52493
13785	1.52494
13786	1.52495
13787	1.52496
13788	1.52497
13789	1.52498
13790	1.525
13791	1.52501
13792	1.52502
13793	1.52503
13794	1.52504
13795	1.52505
13796	1.52506
13797	1.52507
13798	1.52509
13799	1.5251
13800	1.52511
13801	1.52512
13802	1.52513
13803	1.52514
13804	1.52515
13805	1.52517
13806	1.52518
13807	1.52519
13808	1.5252
13809	1.52521
13810	1.52522
13811	1.52523
13812	1.52524
13813	1.52525
13814	1.52527
13815	1.52528
13816	1.52529
13817	1.5253
13818	1.52531
13819	1.52532
13820	1.52533
13821	1.52534
13822	1.52535
13823	1.52536
13824	1.52538
13825	1.52539
13826	1.5254
13827	1.52541
13828	1.52542
13829	1.52543
13830	1.52544
13831	1.52545
13832	1.52546
13833	1.52547
13834	1.52548
13835	1.52549
13836	1.5255
13837	1.52551
13838	1.52552
13839	1.52553
13840	1.52554
13841	1.52555
13842	1.52556
13843	1.52557
13844	1.52558
13845	1.52559
13846	1.5256
13847	1.52561
13848	1.52562
13849	1.52563
13850	1.52564
13851	1.52565
13852	1.52566
13853	1.52567
13854	1.52568
13855	1.52568
13856	1.52569
13857	1.5257
13858	1.52571
13859	1.52572
13860	1.52573
13861	1.52574
13862	1.52575
13863	1.52575
13864	1.52576
13865	1.52577
13866	1.52578
13867	1.52579
13868	1.52579
13869	1.5258
13870	1.52581
13871	1.52582
13872	1.52583
13873	1.52583
13874	1.52584
13875	1.52585
13876	1.52585
13877	1.52586
13878	1.52587
13879	1.52588
13880	1.52588
13881	1.52589
13882	1.5259
13883	1.5259
13884	1.52591
13885	1.52592
13886	1.52592
13887	1.52593
13888	1.52594
13889	1.52594
13890	1.52595
13891	1.52595
13892	1.52596
13893	1.52597
13894	1.52597
13895	1.52598
13896	1.52598
13897	1.52599
13898	1.52599
13899	1.526
13900	1.526
13901	1.52601
13902	1.52602
13903	1.52602
13904	1.52603
13905	1.52603
13906	1.52604
13907	1.52604
13908	1.52605
13909	1.52605
13910	1.52606
13911	1.52606
13912	1.52607
13913	1.52607
13914	1.52608
13915	1.52608
13916	1.52608
13917	1.52609
13918	1.52609
13919	1.5261
13920	1.5261
13921	1.52611
13922	1.52611
13923	1.52612
13924	1.52612
13925	1.52613
13926	1.52613
13927	1.52613
13928	1.52614
13929	1.52614
13930	1.52615
13931	1.52615
13932	1.52616
13933	1.52616
13934	1.52616
13935	1.52617
13936	1.52617
13937	1.52618
13938	1.52618
13939	1.52619
13940	1.52619
13941	1.5262
13942	1.5262
13943	1.5262
13944	1.52621
13945	1.52621
13946	1.52622
13947	1.52622
13948	1.52623
13949	1.52623
13950	1.52623
13951	1.52624
13952	1.52624
13953	1.52625
13954	1.52625
13955	1.52626
13956	1.52626
13957	1.52627
13958	1.52627
13959	1.52628
13960	1.52628
13961	1.52629
13962	1.52629
13963	1.52629
13964	1.5263
13965	1.5263
13966	1.52631
13967	1.52631
13968	1.52632
13969	1.52632
13970	1.52633
13971	1.52633
13972	1.52634
13973	1.52634
13974	1.52635
13975	1.52635
13976	1.52636
13977	1.52636
13978	1.52637
13979	1.52638
13980	1.52638
13981	1.52639
13982	1.52639
13983	1.5264
13984	1.5264
13985	1.52641
13986	1.52641
13987	1.52642
13988	1.52642
13989	1.52643
13990	1.52644
13991	1.52644
13992	1.52645
13993	1.52645
13994	1.52646
13995	1.52646
13996	1.52647
13997	1.52648
13998	1.52648
13999	1.52649
14000	1.52649
14001	1.5265
14002	1.52651
14003	1.52651
14004	1.52652
14005	1.52652
14006	1.52653
14007	1.52654
14008	1.52654
14009	1.52655
14010	1.52656
14011	1.52656
14012	1.52657
14013	1.52657
14014	1.52658
14015	1.52659
14016	1.52659
14017	1.5266
14018	1.52661
14019	1.52661
14020	1.52662
14021	1.52663
14022	1.52663
14023	1.52664
14024	1.52664
14025	1.52665
14026	1.52666
14027	1.52666
14028	1.52667
14029	1.52668
14030	1.52668
14031	1.52669
14032	1.5267
14033	1.5267
14034	1.52671
14035	1.52672
14036	1.52672
14037	1.52673
14038	1.52674
14039	1.52674
14040	1.52675
14041	1.52676
14042	1.52676
14043	1.52677
14044	1.52678
14045	1.52678
14046	1.52679
14047	1.5268
14048	1.5268
14049	1.52681
14050	1.52681
14051	1.52682
14052	1.52683
14053	1.52683
14054	1.52684
14055	1.52685
14056	1.52685
14057	1.52686
14058	1.52687
14059	1.52687
14060	1.52688
14061	1.52689
14062	1.52689
14063	1.5269
14064	1.52691
14065	1.52691
14066	1.52692
14067	1.52692
14068	1.52693
14069	1.52694
14070	1.52694
14071	1.52695
14072	1.52696
14073	1.52696
14074	1.52697
14075	1.52697
14076	1.52698
14077	1.52699
14078	1.52699
14079	1.527
14080	1.527
14081	1.52701
14082	1.52702
14083	1.52702
14084	1.52703
14085	1.52703
14086	1.52704
14087	1.52705
14088	1.52705
14089	1.52706
14090	1.52706
14091	1.52707
14092	1.52707
14093	1.52708
14094	1.52709
14095	1.52709
14096	1.5271
14097	1.5271
14098	1.52711
14099	1.52711
14100	1.52712
14101	1.52713
14102	1.52713
14103	1.52714
14104	1.52714
14105	1.52715
14106	1.52715
14107	1.52716
14108	1.52716
14109	1.52717
14110	1.52717
14111	1.52718
14112	1.52718
14113	1.52719
14114	1.52719
14115	1.5272
14116	1.5272
14117	1.52721
14118	1.52721
14119	1.52722
14120	1.52722
14121	1.52723
14122	1.52723
14123	1.52724
14124	1.52724
14125	1.52725
14126	1.52725
14127	1.52726
14128	1.52726
14129	1.52727
14130	1.52727
14131	1.52727
14132	1.52728
14133	1.52728
14134	1.52729
14135	1.52729
14136	1.5273
14137	1.5273
14138	1.5273
14139	1.52731
14140	1.52731
14141	1.52732
14142	1.52732
14143	1.52733
14144	1.52733
14145	1.52733
14146	1.52734
14147	1.52734
14148	1.52734
14149	1.52735
14150	1.52735
14151	1.52736
14152	1.52736
14153	1.52736
14154	1.52737
14155	1.52737
14156	1.52737
14157	1.52738
14158	1.52738
14159	1.52738
14160	1.52739
14161	1.52739
14162	1.52739
14163	1.5274
14164	1.5274
14165	1.5274
14166	1.52741
14167	1.52741
14168	1.52741
14169	1.52742
14170	1.52742
14171	1.52742
14172	1.52743
14173	1.52743
14174	1.52743
14175	1.52743
14176	1.52744
14177	1.52744
14178	1.52744
14179	1.52744
14180	1.52745
14181	1.52745
14182	1.52745
14183	1.52746
14184	1.52746
14185	1.52746
14186	1.52746
14187	1.52746
14188	1.52747
14189	1.52747
14190	1.52747
14191	1.52747
14192	1.52748
14193	1.52748
14194	1.52748
14195	1.52748
14196	1.52748
14197	1.52749
14198	1.52749
14199	1.52749
14200	1.52749
14201	1.52749
14202	1.52749
14203	1.5275
14204	1.5275
14205	1.5275
14206	1.5275
14207	1.5275
14208	1.5275
14209	1.52751
14210	1.52751
14211	1.52751
14212	1.52751
14213	1.52751
14214	1.52751
14215	1.52751
14216	1.52751
14217	1.52751
14218	1.52752
14219	1.52752
14220	1.52752
14221	1.52752
14222	1.52752
14223	1.52752
14224	1.52752
14225	1.52752
14226	1.52752
14227	1.52752
14228	1.52752
14229	1.52752
14230	1.52753
14231	1.52753
14232	1.52753
14233	1.52753
14234	1.52753
14235	1.52753
14236	1.52753
14237	1.52753
14238	1.52753
14239	1.52753
14240	1.52753
14241	1.52753
14242	1.52753
14243	1.52753
14244	1.52753
14245	1.52753
14246	1.52753
14247	1.52753
14248	1.52753
14249	1.52753
14250	1.52753
14251	1.52753
14252	1.52753
14253	1.52753
14254	1.52752
14255	1.52752
14256	1.52752
14257	1.52752
14258	1.52752
14259	1.52752
14260	1.52752
14261	1.52752
14262	1.52752
14263	1.52752
14264	1.52752
14265	1.52752
14266	1.52751
14267	1.52751
14268	1.52751
14269	1.52751
14270	1.52751
14271	1.52751
14272	1.52751
14273	1.5275
14274	1.5275
14275	1.5275
14276	1.5275
14277	1.5275
14278	1.52749
14279	1.52749
14280	1.52749
14281	1.52749
14282	1.52749
14283	1.52748
14284	1.52748
14285	1.52748
14286	1.52747
14287	1.52747
14288	1.52747
14289	1.52747
14290	1.52746
14291	1.52746
14292	1.52746
14293	1.52745
14294	1.52745
14295	1.52745
14296	1.52744
14297	1.52744
14298	1.52743
14299	1.52743
14300	1.52743
14301	1.52742
14302	1.52742
14303	1.52741
14304	1.52741
14305	1.5274
14306	1.5274
14307	1.52739
14308	1.52739
14309	1.52738
14310	1.52738
14311	1.52737
14312	1.52736
14313	1.52736
14314	1.52735
14315	1.52734
14316	1.52734
14317	1.52733
14318	1.52732
14319	1.52732
14320	1.52731
14321	1.5273
14322	1.52729
14323	1.52728
14324	1.52728
14325	1.52727
14326	1.52726
14327	1.52725
14328	1.52724
14329	1.52723
14330	1.52722
14331	1.52721
14332	1.5272
14333	1.52719
14334	1.52718
14335	1.52717
14336	1.52716
14337	1.52715
14338	1.52713
14339	1.52712
14340	1.52711
14341	1.5271
14342	1.52708
14343	1.52707
14344	1.52706
14345	1.52704
14346	1.52703
14347	1.52701
14348	1.527
14349	1.52698
14350	1.52697
14351	1.52695
14352	1.52694
14353	1.52692
14354	1.5269
14355	1.52689
14356	1.52687
14357	1.52685
14358	1.52683
14359	1.52681
14360	1.5268
14361	1.52678
14362	1.52676
14363	1.52674
14364	1.52672
14365	1.5267
14366	1.52667
14367	1.52665
14368	1.52663
14369	1.52661
14370	1.52659
14371	1.52656
14372	1.52654
14373	1.52652
14374	1.52649
14375	1.52647
14376	1.52644
14377	1.52642
14378	1.52639
14379	1.52636
14380	1.52634
14381	1.52631
14382	1.52628
14383	1.52626
14384	1.52623
14385	1.5262
14386	1.52617
14387	1.52614
14388	1.52611
14389	1.52608
14390	1.52605
14391	1.52602
14392	1.52599
14393	1.52596
14394	1.52593
14395	1.52589
14396	1.52586
14397	1.52583
14398	1.52579
14399	1.52576
14400	1.52573
14401	1.52569
14402	1.52566
14403	1.52562
14404	1.52559
14405	1.52555
14406	1.52552
14407	1.52548
14408	1.52544
14409	1.52541
14410	1.52537
14411	1.52533
14412	1.52529
14413	1.52526
14414	1.52522
14415	1.52518
14416	1.52514
14417	1.5251
14418	1.52506
14419	1.52502
14420	1.52498
14421	1.52494
14422	1.5249
14423	1.52486
14424	1.52482
14425	1.52478
14426	1.52474
14427	1.5247
14428	1.52466
14429	1.52462
14430	1.52458
14431	1.52454
14432	1.52449
14433	1.52445
14434	1.52441
14435	1.52437
14436	1.52433
14437	1.52429
14438	1.52425
14439	1.5242
14440	1.52416
14441	1.52412
14442	1.52408
14443	1.52404
14444	1.524
14445	1.52396
14446	1.52392
14447	1.52387
14448	1.52383
14449	1.52379
14450	1.52375
14451	1.52371
14452	1.52367
14453	1.52363
14454	1.52359
14455	1.52355
14456	1.52351
14457	1.52347
14458	1.52344
14459	1.5234
14460	1.52336
14461	1.52332
14462	1.52328
14463	1.52325
14464	1.52321
14465	1.52317
14466	1.52314
14467	1.5231
14468	1.52306
14469	1.52303
14470	1.523
14471	1.52296
14472	1.52293
14473	1.52289
14474	1.52286
14475	1.52283
14476	1.5228
14477	1.52277
14478	1.52274
14479	1.5227
14480	1.52268
14481	1.52265
14482	1.52262
14483	1.52259
14484	1.52256
14485	1.52254
14486	1.52251
14487	1.52248
14488	1.52246
14489	1.52243
14490	1.52241
14491	1.52239
14492	1.52237
14493	1.52234
14494	1.52232
14495	1.5223
14496	1.52228
14497	1.52226
14498	1.52225
14499	1.52223
14500	1.52221
14501	1.5222
14502	1.52218
14503	1.52217
14504	1.52215
14505	1.52214
14506	1.52213
14507	1.52212
14508	1.52211
14509	1.5221
14510	1.52209
14511	1.52208
14512	1.52207
14513	1.52207
14514	1.52206
14515	1.52206
14516	1.52205
14517	1.52205
14518	1.52205
14519	1.52204
14520	1.52204
14521	1.52204
14522	1.52204
14523	1.52204
14524	1.52205
14525	1.52205
14526	1.52205
14527	1.52206
14528	1.52206
14529	1.52207
14530	1.52208
14531	1.52209
14532	1.52209
14533	1.5221
14534	1.52211
14535	1.52213
14536	1.52214
14537	1.52215
14538	1.52216
14539	1.52218
14540	1.52219
14541	1.52221
14542	1.52222
14543	1.52224
14544	1.52226
14545	1.52228
14546	1.5223
14547	1.52232
14548	1.52234
14549	1.52236
14550	1.52238
14551	1.52241
14552	1.52243
14553	1.52245
14554	1.52248
14555	1.5225
14556	1.52253
14557	1.52256
14558	1.52259
14559	1.52261
14560	1.52264
14561	1.52267
14562	1.5227
14563	1.52273
14564	1.52276
14565	1.5228
14566	1.52283
14567	1.52286
14568	1.52289
14569	1.52293
14570	1.52296
14571	1.523
14572	1.52303
14573	1.52307
14574	1.52311
14575	1.52314
14576	1.52318
14577	1.52322
14578	1.52326
14579	1.52329
14580	1.52333
14581	1.52337
14582	1.52341
14583	1.52345
14584	1.52349
14585	1.52353
14586	1.52358
14587	1.52362
14588	1.52366
14589	1.5237
14590	1.52374
14591	1.52379
14592	1.52383
14593	1.52387
14594	1.52392
14595	1.52396
14596	1.524
14597	1.52405
14598	1.52409
14599	1.52414
14600	1.52418
14601	1.52422
14602	1.52427
14603	1.52431
14604	1.52436
14605	1.5244
14606	1.52445
14607	1.5245
14608	1.52454
14609	1.52459
14610	1.52463
14611	1.52468
14612	1.52472
14613	1.52477
14614	1.52482
14615	1.52486
14616	1.52491
14617	1.52495
14618	1.525
14619	1.52504
14620	1.52509
14621	1.52513
14622	1.52518
14623	1.52523
14624	1.52527
14625	1.52532
14626	1.52536
14627	1.52541
14628	1.52545
14629	1.52549
14630	1.52554
14631	1.52558
14632	1.52563
14633	1.52567
14634	1.52572
14635	1.52576
14636	1.5258
14637	1.52585
14638	1.52589
14639	1.52593
14640	1.52597
14641	1.52602
14642	1.52606
14643	1.5261
14644	1.52614
14645	1.52618
14646	1.52622
14647	1.52626
14648	1.5263
14649	1.52635
14650	1.52638
14651	1.52642
14652	1.52646
14653	1.5265
14654	1.52654
14655	1.52658
14656	1.52662
14657	1.52666
14658	1.52669
14659	1.52673
14660	1.52677
14661	1.5268
14662	1.52684
14663	1.52687
14664	1.52691
14665	1.52694
14666	1.52698
14667	1.52701
14668	1.52705
14669	1.52708
14670	1.52711
14671	1.52715
14672	1.52718
14673	1.52721
14674	1.52724
14675	1.52727
14676	1.5273
14677	1.52733
14678	1.52736
14679	1.52739
14680	1.52742
14681	1.52745
14682	1.52748
14683	1.52751
14684	1.52753
14685	1.52756
14686	1.52759
14687	1.52761
14688	1.52764
14689	1.52767
14690	1.52769
14691	1.52771
14692	1.52774
14693	1.52776
14694	1.52779
14695	1.52781
14696	1.52783
14697	1.52785
14698	1.52788
14699	1.5279
14700	1.52792
14701	1.52794
14702	1.52796
14703	1.52798
14704	1.528
14705	1.52802
14706	1.52804
14707	1.52806
14708	1.52807
14709	1.52809
14710	1.52811
14711	1.52813
14712	1.52814
14713	1.52816
14714	1.52817
14715	1.52819
14716	1.5282
14717	1.52822
14718	1.52823
14719	1.52825
14720	1.52826
14721	1.52827
14722	1.52829
14723	1.5283
14724	1.52831
14725	1.52832
14726	1.52834
14727	1.52835
14728	1.52836
14729	1.52837
14730	1.52838
14731	1.52839
14732	1.5284
14733	1.52841
14734	1.52842
14735	1.52843
14736	1.52843
14737	1.52844
14738	1.52845
14739	1.52846
14740	1.52846
14741	1.52847
14742	1.52848
14743	1.52848
14744	1.52849
14745	1.5285
14746	1.5285
14747	1.52851
14748	1.52851
14749	1.52852
14750	1.52852
14751	1.52853
14752	1.52853
14753	1.52853
14754	1.52854
14755	1.52854
14756	1.52855
14757	1.52855
14758	1.52855
14759	1.52855
14760	1.52856
14761	1.52856
14762	1.52856
14763	1.52856
14764	1.52856
14765	1.52857
14766	1.52857
14767	1.52857
14768	1.52857
14769	1.52857
14770	1.52857
14771	1.52857
14772	1.52857
14773	1.52857
14774	1.52857
14775	1.52857
14776	1.52857
14777	1.52857
14778	1.52857
14779	1.52857
14780	1.52857
14781	1.52857
14782	1.52856
14783	1.52856
14784	1.52856
14785	1.52856
14786	1.52856
14787	1.52856
14788	1.52855
14789	1.52855
14790	1.52855
14791	1.52855
14792	1.52854
14793	1.52854
14794	1.52854
14795	1.52854
14796	1.52853
14797	1.52853
14798	1.52853
14799	1.52852
14800	1.52852
14801	1.52852
14802	1.52851
14803	1.52851
14804	1.52851
14805	1.5285
14806	1.5285
14807	1.5285
14808	1.52849
14809	1.52849
14810	1.52848
14811	1.52848
14812	1.52848
14813	1.52847
14814	1.52847
14815	1.52846
14816	1.52846
14817	1.52845
14818	1.52845
14819	1.52844
14820	1.52844
14821	1.52843
14822	1.52843
14823	1.52843
14824	1.52842
14825	1.52842
14826	1.52841
14827	1.52841
14828	1.5284
14829	1.5284
14830	1.52839
14831	1.52839
14832	1.52838
14833	1.52838
14834	1.52837
14835	1.52836
14836	1.52836
14837	1.52835
14838	1.52835
14839	1.52834
14840	1.52834
14841	1.52833
14842	1.52833
14843	1.52832
14844	1.52832
14845	1.52831
14846	1.5283
14847	1.5283
14848	1.52829
14849	1.52829
14850	1.52828
14851	1.52828
14852	1.52827
14853	1.52826
14854	1.52826
14855	1.52825
14856	1.52825
14857	1.52824
14858	1.52823
14859	1.52823
14860	1.52822
14861	1.52822
14862	1.52821
14863	1.5282
14864	1.5282
14865	1.52819
14866	1.52819
14867	1.52818
14868	1.52817
14869	1.52817
14870	1.52816
14871	1.52816
14872	1.52815
14873	1.52814
14874	1.52814
14875	1.52813
14876	1.52812
14877	1.52812
14878	1.52811
14879	1.52811
14880	1.5281
14881	1.52809
14882	1.52809
14883	1.52808
14884	1.52807
14885	1.52807
14886	1.52806
14887	1.52805
14888	1.52805
14889	1.52804
14890	1.52804
14891	1.52803
14892	1.52802
14893	1.52802
14894	1.52801
14895	1.528
14896	1.528
14897	1.52799
14898	1.52798
14899	1.52798
14900	1.52797
14901	1.52796
14902	1.52796
14903	1.52795
14904	1.52795
14905	1.52794
14906	1.52793
14907	1.52793
14908	1.52792
14909	1.52791
14910	1.52791
14911	1.5279
14912	1.52789
14913	1.52789
14914	1.52788
14915	1.52787
14916	1.52787
14917	1.52786
14918	1.52785
14919	1.52785
14920	1.52784
14921	1.52784
14922	1.52783
14923	1.52782
14924	1.52782
14925	1.52781
14926	1.5278
14927	1.5278
14928	1.52779
14929	1.52778
14930	1.52778
14931	1.52777
14932	1.52777
14933	1.52776
14934	1.52775
14935	1.52775
14936	1.52774
14937	1.52773
14938	1.52773
14939	1.52772
14940	1.52772
14941	1.52771
14942	1.5277
14943	1.5277
14944	1.52769
14945	1.52768
14946	1.52768
14947	1.52767
14948	1.52767
14949	1.52766
14950	1.52765
14951	1.52765
14952	1.52764
14953	1.52764
14954	1.52763
14955	1.52762
14956	1.52762
14957	1.52761
14958	1.52761
14959	1.5276
14960	1.52759
14961	1.52759
14962	1.52758
14963	1.52758
14964	1.52757
14965	1.52756
14966	1.52756
14967	1.52755
14968	1.52755
14969	1.52754
14970	1.52754
14971	1.52753
14972	1.52752
14973	1.52752
14974	1.52751
14975	1.52751
14976	1.5275
14977	1.5275
14978	1.52749
14979	1.52749
14980	1.52748
14981	1.52747
14982	1.52747
14983	1.52746
14984	1.52746
14985	1.52745
14986	1.52745
14987	1.52744
14988	1.52744
14989	1.52743
14990	1.52743
14991	1.52742
14992	1.52742
14993	1.52741
14994	1.52741
14995	1.5274
14996	1.5274
14997	1.52739
14998	1.52739
14999	1.52738
15000	1.52738
15001	1.52737
15002	1.52737
15003	1.52736
15004	1.52736
15005	1.52735
15006	1.52735
15007	1.52734
15008	1.52734
15009	1.52733
15010	1.52733
15011	1.52732
15012	1.52732
15013	1.52731
15014	1.52731
15015	1.5273
15016	1.5273
15017	1.52729
15018	1.52729
15019	1.52729
15020	1.52728
15021	1.52728
15022	1.52727
15023	1.52727
15024	1.52726
15025	1.52726
15026	1.52725
15027	1.52725
15028	1.52724
15029	1.52724
15030	1.52724
15031	1.52723
15032	1.52723
15033	1.52722
15034	1.52722
15035	1.52721
15036	1.52721
15037	1.52721
15038	1.5272
15039	1.5272
15040	1.52719
15041	1.52719
15042	1.52718
15043	1.52718
15044	1.52718
15045	1.52717
15046	1.52717
15047	1.52716
15048	1.52716
15049	1.52716
15050	1.52715
15051	1.52715
15052	1.52714
15053	1.52714
15054	1.52713
15055	1.52713
15056	1.52713
15057	1.52712
15058	1.52712
15059	1.52711
15060	1.52711
15061	1.52711
15062	1.5271
15063	1.5271
15064	1.52709
15065	1.52709
15066	1.52709
15067	1.52708
15068	1.52708
15069	1.52708
15070	1.52707
15071	1.52707
15072	1.52706
15073	1.52706
15074	1.52706
15075	1.52705
15076	1.52705
15077	1.52704
15078	1.52704
15079	1.52704
15080	1.52703
15081	1.52703
15082	1.52702
15083	1.52702
15084	1.52702
15085	1.52701
15086	1.52701
15087	1.52701
15088	1.527
15089	1.527
15090	1.52699
15091	1.52699
15092	1.52699
15093	1.52698
15094	1.52698
15095	1.52697
15096	1.52697
15097	1.52697
15098	1.52696
15099	1.52696
15100	1.52696
15101	1.52695
15102	1.52695
15103	1.52694
15104	1.52694
15105	1.52694
15106	1.52693
15107	1.52693
15108	1.52693
15109	1.52692
15110	1.52692
15111	1.52691
15112	1.52691
15113	1.52691
15114	1.5269
15115	1.5269
15116	1.5269
15117	1.52689
15118	1.52689
15119	1.52689
15120	1.52688
15121	1.52688
15122	1.52687
15123	1.52687
15124	1.52687
15125	1.52686
15126	1.52686
15127	1.52686
15128	1.52685
15129	1.52685
15130	1.52684
15131	1.52684
15132	1.52684
15133	1.52683
15134	1.52683
15135	1.52683
15136	1.52682
15137	1.52682
15138	1.52682
15139	1.52681
15140	1.52681
15141	1.52681
15142	1.5268
15143	1.5268
15144	1.52679
15145	1.52679
15146	1.52679
15147	1.52678
15148	1.52678
15149	1.52678
15150	1.52677
15151	1.52677
15152	1.52677
15153	1.52676
15154	1.52676
15155	1.52676
15156	1.52675
15157	1.52675
15158	1.52675
15159	1.52674
15160	1.52674
15161	1.52674
15162	1.52673
15163	1.52673
15164	1.52673
15165	1.52672
15166	1.52672
15167	1.52672
15168	1.52671
15169	1.52671
15170	1.52671
15171	1.5267
15172	1.5267
15173	1.5267
15174	1.5267
15175	1.52669
15176	1.52669
15177	1.52669
15178	1.52668
15179	1.52668
15180	1.52668
15181	1.52667
15182	1.52667
15183	1.52667
15184	1.52667
15185	1.52666
15186	1.52666
15187	1.52666
15188	1.52665
15189	1.52665
15190	1.52665
15191	1.52665
15192	1.52664
15193	1.52664
15194	1.52664
15195	1.52664
15196	1.52663
15197	1.52663
15198	1.52663
15199	1.52663
15200	1.52662
15201	1.52662
15202	1.52662
15203	1.52662
15204	1.52661
15205	1.52661
15206	1.52661
15207	1.52661
15208	1.5266
15209	1.5266
15210	1.5266
15211	1.5266
15212	1.5266
15213	1.52659
15214	1.52659
15215	1.52659
15216	1.52659
15217	1.52659
15218	1.52658
15219	1.52658
15220	1.52658
15221	1.52658
15222	1.52658
15223	1.52657
15224	1.52657
15225	1.52657
15226	1.52657
15227	1.52657
15228	1.52657
15229	1.52656
15230	1.52656
15231	1.52656
15232	1.52656
15233	1.52656
15234	1.52656
15235	1.52655
15236	1.52655
15237	1.52655
15238	1.52655
15239	1.52655
15240	1.52655
15241	1.52655
15242	1.52655
15243	1.52654
15244	1.52654
15245	1.52654
15246	1.52654
15247	1.52654
15248	1.52654
15249	1.52654
15250	1.52654
15251	1.52654
15252	1.52654
15253	1.52654
15254	1.52653
15255	1.52653
15256	1.52653
15257	1.52653
15258	1.52653
15259	1.52653
15260	1.52653
15261	1.52653
15262	1.52653
15263	1.52653
15264	1.52653
15265	1.52653
15266	1.52653
15267	1.52653
15268	1.52653
15269	1.52653
15270	1.52653
15271	1.52653
15272	1.52653
15273	1.52653
15274	1.52653
15275	1.52653
15276	1.52653
15277	1.52653
15278	1.52653
15279	1.52653
15280	1.52653
15281	1.52653
15282	1.52653
15283	1.52653
15284	1.52653
15285	1.52653
15286	1.52653
15287	1.52653
15288	1.52653
15289	1.52653
15290	1.52653
15291	1.52653
15292	1.52653
15293	1.52653
15294	1.52653
15295	1.52654
15296	1.52654
15297	1.52654
15298	1.52654
15299	1.52654
15300	1.52654
15301	1.52654
15302	1.52654
15303	1.52654
15304	1.52654
15305	1.52654
15306	1.52655
15307	1.52655
15308	1.52655
15309	1.52655
15310	1.52655
15311	1.52655
15312	1.52655
15313	1.52655
15314	1.52655
15315	1.52656
15316	1.52656
15317	1.52656
15318	1.52656
15319	1.52656
15320	1.52656
15321	1.52656
15322	1.52657
15323	1.52657
15324	1.52657
15325	1.52657
15326	1.52657
15327	1.52657
15328	1.52657
15329	1.52658
15330	1.52658
15331	1.52658
15332	1.52658
15333	1.52658
15334	1.52658
15335	1.52659
15336	1.52659
15337	1.52659
15338	1.52659
15339	1.52659
15340	1.52659
15341	1.5266
15342	1.5266
15343	1.5266
15344	1.5266
15345	1.5266
15346	1.52661
15347	1.52661
15348	1.52661
15349	1.52661
15350	1.52661
15351	1.52662
15352	1.52662
15353	1.52662
15354	1.52662
15355	1.52662
15356	1.52663
15357	1.52663
15358	1.52663
15359	1.52663
15360	1.52663
15361	1.52664
15362	1.52664
15363	1.52664
15364	1.52664
15365	1.52664
15366	1.52665
15367	1.52665
15368	1.52665
15369	1.52665
15370	1.52666
15371	1.52666
15372	1.52666
15373	1.52666
15374	1.52666
15375	1.52667
15376	1.52667
15377	1.52667
15378	1.52667
15379	1.52668
15380	1.52668
15381	1.52668
15382	1.52668
15383	1.52669
15384	1.52669
15385	1.52669
15386	1.52669
15387	1.5267
15388	1.5267
15389	1.5267
15390	1.52671
15391	1.52671
15392	1.52671
15393	1.52671
15394	1.52672
15395	1.52672
15396	1.52672
15397	1.52673
15398	1.52673
15399	1.52673
15400	1.52674
15401	1.52674
15402	1.52674
15403	1.52674
15404	1.52675
15405	1.52675
15406	1.52676
15407	1.52676
15408	1.52676
15409	1.52677
15410	1.52677
15411	1.52677
15412	1.52678
15413	1.52678
15414	1.52679
15415	1.52679
15416	1.52679
15417	1.5268
15418	1.5268
15419	1.52681
15420	1.52681
15421	1.52682
15422	1.52682
15423	1.52683
15424	1.52683
15425	1.52684
15426	1.52684
15427	1.52685
15428	1.52685
15429	1.52686
15430	1.52687
15431	1.52687
15432	1.52688
15433	1.52689
15434	1.52689
15435	1.5269
15436	1.52691
15437	1.52691
15438	1.52692
15439	1.52693
15440	1.52693
15441	1.52694
15442	1.52695
15443	1.52696
15444	1.52697
15445	1.52698
15446	1.52698
15447	1.52699
15448	1.527
15449	1.52701
15450	1.52702
15451	1.52703
15452	1.52704
15453	1.52705
15454	1.52706
15455	1.52707
15456	1.52708
15457	1.52709
15458	1.52711
15459	1.52712
15460	1.52713
15461	1.52714
15462	1.52715
15463	1.52717
15464	1.52718
15465	1.52719
15466	1.52721
15467	1.52722
15468	1.52724
15469	1.52725
15470	1.52727
15471	1.52728
15472	1.5273
15473	1.52731
15474	1.52733
15475	1.52735
15476	1.52736
15477	1.52738
15478	1.5274
15479	1.52742
15480	1.52743
15481	1.52745
15482	1.52747
15483	1.52749
15484	1.52751
15485	1.52753
15486	1.52755
15487	1.52757
15488	1.52759
15489	1.52762
15490	1.52764
15491	1.52766
15492	1.52768
15493	1.52771
15494	1.52773
15495	1.52775
15496	1.52778
15497	1.5278
15498	1.52783
15499	1.52785
15500	1.52788
15501	1.5279
15502	1.52793
15503	1.52796
15504	1.52799
15505	1.52801
15506	1.52804
15507	1.52807
15508	1.5281
15509	1.52813
15510	1.52816
15511	1.52819
15512	1.52822
15513	1.52825
15514	1.52828
15515	1.52831
15516	1.52835
15517	1.52838
15518	1.52841
15519	1.52844
15520	1.52848
15521	1.52851
15522	1.52855
15523	1.52858
15524	1.52862
15525	1.52865
15526	1.52869
15527	1.52872
15528	1.52876
15529	1.5288
15530	1.52883
15531	1.52887
15532	1.52891
15533	1.52894
15534	1.52898
15535	1.52902
15536	1.52906
15537	1.5291
15538	1.52914
15539	1.52918
15540	1.52922
15541	1.52926
15542	1.5293
15543	1.52934
15544	1.52938
15545	1.52942
15546	1.52946
15547	1.5295
15548	1.52954
15549	1.52958
15550	1.52962
15551	1.52966
15552	1.52971
15553	1.52975
15554	1.52979
15555	1.52983
15556	1.52987
15557	1.52992
15558	1.52996
15559	1.53
15560	1.53004
15561	1.53008
15562	1.53013
15563	1.53017
15564	1.53021
15565	1.53025
15566	1.5303
15567	1.53034
15568	1.53038
15569	1.53042
15570	1.53046
15571	1.5305
15572	1.53055
15573	1.53059
15574	1.53063
15575	1.53067
15576	1.53071
15577	1.53075
15578	1.53079
15579	1.53083
15580	1.53087
15581	1.53091
15582	1.53095
15583	1.53099
15584	1.53102
15585	1.53106
15586	1.5311
15587	1.53114
15588	1.53118
15589	1.53121
15590	1.53125
15591	1.53128
15592	1.53132
15593	1.53135
15594	1.53139
15595	1.53142
15596	1.53146
15597	1.53149
15598	1.53152
15599	1.53155
15600	1.53158
15601	1.53162
15602	1.53165
15603	1.53168
15604	1.5317
15605	1.53173
15606	1.53176
15607	1.53179
15608	1.53181
15609	1.53184
15610	1.53186
15611	1.53189
15612	1.53191
15613	1.53194
15614	1.53196
15615	1.53198
15616	1.532
15617	1.53202
15618	1.53204
15619	1.53206
15620	1.53208
15621	1.53209
15622	1.53211
15623	1.53212
15624	1.53214
15625	1.53215
15626	1.53217
15627	1.53218
15628	1.53219
15629	1.5322
15630	1.53221
15631	1.53222
15632	1.53222
15633	1.53223
15634	1.53224
15635	1.53224
15636	1.53225
15637	1.53225
15638	1.53225
15639	1.53225
15640	1.53225
15641	1.53225
15642	1.53225
15643	1.53225
15644	1.53225
15645	1.53224
15646	1.53224
15647	1.53223
15648	1.53223
15649	1.53222
15650	1.53221
15651	1.5322
15652	1.53219
15653	1.53218
15654	1.53217
15655	1.53215
15656	1.53214
15657	1.53212
15658	1.53211
15659	1.53209
15660	1.53207
15661	1.53206
15662	1.53204
15663	1.53202
15664	1.532
15665	1.53197
15666	1.53195
15667	1.53193
15668	1.5319
15669	1.53188
15670	1.53185
15671	1.53182
15672	1.5318
15673	1.53177
15674	1.53174
15675	1.53171
15676	1.53168
15677	1.53165
15678	1.53161
15679	1.53158
15680	1.53155
15681	1.53151
15682	1.53148
15683	1.53144
15684	1.53141
15685	1.53137
15686	1.53133
15687	1.53129
15688	1.53125
15689	1.53121
15690	1.53117
15691	1.53113
15692	1.53109
15693	1.53105
15694	1.53101
15695	1.53096
15696	1.53092
15697	1.53087
15698	1.53083
15699	1.53078
15700	1.53074
15701	1.53069
15702	1.53065
15703	1.5306
15704	1.53055
15705	1.5305
15706	1.53046
15707	1.53041
15708	1.53036
15709	1.53031
15710	1.53026
15711	1.53021
15712	1.53016
15713	1.53011
15714	1.53006
15715	1.53001
15716	1.52996
15717	1.52991
15718	1.52986
15719	1.5298
15720	1.52975
15721	1.5297
15722	1.52965
15723	1.5296
15724	1.52954
15725	1.52949
15726	1.52944
15727	1.52939
15728	1.52933
15729	1.52928
15730	1.52923
15731	1.52918
15732	1.52912
15733	1.52907
15734	1.52902
15735	1.52896
15736	1.52891
15737	1.52886
15738	1.52881
15739	1.52876
15740	1.5287
15741	1.52865
15742	1.5286
15743	1.52855
15744	1.5285
15745	1.52844
15746	1.52839
15747	1.52834
15748	1.52829
15749	1.52824
15750	1.52819
15751	1.52814
15752	1.52809
15753	1.52804
15754	1.52799
15755	1.52794
15756	1.52789
15757	1.52785
15758	1.5278
15759	1.52775
15760	1.5277
15761	1.52766
15762	1.52761
15763	1.52756
15764	1.52752
15765	1.52747
15766	1.52743
15767	1.52738
15768	1.52734
15769	1.52729
15770	1.52725
15771	1.52721
15772	1.52716
15773	1.52712
15774	1.52708
15775	1.52704
15776	1.52699
15777	1.52695
15778	1.52691
15779	1.52687
15780	1.52683
15781	1.5268
15782	1.52676
15783	1.52672
15784	1.52668
15785	1.52664
15786	1.52661
15787	1.52657
15788	1.52653
15789	1.5265
15790	1.52646
15791	1.52643
15792	1.5264
15793	1.52636
15794	1.52633
15795	1.5263
15796	1.52627
15797	1.52623
15798	1.5262
15799	1.52617
15800	1.52614
15801	1.52611
15802	1.52608
15803	1.52606
15804	1.52603
15805	1.526
15806	1.52597
15807	1.52595
15808	1.52592
15809	1.52589
15810	1.52587
15811	1.52584
15812	1.52582
15813	1.5258
15814	1.52577
15815	1.52575
15816	1.52573
15817	1.52571
15818	1.52568
15819	1.52566
15820	1.52564
15821	1.52562
15822	1.5256
15823	1.52558
15824	1.52556
15825	1.52555
15826	1.52553
15827	1.52551
15828	1.52549
15829	1.52548
15830	1.52546
15831	1.52544
15832	1.52543
15833	1.52541
15834	1.5254
15835	1.52538
15836	1.52537
15837	1.52536
15838	1.52534
15839	1.52533
15840	1.52532
15841	1.52531
15842	1.52529
15843	1.52528
15844	1.52527
15845	1.52526
15846	1.52525
15847	1.52524
15848	1.52523
15849	1.52522
15850	1.52521
15851	1.5252
15852	1.5252
15853	1.52519
15854	1.52518
15855	1.52517
15856	1.52517
15857	1.52516
15858	1.52515
15859	1.52515
15860	1.52514
15861	1.52513
15862	1.52513
15863	1.52512
15864	1.52512
15865	1.52511
15866	1.52511
15867	1.52511
15868	1.5251
15869	1.5251
15870	1.5251
15871	1.52509
15872	1.52509
15873	1.52509
15874	1.52508
15875	1.52508
15876	1.52508
15877	1.52508
15878	1.52508
15879	1.52508
15880	1.52507
15881	1.52507
15882	1.52507
15883	1.52507
15884	1.52507
15885	1.52507
15886	1.52507
15887	1.52507
15888	1.52507
15889	1.52507
15890	1.52507
15891	1.52508
15892	1.52508
15893	1.52508
15894	1.52508
15895	1.52508
15896	1.52508
15897	1.52509
15898	1.52509
15899	1.52509
15900	1.52509
15901	1.52509
15902	1.5251
15903	1.5251
15904	1.5251
15905	1.52511
15906	1.52511
15907	1.52511
15908	1.52512
15909	1.52512
15910	1.52512
15911	1.52513
15912	1.52513
15913	1.52513
15914	1.52514
15915	1.52514
15916	1.52515
15917	1.52515
15918	1.52516
15919	1.52516
15920	1.52517
15921	1.52517
15922	1.52518
15923	1.52518
15924	1.52519
15925	1.52519
15926	1.5252
15927	1.5252
15928	1.52521
15929	1.52521
15930	1.52522
15931	1.52522
15932	1.52523
15933	1.52524
15934	1.52524
15935	1.52525
15936	1.52525
15937	1.52526
15938	1.52527
15939	1.52527
15940	1.52528
15941	1.52528
15942	1.52529
15943	1.5253
15944	1.5253
15945	1.52531
15946	1.52532
15947	1.52532
15948	1.52533
15949	1.52534
15950	1.52534
15951	1.52535
15952	1.52536
15953	1.52536
15954	1.52537
15955	1.52538
15956	1.52539
15957	1.52539
15958	1.5254
15959	1.52541
15960	1.52541
15961	1.52542
15962	1.52543
15963	1.52544
15964	1.52544
15965	1.52545
15966	1.52546
15967	1.52547
15968	1.52547
15969	1.52548
15970	1.52549
15971	1.5255
15972	1.5255
15973	1.52551
15974	1.52552
15975	1.52553
15976	1.52553
15977	1.52554
15978	1.52555
15979	1.52556
15980	1.52557
15981	1.52557
15982	1.52558
15983	1.52559
15984	1.5256
15985	1.52561
15986	1.52561
15987	1.52562
15988	1.52563
15989	1.52564
15990	1.52564
15991	1.52565
15992	1.52566
15993	1.52567
15994	1.52568
15995	1.52568
15996	1.52569
15997	1.5257
15998	1.52571
15999	1.52572
16000	1.52572
16001	1.52573
16002	1.52574
16003	1.52575
16004	1.52576
16005	1.52576
16006	1.52577
16007	1.52578
16008	1.52579
16009	1.5258
16010	1.5258
16011	1.52581
16012	1.52582
16013	1.52583
16014	1.52584
16015	1.52584
16016	1.52585
16017	1.52586
16018	1.52587
16019	1.52588
16020	1.52588
16021	1.52589
16022	1.5259
16023	1.52591
16024	1.52591
16025	1.52592
16026	1.52593
16027	1.52594
16028	1.52595
16029	1.52595
16030	1.52596
16031	1.52597
16032	1.52598
16033	1.52598
16034	1.52599
16035	1.526
16036	1.52601
16037	1.52601
16038	1.52602
16039	1.52603
16040	1.52604
16041	1.52604
16042	1.52605
16043	1.52606
16044	1.52607
16045	1.52607
16046	1.52608
16047	1.52609
16048	1.5261
16049	1.5261
16050	1.52611
16051	1.52612
16052	1.52613
16053	1.52613
16054	1.52614
16055	1.52615
16056	1.52615
16057	1.52616
16058	1.52617
16059	1.52617
16060	1.52618
16061	1.52619
16062	1.5262
16063	1.5262
16064	1.52621
16065	1.52622
16066	1.52622
16067	1.52623
16068	1.52624
16069	1.52624
16070	1.52625
16071	1.52626
16072	1.52626
16073	1.52627
16074	1.52628
16075	1.52628
16076	1.52629
16077	1.5263
16078	1.5263
16079	1.52631
16080	1.52632
16081	1.52632
16082	1.52633
16083	1.52633
16084	1.52634
16085	1.52635
16086	1.52635
16087	1.52636
16088	1.52636
16089	1.52637
16090	1.52638
16091	1.52638
16092	1.52639
16093	1.5264
16094	1.5264
16095	1.52641
16096	1.52641
16097	1.52642
16098	1.52642
16099	1.52643
16100	1.52644
16101	1.52644
16102	1.52645
16103	1.52645
16104	1.52646
16105	1.52646
16106	1.52647
16107	1.52648
16108	1.52648
16109	1.52649
16110	1.52649
16111	1.5265
16112	1.5265
16113	1.52651
16114	1.52651
16115	1.52652
16116	1.52652
16117	1.52653
16118	1.52654
16119	1.52654
16120	1.52655
16121	1.52655
16122	1.52656
16123	1.52656
16124	1.52657
16125	1.52657
16126	1.52658
16127	1.52658
16128	1.52659
16129	1.52659
16130	1.5266
16131	1.5266
16132	1.52661
16133	1.52661
16134	1.52662
16135	1.52662
16136	1.52663
16137	1.52663
16138	1.52664
16139	1.52664
16140	1.52665
16141	1.52665
16142	1.52666
16143	1.52666
16144	1.52667
16145	1.52667
16146	1.52668
16147	1.52668
16148	1.52669
16149	1.52669
16150	1.5267
16151	1.5267
16152	1.52671
16153	1.52671
16154	1.52672
16155	1.52672
16156	1.52673
16157	1.52673
16158	1.52674
16159	1.52674
16160	1.52675
16161	1.52675
16162	1.52675
16163	1.52676
16164	1.52676
16165	1.52677
16166	1.52677
16167	1.52678
16168	1.52678
16169	1.52679
16170	1.52679
16171	1.5268
16172	1.5268
16173	1.52681
16174	1.52681
16175	1.52682
16176	1.52682
16177	1.52683
16178	1.52683
16179	1.52684
16180	1.52684
16181	1.52685
16182	1.52685
16183	1.52686
16184	1.52686
16185	1.52687
16186	1.52687
16187	1.52688
16188	1.52688
16189	1.52689
16190	1.52689
16191	1.5269
16192	1.5269
16193	1.52691
16194	1.52691
16195	1.52692
16196	1.52692
16197	1.52693
16198	1.52693
16199	1.52693
16200	1.52694
16201	1.52694
16202	1.52695
16203	1.52695
16204	1.52696
16205	1.52696
16206	1.52697
16207	1.52697
16208	1.52698
16209	1.52698
16210	1.52699
16211	1.52699
16212	1.527
16213	1.52701
16214	1.52701
16215	1.52702
16216	1.52702
16217	1.52703
16218	1.52703
16219	1.52704
16220	1.52704
16221	1.52705
16222	1.52705
16223	1.52706
16224	1.52706
16225	1.52707
16226	1.52707
16227	1.52708
16228	1.52708
16229	1.52709
16230	1.52709
16231	1.5271
16232	1.5271
16233	1.52711
16234	1.52711
16235	1.52712
16236	1.52712
16237	1.52713
16238	1.52713
16239	1.52714
16240	1.52714
16241	1.52715
16242	1.52715
16243	1.52716
16244	1.52716
16245	1.52717
16246	1.52717
16247	1.52718
16248	1.52719
16249	1.52719
16250	1.5272
16251	1.5272
16252	1.52721
16253	1.52721
16254	1.52722
16255	1.52722
16256	1.52723
16257	1.52723
16258	1.52724
16259	1.52724
16260	1.52725
16261	1.52725
16262	1.52726
16263	1.52726
16264	1.52727
16265	1.52727
16266	1.52728
16267	1.52728
16268	1.52729
16269	1.52729
16270	1.5273
16271	1.5273
16272	1.52731
16273	1.52731
16274	1.52732
16275	1.52733
16276	1.52733
16277	1.52734
16278	1.52734
16279	1.52735
16280	1.52735
16281	1.52736
16282	1.52736
16283	1.52737
16284	1.52737
16285	1.52738
16286	1.52738
16287	1.52739
16288	1.52739
16289	1.5274
16290	1.5274
16291	1.52741
16292	1.52741
16293	1.52742
16294	1.52742
16295	1.52743
16296	1.52743
16297	1.52744
16298	1.52744
16299	1.52745
16300	1.52745
16301	1.52746
16302	1.52746
16303	1.52747
16304	1.52747
16305	1.52748
16306	1.52748
16307	1.52748
16308	1.52749
16309	1.52749
16310	1.5275
16311	1.5275
16312	1.52751
16313	1.52751
16314	1.52752
16315	1.52752
16316	1.52753
16317	1.52753
16318	1.52754
16319	1.52754
16320	1.52755
16321	1.52755
16322	1.52756
16323	1.52756
16324	1.52756
16325	1.52757
16326	1.52757
16327	1.52758
16328	1.52758
16329	1.52759
16330	1.52759
16331	1.5276
16332	1.5276
16333	1.5276
16334	1.52761
16335	1.52761
16336	1.52762
16337	1.52762
16338	1.52763
16339	1.52763
16340	1.52763
16341	1.52764
16342	1.52764
16343	1.52765
16344	1.52765
16345	1.52766
16346	1.52766
16347	1.52766
16348	1.52767
16349	1.52767
16350	1.52768
16351	1.52768
16352	1.52768
16353	1.52769
16354	1.52769
16355	1.5277
16356	1.5277
16357	1.5277
16358	1.52771
16359	1.52771
16360	1.52771
16361	1.52772
16362	1.52772
16363	1.52773
16364	1.52773
16365	1.52773
16366	1.52774
16367	1.52774
16368	1.52774
16369	1.52775
16370	1.52775
16371	1.52775
16372	1.52776
16373	1.52776
16374	1.52776
16375	1.52777
16376	1.52777
16377	1.52777
16378	1.52778
16379	1.52778
16380	1.52778
16381	1.52779
16382	1.52779
16383	1.52779
16384	1.52779
16385	1.5278
16386	1.5278
16387	1.5278
16388	1.52781
16389	1.52781
16390	1.52781
16391	1.52781
16392	1.52782
16393	1.52782
16394	1.52782
16395	1.52782
16396	1.52783
16397	1.52783
16398	1.52783
16399	1.52783
16400	1.52784
16401	1.52784
16402	1.52784
16403	1.52784
16404	1.52785
16405	1.52785
16406	1.52785
16407	1.52785
16408	1.52785
16409	1.52785
16410	1.52786
16411	1.52786
16412	1.52786
16413	1.52786
16414	1.52786
16415	1.52786
16416	1.52787
16417	1.52787
16418	1.52787
16419	1.52787
16420	1.52787
16421	1.52787
16422	1.52787
16423	1.52787
16424	1.52787
16425	1.52788
16426	1.52788
16427	1.52788
16428	1.52788
16429	1.52788
16430	1.52788
16431	1.52788
16432	1.52788
16433	1.52788
16434	1.52788
16435	1.52788
16436	1.52788
16437	1.52788
16438	1.52788
16439	1.52788
16440	1.52788
16441	1.52788
16442	1.52788
16443	1.52788
16444	1.52788
16445	1.52788
16446	1.52788
16447	1.52788
16448	1.52787
16449	1.52787
16450	1.52787
16451	1.52787
16452	1.52787
16453	1.52787
16454	1.52787
16455	1.52786
16456	1.52786
16457	1.52786
16458	1.52786
16459	1.52786
16460	1.52785
16461	1.52785
16462	1.52785
16463	1.52785
16464	1.52784
16465	1.52784
16466	1.52784
16467	1.52784
16468	1.52783
16469	1.52783
16470	1.52783
16471	1.52782
16472	1.52782
16473	1.52782
16474	1.52781
16475	1.52781
16476	1.5278
16477	1.5278
16478	1.52779
16479	1.52779
16480	1.52779
16481	1.52778
16482	1.52778
16483	1.52777
16484	1.52777
16485	1.52776
16486	1.52775
16487	1.52775
16488	1.52774
16489	1.52774
16490	1.52773
16491	1.52772
16492	1.52772
16493	1.52771
16494	1.5277
16495	1.5277
16496	1.52769
16497	1.52768
16498	1.52768
16499	1.52767
16500	1.52766
16501	1.52765
16502	1.52764
16503	1.52764
16504	1.52763
16505	1.52762
16506	1.52761
16507	1.5276
16508	1.52759
16509	1.52758
16510	1.52757
16511	1.52756
16512	1.52755
16513	1.52754
16514	1.52753
16515	1.52752
16516	1.52751
16517	1.5275
16518	1.52748
16519	1.52747
16520	1.52746
16521	1.52745
16522	1.52744
16523	1.52742
16524	1.52741
16525	1.5274
16526	1.52738
16527	1.52737
16528	1.52736
16529	1.52734
16530	1.52733
16531	1.52731
16532	1.5273
16533	1.52728
16534	1.52727
16535	1.52725
16536	1.52724
16537	1.52722
16538	1.5272
16539	1.52719
16540	1.52717
16541	1.52715
16542	1.52713
16543	1.52712
16544	1.5271
16545	1.52708
16546	1.52706
16547	1.52704
16548	1.52702
16549	1.527
16550	1.52698
16551	1.52696
16552	1.52694
16553	1.52692
16554	1.5269
16555	1.52688
16556	1.52686
16557	1.52683
16558	1.52681
16559	1.52679
16560	1.52677
16561	1.52674
16562	1.52672
16563	1.5267
16564	1.52667
16565	1.52665
16566	1.52662
16567	1.5266
16568	1.52657
16569	1.52654
16570	1.52652
16571	1.52649
16572	1.52646
16573	1.52644
16574	1.52641
16575	1.52638
16576	1.52635
16577	1.52632
16578	1.5263
16579	1.52627
16580	1.52624
16581	1.52621
16582	1.52618
16583	1.52615
16584	1.52612
16585	1.52608
16586	1.52605
16587	1.52602
16588	1.52599
16589	1.52596
16590	1.52592
16591	1.52589
16592	1.52586
16593	1.52582
16594	1.52579
16595	1.52575
16596	1.52572
16597	1.52568
16598	1.52565
16599	1.52561
16600	1.52558
16601	1.52554
16602	1.5255
16603	1.52547
16604	1.52543
16605	1.52539
16606	1.52535
16607	1.52531
16608	1.52528
16609	1.52524
16610	1.5252
16611	1.52516
16612	1.52512
16613	1.52508
16614	1.52504
16615	1.525
16616	1.52496
16617	1.52492
16618	1.52488
16619	1.52484
16620	1.52479
16621	1.52475
16622	1.52471
16623	1.52467
16624	1.52463
16625	1.52458
16626	1.52454
16627	1.5245
16628	1.52445
16629	1.52441
16630	1.52437
16631	1.52432
16632	1.52428
16633	1.52424
16634	1.52419
16635	1.52415
16636	1.52411
16637	1.52406
16638	1.52402
16639	1.52397
16640	1.52393
16641	1.52388
16642	1.52384
16643	1.52379
16644	1.52375
16645	1.5237
16646	1.52366
16647	1.52361
16648	1.52357
16649	1.52353
16650	1.52348
16651	1.52344
16652	1.52339
16653	1.52335
16654	1.5233
16655	1.52326
16656	1.52321
16657	1.52317
16658	1.52313
16659	1.52308
16660	1.52304
16661	1.52299
16662	1.52295
16663	1.52291
16664	1.52287
16665	1.52282
16666	1.52278
16667	1.52274
16668	1.5227
16669	1.52265
16670	1.52261
16671	1.52257
16672	1.52253
16673	1.52249
16674	1.52245
16675	1.52241
16676	1.52237
16677	1.52233
16678	1.52229
16679	1.52225
16680	1.52221
16681	1.52218
16682	1.52214
16683	1.5221
16684	1.52207
16685	1.52203
16686	1.522
16687	1.52196
16688	1.52193
16689	1.52189
16690	1.52186
16691	1.52183
16692	1.52179
16693	1.52176
16694	1.52173
16695	1.5217
16696	1.52167
16697	1.52164
16698	1.52161
16699	1.52159
16700	1.52156
16701	1.52153
16702	1.52151
16703	1.52148
16704	1.52146
16705	1.52143
16706	1.52141
16707	1.52139
16708	1.52137
16709	1.52135
16710	1.52133
16711	1.52131
16712	1.52129
16713	1.52127
16714	1.52126
16715	1.52124
16716	1.52123
16717	1.52121
16718	1.5212
16719	1.52119
16720	1.52118
16721	1.52116
16722	1.52116
16723	1.52115
16724	1.52114
16725	1.52113
16726	1.52113
16727	1.52112
16728	1.52112
16729	1.52111
16730	1.52111
16731	1.52111
16732	1.52111
16733	1.52111
16734	1.52111
16735	1.52111
16736	1.52112
16737	1.52112
16738	1.52113
16739	1.52113
16740	1.52114
16741	1.52115
16742	1.52116
16743	1.52117
16744	1.52118
16745	1.52119
16746	1.52121
16747	1.52122
16748	1.52124
16749	1.52125
16750	1.52127
16751	1.52129
16752	1.52131
16753	1.52133
16754	1.52135
16755	1.52137
16756	1.5214
16757	1.52142
16758	1.52144
16759	1.52147
16760	1.5215
16761	1.52152
16762	1.52155
16763	1.52158
16764	1.52161
16765	1.52165
16766	1.52168
16767	1.52171
16768	1.52175
16769	1.52178
16770	1.52182
16771	1.52185
16772	1.52189
16773	1.52193
16774	1.52197
16775	1.52201
16776	1.52205
16777	1.52209
16778	1.52214
16779	1.52218
16780	1.52222
16781	1.52227
16782	1.52231
16783	1.52236
16784	1.52241
16785	1.52246
16786	1.5225
16787	1.52255
16788	1.5226
16789	1.52265
16790	1.52271
16791	1.52276
16792	1.52281
16793	1.52286
16794	1.52292
16795	1.52297
16796	1.52303
16797	1.52308
16798	1.52314
16799	1.52319
16800	1.52325
16801	1.52331
16802	1.52337
16803	1.52342
16804	1.52348
16805	1.52354
16806	1.5236
16807	1.52366
16808	1.52372
16809	1.52378
16810	1.52384
16811	1.5239
16812	1.52397
16813	1.52403
16814	1.52409
16815	1.52415
16816	1.52421
16817	1.52428
16818	1.52434
16819	1.5244
16820	1.52447
16821	1.52453
16822	1.52459
16823	1.52466
16824	1.52472
16825	1.52479
16826	1.52485
16827	1.52491
16828	1.52498
16829	1.52504
16830	1.52511
16831	1.52517
16832	1.52524
16833	1.5253
16834	1.52536
16835	1.52543
16836	1.52549
16837	1.52556
16838	1.52562
16839	1.52568
16840	1.52575
16841	1.52581
16842	1.52587
16843	1.52594
16844	1.526
16845	1.52606
16846	1.52613
16847	1.52619
16848	1.52625
16849	1.52631
16850	1.52637
16851	1.52643
16852	1.5265
16853	1.52656
16854	1.52662
16855	1.52668
16856	1.52674
16857	1.5268
16858	1.52686
16859	1.52691
16860	1.52697
16861	1.52703
16862	1.52709
16863	1.52715
16864	1.5272
16865	1.52726
16866	1.52732
16867	1.52737
16868	1.52743
16869	1.52748
16870	1.52754
16871	1.52759
16872	1.52764
16873	1.5277
16874	1.52775
16875	1.5278
16876	1.52785
16877	1.5279
16878	1.52795
16879	1.528
16880	1.52805
16881	1.5281
16882	1.52815
16883	1.5282
16884	1.52825
16885	1.52829
16886	1.52834
16887	1.52839
16888	1.52843
16889	1.52848
16890	1.52852
16891	1.52856
16892	1.52861
16893	1.52865
16894	1.52869
16895	1.52873
16896	1.52878
16897	1.52882
16898	1.52886
16899	1.5289
16900	1.52893
16901	1.52897
16902	1.52901
16903	1.52905
16904	1.52908
16905	1.52912
16906	1.52916
16907	1.52919
16908	1.52923
16909	1.52926
16910	1.52929
16911	1.52933
16912	1.52936
16913	1.52939
16914	1.52942
16915	1.52945
16916	1.52948
16917	1.52951
16918	1.52954
16919	1.52957
16920	1.5296
16921	1.52963
16922	1.52965
16923	1.52968
16924	1.52971
16925	1.52973
16926	1.52976
16927	1.52978
16928	1.52981
16929	1.52983
16930	1.52985
16931	1.52988
16932	1.5299
16933	1.52992
16934	1.52994
16935	1.52996
16936	1.52998
16937	1.53
16938	1.53002
16939	1.53004
16940	1.53006
16941	1.53008
16942	1.53009
16943	1.53011
16944	1.53013
16945	1.53014
16946	1.53016
16947	1.53017
16948	1.53019
16949	1.5302
16950	1.53022
16951	1.53023
16952	1.53024
16953	1.53026
16954	1.53027
16955	1.53028
16956	1.53029
16957	1.5303
16958	1.53032
16959	1.53033
16960	1.53034
16961	1.53035
16962	1.53035
16963	1.53036
16964	1.53037
16965	1.53038
16966	1.53039
16967	1.5304
16968	1.5304
16969	1.53041
16970	1.53042
16971	1.53042
16972	1.53043
16973	1.53043
16974	1.53044
16975	1.53044
16976	1.53045
16977	1.53045
16978	1.53046
16979	1.53046
16980	1.53046
16981	1.53047
16982	1.53047
16983	1.53047
16984	1.53047
16985	1.53047
16986	1.53048
16987	1.53048
16988	1.53048
16989	1.53048
16990	1.53048
16991	1.53048
16992	1.53048
16993	1.53048
16994	1.53048
16995	1.53048
16996	1.53048
16997	1.53048
16998	1.53047
16999	1.53047
17000	1.53047
17001	1.53047
17002	1.53047
17003	1.53046
17004	1.53046
17005	1.53046
17006	1.53045
17007	1.53045
17008	1.53045
17009	1.53044
17010	1.53044
17011	1.53043
17012	1.53043
17013	1.53042
17014	1.53042
17015	1.53041
17016	1.53041
17017	1.5304
17018	1.5304
17019	1.53039
17020	1.53039
17021	1.53038
17022	1.53037
17023	1.53037
17024	1.53036
17025	1.53035
17026	1.53035
17027	1.53034
17028	1.53033
17029	1.53033
17030	1.53032
17031	1.53031
17032	1.5303
17033	1.5303
17034	1.53029
17035	1.53028
17036	1.53027
17037	1.53026
17038	1.53025
17039	1.53025
17040	1.53024
17041	1.53023
17042	1.53022
17043	1.53021
17044	1.5302
17045	1.53019
17046	1.53018
17047	1.53017
17048	1.53016
17049	1.53015
17050	1.53014
17051	1.53013
17052	1.53012
17053	1.53011
17054	1.5301
17055	1.53009
17056	1.53008
17057	1.53007
17058	1.53006
17059	1.53005
17060	1.53004
17061	1.53003
17062	1.53002
17063	1.53001
17064	1.53
17065	1.52999
17066	1.52998
17067	1.52997
17068	1.52996
17069	1.52995
17070	1.52994
17071	1.52993
17072	1.52991
17073	1.5299
17074	1.52989
17075	1.52988
17076	1.52987
17077	1.52986
17078	1.52985
17079	1.52984
17080	1.52983
17081	1.52981
17082	1.5298
17083	1.52979
17084	1.52978
17085	1.52977
17086	1.52976
17087	1.52975
17088	1.52974
17089	1.52972
17090	1.52971
17091	1.5297
17092	1.52969
17093	1.52968
17094	1.52967
17095	1.52966
17096	1.52964
17097	1.52963
17098	1.52962
17099	1.52961
17100	1.5296
17101	1.52959
17102	1.52958
17103	1.52957
17104	1.52956
17105	1.52954
17106	1.52953
17107	1.52952
17108	1.52951
17109	1.5295
17110	1.52949
17111	1.52948
17112	1.52947
17113	1.52946
17114	1.52944
17115	1.52943
17116	1.52942
17117	1.52941
17118	1.5294
17119	1.52939
17120	1.52938
17121	1.52937
17122	1.52936
17123	1.52935
17124	1.52934
17125	1.52933
17126	1.52932
17127	1.52931
17128	1.5293
17129	1.52929
17130	1.52927
17131	1.52926
17132	1.52925
17133	1.52924
17134	1.52923
17135	1.52922
17136	1.52921
17137	1.5292
17138	1.52919
17139	1.52918
17140	1.52917
17141	1.52916
17142	1.52915
17143	1.52915
17144	1.52914
17145	1.52913
17146	1.52912
17147	1.52911
17148	1.5291
17149	1.52909
17150	1.52908
17151	1.52907
17152	1.52906
17153	1.52905
17154	1.52904
17155	1.52903
17156	1.52902
17157	1.52902
17158	1.52901
17159	1.529
17160	1.52899
17161	1.52898
17162	1.52897
17163	1.52896
17164	1.52896
17165	1.52895
17166	1.52894
17167	1.52893
17168	1.52892
17169	1.52891
17170	1.52891
17171	1.5289
17172	1.52889
17173	1.52888
17174	1.52887
17175	1.52887
17176	1.52886
17177	1.52885
17178	1.52884
17179	1.52884
17180	1.52883
17181	1.52882
17182	1.52881
17183	1.52881
17184	1.5288
17185	1.52879
17186	1.52878
17187	1.52878
17188	1.52877
17189	1.52876
17190	1.52876
17191	1.52875
17192	1.52874
17193	1.52874
17194	1.52873
17195	1.52872
17196	1.52871
17197	1.52871
17198	1.5287
17199	1.52869
17200	1.52869
17201	1.52868
17202	1.52868
17203	1.52867
17204	1.52866
17205	1.52866
17206	1.52865
17207	1.52864
17208	1.52864
17209	1.52863
17210	1.52863
17211	1.52862
17212	1.52861
17213	1.52861
17214	1.5286
17215	1.5286
17216	1.52859
17217	1.52858
17218	1.52858
17219	1.52857
17220	1.52857
17221	1.52856
17222	1.52855
17223	1.52855
17224	1.52854
17225	1.52854
17226	1.52853
17227	1.52853
17228	1.52852
17229	1.52852
17230	1.52851
17231	1.52851
17232	1.5285
17233	1.52849
17234	1.52849
17235	1.52848
17236	1.52848
17237	1.52847
17238	1.52847
17239	1.52846
17240	1.52846
17241	1.52845
17242	1.52845
17243	1.52844
17244	1.52844
17245	1.52843
17246	1.52843
17247	1.52842
17248	1.52842
17249	1.52841
17250	1.52841
17251	1.5284
17252	1.5284
17253	1.52839
17254	1.52839
17255	1.52838
17256	1.52838
17257	1.52837
17258	1.52837
17259	1.52836
17260	1.52836
17261	1.52835
17262	1.52835
17263	1.52834
17264	1.52834
17265	1.52833
17266	1.52833
17267	1.52832
17268	1.52832
17269	1.52831
17270	1.52831
17271	1.5283
17272	1.5283
17273	1.52829
17274	1.52829
17275	1.52828
17276	1.52828
17277	1.52827
17278	1.52827
17279	1.52826
17280	1.52826
17281	1.52825
17282	1.52825
17283	1.52824
17284	1.52824
17285	1.52823
17286	1.52823
17287	1.52822
17288	1.52822
17289	1.52821
17290	1.52821
17291	1.52821
17292	1.5282
17293	1.5282
17294	1.52819
17295	1.52819
17296	1.52818
17297	1.52818
17298	1.52817
17299	1.52817
17300	1.52816
17301	1.52816
17302	1.52815
17303	1.52815
17304	1.52814
17305	1.52814
17306	1.52813
17307	1.52813
17308	1.52812
17309	1.52812
17310	1.52811
17311	1.52811
17312	1.52811
17313	1.5281
17314	1.5281
17315	1.52809
17316	1.52809
17317	1.52808
17318	1.52808
17319	1.52807
17320	1.52807
17321	1.52806
17322	1.52806
17323	1.52805
17324	1.52805
17325	1.52804
17326	1.52804
17327	1.52803
17328	1.52803
17329	1.52803
17330	1.52802
17331	1.52802
17332	1.52801
17333	1.52801
17334	1.528
17335	1.528
17336	1.52799
17337	1.52799
17338	1.52798
17339	1.52798
17340	1.52797
17341	1.52797
17342	1.52796
17343	1.52796
17344	1.52796
17345	1.52795
17346	1.52795
17347	1.52794
17348	1.52794
17349	1.52793
17350	1.52793
17351	1.52792
17352	1.52792
17353	1.52791
17354	1.52791
17355	1.5279
17356	1.5279
17357	1.5279
17358	1.52789
17359	1.52789
17360	1.52788
17361	1.52788
17362	1.52787
17363	1.52787
17364	1.52786
17365	1.52786
17366	1.52785
17367	1.52785
17368	1.52784
17369	1.52784
17370	1.52784
17371	1.52783
17372	1.52783
17373	1.52782
17374	1.52782
17375	1.52781
17376	1.52781
17377	1.5278
17378	1.5278
17379	1.5278
17380	1.52779
17381	1.52779
17382	1.52778
17383	1.52778
17384	1.52777
17385	1.52777
17386	1.52776
17387	1.52776
17388	1.52775
17389	1.52775
17390	1.52775
17391	1.52774
17392	1.52774
17393	1.52773
17394	1.52773
17395	1.52772
17396	1.52772
17397	1.52771
17398	1.52771
17399	1.52771
17400	1.5277
17401	1.5277
17402	1.52769
17403	1.52769
17404	1.52768
17405	1.52768
17406	1.52767
17407	1.52767
17408	1.52766
17409	1.52766
17410	1.52766
17411	1.52765
17412	1.52765
17413	1.52764
17414	1.52764
17415	1.52763
17416	1.52763
17417	1.52763
17418	1.52762
17419	1.52762
17420	1.52761
17421	1.52761
17422	1.5276
17423	1.5276
17424	1.52759
17425	1.52759
17426	1.52759
17427	1.52758
17428	1.52758
17429	1.52757
17430	1.52757
17431	1.52756
17432	1.52756
17433	1.52756
17434	1.52755
17435	1.52755
17436	1.52754
17437	1.52754
17438	1.52753
17439	1.52753
17440	1.52752
17441	1.52752
17442	1.52752
17443	1.52751
17444	1.52751
17445	1.5275
17446	1.5275
17447	1.5275
17448	1.52749
17449	1.52749
17450	1.52748
17451	1.52748
17452	1.52747
17453	1.52747
17454	1.52747
17455	1.52746
17456	1.52746
17457	1.52745
17458	1.52745
17459	1.52745
17460	1.52744
17461	1.52744
17462	1.52743
17463	1.52743
17464	1.52743
17465	1.52742
17466	1.52742
17467	1.52741
17468	1.52741
17469	1.52741
17470	1.5274
17471	1.5274
17472	1.52739
17473	1.52739
17474	1.52739
17475	1.52738
17476	1.52738
17477	1.52738
17478	1.52737
17479	1.52737
17480	1.52736
17481	1.52736
17482	1.52736
17483	1.52735
17484	1.52735
17485	1.52735
17486	1.52734
17487	1.52734
17488	1.52734
17489	1.52733
17490	1.52733
17491	1.52733
17492	1.52732
17493	1.52732
17494	1.52732
17495	1.52731
17496	1.52731
17497	1.52731
17498	1.5273
17499	1.5273
17500	1.5273
17501	1.52729
17502	1.52729
17503	1.52729
17504	1.52728
17505	1.52728
17506	1.52728
17507	1.52727
17508	1.52727
17509	1.52727
17510	1.52727
17511	1.52726
17512	1.52726
17513	1.52726
17514	1.52725
17515	1.52725
17516	1.52725
17517	1.52725
17518	1.52724
17519	1.52724
17520	1.52724
17521	1.52724
17522	1.52723
17523	1.52723
17524	1.52723
17525	1.52723
17526	1.52722
17527	1.52722
17528	1.52722
17529	1.52722
17530	1.52722
17531	1.52721
17532	1.52721
17533	1.52721
17534	1.52721
17535	1.5272
17536	1.5272
17537	1.5272
17538	1.5272
17539	1.5272
17540	1.52719
17541	1.52719
17542	1.52719
17543	1.52719
17544	1.52719
17545	1.52719
17546	1.52718
17547	1.52718
17548	1.52718
17549	1.52718
17550	1.52718
17551	1.52718
17552	1.52718
17553	1.52717
17554	1.52717
17555	1.52717
17556	1.52717
17557	1.52717
17558	1.52717
17559	1.52717
17560	1.52717
17561	1.52716
17562	1.52716
17563	1.52716
17564	1.52716
17565	1.52716
17566	1.52716
17567	1.52716
17568	1.52716
17569	1.52716
17570	1.52716
17571	1.52716
17572	1.52715
17573	1.52715
17574	1.52715
17575	1.52715
17576	1.52715
17577	1.52715
17578	1.52715
17579	1.52715
17580	1.52715
17581	1.52715
17582	1.52715
17583	1.52715
17584	1.52715
17585	1.52715
17586	1.52715
17587	1.52715
17588	1.52715
17589	1.52715
17590	1.52715
17591	1.52715
17592	1.52715
17593	1.52715
17594	1.52715
17595	1.52715
17596	1.52715
17597	1.52715
17598	1.52715
17599	1.52715
17600	1.52716
17601	1.52716
17602	1.52716
17603	1.52716
17604	1.52716
17605	1.52716
17606	1.52716
17607	1.52716
17608	1.52716
17609	1.52716
17610	1.52717
17611	1.52717
17612	1.52717
17613	1.52717
17614	1.52717
17615	1.52717
17616	1.52718
17617	1.52718
17618	1.52718
17619	1.52718
17620	1.52718
17621	1.52719
17622	1.52719
17623	1.52719
17624	1.52719
17625	1.52719
17626	1.5272
17627	1.5272
17628	1.5272
17629	1.52721
17630	1.52721
17631	1.52721
17632	1.52721
17633	1.52722
17634	1.52722
17635	1.52722
17636	1.52723
17637	1.52723
17638	1.52723
17639	1.52724
17640	1.52724
17641	1.52725
17642	1.52725
17643	1.52725
17644	1.52726
17645	1.52726
17646	1.52727
17647	1.52727
17648	1.52728
17649	1.52728
17650	1.52729
17651	1.52729
17652	1.5273
17653	1.5273
17654	1.52731
17655	1.52732
17656	1.52732
17657	1.52733
17658	1.52733
17659	1.52734
17660	1.52735
17661	1.52735
17662	1.52736
17663	1.52737
17664	1.52738
17665	1.52738
17666	1.52739
17667	1.5274
17668	1.52741
17669	1.52742
17670	1.52742
17671	1.52743
17672	1.52744
17673	1.52745
17674	1.52746
17675	1.52747
17676	1.52748
17677	1.52749
17678	1.5275
17679	1.52751
17680	1.52752
17681	1.52753
17682	1.52754
17683	1.52755
17684	1.52756
17685	1.52757
17686	1.52758
17687	1.52759
17688	1.52761
17689	1.52762
17690	1.52763
17691	1.52764
17692	1.52766
17693	1.52767
17694	1.52768
17695	1.5277
17696	1.52771
17697	1.52772
17698	1.52774
17699	1.52775
17700	1.52777
17701	1.52778
17702	1.5278
17703	1.52781
17704	1.52783
17705	1.52785
17706	1.52786
17707	1.52788
17708	1.5279
17709	1.52791
17710	1.52793
17711	1.52795
17712	1.52796
17713	1.52798
17714	1.528
17715	1.52802
17716	1.52804
17717	1.52806
17718	1.52808
17719	1.5281
17720	1.52812
17721	1.52814
17722	1.52816
17723	1.52818
17724	1.5282
17725	1.52822
17726	1.52824
17727	1.52826
17728	1.52828
17729	1.52831
17730	1.52833
17731	1.52835
17732	1.52837
17733	1.5284
17734	1.52842
17735	1.52844
17736	1.52847
17737	1.52849
17738	1.52851
17739	1.52854
17740	1.52856
17741	1.52859
17742	1.52861
17743	1.52864
17744	1.52866
17745	1.52869
17746	1.52871
17747	1.52874
17748	1.52877
17749	1.52879
17750	1.52882
17751	1.52885
17752	1.52887
17753	1.5289
17754	1.52893
17755	1.52895
17756	1.52898
17757	1.52901
17758	1.52904
17759	1.52907
17760	1.52909
17761	1.52912
17762	1.52915
17763	1.52918
17764	1.52921
17765	1.52924
17766	1.52927
17767	1.52929
17768	1.52932
17769	1.52935
17770	1.52938
17771	1.52941
17772	1.52944
17773	1.52947
17774	1.5295
17775	1.52953
17776	1.52956
17777	1.52959
17778	1.52962
17779	1.52965
17780	1.52968
17781	1.52971
17782	1.52974
17783	1.52977
17784	1.5298
17785	1.52983
17786	1.52986
17787	1.52989
17788	1.52991
17789	1.52994
17790	1.52997
17791	1.53
17792	1.53003
17793	1.53006
17794	1.53009
17795	1.53012
17796	1.53015
17797	1.53018
17798	1.53021
17799	1.53023
17800	1.53026
17801	1.53029
17802	1.53032
17803	1.53035
17804	1.53037
17805	1.5304
17806	1.53043
17807	1.53046
17808	1.53048
17809	1.53051
17810	1.53054
17811	1.53056
17812	1.53059
17813	1.53061
17814	1.53064
17815	1.53066
17816	1.53069
17817	1.53071
17818	1.53074
17819	1.53076
17820	1.53079
17821	1.53081
17822	1.53083
17823	1.53085
17824	1.53088
17825	1.5309
17826	1.53092
17827	1.53094
17828	1.53096
17829	1.53098
17830	1.531
17831	1.53102
17832	1.53104
17833	1.53106
17834	1.53108
17835	1.5311
17836	1.53112
17837	1.53113
17838	1.53115
17839	1.53117
17840	1.53118
17841	1.5312
17842	1.53122
17843	1.53123
17844	1.53124
17845	1.53126
17846	1.53127
17847	1.53128
17848	1.5313
17849	1.53131
17850	1.53132
17851	1.53133
17852	1.53134
17853	1.53135
17854	1.53136
17855	1.53137
17856	1.53138
17857	1.53139
17858	1.53139
17859	1.5314
17860	1.53141
17861	1.53141
17862	1.53142
17863	1.53142
17864	1.53143
17865	1.53143
17866	1.53144
17867	1.53144
17868	1.53144
17869	1.53144
17870	1.53144
17871	1.53144
17872	1.53144
17873	1.53144
17874	1.53144
17875	1.53144
17876	1.53144
17877	1.53144
17878	1.53143
17879	1.53143
17880	1.53142
17881	1.53142
17882	1.53141
17883	1.53141
17884	1.5314
17885	1.53139
17886	1.53139
17887	1.53138
17888	1.53137
17889	1.53136
17890	1.53135
17891	1.53134
17892	1.53133
17893	1.53132
17894	1.53131
17895	1.5313
17896	1.53128
17897	1.53127
17898	1.53126
17899	1.53124
17900	1.53123
17901	1.53121
17902	1.5312
17903	1.53118
17904	1.53116
17905	1.53115
17906	1.53113
17907	1.53111
17908	1.53109
17909	1.53107
17910	1.53105
17911	1.53103
17912	1.53101
17913	1.53099
17914	1.53097
17915	1.53095
17916	1.53093
17917	1.53091
17918	1.53088
17919	1.53086
17920	1.53084
17921	1.53081
17922	1.53079
17923	1.53076
17924	1.53074
17925	1.53071
17926	1.53069
17927	1.53066
17928	1.53064
17929	1.53061
17930	1.53058
17931	1.53056
17932	1.53053
17933	1.5305
17934	1.53047
17935	1.53044
17936	1.53042
17937	1.53039
17938	1.53036
17939	1.53033
17940	1.5303
17941	1.53027
17942	1.53024
17943	1.53021
17944	1.53018
17945	1.53015
17946	1.53011
17947	1.53008
17948	1.53005
17949	1.53002
17950	1.52999
17951	1.52996
17952	1.52992
17953	1.52989
17954	1.52986
17955	1.52983
17956	1.5298
17957	1.52976
17958	1.52973
17959	1.5297
17960	1.52966
17961	1.52963
17962	1.5296
17963	1.52956
17964	1.52953
17965	1.5295
17966	1.52946
17967	1.52943
17968	1.5294
17969	1.52936
17970	1.52933
17971	1.5293
17972	1.52926
17973	1.52923
17974	1.5292
17975	1.52916
17976	1.52913
17977	1.5291
17978	1.52906
17979	1.52903
17980	1.529
17981	1.52896
17982	1.52893
17983	1.5289
17984	1.52886
17985	1.52883
17986	1.5288
17987	1.52877
17988	1.52873
17989	1.5287
17990	1.52867
17991	1.52864
17992	1.5286
17993	1.52857
17994	1.52854
17995	1.52851
17996	1.52848
17997	1.52844
17998	1.52841
17999	1.52838
18000	1.52835
18001	1.52832
18002	1.52829
18003	1.52826
18004	1.52823
18005	1.5282
18006	1.52817
18007	1.52814
18008	1.52811
18009	1.52808
18010	1.52805
18011	1.52802
18012	1.52799
18013	1.52796
18014	1.52793
18015	1.52791
18016	1.52788
18017	1.52785
18018	1.52782
18019	1.5278
18020	1.52777
18021	1.52774
18022	1.52772
18023	1.52769
18024	1.52766
18025	1.52764
18026	1.52761
18027	1.52759
18028	1.52756
18029	1.52754
18030	1.52751
18031	1.52749
18032	1.52746
18033	1.52744
18034	1.52742
18035	1.52739
18036	1.52737
18037	1.52735
18038	1.52733
18039	1.5273
18040	1.52728
18041	1.52726
18042	1.52724
18043	1.52722
18044	1.5272
18045	1.52718
18046	1.52716
18047	1.52714
18048	1.52712
18049	1.5271
18050	1.52708
18051	1.52706
18052	1.52704
18053	1.52702
18054	1.527
18055	1.52699
18056	1.52697
18057	1.52695
18058	1.52693
18059	1.52692
18060	1.5269
18061	1.52689
18062	1.52687
18063	1.52685
18064	1.52684
18065	1.52682
18066	1.52681
18067	1.52679
18068	1.52678
18069	1.52677
18070	1.52675
18071	1.52674
18072	1.52673
18073	1.52671
18074	1.5267
18075	1.52669
18076	1.52668
18077	1.52666
18078	1.52665
18079	1.52664
18080	1.52663
18081	1.52662
18082	1.52661
18083	1.5266
18084	1.52659
18085	1.52658
18086	1.52657
18087	1.52656
18088	1.52655
18089	1.52654
18090	1.52653
18091	1.52652
18092	1.52651
18093	1.52651
18094	1.5265
18095	1.52649
18096	1.52648
18097	1.52648
18098	1.52647
18099	1.52646
18100	1.52646
18101	1.52645
18102	1.52644
18103	1.52644
18104	1.52643
18105	1.52643
18106	1.52642
18107	1.52642
18108	1.52641
18109	1.52641
18110	1.5264
18111	1.5264
18112	1.52639
18113	1.52639
18114	1.52639
18115	1.52638
18116	1.52638
18117	1.52638
18118	1.52637
18119	1.52637
18120	1.52637
18121	1.52637
18122	1.52636
18123	1.52636
18124	1.52636
18125	1.52636
18126	1.52636
18127	1.52635
18128	1.52635
18129	1.52635
18130	1.52635
18131	1.52635
18132	1.52635
18133	1.52635
18134	1.52635
18135	1.52635
18136	1.52635
18137	1.52635
18138	1.52635
18139	1.52635
18140	1.52635
18141	1.52635
18142	1.52635
18143	1.52635
18144	1.52635
18145	1.52635
18146	1.52635
18147	1.52636
18148	1.52636
18149	1.52636
18150	1.52636
18151	1.52636
18152	1.52636
18153	1.52637
18154	1.52637
18155	1.52637
18156	1.52637
18157	1.52637
18158	1.52638
18159	1.52638
18160	1.52638
18161	1.52638
18162	1.52639
18163	1.52639
18164	1.52639
18165	1.5264
18166	1.5264
18167	1.5264
18168	1.52641
18169	1.52641
18170	1.52641
18171	1.52642
18172	1.52642
18173	1.52643
18174	1.52643
18175	1.52643
18176	1.52644
18177	1.52644
18178	1.52645
18179	1.52645
18180	1.52645
18181	1.52646
18182	1.52646
18183	1.52647
18184	1.52647
18185	1.52648
18186	1.52648
18187	1.52649
18188	1.52649
18189	1.5265
18190	1.5265
18191	1.5265
18192	1.52651
18193	1.52651
18194	1.52652
18195	1.52652
18196	1.52653
18197	1.52654
18198	1.52654
18199	1.52655
18200	1.52655
18201	1.52656
18202	1.52656
18203	1.52657
18204	1.52657
18205	1.52658
18206	1.52658
18207	1.52659
18208	1.52659
18209	1.5266
18210	1.52661
18211	1.52661
18212	1.52662
18213	1.52662
18214	1.52663
18215	1.52663
18216	1.52664
18217	1.52665
18218	1.52665
18219	1.52666
18220	1.52666
18221	1.52667
18222	1.52667
18223	1.52668
18224	1.52669
18225	1.52669
18226	1.5267
18227	1.5267
18228	1.52671
18229	1.52672
18230	1.52672
18231	1.52673
18232	1.52673
18233	1.52674
18234	1.52674
18235	1.52675
18236	1.52676
18237	1.52676
18238	1.52677
18239	1.52677
18240	1.52678
18241	1.52679
18242	1.52679
18243	1.5268
18244	1.5268
18245	1.52681
18246	1.52682
18247	1.52682
18248	1.52683
18249	1.52683
18250	1.52684
18251	1.52685
18252	1.52685
18253	1.52686
18254	1.52686
18255	1.52687
18256	1.52688
18257	1.52688
18258	1.52689
18259	1.52689
18260	1.5269
18261	1.5269
18262	1.52691
18263	1.52692
18264	1.52692
18265	1.52693
18266	1.52693
18267	1.52694
18268	1.52694
18269	1.52695
18270	1.52696
18271	1.52696
18272	1.52697
18273	1.52697
18274	1.52698
18275	1.52698
18276	1.52699
18277	1.527
18278	1.527
18279	1.52701
18280	1.52701
18281	1.52702
18282	1.52702
18283	1.52703
18284	1.52704
18285	1.52704
18286	1.52705
18287	1.52705
18288	1.52706
18289	1.52706
18290	1.52707
18291	1.52707
18292	1.52708
18293	1.52708
18294	1.52709
18295	1.5271
18296	1.5271
18297	1.52711
18298	1.52711
18299	1.52712
18300	1.52712
18301	1.52713
18302	1.52713
18303	1.52714
18304	1.52714
18305	1.52715
18306	1.52715
18307	1.52716
18308	1.52716
18309	1.52717
18310	1.52717
18311	1.52718
18312	1.52718
18313	1.52719
18314	1.52719
18315	1.5272
18316	1.5272
18317	1.52721
18318	1.52721
18319	1.52722
18320	1.52722
18321	1.52723
18322	1.52723
18323	1.52724
18324	1.52724
18325	1.52725
18326	1.52725
18327	1.52726
18328	1.52726
18329	1.52727
18330	1.52727
18331	1.52728
18332	1.52728
18333	1.52729
18334	1.52729
18335	1.5273
18336	1.5273
18337	1.52731
18338	1.52731
18339	1.52731
18340	1.52732
18341	1.52732
18342	1.52733
18343	1.52733
18344	1.52734
18345	1.52734
18346	1.52735
18347	1.52735
18348	1.52736
18349	1.52736
18350	1.52737
18351	1.52737
18352	1.52737
18353	1.52738
18354	1.52738
18355	1.52739
18356	1.52739
18357	1.5274
18358	1.5274
18359	1.52741
18360	1.52741
18361	1.52741
18362	1.52742
18363	1.52742
18364	1.52743
18365	1.52743
18366	1.52744
18367	1.52744
18368	1.52744
18369	1.52745
18370	1.52745
18371	1.52746
18372	1.52746
18373	1.52747
18374	1.52747
18375	1.52747
18376	1.52748
18377	1.52748
18378	1.52749
18379	1.52749
18380	1.52749
18381	1.5275
18382	1.5275
18383	1.52751
18384	1.52751
18385	1.52752
18386	1.52752
18387	1.52752
18388	1.52753
18389	1.52753
18390	1.52754
18391	1.52754
18392	1.52754
18393	1.52755
18394	1.52755
18395	1.52756
18396	1.52756
18397	1.52756
18398	1.52757
18399	1.52757
18400	1.52758
18401	1.52758
18402	1.52758
18403	1.52759
18404	1.52759
18405	1.52759
18406	1.5276
18407	1.5276
18408	1.52761
18409	1.52761
18410	1.52761
18411	1.52762
18412	1.52762
18413	1.52762
18414	1.52763
18415	1.52763
18416	1.52764
18417	1.52764
18418	1.52764
18419	1.52765
18420	1.52765
18421	1.52765
18422	1.52766
18423	1.52766
18424	1.52767
18425	1.52767
18426	1.52767
18427	1.52768
18428	1.52768
18429	1.52768
18430	1.52769
18431	1.52769
18432	1.52769
18433	1.5277
18434	1.5277
18435	1.5277
18436	1.52771
18437	1.52771
18438	1.52771
18439	1.52772
18440	1.52772
18441	1.52772
18442	1.52773
18443	1.52773
18444	1.52773
18445	1.52774
18446	1.52774
18447	1.52774
18448	1.52775
18449	1.52775
18450	1.52775
18451	1.52776
18452	1.52776
18453	1.52776
18454	1.52777
18455	1.52777
18456	1.52777
18457	1.52778
18458	1.52778
18459	1.52778
18460	1.52779
18461	1.52779
18462	1.52779
18463	1.5278
18464	1.5278
18465	1.5278
18466	1.52781
18467	1.52781
18468	1.52781
18469	1.52781
18470	1.52782
18471	1.52782
18472	1.52782
18473	1.52783
18474	1.52783
18475	1.52783
18476	1.52784
18477	1.52784
18478	1.52784
18479	1.52784
18480	1.52785
18481	1.52785
18482	1.52785
18483	1.52786
18484	1.52786
18485	1.52786
18486	1.52786
18487	1.52787
18488	1.52787
18489	1.52787
18490	1.52787
18491	1.52788
18492	1.52788
18493	1.52788
18494	1.52789
18495	1.52789
18496	1.52789
18497	1.52789
18498	1.5279
18499	1.5279
18500	1.5279
18501	1.5279
18502	1.52791
18503	1.52791
18504	1.52791
18505	1.52791
18506	1.52792
18507	1.52792
18508	1.52792
18509	1.52792
18510	1.52793
18511	1.52793
18512	1.52793
18513	1.52793
18514	1.52794
18515	1.52794
18516	1.52794
18517	1.52794
18518	1.52795
18519	1.52795
18520	1.52795
18521	1.52795
18522	1.52796
18523	1.52796
18524	1.52796
18525	1.52796
18526	1.52796
18527	1.52797
18528	1.52797
18529	1.52797
18530	1.52797
18531	1.52798
18532	1.52798
18533	1.52798
18534	1.52798
18535	1.52798
18536	1.52799
18537	1.52799
18538	1.52799
18539	1.52799
18540	1.52799
18541	1.528
18542	1.528
18543	1.528
18544	1.528
18545	1.528
18546	1.52801
18547	1.52801
18548	1.52801
18549	1.52801
18550	1.52801
18551	1.52802
18552	1.52802
18553	1.52802
18554	1.52802
18555	1.52802
18556	1.52802
18557	1.52803
18558	1.52803
18559	1.52803
18560	1.52803
18561	1.52803
18562	1.52803
18563	1.52804
18564	1.52804
18565	1.52804
18566	1.52804
18567	1.52804
18568	1.52804
18569	1.52805
18570	1.52805
18571	1.52805
18572	1.52805
18573	1.52805
18574	1.52805
18575	1.52805
18576	1.52806
18577	1.52806
18578	1.52806
18579	1.52806
18580	1.52806
18581	1.52806
18582	1.52806
18583	1.52807
18584	1.52807
18585	1.52807
18586	1.52807
18587	1.52807
18588	1.52807
18589	1.52807
18590	1.52807
18591	1.52807
18592	1.52808
18593	1.52808
18594	1.52808
18595	1.52808
18596	1.52808
18597	1.52808
18598	1.52808
18599	1.52808
18600	1.52808
18601	1.52808
18602	1.52809
18603	1.52809
18604	1.52809
18605	1.52809
18606	1.52809
18607	1.52809
18608	1.52809
18609	1.52809
18610	1.52809
18611	1.52809
18612	1.52809
18613	1.52809
18614	1.52809
18615	1.52809
18616	1.52809
18617	1.5281
18618	1.5281
18619	1.5281
18620	1.5281
18621	1.5281
18622	1.5281
18623	1.5281
18624	1.5281
18625	1.5281
18626	1.5281
18627	1.5281
18628	1.5281
18629	1.5281
18630	1.5281
18631	1.5281
18632	1.5281
18633	1.5281
18634	1.5281
18635	1.5281
18636	1.5281
18637	1.5281
18638	1.5281
18639	1.5281
18640	1.5281
18641	1.5281
18642	1.5281
18643	1.5281
18644	1.5281
18645	1.5281
18646	1.5281
18647	1.5281
18648	1.5281
18649	1.5281
18650	1.5281
18651	1.5281
18652	1.5281
18653	1.5281
18654	1.5281
18655	1.5281
18656	1.5281
18657	1.5281
18658	1.5281
18659	1.5281
18660	1.5281
18661	1.5281
18662	1.5281
18663	1.5281
18664	1.5281
18665	1.5281
18666	1.52809
18667	1.52809
18668	1.52809
18669	1.52809
18670	1.52809
18671	1.52809
18672	1.52809
18673	1.52809
18674	1.52809
18675	1.52809
18676	1.52809
18677	1.52809
18678	1.52809
18679	1.52809
18680	1.52809
18681	1.52809
18682	1.52808
18683	1.52808
18684	1.52808
18685	1.52808
18686	1.52808
18687	1.52808
18688	1.52808
18689	1.52808
18690	1.52808
18691	1.52808
18692	1.52808
18693	1.52807
18694	1.52807
18695	1.52807
18696	1.52807
18697	1.52807
18698	1.52807
18699	1.52807
18700	1.52807
18701	1.52807
18702	1.52806
18703	1.52806
18704	1.52806
18705	1.52806
18706	1.52806
18707	1.52806
18708	1.52806
18709	1.52806
18710	1.52805
18711	1.52805
18712	1.52805
18713	1.52805
18714	1.52805
18715	1.52805
18716	1.52804
18717	1.52804
18718	1.52804
18719	1.52804
18720	1.52804
18721	1.52804
18722	1.52803
18723	1.52803
18724	1.52803
18725	1.52803
18726	1.52803
18727	1.52802
18728	1.52802
18729	1.52802
18730	1.52802
18731	1.52802
18732	1.52801
18733	1.52801
18734	1.52801
18735	1.52801
18736	1.528
18737	1.528
18738	1.528
18739	1.528
18740	1.52799
18741	1.52799
18742	1.52799
18743	1.52799
18744	1.52798
18745	1.52798
18746	1.52798
18747	1.52797
18748	1.52797
18749	1.52797
18750	1.52796
18751	1.52796
18752	1.52796
18753	1.52795
18754	1.52795
18755	1.52795
18756	1.52794
18757	1.52794
18758	1.52794
18759	1.52793
18760	1.52793
18761	1.52792
18762	1.52792
18763	1.52791
18764	1.52791
18765	1.5279
18766	1.5279
18767	1.52789
18768	1.52789
18769	1.52788
18770	1.52788
18771	1.52787
18772	1.52787
18773	1.52786
18774	1.52786
18775	1.52785
18776	1.52784
18777	1.52784
18778	1.52783
18779	1.52783
18780	1.52782
18781	1.52781
18782	1.52781
18783	1.5278
18784	1.52779
18785	1.52778
18786	1.52778
18787	1.52777
18788	1.52776
18789	1.52775
18790	1.52774
18791	1.52774
18792	1.52773
18793	1.52772
18794	1.52771
18795	1.5277
18796	1.52769
18797	1.52768
18798	1.52767
18799	1.52766
18800	1.52765
18801	1.52764
18802	1.52763
18803	1.52762
18804	1.52761
18805	1.5276
18806	1.52759
18807	1.52758
18808	1.52756
18809	1.52755
18810	1.52754
18811	1.52753
18812	1.52751
18813	1.5275
18814	1.52749
18815	1.52747
18816	1.52746
18817	1.52745
18818	1.52743
18819	1.52742
18820	1.5274
18821	1.52739
18822	1.52737
18823	1.52736
18824	1.52734
18825	1.52733
18826	1.52731
18827	1.5273
18828	1.52728
18829	1.52726
18830	1.52724
18831	1.52723
18832	1.52721
18833	1.52719
18834	1.52717
18835	1.52716
18836	1.52714
18837	1.52712
18838	1.5271
18839	1.52708
18840	1.52706
18841	1.52704
18842	1.52702
18843	1.527
18844	1.52698
18845	1.52696
18846	1.52694
18847	1.52692
18848	1.52689
18849	1.52687
18850	1.52685
18851	1.52683
18852	1.5268
18853	1.52678
18854	1.52676
18855	1.52673
18856	1.52671
18857	1.52669
18858	1.52666
18859	1.52664
18860	1.52661
18861	1.52659
18862	1.52656
18863	1.52654
18864	1.52651
18865	1.52649
18866	1.52646
18867	1.52644
18868	1.52641
18869	1.52638
18870	1.52636
18871	1.52633
18872	1.5263
18873	1.52627
18874	1.52625
18875	1.52622
18876	1.52619
18877	1.52616
18878	1.52614
18879	1.52611
18880	1.52608
18881	1.52605
18882	1.52602
18883	1.52599
18884	1.52596
18885	1.52593
18886	1.5259
18887	1.52588
18888	1.52585
18889	1.52582
18890	1.52579
18891	1.52576
18892	1.52573
18893	1.5257
18894	1.52567
18895	1.52564
18896	1.52561
18897	1.52558
18898	1.52555
18899	1.52552
18900	1.52549
18901	1.52546
18902	1.52543
18903	1.5254
18904	1.52537
18905	1.52534
18906	1.52531
18907	1.52528
18908	1.52525
18909	1.52522
18910	1.52519
18911	1.52516
18912	1.52513
18913	1.5251
18914	1.52507
18915	1.52504
18916	1.52501
18917	1.52498
18918	1.52495
18919	1.52493
18920	1.5249
18921	1.52487
18922	1.52484
18923	1.52481
18924	1.52478
18925	1.52476
18926	1.52473
18927	1.5247
18928	1.52467
18929	1.52465
18930	1.52462
18931	1.5246
18932	1.52457
18933	1.52454
18934	1.52452
18935	1.52449
18936	1.52447
18937	1.52444
18938	1.52442
18939	1.5244
18940	1.52437
18941	1.52435
18942	1.52433
18943	1.5243
18944	1.52428
18945	1.52426
18946	1.52424
18947	1.52422
18948	1.5242
18949	1.52418
18950	1.52416
18951	1.52414
18952	1.52412
18953	1.5241
18954	1.52408
18955	1.52407
18956	1.52405
18957	1.52403
18958	1.52402
18959	1.524
18960	1.52398
18961	1.52397
18962	1.52396
18963	1.52394
18964	1.52393
18965	1.52392
18966	1.5239
18967	1.52389
18968	1.52388
18969	1.52387
18970	1.52386
18971	1.52385
18972	1.52384
18973	1.52384
18974	1.52383
18975	1.52382
18976	1.52381
18977	1.52381
18978	1.5238
18979	1.5238
18980	1.52379
18981	1.52379
18982	1.52379
18983	1.52378
18984	1.52378
18985	1.52378
18986	1.52378
18987	1.52378
18988	1.52378
18989	1.52378
18990	1.52378
18991	1.52379
18992	1.52379
18993	1.52379
18994	1.5238
18995	1.5238
18996	1.52381
18997	1.52381
18998	1.52382
18999	1.52383
19000	1.52383
19001	1.52384
19002	1.52385
19003	1.52386
19004	1.52387
19005	1.52388
19006	1.52389
19007	1.5239
19008	1.52392
19009	1.52393
19010	1.52394
19011	1.52396
19012	1.52397
19013	1.52399
19014	1.524
19015	1.52402
19016	1.52404
19017	1.52405
19018	1.52407
19019	1.52409
19020	1.52411
19021	1.52413
19022	1.52415
19023	1.52417
19024	1.52419
19025	1.52421
19026	1.52424
19027	1.52426
19028	1.52428
19029	1.52431
19030	1.52433
19031	1.52435
19032	1.52438
19033	1.5244
19034	1.52443
19035	1.52446
19036	1.52448
19037	1.52451
19038	1.52454
19039	1.52457
19040	1.5246
19041	1.52462
19042	1.52465
19043	1.52468
19044	1.52471
19045	1.52474
19046	1.52478
19047	1.52481
19048	1.52484
19049	1.52487
19050	1.5249
19051	1.52493
19052	1.52497
19053	1.525
19054	1.52503
19055	1.52507
19056	1.5251
19057	1.52513
19058	1.52517
19059	1.5252
19060	1.52524
19061	1.52527
19062	1.52531
19063	1.52534
19064	1.52538
19065	1.52542
19066	1.52545
19067	1.52549
19068	1.52552
19069	1.52556
19070	1.5256
19071	1.52563
19072	1.52567
19073	1.52571
19074	1.52574
19075	1.52578
19076	1.52582
19077	1.52586
19078	1.52589
19079	1.52593
19080	1.52597
19081	1.52601
19082	1.52604
19083	1.52608
19084	1.52612
19085	1.52616
19086	1.52619
19087	1.52623
19088	1.52627
19089	1.52631
19090	1.52634
19091	1.52638
19092	1.52642
19093	1.52646
19094	1.52649
19095	1.52653
19096	1.52657
19097	1.52661
19098	1.52664
19099	1.52668
19100	1.52672
19101	1.52675
19102	1.52679
19103	1.52683
19104	1.52686
19105	1.5269
19106	1.52693
19107	1.52697
19108	1.52701
19109	1.52704
19110	1.52708
19111	1.52711
19112	1.52715
19113	1.52718
19114	1.52722
19115	1.52725
19116	1.52728
19117	1.52732
19118	1.52735
19119	1.52739
19120	1.52742
19121	1.52745
19122	1.52748
19123	1.52752
19124	1.52755
19125	1.52758
19126	1.52761
19127	1.52765
19128	1.52768
19129	1.52771
19130	1.52774
19131	1.52777
19132	1.5278
19133	1.52783
19134	1.52786
19135	1.52789
19136	1.52792
19137	1.52795
19138	1.52798
19139	1.528
19140	1.52803
19141	1.52806
19142	1.52809
19143	1.52811
19144	1.52814
19145	1.52817
19146	1.52819
19147	1.52822
19148	1.52825
19149	1.52827
19150	1.5283
19151	1.52832
19152	1.52835
19153	1.52837
19154	1.52839
19155	1.52842
19156	1.52844
19157	1.52846
19158	1.52849
19159	1.52851
19160	1.52853
19161	1.52855
19162	1.52857
19163	1.52859
19164	1.52861
19165	1.52863
19166	1.52865
19167	1.52867
19168	1.52869
19169	1.52871
19170	1.52873
19171	1.52875
19172	1.52877
19173	1.52879
19174	1.5288
19175	1.52882
19176	1.52884
19177	1.52886
19178	1.52887
19179	1.52889
19180	1.5289
19181	1.52892
19182	1.52893
19183	1.52895
19184	1.52896
19185	1.52898
19186	1.52899
19187	1.52901
19188	1.52902
19189	1.52903
19190	1.52905
19191	1.52906
19192	1.52907
19193	1.52908
19194	1.52909
19195	1.52911
19196	1.52912
19197	1.52913
19198	1.52914
19199	1.52915
19200	1.52916
19201	1.52917
19202	1.52918
19203	1.52919
19204	1.5292
19205	1.52921
19206	1.52921
19207	1.52922
19208	1.52923
19209	1.52924
19210	1.52925
19211	1.52925
19212	1.52926
19213	1.52927
19214	1.52927
19215	1.52928
19216	1.52929
19217	1.52929
19218	1.5293
19219	1.5293
19220	1.52931
19221	1.52931
19222	1.52932
19223	1.52932
19224	1.52933
19225	1.52933
19226	1.52934
19227	1.52934
19228	1.52934
19229	1.52935
19230	1.52935
19231	1.52935
19232	1.52936
19233	1.52936
19234	1.52936
19235	1.52936
19236	1.52937
19237	1.52937
19238	1.52937
19239	1.52937
19240	1.52937
19241	1.52937
19242	1.52938
19243	1.52938
19244	1.52938
19245	1.52938
19246	1.52938
19247	1.52938
19248	1.52938
19249	1.52938
19250	1.52938
19251	1.52938
19252	1.52938
19253	1.52938
19254	1.52938
19255	1.52937
19256	1.52937
19257	1.52937
19258	1.52937
19259	1.52937
19260	1.52937
19261	1.52937
19262	1.52936
19263	1.52936
19264	1.52936
19265	1.52936
19266	1.52936
19267	1.52935
19268	1.52935
19269	1.52935
19270	1.52934
19271	1.52934
19272	1.52934
19273	1.52934
19274	1.52933
19275	1.52933
19276	1.52933
19277	1.52932
19278	1.52932
19279	1.52931
19280	1.52931
19281	1.52931
19282	1.5293
19283	1.5293
19284	1.52929
19285	1.52929
19286	1.52929
19287	1.52928
19288	1.52928
19289	1.52927
19290	1.52927
19291	1.52926
19292	1.52926
19293	1.52925
19294	1.52925
19295	1.52924
19296	1.52924
19297	1.52923
19298	1.52923
19299	1.52922
19300	1.52922
19301	1.52921
19302	1.52921
19303	1.5292
19304	1.5292
19305	1.52919
19306	1.52918
19307	1.52918
19308	1.52917
19309	1.52917
19310	1.52916
19311	1.52916
19312	1.52915
19313	1.52914
19314	1.52914
19315	1.52913
19316	1.52913
19317	1.52912
19318	1.52911
19319	1.52911
19320	1.5291
19321	1.5291
19322	1.52909
19323	1.52908
19324	1.52908
19325	1.52907
19326	1.52906
19327	1.52906
19328	1.52905
19329	1.52905
19330	1.52904
19331	1.52903
19332	1.52903
19333	1.52902
19334	1.52901
19335	1.52901
19336	1.529
19337	1.52899
19338	1.52899
19339	1.52898
19340	1.52897
19341	1.52897
19342	1.52896
19343	1.52895
19344	1.52895
19345	1.52894
19346	1.52894
19347	1.52893
19348	1.52892
19349	1.52892
19350	1.52891
19351	1.5289
19352	1.5289
19353	1.52889
19354	1.52888
19355	1.52888
19356	1.52887
19357	1.52886
19358	1.52886
19359	1.52885
19360	1.52884
19361	1.52884
19362	1.52883
19363	1.52882
19364	1.52882
19365	1.52881
19366	1.5288
19367	1.5288
19368	1.52879
19369	1.52878
19370	1.52878
19371	1.52877
19372	1.52876
19373	1.52876
19374	1.52875
19375	1.52875
19376	1.52874
19377	1.52873
19378	1.52873
19379	1.52872
19380	1.52871
19381	1.52871
19382	1.5287
19383	1.52869
19384	1.52869
19385	1.52868
19386	1.52868
19387	1.52867
19388	1.52866
19389	1.52866
19390	1.52865
19391	1.52864
19392	1.52864
19393	1.52863
19394	1.52863
19395	1.52862
19396	1.52861
19397	1.52861
19398	1.5286
19399	1.5286
19400	1.52859
19401	1.52858
19402	1.52858
19403	1.52857
19404	1.52856
19405	1.52856
19406	1.52855
19407	1.52855
19408	1.52854
19409	1.52854
19410	1.52853
19411	1.52852
19412	1.52852
19413	1.52851
19414	1.52851
19415	1.5285
19416	1.52849
19417	1.52849
19418	1.52848
19419	1.52848
19420	1.52847
19421	1.52847
19422	1.52846
19423	1.52845
19424	1.52845
19425	1.52844
19426	1.52844
19427	1.52843
19428	1.52843
19429	1.52842
19430	1.52841
19431	1.52841
19432	1.5284
19433	1.5284
19434	1.52839
19435	1.52839
19436	1.52838
19437	1.52838
19438	1.52837
19439	1.52837
19440	1.52836
19441	1.52836
19442	1.52835
19443	1.52834
19444	1.52834
19445	1.52833
19446	1.52833
19447	1.52832
19448	1.52832
19449	1.52831
19450	1.52831
19451	1.5283
19452	1.5283
19453	1.52829
19454	1.52829
19455	1.52828
19456	1.52828
19457	1.52827
19458	1.52827
19459	1.52826
19460	1.52826
19461	1.52825
19462	1.52825
19463	1.52824
19464	1.52824
19465	1.52823
19466	1.52823
19467	1.52822
19468	1.52822
19469	1.52821
19470	1.52821
19471	1.5282
19472	1.5282
19473	1.52819
19474	1.52819
19475	1.52818
19476	1.52818
19477	1.52817
19478	1.52817
19479	1.52816
19480	1.52816
19481	1.52815
19482	1.52815
19483	1.52815
19484	1.52814
19485	1.52814
19486	1.52813
19487	1.52813
19488	1.52812
19489	1.52812
19490	1.52811
19491	1.52811
19492	1.5281
19493	1.5281
19494	1.52809
19495	1.52809
19496	1.52809
19497	1.52808
19498	1.52808
19499	1.52807
19500	1.52807
19501	1.52806
19502	1.52806
19503	1.52805
19504	1.52805
19505	1.52805
19506	1.52804
19507	1.52804
19508	1.52803
19509	1.52803
19510	1.52802
19511	1.52802
19512	1.52801
19513	1.52801
19514	1.52801
19515	1.528
19516	1.528
19517	1.52799
19518	1.52799
19519	1.52798
19520	1.52798
19521	1.52798
19522	1.52797
19523	1.52797
19524	1.52796
19525	1.52796
19526	1.52795
19527	1.52795
19528	1.52795
19529	1.52794
19530	1.52794
19531	1.52793
19532	1.52793
19533	1.52793
19534	1.52792
19535	1.52792
19536	1.52791
19537	1.52791
19538	1.52791
19539	1.5279
19540	1.5279
19541	1.52789
19542	1.52789
19543	1.52788
19544	1.52788
19545	1.52788
19546	1.52787
19547	1.52787
19548	1.52786
19549	1.52786
19550	1.52786
19551	1.52785
19552	1.52785
19553	1.52784
19554	1.52784
19555	1.52784
19556	1.52783
19557	1.52783
19558	1.52782
19559	1.52782
19560	1.52782
19561	1.52781
19562	1.52781
19563	1.5278
19564	1.5278
19565	1.5278
19566	1.52779
19567	1.52779
19568	1.52778
19569	1.52778
19570	1.52778
19571	1.52777
19572	1.52777
19573	1.52776
19574	1.52776
19575	1.52776
19576	1.52775
19577	1.52775
19578	1.52774
19579	1.52774
19580	1.52774
19581	1.52773
19582	1.52773
19583	1.52773
19584	1.52772
19585	1.52772
19586	1.52771
19587	1.52771
19588	1.52771
19589	1.5277
19590	1.5277
19591	1.52769
19592	1.52769
19593	1.52769
19594	1.52768
19595	1.52768
19596	1.52767
19597	1.52767
19598	1.52767
19599	1.52766
19600	1.52766
19601	1.52765
19602	1.52765
19603	1.52765
19604	1.52764
19605	1.52764
19606	1.52764
19607	1.52763
19608	1.52763
19609	1.52762
19610	1.52762
19611	1.52762
19612	1.52761
19613	1.52761
19614	1.5276
19615	1.5276
19616	1.5276
19617	1.52759
19618	1.52759
19619	1.52758
19620	1.52758
19621	1.52758
19622	1.52757
19623	1.52757
19624	1.52757
19625	1.52756
19626	1.52756
19627	1.52755
19628	1.52755
19629	1.52755
19630	1.52754
19631	1.52754
19632	1.52753
19633	1.52753
19634	1.52753
19635	1.52752
19636	1.52752
19637	1.52752
19638	1.52751
19639	1.52751
19640	1.5275
19641	1.5275
19642	1.5275
19643	1.52749
19644	1.52749
19645	1.52748
19646	1.52748
19647	1.52748
19648	1.52747
19649	1.52747
19650	1.52747
19651	1.52746
19652	1.52746
19653	1.52745
19654	1.52745
19655	1.52745
19656	1.52744
19657	1.52744
19658	1.52744
19659	1.52743
19660	1.52743
19661	1.52742
19662	1.52742
19663	1.52742
19664	1.52741
19665	1.52741
19666	1.52741
19667	1.5274
19668	1.5274
19669	1.5274
19670	1.52739
19671	1.52739
19672	1.52738
19673	1.52738
19674	1.52738
19675	1.52737
19676	1.52737
19677	1.52737
19678	1.52736
19679	1.52736
19680	1.52736
19681	1.52735
19682	1.52735
19683	1.52735
19684	1.52734
19685	1.52734
19686	1.52734
19687	1.52733
19688	1.52733
19689	1.52733
19690	1.52732
19691	1.52732
19692	1.52732
19693	1.52731
19694	1.52731
19695	1.52731
19696	1.5273
19697	1.5273
19698	1.5273
19699	1.52729
19700	1.52729
19701	1.52729
19702	1.52728
19703	1.52728
19704	1.52728
19705	1.52728
19706	1.52727
19707	1.52727
19708	1.52727
19709	1.52726
19710	1.52726
19711	1.52726
19712	1.52726
19713	1.52725
19714	1.52725
19715	1.52725
19716	1.52725
19717	1.52724
19718	1.52724
19719	1.52724
19720	1.52724
19721	1.52723
19722	1.52723
19723	1.52723
19724	1.52723
19725	1.52722
19726	1.52722
19727	1.52722
19728	1.52722
19729	1.52721
19730	1.52721
19731	1.52721
19732	1.52721
19733	1.52721
19734	1.5272
19735	1.5272
19736	1.5272
19737	1.5272
19738	1.5272
19739	1.52719
19740	1.52719
19741	1.52719
19742	1.52719
19743	1.52719
19744	1.52719
19745	1.52718
19746	1.52718
19747	1.52718
19748	1.52718
19749	1.52718
19750	1.52718
19751	1.52718
19752	1.52718
19753	1.52717
19754	1.52717
19755	1.52717
19756	1.52717
19757	1.52717
19758	1.52717
19759	1.52717
19760	1.52717
19761	1.52717
19762	1.52717
19763	1.52717
19764	1.52717
19765	1.52717
19766	1.52717
19767	1.52716
19768	1.52716
19769	1.52716
19770	1.52716
19771	1.52716
19772	1.52716
19773	1.52716
19774	1.52716
19775	1.52716
19776	1.52717
19777	1.52717
19778	1.52717
19779	1.52717
19780	1.52717
19781	1.52717
19782	1.52717
19783	1.52717
19784	1.52717
19785	1.52717
19786	1.52717
19787	1.52717
19788	1.52718
19789	1.52718
19790	1.52718
19791	1.52718
19792	1.52718
19793	1.52718
19794	1.52718
19795	1.52719
19796	1.52719
19797	1.52719
19798	1.52719
19799	1.52719
19800	1.5272
19801	1.5272
19802	1.5272
19803	1.5272
19804	1.52721
19805	1.52721
19806	1.52721
19807	1.52722
19808	1.52722
19809	1.52722
19810	1.52723
19811	1.52723
19812	1.52723
19813	1.52724
19814	1.52724
19815	1.52724
19816	1.52725
19817	1.52725
19818	1.52726
19819	1.52726
19820	1.52726
19821	1.52727
19822	1.52727
19823	1.52728
19824	1.52728
19825	1.52729
19826	1.52729
19827	1.5273
19828	1.5273
19829	1.52731
19830	1.52731
19831	1.52732
19832	1.52733
19833	1.52733
19834	1.52734
19835	1.52734
19836	1.52735
19837	1.52736
19838	1.52736
19839	1.52737
19840	1.52738
19841	1.52739
19842	1.52739
19843	1.5274
19844	1.52741
19845	1.52742
19846	1.52742
19847	1.52743
19848	1.52744
19849	1.52745
19850	1.52746
19851	1.52747
19852	1.52747
19853	1.52748
19854	1.52749
19855	1.5275
19856	1.52751
19857	1.52752
19858	1.52753
19859	1.52754
19860	1.52755
19861	1.52756
19862	1.52757
19863	1.52758
19864	1.52759
19865	1.52761
19866	1.52762
19867	1.52763
19868	1.52764
19869	1.52765
19870	1.52766
19871	1.52768
19872	1.52769
19873	1.5277
19874	1.52771
19875	1.52773
19876	1.52774
19877	1.52775
19878	1.52777
19879	1.52778
19880	1.52779
19881	1.52781
19882	1.52782
19883	1.52784
19884	1.52785
19885	1.52787
19886	1.52788
19887	1.5279
19888	1.52791
19889	1.52793
19890	1.52794
19891	1.52796
19892	1.52798
19893	1.52799
19894	1.52801
19895	1.52803
19896	1.52805
19897	1.52806
19898	1.52808
19899	1.5281
19900	1.52812
19901	1.52813
19902	1.52815
19903	1.52817
19904	1.52819
19905	1.52821
19906	1.52823
19907	1.52825
19908	1.52827
19909	1.52829
19910	1.52831
19911	1.52833
19912	1.52835
19913	1.52837
19914	1.52839
19915	1.52842
19916	1.52844
19917	1.52846
19918	1.52848
19919	1.5285
19920	1.52853
19921	1.52855
19922	1.52857
19923	1.52859
19924	1.52862
19925	1.52864
19926	1.52867
19927	1.52869
19928	1.52871
19929	1.52874
19930	1.52876
19931	1.52879
19932	1.52881
19933	1.52884
19934	1.52886
19935	1.52889
19936	1.52892
19937	1.52894
19938	1.52897
19939	1.52899
19940	1.52902
19941	1.52905
19942	1.52907
19943	1.5291
19944	1.52913
19945	1.52916
19946	1.52918
19947	1.52921
19948	1.52924
19949	1.52927
19950	1.5293
19951	1.52933
19952	1.52936
19953	1.52938
19954	1.52941
19955	1.52944
19956	1.52947
19957	1.5295
19958	1.52953
19959	1.52956
19960	1.52959
19961	1.52962
19962	1.52965
19963	1.52968
19964	1.52971
19965	1.52974
19966	1.52977
19967	1.5298
19968	1.52983
19969	1.52986
19970	1.5299
19971	1.52993
19972	1.52996
19973	1.52999
19974	1.53002
19975	1.53005
19976	1.53008
19977	1.53011
19978	1.53015
19979	1.53018
19980	1.53021
19981	1.53024
19982	1.53027
19983	1.5303
19984	1.53033
19985	1.53037
19986	1.5304
19987	1.53043
19988	1.53046
19989	1.53049
19990	1.53052
19991	1.53055
19992	1.53059
19993	1.53062
19994	1.53065
19995	1.53068
19996	1.53071
19997	1.53074
19998	1.53077
19999	1.5308
20000	1.53083
20001	1.53086
20002	1.53089
20003	1.53092
20004	1.53095
20005	1.53098
20006	1.53101
20007	1.53104
20008	1.53107
20009	1.5311
20010	1.53113
20011	1.53116
20012	1.53119
20013	1.53122
20014	1.53124
20015	1.53127
20016	1.5313
20017	1.53133
20018	1.53135
20019	1.53138
20020	1.53141
20021	1.53143
20022	1.53146
20023	1.53149
20024	1.53151
20025	1.53154
20026	1.53156
20027	1.53159
20028	1.53161
20029	1.53163
20030	1.53166
20031	1.53168
20032	1.5317
20033	1.53173
20034	1.53175
20035	1.53177
20036	1.53179
20037	1.53181
20038	1.53183
20039	1.53185
20040	1.53187
20041	1.53189
20042	1.53191
20043	1.53193
20044	1.53195
20045	1.53196
20046	1.53198
20047	1.532
20048	1.53201
20049	1.53203
20050	1.53204
20051	1.53206
20052	1.53207
20053	1.53208
20054	1.5321
20055	1.53211
20056	1.53212
20057	1.53213
20058	1.53214
20059	1.53215
20060	1.53216
20061	1.53217
20062	1.53218
20063	1.53219
20064	1.53219
20065	1.5322
20066	1.53221
20067	1.53221
20068	1.53222
20069	1.53222
20070	1.53223
20071	1.53223
20072	1.53223
20073	1.53223
20074	1.53224
20075	1.53224
20076	1.53224
20077	1.53224
20078	1.53223
20079	1.53223
20080	1.53223
20081	1.53223
20082	1.53222
20083	1.53222
20084	1.53221
20085	1.53221
20086	1.5322
20087	1.5322
20088	1.53219
20089	1.53218
20090	1.53217
20091	1.53216
20092	1.53215
20093	1.53214
20094	1.53213
20095	1.53212
20096	1.53211
20097	1.53209
20098	1.53208
20099	1.53206
20100	1.53205
20101	1.53203
20102	1.53202
20103	1.532
20104	1.53198
20105	1.53197
20106	1.53195
20107	1.53193
20108	1.53191
20109	1.53189
20110	1.53187
20111	1.53184
20112	1.53182
20113	1.5318
20114	1.53178
20115	1.53175
20116	1.53173
20117	1.5317
20118	1.53168
20119	1.53165
20120	1.53162
20121	1.5316
20122	1.53157
20123	1.53154
20124	1.53151
20125	1.53148
20126	1.53145
20127	1.53142
20128	1.53139
20129	1.53136
20130	1.53133
20131	1.5313
20132	1.53126
20133	1.53123
20134	1.5312
20135	1.53116
20136	1.53113
20137	1.53109
20138	1.53106
20139	1.53102
20140	1.53099
20141	1.53095
20142	1.53091
20143	1.53087
20144	1.53084
20145	1.5308
20146	1.53076
20147	1.53072
20148	1.53068
20149	1.53064
20150	1.5306
20151	1.53056
20152	1.53052
20153	1.53048
20154	1.53044
20155	1.5304
20156	1.53036
20157	1.53032
20158	1.53028
20159	1.53023
20160	1.53019
20161	1.53015
20162	1.53011
20163	1.53006
20164	1.53002
20165	1.52998
20166	1.52993
20167	1.52989
20168	1.52985
20169	1.5298
20170	1.52976
20171	1.52971
20172	1.52967
20173	1.52963
20174	1.52958
20175	1.52954
20176	1.52949
20177	1.52945
20178	1.5294
20179	1.52936
20180	1.52931
20181	1.52927
20182	1.52922
20183	1.52918
20184	1.52913
20185	1.52909
20186	1.52904
20187	1.529
20188	1.52895
20189	1.52891
20190	1.52886
20191	1.52882
20192	1.52878
20193	1.52873
20194	1.52869
20195	1.52864
20196	1.5286
20197	1.52855
20198	1.52851
20199	1.52847
20200	1.52842
20201	1.52838
20202	1.52834
20203	1.52829
20204	1.52825
20205	1.52821
20206	1.52816
20207	1.52812
20208	1.52808
20209	1.52804
20210	1.52799
20211	1.52795
20212	1.52791
20213	1.52787
20214	1.52783
20215	1.52779
20216	1.52775
20217	1.52771
20218	1.52767
20219	1.52763
20220	1.52759
20221	1.52755
20222	1.52751
20223	1.52747
20224	1.52743
20225	1.52739
20226	1.52735
20227	1.52731
20228	1.52728
20229	1.52724
20230	1.5272
20231	1.52717
20232	1.52713
20233	1.52709
20234	1.52706
20235	1.52702
20236	1.52699
20237	1.52695
20238	1.52692
20239	1.52688
20240	1.52685
20241	1.52682
20242	1.52678
20243	1.52675
20244	1.52672
20245	1.52668
20246	1.52665
20247	1.52662
20248	1.52659
20249	1.52656
20250	1.52653
20251	1.5265
20252	1.52647
20253	1.52644
20254	1.52641
20255	1.52638
20256	1.52635
20257	1.52632
20258	1.5263
20259	1.52627
20260	1.52624
20261	1.52622
20262	1.52619
20263	1.52616
20264	1.52614
20265	1.52611
20266	1.52609
20267	1.52606
20268	1.52604
20269	1.52602
20270	1.52599
20271	1.52597
20272	1.52595
20273	1.52592
20274	1.5259
20275	1.52588
20276	1.52586
20277	1.52584
20278	1.52582
20279	1.5258
20280	1.52578
20281	1.52576
20282	1.52574
20283	1.52572
20284	1.5257
20285	1.52568
20286	1.52566
20287	1.52565
20288	1.52563
20289	1.52561
20290	1.5256
20291	1.52558
20292	1.52557
20293	1.52555
20294	1.52553
20295	1.52552
20296	1.52551
20297	1.52549
20298	1.52548
20299	1.52546
20300	1.52545
20301	1.52544
20302	1.52543
20303	1.52541
20304	1.5254
20305	1.52539
20306	1.52538
20307	1.52537
20308	1.52536
20309	1.52535
20310	1.52534
20311	1.52533
20312	1.52532
20313	1.52531
20314	1.5253
20315	1.52529
20316	1.52528
20317	1.52527
20318	1.52527
20319	1.52526
20320	1.52525
20321	1.52524
20322	1.52524
20323	1.52523
20324	1.52522
20325	1.52522
20326	1.52521
20327	1.52521
20328	1.5252
20329	1.5252
20330	1.52519
20331	1.52519
20332	1.52518
20333	1.52518
20334	1.52518
20335	1.52517
20336	1.52517
20337	1.52517
20338	1.52517
20339	1.52516
20340	1.52516
20341	1.52516
20342	1.52516
20343	1.52516
20344	1.52515
20345	1.52515
20346	1.52515
20347	1.52515
20348	1.52515
20349	1.52515
20350	1.52515
20351	1.52515
20352	1.52515
20353	1.52515
20354	1.52515
20355	1.52515
20356	1.52515
20357	1.52516
20358	1.52516
20359	1.52516
20360	1.52516
20361	1.52516
20362	1.52517
20363	1.52517
20364	1.52517
20365	1.52517
20366	1.52518
20367	1.52518
20368	1.52518
20369	1.52519
20370	1.52519
20371	1.52519
20372	1.5252
20373	1.5252
20374	1.5252
20375	1.52521
20376	1.52521
20377	1.52522
20378	1.52522
20379	1.52523
20380	1.52523
20381	1.52524
20382	1.52524
20383	1.52525
20384	1.52525
20385	1.52526
20386	1.52526
20387	1.52527
20388	1.52528
20389	1.52528
20390	1.52529
20391	1.52529
20392	1.5253
20393	1.52531
20394	1.52531
20395	1.52532
20396	1.52533
20397	1.52533
20398	1.52534
20399	1.52535
20400	1.52535
20401	1.52536
20402	1.52537
20403	1.52537
20404	1.52538
20405	1.52539
20406	1.5254
20407	1.5254
20408	1.52541
20409	1.52542
20410	1.52543
20411	1.52543
20412	1.52544
20413	1.52545
20414	1.52546
20415	1.52547
20416	1.52547
20417	1.52548
20418	1.52549
20419	1.5255
20420	1.52551
20421	1.52552
20422	1.52552
20423	1.52553
20424	1.52554
20425	1.52555
20426	1.52556
20427	1.52557
20428	1.52557
20429	1.52558
20430	1.52559
20431	1.5256
20432	1.52561
20433	1.52562
20434	1.52563
20435	1.52564
20436	1.52564
20437	1.52565
20438	1.52566
20439	1.52567
20440	1.52568
20441	1.52569
20442	1.5257
20443	1.52571
20444	1.52571
20445	1.52572
20446	1.52573
20447	1.52574
20448	1.52575
20449	1.52576
20450	1.52577
20451	1.52578
20452	1.52578
20453	1.52579
20454	1.5258
20455	1.52581
20456	1.52582
20457	1.52583
20458	1.52584
20459	1.52585
20460	1.52586
20461	1.52586
20462	1.52587
20463	1.52588
20464	1.52589
20465	1.5259
20466	1.52591
20467	1.52592
20468	1.52592
20469	1.52593
20470	1.52594
20471	1.52595
20472	1.52596
20473	1.52597
20474	1.52598
20475	1.52598
20476	1.52599
20477	1.526
20478	1.52601
20479	1.52602
20480	1.52603
20481	1.52604
20482	1.52604
20483	1.52605
20484	1.52606
20485	1.52607
20486	1.52608
20487	1.52608
20488	1.52609
20489	1.5261
20490	1.52611
20491	1.52612
20492	1.52613
20493	1.52613
20494	1.52614
20495	1.52615
20496	1.52616
20497	1.52617
20498	1.52617
20499	1.52618
20500	1.52619
20501	1.5262
20502	1.5262
20503	1.52621
20504	1.52622
20505	1.52623
20506	1.52623
20507	1.52624
20508	1.52625
20509	1.52626
20510	1.52626
20511	1.52627
20512	1.52628
20513	1.52629
20514	1.52629
20515	1.5263
20516	1.52631
20517	1.52632
20518	1.52632
20519	1.52633
20520	1.52634
20521	1.52634
20522	1.52635
20523	1.52636
20524	1.52637
20525	1.52637
20526	1.52638
20527	1.52639
20528	1.52639
20529	1.5264
20530	1.52641
20531	1.52641
20532	1.52642
20533	1.52643
20534	1.52643
20535	1.52644
20536	1.52645
20537	1.52645
20538	1.52646
20539	1.52647
20540	1.52647
20541	1.52648
20542	1.52648
20543	1.52649
20544	1.5265
20545	1.5265
20546	1.52651
20547	1.52652
20548	1.52652
20549	1.52653
20550	1.52653
20551	1.52654
20552	1.52655
20553	1.52655
20554	1.52656
20555	1.52656
20556	1.52657
20557	1.52658
20558	1.52658
20559	1.52659
20560	1.52659
20561	1.5266
20562	1.5266
20563	1.52661
20564	1.52662
20565	1.52662
20566	1.52663
20567	1.52663
20568	1.52664
20569	1.52664
20570	1.52665
20571	1.52665
20572	1.52666
20573	1.52667
20574	1.52667
20575	1.52668
20576	1.52668
20577	1.52669
20578	1.52669
20579	1.5267
20580	1.5267
20581	1.52671
20582	1.52671
20583	1.52672
20584	1.52672
20585	1.52673
20586	1.52673
20587	1.52674
20588	1.52674
20589	1.52675
20590	1.52675
20591	1.52676
20592	1.52676
20593	1.52677
20594	1.52677
20595	1.52678
20596	1.52678
20597	1.52679
20598	1.52679
20599	1.5268
20600	1.5268
20601	1.5268
20602	1.52681
20603	1.52681
20604	1.52682
20605	1.52682
20606	1.52683
20607	1.52683
20608	1.52684
20609	1.52684
20610	1.52685
20611	1.52685
20612	1.52685
20613	1.52686
20614	1.52686
20615	1.52687
20616	1.52687
20617	1.52688
20618	1.52688
20619	1.52688
20620	1.52689
20621	1.52689
20622	1.5269
20623	1.5269
20624	1.52691
20625	1.52691
20626	1.52691
20627	1.52692
20628	1.52692
20629	1.52693
20630	1.52693
20631	1.52694
20632	1.52694
20633	1.52694
20634	1.52695
20635	1.52695
20636	1.52696
20637	1.52696
20638	1.52696
20639	1.52697
20640	1.52697
20641	1.52698
20642	1.52698
20643	1.52698
20644	1.52699
20645	1.52699
20646	1.527
20647	1.527
20648	1.527
20649	1.52701
20650	1.52701
20651	1.52702
20652	1.52702
20653	1.52702
20654	1.52703
20655	1.52703
20656	1.52703
20657	1.52704
20658	1.52704
20659	1.52705
20660	1.52705
20661	1.52705
20662	1.52706
20663	1.52706
20664	1.52707
20665	1.52707
20666	1.52707
20667	1.52708
20668	1.52708
20669	1.52708
20670	1.52709
20671	1.52709
20672	1.5271
20673	1.5271
20674	1.5271
20675	1.52711
20676	1.52711
20677	1.52712
20678	1.52712
20679	1.52712
20680	1.52713
20681	1.52713
20682	1.52713
20683	1.52714
20684	1.52714
20685	1.52715
20686	1.52715
20687	1.52715
20688	1.52716
20689	1.52716
20690	1.52716
20691	1.52717
20692	1.52717
20693	1.52718
20694	1.52718
20695	1.52718
20696	1.52719
20697	1.52719
20698	1.5272
20699	1.5272
20700	1.5272
20701	1.52721
20702	1.52721
20703	1.52721
20704	1.52722
20705	1.52722
20706	1.52723
20707	1.52723
20708	1.52723
20709	1.52724
20710	1.52724
20711	1.52725
20712	1.52725
20713	1.52725
20714	1.52726
20715	1.52726
20716	1.52726
20717	1.52727
20718	1.52727
20719	1.52728
20720	1.52728
20721	1.52728
20722	1.52729
20723	1.52729
20724	1.5273
20725	1.5273
20726	1.5273
20727	1.52731
20728	1.52731
20729	1.52731
20730	1.52732
20731	1.52732
20732	1.52733
20733	1.52733
20734	1.52733
20735	1.52734
20736	1.52734
20737	1.52735
20738	1.52735
20739	1.52735
20740	1.52736
20741	1.52736
20742	1.52736
20743	1.52737
20744	1.52737
20745	1.52738
20746	1.52738
20747	1.52738
20748	1.52739
20749	1.52739
20750	1.5274
20751	1.5274
20752	1.5274
20753	1.52741
20754	1.52741
20755	1.52741
20756	1.52742
20757	1.52742
20758	1.52743
20759	1.52743
20760	1.52743
20761	1.52744
20762	1.52744
20763	1.52745
20764	1.52745
20765	1.52745
20766	1.52746
20767	1.52746
20768	1.52746
20769	1.52747
20770	1.52747
20771	1.52748
20772	1.52748
20773	1.52748
20774	1.52749
20775	1.52749
20776	1.52749
20777	1.5275
20778	1.5275
20779	1.52751
20780	1.52751
20781	1.52751
20782	1.52752
20783	1.52752
20784	1.52752
20785	1.52753
20786	1.52753
20787	1.52753
20788	1.52754
20789	1.52754
20790	1.52755
20791	1.52755
20792	1.52755
20793	1.52756
20794	1.52756
20795	1.52756
20796	1.52757
20797	1.52757
20798	1.52757
20799	1.52758
20800	1.52758
20801	1.52758
20802	1.52759
20803	1.52759
20804	1.52759
20805	1.5276
20806	1.5276
20807	1.5276
20808	1.52761
20809	1.52761
20810	1.52761
20811	1.52762
20812	1.52762
20813	1.52762
20814	1.52763
20815	1.52763
20816	1.52763
20817	1.52764
20818	1.52764
20819	1.52764
20820	1.52765
20821	1.52765
20822	1.52765
20823	1.52766
20824	1.52766
20825	1.52766
20826	1.52767
20827	1.52767
20828	1.52767
20829	1.52767
20830	1.52768
20831	1.52768
20832	1.52768
20833	1.52769
20834	1.52769
20835	1.52769
20836	1.52769
20837	1.5277
20838	1.5277
20839	1.5277
20840	1.52771
20841	1.52771
20842	1.52771
20843	1.52771
20844	1.52772
20845	1.52772
20846	1.52772
20847	1.52772
20848	1.52773
20849	1.52773
20850	1.52773
20851	1.52773
20852	1.52774
20853	1.52774
20854	1.52774
20855	1.52774
20856	1.52775
20857	1.52775
20858	1.52775
20859	1.52775
20860	1.52776
20861	1.52776
20862	1.52776
20863	1.52776
20864	1.52777
20865	1.52777
20866	1.52777
20867	1.52777
20868	1.52777
20869	1.52778
20870	1.52778
20871	1.52778
20872	1.52778
20873	1.52778
20874	1.52779
20875	1.52779
20876	1.52779
20877	1.52779
20878	1.52779
20879	1.5278
20880	1.5278
20881	1.5278
20882	1.5278
20883	1.5278
20884	1.5278
20885	1.52781
20886	1.52781
20887	1.52781
20888	1.52781
20889	1.52781
20890	1.52781
20891	1.52782
20892	1.52782
20893	1.52782
20894	1.52782
20895	1.52782
20896	1.52782
20897	1.52782
20898	1.52783
20899	1.52783
20900	1.52783
20901	1.52783
20902	1.52783
20903	1.52783
20904	1.52783
20905	1.52783
20906	1.52783
20907	1.52784
20908	1.52784
20909	1.52784
20910	1.52784
20911	1.52784
20912	1.52784
20913	1.52784
20914	1.52784
20915	1.52784
20916	1.52784
20917	1.52784
20918	1.52784
20919	1.52785
20920	1.52785
20921	1.52785
20922	1.52785
20923	1.52785
20924	1.52785
20925	1.52785
20926	1.52785
20927	1.52785
20928	1.52785
20929	1.52785
20930	1.52785
20931	1.52785
20932	1.52785
20933	1.52785
20934	1.52785
20935	1.52785
20936	1.52785
20937	1.52785
20938	1.52785
20939	1.52785
20940	1.52785
20941	1.52785
20942	1.52785
20943	1.52785
20944	1.52785
20945	1.52785
20946	1.52785
20947	1.52785
20948	1.52784
20949	1.52784
20950	1.52784
20951	1.52784
20952	1.52784
20953	1.52784
20954	1.52784
20955	1.52784
20956	1.52784
20957	1.52784
20958	1.52783
20959	1.52783
20960	1.52783
20961	1.52783
20962	1.52783
20963	1.52783
20964	1.52782
20965	1.52782
20966	1.52782
20967	1.52782
20968	1.52782
20969	1.52781
20970	1.52781
20971	1.52781
20972	1.52781
20973	1.52781
20974	1.5278
20975	1.5278
20976	1.5278
20977	1.52779
20978	1.52779
20979	1.52779
20980	1.52779
20981	1.52778
20982	1.52778
20983	1.52778
20984	1.52777
20985	1.52777
20986	1.52777
20987	1.52776
20988	1.52776
20989	1.52775
20990	1.52775
20991	1.52775
20992	1.52774
20993	1.52774
20994	1.52773
20995	1.52773
20996	1.52772
20997	1.52772
20998	1.52771
20999	1.52771
21000	1.5277
21001	1.5277
21002	1.52769
21003	1.52769
21004	1.52768
21005	1.52767
21006	1.52767
21007	1.52766
21008	1.52766
21009	1.52765
21010	1.52764
21011	1.52764
21012	1.52763
21013	1.52762
21014	1.52762
21015	1.52761
21016	1.5276
21017	1.52759
21018	1.52759
21019	1.52758
21020	1.52757
21021	1.52756
21022	1.52755
21023	1.52754
21024	1.52754
21025	1.52753
21026	1.52752
21027	1.52751
21028	1.5275
21029	1.52749
21030	1.52748
21031	1.52747
21032	1.52746
21033	1.52745
21034	1.52744
21035	1.52743
21036	1.52742
21037	1.52741
21038	1.5274
21039	1.52739
21040	1.52738
21041	1.52737
21042	1.52735
21043	1.52734
21044	1.52733
21045	1.52732
21046	1.52731
21047	1.52729
21048	1.52728
21049	1.52727
21050	1.52725
21051	1.52724
21052	1.52723
21053	1.52722
21054	1.5272
21055	1.52719
21056	1.52717
21057	1.52716
21058	1.52715
21059	1.52713
21060	1.52712
21061	1.5271
21062	1.52709
21063	1.52707
21064	1.52706
21065	1.52704
21066	1.52702
21067	1.52701
21068	1.52699
21069	1.52698
21070	1.52696
21071	1.52694
21072	1.52693
21073	1.52691
21074	1.52689
21075	1.52688
21076	1.52686
21077	1.52684
21078	1.52682
21079	1.52681
21080	1.52679
21081	1.52677
21082	1.52675
21083	1.52673
21084	1.52671
21085	1.5267
21086	1.52668
21087	1.52666
21088	1.52664
21089	1.52662
21090	1.5266
21091	1.52658
21092	1.52656
21093	1.52654
21094	1.52652
21095	1.5265
21096	1.52648
21097	1.52646
21098	1.52644
21099	1.52642
21100	1.5264
21101	1.52638
21102	1.52636
21103	1.52634
21104	1.52632
21105	1.5263
21106	1.52627
21107	1.52625
21108	1.52623
21109	1.52621
21110	1.52619
21111	1.52617
21112	1.52615
21113	1.52613
21114	1.5261
21115	1.52608
21116	1.52606
21117	1.52604
21118	1.52602
21119	1.526
21120	1.52597
21121	1.52595
21122	1.52593
21123	1.52591
21124	1.52589
21125	1.52586
21126	1.52584
21127	1.52582
21128	1.5258
21129	1.52578
21130	1.52576
21131	1.52573
21132	1.52571
21133	1.52569
21134	1.52567
21135	1.52565
21136	1.52563
21137	1.5256
21138	1.52558
21139	1.52556
21140	1.52554
21141	1.52552
21142	1.5255
21143	1.52548
21144	1.52546
21145	1.52544
21146	1.52541
21147	1.52539
21148	1.52537
21149	1.52535
21150	1.52533
21151	1.52531
21152	1.52529
21153	1.52527
21154	1.52525
21155	1.52523
21156	1.52521
21157	1.5252
21158	1.52518
21159	1.52516
21160	1.52514
21161	1.52512
21162	1.5251
21163	1.52508
21164	1.52507
21165	1.52505
21166	1.52503
21167	1.52501
21168	1.525
21169	1.52498
21170	1.52496
21171	1.52495
21172	1.52493
21173	1.52491
21174	1.5249
21175	1.52488
21176	1.52487
21177	1.52485
21178	1.52484
21179	1.52482
21180	1.52481
21181	1.52479
21182	1.52478
21183	1.52477
21184	1.52475
21185	1.52474
21186	1.52473
21187	1.52472
21188	1.52471
21189	1.52469
21190	1.52468
21191	1.52467
21192	1.52466
21193	1.52465
21194	1.52464
21195	1.52463
21196	1.52462
21197	1.52461
21198	1.5246
21199	1.5246
21200	1.52459
21201	1.52458
21202	1.52457
21203	1.52457
21204	1.52456
21205	1.52455
21206	1.52455
21207	1.52454
21208	1.52454
21209	1.52453
21210	1.52453
21211	1.52452
21212	1.52452
21213	1.52452
21214	1.52451
21215	1.52451
21216	1.52451
21217	1.52451
21218	1.52451
21219	1.5245
21220	1.5245
21221	1.5245
21222	1.5245
21223	1.5245
21224	1.5245
21225	1.52451
21226	1.52451
21227	1.52451
21228	1.52451
21229	1.52451
21230	1.52452
21231	1.52452
21232	1.52452
21233	1.52453
21234	1.52453
21235	1.52454
21236	1.52454
21237	1.52455
21238	1.52456
21239	1.52456
21240	1.52457
21241	1.52458
21242	1.52458
21243	1.52459
21244	1.5246
21245	1.52461
21246	1.52462
21247	1.52463
21248	1.52464
21249	1.52465
21250	1.52466
21251	1.52467
21252	1.52468
21253	1.52469
21254	1.5247
21255	1.52471
21256	1.52473
21257	1.52474
21258	1.52475
21259	1.52477
21260	1.52478
21261	1.52479
21262	1.52481
21263	1.52482
21264	1.52484
21265	1.52485
21266	1.52487
21267	1.52488
21268	1.5249
21269	1.52492
21270	1.52493
21271	1.52495
21272	1.52497
21273	1.52499
21274	1.525
21275	1.52502
21276	1.52504
21277	1.52506
21278	1.52508
21279	1.5251
21280	1.52512
21281	1.52514
21282	1.52516
21283	1.52518
21284	1.5252
21285	1.52522
21286	1.52524
21287	1.52526
21288	1.52528
21289	1.5253
21290	1.52532
21291	1.52534
21292	1.52537
21293	1.52539
21294	1.52541
21295	1.52543
21296	1.52546
21297	1.52548
21298	1.5255
21299	1.52553
21300	1.52555
21301	1.52557
21302	1.5256
21303	1.52562
21304	1.52564
21305	1.52567
21306	1.52569
21307	1.52572
21308	1.52574
21309	1.52576
21310	1.52579
21311	1.52581
21312	1.52584
21313	1.52586
21314	1.52589
21315	1.52591
21316	1.52594
21317	1.52596
21318	1.52599
21319	1.52601
21320	1.52604
21321	1.52606
21322	1.52609
21323	1.52611
21324	1.52614
21325	1.52616
21326	1.52619
21327	1.52621
21328	1.52624
21329	1.52627
21330	1.52629
21331	1.52632
21332	1.52634
21333	1.52637
21334	1.52639
21335	1.52642
21336	1.52644
21337	1.52647
21338	1.52649
21339	1.52652
21340	1.52654
21341	1.52657
21342	1.52659
21343	1.52662
21344	1.52664
21345	1.52667
21346	1.52669
21347	1.52672
21348	1.52674
21349	1.52677
21350	1.52679
21351	1.52681
21352	1.52684
21353	1.52686
21354	1.52689
21355	1.52691
21356	1.52693
21357	1.52696
21358	1.52698
21359	1.52701
21360	1.52703
21361	1.52705
21362	1.52708
21363	1.5271
21364	1.52712
21365	1.52714
21366	1.52717
21367	1.52719
21368	1.52721
21369	1.52723
21370	1.52726
21371	1.52728
21372	1.5273
21373	1.52732
21374	1.52734
21375	1.52736
21376	1.52738
21377	1.5274
21378	1.52743
21379	1.52745
21380	1.52747
21381	1.52749
21382	1.52751
21383	1.52753
21384	1.52755
21385	1.52757
21386	1.52759
21387	1.5276
21388	1.52762
21389	1.52764
21390	1.52766
21391	1.52768
21392	1.5277
21393	1.52772
21394	1.52773
21395	1.52775
21396	1.52777
21397	1.52779
21398	1.5278
21399	1.52782
21400	1.52784
21401	1.52785
21402	1.52787
21403	1.52788
21404	1.5279
21405	1.52792
21406	1.52793
21407	1.52795
21408	1.52796
21409	1.52798
21410	1.52799
21411	1.52801
21412	1.52802
21413	1.52803
21414	1.52805
21415	1.52806
21416	1.52808
21417	1.52809
21418	1.5281
21419	1.52811
21420	1.52813
21421	1.52814
21422	1.52815
21423	1.52816
21424	1.52818
21425	1.52819
21426	1.5282
21427	1.52821
21428	1.52822
21429	1.52823
21430	1.52824
21431	1.52825
21432	1.52826
21433	1.52827
21434	1.52828
21435	1.52829
21436	1.5283
21437	1.52831
21438	1.52832
21439	1.52833
21440	1.52834
21441	1.52835
21442	1.52836
21443	1.52836
21444	1.52837
21445	1.52838
21446	1.52839
21447	1.52839
21448	1.5284
21449	1.52841
21450	1.52842
21451	1.52842
21452	1.52843
21453	1.52844
21454	1.52844
21455	1.52845
21456	1.52845
21457	1.52846
21458	1.52846
21459	1.52847
21460	1.52848
21461	1.52848
21462	1.52849
21463	1.52849
21464	1.52849
21465	1.5285
21466	1.5285
21467	1.52851
21468	1.52851
21469	1.52851
21470	1.52852
21471	1.52852
21472	1.52852
21473	1.52853
21474	1.52853
21475	1.52853
21476	1.52854
21477	1.52854
21478	1.52854
21479	1.52854
21480	1.52855
21481	1.52855
21482	1.52855
21483	1.52855
21484	1.52855
21485	1.52855
21486	1.52856
21487	1.52856
21488	1.52856
21489	1.52856
21490	1.52856
21491	1.52856
21492	1.52856
21493	1.52856
21494	1.52856
21495	1.52856
21496	1.52856
21497	1.52856
21498	1.52856
21499	1.52856
21500	1.52856
21501	1.52856
21502	1.52856
21503	1.52856
21504	1.52856
21505	1.52856
21506	1.52856
21507	1.52856
21508	1.52856
21509	1.52855
21510	1.52855
21511	1.52855
21512	1.52855
21513	1.52855
21514	1.52855
21515	1.52854
21516	1.52854
21517	1.52854
21518	1.52854
21519	1.52854
21520	1.52853
21521	1.52853
21522	1.52853
21523	1.52853
21524	1.52853
21525	1.52852
21526	1.52852
21527	1.52852
21528	1.52851
21529	1.52851
21530	1.52851
21531	1.52851
21532	1.5285
21533	1.5285
21534	1.5285
21535	1.52849
21536	1.52849
21537	1.52849
21538	1.52848
21539	1.52848
21540	1.52848
21541	1.52847
21542	1.52847
21543	1.52847
21544	1.52846
21545	1.52846
21546	1.52845
21547	1.52845
21548	1.52845
21549	1.52844
21550	1.52844
21551	1.52843
21552	1.52843
21553	1.52843
21554	1.52842
21555	1.52842
21556	1.52841
21557	1.52841
21558	1.52841
21559	1.5284
21560	1.5284
21561	1.52839
21562	1.52839
21563	1.52838
21564	1.52838
21565	1.52837
21566	1.52837
21567	1.52837
21568	1.52836
21569	1.52836
21570	1.52835
21571	1.52835
21572	1.52834
21573	1.52834
21574	1.52833
21575	1.52833
21576	1.52832
21577	1.52832
21578	1.52831
21579	1.52831
21580	1.5283
21581	1.5283
21582	1.5283
21583	1.52829
21584	1.52829
21585	1.52828
21586	1.52828
21587	1.52827
21588	1.52827
21589	1.52826
21590	1.52826
21591	1.52825
21592	1.52825
21593	1.52824
21594	1.52824
21595	1.52823
21596	1.52823
21597	1.52822
21598	1.52822
21599	1.52821
21600	1.52821
21601	1.5282
21602	1.5282
21603	1.52819
21604	1.52819
21605	1.52818
21606	1.52818
21607	1.52817
21608	1.52817
21609	1.52816
21610	1.52816
21611	1.52815
21612	1.52815
21613	1.52814
21614	1.52814
21615	1.52813
21616	1.52813
21617	1.52812
21618	1.52812
21619	1.52811
21620	1.52811
21621	1.5281
21622	1.5281
21623	1.52809
21624	1.52809
21625	1.52808
21626	1.52808
21627	1.52807
21628	1.52807
21629	1.52806
21630	1.52806
21631	1.52805
21632	1.52805
21633	1.52804
21634	1.52804
21635	1.52803
21636	1.52803
21637	1.52802
21638	1.52802
21639	1.52801
21640	1.52801
21641	1.528
21642	1.528
21643	1.52799
21644	1.52799
21645	1.52798
21646	1.52798
21647	1.52797
21648	1.52797
21649	1.52796
21650	1.52796
21651	1.52795
21652	1.52795
21653	1.52795
21654	1.52794
21655	1.52794
21656	1.52793
21657	1.52793
21658	1.52792
21659	1.52792
21660	1.52791
21661	1.52791
21662	1.5279
21663	1.5279
21664	1.52789
21665	1.52789
21666	1.52789
21667	1.52788
21668	1.52788
21669	1.52787
21670	1.52787
21671	1.52786
21672	1.52786
21673	1.52785
21674	1.52785
21675	1.52785
21676	1.52784
21677	1.52784
21678	1.52783
21679	1.52783
21680	1.52782
21681	1.52782
21682	1.52782
21683	1.52781
21684	1.52781
21685	1.5278
21686	1.5278
21687	1.52779
21688	1.52779
21689	1.52779
21690	1.52778
21691	1.52778
21692	1.52777
21693	1.52777
21694	1.52777
21695	1.52776
21696	1.52776
21697	1.52775
21698	1.52775
21699	1.52775
21700	1.52774
21701	1.52774
21702	1.52773
21703	1.52773
21704	1.52773
21705	1.52772
21706	1.52772
21707	1.52771
21708	1.52771
21709	1.52771
21710	1.5277
21711	1.5277
21712	1.52769
21713	1.52769
21714	1.52769
21715	1.52768
21716	1.52768
21717	1.52768
21718	1.52767
21719	1.52767
21720	1.52767
21721	1.52766
21722	1.52766
21723	1.52765
21724	1.52765
21725	1.52765
21726	1.52764
21727	1.52764
21728	1.52764
21729	1.52763
21730	1.52763
21731	1.52763
21732	1.52762
21733	1.52762
21734	1.52762
21735	1.52761
21736	1.52761
21737	1.52761
21738	1.5276
21739	1.5276
21740	1.5276
21741	1.52759
21742	1.52759
21743	1.52759
21744	1.52758
21745	1.52758
21746	1.52758
21747	1.52757
21748	1.52757
21749	1.52757
21750	1.52756
21751	1.52756
21752	1.52756
21753	1.52755
21754	1.52755
21755	1.52755
21756	1.52754
21757	1.52754
21758	1.52754
21759	1.52754
21760	1.52753
21761	1.52753
21762	1.52753
21763	1.52752
21764	1.52752
21765	1.52752
21766	1.52751
21767	1.52751
21768	1.52751
21769	1.52751
21770	1.5275
21771	1.5275
21772	1.5275
21773	1.52749
21774	1.52749
21775	1.52749
21776	1.52749
21777	1.52748
21778	1.52748
21779	1.52748
21780	1.52748
21781	1.52747
21782	1.52747
21783	1.52747
21784	1.52746
21785	1.52746
21786	1.52746
21787	1.52746
21788	1.52745
21789	1.52745
21790	1.52745
21791	1.52745
21792	1.52744
21793	1.52744
21794	1.52744
21795	1.52744
21796	1.52743
21797	1.52743
21798	1.52743
21799	1.52742
21800	1.52742
21801	1.52742
21802	1.52742
21803	1.52741
21804	1.52741
21805	1.52741
21806	1.52741
21807	1.52741
21808	1.5274
21809	1.5274
21810	1.5274
21811	1.5274
21812	1.52739
21813	1.52739
21814	1.52739
21815	1.52739
21816	1.52738
21817	1.52738
21818	1.52738
21819	1.52738
21820	1.52737
21821	1.52737
21822	1.52737
21823	1.52737
21824	1.52736
21825	1.52736
21826	1.52736
21827	1.52736
21828	1.52736
21829	1.52735
21830	1.52735
21831	1.52735
21832	1.52735
21833	1.52734
21834	1.52734
21835	1.52734
21836	1.52734
21837	1.52734
21838	1.52733
21839	1.52733
21840	1.52733
21841	1.52733
21842	1.52733
21843	1.52732
21844	1.52732
21845	1.52732
21846	1.52732
21847	1.52732
21848	1.52731
21849	1.52731
21850	1.52731
21851	1.52731
21852	1.5273
21853	1.5273
21854	1.5273
21855	1.5273
21856	1.5273
21857	1.52729
21858	1.52729
21859	1.52729
21860	1.52729
21861	1.52729
21862	1.52729
21863	1.52728
21864	1.52728
21865	1.52728
21866	1.52728
21867	1.52728
21868	1.52727
21869	1.52727
21870	1.52727
21871	1.52727
21872	1.52727
21873	1.52727
21874	1.52726
21875	1.52726
21876	1.52726
21877	1.52726
21878	1.52726
21879	1.52725
21880	1.52725
21881	1.52725
21882	1.52725
21883	1.52725
21884	1.52725
21885	1.52724
21886	1.52724
21887	1.52724
21888	1.52724
21889	1.52724
21890	1.52724
21891	1.52724
21892	1.52723
21893	1.52723
21894	1.52723
21895	1.52723
21896	1.52723
21897	1.52723
21898	1.52722
21899	1.52722
21900	1.52722
21901	1.52722
21902	1.52722
21903	1.52722
21904	1.52722
21905	1.52721
21906	1.52721
21907	1.52721
21908	1.52721
21909	1.52721
21910	1.52721
21911	1.52721
21912	1.52721
21913	1.5272
21914	1.5272
21915	1.5272
21916	1.5272
21917	1.5272
21918	1.5272
21919	1.5272
21920	1.5272
21921	1.52719
21922	1.52719
21923	1.52719
21924	1.52719
21925	1.52719
21926	1.52719
21927	1.52719
21928	1.52719
21929	1.52719
21930	1.52718
21931	1.52718
21932	1.52718
21933	1.52718
21934	1.52718
21935	1.52718
21936	1.52718
21937	1.52718
21938	1.52718
21939	1.52718
21940	1.52718
21941	1.52717
21942	1.52717
21943	1.52717
21944	1.52717
21945	1.52717
21946	1.52717
21947	1.52717
21948	1.52717
21949	1.52717
21950	1.52717
21951	1.52717
21952	1.52717
21953	1.52717
21954	1.52717
21955	1.52716
21956	1.52716
21957	1.52716
21958	1.52716
21959	1.52716
21960	1.52716
21961	1.52716
21962	1.52716
21963	1.52716
21964	1.52716
21965	1.52716
21966	1.52716
21967	1.52716
21968	1.52716
21969	1.52716
21970	1.52716
21971	1.52716
21972	1.52716
21973	1.52716
21974	1.52716
21975	1.52716
21976	1.52716
21977	1.52715
21978	1.52715
21979	1.52715
21980	1.52715
21981	1.52715
21982	1.52715
21983	1.52715
21984	1.52715
21985	1.52715
21986	1.52715
21987	1.52715
21988	1.52715
21989	1.52715
21990	1.52715
21991	1.52715
21992	1.52715
21993	1.52715
21994	1.52715
21995	1.52715
21996	1.52715
21997	1.52715
21998	1.52715
21999	1.52715
22000	1.52715
22001	1.52715
22002	1.52715
22003	1.52715
22004	1.52715
22005	1.52715
22006	1.52715
22007	1.52715
22008	1.52715
22009	1.52715
22010	1.52715
22011	1.52715
22012	1.52715
22013	1.52715
22014	1.52716
22015	1.52716
22016	1.52716
22017	1.52716
22018	1.52716
22019	1.52716
22020	1.52716
22021	1.52716
22022	1.52716
22023	1.52716
22024	1.52716
22025	1.52716
22026	1.52716
22027	1.52716
22028	1.52716
22029	1.52716
22030	1.52716
22031	1.52716
22032	1.52716
22033	1.52716
22034	1.52716
22035	1.52716
22036	1.52717
22037	1.52717
22038	1.52717
22039	1.52717
22040	1.52717
22041	1.52717
22042	1.52717
22043	1.52717
22044	1.52717
22045	1.52717
22046	1.52717
22047	1.52717
22048	1.52718
22049	1.52718
22050	1.52718
22051	1.52718
22052	1.52718
22053	1.52718
22054	1.52718
22055	1.52718
22056	1.52718
22057	1.52719
22058	1.52719
22059	1.52719
22060	1.52719
22061	1.52719
22062	1.52719
22063	1.52719
22064	1.5272
22065	1.5272
22066	1.5272
22067	1.5272
22068	1.5272
22069	1.5272
22070	1.52721
22071	1.52721
22072	1.52721
22073	1.52721
22074	1.52721
22075	1.52721
22076	1.52722
22077	1.52722
22078	1.52722
22079	1.52722
22080	1.52723
22081	1.52723
22082	1.52723
22083	1.52723
22084	1.52723
22085	1.52724
22086	1.52724
22087	1.52724
22088	1.52725
22089	1.52725
22090	1.52725
22091	1.52725
22092	1.52726
22093	1.52726
22094	1.52726
22095	1.52727
22096	1.52727
22097	1.52727
22098	1.52728
22099	1.52728
22100	1.52728
22101	1.52729
22102	1.52729
22103	1.5273
22104	1.5273
22105	1.5273
22106	1.52731
22107	1.52731
22108	1.52732
22109	1.52732
22110	1.52733
22111	1.52733
22112	1.52733
22113	1.52734
22114	1.52734
22115	1.52735
22116	1.52735
22117	1.52736
22118	1.52737
22119	1.52737
22120	1.52738
22121	1.52738
22122	1.52739
22123	1.52739
22124	1.5274
22125	1.52741
22126	1.52741
22127	1.52742
22128	1.52743
22129	1.52743
22130	1.52744
22131	1.52745
22132	1.52745
22133	1.52746
22134	1.52747
22135	1.52748
22136	1.52748
22137	1.52749
22138	1.5275
22139	1.52751
22140	1.52752
22141	1.52752
22142	1.52753
22143	1.52754
22144	1.52755
22145	1.52756
22146	1.52757
22147	1.52758
22148	1.52759
22149	1.5276
22150	1.52761
22151	1.52762
22152	1.52763
22153	1.52764
22154	1.52765
22155	1.52766
22156	1.52767
22157	1.52768
22158	1.52769
22159	1.5277
22160	1.52772
22161	1.52773
22162	1.52774
22163	1.52775
22164	1.52776
22165	1.52778
22166	1.52779
22167	1.5278
22168	1.52781
22169	1.52783
22170	1.52784
22171	1.52785
22172	1.52787
22173	1.52788
22174	1.5279
22175	1.52791
22176	1.52792
22177	1.52794
22178	1.52795
22179	1.52797
22180	1.52798
22181	1.528
22182	1.52801
22183	1.52803
22184	1.52805
22185	1.52806
22186	1.52808
22187	1.52809
22188	1.52811
22189	1.52813
22190	1.52814
22191	1.52816
22192	1.52818
22193	1.5282
22194	1.52821
22195	1.52823
22196	1.52825
22197	1.52827
22198	1.52828
22199	1.5283
22200	1.52832
22201	1.52834
22202	1.52836
22203	1.52838
22204	1.5284
22205	1.52842
22206	1.52843
22207	1.52845
22208	1.52847
22209	1.52849
22210	1.52851
22211	1.52853
22212	1.52855
22213	1.52857
22214	1.52859
22215	1.52861
22216	1.52863
22217	1.52865
22218	1.52868
22219	1.5287
22220	1.52872
22221	1.52874
22222	1.52876
22223	1.52878
22224	1.5288
22225	1.52882
22226	1.52884
22227	1.52887
22228	1.52889
22229	1.52891
22230	1.52893
22231	1.52895
22232	1.52897
22233	1.529
22234	1.52902
22235	1.52904
22236	1.52906
22237	1.52908
22238	1.52911
22239	1.52913
22240	1.52915
22241	1.52917
22242	1.52919
22243	1.52922
22244	1.52924
22245	1.52926
22246	1.52928
22247	1.5293
22248	1.52933
22249	1.52935
22250	1.52937
22251	1.52939
22252	1.52941
22253	1.52944
22254	1.52946
22255	1.52948
22256	1.5295
22257	1.52952
22258	1.52954
22259	1.52957
22260	1.52959
22261	1.52961
22262	1.52963
22263	1.52965
22264	1.52967
22265	1.52969
22266	1.52971
22267	1.52973
22268	1.52975
22269	1.52977
22270	1.52979
22271	1.52981
22272	1.52983
22273	1.52985
22274	1.52987
22275	1.52989
22276	1.52991
22277	1.52993
22278	1.52994
22279	1.52996
22280	1.52998
22281	1.53
22282	1.53002
22283	1.53003
22284	1.53005
22285	1.53007
22286	1.53008
22287	1.5301
22288	1.53012
22289	1.53013
22290	1.53015
22291	1.53016
22292	1.53018
22293	1.53019
22294	1.53021
22295	1.53022
22296	1.53024
22297	1.53025
22298	1.53026
22299	1.53028
22300	1.53029
22301	1.5303
22302	1.53031
22303	1.53033
22304	1.53034
22305	1.53035
22306	1.53036
22307	1.53037
22308	1.53038
22309	1.53039
22310	1.5304
22311	1.53041
22312	1.53042
22313	1.53043
22314	1.53043
22315	1.53044
22316	1.53045
22317	1.53045
22318	1.53046
22319	1.53047
22320	1.53047
22321	1.53048
22322	1.53048
22323	1.53049
22324	1.53049
22325	1.5305
22326	1.5305
22327	1.5305
22328	1.5305
22329	1.53051
22330	1.53051
22331	1.53051
22332	1.53051
22333	1.53051
22334	1.53051
22335	1.53051
22336	1.53051
22337	1.53051
22338	1.53051
22339	1.53051
22340	1.5305
22341	1.5305
22342	1.5305
22343	1.53049
22344	1.53049
22345	1.53049
22346	1.53048
22347	1.53048
22348	1.53047
22349	1.53046
22350	1.53046
22351	1.53045
22352	1.53044
22353	1.53044
22354	1.53043
22355	1.53042
22356	1.53041
22357	1.5304
22358	1.53039
22359	1.53038
22360	1.53037
22361	1.53036
22362	1.53035
22363	1.53034
22364	1.53033
22365	1.53031
22366	1.5303
22367	1.53029
22368	1.53027
22369	1.53026
22370	1.53025
22371	1.53023
22372	1.53022
22373	1.5302
22374	1.53019
22375	1.53017
22376	1.53015
22377	1.53014
22378	1.53012
22379	1.5301
22380	1.53008
22381	1.53007
22382	1.53005
22383	1.53003
22384	1.53001
22385	1.52999
22386	1.52997
22387	1.52995
22388	1.52993
22389	1.52991
22390	1.52989
22391	1.52987
22392	1.52985
22393	1.52983
22394	1.52981
22395	1.52979
22396	1.52976
22397	1.52974
22398	1.52972
22399	1.5297
22400	1.52967
22401	1.52965
22402	1.52963
22403	1.5296
22404	1.52958
22405	1.52955
22406	1.52953
22407	1.5295
22408	1.52948
22409	1.52946
22410	1.52943
22411	1.5294
22412	1.52938
22413	1.52935
22414	1.52933
22415	1.5293
22416	1.52928
22417	1.52925
22418	1.52922
22419	1.5292
22420	1.52917
22421	1.52914
22422	1.52912
22423	1.52909
22424	1.52906
22425	1.52904
22426	1.52901
22427	1.52898
22428	1.52896
22429	1.52893
22430	1.5289
22431	1.52887
22432	1.52885
22433	1.52882
22434	1.52879
22435	1.52877
22436	1.52874
22437	1.52871
22438	1.52868
22439	1.52866
22440	1.52863
22441	1.5286
22442	1.52857
22443	1.52855
22444	1.52852
22445	1.52849
22446	1.52846
22447	1.52844
22448	1.52841
22449	1.52838
22450	1.52835
22451	1.52833
22452	1.5283
22453	1.52827
22454	1.52825
22455	1.52822
22456	1.52819
22457	1.52816
22458	1.52814
22459	1.52811
22460	1.52808
22461	1.52806
22462	1.52803
22463	1.52801
22464	1.52798
22465	1.52795
22466	1.52793
22467	1.5279
22468	1.52788
22469	1.52785
22470	1.52783
22471	1.5278
22472	1.52777
22473	1.52775
22474	1.52772
22475	1.5277
22476	1.52768
22477	1.52765
22478	1.52763
22479	1.5276
22480	1.52758
22481	1.52756
22482	1.52753
22483	1.52751
22484	1.52748
22485	1.52746
22486	1.52744
22487	1.52742
22488	1.52739
22489	1.52737
22490	1.52735
22491	1.52733
22492	1.52731
22493	1.52728
22494	1.52726
22495	1.52724
22496	1.52722
22497	1.5272
22498	1.52718
22499	1.52716
22500	1.52714
22501	1.52712
22502	1.5271
22503	1.52708
22504	1.52706
22505	1.52704
22506	1.52702
22507	1.527
22508	1.52698
22509	1.52697
22510	1.52695
22511	1.52693
22512	1.52691
22513	1.52689
22514	1.52688
22515	1.52686
22516	1.52684
22517	1.52683
22518	1.52681
22519	1.52679
22520	1.52678
22521	1.52676
22522	1.52675
22523	1.52673
22524	1.52672
22525	1.5267
22526	1.52669
22527	1.52667
22528	1.52666
22529	1.52664
22530	1.52663
22531	1.52662
22532	1.5266
22533	1.52659
22534	1.52658
22535	1.52656
22536	1.52655
22537	1.52654
22538	1.52653
22539	1.52652
22540	1.5265
22541	1.52649
22542	1.52648
22543	1.52647
22544	1.52646
22545	1.52645
22546	1.52644
22547	1.52643
22548	1.52642
22549	1.52641
22550	1.5264
22551	1.52639
22552	1.52638
22553	1.52637
22554	1.52636
22555	1.52636
22556	1.52635
22557	1.52634
22558	1.52633
22559	1.52632
22560	1.52632
22561	1.52631
22562	1.5263
22563	1.52629
22564	1.52629
22565	1.52628
22566	1.52627
22567	1.52627
22568	1.52626
22569	1.52626
22570	1.52625
22571	1.52624
22572	1.52624
22573	1.52623
22574	1.52623
22575	1.52622
22576	1.52622
22577	1.52622
22578	1.52621
22579	1.52621
22580	1.5262
22581	1.5262
22582	1.5262
22583	1.52619
22584	1.52619
22585	1.52619
22586	1.52618
22587	1.52618
22588	1.52618
22589	1.52617
22590	1.52617
22591	1.52617
22592	1.52617
22593	1.52617
22594	1.52616
22595	1.52616
22596	1.52616
22597	1.52616
22598	1.52616
22599	1.52616
22600	1.52616
22601	1.52616
22602	1.52615
22603	1.52615
22604	1.52615
22605	1.52615
22606	1.52615
22607	1.52615
22608	1.52615
22609	1.52615
22610	1.52615
22611	1.52615
22612	1.52615
22613	1.52616
22614	1.52616
22615	1.52616
22616	1.52616
22617	1.52616
22618	1.52616
22619	1.52616
22620	1.52616
22621	1.52616
22622	1.52617
22623	1.52617
22624	1.52617
22625	1.52617
22626	1.52617
22627	1.52617
22628	1.52618
22629	1.52618
22630	1.52618
22631	1.52618
22632	1.52619
22633	1.52619
22634	1.52619
22635	1.52619
22636	1.5262
22637	1.5262
22638	1.5262
22639	1.52621
22640	1.52621
22641	1.52621
22642	1.52622
22643	1.52622
22644	1.52622
22645	1.52623
22646	1.52623
22647	1.52623
22648	1.52624
22649	1.52624
22650	1.52624
22651	1.52625
22652	1.52625
22653	1.52626
22654	1.52626
22655	1.52626
22656	1.52627
22657	1.52627
22658	1.52628
22659	1.52628
22660	1.52629
22661	1.52629
22662	1.52629
22663	1.5263
22664	1.5263
22665	1.52631
22666	1.52631
22667	1.52632
22668	1.52632
22669	1.52633
22670	1.52633
22671	1.52634
22672	1.52634
22673	1.52635
22674	1.52635
22675	1.52636
22676	1.52636
22677	1.52637
22678	1.52637
22679	1.52638
22680	1.52638
22681	1.52639
22682	1.52639
22683	1.5264
22684	1.5264
22685	1.52641
22686	1.52641
22687	1.52642
22688	1.52642
22689	1.52643
22690	1.52643
22691	1.52644
22692	1.52645
22693	1.52645
22694	1.52646
22695	1.52646
22696	1.52647
22697	1.52647
22698	1.52648
22699	1.52648
22700	1.52649
22701	1.52649
22702	1.5265
22703	1.52651
22704	1.52651
22705	1.52652
22706	1.52652
22707	1.52653
22708	1.52653
22709	1.52654
22710	1.52654
22711	1.52655
22712	1.52656
22713	1.52656
22714	1.52657
22715	1.52657
22716	1.52658
22717	1.52658
22718	1.52659
22719	1.5266
22720	1.5266
22721	1.52661
22722	1.52661
22723	1.52662
22724	1.52662
22725	1.52663
22726	1.52664
22727	1.52664
22728	1.52665
22729	1.52665
22730	1.52666
22731	1.52666
22732	1.52667
22733	1.52667
22734	1.52668
22735	1.52669
22736	1.52669
22737	1.5267
22738	1.5267
22739	1.52671
22740	1.52671
22741	1.52672
22742	1.52672
22743	1.52673
22744	1.52674
22745	1.52674
22746	1.52675
22747	1.52675
22748	1.52676
22749	1.52676
22750	1.52677
22751	1.52677
22752	1.52678
22753	1.52679
22754	1.52679
22755	1.5268
22756	1.5268
22757	1.52681
22758	1.52681
22759	1.52682
22760	1.52682
22761	1.52683
22762	1.52683
22763	1.52684
22764	1.52684
22765	1.52685
22766	1.52685
22767	1.52686
22768	1.52686
22769	1.52687
22770	1.52688
22771	1.52688
22772	1.52689
22773	1.52689
22774	1.5269
22775	1.5269
22776	1.52691
22777	1.52691
22778	1.52692
22779	1.52692
22780	1.52693
22781	1.52693
22782	1.52694
22783	1.52694
22784	1.52695
22785	1.52695
22786	1.52696
22787	1.52696
22788	1.52697
22789	1.52697
22790	1.52698
22791	1.52698
22792	1.52699
22793	1.52699
22794	1.52699
22795	1.527
22796	1.527
22797	1.52701
22798	1.52701
22799	1.52702
22800	1.52702
22801	1.52703
22802	1.52703
22803	1.52704
22804	1.52704
22805	1.52705
22806	1.52705
22807	1.52706
22808	1.52706
22809	1.52706
22810	1.52707
22811	1.52707
22812	1.52708
22813	1.52708
22814	1.52709
22815	1.52709
22816	1.5271
22817	1.5271
22818	1.5271
22819	1.52711
22820	1.52711
22821	1.52712
22822	1.52712
22823	1.52713
22824	1.52713
22825	1.52713
22826	1.52714
22827	1.52714
22828	1.52715
22829	1.52715
22830	1.52716
22831	1.52716
22832	1.52716
22833	1.52717
22834	1.52717
22835	1.52718
22836	1.52718
22837	1.52718
22838	1.52719
22839	1.52719
22840	1.5272
22841	1.5272
22842	1.5272
22843	1.52721
22844	1.52721
22845	1.52722
22846	1.52722
22847	1.52722
22848	1.52723
22849	1.52723
22850	1.52724
22851	1.52724
22852	1.52724
22853	1.52725
22854	1.52725
22855	1.52726
22856	1.52726
22857	1.52726
22858	1.52727
22859	1.52727
22860	1.52727
22861	1.52728
22862	1.52728
22863	1.52729
22864	1.52729
22865	1.52729
22866	1.5273
22867	1.5273
22868	1.5273
22869	1.52731
22870	1.52731
22871	1.52732
22872	1.52732
22873	1.52732
22874	1.52733
22875	1.52733
22876	1.52733
22877	1.52734
22878	1.52734
22879	1.52734
22880	1.52735
22881	1.52735
22882	1.52736
22883	1.52736
22884	1.52736
22885	1.52737
22886	1.52737
22887	1.52737
22888	1.52738
22889	1.52738
22890	1.52738
22891	1.52739
22892	1.52739
22893	1.52739
22894	1.5274
22895	1.5274
22896	1.52741
22897	1.52741
22898	1.52741
22899	1.52742
22900	1.52742
22901	1.52742
22902	1.52743
22903	1.52743
22904	1.52743
22905	1.52744
22906	1.52744
22907	1.52744
22908	1.52745
22909	1.52745
22910	1.52745
22911	1.52746
22912	1.52746
22913	1.52746
22914	1.52747
22915	1.52747
22916	1.52747
22917	1.52748
22918	1.52748
22919	1.52748
22920	1.52749
22921	1.52749
22922	1.52749
22923	1.5275
22924	1.5275
22925	1.5275
22926	1.52751
22927	1.52751
22928	1.52752
22929	1.52752
22930	1.52752
22931	1.52753
22932	1.52753
22933	1.52753
22934	1.52754
22935	1.52754
22936	1.52754
22937	1.52755
22938	1.52755
22939	1.52755
22940	1.52756
22941	1.52756
22942	1.52756
22943	1.52757
22944	1.52757
22945	1.52757
22946	1.52758
22947	1.52758
22948	1.52758
22949	1.52759
22950	1.52759
22951	1.52759
22952	1.5276
22953	1.5276
22954	1.5276
22955	1.52761
22956	1.52761
22957	1.52761
22958	1.52762
22959	1.52762
22960	1.52762
22961	1.52763
22962	1.52763
22963	1.52763
22964	1.52763
22965	1.52764
22966	1.52764
22967	1.52764
22968	1.52765
22969	1.52765
22970	1.52765
22971	1.52766
22972	1.52766
22973	1.52766
22974	1.52767
22975	1.52767
22976	1.52767
22977	1.52768
22978	1.52768
22979	1.52768
22980	1.52769
22981	1.52769
22982	1.52769
22983	1.5277
22984	1.5277
22985	1.5277
22986	1.52771
22987	1.52771
22988	1.52771
22989	1.52772
22990	1.52772
22991	1.52772
22992	1.52772
22993	1.52773
22994	1.52773
22995	1.52773
22996	1.52774
22997	1.52774
22998	1.52774
22999	1.52775
23000	1.52775
23001	1.52775
23002	1.52776
23003	1.52776
23004	1.52776
23005	1.52776
23006	1.52777
23007	1.52777
23008	1.52777
23009	1.52778
23010	1.52778
23011	1.52778
23012	1.52778
23013	1.52779
23014	1.52779
23015	1.52779
23016	1.5278
23017	1.5278
23018	1.5278
23019	1.52781
23020	1.52781
23021	1.52781
23022	1.52781
23023	1.52782
23024	1.52782
23025	1.52782
23026	1.52782
23027	1.52783
23028	1.52783
23029	1.52783
23030	1.52784
23031	1.52784
23032	1.52784
23033	1.52784
23034	1.52785
23035	1.52785
23036	1.52785
23037	1.52785
23038	1.52786
23039	1.52786
23040	1.52786
23041	1.52786
23042	1.52787
23043	1.52787
23044	1.52787
23045	1.52787
23046	1.52787
23047	1.52788
23048	1.52788
23049	1.52788
23050	1.52788
23051	1.52789
23052	1.52789
23053	1.52789
23054	1.52789
23055	1.52789
23056	1.5279
23057	1.5279
23058	1.5279
23059	1.5279
23060	1.52791
23061	1.52791
23062	1.52791
23063	1.52791
23064	1.52791
23065	1.52791
23066	1.52792
23067	1.52792
23068	1.52792
23069	1.52792
23070	1.52792
23071	1.52792
23072	1.52793
23073	1.52793
23074	1.52793
23075	1.52793
23076	1.52793
23077	1.52793
23078	1.52794
23079	1.52794
23080	1.52794
23081	1.52794
23082	1.52794
23083	1.52794
23084	1.52794
23085	1.52794
23086	1.52795
23087	1.52795
23088	1.52795
23089	1.52795
23090	1.52795
23091	1.52795
23092	1.52795
23093	1.52795
23094	1.52795
23095	1.52795
23096	1.52795
23097	1.52795
23098	1.52796
23099	1.52796
23100	1.52796
23101	1.52796
23102	1.52796
23103	1.52796
23104	1.52796
23105	1.52796
23106	1.52796
23107	1.52796
23108	1.52796
23109	1.52796
23110	1.52796
23111	1.52796
23112	1.52796
23113	1.52796
23114	1.52796
23115	1.52796
23116	1.52796
23117	1.52796
23118	1.52796
23119	1.52796
23120	1.52795
23121	1.52795
23122	1.52795
23123	1.52795
23124	1.52795
23125	1.52795
23126	1.52795
23127	1.52795
23128	1.52795
23129	1.52795
23130	1.52794
23131	1.52794
23132	1.52794
23133	1.52794
23134	1.52794
23135	1.52794
23136	1.52794
23137	1.52793
23138	1.52793
23139	1.52793
23140	1.52793
23141	1.52793
23142	1.52792
23143	1.52792
23144	1.52792
23145	1.52792
23146	1.52791
23147	1.52791
23148	1.52791
23149	1.52791
23150	1.5279
23151	1.5279
23152	1.5279
23153	1.52789
23154	1.52789
23155	1.52789
23156	1.52788
23157	1.52788
23158	1.52788
23159	1.52787
23160	1.52787
23161	1.52787
23162	1.52786
23163	1.52786
23164	1.52785
23165	1.52785
23166	1.52785
23167	1.52784
23168	1.52784
23169	1.52783
23170	1.52783
23171	1.52782
23172	1.52782
23173	1.52781
23174	1.52781
23175	1.5278
23176	1.5278
23177	1.52779
23178	1.52779
23179	1.52778
23180	1.52778
23181	1.52777
23182	1.52776
23183	1.52776
23184	1.52775
23185	1.52774
23186	1.52774
23187	1.52773
23188	1.52772
23189	1.52772
23190	1.52771
23191	1.5277
23192	1.5277
23193	1.52769
23194	1.52768
23195	1.52767
23196	1.52767
23197	1.52766
23198	1.52765
23199	1.52764
23200	1.52763
23201	1.52763
23202	1.52762
23203	1.52761
23204	1.5276
23205	1.52759
23206	1.52758
23207	1.52757
23208	1.52756
23209	1.52755
23210	1.52755
23211	1.52754
23212	1.52753
23213	1.52752
23214	1.52751
23215	1.5275
23216	1.52748
23217	1.52747
23218	1.52746
23219	1.52745
23220	1.52744
23221	1.52743
23222	1.52742
23223	1.52741
23224	1.5274
23225	1.52738
23226	1.52737
23227	1.52736
23228	1.52735
23229	1.52734
23230	1.52732
23231	1.52731
23232	1.5273
23233	1.52729
23234	1.52727
23235	1.52726
23236	1.52725
23237	1.52723
23238	1.52722
23239	1.5272
23240	1.52719
23241	1.52718
23242	1.52716
23243	1.52715
23244	1.52713
23245	1.52712
23246	1.5271
23247	1.52709
23248	1.52707
23249	1.52706
23250	1.52704
23251	1.52703
23252	1.52701
23253	1.527
23254	1.52698
23255	1.52696
23256	1.52695
23257	1.52693
23258	1.52691
23259	1.5269
23260	1.52688
23261	1.52686
23262	1.52685
23263	1.52683
23264	1.52681
23265	1.52679
23266	1.52678
23267	1.52676
23268	1.52674
23269	1.52672
23270	1.5267
23271	1.52668
23272	1.52667
23273	1.52665
23274	1.52663
23275	1.52661
23276	1.52659
23277	1.52657
23278	1.52655
23279	1.52653
23280	1.52651
23281	1.52649
23282	1.52647
23283	1.52645
23284	1.52643
23285	1.52641
23286	1.52639
23287	1.52637
23288	1.52635
23289	1.52633
23290	1.52631
23291	1.52629
23292	1.52627
23293	1.52625
23294	1.52623
23295	1.5262
23296	1.52618
23297	1.52616
23298	1.52614
23299	1.52612
23300	1.5261
23301	1.52608
23302	1.52605
23303	1.52603
23304	1.52601
23305	1.52599
23306	1.52597
23307	1.52594
23308	1.52592
23309	1.5259
23310	1.52588
23311	1.52586
23312	1.52583
23313	1.52581
23314	1.52579
23315	1.52577
23316	1.52574
23317	1.52572
23318	1.5257
23319	1.52568
23320	1.52565
23321	1.52563
23322	1.52561
23323	1.52559
23324	1.52556
23325	1.52554
23326	1.52552
23327	1.5255
23328	1.52547
23329	1.52545
23330	1.52543
23331	1.52541
23332	1.52539
23333	1.52536
23334	1.52534
23335	1.52532
23336	1.5253
23337	1.52528
23338	1.52525
23339	1.52523
23340	1.52521
23341	1.52519
23342	1.52517
23343	1.52515
23344	1.52512
23345	1.5251
23346	1.52508
23347	1.52506
23348	1.52504
23349	1.52502
23350	1.525
23351	1.52498
23352	1.52496
23353	1.52494
23354	1.52492
23355	1.5249
23356	1.52488
23357	1.52486
23358	1.52484
23359	1.52482
23360	1.5248
23361	1.52478
23362	1.52476
23363	1.52475
23364	1.52473
23365	1.52471
23366	1.52469
23367	1.52467
23368	1.52466
23369	1.52464
23370	1.52462
23371	1.52461
23372	1.52459
23373	1.52457
23374	1.52456
23375	1.52454
23376	1.52453
23377	1.52451
23378	1.5245
23379	1.52448
23380	1.52447
23381	1.52445
23382	1.52444
23383	1.52443
23384	1.52441
23385	1.5244
23386	1.52439
23387	1.52438
23388	1.52436
23389	1.52435
23390	1.52434
23391	1.52433
23392	1.52432
23393	1.52431
23394	1.5243
23395	1.52429
23396	1.52428
23397	1.52427
23398	1.52426
23399	1.52425
23400	1.52425
23401	1.52424
23402	1.52423
23403	1.52422
23404	1.52422
23405	1.52421
23406	1.52421
23407	1.5242
23408	1.5242
23409	1.52419
23410	1.52419
23411	1.52418
23412	1.52418
23413	1.52418
23414	1.52417
23415	1.52417
23416	1.52417
23417	1.52417
23418	1.52417
23419	1.52417
23420	1.52417
23421	1.52417
23422	1.52417
23423	1.52417
23424	1.52417
23425	1.52417
23426	1.52418
23427	1.52418
23428	1.52418
23429	1.52419
23430	1.52419
23431	1.52419
23432	1.5242
23433	1.5242
23434	1.52421
23435	1.52422
23436	1.52422
23437	1.52423
23438	1.52424
23439	1.52424
23440	1.52425
23441	1.52426
23442	1.52427
23443	1.52428
23444	1.52429
23445	1.5243
23446	1.52431
23447	1.52432
23448	1.52433
23449	1.52435
23450	1.52436
23451	1.52437
23452	1.52438
23453	1.5244
23454	1.52441
23455	1.52443
23456	1.52444
23457	1.52446
23458	1.52447
23459	1.52449
23460	1.5245
23461	1.52452
23462	1.52454
23463	1.52455
23464	1.52457
23465	1.52459
23466	1.52461
23467	1.52463
23468	1.52465
23469	1.52467
23470	1.52469
23471	1.52471
23472	1.52473
23473	1.52475
23474	1.52477
23475	1.52479
23476	1.52481
23477	1.52484
23478	1.52486
23479	1.52488
23480	1.5249
23481	1.52493
23482	1.52495
23483	1.52498
23484	1.525
23485	1.52503
23486	1.52505
23487	1.52508
23488	1.5251
23489	1.52513
23490	1.52515
23491	1.52518
23492	1.52521
23493	1.52523
23494	1.52526
23495	1.52529
23496	1.52532
23497	1.52534
23498	1.52537
23499	1.5254
23500	1.52543
23501	1.52546
23502	1.52549
23503	1.52551
23504	1.52554
23505	1.52557
23506	1.5256
23507	1.52563
23508	1.52566
23509	1.52569
23510	1.52572
23511	1.52575
23512	1.52578
23513	1.52581
23514	1.52585
23515	1.52588
23516	1.52591
23517	1.52594
23518	1.52597
23519	1.526
23520	1.52603
23521	1.52606
23522	1.5261
23523	1.52613
23524	1.52616
23525	1.52619
23526	1.52622
23527	1.52625
23528	1.52629
23529	1.52632
23530	1.52635
23531	1.52638
23532	1.52642
23533	1.52645
23534	1.52648
23535	1.52651
23536	1.52654
23537	1.52658
23538	1.52661
23539	1.52664
23540	1.52667
23541	1.52671
23542	1.52674
23543	1.52677
23544	1.5268
23545	1.52683
23546	1.52687
23547	1.5269
23548	1.52693
23549	1.52696
23550	1.52699
23551	1.52702
23552	1.52706
23553	1.52709
23554	1.52712
23555	1.52715
23556	1.52718
23557	1.52721
23558	1.52724
23559	1.52728
23560	1.52731
23561	1.52734
23562	1.52737
23563	1.5274
23564	1.52743
23565	1.52746
23566	1.52749
23567	1.52752
23568	1.52755
23569	1.52758
23570	1.52761
23571	1.52764
23572	1.52767
23573	1.5277
23574	1.52772
23575	1.52775
23576	1.52778
23577	1.52781
23578	1.52784
23579	1.52787
23580	1.52789
23581	1.52792
23582	1.52795
23583	1.52798
23584	1.528
23585	1.52803
23586	1.52806
23587	1.52808
23588	1.52811
23589	1.52814
23590	1.52816
23591	1.52819
23592	1.52821
23593	1.52824
23594	1.52826
23595	1.52829
23596	1.52831
23597	1.52834
23598	1.52836
23599	1.52839
23600	1.52841
23601	1.52843
23602	1.52846
23603	1.52848
23604	1.5285
23605	1.52853
23606	1.52855
23607	1.52857
23608	1.52859
23609	1.52861
23610	1.52864
23611	1.52866
23612	1.52868
23613	1.5287
23614	1.52872
23615	1.52874
23616	1.52876
23617	1.52878
23618	1.5288
23619	1.52882
23620	1.52884
23621	1.52885
23622	1.52887
23623	1.52889
23624	1.52891
23625	1.52893
23626	1.52894
23627	1.52896
23628	1.52898
23629	1.529
23630	1.52901
23631	1.52903
23632	1.52904
23633	1.52906
23634	1.52908
23635	1.52909
23636	1.52911
23637	1.52912
23638	1.52914
23639	1.52915
23640	1.52916
23641	1.52918
23642	1.52919
23643	1.5292
23644	1.52922
23645	1.52923
23646	1.52924
23647	1.52926
23648	1.52927
23649	1.52928
23650	1.52929
23651	1.5293
23652	1.52931
23653	1.52932
23654	1.52934
23655	1.52935
23656	1.52936
23657	1.52937
23658	1.52938
23659	1.52939
23660	1.52939
23661	1.5294
23662	1.52941
23663	1.52942
23664	1.52943
23665	1.52944
23666	1.52945
23667	1.52945
23668	1.52946
23669	1.52947
23670	1.52948
23671	1.52948
23672	1.52949
23673	1.5295
23674	1.5295
23675	1.52951
23676	1.52951
23677	1.52952
23678	1.52952
23679	1.52953
23680	1.52954
23681	1.52954
23682	1.52954
23683	1.52955
23684	1.52955
23685	1.52956
23686	1.52956
23687	1.52957
23688	1.52957
23689	1.52957
23690	1.52957
23691	1.52958
23692	1.52958
23693	1.52958
23694	1.52959
23695	1.52959
23696	1.52959
23697	1.52959
23698	1.52959
23699	1.5296
23700	1.5296
23701	1.5296
23702	1.5296
23703	1.5296
23704	1.5296
23705	1.5296
23706	1.5296
23707	1.5296
23708	1.5296
23709	1.5296
23710	1.5296
23711	1.5296
23712	1.5296
23713	1.5296
23714	1.5296
23715	1.5296
23716	1.5296
23717	1.5296
23718	1.52959
23719	1.52959
23720	1.52959
23721	1.52959
23722	1.52959
23723	1.52959
23724	1.52958
23725	1.52958
23726	1.52958
23727	1.52958
23728	1.52957
23729	1.52957
23730	1.52957
23731	1.52957
23732	1.52956
23733	1.52956
23734	1.52956
23735	1.52955
23736	1.52955
23737	1.52955
23738	1.52954
23739	1.52954
23740	1.52954
23741	1.52953
23742	1.52953
23743	1.52952
23744	1.52952
23745	1.52951
23746	1.52951
23747	1.52951
23748	1.5295
23749	1.5295
23750	1.52949
23751	1.52949
23752	1.52948
23753	1.52948
23754	1.52947
23755	1.52947
23756	1.52946
23757	1.52946
23758	1.52945
23759	1.52945
23760	1.52944
23761	1.52944
23762	1.52943
23763	1.52942
23764	1.52942
23765	1.52941
23766	1.52941
23767	1.5294
23768	1.5294
23769	1.52939
23770	1.52938
23771	1.52938
23772	1.52937
23773	1.52937
23774	1.52936
23775	1.52935
23776	1.52935
23777	1.52934
23778	1.52933
23779	1.52933
23780	1.52932
23781	1.52931
23782	1.52931
23783	1.5293
23784	1.5293
23785	1.52929
23786	1.52928
23787	1.52928
23788	1.52927
23789	1.52926
23790	1.52926
23791	1.52925
23792	1.52924
23793	1.52924
23794	1.52923
23795	1.52922
23796	1.52922
23797	1.52921
23798	1.5292
23799	1.52919
23800	1.52919
23801	1.52918
23802	1.52917
23803	1.52917
23804	1.52916
23805	1.52915
23806	1.52915
23807	1.52914
23808	1.52913
23809	1.52913
23810	1.52912
23811	1.52911
23812	1.52911
23813	1.5291
23814	1.52909
23815	1.52908
23816	1.52908
23817	1.52907
23818	1.52906
23819	1.52906
23820	1.52905
23821	1.52904
23822	1.52904
23823	1.52903
23824	1.52902
23825	1.52902
23826	1.52901
23827	1.529
23828	1.52899
23829	1.52899
23830	1.52898
23831	1.52897
23832	1.52897
23833	1.52896
23834	1.52895
23835	1.52895
23836	1.52894
23837	1.52893
23838	1.52893
23839	1.52892
23840	1.52891
23841	1.52891
23842	1.5289
23843	1.52889
23844	1.52889
23845	1.52888
23846	1.52887
23847	1.52887
23848	1.52886
23849	1.52885
23850	1.52885
23851	1.52884
23852	1.52884
23853	1.52883
23854	1.52882
23855	1.52882
23856	1.52881
23857	1.5288
23858	1.5288
23859	1.52879
23860	1.52878
23861	1.52878
23862	1.52877
23863	1.52877
23864	1.52876
23865	1.52875
23866	1.52875
23867	1.52874
23868	1.52874
23869	1.52873
23870	1.52872
23871	1.52872
23872	1.52871
23873	1.52871
23874	1.5287
23875	1.52869
23876	1.52869
23877	1.52868
23878	1.52868
23879	1.52867
23880	1.52867
23881	1.52866
23882	1.52865
23883	1.52865
23884	1.52864
23885	1.52864
23886	1.52863
23887	1.52863
23888	1.52862
23889	1.52861
23890	1.52861
23891	1.5286
23892	1.5286
23893	1.52859
23894	1.52859
23895	1.52858
23896	1.52858
23897	1.52857
23898	1.52857
23899	1.52856
23900	1.52856
23901	1.52855
23902	1.52855
23903	1.52854
23904	1.52854
23905	1.52853
23906	1.52853
23907	1.52852
23908	1.52852
23909	1.52851
23910	1.52851
23911	1.5285
23912	1.5285
23913	1.52849
23914	1.52849
23915	1.52848
23916	1.52848
23917	1.52847
23918	1.52847
23919	1.52846
23920	1.52846
23921	1.52845
23922	1.52845
23923	1.52844
23924	1.52844
23925	1.52844
23926	1.52843
23927	1.52843
23928	1.52842
23929	1.52842
23930	1.52841
23931	1.52841
23932	1.5284
23933	1.5284
23934	1.5284
23935	1.52839
23936	1.52839
23937	1.52838
23938	1.52838
23939	1.52837
23940	1.52837
23941	1.52837
23942	1.52836
23943	1.52836
23944	1.52835
23945	1.52835
23946	1.52835
23947	1.52834
23948	1.52834
23949	1.52833
23950	1.52833
23951	1.52833
23952	1.52832
23953	1.52832
23954	1.52831
23955	1.52831
23956	1.52831
23957	1.5283
23958	1.5283
23959	1.52829
23960	1.52829
23961	1.52829
23962	1.52828
23963	1.52828
23964	1.52828
23965	1.52827
23966	1.52827
23967	1.52826
23968	1.52826
23969	1.52826
23970	1.52825
23971	1.52825
23972	1.52825
23973	1.52824
23974	1.52824
23975	1.52823
23976	1.52823
23977	1.52823
23978	1.52822
23979	1.52822
23980	1.52822
23981	1.52821
23982	1.52821
23983	1.52821
23984	1.5282
23985	1.5282
23986	1.5282
23987	1.52819
23988	1.52819
23989	1.52819
23990	1.52818
23991	1.52818
23992	1.52817
23993	1.52817
23994	1.52817
23995	1.52816
23996	1.52816
23997	1.52816
23998	1.52815
23999	1.52815
24000	1.52815
24001	1.52814
24002	1.52814
24003	1.52814
24004	1.52813
24005	1.52813
24006	1.52813
24007	1.52812
24008	1.52812
24009	1.52812
24010	1.52811
24011	1.52811
24012	1.52811
24013	1.5281
24014	1.5281
24015	1.5281
24016	1.52809
24017	1.52809
24018	1.52809
24019	1.52808
24020	1.52808
24021	1.52808
24022	1.52808
24023	1.52807
24024	1.52807
24025	1.52807
24026	1.52806
24027	1.52806
24028	1.52806
24029	1.52805
24030	1.52805
24031	1.52805
24032	1.52804
24033	1.52804
24034	1.52804
24035	1.52803
24036	1.52803
24037	1.52803
24038	1.52802
24039	1.52802
24040	1.52802
24041	1.52801
24042	1.52801
24043	1.52801
24044	1.528
24045	1.528
24046	1.528
24047	1.528
24048	1.52799
24049	1.52799
24050	1.52799
24051	1.52798
24052	1.52798
24053	1.52798
24054	1.52797
24055	1.52797
24056	1.52797
24057	1.52796
24058	1.52796
24059	1.52796
24060	1.52795
24061	1.52795
24062	1.52795
24063	1.52794
24064	1.52794
24065	1.52794
24066	1.52794
24067	1.52793
24068	1.52793
24069	1.52793
24070	1.52792
24071	1.52792
24072	1.52792
24073	1.52791
24074	1.52791
24075	1.52791
24076	1.5279
24077	1.5279
24078	1.5279
24079	1.52789
24080	1.52789
24081	1.52789
24082	1.52789
24083	1.52788
24084	1.52788
24085	1.52788
24086	1.52787
24087	1.52787
24088	1.52787
24089	1.52786
24090	1.52786
24091	1.52786
24092	1.52785
24093	1.52785
24094	1.52785
24095	1.52785
24096	1.52784
24097	1.52784
24098	1.52784
24099	1.52783
24100	1.52783
24101	1.52783
24102	1.52782
24103	1.52782
24104	1.52782
24105	1.52782
24106	1.52781
24107	1.52781
24108	1.52781
24109	1.5278
24110	1.5278
24111	1.5278
24112	1.52779
24113	1.52779
24114	1.52779
24115	1.52779
24116	1.52778
24117	1.52778
24118	1.52778
24119	1.52777
24120	1.52777
24121	1.52777
24122	1.52777
24123	1.52776
24124	1.52776
24125	1.52776
24126	1.52775
24127	1.52775
24128	1.52775
24129	1.52774
24130	1.52774
24131	1.52774
24132	1.52774
24133	1.52773
24134	1.52773
24135	1.52773
24136	1.52772
24137	1.52772
24138	1.52772
24139	1.52772
24140	1.52771
24141	1.52771
24142	1.52771
24143	1.52771
24144	1.5277
24145	1.5277
24146	1.5277
24147	1.52769
24148	1.52769
24149	1.52769
24150	1.52769
24151	1.52768
24152	1.52768
24153	1.52768
24154	1.52768
24155	1.52767
24156	1.52767
24157	1.52767
24158	1.52767
24159	1.52766
24160	1.52766
24161	1.52766
24162	1.52765
24163	1.52765
24164	1.52765
24165	1.52765
24166	1.52764
24167	1.52764
24168	1.52764
24169	1.52764
24170	1.52763
24171	1.52763
24172	1.52763
24173	1.52763
24174	1.52763
24175	1.52762
24176	1.52762
24177	1.52762
24178	1.52762
24179	1.52761
24180	1.52761
24181	1.52761
24182	1.52761
24183	1.5276
24184	1.5276
24185	1.5276
24186	1.5276
24187	1.52759
24188	1.52759
24189	1.52759
24190	1.52759
24191	1.52759
24192	1.52758
24193	1.52758
24194	1.52758
24195	1.52758
24196	1.52758
24197	1.52757
24198	1.52757
24199	1.52757
24200	1.52757
24201	1.52757
24202	1.52756
24203	1.52756
24204	1.52756
24205	1.52756
24206	1.52756
24207	1.52755
24208	1.52755
24209	1.52755
24210	1.52755
24211	1.52755
24212	1.52754
24213	1.52754
24214	1.52754
24215	1.52754
24216	1.52754
24217	1.52754
24218	1.52753
24219	1.52753
24220	1.52753
24221	1.52753
24222	1.52753
24223	1.52753
24224	1.52752
24225	1.52752
24226	1.52752
24227	1.52752
24228	1.52752
24229	1.52752
24230	1.52752
24231	1.52751
24232	1.52751
24233	1.52751
24234	1.52751
24235	1.52751
24236	1.52751
24237	1.52751
24238	1.5275
24239	1.5275
24240	1.5275
24241	1.5275
24242	1.5275
24243	1.5275
24244	1.5275
24245	1.5275
24246	1.5275
24247	1.52749
24248	1.52749
24249	1.52749
24250	1.52749
24251	1.52749
24252	1.52749
24253	1.52749
24254	1.52749
24255	1.52749
24256	1.52749
24257	1.52749
24258	1.52749
24259	1.52749
24260	1.52748
24261	1.52748
24262	1.52748
24263	1.52748
24264	1.52748
24265	1.52748
24266	1.52748
24267	1.52748
24268	1.52748
24269	1.52748
24270	1.52748
24271	1.52748
24272	1.52748
24273	1.52748
24274	1.52748
24275	1.52748
24276	1.52748
24277	1.52748
24278	1.52748
24279	1.52748
24280	1.52748
24281	1.52748
24282	1.52748
24283	1.52748
24284	1.52748
24285	1.52748
24286	1.52748
24287	1.52748
24288	1.52748
24289	1.52748
24290	1.52748
24291	1.52748
24292	1.52749
24293	1.52749
24294	1.52749
24295	1.52749
24296	1.52749
24297	1.52749
24298	1.52749
24299	1.52749
24300	1.52749
24301	1.52749
24302	1.5275
24303	1.5275
24304	1.5275
24305	1.5275
24306	1.5275
24307	1.5275
24308	1.5275
24309	1.52751
24310	1.52751
24311	1.52751
24312	1.52751
24313	1.52751
24314	1.52752
24315	1.52752
24316	1.52752
24317	1.52752
24318	1.52753
24319	1.52753
24320	1.52753
24321	1.52753
24322	1.52754
24323	1.52754
24324	1.52754
24325	1.52754
24326	1.52755
24327	1.52755
24328	1.52755
24329	1.52756
24330	1.52756
24331	1.52756
24332	1.52757
24333	1.52757
24334	1.52757
24335	1.52758
24336	1.52758
24337	1.52758
24338	1.52759
24339	1.52759
24340	1.5276
24341	1.5276
24342	1.52761
24343	1.52761
24344	1.52761
24345	1.52762
24346	1.52762
24347	1.52763
24348	1.52763
24349	1.52764
24350	1.52764
24351	1.52765
24352	1.52765
24353	1.52766
24354	1.52767
24355	1.52767
24356	1.52768
24357	1.52768
24358	1.52769
24359	1.5277
24360	1.5277
24361	1.52771
24362	1.52771
24363	1.52772
24364	1.52773
24365	1.52773
24366	1.52774
24367	1.52775
24368	1.52776
24369	1.52776
24370	1.52777
24371	1.52778
24372	1.52779
24373	1.52779
24374	1.5278
24375	1.52781
24376	1.52782
24377	1.52783
24378	1.52783
24379	1.52784
24380	1.52785
24381	1.52786
24382	1.52787
24383	1.52788
24384	1.52789
24385	1.5279
24386	1.5279
24387	1.52791
24388	1.52792
24389	1.52793
24390	1.52794
24391	1.52795
24392	1.52796
24393	1.52797
24394	1.52798
24395	1.52799
24396	1.528
24397	1.52802
24398	1.52803
24399	1.52804
24400	1.52805
24401	1.52806
24402	1.52807
24403	1.52808
24404	1.52809
24405	1.52811
24406	1.52812
24407	1.52813
24408	1.52814
24409	1.52815
24410	1.52817
24411	1.52818
24412	1.52819
24413	1.5282
24414	1.52822
24415	1.52823
24416	1.52824
24417	1.52825
24418	1.52827
24419	1.52828
24420	1.52829
24421	1.52831
24422	1.52832
24423	1.52834
24424	1.52835
24425	1.52836
24426	1.52838
24427	1.52839
24428	1.52841
24429	1.52842
24430	1.52843
24431	1.52845
24432	1.52846
24433	1.52848
24434	1.52849
24435	1.52851
24436	1.52852
24437	1.52854
24438	1.52855
24439	1.52857
24440	1.52858
24441	1.5286
24442	1.52861
24443	1.52863
24444	1.52865
24445	1.52866
24446	1.52868
24447	1.52869
24448	1.52871
24449	1.52872
24450	1.52874
24451	1.52876
24452	1.52877
24453	1.52879
24454	1.52881
24455	1.52882
24456	1.52884
24457	1.52885
24458	1.52887
24459	1.52889
24460	1.5289
24461	1.52892
24462	1.52894
24463	1.52895
24464	1.52897
24465	1.52899
24466	1.529
24467	1.52902
24468	1.52903
24469	1.52905
24470	1.52907
24471	1.52908
24472	1.5291
24473	1.52912
24474	1.52913
24475	1.52915
24476	1.52917
24477	1.52918
24478	1.5292
24479	1.52922
24480	1.52923
24481	1.52925
24482	1.52926
24483	1.52928
24484	1.5293
24485	1.52931
24486	1.52933
24487	1.52934
24488	1.52936
24489	1.52938
24490	1.52939
24491	1.52941
24492	1.52942
24493	1.52944
24494	1.52945
24495	1.52947
24496	1.52949
24497	1.5295
24498	1.52952
24499	1.52953
24500	1.52955
24501	1.52956
24502	1.52957
24503	1.52959
24504	1.5296
24505	1.52962
24506	1.52963
24507	1.52965
24508	1.52966
24509	1.52967
24510	1.52969
24511	1.5297
24512	1.52971
24513	1.52973
24514	1.52974
24515	1.52975
24516	1.52977
24517	1.52978
24518	1.52979
24519	1.5298
24520	1.52982
24521	1.52983
24522	1.52984
24523	1.52985
24524	1.52986
24525	1.52987
24526	1.52988
24527	1.5299
24528	1.52991
24529	1.52992
24530	1.52993
24531	1.52994
24532	1.52995
24533	1.52996
24534	1.52997
24535	1.52997
24536	1.52998
24537	1.52999
24538	1.53
24539	1.53001
24540	1.53002
24541	1.53002
24542	1.53003
24543	1.53004
24544	1.53005
24545	1.53005
24546	1.53006
24547	1.53007
24548	1.53007
24549	1.53008
24550	1.53008
24551	1.53009
24552	1.5301
24553	1.5301
24554	1.5301
24555	1.53011
24556	1.53011
24557	1.53012
24558	1.53012
24559	1.53012
24560	1.53013
24561	1.53013
24562	1.53013
24563	1.53013
24564	1.53014
24565	1.53014
24566	1.53014
24567	1.53014
24568	1.53014
24569	1.53014
24570	1.53014
24571	1.53014
24572	1.53014
24573	1.53014
24574	1.53014
24575	1.53014
24576	1.53014
24577	1.53014
24578	1.53014
24579	1.53013
24580	1.53013
24581	1.53013
24582	1.53013
24583	1.53012
24584	1.53012
24585	1.53012
24586	1.53011
24587	1.53011
24588	1.5301
24589	1.5301
24590	1.53009
24591	1.53009
24592	1.53008
24593	1.53008
24594	1.53007
24595	1.53007
24596	1.53006
24597	1.53005
24598	1.53005
24599	1.53004
24600	1.53003
24601	1.53002
24602	1.53001
24603	1.53001
24604	1.53
24605	1.52999
24606	1.52998
24607	1.52997
24608	1.52996
24609	1.52995
24610	1.52994
24611	1.52993
24612	1.52992
24613	1.52991
24614	1.5299
24615	1.52989
24616	1.52988
24617	1.52986
24618	1.52985
24619	1.52984
24620	1.52983
24621	1.52981
24622	1.5298
24623	1.52979
24624	1.52978
24625	1.52976
24626	1.52975
24627	1.52974
24628	1.52972
24629	1.52971
24630	1.52969
24631	1.52968
24632	1.52966
24633	1.52965
24634	1.52963
24635	1.52962
24636	1.5296
24637	1.52959
24638	1.52957
24639	1.52956
24640	1.52954
24641	1.52952
24642	1.52951
24643	1.52949
24644	1.52947
24645	1.52946
24646	1.52944
24647	1.52942
24648	1.52941
24649	1.52939
24650	1.52937
24651	1.52936
24652	1.52934
24653	1.52932
24654	1.5293
24655	1.52928
24656	1.52927
24657	1.52925
24658	1.52923
24659	1.52921
24660	1.52919
24661	1.52917
24662	1.52916
24663	1.52914
24664	1.52912
24665	1.5291
24666	1.52908
24667	1.52906
24668	1.52904
24669	1.52902
24670	1.52901
24671	1.52899
24672	1.52897
24673	1.52895
24674	1.52893
24675	1.52891
24676	1.52889
24677	1.52887
24678	1.52885
24679	1.52883
24680	1.52881
24681	1.52879
24682	1.52877
24683	1.52876
24684	1.52874
24685	1.52872
24686	1.5287
24687	1.52868
24688	1.52866
24689	1.52864
24690	1.52862
24691	1.5286
24692	1.52858
24693	1.52856
24694	1.52854
24695	1.52852
24696	1.5285
24697	1.52848
24698	1.52847
24699	1.52845
24700	1.52843
24701	1.52841
24702	1.52839
24703	1.52837
24704	1.52835
24705	1.52833
24706	1.52831
24707	1.5283
24708	1.52828
24709	1.52826
24710	1.52824
24711	1.52822
24712	1.5282
24713	1.52819
24714	1.52817
24715	1.52815
24716	1.52813
24717	1.52811
24718	1.5281
24719	1.52808
24720	1.52806
24721	1.52804
24722	1.52803
24723	1.52801
24724	1.52799
24725	1.52797
24726	1.52796
24727	1.52794
24728	1.52792
24729	1.52791
24730	1.52789
24731	1.52787
24732	1.52786
24733	1.52784
24734	1.52783
24735	1.52781
24736	1.52779
24737	1.52778
24738	1.52776
24739	1.52775
24740	1.52773
24741	1.52772
24742	1.5277
24743	1.52769
24744	1.52767
24745	1.52766
24746	1.52764
24747	1.52763
24748	1.52762
24749	1.5276
24750	1.52759
24751	1.52757
24752	1.52756
24753	1.52755
24754	1.52753
24755	1.52752
24756	1.52751
24757	1.52749
24758	1.52748
24759	1.52747
24760	1.52746
24761	1.52744
24762	1.52743
24763	1.52742
24764	1.52741
24765	1.5274
24766	1.52738
24767	1.52737
24768	1.52736
24769	1.52735
24770	1.52734
24771	1.52733
24772	1.52732
24773	1.52731
24774	1.5273
24775	1.52729
24776	1.52728
24777	1.52727
24778	1.52726
24779	1.52725
24780	1.52724
24781	1.52723
24782	1.52722
24783	1.52721
24784	1.5272
24785	1.52719
24786	1.52718
24787	1.52718
24788	1.52717
24789	1.52716
24790	1.52715
24791	1.52714
24792	1.52714
24793	1.52713
24794	1.52712
24795	1.52711
24796	1.52711
24797	1.5271
24798	1.52709
24799	1.52709
24800	1.52708
24801	1.52707
24802	1.52707
24803	1.52706
24804	1.52705
24805	1.52705
24806	1.52704
24807	1.52704
24808	1.52703
24809	1.52703
24810	1.52702
24811	1.52702
24812	1.52701
24813	1.52701
24814	1.527
24815	1.527
24816	1.52699
24817	1.52699
24818	1.52698
24819	1.52698
24820	1.52698
24821	1.52697
24822	1.52697
24823	1.52697
24824	1.52696
24825	1.52696
24826	1.52696
24827	1.52695
24828	1.52695
24829	1.52695
24830	1.52695
24831	1.52694
24832	1.52694
24833	1.52694
24834	1.52694
24835	1.52693
24836	1.52693
24837	1.52693
24838	1.52693
24839	1.52693
24840	1.52693
24841	1.52692
24842	1.52692
24843	1.52692
24844	1.52692
24845	1.52692
24846	1.52692
24847	1.52692
24848	1.52692
24849	1.52692
24850	1.52692
24851	1.52692
24852	1.52692
24853	1.52692
24854	1.52692
24855	1.52692
24856	1.52692
24857	1.52692
24858	1.52692
24859	1.52692
24860	1.52692
24861	1.52692
24862	1.52692
24863	1.52692
24864	1.52692
24865	1.52692
24866	1.52692
24867	1.52692
24868	1.52692
24869	1.52692
24870	1.52693
24871	1.52693
24872	1.52693
24873	1.52693
24874	1.52693
24875	1.52693
24876	1.52693
24877	1.52694
24878	1.52694
24879	1.52694
24880	1.52694
24881	1.52694
24882	1.52695
24883	1.52695
24884	1.52695
24885	1.52695
24886	1.52695
24887	1.52696
24888	1.52696
24889	1.52696
24890	1.52696
24891	1.52697
24892	1.52697
24893	1.52697
24894	1.52698
24895	1.52698
24896	1.52698
24897	1.52698
24898	1.52699
24899	1.52699
24900	1.52699
24901	1.527
24902	1.527
24903	1.527
24904	1.52701
24905	1.52701
24906	1.52701
24907	1.52702
24908	1.52702
24909	1.52702
24910	1.52703
24911	1.52703
24912	1.52703
24913	1.52704
24914	1.52704
24915	1.52704
24916	1.52705
24917	1.52705
24918	1.52705
24919	1.52706
24920	1.52706
24921	1.52707
24922	1.52707
24923	1.52707
24924	1.52708
24925	1.52708
24926	1.52708
24927	1.52709
24928	1.52709
24929	1.5271
24930	1.5271
24931	1.5271
24932	1.52711
24933	1.52711
24934	1.52712
24935	1.52712
24936	1.52712
24937	1.52713
24938	1.52713
24939	1.52714
24940	1.52714
24941	1.52715
24942	1.52715
24943	1.52715
24944	1.52716
24945	1.52716
24946	1.52717
24947	1.52717
24948	1.52718
24949	1.52718
24950	1.52718
24951	1.52719
24952	1.52719
24953	1.5272
24954	1.5272
24955	1.52721
24956	1.52721
24957	1.52721
24958	1.52722
24959	1.52722
24960	1.52723
24961	1.52723
24962	1.52724
24963	1.52724
24964	1.52724
24965	1.52725
24966	1.52725
24967	1.52726
24968	1.52726
24969	1.52727
24970	1.52727
24971	1.52727
24972	1.52728
24973	1.52728
24974	1.52729
24975	1.52729
24976	1.5273
24977	1.5273
24978	1.52731
24979	1.52731
24980	1.52731
24981	1.52732
24982	1.52732
24983	1.52733
24984	1.52733
24985	1.52734
24986	1.52734
24987	1.52734
24988	1.52735
24989	1.52735
24990	1.52736
24991	1.52736
24992	1.52737
24993	1.52737
24994	1.52737
24995	1.52738
24996	1.52738
24997	1.52739
24998	1.52739
24999	1.52739
25000	1.5274
25001	1.5274
25002	1.52741
25003	1.52741
25004	1.52742
25005	1.52742
25006	1.52742
25007	1.52743
25008	1.52743
25009	1.52744
25010	1.52744
25011	1.52744
25012	1.52745
25013	1.52745
25014	1.52746
25015	1.52746
25016	1.52746
25017	1.52747
25018	1.52747
25019	1.52748
25020	1.52748
25021	1.52748
25022	1.52749
25023	1.52749
25024	1.5275
25025	1.5275
25026	1.5275
25027	1.52751
25028	1.52751
25029	1.52751
25030	1.52752
25031	1.52752
25032	1.52753
25033	1.52753
25034	1.52753
25035	1.52754
25036	1.52754
25037	1.52754
25038	1.52755
25039	1.52755
25040	1.52756
25041	1.52756
25042	1.52756
25043	1.52757
25044	1.52757
25045	1.52757
25046	1.52758
25047	1.52758
25048	1.52758
25049	1.52759
25050	1.52759
25051	1.52759
25052	1.5276
25053	1.5276
25054	1.52761
25055	1.52761
25056	1.52761
25057	1.52762
25058	1.52762
25059	1.52762
25060	1.52763
25061	1.52763
25062	1.52763
25063	1.52764
25064	1.52764
25065	1.52764
25066	1.52765
25067	1.52765
25068	1.52765
25069	1.52765
25070	1.52766
25071	1.52766
25072	1.52766
25073	1.52767
25074	1.52767
25075	1.52767
25076	1.52768
25077	1.52768
25078	1.52768
25079	1.52769
25080	1.52769
25081	1.52769
25082	1.52769
25083	1.5277
25084	1.5277
25085	1.5277
25086	1.52771
25087	1.52771
25088	1.52771
25089	1.52772
25090	1.52772
25091	1.52772
25092	1.52772
25093	1.52773
25094	1.52773
25095	1.52773
25096	1.52774
25097	1.52774
25098	1.52774
25099	1.52774
25100	1.52775
25101	1.52775
25102	1.52775
25103	1.52775
25104	1.52776
25105	1.52776
25106	1.52776
25107	1.52777
25108	1.52777
25109	1.52777
25110	1.52777
25111	1.52778
25112	1.52778
25113	1.52778
25114	1.52778
25115	1.52779
25116	1.52779
25117	1.52779
25118	1.52779
25119	1.5278
25120	1.5278
25121	1.5278
25122	1.5278
25123	1.52781
25124	1.52781
25125	1.52781
25126	1.52781
25127	1.52782
25128	1.52782
25129	1.52782
25130	1.52782
25131	1.52783
25132	1.52783
25133	1.52783
25134	1.52783
25135	1.52783
25136	1.52784
25137	1.52784
25138	1.52784
25139	1.52784
25140	1.52785
25141	1.52785
25142	1.52785
25143	1.52785
25144	1.52786
25145	1.52786
25146	1.52786
25147	1.52786
25148	1.52786
25149	1.52787
25150	1.52787
25151	1.52787
25152	1.52787
25153	1.52787
25154	1.52788
25155	1.52788
25156	1.52788
25157	1.52788
25158	1.52788
25159	1.52789
25160	1.52789
25161	1.52789
25162	1.52789
25163	1.5279
25164	1.5279
25165	1.5279
25166	1.5279
25167	1.5279
25168	1.52791
25169	1.52791
25170	1.52791
25171	1.52791
25172	1.52791
25173	1.52791
25174	1.52792
25175	1.52792
25176	1.52792
25177	1.52792
25178	1.52792
25179	1.52793
25180	1.52793
25181	1.52793
25182	1.52793
25183	1.52793
25184	1.52794
25185	1.52794
25186	1.52794
25187	1.52794
25188	1.52794
25189	1.52794
25190	1.52795
25191	1.52795
25192	1.52795
25193	1.52795
25194	1.52795
25195	1.52795
25196	1.52796
25197	1.52796
25198	1.52796
25199	1.52796
25200	1.52796
25201	1.52796
25202	1.52797
25203	1.52797
25204	1.52797
25205	1.52797
25206	1.52797
25207	1.52797
25208	1.52798
25209	1.52798
25210	1.52798
25211	1.52798
25212	1.52798
25213	1.52798
25214	1.52798
25215	1.52799
25216	1.52799
25217	1.52799
25218	1.52799
25219	1.52799
25220	1.52799
25221	1.528
25222	1.528
25223	1.528
25224	1.528
25225	1.528
25226	1.528
25227	1.528
25228	1.52801
25229	1.52801
25230	1.52801
25231	1.52801
25232	1.52801
25233	1.52801
25234	1.52801
25235	1.52801
25236	1.52802
25237	1.52802
25238	1.52802
25239	1.52802
25240	1.52802
25241	1.52802
25242	1.52802
25243	1.52802
25244	1.52803
25245	1.52803
25246	1.52803
25247	1.52803
25248	1.52803
25249	1.52803
25250	1.52803
25251	1.52803
25252	1.52804
25253	1.52804
25254	1.52804
25255	1.52804
25256	1.52804
25257	1.52804
25258	1.52804
25259	1.52804
25260	1.52804
25261	1.52805
25262	1.52805
25263	1.52805
25264	1.52805
25265	1.52805
25266	1.52805
25267	1.52805
25268	1.52805
25269	1.52805
25270	1.52805
25271	1.52806
25272	1.52806
25273	1.52806
25274	1.52806
25275	1.52806
25276	1.52806
25277	1.52806
25278	1.52806
25279	1.52806
25280	1.52806
25281	1.52806
25282	1.52807
25283	1.52807
25284	1.52807
25285	1.52807
25286	1.52807
25287	1.52807
25288	1.52807
25289	1.52807
25290	1.52807
25291	1.52807
25292	1.52807
25293	1.52807
25294	1.52808
25295	1.52808
25296	1.52808
25297	1.52808
25298	1.52808
25299	1.52808
25300	1.52808
25301	1.52808
25302	1.52808
25303	1.52808
25304	1.52808
25305	1.52808
25306	1.52808
25307	1.52808
25308	1.52808
25309	1.52809
25310	1.52809
25311	1.52809
25312	1.52809
25313	1.52809
25314	1.52809
25315	1.52809
25316	1.52809
25317	1.52809
25318	1.52809
25319	1.52809
25320	1.52809
25321	1.52809
25322	1.52809
25323	1.52809
25324	1.52809
25325	1.52809
25326	1.52809
25327	1.52809
25328	1.52809
25329	1.52809
25330	1.52809
25331	1.5281
25332	1.5281
25333	1.5281
25334	1.5281
25335	1.5281
25336	1.5281
25337	1.5281
25338	1.5281
25339	1.5281
25340	1.5281
25341	1.5281
25342	1.5281
25343	1.5281
25344	1.5281
25345	1.5281
25346	1.5281
25347	1.5281
25348	1.5281
25349	1.5281
25350	1.5281
25351	1.5281
25352	1.5281
25353	1.5281
25354	1.5281
25355	1.5281
25356	1.5281
25357	1.5281
25358	1.5281
25359	1.5281
25360	1.5281
25361	1.5281
25362	1.5281
25363	1.5281
25364	1.5281
25365	1.5281
25366	1.5281
25367	1.5281
25368	1.5281
25369	1.5281
25370	1.5281
25371	1.5281
25372	1.5281
25373	1.5281
25374	1.5281
25375	1.5281
25376	1.5281
25377	1.5281
25378	1.5281
25379	1.5281
25380	1.52809
25381	1.52809
25382	1.52809
25383	1.52809
25384	1.52809
25385	1.52809
25386	1.52809
25387	1.52809
25388	1.52809
25389	1.52809
25390	1.52809
25391	1.52809
25392	1.52809
25393	1.52809
25394	1.52809
25395	1.52809
25396	1.52808
25397	1.52808
25398	1.52808
25399	1.52808
25400	1.52808
25401	1.52808
25402	1.52808
25403	1.52808
25404	1.52808
25405	1.52808
25406	1.52807
25407	1.52807
25408	1.52807
25409	1.52807
25410	1.52807
25411	1.52807
25412	1.52807
25413	1.52806
25414	1.52806
25415	1.52806
25416	1.52806
25417	1.52806
25418	1.52806
25419	1.52805
25420	1.52805
25421	1.52805
25422	1.52805
25423	1.52805
25424	1.52805
25425	1.52804
25426	1.52804
25427	1.52804
25428	1.52804
25429	1.52803
25430	1.52803
25431	1.52803
25432	1.52803
25433	1.52802
25434	1.52802
25435	1.52802
25436	1.52802
25437	1.52801
25438	1.52801
25439	1.52801
25440	1.528
25441	1.528
25442	1.528
25443	1.528
25444	1.52799
25445	1.52799
25446	1.52799
25447	1.52798
25448	1.52798
25449	1.52797
25450	1.52797
25451	1.52797
25452	1.52796
25453	1.52796
25454	1.52796
25455	1.52795
25456	1.52795
25457	1.52794
25458	1.52794
25459	1.52793
25460	1.52793
25461	1.52792
25462	1.52792
25463	1.52791
25464	1.52791
25465	1.5279
25466	1.5279
25467	1.52789
25468	1.52789
25469	1.52788
25470	1.52788
25471	1.52787
25472	1.52787
25473	1.52786
25474	1.52785
25475	1.52785
25476	1.52784
25477	1.52784
25478	1.52783
25479	1.52782
25480	1.52782
25481	1.52781
25482	1.5278
25483	1.5278
25484	1.52779
25485	1.52778
25486	1.52777
25487	1.52777
25488	1.52776
25489	1.52775
25490	1.52774
25491	1.52774
25492	1.52773
25493	1.52772
25494	1.52771
25495	1.5277
25496	1.52769
25497	1.52769
25498	1.52768
25499	1.52767
25500	1.52766
25501	1.52765
25502	1.52764
25503	1.52763
25504	1.52762
25505	1.52761
25506	1.5276
25507	1.52759
25508	1.52758
25509	1.52757
25510	1.52756
25511	1.52755
25512	1.52754
25513	1.52753
25514	1.52752
25515	1.52751
25516	1.5275
25517	1.52749
25518	1.52748
25519	1.52747
25520	1.52745
25521	1.52744
25522	1.52743
25523	1.52742
25524	1.52741
25525	1.5274
25526	1.52738
25527	1.52737
25528	1.52736
25529	1.52735
25530	1.52733
25531	1.52732
25532	1.52731
25533	1.52729
25534	1.52728
25535	1.52727
25536	1.52726
25537	1.52724
25538	1.52723
25539	1.52721
25540	1.5272
25541	1.52719
25542	1.52717
25543	1.52716
25544	1.52714
25545	1.52713
25546	1.52712
25547	1.5271
25548	1.52709
25549	1.52707
25550	1.52706
25551	1.52704
25552	1.52703
25553	1.52701
25554	1.527
25555	1.52698
25556	1.52697
25557	1.52695
25558	1.52694
25559	1.52692
25560	1.52691
25561	1.52689
25562	1.52687
25563	1.52686
25564	1.52684
25565	1.52683
25566	1.52681
25567	1.5268
25568	1.52678
25569	1.52676
25570	1.52675
25571	1.52673
25572	1.52672
25573	1.5267
25574	1.52668
25575	1.52667
25576	1.52665
25577	1.52663
25578	1.52662
25579	1.5266
25580	1.52658
25581	1.52657
25582	1.52655
25583	1.52654
25584	1.52652
25585	1.5265
25586	1.52649
25587	1.52647
25588	1.52645
25589	1.52644
25590	1.52642
25591	1.52641
25592	1.52639
25593	1.52637
25594	1.52636
25595	1.52634
25596	1.52632
25597	1.52631
25598	1.52629
25599	1.52628
25600	1.52626
25601	1.52625
25602	1.52623
25603	1.52621
25604	1.5262
25605	1.52618
25606	1.52617
25607	1.52615
25608	1.52614
25609	1.52612
25610	1.52611
25611	1.52609
25612	1.52608
25613	1.52606
25614	1.52605
25615	1.52603
25616	1.52602
25617	1.526
25618	1.52599
25619	1.52598
25620	1.52596
25621	1.52595
25622	1.52593
25623	1.52592
25624	1.52591
25625	1.52589
25626	1.52588
25627	1.52587
25628	1.52586
25629	1.52584
25630	1.52583
25631	1.52582
25632	1.52581
25633	1.52579
25634	1.52578
25635	1.52577
25636	1.52576
25637	1.52575
25638	1.52574
25639	1.52573
25640	1.52572
25641	1.52571
25642	1.5257
25643	1.52569
25644	1.52568
25645	1.52567
25646	1.52566
25647	1.52565
25648	1.52564
25649	1.52563
25650	1.52562
25651	1.52562
25652	1.52561
25653	1.5256
25654	1.52559
25655	1.52559
25656	1.52558
25657	1.52557
25658	1.52557
25659	1.52556
25660	1.52555
25661	1.52555
25662	1.52554
25663	1.52554
25664	1.52553
25665	1.52553
25666	1.52552
25667	1.52552
25668	1.52552
25669	1.52551
25670	1.52551
25671	1.52551
25672	1.5255
25673	1.5255
25674	1.5255
25675	1.5255
25676	1.5255
25677	1.5255
25678	1.52549
25679	1.52549
25680	1.52549
25681	1.52549
25682	1.52549
25683	1.52549
25684	1.52549
25685	1.5255
25686	1.5255
25687	1.5255
25688	1.5255
25689	1.5255
25690	1.52551
25691	1.52551
25692	1.52551
25693	1.52551
25694	1.52552
25695	1.52552
25696	1.52553
25697	1.52553
25698	1.52554
25699	1.52554
25700	1.52555
25701	1.52555
25702	1.52556
25703	1.52556
25704	1.52557
25705	1.52558
25706	1.52558
25707	1.52559
25708	1.5256
25709	1.52561
25710	1.52561
25711	1.52562
25712	1.52563
25713	1.52564
25714	1.52565
25715	1.52566
25716	1.52567
25717	1.52568
25718	1.52569
25719	1.5257
25720	1.52571
25721	1.52572
25722	1.52573
25723	1.52574
25724	1.52576
25725	1.52577
25726	1.52578
25727	1.52579
25728	1.52581
25729	1.52582
25730	1.52583
25731	1.52584
25732	1.52586
25733	1.52587
25734	1.52589
25735	1.5259
25736	1.52591
25737	1.52593
25738	1.52594
25739	1.52596
25740	1.52597
25741	1.52599
25742	1.52601
25743	1.52602
25744	1.52604
25745	1.52605
25746	1.52607
25747	1.52609
25748	1.5261
25749	1.52612
25750	1.52614
25751	1.52615
25752	1.52617
25753	1.52619
25754	1.52621
25755	1.52622
25756	1.52624
25757	1.52626
25758	1.52628
25759	1.5263
25760	1.52631
25761	1.52633
25762	1.52635
25763	1.52637
25764	1.52639
25765	1.52641
25766	1.52643
25767	1.52645
25768	1.52647
25769	1.52649
25770	1.52651
25771	1.52653
25772	1.52655
25773	1.52656
25774	1.52658
25775	1.5266
25776	1.52662
25777	1.52664
25778	1.52666
25779	1.52669
25780	1.52671
25781	1.52673
25782	1.52675
25783	1.52677
25784	1.52679
25785	1.52681
25786	1.52683
25787	1.52685
25788	1.52687
25789	1.52689
25790	1.52691
25791	1.52693
25792	1.52695
25793	1.52697
25794	1.52699
25795	1.52701
25796	1.52703
25797	1.52705
25798	1.52707
25799	1.5271
25800	1.52712
25801	1.52714
25802	1.52716
25803	1.52718
25804	1.5272
25805	1.52722
25806	1.52724
25807	1.52726
25808	1.52728
25809	1.5273
25810	1.52732
25811	1.52734
25812	1.52736
25813	1.52738
25814	1.5274
25815	1.52742
25816	1.52744
25817	1.52746
25818	1.52748
25819	1.5275
25820	1.52752
25821	1.52754
25822	1.52756
25823	1.52758
25824	1.5276
25825	1.52761
25826	1.52763
25827	1.52765
25828	1.52767
25829	1.52769
25830	1.52771
25831	1.52773
25832	1.52775
25833	1.52776
25834	1.52778
25835	1.5278
25836	1.52782
25837	1.52784
25838	1.52785
25839	1.52787
25840	1.52789
25841	1.52791
25842	1.52792
25843	1.52794
25844	1.52796
25845	1.52797
25846	1.52799
25847	1.52801
25848	1.52802
25849	1.52804
25850	1.52806
25851	1.52807
25852	1.52809
25853	1.5281
25854	1.52812
25855	1.52814
25856	1.52815
25857	1.52817
25858	1.52818
25859	1.5282
25860	1.52821
25861	1.52823
25862	1.52824
25863	1.52825
25864	1.52827
25865	1.52828
25866	1.5283
25867	1.52831
25868	1.52832
25869	1.52834
25870	1.52835
25871	1.52836
25872	1.52838
25873	1.52839
25874	1.5284
25875	1.52841
25876	1.52843
25877	1.52844
25878	1.52845
25879	1.52846
25880	1.52847
25881	1.52849
25882	1.5285
25883	1.52851
25884	1.52852
25885	1.52853
25886	1.52854
25887	1.52855
25888	1.52856
25889	1.52857
25890	1.52858
25891	1.52859
25892	1.5286
25893	1.52861
25894	1.52862
25895	1.52863
25896	1.52864
25897	1.52865
25898	1.52866
25899	1.52867
25900	1.52868
25901	1.52868
25902	1.52869
25903	1.5287
25904	1.52871
25905	1.52872
25906	1.52872
25907	1.52873
25908	1.52874
25909	1.52875
25910	1.52875
25911	1.52876
25912	1.52877
25913	1.52877
25914	1.52878
25915	1.52879
25916	1.52879
25917	1.5288
25918	1.5288
25919	1.52881
25920	1.52882
25921	1.52882
25922	1.52883
25923	1.52883
25924	1.52884
25925	1.52884
25926	1.52885
25927	1.52885
25928	1.52885
25929	1.52886
25930	1.52886
25931	1.52887
25932	1.52887
25933	1.52887
25934	1.52888
25935	1.52888
25936	1.52889
25937	1.52889
25938	1.52889
25939	1.52889
25940	1.5289
25941	1.5289
25942	1.5289
25943	1.52891
25944	1.52891
25945	1.52891
25946	1.52891
25947	1.52891
25948	1.52892
25949	1.52892
25950	1.52892
25951	1.52892
25952	1.52892
25953	1.52892
25954	1.52893
25955	1.52893
25956	1.52893
25957	1.52893
25958	1.52893
25959	1.52893
25960	1.52893
25961	1.52893
25962	1.52893
25963	1.52893
25964	1.52893
25965	1.52893
25966	1.52893
25967	1.52893
25968	1.52893
25969	1.52893
25970	1.52893
25971	1.52893
25972	1.52893
25973	1.52893
25974	1.52893
25975	1.52893
25976	1.52893
25977	1.52893
25978	1.52893
25979	1.52892
25980	1.52892
25981	1.52892
25982	1.52892
25983	1.52892
25984	1.52892
25985	1.52892
25986	1.52891
25987	1.52891
25988	1.52891
25989	1.52891
25990	1.52891
25991	1.5289
25992	1.5289
25993	1.5289
25994	1.5289
25995	1.5289
25996	1.52889
25997	1.52889
25998	1.52889
25999	1.52889
26000	1.52888
26001	1.52888
26002	1.52888
26003	1.52887
26004	1.52887
26005	1.52887
26006	1.52887
26007	1.52886
26008	1.52886
26009	1.52886
26010	1.52885
26011	1.52885
26012	1.52885
26013	1.52884
26014	1.52884
26015	1.52884
26016	1.52883
26017	1.52883
26018	1.52883
26019	1.52882
26020	1.52882
26021	1.52882
26022	1.52881
26023	1.52881
26024	1.5288
26025	1.5288
26026	1.5288
26027	1.52879
26028	1.52879
26029	1.52878
26030	1.52878
26031	1.52878
26032	1.52877
26033	1.52877
26034	1.52876
26035	1.52876
26036	1.52876
26037	1.52875
26038	1.52875
26039	1.52874
26040	1.52874
26041	1.52873
26042	1.52873
26043	1.52873
26044	1.52872
26045	1.52872
26046	1.52871
26047	1.52871
26048	1.5287
26049	1.5287
26050	1.5287
26051	1.52869
26052	1.52869
26053	1.52868
26054	1.52868
26055	1.52867
26056	1.52867
26057	1.52866
26058	1.52866
26059	1.52865
26060	1.52865
26061	1.52865
26062	1.52864
26063	1.52864
26064	1.52863
26065	1.52863
26066	1.52862
26067	1.52862
26068	1.52861
26069	1.52861
26070	1.5286
26071	1.5286
26072	1.52859
26073	1.52859
26074	1.52858
26075	1.52858
26076	1.52857
26077	1.52857
26078	1.52857
26079	1.52856
26080	1.52856
26081	1.52855
26082	1.52855
26083	1.52854
26084	1.52854
26085	1.52853
26086	1.52853
26087	1.52852
26088	1.52852
26089	1.52851
26090	1.52851
26091	1.5285
26092	1.5285
26093	1.5285
26094	1.52849
26095	1.52849
26096	1.52848
26097	1.52848
26098	1.52847
26099	1.52847
26100	1.52846
26101	1.52846
26102	1.52845
26103	1.52845
26104	1.52844
26105	1.52844
26106	1.52843
26107	1.52843
26108	1.52843
26109	1.52842
26110	1.52842
26111	1.52841
26112	1.52841
26113	1.5284
26114	1.5284
26115	1.52839
26116	1.52839
26117	1.52838
26118	1.52838
26119	1.52838
26120	1.52837
26121	1.52837
26122	1.52836
26123	1.52836
26124	1.52835
26125	1.52835
26126	1.52834
26127	1.52834
26128	1.52834
26129	1.52833
26130	1.52833
26131	1.52832
26132	1.52832
26133	1.52831
26134	1.52831
26135	1.52831
26136	1.5283
26137	1.5283
26138	1.52829
26139	1.52829
26140	1.52828
26141	1.52828
26142	1.52828
26143	1.52827
26144	1.52827
26145	1.52826
26146	1.52826
26147	1.52826
26148	1.52825
26149	1.52825
26150	1.52824
26151	1.52824
26152	1.52824
26153	1.52823
26154	1.52823
26155	1.52822
26156	1.52822
26157	1.52822
26158	1.52821
26159	1.52821
26160	1.5282
26161	1.5282
26162	1.5282
26163	1.52819
26164	1.52819
26165	1.52818
26166	1.52818
26167	1.52818
26168	1.52817
26169	1.52817
26170	1.52817
26171	1.52816
26172	1.52816
26173	1.52815
26174	1.52815
26175	1.52815
26176	1.52814
26177	1.52814
26178	1.52814
26179	1.52813
26180	1.52813
26181	1.52812
26182	1.52812
26183	1.52812
26184	1.52811
26185	1.52811
26186	1.52811
26187	1.5281
26188	1.5281
26189	1.5281
26190	1.52809
26191	1.52809
26192	1.52809
26193	1.52808
26194	1.52808
26195	1.52808
26196	1.52807
26197	1.52807
26198	1.52806
26199	1.52806
26200	1.52806
26201	1.52805
26202	1.52805
26203	1.52805
26204	1.52804
26205	1.52804
26206	1.52804
26207	1.52803
26208	1.52803
26209	1.52803
26210	1.52802
26211	1.52802
26212	1.52802
26213	1.52801
26214	1.52801
26215	1.52801
26216	1.52801
26217	1.528
26218	1.528
26219	1.528
26220	1.52799
26221	1.52799
26222	1.52799
26223	1.52798
26224	1.52798
26225	1.52798
26226	1.52797
26227	1.52797
26228	1.52797
26229	1.52796
26230	1.52796
26231	1.52796
26232	1.52795
26233	1.52795
26234	1.52795
26235	1.52795
26236	1.52794
26237	1.52794
26238	1.52794
26239	1.52793
26240	1.52793
26241	1.52793
26242	1.52792
26243	1.52792
26244	1.52792
26245	1.52792
26246	1.52791
26247	1.52791
26248	1.52791
26249	1.5279
26250	1.5279
26251	1.5279
26252	1.52789
26253	1.52789
26254	1.52789
26255	1.52789
26256	1.52788
26257	1.52788
26258	1.52788
26259	1.52787
26260	1.52787
26261	1.52787
26262	1.52787
26263	1.52786
26264	1.52786
26265	1.52786
26266	1.52785
26267	1.52785
26268	1.52785
26269	1.52785
26270	1.52784
26271	1.52784
26272	1.52784
26273	1.52783
26274	1.52783
26275	1.52783
26276	1.52783
26277	1.52782
26278	1.52782
26279	1.52782
26280	1.52781
26281	1.52781
26282	1.52781
26283	1.52781
26284	1.5278
26285	1.5278
26286	1.5278
26287	1.5278
26288	1.52779
26289	1.52779
26290	1.52779
26291	1.52778
26292	1.52778
26293	1.52778
26294	1.52778
26295	1.52777
26296	1.52777
26297	1.52777
26298	1.52777
26299	1.52776
26300	1.52776
26301	1.52776
26302	1.52776
26303	1.52775
26304	1.52775
26305	1.52775
26306	1.52774
26307	1.52774
26308	1.52774
26309	1.52774
26310	1.52773
26311	1.52773
26312	1.52773
26313	1.52773
26314	1.52772
26315	1.52772
26316	1.52772
26317	1.52772
26318	1.52771
26319	1.52771
26320	1.52771
26321	1.52771
26322	1.5277
26323	1.5277
26324	1.5277
26325	1.5277
26326	1.52769
26327	1.52769
26328	1.52769
26329	1.52769
26330	1.52768
26331	1.52768
26332	1.52768
26333	1.52768
26334	1.52767
26335	1.52767
26336	1.52767
26337	1.52767
26338	1.52766
26339	1.52766
26340	1.52766
26341	1.52766
26342	1.52765
26343	1.52765
26344	1.52765
26345	1.52765
26346	1.52764
26347	1.52764
26348	1.52764
26349	1.52764
26350	1.52763
26351	1.52763
26352	1.52763
26353	1.52763
26354	1.52763
26355	1.52762
26356	1.52762
26357	1.52762
26358	1.52762
26359	1.52761
26360	1.52761
26361	1.52761
26362	1.52761
26363	1.52761
26364	1.5276
26365	1.5276
26366	1.5276
26367	1.5276
26368	1.5276
26369	1.52759
26370	1.52759
26371	1.52759
26372	1.52759
26373	1.52758
26374	1.52758
26375	1.52758
26376	1.52758
26377	1.52758
26378	1.52758
26379	1.52757
26380	1.52757
26381	1.52757
26382	1.52757
26383	1.52757
26384	1.52756
26385	1.52756
26386	1.52756
26387	1.52756
26388	1.52756
26389	1.52755
26390	1.52755
26391	1.52755
26392	1.52755
26393	1.52755
26394	1.52755
26395	1.52754
26396	1.52754
26397	1.52754
26398	1.52754
26399	1.52754
26400	1.52754
26401	1.52754
26402	1.52753
26403	1.52753
26404	1.52753
26405	1.52753
26406	1.52753
26407	1.52753
26408	1.52753
26409	1.52752
26410	1.52752
26411	1.52752
26412	1.52752
26413	1.52752
26414	1.52752
26415	1.52752
26416	1.52752
26417	1.52752
26418	1.52751
26419	1.52751
26420	1.52751
26421	1.52751
26422	1.52751
26423	1.52751
26424	1.52751
26425	1.52751
26426	1.52751
26427	1.52751
26428	1.52751
26429	1.52751
26430	1.5275
26431	1.5275
26432	1.5275
26433	1.5275
26434	1.5275
26435	1.5275
26436	1.5275
26437	1.5275
26438	1.5275
26439	1.5275
26440	1.5275
26441	1.5275
26442	1.5275
26443	1.5275
26444	1.5275
26445	1.5275
26446	1.5275
26447	1.5275
26448	1.5275
26449	1.5275
26450	1.5275
26451	1.5275
26452	1.5275
26453	1.5275
26454	1.5275
26455	1.5275
26456	1.5275
26457	1.5275
26458	1.5275
26459	1.5275
26460	1.5275
26461	1.52751
26462	1.52751
26463	1.52751
26464	1.52751
26465	1.52751
26466	1.52751
26467	1.52751
26468	1.52751
26469	1.52751
26470	1.52751
26471	1.52752
26472	1.52752
26473	1.52752
26474	1.52752
26475	1.52752
26476	1.52752
26477	1.52752
26478	1.52753
26479	1.52753
26480	1.52753
26481	1.52753
26482	1.52753
26483	1.52753
26484	1.52754
26485	1.52754
26486	1.52754
26487	1.52754
26488	1.52755
26489	1.52755
26490	1.52755
26491	1.52755
26492	1.52756
26493	1.52756
26494	1.52756
26495	1.52756
26496	1.52757
26497	1.52757
26498	1.52757
26499	1.52758
26500	1.52758
26501	1.52758
26502	1.52759
26503	1.52759
26504	1.52759
26505	1.5276
26506	1.5276
26507	1.5276
26508	1.52761
26509	1.52761
26510	1.52761
26511	1.52762
26512	1.52762
26513	1.52763
26514	1.52763
26515	1.52764
26516	1.52764
26517	1.52764
26518	1.52765
26519	1.52765
26520	1.52766
26521	1.52766
26522	1.52767
26523	1.52767
26524	1.52768
26525	1.52768
26526	1.52769
26527	1.52769
26528	1.5277
26529	1.5277
26530	1.52771
26531	1.52772
26532	1.52772
26533	1.52773
26534	1.52773
26535	1.52774
26536	1.52775
26537	1.52775
26538	1.52776
26539	1.52777
26540	1.52777
26541	1.52778
26542	1.52779
26543	1.52779
26544	1.5278
26545	1.52781
26546	1.52781
26547	1.52782
26548	1.52783
26549	1.52784
26550	1.52784
26551	1.52785
26552	1.52786
26553	1.52787
26554	1.52787
26555	1.52788
26556	1.52789
26557	1.5279
26558	1.52791
26559	1.52792
26560	1.52792
26561	1.52793
26562	1.52794
26563	1.52795
26564	1.52796
26565	1.52797
26566	1.52798
26567	1.52799
26568	1.528
26569	1.52801
26570	1.52802
26571	1.52803
26572	1.52804
26573	1.52805
26574	1.52806
26575	1.52807
26576	1.52808
26577	1.52809
26578	1.5281
26579	1.52811
26580	1.52812
26581	1.52813
26582	1.52814
26583	1.52815
26584	1.52816
26585	1.52817
26586	1.52819
26587	1.5282
26588	1.52821
26589	1.52822
26590	1.52823
26591	1.52824
26592	1.52826
26593	1.52827
26594	1.52828
26595	1.52829
26596	1.5283
26597	1.52832
26598	1.52833
26599	1.52834
26600	1.52835
26601	1.52837
26602	1.52838
26603	1.52839
26604	1.52841
26605	1.52842
26606	1.52843
26607	1.52845
26608	1.52846
26609	1.52847
26610	1.52849
26611	1.5285
26612	1.52851
26613	1.52853
26614	1.52854
26615	1.52856
26616	1.52857
26617	1.52859
26618	1.5286
26619	1.52861
26620	1.52863
26621	1.52864
26622	1.52866
26623	1.52867
26624	1.52869
26625	1.5287
26626	1.52872
26627	1.52873
26628	1.52875
26629	1.52876
26630	1.52878
26631	1.52879
26632	1.52881
26633	1.52882
26634	1.52884
26635	1.52885
26636	1.52887
26637	1.52889
26638	1.5289
26639	1.52892
26640	1.52893
26641	1.52895
26642	1.52896
26643	1.52898
26644	1.529
26645	1.52901
26646	1.52903
26647	1.52904
26648	1.52906
26649	1.52908
26650	1.52909
26651	1.52911
26652	1.52913
26653	1.52914
26654	1.52916
26655	1.52917
26656	1.52919
26657	1.52921
26658	1.52922
26659	1.52924
26660	1.52925
26661	1.52927
26662	1.52929
26663	1.5293
26664	1.52932
26665	1.52934
26666	1.52935
26667	1.52937
26668	1.52938
26669	1.5294
26670	1.52942
26671	1.52943
26672	1.52945
26673	1.52946
26674	1.52948
26675	1.5295
26676	1.52951
26677	1.52953
26678	1.52954
26679	1.52956
26680	1.52958
26681	1.52959
26682	1.52961
26683	1.52962
26684	1.52964
26685	1.52965
26686	1.52967
26687	1.52968
26688	1.5297
26689	1.52971
26690	1.52973
26691	1.52974
26692	1.52976
26693	1.52977
26694	1.52979
26695	1.5298
26696	1.52982
26697	1.52983
26698	1.52984
26699	1.52986
26700	1.52987
26701	1.52989
26702	1.5299
26703	1.52991
26704	1.52993
26705	1.52994
26706	1.52995
26707	1.52997
26708	1.52998
26709	1.52999
26710	1.53
26711	1.53002
26712	1.53003
26713	1.53004
26714	1.53005
26715	1.53006
26716	1.53007
26717	1.53009
26718	1.5301
26719	1.53011
26720	1.53012
26721	1.53013
26722	1.53014
26723	1.53015
26724	1.53016
26725	1.53017
26726	1.53018
26727	1.53019
26728	1.5302
26729	1.53021
26730	1.53022
26731	1.53023
26732	1.53023
26733	1.53024
26734	1.53025
26735	1.53026
26736	1.53026
26737	1.53027
26738	1.53028
26739	1.53029
26740	1.53029
26741	1.5303
26742	1.53031
26743	1.53031
26744	1.53032
26745	1.53032
26746	1.53033
26747	1.53033
26748	1.53034
26749	1.53034
26750	1.53034
26751	1.53035
26752	1.53035
26753	1.53036
26754	1.53036
26755	1.53036
26756	1.53036
26757	1.53037
26758	1.53037
26759	1.53037
26760	1.53037
26761	1.53037
26762	1.53037
26763	1.53037
26764	1.53037
26765	1.53037
26766	1.53037
26767	1.53037
26768	1.53037
26769	1.53037
26770	1.53037
26771	1.53037
26772	1.53037
26773	1.53036
26774	1.53036
26775	1.53036
26776	1.53036
26777	1.53035
26778	1.53035
26779	1.53035
26780	1.53034
26781	1.53034
26782	1.53033
26783	1.53033
26784	1.53032
26785	1.53032
26786	1.53031
26787	1.5303
26788	1.5303
26789	1.53029
26790	1.53028
26791	1.53028
26792	1.53027
26793	1.53026
26794	1.53025
26795	1.53024
26796	1.53023
26797	1.53023
26798	1.53022
26799	1.53021
26800	1.5302
26801	1.53019
26802	1.53018
26803	1.53017
26804	1.53016
26805	1.53014
26806	1.53013
26807	1.53012
26808	1.53011
26809	1.5301
26810	1.53008
26811	1.53007
26812	1.53006
26813	1.53005
26814	1.53003
26815	1.53002
26816	1.53
26817	1.52999
26818	1.52998
26819	1.52996
26820	1.52995
26821	1.52993
26822	1.52991
26823	1.5299
26824	1.52988
26825	1.52987
26826	1.52985
26827	1.52983
26828	1.52982
26829	1.5298
26830	1.52978
26831	1.52977
26832	1.52975
26833	1.52973
26834	1.52971
26835	1.52969
26836	1.52968
26837	1.52966
26838	1.52964
26839	1.52962
26840	1.5296
26841	1.52958
26842	1.52956
26843	1.52954
26844	1.52952
26845	1.5295
26846	1.52948
26847	1.52946
26848	1.52944
26849	1.52942
26850	1.5294
26851	1.52938
26852	1.52936
26853	1.52934
26854	1.52932
26855	1.5293
26856	1.52927
26857	1.52925
26858	1.52923
26859	1.52921
26860	1.52919
26861	1.52916
26862	1.52914
26863	1.52912
26864	1.5291
26865	1.52908
26866	1.52905
26867	1.52903
26868	1.52901
26869	1.52898
26870	1.52896
26871	1.52894
26872	1.52892
26873	1.52889
26874	1.52887
26875	1.52885
26876	1.52882
26877	1.5288
26878	1.52878
26879	1.52875
26880	1.52873
26881	1.52871
26882	1.52868
26883	1.52866
26884	1.52864
26885	1.52861
26886	1.52859
26887	1.52857
26888	1.52854
26889	1.52852
26890	1.5285
26891	1.52847
26892	1.52845
26893	1.52842
26894	1.5284
26895	1.52838
26896	1.52835
26897	1.52833
26898	1.52831
26899	1.52828
26900	1.52826
26901	1.52824
26902	1.52821
26903	1.52819
26904	1.52817
26905	1.52814
26906	1.52812
26907	1.5281
26908	1.52808
26909	1.52805
26910	1.52803
26911	1.52801
26912	1.52798
26913	1.52796
26914	1.52794
26915	1.52792
26916	1.52789
26917	1.52787
26918	1.52785
26919	1.52783
26920	1.52781
26921	1.52778
26922	1.52776
26923	1.52774
26924	1.52772
26925	1.5277
26926	1.52767
26927	1.52765
26928	1.52763
26929	1.52761
26930	1.52759
26931	1.52757
26932	1.52755
26933	1.52753
26934	1.52751
26935	1.52749
26936	1.52747
26937	1.52745
26938	1.52743
26939	1.52741
26940	1.52739
26941	1.52737
26942	1.52735
26943	1.52733
26944	1.52731
26945	1.52729
26946	1.52727
26947	1.52725
26948	1.52723
26949	1.52722
26950	1.5272
26951	1.52718
26952	1.52716
26953	1.52714
26954	1.52713
26955	1.52711
26956	1.52709
26957	1.52707
26958	1.52706
26959	1.52704
26960	1.52702
26961	1.52701
26962	1.52699
26963	1.52697
26964	1.52696
26965	1.52694
26966	1.52693
26967	1.52691
26968	1.52689
26969	1.52688
26970	1.52686
26971	1.52685
26972	1.52683
26973	1.52682
26974	1.52681
26975	1.52679
26976	1.52678
26977	1.52676
26978	1.52675
26979	1.52674
26980	1.52672
26981	1.52671
26982	1.5267
26983	1.52668
26984	1.52667
26985	1.52666
26986	1.52665
26987	1.52663
26988	1.52662
26989	1.52661
26990	1.5266
26991	1.52659
26992	1.52658
26993	1.52657
26994	1.52655
26995	1.52654
26996	1.52653
26997	1.52652
26998	1.52651
26999	1.5265
27000	1.52649
27001	1.52648
27002	1.52647
27003	1.52646
27004	1.52646
27005	1.52645
27006	1.52644
27007	1.52643
27008	1.52642
27009	1.52641
27010	1.5264
27011	1.5264
27012	1.52639
27013	1.52638
27014	1.52637
27015	1.52637
27016	1.52636
27017	1.52635
27018	1.52635
27019	1.52634
27020	1.52633
27021	1.52633
27022	1.52632
27023	1.52631
27024	1.52631
27025	1.5263
27026	1.5263
27027	1.52629
27028	1.52629
27029	1.52628
27030	1.52628
27031	1.52627
27032	1.52627
27033	1.52626
27034	1.52626
27035	1.52626
27036	1.52625
27037	1.52625
27038	1.52624
27039	1.52624
27040	1.52624
27041	1.52623
27042	1.52623
27043	1.52623
27044	1.52622
27045	1.52622
27046	1.52622
27047	1.52622
27048	1.52622
27049	1.52621
27050	1.52621
27051	1.52621
27052	1.52621
27053	1.52621
27054	1.5262
27055	1.5262
27056	1.5262
27057	1.5262
27058	1.5262
27059	1.5262
27060	1.5262
27061	1.5262
27062	1.5262
27063	1.5262
27064	1.5262
27065	1.5262
27066	1.5262
27067	1.5262
27068	1.5262
27069	1.5262
27070	1.5262
27071	1.5262
27072	1.5262
27073	1.5262
27074	1.5262
27075	1.5262
27076	1.5262
27077	1.5262
27078	1.52621
27079	1.52621
27080	1.52621
27081	1.52621
27082	1.52621
27083	1.52621
27084	1.52622
27085	1.52622
27086	1.52622
27087	1.52622
27088	1.52622
27089	1.52623
27090	1.52623
27091	1.52623
27092	1.52623
27093	1.52624
27094	1.52624
27095	1.52624
27096	1.52624
27097	1.52625
27098	1.52625
27099	1.52625
27100	1.52626
27101	1.52626
27102	1.52626
27103	1.52627
27104	1.52627
27105	1.52627
27106	1.52628
27107	1.52628
27108	1.52628
27109	1.52629
27110	1.52629
27111	1.5263
27112	1.5263
27113	1.5263
27114	1.52631
27115	1.52631
27116	1.52632
27117	1.52632
27118	1.52632
27119	1.52633
27120	1.52633
27121	1.52634
27122	1.52634
27123	1.52635
27124	1.52635
27125	1.52636
27126	1.52636
27127	1.52636
27128	1.52637
27129	1.52637
27130	1.52638
27131	1.52638
27132	1.52639
27133	1.52639
27134	1.5264
27135	1.5264
27136	1.52641
27137	1.52641
27138	1.52642
27139	1.52642
27140	1.52643
27141	1.52643
27142	1.52644
27143	1.52644
27144	1.52645
27145	1.52645
27146	1.52646
27147	1.52646
27148	1.52647
27149	1.52647
27150	1.52648
27151	1.52649
27152	1.52649
27153	1.5265
27154	1.5265
27155	1.52651
27156	1.52651
27157	1.52652
27158	1.52652
27159	1.52653
27160	1.52653
27161	1.52654
27162	1.52654
27163	1.52655
27164	1.52656
27165	1.52656
27166	1.52657
27167	1.52657
27168	1.52658
27169	1.52658
27170	1.52659
27171	1.52659
27172	1.5266
27173	1.5266
27174	1.52661
27175	1.52662
27176	1.52662
27177	1.52663
27178	1.52663
27179	1.52664
27180	1.52664
27181	1.52665
27182	1.52665
27183	1.52666
27184	1.52667
27185	1.52667
27186	1.52668
27187	1.52668
27188	1.52669
27189	1.52669
27190	1.5267
27191	1.5267
27192	1.52671
27193	1.52671
27194	1.52672
27195	1.52673
27196	1.52673
27197	1.52674
27198	1.52674
27199	1.52675
27200	1.52675
27201	1.52676
27202	1.52676
27203	1.52677
27204	1.52677
27205	1.52678
27206	1.52678
27207	1.52679
27208	1.52679
27209	1.5268
27210	1.5268
27211	1.52681
27212	1.52681
27213	1.52682
27214	1.52683
27215	1.52683
27216	1.52684
27217	1.52684
27218	1.52685
27219	1.52685
27220	1.52686
27221	1.52686
27222	1.52687
27223	1.52687
27224	1.52688
27225	1.52688
27226	1.52689
27227	1.52689
27228	1.5269
27229	1.5269
27230	1.5269
27231	1.52691
27232	1.52691
27233	1.52692
27234	1.52692
27235	1.52693
27236	1.52693
27237	1.52694
27238	1.52694
27239	1.52695
27240	1.52695
27241	1.52696
27242	1.52696
27243	1.52697
27244	1.52697
27245	1.52698
27246	1.52698
27247	1.52698
27248	1.52699
27249	1.52699
27250	1.527
27251	1.527
27252	1.52701
27253	1.52701
27254	1.52702
27255	1.52702
27256	1.52702
27257	1.52703
27258	1.52703
27259	1.52704
27260	1.52704
27261	1.52705
27262	1.52705
27263	1.52705
27264	1.52706
27265	1.52706
27266	1.52707
27267	1.52707
27268	1.52707
27269	1.52708
27270	1.52708
27271	1.52709
27272	1.52709
27273	1.52709
27274	1.5271
27275	1.5271
27276	1.52711
27277	1.52711
27278	1.52711
27279	1.52712
27280	1.52712
27281	1.52713
27282	1.52713
27283	1.52713
27284	1.52714
27285	1.52714
27286	1.52715
27287	1.52715
27288	1.52715
27289	1.52716
27290	1.52716
27291	1.52716
27292	1.52717
27293	1.52717
27294	1.52717
27295	1.52718
27296	1.52718
27297	1.52719
27298	1.52719
27299	1.52719
27300	1.5272
27301	1.5272
27302	1.5272
27303	1.52721
27304	1.52721
27305	1.52721
27306	1.52722
27307	1.52722
27308	1.52722
27309	1.52723
27310	1.52723
27311	1.52723
27312	1.52724
27313	1.52724
27314	1.52724
27315	1.52725
27316	1.52725
27317	1.52725
27318	1.52726
27319	1.52726
27320	1.52726
27321	1.52727
27322	1.52727
27323	1.52727
27324	1.52728
27325	1.52728
27326	1.52728
27327	1.52729
27328	1.52729
27329	1.52729
27330	1.5273
27331	1.5273
27332	1.5273
27333	1.5273
27334	1.52731
27335	1.52731
27336	1.52731
27337	1.52732
27338	1.52732
27339	1.52732
27340	1.52733
27341	1.52733
27342	1.52733
27343	1.52734
27344	1.52734
27345	1.52734
27346	1.52734
27347	1.52735
27348	1.52735
27349	1.52735
27350	1.52736
27351	1.52736
27352	1.52736
27353	1.52736
27354	1.52737
27355	1.52737
27356	1.52737
27357	1.52738
27358	1.52738
27359	1.52738
27360	1.52739
27361	1.52739
27362	1.52739
27363	1.52739
27364	1.5274
27365	1.5274
27366	1.5274
27367	1.5274
27368	1.52741
27369	1.52741
27370	1.52741
27371	1.52742
27372	1.52742
27373	1.52742
27374	1.52742
27375	1.52743
27376	1.52743
27377	1.52743
27378	1.52744
27379	1.52744
27380	1.52744
27381	1.52744
27382	1.52745
27383	1.52745
27384	1.52745
27385	1.52745
27386	1.52746
27387	1.52746
27388	1.52746
27389	1.52747
27390	1.52747
27391	1.52747
27392	1.52747
27393	1.52748
27394	1.52748
27395	1.52748
27396	1.52748
27397	1.52749
27398	1.52749
27399	1.52749
27400	1.52749
27401	1.5275
27402	1.5275
27403	1.5275
27404	1.52751
27405	1.52751
27406	1.52751
27407	1.52751
27408	1.52752
27409	1.52752
27410	1.52752
27411	1.52752
27412	1.52753
27413	1.52753
27414	1.52753
27415	1.52753
27416	1.52754
27417	1.52754
27418	1.52754
27419	1.52754
27420	1.52755
27421	1.52755
27422	1.52755
27423	1.52756
27424	1.52756
27425	1.52756
27426	1.52756
27427	1.52757
27428	1.52757
27429	1.52757
27430	1.52757
27431	1.52758
27432	1.52758
27433	1.52758
27434	1.52758
27435	1.52759
27436	1.52759
27437	1.52759
27438	1.52759
27439	1.5276
27440	1.5276
27441	1.5276
27442	1.5276
27443	1.52761
27444	1.52761
27445	1.52761
27446	1.52761
27447	1.52762
27448	1.52762
27449	1.52762
27450	1.52762
27451	1.52763
27452	1.52763
27453	1.52763
27454	1.52763
27455	1.52764
27456	1.52764
27457	1.52764
27458	1.52764
27459	1.52765
27460	1.52765
27461	1.52765
27462	1.52765
27463	1.52766
27464	1.52766
27465	1.52766
27466	1.52766
27467	1.52767
27468	1.52767
27469	1.52767
27470	1.52767
27471	1.52767
27472	1.52768
27473	1.52768
27474	1.52768
27475	1.52768
27476	1.52769
27477	1.52769
27478	1.52769
27479	1.52769
27480	1.5277
27481	1.5277
27482	1.5277
27483	1.5277
27484	1.52771
27485	1.52771
27486	1.52771
27487	1.52771
27488	1.52771
27489	1.52772
27490	1.52772
27491	1.52772
27492	1.52772
27493	1.52773
27494	1.52773
27495	1.52773
27496	1.52773
27497	1.52774
27498	1.52774
27499	1.52774
27500	1.52774
27501	1.52774
27502	1.52775
27503	1.52775
27504	1.52775
27505	1.52775
27506	1.52775
27507	1.52776
27508	1.52776
27509	1.52776
27510	1.52776
27511	1.52777
27512	1.52777
27513	1.52777
27514	1.52777
27515	1.52777
27516	1.52778
27517	1.52778
27518	1.52778
27519	1.52778
27520	1.52778
27521	1.52779
27522	1.52779
27523	1.52779
27524	1.52779
27525	1.52779
27526	1.5278
27527	1.5278
27528	1.5278
27529	1.5278
27530	1.5278
27531	1.52781
27532	1.52781
27533	1.52781
27534	1.52781
27535	1.52781
27536	1.52781
27537	1.52782
27538	1.52782
27539	1.52782
27540	1.52782
27541	1.52782
27542	1.52783
27543	1.52783
27544	1.52783
27545	1.52783
27546	1.52783
27547	1.52783
27548	1.52784
27549	1.52784
27550	1.52784
27551	1.52784
27552	1.52784
27553	1.52784
27554	1.52785
27555	1.52785
27556	1.52785
27557	1.52785
27558	1.52785
27559	1.52785
27560	1.52785
27561	1.52786
27562	1.52786
27563	1.52786
27564	1.52786
27565	1.52786
27566	1.52786
27567	1.52786
27568	1.52787
27569	1.52787
27570	1.52787
27571	1.52787
27572	1.52787
27573	1.52787
27574	1.52787
27575	1.52787
27576	1.52788
27577	1.52788
27578	1.52788
27579	1.52788
27580	1.52788
27581	1.52788
27582	1.52788
27583	1.52788
27584	1.52788
27585	1.52789
27586	1.52789
27587	1.52789
27588	1.52789
27589	1.52789
27590	1.52789
27591	1.52789
27592	1.52789
27593	1.52789
27594	1.52789
27595	1.52789
27596	1.5279
27597	1.5279
27598	1.5279
27599	1.5279
27600	1.5279
27601	1.5279
27602	1.5279
27603	1.5279
27604	1.5279
27605	1.5279
27606	1.5279
27607	1.5279
27608	1.5279
27609	1.5279
27610	1.5279
27611	1.5279
27612	1.5279
27613	1.5279
27614	1.5279
27615	1.5279
27616	1.5279
27617	1.5279
27618	1.5279
27619	1.5279
27620	1.5279
27621	1.5279
27622	1.5279
27623	1.5279
27624	1.5279
27625	1.5279
27626	1.5279
27627	1.5279
27628	1.5279
27629	1.5279
27630	1.5279
27631	1.5279
27632	1.5279
27633	1.5279
27634	1.5279
27635	1.5279
27636	1.5279
27637	1.5279
27638	1.5279
27639	1.5279
27640	1.5279
27641	1.5279
27642	1.52789
27643	1.52789
27644	1.52789
27645	1.52789
27646	1.52789
27647	1.52789
27648	1.52789
27649	1.52789
27650	1.52789
27651	1.52788
27652	1.52788
27653	1.52788
27654	1.52788
27655	1.52788
27656	1.52788
27657	1.52787
27658	1.52787
27659	1.52787
27660	1.52787
27661	1.52787
27662	1.52786
27663	1.52786
27664	1.52786
27665	1.52786
27666	1.52786
27667	1.52785
27668	1.52785
27669	1.52785
27670	1.52785
27671	1.52784
27672	1.52784
27673	1.52784
27674	1.52784
27675	1.52783
27676	1.52783
27677	1.52783
27678	1.52782
27679	1.52782
27680	1.52782
27681	1.52781
27682	1.52781
27683	1.52781
27684	1.5278
27685	1.5278
27686	1.5278
27687	1.52779
27688	1.52779
27689	1.52779
27690	1.52778
27691	1.52778
27692	1.52777
27693	1.52777
27694	1.52776
27695	1.52776
27696	1.52776
27697	1.52775
27698	1.52775
27699	1.52774
27700	1.52774
27701	1.52773
27702	1.52773
27703	1.52772
27704	1.52772
27705	1.52771
27706	1.52771
27707	1.5277
27708	1.5277
27709	1.52769
27710	1.52769
27711	1.52768
27712	1.52767
27713	1.52767
27714	1.52766
27715	1.52766
27716	1.52765
27717	1.52764
27718	1.52764
27719	1.52763
27720	1.52762
27721	1.52762
27722	1.52761
27723	1.5276
27724	1.5276
27725	1.52759
27726	1.52758
27727	1.52758
27728	1.52757
27729	1.52756
27730	1.52755
27731	1.52755
27732	1.52754
27733	1.52753
27734	1.52752
27735	1.52752
27736	1.52751
27737	1.5275
27738	1.52749
27739	1.52748
27740	1.52747
27741	1.52747
27742	1.52746
27743	1.52745
27744	1.52744
27745	1.52743
27746	1.52742
27747	1.52741
27748	1.5274
27749	1.5274
27750	1.52739
27751	1.52738
27752	1.52737
27753	1.52736
27754	1.52735
27755	1.52734
27756	1.52733
27757	1.52732
27758	1.52731
27759	1.5273
27760	1.52729
27761	1.52728
27762	1.52727
27763	1.52726
27764	1.52725
27765	1.52724
27766	1.52723
27767	1.52722
27768	1.52721
27769	1.52719
27770	1.52718
27771	1.52717
27772	1.52716
27773	1.52715
27774	1.52714
27775	1.52713
27776	1.52712
27777	1.52711
27778	1.52709
27779	1.52708
27780	1.52707
27781	1.52706
27782	1.52705
27783	1.52704
27784	1.52702
27785	1.52701
27786	1.527
27787	1.52699
27788	1.52698
27789	1.52697
27790	1.52695
27791	1.52694
27792	1.52693
27793	1.52692
27794	1.5269
27795	1.52689
27796	1.52688
27797	1.52687
27798	1.52686
27799	1.52684
27800	1.52683
27801	1.52682
27802	1.52681
27803	1.52679
27804	1.52678
27805	1.52677
27806	1.52676
27807	1.52674
27808	1.52673
27809	1.52672
27810	1.52671
27811	1.52669
27812	1.52668
27813	1.52667
27814	1.52665
27815	1.52664
27816	1.52663
27817	1.52662
27818	1.5266
27819	1.52659
27820	1.52658
27821	1.52657
27822	1.52655
27823	1.52654
27824	1.52653
27825	1.52652
27826	1.5265
27827	1.52649
27828	1.52648
27829	1.52647
27830	1.52646
27831	1.52644
27832	1.52643
27833	1.52642
27834	1.52641
27835	1.52639
27836	1.52638
27837	1.52637
27838	1.52636
27839	1.52635
27840	1.52633
27841	1.52632
27842	1.52631
27843	1.5263
27844	1.52629
27845	1.52628
27846	1.52627
27847	1.52625
27848	1.52624
27849	1.52623
27850	1.52622
27851	1.52621
27852	1.5262
27853	1.52619
27854	1.52618
27855	1.52617
27856	1.52616
27857	1.52615
27858	1.52614
27859	1.52613
27860	1.52612
27861	1.52611
27862	1.5261
27863	1.52609
27864	1.52608
27865	1.52607
27866	1.52606
27867	1.52605
27868	1.52604
27869	1.52603
27870	1.52602
27871	1.52601
27872	1.52601
27873	1.526
27874	1.52599
27875	1.52598
27876	1.52597
27877	1.52597
27878	1.52596
27879	1.52595
27880	1.52594
27881	1.52594
27882	1.52593
27883	1.52592
27884	1.52591
27885	1.52591
27886	1.5259
27887	1.5259
27888	1.52589
27889	1.52588
27890	1.52588
27891	1.52587
27892	1.52587
27893	1.52586
27894	1.52586
27895	1.52585
27896	1.52585
27897	1.52584
27898	1.52584
27899	1.52583
27900	1.52583
27901	1.52583
27902	1.52582
27903	1.52582
27904	1.52582
27905	1.52581
27906	1.52581
27907	1.52581
27908	1.52581
27909	1.5258
27910	1.5258
27911	1.5258
27912	1.5258
27913	1.5258
27914	1.52579
27915	1.52579
27916	1.52579
27917	1.52579
27918	1.52579
27919	1.52579
27920	1.52579
27921	1.52579
27922	1.52579
27923	1.52579
27924	1.52579
27925	1.52579
27926	1.52579
27927	1.5258
27928	1.5258
27929	1.5258
27930	1.5258
27931	1.5258
27932	1.52581
27933	1.52581
27934	1.52581
27935	1.52581
27936	1.52582
27937	1.52582
27938	1.52582
27939	1.52583
27940	1.52583
27941	1.52584
27942	1.52584
27943	1.52584
27944	1.52585
27945	1.52585
27946	1.52586
27947	1.52586
27948	1.52587
27949	1.52588
27950	1.52588
27951	1.52589
27952	1.52589
27953	1.5259
27954	1.52591
27955	1.52591
27956	1.52592
27957	1.52593
27958	1.52593
27959	1.52594
27960	1.52595
27961	1.52596
27962	1.52597
27963	1.52597
27964	1.52598
27965	1.52599
27966	1.526
27967	1.52601
27968	1.52602
27969	1.52603
27970	1.52604
27971	1.52604
27972	1.52605
27973	1.52606
27974	1.52607
27975	1.52608
27976	1.52609
27977	1.5261
27978	1.52612
27979	1.52613
27980	1.52614
27981	1.52615
27982	1.52616
27983	1.52617
27984	1.52618
27985	1.52619
27986	1.5262
27987	1.52622
27988	1.52623
27989	1.52624
27990	1.52625
27991	1.52626
27992	1.52628
27993	1.52629
27994	1.5263
27995	1.52631
27996	1.52633
27997	1.52634
27998	1.52635
27999	1.52637
28000	1.52638
28001	1.52639
28002	1.52641
28003	1.52642
28004	1.52643
28005	1.52645
28006	1.52646
28007	1.52647
28008	1.52649
28009	1.5265
28010	1.52652
28011	1.52653
28012	1.52654
28013	1.52656
28014	1.52657
28015	1.52659
28016	1.5266
28017	1.52662
28018	1.52663
28019	1.52664
28020	1.52666
28021	1.52667
28022	1.52669
28023	1.5267
28024	1.52672
28025	1.52673
28026	1.52675
28027	1.52676
28028	1.52678
28029	1.52679
28030	1.52681
28031	1.52682
28032	1.52684
28033	1.52685
28034	1.52687
28035	1.52688
28036	1.5269
28037	1.52691
28038	1.52693
28039	1.52694
28040	1.52696
28041	1.52697
28042	1.52699
28043	1.527
28044	1.52702
28045	1.52703
28046	1.52705
28047	1.52706
28048	1.52708
28049	1.52709
28050	1.52711
28051	1.52712
28052	1.52714
28053	1.52715
28054	1.52717
28055	1.52718
28056	1.5272
28057	1.52721
28058	1.52722
28059	1.52724
28060	1.52725
28061	1.52727
28062	1.52728
28063	1.5273
28064	1.52731
28065	1.52733
28066	1.52734
28067	1.52735
28068	1.52737
28069	1.52738
28070	1.5274
28071	1.52741
28072	1.52742
28073	1.52744
28074	1.52745
28075	1.52747
28076	1.52748
28077	1.52749
28078	1.52751
28079	1.52752
28080	1.52753
28081	1.52755
28082	1.52756
28083	1.52757
28084	1.52759
28085	1.5276
28086	1.52761
28087	1.52762
28088	1.52764
28089	1.52765
28090	1.52766
28091	1.52767
28092	1.52769
28093	1.5277
28094	1.52771
28095	1.52772
28096	1.52773
28097	1.52775
28098	1.52776
28099	1.52777
28100	1.52778
28101	1.52779
28102	1.5278
28103	1.52781
28104	1.52783
28105	1.52784
28106	1.52785
28107	1.52786
28108	1.52787
28109	1.52788
28110	1.52789
28111	1.5279
28112	1.52791
28113	1.52792
28114	1.52793
28115	1.52794
28116	1.52795
28117	1.52796
28118	1.52797
28119	1.52798
28120	1.52799
28121	1.528
28122	1.52801
28123	1.52802
28124	1.52802
28125	1.52803
28126	1.52804
28127	1.52805
28128	1.52806
28129	1.52807
28130	1.52808
28131	1.52808
28132	1.52809
28133	1.5281
28134	1.52811
28135	1.52812
28136	1.52812
28137	1.52813
28138	1.52814
28139	1.52814
28140	1.52815
28141	1.52816
28142	1.52817
28143	1.52817
28144	1.52818
28145	1.52819
28146	1.52819
28147	1.5282
28148	1.5282
28149	1.52821
28150	1.52822
28151	1.52822
28152	1.52823
28153	1.52823
28154	1.52824
28155	1.52824
28156	1.52825
28157	1.52826
28158	1.52826
28159	1.52827
28160	1.52827
28161	1.52827
28162	1.52828
28163	1.52828
28164	1.52829
28165	1.52829
28166	1.5283
28167	1.5283
28168	1.5283
28169	1.52831
28170	1.52831
28171	1.52832
28172	1.52832
28173	1.52832
28174	1.52833
28175	1.52833
28176	1.52833
28177	1.52834
28178	1.52834
28179	1.52834
28180	1.52834
28181	1.52835
28182	1.52835
28183	1.52835
28184	1.52835
28185	1.52836
28186	1.52836
28187	1.52836
28188	1.52836
28189	1.52837
28190	1.52837
28191	1.52837
28192	1.52837
28193	1.52837
28194	1.52837
28195	1.52837
28196	1.52838
28197	1.52838
28198	1.52838
28199	1.52838
28200	1.52838
28201	1.52838
28202	1.52838
28203	1.52838
28204	1.52838
28205	1.52838
28206	1.52838
28207	1.52839
28208	1.52839
28209	1.52839
28210	1.52839
28211	1.52839
28212	1.52839
28213	1.52839
28214	1.52839
28215	1.52839
28216	1.52839
28217	1.52838
28218	1.52838
28219	1.52838
28220	1.52838
28221	1.52838
28222	1.52838
28223	1.52838
28224	1.52838
28225	1.52838
28226	1.52838
28227	1.52838
28228	1.52838
28229	1.52838
28230	1.52837
28231	1.52837
28232	1.52837
28233	1.52837
28234	1.52837
28235	1.52837
28236	1.52837
28237	1.52836
28238	1.52836
28239	1.52836
28240	1.52836
28241	1.52836
28242	1.52836
28243	1.52835
28244	1.52835
28245	1.52835
28246	1.52835
28247	1.52835
28248	1.52834
28249	1.52834
28250	1.52834
28251	1.52834
28252	1.52834
28253	1.52833
28254	1.52833
28255	1.52833
28256	1.52833
28257	1.52832
28258	1.52832
28259	1.52832
28260	1.52832
28261	1.52831
28262	1.52831
28263	1.52831
28264	1.52831
28265	1.5283
28266	1.5283
28267	1.5283
28268	1.52829
28269	1.52829
28270	1.52829
28271	1.52829
28272	1.52828
28273	1.52828
28274	1.52828
28275	1.52827
28276	1.52827
28277	1.52827
28278	1.52826
28279	1.52826
28280	1.52826
28281	1.52825
28282	1.52825
28283	1.52825
28284	1.52824
28285	1.52824
28286	1.52824
28287	1.52823
28288	1.52823
28289	1.52823
28290	1.52822
28291	1.52822
28292	1.52822
28293	1.52821
28294	1.52821
28295	1.52821
28296	1.5282
28297	1.5282
28298	1.5282
28299	1.52819
28300	1.52819
28301	1.52819
28302	1.52818
28303	1.52818
28304	1.52818
28305	1.52817
28306	1.52817
28307	1.52817
28308	1.52816
28309	1.52816
28310	1.52815
28311	1.52815
28312	1.52815
28313	1.52814
28314	1.52814
28315	1.52814
28316	1.52813
28317	1.52813
28318	1.52813
28319	1.52812
28320	1.52812
28321	1.52811
28322	1.52811
28323	1.52811
28324	1.5281
28325	1.5281
28326	1.5281
28327	1.52809
28328	1.52809
28329	1.52809
28330	1.52808
28331	1.52808
28332	1.52807
28333	1.52807
28334	1.52807
28335	1.52806
28336	1.52806
28337	1.52806
28338	1.52805
28339	1.52805
28340	1.52805
28341	1.52804
28342	1.52804
28343	1.52804
28344	1.52803
28345	1.52803
28346	1.52802
28347	1.52802
28348	1.52802
28349	1.52801
28350	1.52801
28351	1.52801
28352	1.528
28353	1.528
28354	1.528
28355	1.52799
28356	1.52799
28357	1.52799
28358	1.52798
28359	1.52798
28360	1.52797
28361	1.52797
28362	1.52797
28363	1.52796
28364	1.52796
28365	1.52796
28366	1.52795
28367	1.52795
28368	1.52795
28369	1.52794
28370	1.52794
28371	1.52794
28372	1.52793
28373	1.52793
28374	1.52793
28375	1.52792
28376	1.52792
28377	1.52792
28378	1.52791
28379	1.52791
28380	1.52791
28381	1.5279
28382	1.5279
28383	1.5279
28384	1.52789
28385	1.52789
28386	1.52789
28387	1.52789
28388	1.52788
28389	1.52788
28390	1.52788
28391	1.52787
28392	1.52787
28393	1.52787
28394	1.52786
28395	1.52786
28396	1.52786
28397	1.52785
28398	1.52785
28399	1.52785
28400	1.52784
28401	1.52784
28402	1.52784
28403	1.52784
28404	1.52783
28405	1.52783
28406	1.52783
28407	1.52782
28408	1.52782
28409	1.52782
28410	1.52782
28411	1.52781
28412	1.52781
28413	1.52781
28414	1.5278
28415	1.5278
28416	1.5278
28417	1.5278
28418	1.52779
28419	1.52779
28420	1.52779
28421	1.52778
28422	1.52778
28423	1.52778
28424	1.52778
28425	1.52777
28426	1.52777
28427	1.52777
28428	1.52777
28429	1.52776
28430	1.52776
28431	1.52776
28432	1.52776
28433	1.52775
28434	1.52775
28435	1.52775
28436	1.52775
28437	1.52774
28438	1.52774
28439	1.52774
28440	1.52774
28441	1.52773
28442	1.52773
28443	1.52773
28444	1.52773
28445	1.52772
28446	1.52772
28447	1.52772
28448	1.52772
28449	1.52771
28450	1.52771
28451	1.52771
28452	1.52771
28453	1.5277
28454	1.5277
28455	1.5277
28456	1.5277
28457	1.5277
28458	1.52769
28459	1.52769
28460	1.52769
28461	1.52769
28462	1.52768
28463	1.52768
28464	1.52768
28465	1.52768
28466	1.52768
28467	1.52767
28468	1.52767
28469	1.52767
28470	1.52767
28471	1.52767
28472	1.52766
28473	1.52766
28474	1.52766
28475	1.52766
28476	1.52766
28477	1.52765
28478	1.52765
28479	1.52765
28480	1.52765
28481	1.52765
28482	1.52764
28483	1.52764
28484	1.52764
28485	1.52764
28486	1.52764
28487	1.52763
28488	1.52763
28489	1.52763
28490	1.52763
28491	1.52763
28492	1.52762
28493	1.52762
28494	1.52762
28495	1.52762
28496	1.52762
28497	1.52762
28498	1.52761
28499	1.52761
28500	1.52761
28501	1.52761
28502	1.52761
28503	1.5276
28504	1.5276
28505	1.5276
28506	1.5276
28507	1.5276
28508	1.5276
28509	1.52759
28510	1.52759
28511	1.52759
28512	1.52759
28513	1.52759
28514	1.52759
28515	1.52758
28516	1.52758
28517	1.52758
28518	1.52758
28519	1.52758
28520	1.52758
28521	1.52758
28522	1.52757
28523	1.52757
28524	1.52757
28525	1.52757
28526	1.52757
28527	1.52757
28528	1.52756
28529	1.52756
28530	1.52756
28531	1.52756
28532	1.52756
28533	1.52756
28534	1.52756
28535	1.52755
28536	1.52755
28537	1.52755
28538	1.52755
28539	1.52755
28540	1.52755
28541	1.52755
28542	1.52754
28543	1.52754
28544	1.52754
28545	1.52754
28546	1.52754
28547	1.52754
28548	1.52754
28549	1.52754
28550	1.52753
28551	1.52753
28552	1.52753
28553	1.52753
28554	1.52753
28555	1.52753
28556	1.52753
28557	1.52752
28558	1.52752
28559	1.52752
28560	1.52752
28561	1.52752
28562	1.52752
28563	1.52752
28564	1.52752
28565	1.52751
28566	1.52751
28567	1.52751
28568	1.52751
28569	1.52751
28570	1.52751
28571	1.52751
28572	1.52751
28573	1.52751
28574	1.5275
28575	1.5275
28576	1.5275
28577	1.5275
28578	1.5275
28579	1.5275
28580	1.5275
28581	1.5275
28582	1.5275
28583	1.52749
28584	1.52749
28585	1.52749
28586	1.52749
28587	1.52749
28588	1.52749
28589	1.52749
28590	1.52749
28591	1.52749
28592	1.52748
28593	1.52748
28594	1.52748
28595	1.52748
28596	1.52748
28597	1.52748
28598	1.52748
28599	1.52748
28600	1.52748
28601	1.52748
28602	1.52748
28603	1.52747
28604	1.52747
28605	1.52747
28606	1.52747
28607	1.52747
28608	1.52747
28609	1.52747
28610	1.52747
28611	1.52747
28612	1.52747
28613	1.52747
28614	1.52746
28615	1.52746
28616	1.52746
28617	1.52746
28618	1.52746
28619	1.52746
28620	1.52746
28621	1.52746
28622	1.52746
28623	1.52746
28624	1.52746
28625	1.52746
28626	1.52745
28627	1.52745
28628	1.52745
28629	1.52745
28630	1.52745
28631	1.52745
28632	1.52745
28633	1.52745
28634	1.52745
28635	1.52745
28636	1.52745
28637	1.52745
28638	1.52745
28639	1.52745
28640	1.52744
28641	1.52744
28642	1.52744
28643	1.52744
28644	1.52744
28645	1.52744
28646	1.52744
28647	1.52744
28648	1.52744
28649	1.52744
28650	1.52744
28651	1.52744
28652	1.52744
28653	1.52744
28654	1.52744
28655	1.52744
28656	1.52744
28657	1.52743
28658	1.52743
28659	1.52743
28660	1.52743
28661	1.52743
28662	1.52743
28663	1.52743
28664	1.52743
28665	1.52743
28666	1.52743
28667	1.52743
28668	1.52743
28669	1.52743
28670	1.52743
28671	1.52743
28672	1.52743
28673	1.52743
28674	1.52743
28675	1.52743
28676	1.52743
28677	1.52743
28678	1.52743
28679	1.52743
28680	1.52742
28681	1.52742
28682	1.52742
28683	1.52742
28684	1.52742
28685	1.52742
28686	1.52742
28687	1.52742
28688	1.52742
28689	1.52742
28690	1.52742
28691	1.52742
28692	1.52742
28693	1.52742
28694	1.52742
28695	1.52742
28696	1.52742
28697	1.52742
28698	1.52742
28699	1.52742
28700	1.52742
28701	1.52742
28702	1.52742
28703	1.52742
28704	1.52742
28705	1.52742
28706	1.52742
28707	1.52742
28708	1.52742
28709	1.52742
28710	1.52742
28711	1.52742
28712	1.52742
28713	1.52742
28714	1.52742
28715	1.52742
28716	1.52742
28717	1.52742
28718	1.52742
28719	1.52742
28720	1.52742
28721	1.52742
28722	1.52742
28723	1.52742
28724	1.52742
28725	1.52742
28726	1.52743
28727	1.52743
28728	1.52743
28729	1.52743
28730	1.52743
28731	1.52743
28732	1.52743
28733	1.52743
28734	1.52743
28735	1.52743
28736	1.52743
28737	1.52743
28738	1.52743
28739	1.52743
28740	1.52743
28741	1.52743
28742	1.52744
28743	1.52744
28744	1.52744
28745	1.52744
28746	1.52744
28747	1.52744
28748	1.52744
28749	1.52744
28750	1.52744
28751	1.52744
28752	1.52745
28753	1.52745
28754	1.52745
28755	1.52745
28756	1.52745
28757	1.52745
28758	1.52745
28759	1.52746
28760	1.52746
28761	1.52746
28762	1.52746
28763	1.52746
28764	1.52746
28765	1.52746
28766	1.52747
28767	1.52747
28768	1.52747
28769	1.52747
28770	1.52747
28771	1.52748
28772	1.52748
28773	1.52748
28774	1.52748
28775	1.52748
28776	1.52749
28777	1.52749
28778	1.52749
28779	1.52749
28780	1.5275
28781	1.5275
28782	1.5275
28783	1.5275
28784	1.52751
28785	1.52751
28786	1.52751
28787	1.52751
28788	1.52752
28789	1.52752
28790	1.52752
28791	1.52753
28792	1.52753
28793	1.52753
28794	1.52754
28795	1.52754
28796	1.52754
28797	1.52755
28798	1.52755
28799	1.52755
28800	1.52756
28801	1.52756
28802	1.52757
28803	1.52757
28804	1.52757
28805	1.52758
28806	1.52758
28807	1.52759
28808	1.52759
28809	1.52759
28810	1.5276
28811	1.5276
28812	1.52761
28813	1.52761
28814	1.52762
28815	1.52762
28816	1.52763
28817	1.52763
28818	1.52764
28819	1.52764
28820	1.52765
28821	1.52765
28822	1.52766
28823	1.52766
28824	1.52767
28825	1.52768
28826	1.52768
28827	1.52769
28828	1.52769
28829	1.5277
28830	1.5277
28831	1.52771
28832	1.52772
28833	1.52772
28834	1.52773
28835	1.52774
28836	1.52774
28837	1.52775
28838	1.52776
28839	1.52776
28840	1.52777
28841	1.52778
28842	1.52778
28843	1.52779
28844	1.5278
28845	1.52781
28846	1.52781
28847	1.52782
28848	1.52783
28849	1.52784
28850	1.52785
28851	1.52785
28852	1.52786
28853	1.52787
28854	1.52788
28855	1.52789
28856	1.52789
28857	1.5279
28858	1.52791
28859	1.52792
28860	1.52793
28861	1.52794
28862	1.52795
28863	1.52796
28864	1.52796
28865	1.52797
28866	1.52798
28867	1.52799
28868	1.528
28869	1.52801
28870	1.52802
28871	1.52803
28872	1.52804
28873	1.52805
28874	1.52806
28875	1.52807
28876	1.52808
28877	1.52809
28878	1.5281
28879	1.52811
28880	1.52812
28881	1.52813
28882	1.52814
28883	1.52815
28884	1.52816
28885	1.52817
28886	1.52819
28887	1.5282
28888	1.52821
28889	1.52822
28890	1.52823
28891	1.52824
28892	1.52825
28893	1.52826
28894	1.52827
28895	1.52829
28896	1.5283
28897	1.52831
28898	1.52832
28899	1.52833
28900	1.52834
28901	1.52836
28902	1.52837
28903	1.52838
28904	1.52839
28905	1.5284
28906	1.52841
28907	1.52843
28908	1.52844
28909	1.52845
28910	1.52846
28911	1.52847
28912	1.52849
28913	1.5285
28914	1.52851
28915	1.52852
28916	1.52854
28917	1.52855
28918	1.52856
28919	1.52857
28920	1.52858
28921	1.5286
28922	1.52861
28923	1.52862
28924	1.52863
28925	1.52865
28926	1.52866
28927	1.52867
28928	1.52868
28929	1.5287
28930	1.52871
28931	1.52872
28932	1.52873
28933	1.52874
28934	1.52876
28935	1.52877
28936	1.52878
28937	1.52879
28938	1.52881
28939	1.52882
28940	1.52883
28941	1.52884
28942	1.52885
28943	1.52887
28944	1.52888
28945	1.52889
28946	1.5289
28947	1.52891
28948	1.52892
28949	1.52894
28950	1.52895
28951	1.52896
28952	1.52897
28953	1.52898
28954	1.52899
28955	1.529
28956	1.52902
28957	1.52903
28958	1.52904
28959	1.52905
28960	1.52906
28961	1.52907
28962	1.52908
28963	1.52909
28964	1.5291
28965	1.52911
28966	1.52912
28967	1.52913
28968	1.52914
28969	1.52915
28970	1.52916
28971	1.52917
28972	1.52918
28973	1.52919
28974	1.5292
28975	1.52921
28976	1.52922
28977	1.52923
28978	1.52924
28979	1.52925
28980	1.52925
28981	1.52926
28982	1.52927
28983	1.52928
28984	1.52929
28985	1.5293
28986	1.5293
28987	1.52931
28988	1.52932
28989	1.52933
28990	1.52933
28991	1.52934
28992	1.52935
28993	1.52935
28994	1.52936
28995	1.52937
28996	1.52937
28997	1.52938
28998	1.52938
28999	1.52939
29000	1.5294
29001	1.5294
29002	1.52941
29003	1.52941
29004	1.52942
29005	1.52942
29006	1.52943
29007	1.52943
29008	1.52943
29009	1.52944
29010	1.52944
29011	1.52944
29012	1.52945
29013	1.52945
29014	1.52945
29015	1.52946
29016	1.52946
29017	1.52946
29018	1.52946
29019	1.52947
29020	1.52947
29021	1.52947
29022	1.52947
29023	1.52947
29024	1.52947
29025	1.52947
29026	1.52947
29027	1.52947
29028	1.52947
29029	1.52947
29030	1.52947
29031	1.52947
29032	1.52947
29033	1.52947
29034	1.52947
29035	1.52947
29036	1.52947
29037	1.52947
29038	1.52946
29039	1.52946
29040	1.52946
29041	1.52946
29042	1.52945
29043	1.52945
29044	1.52945
29045	1.52944
29046	1.52944
29047	1.52944
29048	1.52943
29049	1.52943
29050	1.52943
29051	1.52942
29052	1.52942
29053	1.52941
29054	1.52941
29055	1.5294
29056	1.52939
29057	1.52939
29058	1.52938
29059	1.52938
29060	1.52937
29061	1.52936
29062	1.52936
29063	1.52935
29064	1.52934
29065	1.52934
29066	1.52933
29067	1.52932
29068	1.52931
29069	1.52931
29070	1.5293
29071	1.52929
29072	1.52928
29073	1.52927
29074	1.52926
29075	1.52925
29076	1.52924
29077	1.52924
29078	1.52923
29079	1.52922
29080	1.52921
29081	1.5292
29082	1.52919
29083	1.52918
29084	1.52916
29085	1.52915
29086	1.52914
29087	1.52913
29088	1.52912
29089	1.52911
29090	1.5291
29091	1.52909
29092	1.52908
29093	1.52906
29094	1.52905
29095	1.52904
29096	1.52903
29097	1.52901
29098	1.529
29099	1.52899
29100	1.52898
29101	1.52896
29102	1.52895
29103	1.52894
29104	1.52892
29105	1.52891
29106	1.5289
29107	1.52888
29108	1.52887
29109	1.52886
29110	1.52884
29111	1.52883
29112	1.52882
29113	1.5288
29114	1.52879
29115	1.52877
29116	1.52876
29117	1.52874
29118	1.52873
29119	1.52872
29120	1.5287
29121	1.52869
29122	1.52867
29123	1.52866
29124	1.52864
29125	1.52863
29126	1.52861
29127	1.5286
29128	1.52858
29129	1.52857
29130	1.52855
29131	1.52854
29132	1.52852
29133	1.52851
29134	1.52849
29135	1.52847
29136	1.52846
29137	1.52844
29138	1.52843
29139	1.52841
29140	1.5284
29141	1.52838
29142	1.52837
29143	1.52835
29144	1.52834
29145	1.52832
29146	1.5283
29147	1.52829
29148	1.52827
29149	1.52826
29150	1.52824
29151	1.52823
29152	1.52821
29153	1.5282
29154	1.52818
29155	1.52816
29156	1.52815
29157	1.52813
29158	1.52812
29159	1.5281
29160	1.52809
29161	1.52807
29162	1.52806
29163	1.52804
29164	1.52803
29165	1.52801
29166	1.52799
29167	1.52798
29168	1.52796
29169	1.52795
29170	1.52793
29171	1.52792
29172	1.5279
29173	1.52789
29174	1.52787
29175	1.52786
29176	1.52785
29177	1.52783
29178	1.52782
29179	1.5278
29180	1.52779
29181	1.52777
29182	1.52776
29183	1.52774
29184	1.52773
29185	1.52772
29186	1.5277
29187	1.52769
29188	1.52767
29189	1.52766
29190	1.52765
29191	1.52763
29192	1.52762
29193	1.52761
29194	1.52759
29195	1.52758
29196	1.52757
29197	1.52755
29198	1.52754
29199	1.52753
29200	1.52751
29201	1.5275
29202	1.52749
29203	1.52748
29204	1.52746
29205	1.52745
29206	1.52744
29207	1.52743
29208	1.52741
29209	1.5274
29210	1.52739
29211	1.52738
29212	1.52737
29213	1.52736
29214	1.52734
29215	1.52733
29216	1.52732
29217	1.52731
29218	1.5273
29219	1.52729
29220	1.52728
29221	1.52727
29222	1.52726
29223	1.52725
29224	1.52723
29225	1.52722
29226	1.52721
29227	1.5272
29228	1.52719
29229	1.52718
29230	1.52718
29231	1.52717
29232	1.52716
29233	1.52715
29234	1.52714
29235	1.52713
29236	1.52712
29237	1.52711
29238	1.5271
29239	1.52709
29240	1.52708
29241	1.52708
29242	1.52707
29243	1.52706
29244	1.52705
29245	1.52704
29246	1.52704
29247	1.52703
29248	1.52702
29249	1.52701
29250	1.52701
29251	1.527
29252	1.52699
29253	1.52698
29254	1.52698
29255	1.52697
29256	1.52696
29257	1.52696
29258	1.52695
29259	1.52695
29260	1.52694
29261	1.52693
29262	1.52693
29263	1.52692
29264	1.52692
29265	1.52691
29266	1.5269
29267	1.5269
29268	1.52689
29269	1.52689
29270	1.52688
29271	1.52688
29272	1.52687
29273	1.52687
29274	1.52686
29275	1.52686
29276	1.52686
29277	1.52685
29278	1.52685
29279	1.52684
29280	1.52684
29281	1.52684
29282	1.52683
29283	1.52683
29284	1.52682
29285	1.52682
29286	1.52682
29287	1.52681
29288	1.52681
29289	1.52681
29290	1.52681
29291	1.5268
29292	1.5268
29293	1.5268
29294	1.52679
29295	1.52679
29296	1.52679
29297	1.52679
29298	1.52679
29299	1.52678
29300	1.52678
29301	1.52678
29302	1.52678
29303	1.52678
29304	1.52677
29305	1.52677
29306	1.52677
29307	1.52677
29308	1.52677
29309	1.52677
29310	1.52677
29311	1.52677
29312	1.52677
29313	1.52676
29314	1.52676
29315	1.52676
29316	1.52676
29317	1.52676
29318	1.52676
29319	1.52676
29320	1.52676
29321	1.52676
29322	1.52676
29323	1.52676
29324	1.52676
29325	1.52676
29326	1.52676
29327	1.52676
29328	1.52676
29329	1.52676
29330	1.52676
29331	1.52676
29332	1.52677
29333	1.52677
29334	1.52677
29335	1.52677
29336	1.52677
29337	1.52677
29338	1.52677
29339	1.52677
29340	1.52677
29341	1.52677
29342	1.52678
29343	1.52678
29344	1.52678
29345	1.52678
29346	1.52678
29347	1.52678
29348	1.52679
29349	1.52679
29350	1.52679
29351	1.52679
29352	1.52679
29353	1.52679
29354	1.5268
29355	1.5268
29356	1.5268
29357	1.5268
29358	1.52681
29359	1.52681
29360	1.52681
29361	1.52681
29362	1.52681
29363	1.52682
29364	1.52682
29365	1.52682
29366	1.52682
29367	1.52683
29368	1.52683
29369	1.52683
29370	1.52684
29371	1.52684
29372	1.52684
29373	1.52684
29374	1.52685
29375	1.52685
29376	1.52685
29377	1.52686
29378	1.52686
29379	1.52686
29380	1.52686
29381	1.52687
29382	1.52687
29383	1.52687
29384	1.52688
29385	1.52688
29386	1.52688
29387	1.52689
29388	1.52689
29389	1.52689
29390	1.5269
29391	1.5269
29392	1.5269
29393	1.52691
29394	1.52691
29395	1.52691
29396	1.52692
29397	1.52692
29398	1.52693
29399	1.52693
29400	1.52693
29401	1.52694
29402	1.52694
29403	1.52694
29404	1.52695
29405	1.52695
29406	1.52695
29407	1.52696
29408	1.52696
29409	1.52697
29410	1.52697
29411	1.52697
29412	1.52698
29413	1.52698
29414	1.52698
29415	1.52699
29416	1.52699
29417	1.527
29418	1.527
29419	1.527
29420	1.52701
29421	1.52701
29422	1.52702
29423	1.52702
29424	1.52702
29425	1.52703
29426	1.52703
29427	1.52703
29428	1.52704
29429	1.52704
29430	1.52705
29431	1.52705
29432	1.52705
29433	1.52706
29434	1.52706
29435	1.52707
29436	1.52707
29437	1.52707
29438	1.52708
29439	1.52708
29440	1.52709
29441	1.52709
29442	1.52709
29443	1.5271
29444	1.5271
29445	1.52711
29446	1.52711
29447	1.52711
29448	1.52712
29449	1.52712
29450	1.52713
29451	1.52713
29452	1.52713
29453	1.52714
29454	1.52714
29455	1.52715
29456	1.52715
29457	1.52715
29458	1.52716
29459	1.52716
29460	1.52716
29461	1.52717
29462	1.52717
29463	1.52718
29464	1.52718
29465	1.52718
29466	1.52719
29467	1.52719
29468	1.5272
29469	1.5272
29470	1.5272
29471	1.52721
29472	1.52721
29473	1.52721
29474	1.52722
29475	1.52722
29476	1.52723
29477	1.52723
29478	1.52723
29479	1.52724
29480	1.52724
29481	1.52724
29482	1.52725
29483	1.52725
29484	1.52726
29485	1.52726
29486	1.52726
29487	1.52727
29488	1.52727
29489	1.52727
29490	1.52728
29491	1.52728
29492	1.52729
29493	1.52729
29494	1.52729
29495	1.5273
29496	1.5273
29497	1.5273
29498	1.52731
29499	1.52731
29500	1.52731
29501	1.52732
29502	1.52732
29503	1.52732
29504	1.52733
29505	1.52733
29506	1.52734
29507	1.52734
29508	1.52734
29509	1.52735
29510	1.52735
29511	1.52735
29512	1.52736
29513	1.52736
29514	1.52736
29515	1.52737
29516	1.52737
29517	1.52737
29518	1.52738
29519	1.52738
29520	1.52738
29521	1.52739
29522	1.52739
29523	1.52739
29524	1.5274
29525	1.5274
29526	1.5274
29527	1.52741
29528	1.52741
29529	1.52741
29530	1.52742
29531	1.52742
29532	1.52742
29533	1.52742
29534	1.52743
29535	1.52743
29536	1.52743
29537	1.52744
29538	1.52744
29539	1.52744
29540	1.52745
29541	1.52745
29542	1.52745
29543	1.52746
29544	1.52746
29545	1.52746
29546	1.52746
29547	1.52747
29548	1.52747
29549	1.52747
29550	1.52748
29551	1.52748
29552	1.52748
29553	1.52749
29554	1.52749
29555	1.52749
29556	1.52749
29557	1.5275
29558	1.5275
29559	1.5275
29560	1.52751
29561	1.52751
29562	1.52751
29563	1.52751
29564	1.52752
29565	1.52752
29566	1.52752
29567	1.52753
29568	1.52753
29569	1.52753
29570	1.52753
29571	1.52754
29572	1.52754
29573	1.52754
29574	1.52755
29575	1.52755
29576	1.52755
29577	1.52755
29578	1.52756
29579	1.52756
29580	1.52756
29581	1.52756
29582	1.52757
29583	1.52757
29584	1.52757
29585	1.52758
29586	1.52758
29587	1.52758
29588	1.52758
29589	1.52759
29590	1.52759
29591	1.52759
29592	1.52759
29593	1.5276
29594	1.5276
29595	1.5276
29596	1.5276
29597	1.52761
29598	1.52761
29599	1.52761
29600	1.52761
29601	1.52762
29602	1.52762
29603	1.52762
29604	1.52762
29605	1.52763
29606	1.52763
29607	1.52763
29608	1.52763
29609	1.52764
29610	1.52764
29611	1.52764
29612	1.52764
29613	1.52765
29614	1.52765
29615	1.52765
29616	1.52765
29617	1.52766
29618	1.52766
29619	1.52766
29620	1.52766
29621	1.52767
29622	1.52767
29623	1.52767
29624	1.52767
29625	1.52767
29626	1.52768
29627	1.52768
29628	1.52768
29629	1.52768
29630	1.52769
29631	1.52769
29632	1.52769
29633	1.52769
29634	1.5277
29635	1.5277
29636	1.5277
29637	1.5277
29638	1.5277
29639	1.52771
29640	1.52771
29641	1.52771
29642	1.52771
29643	1.52772
29644	1.52772
29645	1.52772
29646	1.52772
29647	1.52773
29648	1.52773
29649	1.52773
29650	1.52773
29651	1.52773
29652	1.52774
29653	1.52774
29654	1.52774
29655	1.52774
29656	1.52774
29657	1.52775
29658	1.52775
29659	1.52775
29660	1.52775
29661	1.52776
29662	1.52776
29663	1.52776
29664	1.52776
29665	1.52776
29666	1.52777
29667	1.52777
29668	1.52777
29669	1.52777
29670	1.52777
29671	1.52778
29672	1.52778
29673	1.52778
29674	1.52778
29675	1.52778
29676	1.52779
29677	1.52779
29678	1.52779
29679	1.52779
29680	1.52779
29681	1.5278
29682	1.5278
29683	1.5278
29684	1.5278
29685	1.5278
29686	1.52781
29687	1.52781
29688	1.52781
29689	1.52781
29690	1.52781
29691	1.52782
29692	1.52782
29693	1.52782
29694	1.52782
29695	1.52782
29696	1.52782
29697	1.52783
29698	1.52783
29699	1.52783
29700	1.52783
29701	1.52783
29702	1.52784
29703	1.52784
29704	1.52784
29705	1.52784
29706	1.52784
29707	1.52784
29708	1.52785
29709	1.52785
29710	1.52785
29711	1.52785
29712	1.52785
29713	1.52785
29714	1.52786
29715	1.52786
29716	1.52786
29717	1.52786
29718	1.52786
29719	1.52786
29720	1.52787
29721	1.52787
29722	1.52787
29723	1.52787
29724	1.52787
29725	1.52787
29726	1.52787
29727	1.52788
29728	1.52788
29729	1.52788
29730	1.52788
29731	1.52788
29732	1.52788
29733	1.52788
29734	1.52788
29735	1.52789
29736	1.52789
29737	1.52789
29738	1.52789
29739	1.52789
29740	1.52789
29741	1.52789
29742	1.52789
29743	1.5279
29744	1.5279
29745	1.5279
29746	1.5279
29747	1.5279
29748	1.5279
29749	1.5279
29750	1.5279
29751	1.5279
29752	1.5279
29753	1.52791
29754	1.52791
29755	1.52791
29756	1.52791
29757	1.52791
29758	1.52791
29759	1.52791
29760	1.52791
29761	1.52791
29762	1.52791
29763	1.52791
29764	1.52791
29765	1.52791
29766	1.52791
29767	1.52792
29768	1.52792
29769	1.52792
29770	1.52792
29771	1.52792
29772	1.52792
29773	1.52792
29774	1.52792
29775	1.52792
29776	1.52792
29777	1.52792
29778	1.52792
29779	1.52792
29780	1.52792
29781	1.52792
29782	1.52792
29783	1.52792
29784	1.52792
29785	1.52792
29786	1.52792
29787	1.52792
29788	1.52792
29789	1.52792
29790	1.52792
29791	1.52792
29792	1.52792
29793	1.52792
29794	1.52792
29795	1.52792
29796	1.52792
29797	1.52792
29798	1.52792
29799	1.52791
29800	1.52791
29801	1.52791
29802	1.52791
29803	1.52791
29804	1.52791
29805	1.52791
29806	1.52791
29807	1.52791
29808	1.52791
29809	1.52791
29810	1.52791
29811	1.5279
29812	1.5279
29813	1.5279
29814	1.5279
29815	1.5279
29816	1.5279
29817	1.5279
29818	1.5279
29819	1.52789
29820	1.52789
29821	1.52789
29822	1.52789
29823	1.52789
29824	1.52789
29825	1.52788
29826	1.52788
29827	1.52788
29828	1.52788
29829	1.52788
29830	1.52788
29831	1.52787
29832	1.52787
29833	1.52787
29834	1.52787
29835	1.52786
29836	1.52786
29837	1.52786
29838	1.52786
29839	1.52785
29840	1.52785
29841	1.52785
29842	1.52785
29843	1.52784
29844	1.52784
29845	1.52784
29846	1.52784
29847	1.52783
29848	1.52783
29849	1.52783
29850	1.52782
29851	1.52782
29852	1.52782
29853	1.52781
29854	1.52781
29855	1.52781
29856	1.5278
29857	1.5278
29858	1.5278
29859	1.52779
29860	1.52779
29861	1.52778
29862	1.52778
29863	1.52778
29864	1.52777
29865	1.52777
29866	1.52776
29867	1.52776
29868	1.52776
29869	1.52775
29870	1.52775
29871	1.52774
29872	1.52774
29873	1.52773
29874	1.52773
29875	1.52772
29876	1.52772
29877	1.52771
29878	1.52771
29879	1.5277
29880	1.5277
29881	1.52769
29882	1.52769
29883	1.52768
29884	1.52768
29885	1.52767
29886	1.52767
29887	1.52766
29888	1.52766
29889	1.52765
29890	1.52764
29891	1.52764
29892	1.52763
29893	1.52763
29894	1.52762
29895	1.52761
29896	1.52761
29897	1.5276
29898	1.52759
29899	1.52759
29900	1.52758
29901	1.52757
29902	1.52757
29903	1.52756
29904	1.52755
29905	1.52755
29906	1.52754
29907	1.52753
29908	1.52753
29909	1.52752
29910	1.52751
29911	1.5275
29912	1.5275
29913	1.52749
29914	1.52748
29915	1.52747
29916	1.52747
29917	1.52746
29918	1.52745
29919	1.52744
29920	1.52743
29921	1.52743
29922	1.52742
29923	1.52741
29924	1.5274
29925	1.52739
29926	1.52738
29927	1.52737
29928	1.52737
29929	1.52736
29930	1.52735
29931	1.52734
29932	1.52733
29933	1.52732
29934	1.52731
29935	1.5273
29936	1.52729
29937	1.52728
29938	1.52728
29939	1.52727
29940	1.52726
29941	1.52725
29942	1.52724
29943	1.52723
29944	1.52722
29945	1.52721
29946	1.5272
29947	1.52719
29948	1.52718
29949	1.52717
29950	1.52716
29951	1.52715
29952	1.52714
29953	1.52713
29954	1.52712
29955	1.52711
29956	1.5271
29957	1.52708
29958	1.52707
29959	1.52706
29960	1.52705
29961	1.52704
29962	1.52703
29963	1.52702
29964	1.52701
29965	1.527
29966	1.52699
29967	1.52698
29968	1.52697
29969	1.52695
29970	1.52694
29971	1.52693
29972	1.52692
29973	1.52691
29974	1.5269
29975	1.52689
29976	1.52687
29977	1.52686
29978	1.52685
29979	1.52684
29980	1.52683
29981	1.52682
29982	1.52681
29983	1.52679
29984	1.52678
29985	1.52677
29986	1.52676
29987	1.52675
29988	1.52674
29989	1.52672
29990	1.52671
29991	1.5267
29992	1.52669
29993	1.52668
29994	1.52666
29995	1.52665
29996	1.52664
29997	1.52663
29998	1.52662
29999	1.52661
30000	1.52659
30001	1.52658
30002	1.52657
30003	1.52656
30004	1.52655
30005	1.52653
30006	1.52652
30007	1.52651
30008	1.5265
30009	1.52649
30010	1.52648
30011	1.52646
30012	1.52645
30013	1.52644
30014	1.52643
30015	1.52642
30016	1.52641
30017	1.52639
30018	1.52638
30019	1.52637
30020	1.52636
30021	1.52635
30022	1.52634
30023	1.52633
30024	1.52631
30025	1.5263
30026	1.52629
30027	1.52628
30028	1.52627
30029	1.52626
30030	1.52625
30031	1.52624
30032	1.52623
30033	1.52622
30034	1.52621
30035	1.52619
30036	1.52618
30037	1.52617
30038	1.52616
30039	1.52615
30040	1.52614
30041	1.52613
30042	1.52612
30043	1.52611
30044	1.5261
30045	1.52609
30046	1.52608
30047	1.52607
30048	1.52606
30049	1.52605
30050	1.52605
30051	1.52604
30052	1.52603
30053	1.52602
30054	1.52601
30055	1.526
30056	1.52599
30057	1.52598
30058	1.52597
30059	1.52597
30060	1.52596
30061	1.52595
30062	1.52594
30063	1.52593
30064	1.52593
30065	1.52592
30066	1.52591
30067	1.5259
30068	1.5259
30069	1.52589
30070	1.52588
30071	1.52588
30072	1.52587
30073	1.52586
30074	1.52586
30075	1.52585
30076	1.52584
30077	1.52584
30078	1.52583
30079	1.52583
30080	1.52582
30081	1.52582
30082	1.52581
30083	1.52581
30084	1.5258
30085	1.5258
30086	1.52579
30087	1.52579
30088	1.52579
30089	1.52578
30090	1.52578
30091	1.52577
30092	1.52577
30093	1.52577
30094	1.52576
30095	1.52576
30096	1.52576
30097	1.52576
30098	1.52575
30099	1.52575
30100	1.52575
30101	1.52575
30102	1.52575
30103	1.52575
30104	1.52574
30105	1.52574
30106	1.52574
30107	1.52574
30108	1.52574
30109	1.52574
30110	1.52574
30111	1.52574
30112	1.52574
30113	1.52574
30114	1.52574
30115	1.52574
30116	1.52575
30117	1.52575
30118	1.52575
30119	1.52575
30120	1.52575
30121	1.52575
30122	1.52576
30123	1.52576
30124	1.52576
30125	1.52576
30126	1.52577
30127	1.52577
30128	1.52577
30129	1.52578
30130	1.52578
30131	1.52579
30132	1.52579
30133	1.52579
30134	1.5258
30135	1.5258
30136	1.52581
30137	1.52581
30138	1.52582
30139	1.52583
30140	1.52583
30141	1.52584
30142	1.52584
30143	1.52585
30144	1.52586
30145	1.52586
30146	1.52587
30147	1.52588
30148	1.52589
30149	1.52589
30150	1.5259
30151	1.52591
30152	1.52592
30153	1.52593
30154	1.52593
30155	1.52594
30156	1.52595
30157	1.52596
30158	1.52597
30159	1.52598
30160	1.52599
30161	1.526
30162	1.52601
30163	1.52602
30164	1.52603
30165	1.52604
30166	1.52605
30167	1.52606
30168	1.52607
30169	1.52608
30170	1.52609
30171	1.52611
30172	1.52612
30173	1.52613
30174	1.52614
30175	1.52615
30176	1.52617
30177	1.52618
30178	1.52619
30179	1.5262
30180	1.52622
30181	1.52623
30182	1.52624
30183	1.52626
30184	1.52627
30185	1.52628
30186	1.5263
30187	1.52631
30188	1.52632
30189	1.52634
30190	1.52635
30191	1.52637
30192	1.52638
30193	1.5264
30194	1.52641
30195	1.52643
30196	1.52644
30197	1.52645
30198	1.52647
30199	1.52649
30200	1.5265
30201	1.52652
30202	1.52653
30203	1.52655
30204	1.52656
30205	1.52658
30206	1.52659
30207	1.52661
30208	1.52663
30209	1.52664
30210	1.52666
30211	1.52667
30212	1.52669
30213	1.52671
30214	1.52672
30215	1.52674
30216	1.52676
30217	1.52677
30218	1.52679
30219	1.52681
30220	1.52682
30221	1.52684
30222	1.52686
30223	1.52688
30224	1.52689
30225	1.52691
30226	1.52693
30227	1.52694
30228	1.52696
30229	1.52698
30230	1.527
30231	1.52701
30232	1.52703
30233	1.52705
30234	1.52706
30235	1.52708
30236	1.5271
30237	1.52712
30238	1.52713
30239	1.52715
30240	1.52717
30241	1.52719
30242	1.5272
30243	1.52722
30244	1.52724
30245	1.52726
30246	1.52727
30247	1.52729
30248	1.52731
30249	1.52733
30250	1.52734
30251	1.52736
30252	1.52738
30253	1.5274
30254	1.52741
30255	1.52743
30256	1.52745
30257	1.52746
30258	1.52748
30259	1.5275
30260	1.52752
30261	1.52753
30262	1.52755
30263	1.52757
30264	1.52758
30265	1.5276
30266	1.52762
30267	1.52763
30268	1.52765
30269	1.52767
30270	1.52768
30271	1.5277
30272	1.52772
30273	1.52773
30274	1.52775
30275	1.52777
30276	1.52778
30277	1.5278
30278	1.52782
30279	1.52783
30280	1.52785
30281	1.52786
30282	1.52788
30283	1.5279
30284	1.52791
30285	1.52793
30286	1.52794
30287	1.52796
30288	1.52797
30289	1.52799
30290	1.528
30291	1.52802
30292	1.52803
30293	1.52805
30294	1.52806
30295	1.52808
30296	1.52809
30297	1.52811
30298	1.52812
30299	1.52813
30300	1.52815
30301	1.52816
30302	1.52818
30303	1.52819
30304	1.5282
30305	1.52822
30306	1.52823
30307	1.52825
30308	1.52826
30309	1.52827
30310	1.52828
30311	1.5283
30312	1.52831
30313	1.52832
30314	1.52834
30315	1.52835
30316	1.52836
30317	1.52837
30318	1.52839
30319	1.5284
30320	1.52841
30321	1.52842
30322	1.52843
30323	1.52844
30324	1.52846
30325	1.52847
30326	1.52848
30327	1.52849
30328	1.5285
30329	1.52851
30330	1.52852
30331	1.52853
30332	1.52854
30333	1.52855
30334	1.52856
30335	1.52857
30336	1.52858
30337	1.52859
30338	1.5286
30339	1.52861
30340	1.52862
30341	1.52863
30342	1.52864
30343	1.52865
30344	1.52866
30345	1.52867
30346	1.52868
30347	1.52868
30348	1.52869
30349	1.5287
30350	1.52871
30351	1.52872
30352	1.52873
30353	1.52873
30354	1.52874
30355	1.52875
30356	1.52876
30357	1.52876
30358	1.52877
30359	1.52878
30360	1.52878
30361	1.52879
30362	1.5288
30363	1.5288
30364	1.52881
30365	1.52882
30366	1.52882
30367	1.52883
30368	1.52883
30369	1.52884
30370	1.52885
30371	1.52885
30372	1.52886
30373	1.52886
30374	1.52887
30375	1.52887
30376	1.52888
30377	1.52888
30378	1.52889
30379	1.52889
30380	1.5289
30381	1.5289
30382	1.5289
30383	1.52891
30384	1.52891
30385	1.52892
30386	1.52892
30387	1.52892
30388	1.52893
30389	1.52893
30390	1.52893
30391	1.52894
30392	1.52894
30393	1.52894
30394	1.52895
30395	1.52895
30396	1.52895
30397	1.52895
30398	1.52896
30399	1.52896
30400	1.52896
30401	1.52896
30402	1.52896
30403	1.52897
30404	1.52897
30405	1.52897
30406	1.52897
30407	1.52897
30408	1.52897
30409	1.52898
30410	1.52898
30411	1.52898
30412	1.52898
30413	1.52898
30414	1.52898
30415	1.52898
30416	1.52898
30417	1.52898
30418	1.52898
30419	1.52898
30420	1.52898
30421	1.52898
30422	1.52898
30423	1.52898
30424	1.52898
30425	1.52898
30426	1.52898
30427	1.52898
30428	1.52898
30429	1.52898
30430	1.52898
30431	1.52898
30432	1.52898
30433	1.52898
30434	1.52898
30435	1.52898
30436	1.52898
30437	1.52897
30438	1.52897
30439	1.52897
30440	1.52897
30441	1.52897
30442	1.52897
30443	1.52897
30444	1.52896
30445	1.52896
30446	1.52896
30447	1.52896
30448	1.52896
30449	1.52896
30450	1.52895
30451	1.52895
30452	1.52895
30453	1.52895
30454	1.52894
30455	1.52894
30456	1.52894
30457	1.52894
30458	1.52893
30459	1.52893
30460	1.52893
30461	1.52893
30462	1.52892
30463	1.52892
30464	1.52892
30465	1.52892
30466	1.52891
30467	1.52891
30468	1.52891
30469	1.5289
30470	1.5289
30471	1.5289
30472	1.52889
30473	1.52889
30474	1.52889
30475	1.52889
30476	1.52888
30477	1.52888
30478	1.52888
30479	1.52887
30480	1.52887
30481	1.52886
30482	1.52886
30483	1.52886
30484	1.52885
30485	1.52885
30486	1.52885
30487	1.52884
30488	1.52884
30489	1.52884
30490	1.52883
30491	1.52883
30492	1.52882
30493	1.52882
30494	1.52882
30495	1.52881
30496	1.52881
30497	1.5288
30498	1.5288
30499	1.5288
30500	1.52879
30501	1.52879
30502	1.52878
30503	1.52878
30504	1.52878
30505	1.52877
30506	1.52877
30507	1.52876
30508	1.52876
30509	1.52876
30510	1.52875
30511	1.52875
30512	1.52874
30513	1.52874
30514	1.52873
30515	1.52873
30516	1.52873
30517	1.52872
30518	1.52872
30519	1.52871
30520	1.52871
30521	1.52871
30522	1.5287
30523	1.5287
30524	1.52869
30525	1.52869
30526	1.52868
30527	1.52868
30528	1.52867
30529	1.52867
30530	1.52867
30531	1.52866
30532	1.52866
30533	1.52865
30534	1.52865
30535	1.52864
30536	1.52864
30537	1.52864
30538	1.52863
30539	1.52863
30540	1.52862
30541	1.52862
30542	1.52861
30543	1.52861
30544	1.52861
30545	1.5286
30546	1.5286
30547	1.52859
30548	1.52859
30549	1.52858
30550	1.52858
30551	1.52858
30552	1.52857
30553	1.52857
30554	1.52856
30555	1.52856
30556	1.52855
30557	1.52855
30558	1.52855
30559	1.52854
30560	1.52854
30561	1.52853
30562	1.52853
30563	1.52852
30564	1.52852
30565	1.52852
30566	1.52851
30567	1.52851
30568	1.5285
30569	1.5285
30570	1.52849
30571	1.52849
30572	1.52849
30573	1.52848
30574	1.52848
30575	1.52847
30576	1.52847
30577	1.52847
30578	1.52846
30579	1.52846
30580	1.52845
30581	1.52845
30582	1.52845
30583	1.52844
30584	1.52844
30585	1.52843
30586	1.52843
30587	1.52843
30588	1.52842
30589	1.52842
30590	1.52841
30591	1.52841
30592	1.52841
30593	1.5284
30594	1.5284
30595	1.52839
30596	1.52839
30597	1.52839
30598	1.52838
30599	1.52838
30600	1.52838
30601	1.52837
30602	1.52837
30603	1.52836
30604	1.52836
30605	1.52836
30606	1.52835
30607	1.52835
30608	1.52835
30609	1.52834
30610	1.52834
30611	1.52834
30612	1.52833
30613	1.52833
30614	1.52832
30615	1.52832
30616	1.52832
30617	1.52831
30618	1.52831
30619	1.52831
30620	1.5283
30621	1.5283
30622	1.5283
30623	1.52829
30624	1.52829
30625	1.52829
30626	1.52828
30627	1.52828
30628	1.52828
30629	1.52827
30630	1.52827
30631	1.52827
30632	1.52826
30633	1.52826
30634	1.52826
30635	1.52825
30636	1.52825
30637	1.52825
30638	1.52824
30639	1.52824
30640	1.52824
30641	1.52823
30642	1.52823
30643	1.52823
30644	1.52822
30645	1.52822
30646	1.52822
30647	1.52822
30648	1.52821
30649	1.52821
30650	1.52821
30651	1.5282
30652	1.5282
30653	1.5282
30654	1.52819
30655	1.52819
30656	1.52819
30657	1.52819
30658	1.52818
30659	1.52818
30660	1.52818
30661	1.52817
30662	1.52817
30663	1.52817
30664	1.52816
30665	1.52816
30666	1.52816
30667	1.52816
30668	1.52815
30669	1.52815
30670	1.52815
30671	1.52815
30672	1.52814
30673	1.52814
30674	1.52814
30675	1.52813
30676	1.52813
30677	1.52813
30678	1.52813
30679	1.52812
30680	1.52812
30681	1.52812
30682	1.52812
30683	1.52811
30684	1.52811
30685	1.52811
30686	1.5281
30687	1.5281
30688	1.5281
30689	1.5281
30690	1.52809
30691	1.52809
30692	1.52809
30693	1.52809
30694	1.52808
30695	1.52808
30696	1.52808
30697	1.52808
30698	1.52807
30699	1.52807
30700	1.52807
30701	1.52807
30702	1.52806
30703	1.52806
30704	1.52806
30705	1.52806
30706	1.52805
30707	1.52805
30708	1.52805
30709	1.52805
30710	1.52804
30711	1.52804
30712	1.52804
30713	1.52804
30714	1.52803
30715	1.52803
30716	1.52803
30717	1.52803
30718	1.52802
30719	1.52802
30720	1.52802
30721	1.52802
30722	1.52802
30723	1.52801
30724	1.52801
30725	1.52801
30726	1.52801
30727	1.528
30728	1.528
30729	1.528
30730	1.528
30731	1.52799
30732	1.52799
30733	1.52799
30734	1.52799
30735	1.52799
30736	1.52798
30737	1.52798
30738	1.52798
30739	1.52798
30740	1.52797
30741	1.52797
30742	1.52797
30743	1.52797
30744	1.52796
30745	1.52796
30746	1.52796
30747	1.52796
30748	1.52796
30749	1.52795
30750	1.52795
30751	1.52795
30752	1.52795
30753	1.52794
30754	1.52794
30755	1.52794
30756	1.52794
30757	1.52794
30758	1.52793
30759	1.52793
30760	1.52793
30761	1.52793
30762	1.52793
30763	1.52792
30764	1.52792
30765	1.52792
30766	1.52792
30767	1.52791
30768	1.52791
30769	1.52791
30770	1.52791
30771	1.52791
30772	1.5279
30773	1.5279
30774	1.5279
30775	1.5279
30776	1.5279
30777	1.52789
30778	1.52789
30779	1.52789
30780	1.52789
30781	1.52788
30782	1.52788
30783	1.52788
30784	1.52788
30785	1.52788
30786	1.52787
30787	1.52787
30788	1.52787
30789	1.52787
30790	1.52787
30791	1.52786
30792	1.52786
30793	1.52786
30794	1.52786
30795	1.52786
30796	1.52785
30797	1.52785
30798	1.52785
30799	1.52785
30800	1.52785
30801	1.52784
30802	1.52784
30803	1.52784
30804	1.52784
30805	1.52784
30806	1.52783
30807	1.52783
30808	1.52783
30809	1.52783
30810	1.52783
30811	1.52782
30812	1.52782
30813	1.52782
30814	1.52782
30815	1.52782
30816	1.52781
30817	1.52781
30818	1.52781
30819	1.52781
30820	1.52781
30821	1.5278
30822	1.5278
30823	1.5278
30824	1.5278
30825	1.5278
30826	1.52779
30827	1.52779
30828	1.52779
30829	1.52779
30830	1.52779
30831	1.52778
30832	1.52778
30833	1.52778
30834	1.52778
30835	1.52778
30836	1.52778
30837	1.52777
30838	1.52777
30839	1.52777
30840	1.52777
30841	1.52777
30842	1.52776
30843	1.52776
30844	1.52776
30845	1.52776
30846	1.52776
30847	1.52776
30848	1.52775
30849	1.52775
30850	1.52775
30851	1.52775
30852	1.52775
30853	1.52775
30854	1.52774
30855	1.52774
30856	1.52774
30857	1.52774
30858	1.52774
30859	1.52773
30860	1.52773
30861	1.52773
30862	1.52773
30863	1.52773
30864	1.52773
30865	1.52772
30866	1.52772
30867	1.52772
30868	1.52772
30869	1.52772
30870	1.52772
30871	1.52772
30872	1.52771
30873	1.52771
30874	1.52771
30875	1.52771
30876	1.52771
30877	1.52771
30878	1.5277
30879	1.5277
30880	1.5277
30881	1.5277
30882	1.5277
30883	1.5277
30884	1.5277
30885	1.52769
30886	1.52769
30887	1.52769
30888	1.52769
30889	1.52769
30890	1.52769
30891	1.52769
30892	1.52768
30893	1.52768
30894	1.52768
30895	1.52768
30896	1.52768
30897	1.52768
30898	1.52768
30899	1.52767
30900	1.52767
30901	1.52767
30902	1.52767
30903	1.52767
30904	1.52767
30905	1.52767
30906	1.52767
30907	1.52766
30908	1.52766
30909	1.52766
30910	1.52766
30911	1.52766
30912	1.52766
30913	1.52766
30914	1.52766
30915	1.52766
30916	1.52765
30917	1.52765
30918	1.52765
30919	1.52765
30920	1.52765
30921	1.52765
30922	1.52765
30923	1.52765
30924	1.52765
30925	1.52765
30926	1.52765
30927	1.52764
30928	1.52764
30929	1.52764
30930	1.52764
30931	1.52764
30932	1.52764
30933	1.52764
30934	1.52764
30935	1.52764
30936	1.52764
30937	1.52764
30938	1.52764
30939	1.52764
30940	1.52764
30941	1.52763
30942	1.52763
30943	1.52763
30944	1.52763
30945	1.52763
30946	1.52763
30947	1.52763
30948	1.52763
30949	1.52763
30950	1.52763
30951	1.52763
30952	1.52763
30953	1.52763
30954	1.52763
30955	1.52763
30956	1.52763
30957	1.52763
30958	1.52763
30959	1.52763
30960	1.52763
30961	1.52763
30962	1.52763
30963	1.52763
30964	1.52763
30965	1.52763
30966	1.52763
30967	1.52763
30968	1.52763
30969	1.52763
30970	1.52763
30971	1.52763
30972	1.52763
30973	1.52763
30974	1.52763
30975	1.52763
30976	1.52763
30977	1.52763
30978	1.52763
30979	1.52763
30980	1.52763
30981	1.52763
30982	1.52764
30983	1.52764
30984	1.52764
30985	1.52764
30986	1.52764
30987	1.52764
30988	1.52764
30989	1.52764
30990	1.52764
30991	1.52764
30992	1.52764
30993	1.52765
30994	1.52765
30995	1.52765
30996	1.52765
30997	1.52765
30998	1.52765
30999	1.52765
31000	1.52765
31001	1.52766
31002	1.52766
31003	1.52766
31004	1.52766
31005	1.52766
31006	1.52766
31007	1.52767
31008	1.52767
31009	1.52767
31010	1.52767
31011	1.52767
31012	1.52768
31013	1.52768
31014	1.52768
31015	1.52768
31016	1.52768
31017	1.52769
31018	1.52769
31019	1.52769
31020	1.52769
31021	1.5277
31022	1.5277
31023	1.5277
31024	1.5277
31025	1.52771
31026	1.52771
31027	1.52771
31028	1.52772
31029	1.52772
31030	1.52772
31031	1.52773
31032	1.52773
31033	1.52773
31034	1.52773
31035	1.52774
31036	1.52774
31037	1.52774
31038	1.52775
31039	1.52775
31040	1.52776
31041	1.52776
31042	1.52776
31043	1.52777
31044	1.52777
31045	1.52778
31046	1.52778
31047	1.52778
31048	1.52779
31049	1.52779
31050	1.5278
31051	1.5278
31052	1.5278
31053	1.52781
31054	1.52781
31055	1.52782
31056	1.52782
31057	1.52783
31058	1.52783
31059	1.52784
31060	1.52784
31061	1.52785
31062	1.52785
31063	1.52786
31064	1.52786
31065	1.52787
31066	1.52787
31067	1.52788
31068	1.52789
31069	1.52789
31070	1.5279
31071	1.5279
31072	1.52791
31073	1.52791
31074	1.52792
31075	1.52793
31076	1.52793
31077	1.52794
31078	1.52794
31079	1.52795
31080	1.52796
31081	1.52796
31082	1.52797
31083	1.52798
31084	1.52798
31085	1.52799
31086	1.528
31087	1.528
31088	1.52801
31089	1.52802
31090	1.52802
31091	1.52803
31092	1.52804
31093	1.52805
31094	1.52805
31095	1.52806
31096	1.52807
31097	1.52808
31098	1.52808
31099	1.52809
31100	1.5281
31101	1.52811
31102	1.52811
31103	1.52812
31104	1.52813
31105	1.52814
31106	1.52815
31107	1.52815
31108	1.52816
31109	1.52817
31110	1.52818
31111	1.52819
31112	1.5282
31113	1.5282
31114	1.52821
31115	1.52822
31116	1.52823
31117	1.52824
31118	1.52825
31119	1.52826
31120	1.52826
31121	1.52827
31122	1.52828
31123	1.52829
31124	1.5283
31125	1.52831
31126	1.52832
31127	1.52833
31128	1.52834
31129	1.52835
31130	1.52835
31131	1.52836
31132	1.52837
31133	1.52838
31134	1.52839
31135	1.5284
31136	1.52841
31137	1.52842
31138	1.52843
31139	1.52844
31140	1.52845
31141	1.52846
31142	1.52847
31143	1.52848
31144	1.52849
31145	1.5285
31146	1.52851
31147	1.52852
31148	1.52853
31149	1.52854
31150	1.52855
31151	1.52856
31152	1.52856
31153	1.52857
31154	1.52858
31155	1.52859
31156	1.5286
31157	1.52861
31158	1.52862
31159	1.52863
31160	1.52864
31161	1.52865
31162	1.52866
31163	1.52867
31164	1.52868
31165	1.52869
31166	1.5287
31167	1.52871
31168	1.52872
31169	1.52873
31170	1.52874
31171	1.52875
31172	1.52876
31173	1.52877
31174	1.52878
31175	1.52879
31176	1.5288
31177	1.52881
31178	1.52882
31179	1.52883
31180	1.52883
31181	1.52884
31182	1.52885
31183	1.52886
31184	1.52887
31185	1.52888
31186	1.52889
31187	1.5289
31188	1.52891
31189	1.52892
31190	1.52893
31191	1.52893
31192	1.52894
31193	1.52895
31194	1.52896
31195	1.52897
31196	1.52898
31197	1.52899
31198	1.52899
31199	1.529
31200	1.52901
31201	1.52902
31202	1.52903
31203	1.52904
31204	1.52904
31205	1.52905
31206	1.52906
31207	1.52907
31208	1.52907
31209	1.52908
31210	1.52909
31211	1.5291
31212	1.5291
31213	1.52911
31214	1.52912
31215	1.52912
31216	1.52913
31217	1.52914
31218	1.52915
31219	1.52915
31220	1.52916
31221	1.52916
31222	1.52917
31223	1.52918
31224	1.52918
31225	1.52919
31226	1.52919
31227	1.5292
31228	1.52921
31229	1.52921
31230	1.52922
31231	1.52922
31232	1.52923
31233	1.52923
31234	1.52924
31235	1.52924
31236	1.52925
31237	1.52925
31238	1.52926
31239	1.52926
31240	1.52926
31241	1.52927
31242	1.52927
31243	1.52928
31244	1.52928
31245	1.52928
31246	1.52929
31247	1.52929
31248	1.52929
31249	1.52929
31250	1.5293
31251	1.5293
31252	1.5293
31253	1.5293
31254	1.52931
31255	1.52931
31256	1.52931
31257	1.52931
31258	1.52931
31259	1.52932
31260	1.52932
31261	1.52932
31262	1.52932
31263	1.52932
31264	1.52932
31265	1.52932
31266	1.52932
31267	1.52932
31268	1.52932
31269	1.52932
31270	1.52932
31271	1.52932
31272	1.52932
31273	1.52932
31274	1.52932
31275	1.52932
31276	1.52932
31277	1.52932
31278	1.52932
31279	1.52931
31280	1.52931
31281	1.52931
31282	1.52931
31283	1.52931
31284	1.52931
31285	1.5293
31286	1.5293
31287	1.5293
31288	1.52929
31289	1.52929
31290	1.52929
31291	1.52929
31292	1.52928
31293	1.52928
31294	1.52928
31295	1.52927
31296	1.52927
31297	1.52926
31298	1.52926
31299	1.52925
31300	1.52925
31301	1.52925
31302	1.52924
31303	1.52924
31304	1.52923
31305	1.52923
31306	1.52922
31307	1.52921
31308	1.52921
31309	1.5292
31310	1.5292
31311	1.52919
31312	1.52919
31313	1.52918
31314	1.52917
31315	1.52917
31316	1.52916
31317	1.52915
31318	1.52915
31319	1.52914
31320	1.52913
31321	1.52912
31322	1.52912
31323	1.52911
31324	1.5291
31325	1.52909
31326	1.52909
31327	1.52908
31328	1.52907
31329	1.52906
31330	1.52905
31331	1.52905
31332	1.52904
31333	1.52903
31334	1.52902
31335	1.52901
31336	1.529
31337	1.52899
31338	1.52898
31339	1.52897
31340	1.52897
31341	1.52896
31342	1.52895
31343	1.52894
31344	1.52893
31345	1.52892
31346	1.52891
31347	1.5289
31348	1.52889
31349	1.52888
31350	1.52887
31351	1.52886
31352	1.52885
31353	1.52884
31354	1.52883
31355	1.52882
31356	1.52881
31357	1.5288
31358	1.52878
31359	1.52877
31360	1.52876
31361	1.52875
31362	1.52874
31363	1.52873
31364	1.52872
31365	1.52871
31366	1.5287
31367	1.52869
31368	1.52868
31369	1.52866
31370	1.52865
31371	1.52864
31372	1.52863
31373	1.52862
31374	1.52861
31375	1.5286
31376	1.52858
31377	1.52857
31378	1.52856
31379	1.52855
31380	1.52854
31381	1.52853
31382	1.52852
31383	1.5285
31384	1.52849
31385	1.52848
31386	1.52847
31387	1.52846
31388	1.52845
31389	1.52843
31390	1.52842
31391	1.52841
31392	1.5284
31393	1.52839
31394	1.52838
31395	1.52836
31396	1.52835
31397	1.52834
31398	1.52833
31399	1.52832
31400	1.52831
31401	1.52829
31402	1.52828
31403	1.52827
31404	1.52826
31405	1.52825
31406	1.52824
31407	1.52822
31408	1.52821
31409	1.5282
31410	1.52819
31411	1.52818
31412	1.52817
31413	1.52816
31414	1.52814
31415	1.52813
31416	1.52812
31417	1.52811
31418	1.5281
31419	1.52809
31420	1.52808
31421	1.52807
31422	1.52806
31423	1.52804
31424	1.52803
31425	1.52802
31426	1.52801
31427	1.528
31428	1.52799
31429	1.52798
31430	1.52797
31431	1.52796
31432	1.52795
31433	1.52794
31434	1.52793
31435	1.52792
31436	1.52791
31437	1.5279
31438	1.52789
31439	1.52788
31440	1.52787
31441	1.52786
31442	1.52785
31443	1.52784
31444	1.52783
31445	1.52782
31446	1.52781
31447	1.5278
31448	1.52779
31449	1.52778
31450	1.52777
31451	1.52776
31452	1.52775
31453	1.52774
31454	1.52773
31455	1.52772
31456	1.52771
31457	1.52771
31458	1.5277
31459	1.52769
31460	1.52768
31461	1.52767
31462	1.52766
31463	1.52765
31464	1.52765
31465	1.52764
31466	1.52763
31467	1.52762
31468	1.52761
31469	1.52761
31470	1.5276
31471	1.52759
31472	1.52758
31473	1.52758
31474	1.52757
31475	1.52756
31476	1.52755
31477	1.52755
31478	1.52754
31479	1.52753
31480	1.52753
31481	1.52752
31482	1.52751
31483	1.5275
31484	1.5275
31485	1.52749
31486	1.52749
31487	1.52748
31488	1.52747
31489	1.52747
31490	1.52746
31491	1.52745
31492	1.52745
31493	1.52744
31494	1.52744
31495	1.52743
31496	1.52743
31497	1.52742
31498	1.52742
31499	1.52741
31500	1.5274
31501	1.5274
31502	1.52739
31503	1.52739
31504	1.52738
31505	1.52738
31506	1.52738
31507	1.52737
31508	1.52737
31509	1.52736
31510	1.52736
31511	1.52735
31512	1.52735
31513	1.52735
31514	1.52734
31515	1.52734
31516	1.52733
31517	1.52733
31518	1.52733
31519	1.52732
31520	1.52732
31521	1.52732
31522	1.52731
31523	1.52731
31524	1.52731
31525	1.5273
31526	1.5273
31527	1.5273
31528	1.52729
31529	1.52729
31530	1.52729
31531	1.52729
31532	1.52728
31533	1.52728
31534	1.52728
31535	1.52728
31536	1.52727
31537	1.52727
31538	1.52727
31539	1.52727
31540	1.52727
31541	1.52726
31542	1.52726
31543	1.52726
31544	1.52726
31545	1.52726
31546	1.52726
31547	1.52726
31548	1.52725
31549	1.52725
31550	1.52725
31551	1.52725
31552	1.52725
31553	1.52725
31554	1.52725
31555	1.52725
31556	1.52725
31557	1.52725
31558	1.52724
31559	1.52724
31560	1.52724
31561	1.52724
31562	1.52724
31563	1.52724
31564	1.52724
31565	1.52724
31566	1.52724
31567	1.52724
31568	1.52724
31569	1.52724
31570	1.52724
31571	1.52724
31572	1.52724
31573	1.52724
31574	1.52724
31575	1.52724
31576	1.52724
31577	1.52724
31578	1.52725
31579	1.52725
31580	1.52725
31581	1.52725
31582	1.52725
31583	1.52725
31584	1.52725
31585	1.52725
31586	1.52725
31587	1.52725
31588	1.52725
31589	1.52725
31590	1.52726
31591	1.52726
31592	1.52726
31593	1.52726
31594	1.52726
31595	1.52726
31596	1.52726
31597	1.52727
31598	1.52727
31599	1.52727
31600	1.52727
31601	1.52727
31602	1.52727
31603	1.52727
31604	1.52728
31605	1.52728
31606	1.52728
31607	1.52728
31608	1.52728
31609	1.52729
31610	1.52729
31611	1.52729
31612	1.52729
31613	1.52729
31614	1.5273
31615	1.5273
31616	1.5273
31617	1.5273
31618	1.5273
31619	1.52731
31620	1.52731
31621	1.52731
31622	1.52731
31623	1.52732
31624	1.52732
31625	1.52732
31626	1.52732
31627	1.52733
31628	1.52733
31629	1.52733
31630	1.52733
31631	1.52734
31632	1.52734
31633	1.52734
31634	1.52734
31635	1.52735
31636	1.52735
31637	1.52735
31638	1.52735
31639	1.52736
31640	1.52736
31641	1.52736
31642	1.52736
31643	1.52737
31644	1.52737
31645	1.52737
31646	1.52738
31647	1.52738
31648	1.52738
31649	1.52738
31650	1.52739
31651	1.52739
31652	1.52739
31653	1.5274
31654	1.5274
31655	1.5274
31656	1.5274
31657	1.52741
31658	1.52741
31659	1.52741
31660	1.52742
31661	1.52742
31662	1.52742
31663	1.52742
31664	1.52743
31665	1.52743
31666	1.52743
31667	1.52744
31668	1.52744
31669	1.52744
31670	1.52745
31671	1.52745
31672	1.52745
31673	1.52746
31674	1.52746
31675	1.52746
31676	1.52746
31677	1.52747
31678	1.52747
31679	1.52747
31680	1.52748
31681	1.52748
31682	1.52748
31683	1.52749
31684	1.52749
31685	1.52749
31686	1.52749
31687	1.5275
31688	1.5275
31689	1.5275
31690	1.52751
31691	1.52751
31692	1.52751
31693	1.52752
31694	1.52752
31695	1.52752
31696	1.52753
31697	1.52753
31698	1.52753
31699	1.52753
31700	1.52754
31701	1.52754
31702	1.52754
31703	1.52755
31704	1.52755
31705	1.52755
31706	1.52756
31707	1.52756
31708	1.52756
31709	1.52756
31710	1.52757
31711	1.52757
31712	1.52757
31713	1.52758
31714	1.52758
31715	1.52758
31716	1.52758
31717	1.52759
31718	1.52759
31719	1.52759
31720	1.5276
31721	1.5276
31722	1.5276
31723	1.52761
31724	1.52761
31725	1.52761
31726	1.52761
31727	1.52762
31728	1.52762
31729	1.52762
31730	1.52763
31731	1.52763
31732	1.52763
31733	1.52763
31734	1.52764
31735	1.52764
31736	1.52764
31737	1.52764
31738	1.52765
31739	1.52765
31740	1.52765
31741	1.52766
31742	1.52766
31743	1.52766
31744	1.52766
31745	1.52767
31746	1.52767
31747	1.52767
31748	1.52767
31749	1.52768
31750	1.52768
31751	1.52768
31752	1.52768
31753	1.52769
31754	1.52769
31755	1.52769
31756	1.52769
31757	1.5277
31758	1.5277
31759	1.5277
31760	1.5277
31761	1.52771
31762	1.52771
31763	1.52771
31764	1.52771
31765	1.52772
31766	1.52772
31767	1.52772
31768	1.52772
31769	1.52773
31770	1.52773
31771	1.52773
31772	1.52773
31773	1.52774
31774	1.52774
31775	1.52774
31776	1.52774
31777	1.52775
31778	1.52775
31779	1.52775
31780	1.52775
31781	1.52775
31782	1.52776
31783	1.52776
31784	1.52776
31785	1.52776
31786	1.52777
31787	1.52777
31788	1.52777
31789	1.52777
31790	1.52777
31791	1.52778
31792	1.52778
31793	1.52778
31794	1.52778
31795	1.52778
31796	1.52779
31797	1.52779
31798	1.52779
31799	1.52779
31800	1.52779
31801	1.5278
31802	1.5278
31803	1.5278
31804	1.5278
31805	1.5278
31806	1.52781
31807	1.52781
31808	1.52781
31809	1.52781
31810	1.52781
31811	1.52782
31812	1.52782
31813	1.52782
31814	1.52782
31815	1.52782
31816	1.52783
31817	1.52783
31818	1.52783
31819	1.52783
31820	1.52783
31821	1.52783
31822	1.52784
31823	1.52784
31824	1.52784
31825	1.52784
31826	1.52784
31827	1.52784
31828	1.52785
31829	1.52785
31830	1.52785
31831	1.52785
31832	1.52785
31833	1.52785
31834	1.52786
31835	1.52786
31836	1.52786
31837	1.52786
31838	1.52786
31839	1.52786
31840	1.52787
31841	1.52787
31842	1.52787
31843	1.52787
31844	1.52787
31845	1.52787
31846	1.52788
31847	1.52788
31848	1.52788
31849	1.52788
31850	1.52788
31851	1.52788
31852	1.52788
31853	1.52789
31854	1.52789
31855	1.52789
31856	1.52789
31857	1.52789
31858	1.52789
31859	1.52789
31860	1.5279
31861	1.5279
31862	1.5279
31863	1.5279
31864	1.5279
31865	1.5279
31866	1.5279
31867	1.52791
31868	1.52791
31869	1.52791
31870	1.52791
31871	1.52791
31872	1.52791
31873	1.52791
31874	1.52792
31875	1.52792
31876	1.52792
31877	1.52792
31878	1.52792
31879	1.52792
31880	1.52792
31881	1.52792
31882	1.52793
31883	1.52793
31884	1.52793
31885	1.52793
31886	1.52793
31887	1.52793
31888	1.52793
31889	1.52793
31890	1.52794
31891	1.52794
31892	1.52794
31893	1.52794
31894	1.52794
31895	1.52794
31896	1.52794
31897	1.52794
31898	1.52794
31899	1.52795
31900	1.52795
31901	1.52795
31902	1.52795
31903	1.52795
31904	1.52795
31905	1.52795
31906	1.52795
31907	1.52795
31908	1.52796
31909	1.52796
31910	1.52796
31911	1.52796
31912	1.52796
31913	1.52796
31914	1.52796
31915	1.52796
31916	1.52796
31917	1.52796
31918	1.52797
31919	1.52797
31920	1.52797
31921	1.52797
31922	1.52797
31923	1.52797
31924	1.52797
31925	1.52797
31926	1.52797
31927	1.52797
31928	1.52798
31929	1.52798
31930	1.52798
31931	1.52798
31932	1.52798
31933	1.52798
31934	1.52798
31935	1.52798
31936	1.52798
31937	1.52798
31938	1.52798
31939	1.52799
31940	1.52799
31941	1.52799
31942	1.52799
31943	1.52799
31944	1.52799
31945	1.52799
31946	1.52799
31947	1.52799
31948	1.52799
31949	1.52799
31950	1.52799
31951	1.528
31952	1.528
31953	1.528
31954	1.528
31955	1.528
31956	1.528
31957	1.528
31958	1.528
31959	1.528
31960	1.528
31961	1.528
31962	1.528
31963	1.528
31964	1.52801
31965	1.52801
31966	1.52801
31967	1.52801
31968	1.52801
31969	1.52801
31970	1.52801
31971	1.52801
31972	1.52801
31973	1.52801
31974	1.52801
31975	1.52801
31976	1.52801
31977	1.52801
31978	1.52802
31979	1.52802
31980	1.52802
31981	1.52802
31982	1.52802
31983	1.52802
31984	1.52802
31985	1.52802
31986	1.52802
31987	1.52802
31988	1.52802
31989	1.52802
31990	1.52802
31991	1.52802
31992	1.52802
31993	1.52802
31994	1.52803
31995	1.52803
31996	1.52803
31997	1.52803
31998	1.52803
31999	1.52803
32000	1.52803
32001	1.52803
32002	1.52803
32003	1.52803
32004	1.52803
32005	1.52803
32006	1.52803
32007	1.52803
32008	1.52803
32009	1.52803
32010	1.52803
32011	1.52803
32012	1.52803
32013	1.52803
32014	1.52804
32015	1.52804
32016	1.52804
32017	1.52804
32018	1.52804
32019	1.52804
32020	1.52804
32021	1.52804
32022	1.52804
32023	1.52804
32024	1.52804
32025	1.52804
32026	1.52804
32027	1.52804
32028	1.52804
32029	1.52804
32030	1.52804
32031	1.52804
32032	1.52804
32033	1.52804
32034	1.52804
32035	1.52804
32036	1.52804
32037	1.52804
32038	1.52804
32039	1.52804
32040	1.52804
32041	1.52804
32042	1.52804
32043	1.52804
32044	1.52804
32045	1.52804
32046	1.52804
32047	1.52804
32048	1.52804
32049	1.52804
32050	1.52804
32051	1.52804
32052	1.52804
32053	1.52804
32054	1.52804
32055	1.52804
32056	1.52804
32057	1.52804
32058	1.52804
32059	1.52804
32060	1.52804
32061	1.52804
32062	1.52804
32063	1.52804
32064	1.52804
32065	1.52804
32066	1.52804
32067	1.52804
32068	1.52804
32069	1.52804
32070	1.52804
32071	1.52804
32072	1.52804
32073	1.52804
32074	1.52804
32075	1.52804
32076	1.52804
32077	1.52804
32078	1.52804
32079	1.52804
32080	1.52804
32081	1.52803
32082	1.52803
32083	1.52803
32084	1.52803
32085	1.52803
32086	1.52803
32087	1.52803
32088	1.52803
32089	1.52803
32090	1.52803
32091	1.52803
32092	1.52803
32093	1.52803
32094	1.52802
32095	1.52802
32096	1.52802
32097	1.52802
32098	1.52802
32099	1.52802
32100	1.52802
32101	1.52802
32102	1.52802
32103	1.52801
32104	1.52801
32105	1.52801
32106	1.52801
32107	1.52801
32108	1.52801
32109	1.52801
32110	1.528
32111	1.528
32112	1.528
32113	1.528
32114	1.528
32115	1.528
32116	1.52799
32117	1.52799
32118	1.52799
32119	1.52799
32120	1.52799
32121	1.52798
32122	1.52798
32123	1.52798
32124	1.52798
32125	1.52798
32126	1.52797
32127	1.52797
32128	1.52797
32129	1.52797
32130	1.52796
32131	1.52796
32132	1.52796
32133	1.52796
32134	1.52795
32135	1.52795
32136	1.52795
32137	1.52795
32138	1.52794
32139	1.52794
32140	1.52794
32141	1.52793
32142	1.52793
32143	1.52793
32144	1.52793
32145	1.52792
32146	1.52792
32147	1.52792
32148	1.52791
32149	1.52791
32150	1.52791
32151	1.5279
32152	1.5279
32153	1.52789
32154	1.52789
32155	1.52789
32156	1.52788
32157	1.52788
32158	1.52788
32159	1.52787
32160	1.52787
32161	1.52786
32162	1.52786
32163	1.52785
32164	1.52785
32165	1.52785
32166	1.52784
32167	1.52784
32168	1.52783
32169	1.52783
32170	1.52782
32171	1.52782
32172	1.52781
32173	1.52781
32174	1.5278
32175	1.5278
32176	1.52779
32177	1.52779
32178	1.52778
32179	1.52778
32180	1.52777
32181	1.52777
32182	1.52776
32183	1.52776
32184	1.52775
32185	1.52774
32186	1.52774
32187	1.52773
32188	1.52773
32189	1.52772
32190	1.52771
32191	1.52771
32192	1.5277
32193	1.5277
32194	1.52769
32195	1.52768
32196	1.52768
32197	1.52767
32198	1.52766
32199	1.52766
32200	1.52765
32201	1.52764
32202	1.52764
32203	1.52763
32204	1.52762
32205	1.52762
32206	1.52761
32207	1.5276
32208	1.5276
32209	1.52759
32210	1.52758
32211	1.52757
32212	1.52757
32213	1.52756
32214	1.52755
32215	1.52754
32216	1.52754
32217	1.52753
32218	1.52752
32219	1.52751
32220	1.5275
32221	1.5275
32222	1.52749
32223	1.52748
32224	1.52747
32225	1.52746
32226	1.52746
32227	1.52745
32228	1.52744
32229	1.52743
32230	1.52742
32231	1.52741
32232	1.52741
32233	1.5274
32234	1.52739
32235	1.52738
32236	1.52737
32237	1.52736
32238	1.52735
32239	1.52735
32240	1.52734
32241	1.52733
32242	1.52732
32243	1.52731
32244	1.5273
32245	1.52729
32246	1.52728
32247	1.52727
32248	1.52727
32249	1.52726
32250	1.52725
32251	1.52724
32252	1.52723
32253	1.52722
32254	1.52721
32255	1.5272
32256	1.52719
32257	1.52718
32258	1.52717
32259	1.52716
32260	1.52715
32261	1.52715
32262	1.52714
32263	1.52713
32264	1.52712
32265	1.52711
32266	1.5271
32267	1.52709
32268	1.52708
32269	1.52707
32270	1.52706
32271	1.52705
32272	1.52704
32273	1.52703
32274	1.52702
32275	1.52701
32276	1.52701
32277	1.527
32278	1.52699
32279	1.52698
32280	1.52697
32281	1.52696
32282	1.52695
32283	1.52694
32284	1.52693
32285	1.52692
32286	1.52691
32287	1.5269
32288	1.5269
32289	1.52689
32290	1.52688
32291	1.52687
32292	1.52686
32293	1.52685
32294	1.52684
32295	1.52683
32296	1.52683
32297	1.52682
32298	1.52681
32299	1.5268
32300	1.52679
32301	1.52678
32302	1.52677
32303	1.52677
32304	1.52676
32305	1.52675
32306	1.52674
32307	1.52673
32308	1.52673
32309	1.52672
32310	1.52671
32311	1.5267
32312	1.52669
32313	1.52669
32314	1.52668
32315	1.52667
32316	1.52666
32317	1.52666
32318	1.52665
32319	1.52664
32320	1.52664
32321	1.52663
32322	1.52662
32323	1.52662
32324	1.52661
32325	1.5266
32326	1.5266
32327	1.52659
32328	1.52658
32329	1.52658
32330	1.52657
32331	1.52657
32332	1.52656
32333	1.52655
32334	1.52655
32335	1.52654
32336	1.52654
32337	1.52653
32338	1.52653
32339	1.52652
32340	1.52652
32341	1.52651
32342	1.52651
32343	1.5265
32344	1.5265
32345	1.52649
32346	1.52649
32347	1.52649
32348	1.52648
32349	1.52648
32350	1.52648
32351	1.52647
32352	1.52647
32353	1.52647
32354	1.52646
32355	1.52646
32356	1.52646
32357	1.52645
32358	1.52645
32359	1.52645
32360	1.52645
32361	1.52644
32362	1.52644
32363	1.52644
32364	1.52644
32365	1.52644
32366	1.52644
32367	1.52643
32368	1.52643
32369	1.52643
32370	1.52643
32371	1.52643
32372	1.52643
32373	1.52643
32374	1.52643
32375	1.52643
32376	1.52643
32377	1.52643
32378	1.52643
32379	1.52643
32380	1.52643
32381	1.52643
32382	1.52643
32383	1.52643
32384	1.52643
32385	1.52644
32386	1.52644
32387	1.52644
32388	1.52644
32389	1.52644
32390	1.52645
32391	1.52645
32392	1.52645
32393	1.52645
32394	1.52645
32395	1.52646
32396	1.52646
32397	1.52646
32398	1.52647
32399	1.52647
32400	1.52647
32401	1.52648
32402	1.52648
32403	1.52649
32404	1.52649
32405	1.52649
32406	1.5265
32407	1.5265
32408	1.52651
32409	1.52651
32410	1.52652
32411	1.52652
32412	1.52653
32413	1.52653
32414	1.52654
32415	1.52654
32416	1.52655
32417	1.52656
32418	1.52656
32419	1.52657
32420	1.52658
32421	1.52658
32422	1.52659
32423	1.52659
32424	1.5266
32425	1.52661
32426	1.52662
32427	1.52662
32428	1.52663
32429	1.52664
32430	1.52665
32431	1.52665
32432	1.52666
32433	1.52667
32434	1.52668
32435	1.52669
32436	1.52669
32437	1.5267
32438	1.52671
32439	1.52672
32440	1.52673
32441	1.52674
32442	1.52675
32443	1.52675
32444	1.52676
32445	1.52677
32446	1.52678
32447	1.52679
32448	1.5268
32449	1.52681
32450	1.52682
32451	1.52683
32452	1.52684
32453	1.52685
32454	1.52686
32455	1.52687
32456	1.52688
32457	1.52689
32458	1.5269
32459	1.52691
32460	1.52692
32461	1.52693
32462	1.52694
32463	1.52695
32464	1.52696
32465	1.52697
32466	1.52699
32467	1.527
32468	1.52701
32469	1.52702
32470	1.52703
32471	1.52704
32472	1.52705
32473	1.52706
32474	1.52707
32475	1.52709
32476	1.5271
32477	1.52711
32478	1.52712
32479	1.52713
32480	1.52714
32481	1.52715
32482	1.52717
32483	1.52718
32484	1.52719
32485	1.5272
32486	1.52721
32487	1.52722
32488	1.52724
32489	1.52725
32490	1.52726
32491	1.52727
32492	1.52728
32493	1.5273
32494	1.52731
32495	1.52732
32496	1.52733
32497	1.52734
32498	1.52736
32499	1.52737
32500	1.52738
32501	1.52739
32502	1.5274
32503	1.52742
32504	1.52743
32505	1.52744
32506	1.52745
32507	1.52746
32508	1.52747
32509	1.52749
32510	1.5275
32511	1.52751
32512	1.52752
32513	1.52753
32514	1.52755
32515	1.52756
32516	1.52757
32517	1.52758
32518	1.52759
32519	1.5276
32520	1.52762
32521	1.52763
32522	1.52764
32523	1.52765
32524	1.52766
32525	1.52767
32526	1.52769
32527	1.5277
32528	1.52771
32529	1.52772
32530	1.52773
32531	1.52774
32532	1.52775
32533	1.52776
32534	1.52778
32535	1.52779
32536	1.5278
32537	1.52781
32538	1.52782
32539	1.52783
32540	1.52784
32541	1.52785
32542	1.52786
32543	1.52787
32544	1.52788
32545	1.52789
32546	1.52791
32547	1.52792
32548	1.52793
32549	1.52794
32550	1.52795
32551	1.52796
32552	1.52797
32553	1.52798
32554	1.52799
32555	1.528
32556	1.52801
32557	1.52802
32558	1.52803
32559	1.52804
32560	1.52804
32561	1.52805
32562	1.52806
32563	1.52807
32564	1.52808
32565	1.52809
32566	1.5281
32567	1.52811
32568	1.52812
32569	1.52813
32570	1.52814
32571	1.52814
32572	1.52815
32573	1.52816
32574	1.52817
32575	1.52818
32576	1.52819
32577	1.5282
32578	1.5282
32579	1.52821
32580	1.52822
32581	1.52823
32582	1.52823
32583	1.52824
32584	1.52825
32585	1.52826
32586	1.52826
32587	1.52827
32588	1.52828
32589	1.52829
32590	1.52829
32591	1.5283
32592	1.52831
32593	1.52831
32594	1.52832
32595	1.52833
32596	1.52833
32597	1.52834
32598	1.52835
32599	1.52835
32600	1.52836
32601	1.52837
32602	1.52837
32603	1.52838
32604	1.52838
32605	1.52839
32606	1.5284
32607	1.5284
32608	1.52841
32609	1.52841
32610	1.52842
32611	1.52842
32612	1.52843
32613	1.52843
32614	1.52844
32615	1.52844
32616	1.52845
32617	1.52845
32618	1.52846
32619	1.52846
32620	1.52847
32621	1.52847
32622	1.52847
32623	1.52848
32624	1.52848
32625	1.52849
32626	1.52849
32627	1.52849
32628	1.5285
32629	1.5285
32630	1.5285
32631	1.52851
32632	1.52851
32633	1.52852
32634	1.52852
32635	1.52852
32636	1.52852
32637	1.52853
32638	1.52853
32639	1.52853
32640	1.52854
32641	1.52854
32642	1.52854
32643	1.52854
32644	1.52855
32645	1.52855
32646	1.52855
32647	1.52855
32648	1.52856
32649	1.52856
32650	1.52856
32651	1.52856
32652	1.52856
32653	1.52856
32654	1.52857
32655	1.52857
32656	1.52857
32657	1.52857
32658	1.52857
32659	1.52857
32660	1.52857
32661	1.52858
32662	1.52858
32663	1.52858
32664	1.52858
32665	1.52858
32666	1.52858
32667	1.52858
32668	1.52858
32669	1.52858
32670	1.52858
32671	1.52858
32672	1.52858
32673	1.52858
32674	1.52858
32675	1.52858
32676	1.52858
32677	1.52859
32678	1.52859
32679	1.52859
32680	1.52858
32681	1.52858
32682	1.52858
32683	1.52858
32684	1.52858
32685	1.52858
32686	1.52858
32687	1.52858
32688	1.52858
32689	1.52858
32690	1.52858
32691	1.52858
32692	1.52858
32693	1.52858
32694	1.52858
32695	1.52858
32696	1.52858
32697	1.52857
32698	1.52857
32699	1.52857
32700	1.52857
32701	1.52857
32702	1.52857
32703	1.52857
32704	1.52857
32705	1.52856
32706	1.52856
32707	1.52856
32708	1.52856
32709	1.52856
32710	1.52856
32711	1.52856
32712	1.52855
32713	1.52855
32714	1.52855
32715	1.52855
32716	1.52855
32717	1.52854
32718	1.52854
32719	1.52854
32720	1.52854
32721	1.52854
32722	1.52853
32723	1.52853
32724	1.52853
32725	1.52853
32726	1.52853
32727	1.52852
32728	1.52852
32729	1.52852
32730	1.52852
32731	1.52851
32732	1.52851
32733	1.52851
32734	1.52851
32735	1.5285
32736	1.5285
32737	1.5285
32738	1.5285
32739	1.52849
32740	1.52849
32741	1.52849
32742	1.52849
32743	1.52848
32744	1.52848
32745	1.52848
32746	1.52848
32747	1.52847
32748	1.52847
32749	1.52847
32750	1.52846
32751	1.52846
32752	1.52846
32753	1.52846
32754	1.52845
32755	1.52845
32756	1.52845
32757	1.52844
32758	1.52844
32759	1.52844
32760	1.52844
32761	1.52843
32762	1.52843
32763	1.52843
32764	1.52842
32765	1.52842
32766	1.52842
32767	1.52841
32768	1.52841
32769	1.52841
32770	1.5284
32771	1.5284
32772	1.5284
32773	1.52839
32774	1.52839
32775	1.52839
32776	1.52839
32777	1.52838
32778	1.52838
32779	1.52838
32780	1.52837
32781	1.52837
32782	1.52837
32783	1.52836
32784	1.52836
32785	1.52836
32786	1.52835
32787	1.52835
32788	1.52835
32789	1.52834
32790	1.52834
32791	1.52834
32792	1.52833
32793	1.52833
32794	1.52833
32795	1.52832
32796	1.52832
32797	1.52832
32798	1.52831
32799	1.52831
32800	1.52831
32801	1.5283
32802	1.5283
32803	1.5283
32804	1.52829
32805	1.52829
32806	1.52829
32807	1.52828
32808	1.52828
32809	1.52828
32810	1.52827
32811	1.52827
32812	1.52827
32813	1.52826
32814	1.52826
32815	1.52826
32816	1.52826
32817	1.52825
32818	1.52825
32819	1.52825
32820	1.52824
32821	1.52824
32822	1.52824
32823	1.52823
32824	1.52823
32825	1.52823
32826	1.52822
32827	1.52822
32828	1.52822
32829	1.52821
32830	1.52821
32831	1.52821
32832	1.5282
32833	1.5282
32834	1.5282
32835	1.52819
32836	1.52819
32837	1.52819
32838	1.52819
32839	1.52818
32840	1.52818
32841	1.52818
32842	1.52817
32843	1.52817
32844	1.52817
32845	1.52816
32846	1.52816
32847	1.52816
32848	1.52815
32849	1.52815
32850	1.52815
32851	1.52815
32852	1.52814
32853	1.52814
32854	1.52814
32855	1.52813
32856	1.52813
32857	1.52813
32858	1.52812
32859	1.52812
32860	1.52812
32861	1.52812
32862	1.52811
32863	1.52811
32864	1.52811
32865	1.5281
32866	1.5281
32867	1.5281
32868	1.5281
32869	1.52809
32870	1.52809
32871	1.52809
32872	1.52808
32873	1.52808
32874	1.52808
32875	1.52808
32876	1.52807
32877	1.52807
32878	1.52807
32879	1.52806
32880	1.52806
32881	1.52806
32882	1.52806
32883	1.52805
32884	1.52805
32885	1.52805
32886	1.52805
32887	1.52804
32888	1.52804
32889	1.52804
32890	1.52803
32891	1.52803
32892	1.52803
32893	1.52803
32894	1.52802
32895	1.52802
32896	1.52802
32897	1.52802
32898	1.52801
32899	1.52801
32900	1.52801
32901	1.52801
32902	1.528
32903	1.528
32904	1.528
32905	1.528
32906	1.52799
32907	1.52799
32908	1.52799
32909	1.52799
32910	1.52798
32911	1.52798
32912	1.52798
32913	1.52798
32914	1.52797
32915	1.52797
32916	1.52797
32917	1.52797
32918	1.52796
32919	1.52796
32920	1.52796
32921	1.52796
32922	1.52795
32923	1.52795
32924	1.52795
32925	1.52795
32926	1.52794
32927	1.52794
32928	1.52794
32929	1.52794
32930	1.52794
32931	1.52793
32932	1.52793
32933	1.52793
32934	1.52793
32935	1.52792
32936	1.52792
32937	1.52792
32938	1.52792
32939	1.52792
32940	1.52791
32941	1.52791
32942	1.52791
32943	1.52791
32944	1.5279
32945	1.5279
32946	1.5279
32947	1.5279
32948	1.5279
32949	1.52789
32950	1.52789
32951	1.52789
32952	1.52789
32953	1.52789
32954	1.52788
32955	1.52788
32956	1.52788
32957	1.52788
32958	1.52787
32959	1.52787
32960	1.52787
32961	1.52787
32962	1.52787
32963	1.52786
32964	1.52786
32965	1.52786
32966	1.52786
32967	1.52786
32968	1.52785
32969	1.52785
32970	1.52785
32971	1.52785
32972	1.52785
32973	1.52784
32974	1.52784
32975	1.52784
32976	1.52784
32977	1.52784
32978	1.52783
32979	1.52783
32980	1.52783
32981	1.52783
32982	1.52783
32983	1.52783
32984	1.52782
32985	1.52782
32986	1.52782
32987	1.52782
32988	1.52782
32989	1.52781
32990	1.52781
32991	1.52781
32992	1.52781
32993	1.52781
32994	1.5278
32995	1.5278
32996	1.5278
32997	1.5278
32998	1.5278
32999	1.5278
33000	1.52779
33001	1.52779
33002	1.52779
33003	1.52779
33004	1.52779
33005	1.52779
33006	1.52778
33007	1.52778
33008	1.52778
33009	1.52778
33010	1.52778
33011	1.52778
33012	1.52777
33013	1.52777
33014	1.52777
33015	1.52777
33016	1.52777
33017	1.52777
33018	1.52776
33019	1.52776
33020	1.52776
33021	1.52776
33022	1.52776
33023	1.52776
33024	1.52775
33025	1.52775
33026	1.52775
33027	1.52775
33028	1.52775
33029	1.52775
33030	1.52774
33031	1.52774
33032	1.52774
33033	1.52774
33034	1.52774
33035	1.52774
33036	1.52774
33037	1.52773
33038	1.52773
33039	1.52773
33040	1.52773
33041	1.52773
33042	1.52773
33043	1.52773
33044	1.52772
33045	1.52772
33046	1.52772
33047	1.52772
33048	1.52772
33049	1.52772
33050	1.52772
33051	1.52772
33052	1.52771
33053	1.52771
33054	1.52771
33055	1.52771
33056	1.52771
33057	1.52771
33058	1.52771
33059	1.52771
33060	1.5277
33061	1.5277
33062	1.5277
33063	1.5277
33064	1.5277
33065	1.5277
33066	1.5277
33067	1.5277
33068	1.52769
33069	1.52769
33070	1.52769
33071	1.52769
33072	1.52769
33073	1.52769
33074	1.52769
33075	1.52769
33076	1.52769
33077	1.52769
33078	1.52769
33079	1.52768
33080	1.52768
33081	1.52768
33082	1.52768
33083	1.52768
33084	1.52768
33085	1.52768
33086	1.52768
33087	1.52768
33088	1.52768
33089	1.52768
33090	1.52768
33091	1.52767
33092	1.52767
33093	1.52767
33094	1.52767
33095	1.52767
33096	1.52767
33097	1.52767
33098	1.52767
33099	1.52767
33100	1.52767
33101	1.52767
33102	1.52767
33103	1.52767
33104	1.52767
33105	1.52767
33106	1.52767
33107	1.52767
33108	1.52767
33109	1.52767
33110	1.52767
33111	1.52767
33112	1.52767
33113	1.52766
33114	1.52766
33115	1.52766
33116	1.52766
33117	1.52766
33118	1.52766
33119	1.52766
33120	1.52766
33121	1.52766
33122	1.52766
33123	1.52766
33124	1.52766
33125	1.52766
33126	1.52766
33127	1.52766
33128	1.52766
33129	1.52767
33130	1.52767
33131	1.52767
33132	1.52767
33133	1.52767
33134	1.52767
33135	1.52767
33136	1.52767
33137	1.52767
33138	1.52767
33139	1.52767
33140	1.52767
33141	1.52767
33142	1.52767
33143	1.52767
33144	1.52767
33145	1.52767
33146	1.52767
33147	1.52767
33148	1.52767
33149	1.52768
33150	1.52768
33151	1.52768
33152	1.52768
33153	1.52768
33154	1.52768
33155	1.52768
33156	1.52768
33157	1.52768
33158	1.52769
33159	1.52769
33160	1.52769
33161	1.52769
33162	1.52769
33163	1.52769
33164	1.52769
33165	1.52769
33166	1.5277
33167	1.5277
33168	1.5277
33169	1.5277
33170	1.5277
33171	1.5277
33172	1.52771
33173	1.52771
33174	1.52771
33175	1.52771
33176	1.52771
33177	1.52771
33178	1.52772
33179	1.52772
33180	1.52772
33181	1.52772
33182	1.52773
33183	1.52773
33184	1.52773
33185	1.52773
33186	1.52773
33187	1.52774
33188	1.52774
33189	1.52774
33190	1.52774
33191	1.52775
33192	1.52775
33193	1.52775
33194	1.52775
33195	1.52776
33196	1.52776
33197	1.52776
33198	1.52777
33199	1.52777
33200	1.52777
33201	1.52777
33202	1.52778
33203	1.52778
33204	1.52778
33205	1.52779
33206	1.52779
33207	1.52779
33208	1.5278
33209	1.5278
33210	1.5278
33211	1.52781
33212	1.52781
33213	1.52782
33214	1.52782
33215	1.52782
33216	1.52783
33217	1.52783
33218	1.52783
33219	1.52784
33220	1.52784
33221	1.52785
33222	1.52785
33223	1.52785
33224	1.52786
33225	1.52786
33226	1.52787
33227	1.52787
33228	1.52788
33229	1.52788
33230	1.52788
33231	1.52789
33232	1.52789
33233	1.5279
33234	1.5279
33235	1.52791
33236	1.52791
33237	1.52792
33238	1.52792
33239	1.52793
33240	1.52793
33241	1.52794
33242	1.52794
33243	1.52795
33244	1.52795
33245	1.52796
33246	1.52796
33247	1.52797
33248	1.52798
33249	1.52798
33250	1.52799
33251	1.52799
33252	1.528
33253	1.528
33254	1.52801
33255	1.52802
33256	1.52802
33257	1.52803
33258	1.52803
33259	1.52804
33260	1.52805
33261	1.52805
33262	1.52806
33263	1.52806
33264	1.52807
33265	1.52808
33266	1.52808
33267	1.52809
33268	1.5281
33269	1.5281
33270	1.52811
33271	1.52812
33272	1.52812
33273	1.52813
33274	1.52814
33275	1.52814
33276	1.52815
33277	1.52816
33278	1.52816
33279	1.52817
33280	1.52818
33281	1.52819
33282	1.52819
33283	1.5282
33284	1.52821
33285	1.52822
33286	1.52822
33287	1.52823
33288	1.52824
33289	1.52825
33290	1.52825
33291	1.52826
33292	1.52827
33293	1.52828
33294	1.52828
33295	1.52829
33296	1.5283
33297	1.52831
33298	1.52831
33299	1.52832
33300	1.52833
33301	1.52834
33302	1.52835
33303	1.52835
33304	1.52836
33305	1.52837
33306	1.52838
33307	1.52839
33308	1.5284
33309	1.5284
33310	1.52841
33311	1.52842
33312	1.52843
33313	1.52844
33314	1.52845
33315	1.52845
33316	1.52846
33317	1.52847
33318	1.52848
33319	1.52849
33320	1.5285
33321	1.5285
33322	1.52851
33323	1.52852
33324	1.52853
33325	1.52854
33326	1.52855
33327	1.52856
33328	1.52857
33329	1.52857
33330	1.52858
33331	1.52859
33332	1.5286
33333	1.52861
33334	1.52862
33335	1.52863
33336	1.52863
33337	1.52864
33338	1.52865
33339	1.52866
33340	1.52867
33341	1.52868
33342	1.52869
33343	1.5287
33344	1.5287
33345	1.52871
33346	1.52872
33347	1.52873
33348	1.52874
33349	1.52875
33350	1.52876
33351	1.52877
33352	1.52877
33353	1.52878
33354	1.52879
33355	1.5288
33356	1.52881
33357	1.52882
33358	1.52883
33359	1.52883
33360	1.52884
33361	1.52885
33362	1.52886
33363	1.52887
33364	1.52888
33365	1.52888
33366	1.52889
33367	1.5289
33368	1.52891
33369	1.52892
33370	1.52893
33371	1.52893
33372	1.52894
33373	1.52895
33374	1.52896
33375	1.52897
33376	1.52897
33377	1.52898
33378	1.52899
33379	1.529
33380	1.529
33381	1.52901
33382	1.52902
33383	1.52903
33384	1.52903
33385	1.52904
33386	1.52905
33387	1.52906
33388	1.52906
33389	1.52907
33390	1.52908
33391	1.52908
33392	1.52909
33393	1.5291
33394	1.5291
33395	1.52911
33396	1.52912
33397	1.52912
33398	1.52913
33399	1.52914
33400	1.52914
33401	1.52915
33402	1.52916
33403	1.52916
33404	1.52917
33405	1.52917
33406	1.52918
33407	1.52919
33408	1.52919
33409	1.5292
33410	1.5292
33411	1.52921
33412	1.52921
33413	1.52922
33414	1.52922
33415	1.52923
33416	1.52923
33417	1.52924
33418	1.52924
33419	1.52925
33420	1.52925
33421	1.52926
33422	1.52926
33423	1.52926
33424	1.52927
33425	1.52927
33426	1.52927
33427	1.52928
33428	1.52928
33429	1.52929
33430	1.52929
33431	1.52929
33432	1.52929
33433	1.5293
33434	1.5293
33435	1.5293
33436	1.52931
33437	1.52931
33438	1.52931
33439	1.52931
33440	1.52931
33441	1.52932
33442	1.52932
33443	1.52932
33444	1.52932
33445	1.52932
33446	1.52932
33447	1.52933
33448	1.52933
33449	1.52933
33450	1.52933
33451	1.52933
33452	1.52933
33453	1.52933
33454	1.52933
33455	1.52933
33456	1.52933
33457	1.52933
33458	1.52933
33459	1.52933
33460	1.52933
33461	1.52933
33462	1.52933
33463	1.52933
33464	1.52932
33465	1.52932
33466	1.52932
33467	1.52932
33468	1.52932
33469	1.52932
33470	1.52932
33471	1.52931
33472	1.52931
33473	1.52931
33474	1.52931
33475	1.5293
33476	1.5293
33477	1.5293
33478	1.52929
33479	1.52929
33480	1.52929
33481	1.52928
33482	1.52928
33483	1.52928
33484	1.52927
33485	1.52927
33486	1.52926
33487	1.52926
33488	1.52926
33489	1.52925
33490	1.52925
33491	1.52924
33492	1.52924
33493	1.52923
33494	1.52923
33495	1.52922
33496	1.52921
33497	1.52921
33498	1.5292
33499	1.5292
33500	1.52919
33501	1.52918
33502	1.52918
33503	1.52917
33504	1.52917
33505	1.52916
33506	1.52915
33507	1.52914
33508	1.52914
33509	1.52913
33510	1.52912
33511	1.52912
33512	1.52911
33513	1.5291
33514	1.52909
33515	1.52908
33516	1.52908
33517	1.52907
33518	1.52906
33519	1.52905
33520	1.52904
33521	1.52903
33522	1.52902
33523	1.52902
33524	1.52901
33525	1.529
33526	1.52899
33527	1.52898
33528	1.52897
33529	1.52896
33530	1.52895
33531	1.52894
33532	1.52893
33533	1.52892
33534	1.52891
33535	1.5289
33536	1.52889
33537	1.52888
33538	1.52887
33539	1.52886
33540	1.52885
33541	1.52884
33542	1.52883
33543	1.52882
33544	1.52881
33545	1.52879
33546	1.52878
33547	1.52877
33548	1.52876
33549	1.52875
33550	1.52874
33551	1.52873
33552	1.52871
33553	1.5287
33554	1.52869
33555	1.52868
33556	1.52867
33557	1.52866
33558	1.52864
33559	1.52863
33560	1.52862
33561	1.52861
33562	1.5286
33563	1.52858
33564	1.52857
33565	1.52856
33566	1.52855
33567	1.52853
33568	1.52852
33569	1.52851
33570	1.5285
33571	1.52848
33572	1.52847
33573	1.52846
33574	1.52845
33575	1.52843
33576	1.52842
33577	1.52841
33578	1.52839
33579	1.52838
33580	1.52837
33581	1.52836
33582	1.52834
33583	1.52833
33584	1.52832
33585	1.5283
33586	1.52829
33587	1.52828
33588	1.52827
33589	1.52825
33590	1.52824
33591	1.52823
33592	1.52821
33593	1.5282
33594	1.52819
33595	1.52817
33596	1.52816
33597	1.52815
33598	1.52813
33599	1.52812
33600	1.52811
33601	1.5281
33602	1.52808
33603	1.52807
33604	1.52806
33605	1.52804
33606	1.52803
33607	1.52802
33608	1.528
33609	1.52799
33610	1.52798
33611	1.52797
33612	1.52795
33613	1.52794
33614	1.52793
33615	1.52791
33616	1.5279
33617	1.52789
33618	1.52788
33619	1.52786
33620	1.52785
33621	1.52784
33622	1.52783
33623	1.52781
33624	1.5278
33625	1.52779
33626	1.52778
33627	1.52776
33628	1.52775
33629	1.52774
33630	1.52773
33631	1.52772
33632	1.5277
33633	1.52769
33634	1.52768
33635	1.52767
33636	1.52766
33637	1.52764
33638	1.52763
33639	1.52762
33640	1.52761
33641	1.5276
33642	1.52759
33643	1.52757
33644	1.52756
33645	1.52755
33646	1.52754
33647	1.52753
33648	1.52752
33649	1.52751
33650	1.5275
33651	1.52749
33652	1.52748
33653	1.52746
33654	1.52745
33655	1.52744
33656	1.52743
33657	1.52742
33658	1.52741
33659	1.5274
33660	1.52739
33661	1.52738
33662	1.52737
33663	1.52736
33664	1.52735
33665	1.52734
33666	1.52733
33667	1.52732
33668	1.52731
33669	1.5273
33670	1.52729
33671	1.52728
33672	1.52728
33673	1.52727
33674	1.52726
33675	1.52725
33676	1.52724
33677	1.52723
33678	1.52722
33679	1.52721
33680	1.52721
33681	1.5272
33682	1.52719
33683	1.52718
33684	1.52717
33685	1.52716
33686	1.52716
33687	1.52715
33688	1.52714
33689	1.52713
33690	1.52712
33691	1.52712
33692	1.52711
33693	1.5271
33694	1.5271
33695	1.52709
33696	1.52708
33697	1.52707
33698	1.52707
33699	1.52706
33700	1.52705
33701	1.52705
33702	1.52704
33703	1.52703
33704	1.52703
33705	1.52702
33706	1.52702
33707	1.52701
33708	1.527
33709	1.527
33710	1.52699
33711	1.52699
33712	1.52698
33713	1.52698
33714	1.52697
33715	1.52697
33716	1.52696
33717	1.52696
33718	1.52695
33719	1.52695
33720	1.52694
33721	1.52694
33722	1.52693
33723	1.52693
33724	1.52692
33725	1.52692
33726	1.52691
33727	1.52691
33728	1.52691
33729	1.5269
33730	1.5269
33731	1.52689
33732	1.52689
33733	1.52689
33734	1.52688
33735	1.52688
33736	1.52688
33737	1.52687
33738	1.52687
33739	1.52687
33740	1.52686
33741	1.52686
33742	1.52686
33743	1.52686
33744	1.52685
33745	1.52685
33746	1.52685
33747	1.52685
33748	1.52684
33749	1.52684
33750	1.52684
33751	1.52684
33752	1.52684
33753	1.52683
33754	1.52683
33755	1.52683
33756	1.52683
33757	1.52683
33758	1.52683
33759	1.52682
33760	1.52682
33761	1.52682
33762	1.52682
33763	1.52682
33764	1.52682
33765	1.52682
33766	1.52682
33767	1.52682
33768	1.52681
33769	1.52681
33770	1.52681
33771	1.52681
33772	1.52681
33773	1.52681
33774	1.52681
33775	1.52681
33776	1.52681
33777	1.52681
33778	1.52681
33779	1.52681
33780	1.52681
33781	1.52681
33782	1.52681
33783	1.52681
33784	1.52681
33785	1.52681
33786	1.52681
33787	1.52681
33788	1.52681
33789	1.52681
33790	1.52682
33791	1.52682
33792	1.52682
33793	1.52682
33794	1.52682
33795	1.52682
33796	1.52682
33797	1.52682
33798	1.52682
33799	1.52682
33800	1.52683
33801	1.52683
33802	1.52683
33803	1.52683
33804	1.52683
33805	1.52683
33806	1.52683
33807	1.52684
33808	1.52684
33809	1.52684
33810	1.52684
33811	1.52684
33812	1.52684
33813	1.52685
33814	1.52685
33815	1.52685
33816	1.52685
33817	1.52685
33818	1.52686
33819	1.52686
33820	1.52686
33821	1.52686
33822	1.52686
33823	1.52687
33824	1.52687
33825	1.52687
33826	1.52687
33827	1.52688
33828	1.52688
33829	1.52688
33830	1.52688
33831	1.52689
33832	1.52689
33833	1.52689
33834	1.52689
33835	1.5269
33836	1.5269
33837	1.5269
33838	1.52691
33839	1.52691
33840	1.52691
33841	1.52691
33842	1.52692
33843	1.52692
33844	1.52692
33845	1.52693
33846	1.52693
33847	1.52693
33848	1.52693
33849	1.52694
33850	1.52694
33851	1.52694
33852	1.52695
33853	1.52695
33854	1.52695
33855	1.52696
33856	1.52696
33857	1.52696
33858	1.52697
33859	1.52697
33860	1.52697
33861	1.52697
33862	1.52698
33863	1.52698
33864	1.52698
33865	1.52699
33866	1.52699
33867	1.52699
33868	1.527
33869	1.527
33870	1.527
33871	1.52701
33872	1.52701
33873	1.52701
33874	1.52702
33875	1.52702
33876	1.52702
33877	1.52703
33878	1.52703
33879	1.52704
33880	1.52704
33881	1.52704
33882	1.52705
33883	1.52705
33884	1.52705
33885	1.52706
33886	1.52706
33887	1.52706
33888	1.52707
33889	1.52707
33890	1.52707
33891	1.52708
33892	1.52708
33893	1.52708
33894	1.52709
33895	1.52709
33896	1.52709
33897	1.5271
33898	1.5271
33899	1.5271
33900	1.52711
33901	1.52711
33902	1.52711
33903	1.52712
33904	1.52712
33905	1.52713
33906	1.52713
33907	1.52713
33908	1.52714
33909	1.52714
33910	1.52714
33911	1.52715
33912	1.52715
33913	1.52715
33914	1.52716
33915	1.52716
33916	1.52716
33917	1.52717
33918	1.52717
33919	1.52717
33920	1.52718
33921	1.52718
33922	1.52718
33923	1.52719
33924	1.52719
33925	1.52719
33926	1.5272
33927	1.5272
33928	1.5272
33929	1.52721
33930	1.52721
33931	1.52721
33932	1.52722
33933	1.52722
33934	1.52722
33935	1.52723
33936	1.52723
33937	1.52723
33938	1.52724
33939	1.52724
33940	1.52724
33941	1.52725
33942	1.52725
33943	1.52725
33944	1.52726
33945	1.52726
33946	1.52726
33947	1.52727
33948	1.52727
33949	1.52727
33950	1.52728
33951	1.52728
33952	1.52728
33953	1.52729
33954	1.52729
33955	1.52729
33956	1.5273
33957	1.5273
33958	1.5273
33959	1.5273
33960	1.52731
33961	1.52731
33962	1.52731
33963	1.52732
33964	1.52732
33965	1.52732
33966	1.52733
33967	1.52733
33968	1.52733
33969	1.52733
33970	1.52734
33971	1.52734
33972	1.52734
33973	1.52735
33974	1.52735
33975	1.52735
33976	1.52736
33977	1.52736
33978	1.52736
33979	1.52736
33980	1.52737
33981	1.52737
33982	1.52737
33983	1.52738
33984	1.52738
33985	1.52738
33986	1.52738
33987	1.52739
33988	1.52739
33989	1.52739
33990	1.52739
33991	1.5274
33992	1.5274
33993	1.5274
33994	1.52741
33995	1.52741
33996	1.52741
33997	1.52741
33998	1.52742
33999	1.52742
34000	1.52742
34001	1.52742
34002	1.52743
34003	1.52743
34004	1.52743
34005	1.52743
34006	1.52744
34007	1.52744
34008	1.52744
34009	1.52744
34010	1.52745
34011	1.52745
34012	1.52745
34013	1.52745
34014	1.52746
34015	1.52746
34016	1.52746
34017	1.52746
34018	1.52747
34019	1.52747
34020	1.52747
34021	1.52747
34022	1.52748
34023	1.52748
34024	1.52748
34025	1.52748
34026	1.52749
34027	1.52749
34028	1.52749
34029	1.52749
34030	1.5275
34031	1.5275
34032	1.5275
34033	1.5275
34034	1.5275
34035	1.52751
34036	1.52751
34037	1.52751
34038	1.52751
34039	1.52752
34040	1.52752
34041	1.52752
34042	1.52752
34043	1.52753
34044	1.52753
34045	1.52753
34046	1.52753
34047	1.52753
34048	1.52754
34049	1.52754
34050	1.52754
34051	1.52754
34052	1.52754
34053	1.52755
34054	1.52755
34055	1.52755
34056	1.52755
34057	1.52756
34058	1.52756
34059	1.52756
34060	1.52756
34061	1.52756
34062	1.52757
34063	1.52757
34064	1.52757
34065	1.52757
34066	1.52757
34067	1.52758
34068	1.52758
34069	1.52758
34070	1.52758
34071	1.52758
34072	1.52759
34073	1.52759
34074	1.52759
34075	1.52759
34076	1.52759
34077	1.5276
34078	1.5276
34079	1.5276
34080	1.5276
34081	1.5276
34082	1.52761
34083	1.52761
34084	1.52761
34085	1.52761
34086	1.52761
34087	1.52762
34088	1.52762
34089	1.52762
34090	1.52762
34091	1.52762
34092	1.52763
34093	1.52763
34094	1.52763
34095	1.52763
34096	1.52763
34097	1.52764
34098	1.52764
34099	1.52764
34100	1.52764
34101	1.52764
34102	1.52765
34103	1.52765
34104	1.52765
34105	1.52765
34106	1.52765
34107	1.52765
34108	1.52766
34109	1.52766
34110	1.52766
34111	1.52766
34112	1.52766
34113	1.52767
34114	1.52767
34115	1.52767
34116	1.52767
34117	1.52767
34118	1.52767
34119	1.52768
34120	1.52768
34121	1.52768
34122	1.52768
34123	1.52768
34124	1.52769
34125	1.52769
34126	1.52769
34127	1.52769
34128	1.52769
34129	1.52769
34130	1.5277
34131	1.5277
34132	1.5277
34133	1.5277
34134	1.5277
34135	1.5277
34136	1.52771
34137	1.52771
34138	1.52771
34139	1.52771
34140	1.52771
34141	1.52771
34142	1.52772
34143	1.52772
34144	1.52772
34145	1.52772
34146	1.52772
34147	1.52773
34148	1.52773
34149	1.52773
34150	1.52773
34151	1.52773
34152	1.52773
34153	1.52774
34154	1.52774
34155	1.52774
34156	1.52774
34157	1.52774
34158	1.52774
34159	1.52774
34160	1.52775
34161	1.52775
34162	1.52775
34163	1.52775
34164	1.52775
34165	1.52775
34166	1.52776
34167	1.52776
34168	1.52776
34169	1.52776
34170	1.52776
34171	1.52776
34172	1.52777
34173	1.52777
34174	1.52777
34175	1.52777
34176	1.52777
34177	1.52777
34178	1.52778
34179	1.52778
34180	1.52778
34181	1.52778
34182	1.52778
34183	1.52778
34184	1.52778
34185	1.52779
34186	1.52779
34187	1.52779
34188	1.52779
34189	1.52779
34190	1.52779
34191	1.5278
34192	1.5278
34193	1.5278
34194	1.5278
34195	1.5278
34196	1.5278
34197	1.5278
34198	1.52781
34199	1.52781
34200	1.52781
34201	1.52781
34202	1.52781
34203	1.52781
34204	1.52781
34205	1.52782
34206	1.52782
34207	1.52782
34208	1.52782
34209	1.52782
34210	1.52782
34211	1.52782
34212	1.52783
34213	1.52783
34214	1.52783
34215	1.52783
34216	1.52783
34217	1.52783
34218	1.52783
34219	1.52783
34220	1.52784
34221	1.52784
34222	1.52784
34223	1.52784
34224	1.52784
34225	1.52784
34226	1.52784
34227	1.52784
34228	1.52785
34229	1.52785
34230	1.52785
34231	1.52785
34232	1.52785
34233	1.52785
34234	1.52785
34235	1.52785
34236	1.52786
34237	1.52786
34238	1.52786
34239	1.52786
34240	1.52786
34241	1.52786
34242	1.52786
34243	1.52786
34244	1.52786
34245	1.52787
34246	1.52787
34247	1.52787
34248	1.52787
34249	1.52787
34250	1.52787
34251	1.52787
34252	1.52787
34253	1.52787
34254	1.52787
34255	1.52787
34256	1.52788
34257	1.52788
34258	1.52788
34259	1.52788
34260	1.52788
34261	1.52788
34262	1.52788
34263	1.52788
34264	1.52788
34265	1.52788
34266	1.52788
34267	1.52789
34268	1.52789
34269	1.52789
34270	1.52789
34271	1.52789
34272	1.52789
34273	1.52789
34274	1.52789
34275	1.52789
34276	1.52789
34277	1.52789
34278	1.52789
34279	1.52789
34280	1.52789
34281	1.52789
34282	1.52789
34283	1.5279
34284	1.5279
34285	1.5279
34286	1.5279
34287	1.5279
34288	1.5279
34289	1.5279
34290	1.5279
34291	1.5279
34292	1.5279
34293	1.5279
34294	1.5279
34295	1.5279
34296	1.5279
34297	1.5279
34298	1.5279
34299	1.5279
34300	1.5279
34301	1.5279
34302	1.5279
34303	1.5279
34304	1.5279
34305	1.5279
34306	1.5279
34307	1.5279
34308	1.5279
34309	1.5279
34310	1.5279
34311	1.5279
34312	1.5279
34313	1.5279
34314	1.5279
34315	1.5279
34316	1.5279
34317	1.5279
34318	1.5279
34319	1.5279
34320	1.5279
34321	1.5279
34322	1.5279
34323	1.5279
34324	1.5279
34325	1.52789
34326	1.52789
34327	1.52789
34328	1.52789
34329	1.52789
34330	1.52789
34331	1.52789
34332	1.52789
34333	1.52789
34334	1.52789
34335	1.52789
34336	1.52789
34337	1.52789
34338	1.52788
34339	1.52788
34340	1.52788
34341	1.52788
34342	1.52788
34343	1.52788
34344	1.52788
34345	1.52788
34346	1.52788
34347	1.52787
34348	1.52787
34349	1.52787
34350	1.52787
34351	1.52787
34352	1.52787
34353	1.52787
34354	1.52786
34355	1.52786
34356	1.52786
34357	1.52786
34358	1.52786
34359	1.52785
34360	1.52785
34361	1.52785
34362	1.52785
34363	1.52785
34364	1.52785
34365	1.52784
34366	1.52784
34367	1.52784
34368	1.52784
34369	1.52783
34370	1.52783
34371	1.52783
34372	1.52783
34373	1.52782
34374	1.52782
34375	1.52782
34376	1.52782
34377	1.52781
34378	1.52781
34379	1.52781
34380	1.52781
34381	1.5278
34382	1.5278
34383	1.5278
34384	1.52779
34385	1.52779
34386	1.52779
34387	1.52779
34388	1.52778
34389	1.52778
34390	1.52778
34391	1.52777
34392	1.52777
34393	1.52777
34394	1.52776
34395	1.52776
34396	1.52775
34397	1.52775
34398	1.52775
34399	1.52774
34400	1.52774
34401	1.52774
34402	1.52773
34403	1.52773
34404	1.52772
34405	1.52772
34406	1.52772
34407	1.52771
34408	1.52771
34409	1.5277
34410	1.5277
34411	1.52769
34412	1.52769
34413	1.52769
34414	1.52768
34415	1.52768
34416	1.52767
34417	1.52767
34418	1.52766
34419	1.52766
34420	1.52765
34421	1.52765
34422	1.52764
34423	1.52764
34424	1.52763
34425	1.52763
34426	1.52762
34427	1.52762
34428	1.52761
34429	1.52761
34430	1.5276
34431	1.5276
34432	1.52759
34433	1.52758
34434	1.52758
34435	1.52757
34436	1.52757
34437	1.52756
34438	1.52756
34439	1.52755
34440	1.52754
34441	1.52754
34442	1.52753
34443	1.52753
34444	1.52752
34445	1.52751
34446	1.52751
34447	1.5275
34448	1.5275
34449	1.52749
34450	1.52748
34451	1.52748
34452	1.52747
34453	1.52746
34454	1.52746
34455	1.52745
34456	1.52744
34457	1.52744
34458	1.52743
34459	1.52742
34460	1.52742
34461	1.52741
34462	1.5274
34463	1.5274
34464	1.52739
34465	1.52738
34466	1.52738
34467	1.52737
34468	1.52736
34469	1.52736
34470	1.52735
34471	1.52734
34472	1.52733
34473	1.52733
34474	1.52732
34475	1.52731
34476	1.52731
34477	1.5273
34478	1.52729
34479	1.52728
34480	1.52728
34481	1.52727
34482	1.52726
34483	1.52725
34484	1.52725
34485	1.52724
34486	1.52723
34487	1.52722
34488	1.52722
34489	1.52721
34490	1.5272
34491	1.52719
34492	1.52719
34493	1.52718
34494	1.52717
34495	1.52716
34496	1.52716
34497	1.52715
34498	1.52714
34499	1.52713
34500	1.52713
34501	1.52712
34502	1.52711
34503	1.5271
34504	1.5271
34505	1.52709
34506	1.52708
34507	1.52707
34508	1.52707
34509	1.52706
34510	1.52705
34511	1.52704
34512	1.52704
34513	1.52703
34514	1.52702
34515	1.52701
34516	1.52701
34517	1.527
34518	1.52699
34519	1.52698
34520	1.52698
34521	1.52697
34522	1.52696
34523	1.52695
34524	1.52695
34525	1.52694
34526	1.52693
34527	1.52693
34528	1.52692
34529	1.52691
34530	1.5269
34531	1.5269
34532	1.52689
34533	1.52688
34534	1.52688
34535	1.52687
34536	1.52686
34537	1.52686
34538	1.52685
34539	1.52684
34540	1.52683
34541	1.52683
34542	1.52682
34543	1.52682
34544	1.52681
34545	1.5268
34546	1.5268
34547	1.52679
34548	1.52678
34549	1.52678
34550	1.52677
34551	1.52676
34552	1.52676
34553	1.52675
34554	1.52675
34555	1.52674
34556	1.52674
34557	1.52673
34558	1.52672
34559	1.52672
34560	1.52671
34561	1.52671
34562	1.5267
34563	1.5267
34564	1.52669
34565	1.52669
34566	1.52668
34567	1.52668
34568	1.52667
34569	1.52667
34570	1.52666
34571	1.52666
34572	1.52665
34573	1.52665
34574	1.52664
34575	1.52664
34576	1.52664
34577	1.52663
34578	1.52663
34579	1.52662
34580	1.52662
34581	1.52662
34582	1.52661
34583	1.52661
34584	1.5266
34585	1.5266
34586	1.5266
34587	1.52659
34588	1.52659
34589	1.52659
34590	1.52659
34591	1.52658
34592	1.52658
34593	1.52658
34594	1.52657
34595	1.52657
34596	1.52657
34597	1.52657
34598	1.52657
34599	1.52656
34600	1.52656
34601	1.52656
34602	1.52656
34603	1.52656
34604	1.52656
34605	1.52655
34606	1.52655
34607	1.52655
34608	1.52655
34609	1.52655
34610	1.52655
34611	1.52655
34612	1.52655
34613	1.52655
34614	1.52655
34615	1.52655
34616	1.52655
34617	1.52655
34618	1.52655
34619	1.52655
34620	1.52655
34621	1.52655
34622	1.52655
34623	1.52655
34624	1.52655
34625	1.52655
34626	1.52655
34627	1.52655
34628	1.52655
34629	1.52655
34630	1.52656
34631	1.52656
34632	1.52656
34633	1.52656
34634	1.52656
34635	1.52656
34636	1.52657
34637	1.52657
34638	1.52657
34639	1.52657
34640	1.52658
34641	1.52658
34642	1.52658
34643	1.52658
34644	1.52659
34645	1.52659
34646	1.52659
34647	1.5266
34648	1.5266
34649	1.5266
34650	1.52661
34651	1.52661
34652	1.52661
34653	1.52662
34654	1.52662
34655	1.52663
34656	1.52663
34657	1.52664
34658	1.52664
34659	1.52664
34660	1.52665
34661	1.52665
34662	1.52666
34663	1.52666
34664	1.52667
34665	1.52667
34666	1.52668
34667	1.52668
34668	1.52669
34669	1.52669
34670	1.5267
34671	1.52671
34672	1.52671
34673	1.52672
34674	1.52672
34675	1.52673
34676	1.52674
34677	1.52674
34678	1.52675
34679	1.52675
34680	1.52676
34681	1.52677
34682	1.52677
34683	1.52678
34684	1.52679
34685	1.52679
34686	1.5268
34687	1.52681
34688	1.52682
34689	1.52682
34690	1.52683
34691	1.52684
34692	1.52684
34693	1.52685
34694	1.52686
34695	1.52687
34696	1.52687
34697	1.52688
34698	1.52689
34699	1.5269
34700	1.5269
34701	1.52691
34702	1.52692
34703	1.52693
34704	1.52694
34705	1.52694
34706	1.52695
34707	1.52696
34708	1.52697
34709	1.52698
34710	1.52699
34711	1.52699
34712	1.527
34713	1.52701
34714	1.52702
34715	1.52703
34716	1.52704
34717	1.52705
34718	1.52705
34719	1.52706
34720	1.52707
34721	1.52708
34722	1.52709
34723	1.5271
34724	1.52711
34725	1.52712
34726	1.52712
34727	1.52713
34728	1.52714
34729	1.52715
34730	1.52716
34731	1.52717
34732	1.52718
34733	1.52719
34734	1.5272
34735	1.52721
34736	1.52722
34737	1.52722
34738	1.52723
34739	1.52724
34740	1.52725
34741	1.52726
34742	1.52727
34743	1.52728
34744	1.52729
34745	1.5273
34746	1.52731
34747	1.52732
34748	1.52732
34749	1.52733
34750	1.52734
34751	1.52735
34752	1.52736
34753	1.52737
34754	1.52738
34755	1.52739
34756	1.5274
34757	1.52741
34758	1.52742
34759	1.52743
34760	1.52743
34761	1.52744
34762	1.52745
34763	1.52746
34764	1.52747
34765	1.52748
34766	1.52749
34767	1.5275
34768	1.52751
34769	1.52751
34770	1.52752
34771	1.52753
34772	1.52754
34773	1.52755
34774	1.52756
34775	1.52757
34776	1.52758
34777	1.52758
34778	1.52759
34779	1.5276
34780	1.52761
34781	1.52762
34782	1.52763
34783	1.52764
34784	1.52764
34785	1.52765
34786	1.52766
34787	1.52767
34788	1.52768
34789	1.52768
34790	1.52769
34791	1.5277
34792	1.52771
34793	1.52772
34794	1.52772
34795	1.52773
34796	1.52774
34797	1.52775
34798	1.52776
34799	1.52776
34800	1.52777
34801	1.52778
34802	1.52779
34803	1.52779
34804	1.5278
34805	1.52781
34806	1.52782
34807	1.52782
34808	1.52783
34809	1.52784
34810	1.52784
34811	1.52785
34812	1.52786
34813	1.52786
34814	1.52787
34815	1.52788
34816	1.52788
34817	1.52789
34818	1.5279
34819	1.5279
34820	1.52791
34821	1.52792
34822	1.52792
34823	1.52793
34824	1.52794
34825	1.52794
34826	1.52795
34827	1.52795
34828	1.52796
34829	1.52797
34830	1.52797
34831	1.52798
34832	1.52798
34833	1.52799
34834	1.52799
34835	1.528
34836	1.528
34837	1.52801
34838	1.52802
34839	1.52802
34840	1.52803
34841	1.52803
34842	1.52804
34843	1.52804
34844	1.52805
34845	1.52805
34846	1.52806
34847	1.52806
34848	1.52806
34849	1.52807
34850	1.52807
34851	1.52808
34852	1.52808
34853	1.52809
34854	1.52809
34855	1.52809
34856	1.5281
34857	1.5281
34858	1.52811
34859	1.52811
34860	1.52811
34861	1.52812
34862	1.52812
34863	1.52812
34864	1.52813
34865	1.52813
34866	1.52814
34867	1.52814
34868	1.52814
34869	1.52814
34870	1.52815
34871	1.52815
34872	1.52815
34873	1.52816
34874	1.52816
34875	1.52816
34876	1.52817
34877	1.52817
34878	1.52817
34879	1.52817
34880	1.52818
34881	1.52818
34882	1.52818
34883	1.52818
34884	1.52818
34885	1.52819
34886	1.52819
34887	1.52819
34888	1.52819
34889	1.52819
34890	1.5282
34891	1.5282
34892	1.5282
34893	1.5282
34894	1.5282
34895	1.5282
34896	1.52821
34897	1.52821
34898	1.52821
34899	1.52821
34900	1.52821
34901	1.52821
34902	1.52821
34903	1.52821
34904	1.52822
34905	1.52822
34906	1.52822
34907	1.52822
34908	1.52822
34909	1.52822
34910	1.52822
34911	1.52822
34912	1.52822
34913	1.52822
34914	1.52822
34915	1.52822
34916	1.52822
34917	1.52822
34918	1.52822
34919	1.52822
34920	1.52822
34921	1.52822
34922	1.52822
34923	1.52822
34924	1.52822
34925	1.52822
34926	1.52822
34927	1.52822
34928	1.52822
34929	1.52822
34930	1.52822
34931	1.52822
34932	1.52822
34933	1.52822
34934	1.52822
34935	1.52822
34936	1.52822
34937	1.52822
34938	1.52822
34939	1.52822
34940	1.52822
34941	1.52822
34942	1.52822
34943	1.52822
34944	1.52821
34945	1.52821
34946	1.52821
34947	1.52821
34948	1.52821
34949	1.52821
34950	1.52821
34951	1.52821
34952	1.52821
34953	1.52821
34954	1.5282
34955	1.5282
34956	1.5282
34957	1.5282
34958	1.5282
34959	1.5282
34960	1.5282
34961	1.52819
34962	1.52819
34963	1.52819
34964	1.52819
34965	1.52819
34966	1.52819
34967	1.52819
34968	1.52818
34969	1.52818
34970	1.52818
34971	1.52818
34972	1.52818
34973	1.52818
34974	1.52817
34975	1.52817
34976	1.52817
34977	1.52817
34978	1.52817
34979	1.52816
34980	1.52816
34981	1.52816
34982	1.52816
34983	1.52816
34984	1.52815
34985	1.52815
34986	1.52815
34987	1.52815
34988	1.52815
34989	1.52814
34990	1.52814
34991	1.52814
34992	1.52814
34993	1.52814
34994	1.52813
34995	1.52813
34996	1.52813
34997	1.52813
34998	1.52812
34999	1.52812
35000	1.52812
35001	1.52812
35002	1.52811
35003	1.52811
35004	1.52811
35005	1.52811
35006	1.52811
35007	1.5281
35008	1.5281
35009	1.5281
35010	1.5281
35011	1.52809
35012	1.52809
35013	1.52809
35014	1.52809
35015	1.52808
35016	1.52808
35017	1.52808
35018	1.52808
35019	1.52807
35020	1.52807
35021	1.52807
35022	1.52807
35023	1.52806
35024	1.52806
35025	1.52806
35026	1.52806
35027	1.52805
35028	1.52805
35029	1.52805
35030	1.52805
35031	1.52804
35032	1.52804
35033	1.52804
35034	1.52804
35035	1.52803
35036	1.52803
35037	1.52803
35038	1.52803
35039	1.52802
35040	1.52802
35041	1.52802
35042	1.52802
35043	1.52801
35044	1.52801
35045	1.52801
35046	1.52801
35047	1.528
35048	1.528
35049	1.528
35050	1.528
35051	1.52799
35052	1.52799
35053	1.52799
35054	1.52799
35055	1.52798
35056	1.52798
35057	1.52798
35058	1.52798
35059	1.52797
35060	1.52797
35061	1.52797
35062	1.52797
35063	1.52796
35064	1.52796
35065	1.52796
35066	1.52796
35067	1.52795
35068	1.52795
35069	1.52795
35070	1.52795
35071	1.52794
35072	1.52794
35073	1.52794
35074	1.52794
35075	1.52793
35076	1.52793
35077	1.52793
35078	1.52793
35079	1.52793
35080	1.52792
35081	1.52792
35082	1.52792
35083	1.52792
35084	1.52791
35085	1.52791
35086	1.52791
35087	1.52791
35088	1.5279
35089	1.5279
35090	1.5279
35091	1.5279
35092	1.5279
35093	1.52789
35094	1.52789
35095	1.52789
35096	1.52789
35097	1.52788
35098	1.52788
35099	1.52788
35100	1.52788
35101	1.52788
35102	1.52787
35103	1.52787
35104	1.52787
35105	1.52787
35106	1.52786
35107	1.52786
35108	1.52786
35109	1.52786
35110	1.52786
35111	1.52785
35112	1.52785
35113	1.52785
35114	1.52785
35115	1.52785
35116	1.52784
35117	1.52784
35118	1.52784
35119	1.52784
35120	1.52783
35121	1.52783
35122	1.52783
35123	1.52783
35124	1.52783
35125	1.52783
35126	1.52782
35127	1.52782
35128	1.52782
35129	1.52782
35130	1.52782
35131	1.52781
35132	1.52781
35133	1.52781
35134	1.52781
35135	1.52781
35136	1.5278
35137	1.5278
35138	1.5278
35139	1.5278
35140	1.5278
35141	1.52779
35142	1.52779
35143	1.52779
35144	1.52779
35145	1.52779
35146	1.52779
35147	1.52778
35148	1.52778
35149	1.52778
35150	1.52778
35151	1.52778
35152	1.52778
35153	1.52777
35154	1.52777
35155	1.52777
35156	1.52777
35157	1.52777
35158	1.52777
35159	1.52776
35160	1.52776
35161	1.52776
35162	1.52776
35163	1.52776
35164	1.52776
35165	1.52775
35166	1.52775
35167	1.52775
35168	1.52775
35169	1.52775
35170	1.52775
35171	1.52775
35172	1.52774
35173	1.52774
35174	1.52774
35175	1.52774
35176	1.52774
35177	1.52774
35178	1.52773
35179	1.52773
35180	1.52773
35181	1.52773
35182	1.52773
35183	1.52773
35184	1.52773
35185	1.52772
35186	1.52772
35187	1.52772
35188	1.52772
35189	1.52772
35190	1.52772
35191	1.52772
35192	1.52772
35193	1.52771
35194	1.52771
35195	1.52771
35196	1.52771
35197	1.52771
35198	1.52771
35199	1.52771
35200	1.5277
35201	1.5277
35202	1.5277
35203	1.5277
35204	1.5277
35205	1.5277
35206	1.5277
35207	1.5277
35208	1.52769
35209	1.52769
35210	1.52769
35211	1.52769
35212	1.52769
35213	1.52769
35214	1.52769
35215	1.52769
35216	1.52769
35217	1.52768
35218	1.52768
35219	1.52768
35220	1.52768
35221	1.52768
35222	1.52768
35223	1.52768
35224	1.52768
35225	1.52768
35226	1.52767
35227	1.52767
35228	1.52767
35229	1.52767
35230	1.52767
35231	1.52767
35232	1.52767
35233	1.52767
35234	1.52767
35235	1.52766
35236	1.52766
35237	1.52766
35238	1.52766
35239	1.52766
35240	1.52766
35241	1.52766
35242	1.52766
35243	1.52766
35244	1.52766
35245	1.52765
35246	1.52765
35247	1.52765
35248	1.52765
35249	1.52765
35250	1.52765
35251	1.52765
35252	1.52765
35253	1.52765
35254	1.52765
35255	1.52765
35256	1.52764
35257	1.52764
35258	1.52764
35259	1.52764
35260	1.52764
35261	1.52764
35262	1.52764
35263	1.52764
35264	1.52764
35265	1.52764
35266	1.52764
35267	1.52764
35268	1.52763
35269	1.52763
35270	1.52763
35271	1.52763
35272	1.52763
35273	1.52763
35274	1.52763
35275	1.52763
35276	1.52763
35277	1.52763
35278	1.52763
35279	1.52763
35280	1.52762
35281	1.52762
35282	1.52762
35283	1.52762
35284	1.52762
35285	1.52762
35286	1.52762
35287	1.52762
35288	1.52762
35289	1.52762
35290	1.52762
35291	1.52762
35292	1.52762
35293	1.52761
35294	1.52761
35295	1.52761
35296	1.52761
35297	1.52761
35298	1.52761
35299	1.52761
35300	1.52761
35301	1.52761
35302	1.52761
35303	1.52761
35304	1.52761
35305	1.52761
35306	1.52761
35307	1.52761
35308	1.5276
35309	1.5276
35310	1.5276
35311	1.5276
35312	1.5276
35313	1.5276
35314	1.5276
35315	1.5276
35316	1.5276
35317	1.5276
35318	1.5276
35319	1.5276
35320	1.5276
35321	1.5276
35322	1.5276
35323	1.5276
35324	1.52759
35325	1.52759
35326	1.52759
35327	1.52759
35328	1.52759
35329	1.52759
35330	1.52759
35331	1.52759
35332	1.52759
35333	1.52759
35334	1.52759
35335	1.52759
35336	1.52759
35337	1.52759
35338	1.52759
35339	1.52759
35340	1.52759
35341	1.52759
35342	1.52759
35343	1.52758
35344	1.52758
35345	1.52758
35346	1.52758
35347	1.52758
35348	1.52758
35349	1.52758
35350	1.52758
35351	1.52758
35352	1.52758
35353	1.52758
35354	1.52758
35355	1.52758
35356	1.52758
35357	1.52758
35358	1.52758
35359	1.52758
35360	1.52758
35361	1.52758
35362	1.52758
35363	1.52758
35364	1.52758
35365	1.52758
35366	1.52758
35367	1.52758
35368	1.52758
35369	1.52757
35370	1.52757
35371	1.52757
35372	1.52757
35373	1.52757
35374	1.52757
35375	1.52757
35376	1.52757
35377	1.52757
35378	1.52757
35379	1.52757
35380	1.52757
35381	1.52757
35382	1.52757
35383	1.52757
35384	1.52757
35385	1.52757
35386	1.52757
35387	1.52757
35388	1.52757
35389	1.52757
35390	1.52757
35391	1.52757
35392	1.52757
35393	1.52757
35394	1.52757
35395	1.52757
35396	1.52757
35397	1.52757
35398	1.52757
35399	1.52757
35400	1.52757
35401	1.52757
35402	1.52757
35403	1.52757
35404	1.52757
35405	1.52757
35406	1.52757
35407	1.52757
35408	1.52757
35409	1.52757
35410	1.52757
35411	1.52757
35412	1.52757
35413	1.52757
35414	1.52757
35415	1.52758
35416	1.52758
35417	1.52758
35418	1.52758
35419	1.52758
35420	1.52758
35421	1.52758
35422	1.52758
35423	1.52758
35424	1.52758
35425	1.52758
35426	1.52758
35427	1.52758
35428	1.52758
35429	1.52758
35430	1.52758
35431	1.52758
35432	1.52758
35433	1.52758
35434	1.52759
35435	1.52759
35436	1.52759
35437	1.52759
35438	1.52759
35439	1.52759
35440	1.52759
35441	1.52759
35442	1.52759
35443	1.52759
35444	1.52759
35445	1.5276
35446	1.5276
35447	1.5276
35448	1.5276
35449	1.5276
35450	1.5276
35451	1.5276
35452	1.5276
35453	1.52761
35454	1.52761
35455	1.52761
35456	1.52761
35457	1.52761
35458	1.52761
35459	1.52761
35460	1.52762
35461	1.52762
35462	1.52762
35463	1.52762
35464	1.52762
35465	1.52762
35466	1.52763
35467	1.52763
35468	1.52763
35469	1.52763
35470	1.52763
35471	1.52764
35472	1.52764
35473	1.52764
35474	1.52764
35475	1.52764
35476	1.52765
35477	1.52765
35478	1.52765
35479	1.52765
35480	1.52765
35481	1.52766
35482	1.52766
35483	1.52766
35484	1.52766
35485	1.52767
35486	1.52767
35487	1.52767
35488	1.52767
35489	1.52768
35490	1.52768
35491	1.52768
35492	1.52769
35493	1.52769
35494	1.52769
35495	1.52769
35496	1.5277
35497	1.5277
35498	1.5277
35499	1.52771
35500	1.52771
35501	1.52771
35502	1.52772
35503	1.52772
35504	1.52772
35505	1.52773
35506	1.52773
35507	1.52773
35508	1.52774
35509	1.52774
35510	1.52774
35511	1.52775
35512	1.52775
35513	1.52776
35514	1.52776
35515	1.52776
35516	1.52777
35517	1.52777
35518	1.52778
35519	1.52778
35520	1.52778
35521	1.52779
35522	1.52779
35523	1.5278
35524	1.5278
35525	1.5278
35526	1.52781
35527	1.52781
35528	1.52782
35529	1.52782
35530	1.52783
35531	1.52783
35532	1.52784
35533	1.52784
35534	1.52785
35535	1.52785
35536	1.52786
35537	1.52786
35538	1.52787
35539	1.52787
35540	1.52788
35541	1.52788
35542	1.52789
35543	1.52789
35544	1.5279
35545	1.5279
35546	1.52791
35547	1.52791
35548	1.52792
35549	1.52792
35550	1.52793
35551	1.52794
35552	1.52794
35553	1.52795
35554	1.52795
35555	1.52796
35556	1.52796
35557	1.52797
35558	1.52798
35559	1.52798
35560	1.52799
35561	1.52799
35562	1.528
35563	1.52801
35564	1.52801
35565	1.52802
35566	1.52803
35567	1.52803
35568	1.52804
35569	1.52804
35570	1.52805
35571	1.52806
35572	1.52806
35573	1.52807
35574	1.52808
35575	1.52808
35576	1.52809
35577	1.5281
35578	1.5281
35579	1.52811
35580	1.52812
35581	1.52812
35582	1.52813
35583	1.52814
35584	1.52814
35585	1.52815
35586	1.52816
35587	1.52816
35588	1.52817
35589	1.52818
35590	1.52818
35591	1.52819
35592	1.5282
35593	1.52821
35594	1.52821
35595	1.52822
35596	1.52823
35597	1.52823
35598	1.52824
35599	1.52825
35600	1.52826
35601	1.52826
35602	1.52827
35603	1.52828
35604	1.52828
35605	1.52829
35606	1.5283
35607	1.52831
35608	1.52831
35609	1.52832
35610	1.52833
35611	1.52833
35612	1.52834
35613	1.52835
35614	1.52836
35615	1.52836
35616	1.52837
35617	1.52838
35618	1.52838
35619	1.52839
35620	1.5284
35621	1.5284
35622	1.52841
35623	1.52842
35624	1.52843
35625	1.52843
35626	1.52844
35627	1.52845
35628	1.52845
35629	1.52846
35630	1.52847
35631	1.52847
35632	1.52848
35633	1.52849
35634	1.5285
35635	1.5285
35636	1.52851
35637	1.52852
35638	1.52852
35639	1.52853
35640	1.52854
35641	1.52854
35642	1.52855
35643	1.52856
35644	1.52856
35645	1.52857
35646	1.52857
35647	1.52858
35648	1.52859
35649	1.52859
35650	1.5286
35651	1.52861
35652	1.52861
35653	1.52862
35654	1.52862
35655	1.52863
35656	1.52864
35657	1.52864
35658	1.52865
35659	1.52865
35660	1.52866
35661	1.52866
35662	1.52867
35663	1.52868
35664	1.52868
35665	1.52869
35666	1.52869
35667	1.5287
35668	1.5287
35669	1.52871
35670	1.52871
35671	1.52872
35672	1.52872
35673	1.52873
35674	1.52873
35675	1.52874
35676	1.52874
35677	1.52875
35678	1.52875
35679	1.52875
35680	1.52876
35681	1.52876
35682	1.52877
35683	1.52877
35684	1.52877
35685	1.52878
35686	1.52878
35687	1.52879
35688	1.52879
35689	1.52879
35690	1.5288
35691	1.5288
35692	1.5288
35693	1.52881
35694	1.52881
35695	1.52881
35696	1.52881
35697	1.52882
35698	1.52882
35699	1.52882
35700	1.52882
35701	1.52883
35702	1.52883
35703	1.52883
35704	1.52883
35705	1.52883
35706	1.52884
35707	1.52884
35708	1.52884
35709	1.52884
35710	1.52884
35711	1.52884
35712	1.52885
35713	1.52885
35714	1.52885
35715	1.52885
35716	1.52885
35717	1.52885
35718	1.52885
35719	1.52885
35720	1.52885
35721	1.52885
35722	1.52885
35723	1.52885
35724	1.52885
35725	1.52885
35726	1.52885
35727	1.52885
35728	1.52885
35729	1.52885
35730	1.52885
35731	1.52885
35732	1.52885
35733	1.52885
35734	1.52884
35735	1.52884
35736	1.52884
35737	1.52884
35738	1.52884
35739	1.52884
35740	1.52884
35741	1.52883
35742	1.52883
35743	1.52883
35744	1.52883
35745	1.52882
35746	1.52882
35747	1.52882
35748	1.52882
35749	1.52881
35750	1.52881
35751	1.52881
35752	1.52881
35753	1.5288
35754	1.5288
35755	1.5288
35756	1.52879
35757	1.52879
35758	1.52878
35759	1.52878
35760	1.52878
35761	1.52877
35762	1.52877
35763	1.52876
35764	1.52876
35765	1.52876
35766	1.52875
35767	1.52875
35768	1.52874
35769	1.52874
35770	1.52873
35771	1.52873
35772	1.52872
35773	1.52872
35774	1.52871
35775	1.52871
35776	1.5287
35777	1.52869
35778	1.52869
35779	1.52868
35780	1.52868
35781	1.52867
35782	1.52866
35783	1.52866
35784	1.52865
35785	1.52865
35786	1.52864
35787	1.52863
35788	1.52863
35789	1.52862
35790	1.52861
35791	1.52861
35792	1.5286
35793	1.52859
35794	1.52859
35795	1.52858
35796	1.52857
35797	1.52856
35798	1.52856
35799	1.52855
35800	1.52854
35801	1.52854
35802	1.52853
35803	1.52852
35804	1.52851
35805	1.52851
35806	1.5285
35807	1.52849
35808	1.52848
35809	1.52847
35810	1.52847
35811	1.52846
35812	1.52845
35813	1.52844
35814	1.52843
35815	1.52842
35816	1.52842
35817	1.52841
35818	1.5284
35819	1.52839
35820	1.52838
35821	1.52837
35822	1.52837
35823	1.52836
35824	1.52835
35825	1.52834
35826	1.52833
35827	1.52832
35828	1.52831
35829	1.5283
35830	1.5283
35831	1.52829
35832	1.52828
35833	1.52827
35834	1.52826
35835	1.52825
35836	1.52824
35837	1.52823
35838	1.52822
35839	1.52821
35840	1.52821
35841	1.5282
35842	1.52819
35843	1.52818
35844	1.52817
35845	1.52816
35846	1.52815
35847	1.52814
35848	1.52813
35849	1.52812
35850	1.52811
35851	1.52811
35852	1.5281
35853	1.52809
35854	1.52808
35855	1.52807
35856	1.52806
35857	1.52805
35858	1.52804
35859	1.52803
35860	1.52802
35861	1.52801
35862	1.528
35863	1.52799
35864	1.52799
35865	1.52798
35866	1.52797
35867	1.52796
35868	1.52795
35869	1.52794
35870	1.52793
35871	1.52792
35872	1.52791
35873	1.5279
35874	1.52789
35875	1.52789
35876	1.52788
35877	1.52787
35878	1.52786
35879	1.52785
35880	1.52784
35881	1.52783
35882	1.52782
35883	1.52782
35884	1.52781
35885	1.5278
35886	1.52779
35887	1.52778
35888	1.52777
35889	1.52776
35890	1.52776
35891	1.52775
35892	1.52774
35893	1.52773
35894	1.52772
35895	1.52771
35896	1.5277
35897	1.5277
35898	1.52769
35899	1.52768
35900	1.52767
35901	1.52766
35902	1.52766
35903	1.52765
35904	1.52764
35905	1.52763
35906	1.52762
35907	1.52762
35908	1.52761
35909	1.5276
35910	1.52759
35911	1.52759
35912	1.52758
35913	1.52757
35914	1.52756
35915	1.52756
35916	1.52755
35917	1.52754
35918	1.52754
35919	1.52753
35920	1.52752
35921	1.52751
35922	1.52751
35923	1.5275
35924	1.52749
35925	1.52749
35926	1.52748
35927	1.52747
35928	1.52747
35929	1.52746
35930	1.52745
35931	1.52745
35932	1.52744
35933	1.52744
35934	1.52743
35935	1.52742
35936	1.52742
35937	1.52741
35938	1.5274
35939	1.5274
35940	1.52739
35941	1.52739
35942	1.52738
35943	1.52738
35944	1.52737
35945	1.52737
35946	1.52736
35947	1.52735
35948	1.52735
35949	1.52734
35950	1.52734
35951	1.52733
35952	1.52733
35953	1.52732
35954	1.52732
35955	1.52731
35956	1.52731
35957	1.5273
35958	1.5273
35959	1.5273
35960	1.52729
35961	1.52729
35962	1.52728
35963	1.52728
35964	1.52727
35965	1.52727
35966	1.52727
35967	1.52726
35968	1.52726
35969	1.52725
35970	1.52725
35971	1.52725
35972	1.52724
35973	1.52724
35974	1.52724
35975	1.52723
35976	1.52723
35977	1.52723
35978	1.52722
35979	1.52722
35980	1.52722
35981	1.52721
35982	1.52721
35983	1.52721
35984	1.5272
35985	1.5272
35986	1.5272
35987	1.5272
35988	1.52719
35989	1.52719
35990	1.52719
35991	1.52719
35992	1.52718
35993	1.52718
35994	1.52718
35995	1.52718
35996	1.52718
35997	1.52717
35998	1.52717
35999	1.52717
36000	1.52717
36001	1.52717
36002	1.52716
36003	1.52716
36004	1.52716
36005	1.52716
36006	1.52716
36007	1.52716
36008	1.52715
36009	1.52715
36010	1.52715
36011	1.52715
36012	1.52715
36013	1.52715
36014	1.52715
36015	1.52715
36016	1.52715
36017	1.52715
36018	1.52714
36019	1.52714
36020	1.52714
36021	1.52714
36022	1.52714
36023	1.52714
36024	1.52714
36025	1.52714
36026	1.52714
36027	1.52714
36028	1.52714
36029	1.52714
36030	1.52714
36031	1.52714
36032	1.52714
36033	1.52714
36034	1.52714
36035	1.52714
36036	1.52714
36037	1.52714
36038	1.52714
36039	1.52714
36040	1.52714
36041	1.52714
36042	1.52714
36043	1.52714
36044	1.52714
36045	1.52714
36046	1.52714
36047	1.52714
36048	1.52714
36049	1.52715
36050	1.52715
36051	1.52715
36052	1.52715
36053	1.52715
36054	1.52715
36055	1.52715
36056	1.52715
36057	1.52715
36058	1.52715
36059	1.52715
36060	1.52716
36061	1.52716
36062	1.52716
36063	1.52716
36064	1.52716
36065	1.52716
36066	1.52716
36067	1.52716
36068	1.52717
36069	1.52717
36070	1.52717
36071	1.52717
36072	1.52717
36073	1.52717
36074	1.52718
36075	1.52718
36076	1.52718
36077	1.52718
36078	1.52718
36079	1.52718
36080	1.52719
36081	1.52719
36082	1.52719
36083	1.52719
36084	1.52719
36085	1.52719
36086	1.5272
36087	1.5272
36088	1.5272
36089	1.5272
36090	1.5272
36091	1.52721
36092	1.52721
36093	1.52721
36094	1.52721
36095	1.52722
36096	1.52722
36097	1.52722
36098	1.52722
36099	1.52722
36100	1.52723
36101	1.52723
36102	1.52723
36103	1.52723
36104	1.52724
36105	1.52724
36106	1.52724
36107	1.52724
36108	1.52724
36109	1.52725
36110	1.52725
36111	1.52725
36112	1.52725
36113	1.52726
36114	1.52726
36115	1.52726
36116	1.52726
36117	1.52727
36118	1.52727
36119	1.52727
36120	1.52727
36121	1.52728
36122	1.52728
36123	1.52728
36124	1.52728
36125	1.52729
36126	1.52729
36127	1.52729
36128	1.52729
36129	1.5273
36130	1.5273
36131	1.5273
36132	1.5273
36133	1.52731
36134	1.52731
36135	1.52731
36136	1.52732
36137	1.52732
36138	1.52732
36139	1.52732
36140	1.52733
36141	1.52733
36142	1.52733
36143	1.52733
36144	1.52734
36145	1.52734
36146	1.52734
36147	1.52735
36148	1.52735
36149	1.52735
36150	1.52735
36151	1.52736
36152	1.52736
36153	1.52736
36154	1.52736
36155	1.52737
36156	1.52737
36157	1.52737
36158	1.52738
36159	1.52738
36160	1.52738
36161	1.52738
36162	1.52739
36163	1.52739
36164	1.52739
36165	1.52739
36166	1.5274
36167	1.5274
36168	1.5274
36169	1.52741
36170	1.52741
36171	1.52741
36172	1.52741
36173	1.52742
36174	1.52742
36175	1.52742
36176	1.52742
36177	1.52743
36178	1.52743
36179	1.52743
36180	1.52743
36181	1.52744
36182	1.52744
36183	1.52744
36184	1.52745
36185	1.52745
36186	1.52745
36187	1.52745
36188	1.52746
36189	1.52746
36190	1.52746
36191	1.52746
36192	1.52747
36193	1.52747
36194	1.52747
36195	1.52747
36196	1.52748
36197	1.52748
36198	1.52748
36199	1.52748
36200	1.52749
36201	1.52749
36202	1.52749
36203	1.5275
36204	1.5275
36205	1.5275
36206	1.5275
36207	1.52751
36208	1.52751
36209	1.52751
36210	1.52751
36211	1.52752
36212	1.52752
36213	1.52752
36214	1.52752
36215	1.52753
36216	1.52753
36217	1.52753
36218	1.52753
36219	1.52754
36220	1.52754
36221	1.52754
36222	1.52754
36223	1.52754
36224	1.52755
36225	1.52755
36226	1.52755
36227	1.52755
36228	1.52756
36229	1.52756
36230	1.52756
36231	1.52756
36232	1.52757
36233	1.52757
36234	1.52757
36235	1.52757
36236	1.52758
36237	1.52758
36238	1.52758
36239	1.52758
36240	1.52758
36241	1.52759
36242	1.52759
36243	1.52759
36244	1.52759
36245	1.5276
36246	1.5276
36247	1.5276
36248	1.5276
36249	1.52761
36250	1.52761
36251	1.52761
36252	1.52761
36253	1.52761
36254	1.52762
36255	1.52762
36256	1.52762
36257	1.52762
36258	1.52762
36259	1.52763
36260	1.52763
36261	1.52763
36262	1.52763
36263	1.52764
36264	1.52764
36265	1.52764
36266	1.52764
36267	1.52764
36268	1.52765
36269	1.52765
36270	1.52765
36271	1.52765
36272	1.52765
36273	1.52766
36274	1.52766
36275	1.52766
36276	1.52766
36277	1.52766
36278	1.52767
36279	1.52767
36280	1.52767
36281	1.52767
36282	1.52767
36283	1.52768
36284	1.52768
36285	1.52768
36286	1.52768
36287	1.52768
36288	1.52769
36289	1.52769
36290	1.52769
36291	1.52769
36292	1.52769
36293	1.52769
36294	1.5277
36295	1.5277
36296	1.5277
36297	1.5277
36298	1.5277
36299	1.52771
36300	1.52771
36301	1.52771
36302	1.52771
36303	1.52771
36304	1.52771
36305	1.52772
36306	1.52772
36307	1.52772
36308	1.52772
36309	1.52772
36310	1.52773
36311	1.52773
36312	1.52773
36313	1.52773
36314	1.52773
36315	1.52773
36316	1.52774
36317	1.52774
36318	1.52774
36319	1.52774
36320	1.52774
36321	1.52774
36322	1.52775
36323	1.52775
36324	1.52775
36325	1.52775
36326	1.52775
36327	1.52775
36328	1.52776
36329	1.52776
36330	1.52776
36331	1.52776
36332	1.52776
36333	1.52776
36334	1.52776
36335	1.52777
36336	1.52777
36337	1.52777
36338	1.52777
36339	1.52777
36340	1.52777
36341	1.52778
36342	1.52778
36343	1.52778
36344	1.52778
36345	1.52778
36346	1.52778
36347	1.52778
36348	1.52779
36349	1.52779
36350	1.52779
36351	1.52779
36352	1.52779
36353	1.52779
36354	1.52779
36355	1.5278
36356	1.5278
36357	1.5278
36358	1.5278
36359	1.5278
36360	1.5278
36361	1.5278
36362	1.52781
36363	1.52781
36364	1.52781
36365	1.52781
36366	1.52781
36367	1.52781
36368	1.52781
36369	1.52781
36370	1.52782
36371	1.52782
36372	1.52782
36373	1.52782
36374	1.52782
36375	1.52782
36376	1.52782
36377	1.52782
36378	1.52783
36379	1.52783
36380	1.52783
36381	1.52783
36382	1.52783
36383	1.52783
36384	1.52783
36385	1.52783
36386	1.52783
36387	1.52784
36388	1.52784
36389	1.52784
36390	1.52784
36391	1.52784
36392	1.52784
36393	1.52784
36394	1.52784
36395	1.52784
36396	1.52784
36397	1.52785
36398	1.52785
36399	1.52785
36400	1.52785
36401	1.52785
36402	1.52785
36403	1.52785
36404	1.52785
36405	1.52785
36406	1.52785
36407	1.52786
36408	1.52786
36409	1.52786
36410	1.52786
36411	1.52786
36412	1.52786
36413	1.52786
36414	1.52786
36415	1.52786
36416	1.52786
36417	1.52786
36418	1.52786
36419	1.52786
36420	1.52787
36421	1.52787
36422	1.52787
36423	1.52787
36424	1.52787
36425	1.52787
36426	1.52787
36427	1.52787
36428	1.52787
36429	1.52787
36430	1.52787
36431	1.52787
36432	1.52787
36433	1.52787
36434	1.52787
36435	1.52787
36436	1.52787
36437	1.52787
36438	1.52788
36439	1.52788
36440	1.52788
36441	1.52788
36442	1.52788
36443	1.52788
36444	1.52788
36445	1.52788
36446	1.52788
36447	1.52788
36448	1.52788
36449	1.52788
36450	1.52788
36451	1.52788
36452	1.52788
36453	1.52788
36454	1.52788
36455	1.52788
36456	1.52788
36457	1.52788
36458	1.52788
36459	1.52788
36460	1.52788
36461	1.52788
36462	1.52788
36463	1.52788
36464	1.52788
36465	1.52788
36466	1.52788
36467	1.52788
36468	1.52788
36469	1.52788
36470	1.52788
36471	1.52788
36472	1.52788
36473	1.52788
36474	1.52788
36475	1.52788
36476	1.52788
36477	1.52788
36478	1.52788
36479	1.52788
36480	1.52787
36481	1.52787
36482	1.52787
36483	1.52787
36484	1.52787
36485	1.52787
36486	1.52787
36487	1.52787
36488	1.52787
36489	1.52787
36490	1.52787
36491	1.52787
36492	1.52787
36493	1.52787
36494	1.52787
36495	1.52786
36496	1.52786
36497	1.52786
36498	1.52786
36499	1.52786
36500	1.52786
36501	1.52786
36502	1.52786
36503	1.52786
36504	1.52786
36505	1.52785
36506	1.52785
36507	1.52785
36508	1.52785
36509	1.52785
36510	1.52785
36511	1.52785
36512	1.52785
36513	1.52784
36514	1.52784
36515	1.52784
36516	1.52784
36517	1.52784
36518	1.52784
36519	1.52784
36520	1.52783
36521	1.52783
36522	1.52783
36523	1.52783
36524	1.52783
36525	1.52782
36526	1.52782
36527	1.52782
36528	1.52782
36529	1.52782
36530	1.52782
36531	1.52781
36532	1.52781
36533	1.52781
36534	1.52781
36535	1.5278
36536	1.5278
36537	1.5278
36538	1.5278
36539	1.5278
36540	1.52779
36541	1.52779
36542	1.52779
36543	1.52779
36544	1.52778
36545	1.52778
36546	1.52778
36547	1.52778
36548	1.52777
36549	1.52777
36550	1.52777
36551	1.52777
36552	1.52776
36553	1.52776
36554	1.52776
36555	1.52775
36556	1.52775
36557	1.52775
36558	1.52775
36559	1.52774
36560	1.52774
36561	1.52774
36562	1.52773
36563	1.52773
36564	1.52773
36565	1.52772
36566	1.52772
36567	1.52772
36568	1.52771
36569	1.52771
36570	1.52771
36571	1.5277
36572	1.5277
36573	1.5277
36574	1.52769
36575	1.52769
36576	1.52769
36577	1.52768
36578	1.52768
36579	1.52767
36580	1.52767
36581	1.52767
36582	1.52766
36583	1.52766
36584	1.52765
36585	1.52765
36586	1.52765
36587	1.52764
36588	1.52764
36589	1.52763
36590	1.52763
36591	1.52763
36592	1.52762
36593	1.52762
36594	1.52761
36595	1.52761
36596	1.5276
36597	1.5276
36598	1.52759
36599	1.52759
36600	1.52758
36601	1.52758
36602	1.52758
36603	1.52757
36604	1.52757
36605	1.52756
36606	1.52756
36607	1.52755
36608	1.52755
36609	1.52754
36610	1.52754
36611	1.52753
36612	1.52753
36613	1.52752
36614	1.52752
36615	1.52751
36616	1.52751
36617	1.5275
36618	1.5275
36619	1.52749
36620	1.52749
36621	1.52748
36622	1.52747
36623	1.52747
36624	1.52746
36625	1.52746
36626	1.52745
36627	1.52745
36628	1.52744
36629	1.52744
36630	1.52743
36631	1.52742
36632	1.52742
36633	1.52741
36634	1.52741
36635	1.5274
36636	1.5274
36637	1.52739
36638	1.52738
36639	1.52738
36640	1.52737
36641	1.52737
36642	1.52736
36643	1.52735
36644	1.52735
36645	1.52734
36646	1.52734
36647	1.52733
36648	1.52732
36649	1.52732
36650	1.52731
36651	1.52731
36652	1.5273
36653	1.52729
36654	1.52729
36655	1.52728
36656	1.52727
36657	1.52727
36658	1.52726
36659	1.52726
36660	1.52725
36661	1.52724
36662	1.52724
36663	1.52723
36664	1.52722
36665	1.52722
36666	1.52721
36667	1.5272
36668	1.5272
36669	1.52719
36670	1.52719
36671	1.52718
36672	1.52717
36673	1.52717
36674	1.52716
36675	1.52715
36676	1.52715
36677	1.52714
36678	1.52713
36679	1.52713
36680	1.52712
36681	1.52711
36682	1.52711
36683	1.5271
36684	1.5271
36685	1.52709
36686	1.52708
36687	1.52708
36688	1.52707
36689	1.52706
36690	1.52706
36691	1.52705
36692	1.52704
36693	1.52704
36694	1.52703
36695	1.52702
36696	1.52702
36697	1.52701
36698	1.52701
36699	1.527
36700	1.52699
36701	1.52699
36702	1.52698
36703	1.52697
36704	1.52697
36705	1.52696
36706	1.52696
36707	1.52695
36708	1.52694
36709	1.52694
36710	1.52693
36711	1.52693
36712	1.52692
36713	1.52691
36714	1.52691
36715	1.5269
36716	1.5269
36717	1.52689
36718	1.52688
36719	1.52688
36720	1.52687
36721	1.52687
36722	1.52686
36723	1.52685
36724	1.52685
36725	1.52684
36726	1.52684
36727	1.52683
36728	1.52683
36729	1.52682
36730	1.52682
36731	1.52681
36732	1.52681
36733	1.5268
36734	1.5268
36735	1.52679
36736	1.52679
36737	1.52678
36738	1.52678
36739	1.52677
36740	1.52677
36741	1.52676
36742	1.52676
36743	1.52675
36744	1.52675
36745	1.52674
36746	1.52674
36747	1.52673
36748	1.52673
36749	1.52672
36750	1.52672
36751	1.52672
36752	1.52671
36753	1.52671
36754	1.5267
36755	1.5267
36756	1.5267
36757	1.52669
36758	1.52669
36759	1.52669
36760	1.52668
36761	1.52668
36762	1.52667
36763	1.52667
36764	1.52667
36765	1.52666
36766	1.52666
36767	1.52666
36768	1.52666
36769	1.52665
36770	1.52665
36771	1.52665
36772	1.52664
36773	1.52664
36774	1.52664
36775	1.52664
36776	1.52663
36777	1.52663
36778	1.52663
36779	1.52663
36780	1.52663
36781	1.52662
36782	1.52662
36783	1.52662
36784	1.52662
36785	1.52662
36786	1.52662
36787	1.52662
36788	1.52661
36789	1.52661
36790	1.52661
36791	1.52661
36792	1.52661
36793	1.52661
36794	1.52661
36795	1.52661
36796	1.52661
36797	1.52661
36798	1.52661
36799	1.52661
36800	1.52661
36801	1.52661
36802	1.52661
36803	1.52661
36804	1.52661
36805	1.52661
36806	1.52661
36807	1.52661
36808	1.52661
36809	1.52661
36810	1.52661
36811	1.52661
36812	1.52661
36813	1.52661
36814	1.52661
36815	1.52662
36816	1.52662
36817	1.52662
36818	1.52662
36819	1.52662
36820	1.52662
36821	1.52663
36822	1.52663
36823	1.52663
36824	1.52663
36825	1.52664
36826	1.52664
36827	1.52664
36828	1.52664
36829	1.52665
36830	1.52665
36831	1.52665
36832	1.52665
36833	1.52666
36834	1.52666
36835	1.52666
36836	1.52667
36837	1.52667
36838	1.52667
36839	1.52668
36840	1.52668
36841	1.52669
36842	1.52669
36843	1.52669
36844	1.5267
36845	1.5267
36846	1.52671
36847	1.52671
36848	1.52672
36849	1.52672
36850	1.52673
36851	1.52673
36852	1.52674
36853	1.52674
36854	1.52675
36855	1.52675
36856	1.52676
36857	1.52676
36858	1.52677
36859	1.52677
36860	1.52678
36861	1.52679
36862	1.52679
36863	1.5268
36864	1.5268
36865	1.52681
36866	1.52682
36867	1.52682
36868	1.52683
36869	1.52683
36870	1.52684
36871	1.52685
36872	1.52685
36873	1.52686
36874	1.52687
36875	1.52688
36876	1.52688
36877	1.52689
36878	1.5269
36879	1.5269
36880	1.52691
36881	1.52692
36882	1.52693
36883	1.52693
36884	1.52694
36885	1.52695
36886	1.52696
36887	1.52696
36888	1.52697
36889	1.52698
36890	1.52699
36891	1.527
36892	1.527
36893	1.52701
36894	1.52702
36895	1.52703
36896	1.52704
36897	1.52705
36898	1.52705
36899	1.52706
36900	1.52707
36901	1.52708
36902	1.52709
36903	1.5271
36904	1.52711
36905	1.52712
36906	1.52712
36907	1.52713
36908	1.52714
36909	1.52715
36910	1.52716
36911	1.52717
36912	1.52718
36913	1.52719
36914	1.5272
36915	1.52721
36916	1.52722
36917	1.52722
36918	1.52723
36919	1.52724
36920	1.52725
36921	1.52726
36922	1.52727
36923	1.52728
36924	1.52729
36925	1.5273
36926	1.52731
36927	1.52732
36928	1.52733
36929	1.52734
36930	1.52735
36931	1.52736
36932	1.52737
36933	1.52738
36934	1.52739
36935	1.5274
36936	1.52741
36937	1.52742
36938	1.52743
36939	1.52744
36940	1.52745
36941	1.52746
36942	1.52747
36943	1.52748
36944	1.52749
36945	1.5275
36946	1.52751
36947	1.52752
36948	1.52753
36949	1.52754
36950	1.52755
36951	1.52756
36952	1.52757
36953	1.52758
36954	1.52759
36955	1.52759
36956	1.5276
36957	1.52761
36958	1.52762
36959	1.52763
36960	1.52764
36961	1.52765
36962	1.52766
36963	1.52767
36964	1.52768
36965	1.52769
36966	1.5277
36967	1.52771
36968	1.52772
36969	1.52773
36970	1.52774
36971	1.52775
36972	1.52776
36973	1.52777
36974	1.52778
36975	1.52779
36976	1.5278
36977	1.52781
36978	1.52782
36979	1.52783
36980	1.52784
36981	1.52784
36982	1.52785
36983	1.52786
36984	1.52787
36985	1.52788
36986	1.52789
36987	1.5279
36988	1.52791
36989	1.52792
36990	1.52793
36991	1.52794
36992	1.52794
36993	1.52795
36994	1.52796
36995	1.52797
36996	1.52798
36997	1.52799
36998	1.528
36999	1.52801
37000	1.52801
37001	1.52802
37002	1.52803
37003	1.52804
37004	1.52805
37005	1.52806
37006	1.52806
37007	1.52807
37008	1.52808
37009	1.52809
37010	1.5281
37011	1.5281
37012	1.52811
37013	1.52812
37014	1.52813
37015	1.52813
37016	1.52814
37017	1.52815
37018	1.52816
37019	1.52816
37020	1.52817
37021	1.52818
37022	1.52819
37023	1.52819
37024	1.5282
37025	1.52821
37026	1.52821
37027	1.52822
37028	1.52823
37029	1.52824
37030	1.52824
37031	1.52825
37032	1.52826
37033	1.52826
37034	1.52827
37035	1.52828
37036	1.52828
37037	1.52829
37038	1.52829
37039	1.5283
37040	1.52831
37041	1.52831
37042	1.52832
37043	1.52832
37044	1.52833
37045	1.52834
37046	1.52834
37047	1.52835
37048	1.52835
37049	1.52836
37050	1.52836
37051	1.52837
37052	1.52837
37053	1.52838
37054	1.52838
37055	1.52839
37056	1.52839
37057	1.5284
37058	1.5284
37059	1.52841
37060	1.52841
37061	1.52842
37062	1.52842
37063	1.52843
37064	1.52843
37065	1.52844
37066	1.52844
37067	1.52844
37068	1.52845
37069	1.52845
37070	1.52846
37071	1.52846
37072	1.52846
37073	1.52847
37074	1.52847
37075	1.52848
37076	1.52848
37077	1.52848
37078	1.52849
37079	1.52849
37080	1.52849
37081	1.5285
37082	1.5285
37083	1.5285
37084	1.52851
37085	1.52851
37086	1.52851
37087	1.52851
37088	1.52852
37089	1.52852
37090	1.52852
37091	1.52853
37092	1.52853
37093	1.52853
37094	1.52853
37095	1.52853
37096	1.52854
37097	1.52854
37098	1.52854
37099	1.52854
37100	1.52855
37101	1.52855
37102	1.52855
37103	1.52855
37104	1.52855
37105	1.52855
37106	1.52856
37107	1.52856
37108	1.52856
37109	1.52856
37110	1.52856
37111	1.52856
37112	1.52856
37113	1.52857
37114	1.52857
37115	1.52857
37116	1.52857
37117	1.52857
37118	1.52857
37119	1.52857
37120	1.52857
37121	1.52857
37122	1.52857
37123	1.52857
37124	1.52857
37125	1.52858
37126	1.52858
37127	1.52858
37128	1.52858
37129	1.52858
37130	1.52858
37131	1.52858
37132	1.52858
37133	1.52858
37134	1.52858
37135	1.52858
37136	1.52858
37137	1.52858
37138	1.52858
37139	1.52858
37140	1.52858
37141	1.52858
37142	1.52858
37143	1.52858
37144	1.52857
37145	1.52857
37146	1.52857
37147	1.52857
37148	1.52857
37149	1.52857
37150	1.52857
37151	1.52857
37152	1.52857
37153	1.52857
37154	1.52857
37155	1.52857
37156	1.52857
37157	1.52856
37158	1.52856
37159	1.52856
37160	1.52856
37161	1.52856
37162	1.52856
37163	1.52856
37164	1.52856
37165	1.52856
37166	1.52855
37167	1.52855
37168	1.52855
37169	1.52855
37170	1.52855
37171	1.52855
37172	1.52855
37173	1.52854
37174	1.52854
37175	1.52854
37176	1.52854
37177	1.52854
37178	1.52854
37179	1.52853
37180	1.52853
37181	1.52853
37182	1.52853
37183	1.52853
37184	1.52852
37185	1.52852
37186	1.52852
37187	1.52852
37188	1.52852
37189	1.52851
37190	1.52851
37191	1.52851
37192	1.52851
37193	1.52851
37194	1.5285
37195	1.5285
37196	1.5285
37197	1.5285
37198	1.52849
37199	1.52849
37200	1.52849
37201	1.52849
37202	1.52849
37203	1.52848
37204	1.52848
37205	1.52848
37206	1.52848
37207	1.52847
37208	1.52847
37209	1.52847
37210	1.52847
37211	1.52846
37212	1.52846
37213	1.52846
37214	1.52846
37215	1.52845
37216	1.52845
37217	1.52845
37218	1.52845
37219	1.52844
37220	1.52844
37221	1.52844
37222	1.52844
37223	1.52843
37224	1.52843
37225	1.52843
37226	1.52843
37227	1.52842
37228	1.52842
37229	1.52842
37230	1.52841
37231	1.52841
37232	1.52841
37233	1.52841
37234	1.5284
37235	1.5284
37236	1.5284
37237	1.5284
37238	1.52839
37239	1.52839
37240	1.52839
37241	1.52838
37242	1.52838
37243	1.52838
37244	1.52838
37245	1.52837
37246	1.52837
37247	1.52837
37248	1.52837
37249	1.52836
37250	1.52836
37251	1.52836
37252	1.52835
37253	1.52835
37254	1.52835
37255	1.52835
37256	1.52834
37257	1.52834
37258	1.52834
37259	1.52833
37260	1.52833
37261	1.52833
37262	1.52833
37263	1.52832
37264	1.52832
37265	1.52832
37266	1.52832
37267	1.52831
37268	1.52831
37269	1.52831
37270	1.5283
37271	1.5283
37272	1.5283
37273	1.5283
37274	1.52829
37275	1.52829
37276	1.52829
37277	1.52828
37278	1.52828
37279	1.52828
37280	1.52828
37281	1.52827
37282	1.52827
37283	1.52827
37284	1.52827
37285	1.52826
37286	1.52826
37287	1.52826
37288	1.52825
37289	1.52825
37290	1.52825
37291	1.52825
37292	1.52824
37293	1.52824
37294	1.52824
37295	1.52824
37296	1.52823
37297	1.52823
37298	1.52823
37299	1.52822
37300	1.52822
37301	1.52822
37302	1.52822
37303	1.52821
37304	1.52821
37305	1.52821
37306	1.52821
37307	1.5282
37308	1.5282
37309	1.5282
37310	1.5282
37311	1.52819
37312	1.52819
37313	1.52819
37314	1.52819
37315	1.52818
37316	1.52818
37317	1.52818
37318	1.52818
37319	1.52817
37320	1.52817
37321	1.52817
37322	1.52817
37323	1.52816
37324	1.52816
37325	1.52816
37326	1.52816
37327	1.52815
37328	1.52815
37329	1.52815
37330	1.52815
37331	1.52814
37332	1.52814
37333	1.52814
37334	1.52814
37335	1.52813
37336	1.52813
37337	1.52813
37338	1.52813
37339	1.52813
37340	1.52812
37341	1.52812
37342	1.52812
37343	1.52812
37344	1.52811
37345	1.52811
37346	1.52811
37347	1.52811
37348	1.5281
37349	1.5281
37350	1.5281
37351	1.5281
37352	1.5281
37353	1.52809
37354	1.52809
37355	1.52809
37356	1.52809
37357	1.52808
37358	1.52808
37359	1.52808
37360	1.52808
37361	1.52808
37362	1.52807
37363	1.52807
37364	1.52807
37365	1.52807
37366	1.52807
37367	1.52806
37368	1.52806
37369	1.52806
37370	1.52806
37371	1.52805
37372	1.52805
37373	1.52805
37374	1.52805
37375	1.52805
37376	1.52804
37377	1.52804
37378	1.52804
37379	1.52804
37380	1.52804
37381	1.52803
37382	1.52803
37383	1.52803
37384	1.52803
37385	1.52803
37386	1.52802
37387	1.52802
37388	1.52802
37389	1.52802
37390	1.52802
37391	1.52801
37392	1.52801
37393	1.52801
37394	1.52801
37395	1.52801
37396	1.52801
37397	1.528
37398	1.528
37399	1.528
37400	1.528
37401	1.528
37402	1.52799
37403	1.52799
37404	1.52799
37405	1.52799
37406	1.52799
37407	1.52799
37408	1.52798
37409	1.52798
37410	1.52798
37411	1.52798
37412	1.52798
37413	1.52797
37414	1.52797
37415	1.52797
37416	1.52797
37417	1.52797
37418	1.52797
37419	1.52796
37420	1.52796
37421	1.52796
37422	1.52796
37423	1.52796
37424	1.52796
37425	1.52795
37426	1.52795
37427	1.52795
37428	1.52795
37429	1.52795
37430	1.52795
37431	1.52794
37432	1.52794
37433	1.52794
37434	1.52794
37435	1.52794
37436	1.52794
37437	1.52793
37438	1.52793
37439	1.52793
37440	1.52793
37441	1.52793
37442	1.52793
37443	1.52792
37444	1.52792
37445	1.52792
37446	1.52792
37447	1.52792
37448	1.52792
37449	1.52791
37450	1.52791
37451	1.52791
37452	1.52791
37453	1.52791
37454	1.52791
37455	1.5279
37456	1.5279
37457	1.5279
37458	1.5279
37459	1.5279
37460	1.5279
37461	1.5279
37462	1.52789
37463	1.52789
37464	1.52789
37465	1.52789
37466	1.52789
37467	1.52789
37468	1.52788
37469	1.52788
37470	1.52788
37471	1.52788
37472	1.52788
37473	1.52788
37474	1.52788
37475	1.52787
37476	1.52787
37477	1.52787
37478	1.52787
37479	1.52787
37480	1.52787
37481	1.52787
37482	1.52786
37483	1.52786
37484	1.52786
37485	1.52786
37486	1.52786
37487	1.52786
37488	1.52786
37489	1.52785
37490	1.52785
37491	1.52785
37492	1.52785
37493	1.52785
37494	1.52785
37495	1.52785
37496	1.52784
37497	1.52784
37498	1.52784
37499	1.52784
37500	1.52784
37501	1.52784
37502	1.52784
37503	1.52783
37504	1.52783
37505	1.52783
37506	1.52783
37507	1.52783
37508	1.52783
37509	1.52783
37510	1.52782
37511	1.52782
37512	1.52782
37513	1.52782
37514	1.52782
37515	1.52782
37516	1.52782
37517	1.52782
37518	1.52781
37519	1.52781
37520	1.52781
37521	1.52781
37522	1.52781
37523	1.52781
37524	1.52781
37525	1.5278
37526	1.5278
37527	1.5278
37528	1.5278
37529	1.5278
37530	1.5278
37531	1.5278
37532	1.5278
37533	1.52779
37534	1.52779
37535	1.52779
37536	1.52779
37537	1.52779
37538	1.52779
37539	1.52779
37540	1.52779
37541	1.52779
37542	1.52778
37543	1.52778
37544	1.52778
37545	1.52778
37546	1.52778
37547	1.52778
37548	1.52778
37549	1.52778
37550	1.52777
37551	1.52777
37552	1.52777
37553	1.52777
37554	1.52777
37555	1.52777
37556	1.52777
37557	1.52777
37558	1.52777
37559	1.52776
37560	1.52776
37561	1.52776
37562	1.52776
37563	1.52776
37564	1.52776
37565	1.52776
37566	1.52776
37567	1.52776
37568	1.52775
37569	1.52775
37570	1.52775
37571	1.52775
37572	1.52775
37573	1.52775
37574	1.52775
37575	1.52775
37576	1.52775
37577	1.52775
37578	1.52774
37579	1.52774
37580	1.52774
37581	1.52774
37582	1.52774
37583	1.52774
37584	1.52774
37585	1.52774
37586	1.52774
37587	1.52774
37588	1.52774
37589	1.52773
37590	1.52773
37591	1.52773
37592	1.52773
37593	1.52773
37594	1.52773
37595	1.52773
37596	1.52773
37597	1.52773
37598	1.52773
37599	1.52773
37600	1.52773
37601	1.52773
37602	1.52772
37603	1.52772
37604	1.52772
37605	1.52772
37606	1.52772
37607	1.52772
37608	1.52772
37609	1.52772
37610	1.52772
37611	1.52772
37612	1.52772
37613	1.52772
37614	1.52772
37615	1.52772
37616	1.52772
37617	1.52772
37618	1.52771
37619	1.52771
37620	1.52771
37621	1.52771
37622	1.52771
37623	1.52771
37624	1.52771
37625	1.52771
37626	1.52771
37627	1.52771
37628	1.52771
37629	1.52771
37630	1.52771
37631	1.52771
37632	1.52771
37633	1.52771
37634	1.52771
37635	1.52771
37636	1.52771
37637	1.52771
37638	1.52771
37639	1.52771
37640	1.52771
37641	1.52771
37642	1.52771
37643	1.52771
37644	1.52771
37645	1.52771
37646	1.52771
37647	1.52771
37648	1.52771
37649	1.52771
37650	1.52771
37651	1.52771
37652	1.52771
37653	1.52771
37654	1.52771
37655	1.52771
37656	1.52771
37657	1.52771
37658	1.52771
37659	1.52771
37660	1.52771
37661	1.52771
37662	1.52771
37663	1.52771
37664	1.52771
37665	1.52771
37666	1.52771
37667	1.52771
37668	1.52771
37669	1.52771
37670	1.52771
37671	1.52771
37672	1.52771
37673	1.52771
37674	1.52772
37675	1.52772
37676	1.52772
37677	1.52772
37678	1.52772
37679	1.52772
37680	1.52772
37681	1.52772
37682	1.52772
37683	1.52772
37684	1.52772
37685	1.52772
37686	1.52773
37687	1.52773
37688	1.52773
37689	1.52773
37690	1.52773
37691	1.52773
37692	1.52773
37693	1.52773
37694	1.52773
37695	1.52774
37696	1.52774
37697	1.52774
37698	1.52774
37699	1.52774
37700	1.52774
37701	1.52774
37702	1.52775
37703	1.52775
37704	1.52775
37705	1.52775
37706	1.52775
37707	1.52775
37708	1.52776
37709	1.52776
37710	1.52776
37711	1.52776
37712	1.52776
37713	1.52776
37714	1.52777
37715	1.52777
37716	1.52777
37717	1.52777
37718	1.52777
37719	1.52778
37720	1.52778
37721	1.52778
37722	1.52778
37723	1.52779
37724	1.52779
37725	1.52779
37726	1.52779
37727	1.52779
37728	1.5278
37729	1.5278
37730	1.5278
37731	1.5278
37732	1.52781
37733	1.52781
37734	1.52781
37735	1.52782
37736	1.52782
37737	1.52782
37738	1.52782
37739	1.52783
37740	1.52783
37741	1.52783
37742	1.52784
37743	1.52784
37744	1.52784
37745	1.52784
37746	1.52785
37747	1.52785
37748	1.52785
37749	1.52786
37750	1.52786
37751	1.52786
37752	1.52787
37753	1.52787
37754	1.52787
37755	1.52788
37756	1.52788
37757	1.52789
37758	1.52789
37759	1.52789
37760	1.5279
37761	1.5279
37762	1.5279
37763	1.52791
37764	1.52791
37765	1.52792
37766	1.52792
37767	1.52792
37768	1.52793
37769	1.52793
37770	1.52794
37771	1.52794
37772	1.52794
37773	1.52795
37774	1.52795
37775	1.52796
37776	1.52796
37777	1.52797
37778	1.52797
37779	1.52797
37780	1.52798
37781	1.52798
37782	1.52799
37783	1.52799
37784	1.528
37785	1.528
37786	1.52801
37787	1.52801
37788	1.52802
37789	1.52802
37790	1.52803
37791	1.52803
37792	1.52804
37793	1.52804
37794	1.52805
37795	1.52805
37796	1.52806
37797	1.52806
37798	1.52807
37799	1.52807
37800	1.52808
37801	1.52808
37802	1.52809
37803	1.52809
37804	1.5281
37805	1.5281
37806	1.52811
37807	1.52811
37808	1.52812
37809	1.52812
37810	1.52813
37811	1.52814
37812	1.52814
37813	1.52815
37814	1.52815
37815	1.52816
37816	1.52816
37817	1.52817
37818	1.52817
37819	1.52818
37820	1.52819
37821	1.52819
37822	1.5282
37823	1.5282
37824	1.52821
37825	1.52821
37826	1.52822
37827	1.52823
37828	1.52823
37829	1.52824
37830	1.52824
37831	1.52825
37832	1.52826
37833	1.52826
37834	1.52827
37835	1.52827
37836	1.52828
37837	1.52828
37838	1.52829
37839	1.5283
37840	1.5283
37841	1.52831
37842	1.52831
37843	1.52832
37844	1.52833
37845	1.52833
37846	1.52834
37847	1.52834
37848	1.52835
37849	1.52836
37850	1.52836
37851	1.52837
37852	1.52837
37853	1.52838
37854	1.52839
37855	1.52839
37856	1.5284
37857	1.5284
37858	1.52841
37859	1.52842
37860	1.52842
37861	1.52843
37862	1.52843
37863	1.52844
37864	1.52844
37865	1.52845
37866	1.52846
37867	1.52846
37868	1.52847
37869	1.52847
37870	1.52848
37871	1.52848
37872	1.52849
37873	1.5285
37874	1.5285
37875	1.52851
37876	1.52851
37877	1.52852
37878	1.52852
37879	1.52853
37880	1.52853
37881	1.52854
37882	1.52854
37883	1.52855
37884	1.52856
37885	1.52856
37886	1.52857
37887	1.52857
37888	1.52858
37889	1.52858
37890	1.52859
37891	1.52859
37892	1.5286
37893	1.5286
37894	1.52861
37895	1.52861
37896	1.52862
37897	1.52862
37898	1.52863
37899	1.52863
37900	1.52863
37901	1.52864
37902	1.52864
37903	1.52865
37904	1.52865
37905	1.52866
37906	1.52866
37907	1.52867
37908	1.52867
37909	1.52867
37910	1.52868
37911	1.52868
37912	1.52869
37913	1.52869
37914	1.52869
37915	1.5287
37916	1.5287
37917	1.52871
37918	1.52871
37919	1.52871
37920	1.52872
37921	1.52872
37922	1.52872
37923	1.52873
37924	1.52873
37925	1.52873
37926	1.52874
37927	1.52874
37928	1.52874
37929	1.52874
37930	1.52875
37931	1.52875
37932	1.52875
37933	1.52875
37934	1.52876
37935	1.52876
37936	1.52876
37937	1.52876
37938	1.52877
37939	1.52877
37940	1.52877
37941	1.52877
37942	1.52877
37943	1.52878
37944	1.52878
37945	1.52878
37946	1.52878
37947	1.52878
37948	1.52878
37949	1.52879
37950	1.52879
37951	1.52879
37952	1.52879
37953	1.52879
37954	1.52879
37955	1.52879
37956	1.52879
37957	1.52879
37958	1.52879
37959	1.5288
37960	1.5288
37961	1.5288
37962	1.5288
37963	1.5288
37964	1.5288
37965	1.5288
37966	1.5288
37967	1.5288
37968	1.5288
37969	1.5288
37970	1.5288
37971	1.5288
37972	1.52879
37973	1.52879
37974	1.52879
37975	1.52879
37976	1.52879
37977	1.52879
37978	1.52879
37979	1.52879
37980	1.52879
37981	1.52879
37982	1.52878
37983	1.52878
37984	1.52878
37985	1.52878
37986	1.52878
37987	1.52878
37988	1.52877
37989	1.52877
37990	1.52877
37991	1.52877
37992	1.52877
37993	1.52876
37994	1.52876
37995	1.52876
37996	1.52876
37997	1.52875
37998	1.52875
37999	1.52875
38000	1.52875
38001	1.52874
38002	1.52874
38003	1.52874
38004	1.52873
38005	1.52873
38006	1.52873
38007	1.52872
38008	1.52872
38009	1.52872
38010	1.52871
38011	1.52871
38012	1.5287
38013	1.5287
38014	1.5287
38015	1.52869
38016	1.52869
38017	1.52868
38018	1.52868
38019	1.52868
38020	1.52867
38021	1.52867
38022	1.52866
38023	1.52866
38024	1.52865
38025	1.52865
38026	1.52864
38027	1.52864
38028	1.52863
38029	1.52863
38030	1.52862
38031	1.52862
38032	1.52861
38033	1.52861
38034	1.5286
38035	1.5286
38036	1.52859
38037	1.52859
38038	1.52858
38039	1.52858
38040	1.52857
38041	1.52856
38042	1.52856
38043	1.52855
38044	1.52855
38045	1.52854
38046	1.52854
38047	1.52853
38048	1.52852
38049	1.52852
38050	1.52851
38051	1.52851
38052	1.5285
38053	1.52849
38054	1.52849
38055	1.52848
38056	1.52847
38057	1.52847
38058	1.52846
38059	1.52845
38060	1.52845
38061	1.52844
38062	1.52844
38063	1.52843
38064	1.52842
38065	1.52842
38066	1.52841
38067	1.5284
38068	1.5284
38069	1.52839
38070	1.52838
38071	1.52837
38072	1.52837
38073	1.52836
38074	1.52835
38075	1.52835
38076	1.52834
38077	1.52833
38078	1.52833
38079	1.52832
38080	1.52831
38081	1.5283
38082	1.5283
38083	1.52829
38084	1.52828
38085	1.52828
38086	1.52827
38087	1.52826
38088	1.52826
38089	1.52825
38090	1.52824
38091	1.52823
38092	1.52823
38093	1.52822
38094	1.52821
38095	1.5282
38096	1.5282
38097	1.52819
38098	1.52818
38099	1.52818
38100	1.52817
38101	1.52816
38102	1.52815
38103	1.52815
38104	1.52814
38105	1.52813
38106	1.52813
38107	1.52812
38108	1.52811
38109	1.5281
38110	1.5281
38111	1.52809
38112	1.52808
38113	1.52808
38114	1.52807
38115	1.52806
38116	1.52805
38117	1.52805
38118	1.52804
38119	1.52803
38120	1.52803
38121	1.52802
38122	1.52801
38123	1.52801
38124	1.528
38125	1.52799
38126	1.52799
38127	1.52798
38128	1.52797
38129	1.52796
38130	1.52796
38131	1.52795
38132	1.52794
38133	1.52794
38134	1.52793
38135	1.52792
38136	1.52792
38137	1.52791
38138	1.5279
38139	1.5279
38140	1.52789
38141	1.52789
38142	1.52788
38143	1.52787
38144	1.52787
38145	1.52786
38146	1.52785
38147	1.52785
38148	1.52784
38149	1.52784
38150	1.52783
38151	1.52782
38152	1.52782
38153	1.52781
38154	1.52781
38155	1.5278
38156	1.52779
38157	1.52779
38158	1.52778
38159	1.52778
38160	1.52777
38161	1.52776
38162	1.52776
38163	1.52775
38164	1.52775
38165	1.52774
38166	1.52774
38167	1.52773
38168	1.52773
38169	1.52772
38170	1.52772
38171	1.52771
38172	1.52771
38173	1.5277
38174	1.5277
38175	1.52769
38176	1.52769
38177	1.52768
38178	1.52768
38179	1.52767
38180	1.52767
38181	1.52766
38182	1.52766
38183	1.52765
38184	1.52765
38185	1.52764
38186	1.52764
38187	1.52763
38188	1.52763
38189	1.52763
38190	1.52762
38191	1.52762
38192	1.52761
38193	1.52761
38194	1.5276
38195	1.5276
38196	1.5276
38197	1.52759
38198	1.52759
38199	1.52758
38200	1.52758
38201	1.52758
38202	1.52757
38203	1.52757
38204	1.52757
38205	1.52756
38206	1.52756
38207	1.52756
38208	1.52755
38209	1.52755
38210	1.52755
38211	1.52754
38212	1.52754
38213	1.52754
38214	1.52753
38215	1.52753
38216	1.52753
38217	1.52753
38218	1.52752
38219	1.52752
38220	1.52752
38221	1.52751
38222	1.52751
38223	1.52751
38224	1.52751
38225	1.5275
38226	1.5275
38227	1.5275
38228	1.5275
38229	1.5275
38230	1.52749
38231	1.52749
38232	1.52749
38233	1.52749
38234	1.52749
38235	1.52748
38236	1.52748
38237	1.52748
38238	1.52748
38239	1.52748
38240	1.52747
38241	1.52747
38242	1.52747
38243	1.52747
38244	1.52747
38245	1.52747
38246	1.52747
38247	1.52746
38248	1.52746
38249	1.52746
38250	1.52746
38251	1.52746
38252	1.52746
38253	1.52746
38254	1.52746
38255	1.52746
38256	1.52745
38257	1.52745
38258	1.52745
38259	1.52745
38260	1.52745
38261	1.52745
38262	1.52745
38263	1.52745
38264	1.52745
38265	1.52745
38266	1.52745
38267	1.52745
38268	1.52745
38269	1.52745
38270	1.52745
38271	1.52745
38272	1.52745
38273	1.52745
38274	1.52745
38275	1.52745
38276	1.52745
38277	1.52745
38278	1.52745
38279	1.52745
38280	1.52745
38281	1.52745
38282	1.52745
38283	1.52745
38284	1.52745
38285	1.52745
38286	1.52745
38287	1.52745
38288	1.52745
38289	1.52745
38290	1.52745
38291	1.52745
38292	1.52745
38293	1.52745
38294	1.52745
38295	1.52745
38296	1.52745
38297	1.52745
38298	1.52745
38299	1.52745
38300	1.52745
38301	1.52746
38302	1.52746
38303	1.52746
38304	1.52746
38305	1.52746
38306	1.52746
38307	1.52746
38308	1.52746
38309	1.52746
38310	1.52746
38311	1.52746
38312	1.52747
38313	1.52747
38314	1.52747
38315	1.52747
38316	1.52747
38317	1.52747
38318	1.52747
38319	1.52747
38320	1.52748
38321	1.52748
38322	1.52748
38323	1.52748
38324	1.52748
38325	1.52748
38326	1.52748
38327	1.52748
38328	1.52749
38329	1.52749
38330	1.52749
38331	1.52749
38332	1.52749
38333	1.52749
38334	1.5275
38335	1.5275
38336	1.5275
38337	1.5275
38338	1.5275
38339	1.5275
38340	1.52751
38341	1.52751
38342	1.52751
38343	1.52751
38344	1.52751
38345	1.52751
38346	1.52752
38347	1.52752
38348	1.52752
38349	1.52752
38350	1.52752
38351	1.52752
38352	1.52753
38353	1.52753
38354	1.52753
38355	1.52753
38356	1.52753
38357	1.52754
38358	1.52754
38359	1.52754
38360	1.52754
38361	1.52754
38362	1.52755
38363	1.52755
38364	1.52755
38365	1.52755
38366	1.52755
38367	1.52756
38368	1.52756
38369	1.52756
38370	1.52756
38371	1.52756
38372	1.52757
38373	1.52757
38374	1.52757
38375	1.52757
38376	1.52757
38377	1.52758
38378	1.52758
38379	1.52758
38380	1.52758
38381	1.52758
38382	1.52759
38383	1.52759
38384	1.52759
38385	1.52759
38386	1.52759
38387	1.5276
38388	1.5276
38389	1.5276
38390	1.5276
38391	1.5276
38392	1.52761
38393	1.52761
38394	1.52761
38395	1.52761
38396	1.52761
38397	1.52762
38398	1.52762
38399	1.52762
38400	1.52762
38401	1.52762
38402	1.52763
38403	1.52763
38404	1.52763
38405	1.52763
38406	1.52764
38407	1.52764
38408	1.52764
38409	1.52764
38410	1.52764
38411	1.52765
38412	1.52765
38413	1.52765
38414	1.52765
38415	1.52765
38416	1.52766
38417	1.52766
38418	1.52766
38419	1.52766
38420	1.52766
38421	1.52767
38422	1.52767
38423	1.52767
38424	1.52767
38425	1.52767
38426	1.52768
38427	1.52768
38428	1.52768
38429	1.52768
38430	1.52768
38431	1.52769
38432	1.52769
38433	1.52769
38434	1.52769
38435	1.52769
38436	1.5277
38437	1.5277
38438	1.5277
38439	1.5277
38440	1.5277
38441	1.52771
38442	1.52771
38443	1.52771
38444	1.52771
38445	1.52771
38446	1.52772
38447	1.52772
38448	1.52772
38449	1.52772
38450	1.52772
38451	1.52772
38452	1.52773
38453	1.52773
38454	1.52773
38455	1.52773
38456	1.52773
38457	1.52774
38458	1.52774
38459	1.52774
38460	1.52774
38461	1.52774
38462	1.52775
38463	1.52775
38464	1.52775
38465	1.52775
38466	1.52775
38467	1.52775
38468	1.52776
38469	1.52776
38470	1.52776
38471	1.52776
38472	1.52776
38473	1.52776
38474	1.52777
38475	1.52777
38476	1.52777
38477	1.52777
38478	1.52777
38479	1.52777
38480	1.52778
38481	1.52778
38482	1.52778
38483	1.52778
38484	1.52778
38485	1.52778
38486	1.52779
38487	1.52779
38488	1.52779
38489	1.52779
38490	1.52779
38491	1.52779
38492	1.52779
38493	1.5278
38494	1.5278
38495	1.5278
38496	1.5278
38497	1.5278
38498	1.5278
38499	1.52781
38500	1.52781
38501	1.52781
38502	1.52781
38503	1.52781
38504	1.52781
38505	1.52781
38506	1.52782
38507	1.52782
38508	1.52782
38509	1.52782
38510	1.52782
38511	1.52782
38512	1.52782
38513	1.52783
38514	1.52783
38515	1.52783
38516	1.52783
38517	1.52783
38518	1.52783
38519	1.52783
38520	1.52783
38521	1.52784
38522	1.52784
38523	1.52784
38524	1.52784
38525	1.52784
38526	1.52784
38527	1.52784
38528	1.52785
38529	1.52785
38530	1.52785
38531	1.52785
38532	1.52785
38533	1.52785
38534	1.52785
38535	1.52785
38536	1.52785
38537	1.52786
38538	1.52786
38539	1.52786
38540	1.52786
38541	1.52786
38542	1.52786
38543	1.52786
38544	1.52786
38545	1.52787
38546	1.52787
38547	1.52787
38548	1.52787
38549	1.52787
38550	1.52787
38551	1.52787
38552	1.52787
38553	1.52787
38554	1.52788
38555	1.52788
38556	1.52788
38557	1.52788
38558	1.52788
38559	1.52788
38560	1.52788
38561	1.52788
38562	1.52788
38563	1.52788
38564	1.52789
38565	1.52789
38566	1.52789
38567	1.52789
38568	1.52789
38569	1.52789
38570	1.52789
38571	1.52789
38572	1.52789
38573	1.52789
38574	1.5279
38575	1.5279
38576	1.5279
38577	1.5279
38578	1.5279
38579	1.5279
38580	1.5279
38581	1.5279
38582	1.5279
38583	1.5279
38584	1.5279
38585	1.52791
38586	1.52791
38587	1.52791
38588	1.52791
38589	1.52791
38590	1.52791
38591	1.52791
38592	1.52791
38593	1.52791
38594	1.52791
38595	1.52791
38596	1.52791
38597	1.52792
38598	1.52792
38599	1.52792
38600	1.52792
38601	1.52792
38602	1.52792
38603	1.52792
38604	1.52792
38605	1.52792
38606	1.52792
38607	1.52792
38608	1.52792
38609	1.52793
38610	1.52793
38611	1.52793
38612	1.52793
38613	1.52793
38614	1.52793
38615	1.52793
38616	1.52793
38617	1.52793
38618	1.52793
38619	1.52793
38620	1.52793
38621	1.52793
38622	1.52793
38623	1.52794
38624	1.52794
38625	1.52794
38626	1.52794
38627	1.52794
38628	1.52794
38629	1.52794
38630	1.52794
38631	1.52794
38632	1.52794
38633	1.52794
38634	1.52794
38635	1.52794
38636	1.52794
38637	1.52795
38638	1.52795
38639	1.52795
38640	1.52795
38641	1.52795
38642	1.52795
38643	1.52795
38644	1.52795
38645	1.52795
38646	1.52795
38647	1.52795
38648	1.52795
38649	1.52795
38650	1.52795
38651	1.52795
38652	1.52795
38653	1.52795
38654	1.52796
38655	1.52796
38656	1.52796
38657	1.52796
38658	1.52796
38659	1.52796
38660	1.52796
38661	1.52796
38662	1.52796
38663	1.52796
38664	1.52796
38665	1.52796
38666	1.52796
38667	1.52796
38668	1.52796
38669	1.52796
38670	1.52796
38671	1.52796
38672	1.52797
38673	1.52797
38674	1.52797
38675	1.52797
38676	1.52797
38677	1.52797
38678	1.52797
38679	1.52797
38680	1.52797
38681	1.52797
38682	1.52797
38683	1.52797
38684	1.52797
38685	1.52797
38686	1.52797
38687	1.52797
38688	1.52797
38689	1.52797
38690	1.52797
38691	1.52797
38692	1.52797
38693	1.52797
38694	1.52797
38695	1.52798
38696	1.52798
38697	1.52798
38698	1.52798
38699	1.52798
38700	1.52798
38701	1.52798
38702	1.52798
38703	1.52798
38704	1.52798
38705	1.52798
38706	1.52798
38707	1.52798
38708	1.52798
38709	1.52798
38710	1.52798
38711	1.52798
38712	1.52798
38713	1.52798
38714	1.52798
38715	1.52798
38716	1.52798
38717	1.52798
38718	1.52798
38719	1.52798
38720	1.52798
38721	1.52798
38722	1.52798
38723	1.52798
38724	1.52798
38725	1.52798
38726	1.52798
38727	1.52798
38728	1.52798
38729	1.52798
38730	1.52798
38731	1.52798
38732	1.52798
38733	1.52798
38734	1.52798
38735	1.52798
38736	1.52798
38737	1.52798
38738	1.52798
38739	1.52798
38740	1.52798
38741	1.52798
38742	1.52798
38743	1.52798
38744	1.52798
38745	1.52798
38746	1.52798
38747	1.52798
38748	1.52798
38749	1.52798
38750	1.52798
38751	1.52798
38752	1.52798
38753	1.52798
38754	1.52798
38755	1.52798
38756	1.52798
38757	1.52798
38758	1.52798
38759	1.52798
38760	1.52798
38761	1.52798
38762	1.52798
38763	1.52798
38764	1.52798
38765	1.52798
38766	1.52798
38767	1.52798
38768	1.52798
38769	1.52798
38770	1.52798
38771	1.52797
38772	1.52797
38773	1.52797
38774	1.52797
38775	1.52797
38776	1.52797
38777	1.52797
38778	1.52797
38779	1.52797
38780	1.52797
38781	1.52797
38782	1.52797
38783	1.52797
38784	1.52797
38785	1.52797
38786	1.52796
38787	1.52796
38788	1.52796
38789	1.52796
38790	1.52796
38791	1.52796
38792	1.52796
38793	1.52796
38794	1.52796
38795	1.52796
38796	1.52795
38797	1.52795
38798	1.52795
38799	1.52795
38800	1.52795
38801	1.52795
38802	1.52795
38803	1.52795
38804	1.52794
38805	1.52794
38806	1.52794
38807	1.52794
38808	1.52794
38809	1.52794
38810	1.52794
38811	1.52793
38812	1.52793
38813	1.52793
38814	1.52793
38815	1.52793
38816	1.52793
38817	1.52793
38818	1.52792
38819	1.52792
38820	1.52792
38821	1.52792
38822	1.52792
38823	1.52791
38824	1.52791
38825	1.52791
38826	1.52791
38827	1.52791
38828	1.5279
38829	1.5279
38830	1.5279
38831	1.5279
38832	1.5279
38833	1.52789
38834	1.52789
38835	1.52789
38836	1.52789
38837	1.52788
38838	1.52788
38839	1.52788
38840	1.52788
38841	1.52787
38842	1.52787
38843	1.52787
38844	1.52787
38845	1.52786
38846	1.52786
38847	1.52786
38848	1.52786
38849	1.52785
38850	1.52785
38851	1.52785
38852	1.52784
38853	1.52784
38854	1.52784
38855	1.52784
38856	1.52783
38857	1.52783
38858	1.52783
38859	1.52782
38860	1.52782
38861	1.52782
38862	1.52781
38863	1.52781
38864	1.52781
38865	1.5278
38866	1.5278
38867	1.5278
38868	1.52779
38869	1.52779
38870	1.52779
38871	1.52778
38872	1.52778
38873	1.52778
38874	1.52777
38875	1.52777
38876	1.52776
38877	1.52776
38878	1.52776
38879	1.52775
38880	1.52775
38881	1.52774
38882	1.52774
38883	1.52774
38884	1.52773
38885	1.52773
38886	1.52772
38887	1.52772
38888	1.52772
38889	1.52771
38890	1.52771
38891	1.5277
38892	1.5277
38893	1.52769
38894	1.52769
38895	1.52769
38896	1.52768
38897	1.52768
38898	1.52767
38899	1.52767
38900	1.52766
38901	1.52766
38902	1.52765
38903	1.52765
38904	1.52764
38905	1.52764
38906	1.52764
38907	1.52763
38908	1.52763
38909	1.52762
38910	1.52762
38911	1.52761
38912	1.52761
38913	1.5276
38914	1.5276
38915	1.52759
38916	1.52759
38917	1.52758
38918	1.52758
38919	1.52757
38920	1.52757
38921	1.52756
38922	1.52756
38923	1.52755
38924	1.52755
38925	1.52754
38926	1.52753
38927	1.52753
38928	1.52752
38929	1.52752
38930	1.52751
38931	1.52751
38932	1.5275
38933	1.5275
38934	1.52749
38935	1.52749
38936	1.52748
38937	1.52748
38938	1.52747
38939	1.52747
38940	1.52746
38941	1.52745
38942	1.52745
38943	1.52744
38944	1.52744
38945	1.52743
38946	1.52743
38947	1.52742
38948	1.52742
38949	1.52741
38950	1.52741
38951	1.5274
38952	1.52739
38953	1.52739
38954	1.52738
38955	1.52738
38956	1.52737
38957	1.52737
38958	1.52736
38959	1.52736
38960	1.52735
38961	1.52734
38962	1.52734
38963	1.52733
38964	1.52733
38965	1.52732
38966	1.52732
38967	1.52731
38968	1.52731
38969	1.5273
38970	1.5273
38971	1.52729
38972	1.52729
38973	1.52728
38974	1.52727
38975	1.52727
38976	1.52726
38977	1.52726
38978	1.52725
38979	1.52725
38980	1.52724
38981	1.52724
38982	1.52723
38983	1.52723
38984	1.52722
38985	1.52722
38986	1.52721
38987	1.52721
38988	1.5272
38989	1.5272
38990	1.52719
38991	1.52719
38992	1.52718
38993	1.52718
38994	1.52717
38995	1.52717
38996	1.52716
38997	1.52716
38998	1.52715
38999	1.52715
39000	1.52715
39001	1.52714
39002	1.52714
39003	1.52713
39004	1.52713
39005	1.52712
39006	1.52712
39007	1.52711
39008	1.52711
39009	1.52711
39010	1.5271
39011	1.5271
39012	1.52709
39013	1.52709
39014	1.52709
39015	1.52708
39016	1.52708
39017	1.52707
39018	1.52707
39019	1.52707
39020	1.52706
39021	1.52706
39022	1.52706
39023	1.52705
39024	1.52705
39025	1.52705
39026	1.52704
39027	1.52704
39028	1.52704
39029	1.52703
39030	1.52703
39031	1.52703
39032	1.52702
39033	1.52702
39034	1.52702
39035	1.52702
39036	1.52701
39037	1.52701
39038	1.52701
39039	1.52701
39040	1.527
39041	1.527
39042	1.527
39043	1.527
39044	1.527
39045	1.52699
39046	1.52699
39047	1.52699
39048	1.52699
39049	1.52699
39050	1.52699
39051	1.52698
39052	1.52698
39053	1.52698
39054	1.52698
39055	1.52698
39056	1.52698
39057	1.52698
39058	1.52698
39059	1.52697
39060	1.52697
39061	1.52697
39062	1.52697
39063	1.52697
39064	1.52697
39065	1.52697
39066	1.52697
39067	1.52697
39068	1.52697
39069	1.52697
39070	1.52697
39071	1.52697
39072	1.52697
39073	1.52697
39074	1.52697
39075	1.52697
39076	1.52697
39077	1.52697
39078	1.52697
39079	1.52697
39080	1.52697
39081	1.52697
39082	1.52698
39083	1.52698
39084	1.52698
39085	1.52698
39086	1.52698
39087	1.52698
39088	1.52698
39089	1.52698
39090	1.52699
39091	1.52699
39092	1.52699
39093	1.52699
39094	1.52699
39095	1.52699
39096	1.527
39097	1.527
39098	1.527
39099	1.527
39100	1.52701
39101	1.52701
39102	1.52701
39103	1.52701
39104	1.52702
39105	1.52702
39106	1.52702
39107	1.52702
39108	1.52703
39109	1.52703
39110	1.52703
39111	1.52704
39112	1.52704
39113	1.52704
39114	1.52705
39115	1.52705
39116	1.52705
39117	1.52706
39118	1.52706
39119	1.52707
39120	1.52707
39121	1.52707
39122	1.52708
39123	1.52708
39124	1.52709
39125	1.52709
39126	1.52709
39127	1.5271
39128	1.5271
39129	1.52711
39130	1.52711
39131	1.52712
39132	1.52712
39133	1.52713
39134	1.52713
39135	1.52714
39136	1.52714
39137	1.52715
39138	1.52715
39139	1.52716
39140	1.52716
39141	1.52717
39142	1.52717
39143	1.52718
39144	1.52718
39145	1.52719
39146	1.52719
39147	1.5272
39148	1.5272
39149	1.52721
39150	1.52722
39151	1.52722
39152	1.52723
39153	1.52723
39154	1.52724
39155	1.52725
39156	1.52725
39157	1.52726
39158	1.52726
39159	1.52727
39160	1.52728
39161	1.52728
39162	1.52729
39163	1.52729
39164	1.5273
39165	1.52731
39166	1.52731
39167	1.52732
39168	1.52733
39169	1.52733
39170	1.52734
39171	1.52735
39172	1.52735
39173	1.52736
39174	1.52737
39175	1.52737
39176	1.52738
39177	1.52739
39178	1.52739
39179	1.5274
39180	1.52741
39181	1.52741
39182	1.52742
39183	1.52743
39184	1.52743
39185	1.52744
39186	1.52745
39187	1.52746
39188	1.52746
39189	1.52747
39190	1.52748
39191	1.52748
39192	1.52749
39193	1.5275
39194	1.5275
39195	1.52751
39196	1.52752
39197	1.52753
39198	1.52753
39199	1.52754
39200	1.52755
39201	1.52755
39202	1.52756
39203	1.52757
39204	1.52758
39205	1.52758
39206	1.52759
39207	1.5276
39208	1.5276
39209	1.52761
39210	1.52762
39211	1.52763
39212	1.52763
39213	1.52764
39214	1.52765
39215	1.52765
39216	1.52766
39217	1.52767
39218	1.52768
39219	1.52768
39220	1.52769
39221	1.5277
39222	1.5277
39223	1.52771
39224	1.52772
39225	1.52773
39226	1.52773
39227	1.52774
39228	1.52775
39229	1.52775
39230	1.52776
39231	1.52777
39232	1.52777
39233	1.52778
39234	1.52779
39235	1.52779
39236	1.5278
39237	1.52781
39238	1.52781
39239	1.52782
39240	1.52783
39241	1.52783
39242	1.52784
39243	1.52785
39244	1.52785
39245	1.52786
39246	1.52787
39247	1.52787
39248	1.52788
39249	1.52789
39250	1.52789
39251	1.5279
39252	1.52791
39253	1.52791
39254	1.52792
39255	1.52793
39256	1.52793
39257	1.52794
39258	1.52794
39259	1.52795
39260	1.52796
39261	1.52796
39262	1.52797
39263	1.52797
39264	1.52798
39265	1.52799
39266	1.52799
39267	1.528
39268	1.528
39269	1.52801
39270	1.52801
39271	1.52802
39272	1.52803
39273	1.52803
39274	1.52804
39275	1.52804
39276	1.52805
39277	1.52805
39278	1.52806
39279	1.52806
39280	1.52807
39281	1.52807
39282	1.52808
39283	1.52808
39284	1.52809
39285	1.52809
39286	1.5281
39287	1.5281
39288	1.52811
39289	1.52811
39290	1.52812
39291	1.52812
39292	1.52813
39293	1.52813
39294	1.52814
39295	1.52814
39296	1.52814
39297	1.52815
39298	1.52815
39299	1.52816
39300	1.52816
39301	1.52817
39302	1.52817
39303	1.52817
39304	1.52818
39305	1.52818
39306	1.52819
39307	1.52819
39308	1.52819
39309	1.5282
39310	1.5282
39311	1.52821
39312	1.52821
39313	1.52821
39314	1.52822
39315	1.52822
39316	1.52822
39317	1.52823
39318	1.52823
39319	1.52823
39320	1.52824
39321	1.52824
39322	1.52824
39323	1.52824
39324	1.52825
39325	1.52825
39326	1.52825
39327	1.52826
39328	1.52826
39329	1.52826
39330	1.52826
39331	1.52827
39332	1.52827
39333	1.52827
39334	1.52827
39335	1.52828
39336	1.52828
39337	1.52828
39338	1.52828
39339	1.52829
39340	1.52829
39341	1.52829
39342	1.52829
39343	1.52829
39344	1.5283
39345	1.5283
39346	1.5283
39347	1.5283
39348	1.5283
39349	1.52831
39350	1.52831
39351	1.52831
39352	1.52831
39353	1.52831
39354	1.52831
39355	1.52832
39356	1.52832
39357	1.52832
39358	1.52832
39359	1.52832
39360	1.52832
39361	1.52832
39362	1.52832
39363	1.52832
39364	1.52833
39365	1.52833
39366	1.52833
39367	1.52833
39368	1.52833
39369	1.52833
39370	1.52833
39371	1.52833
39372	1.52833
39373	1.52833
39374	1.52833
39375	1.52833
39376	1.52833
39377	1.52833
39378	1.52834
39379	1.52834
39380	1.52834
39381	1.52834
39382	1.52834
39383	1.52834
39384	1.52834
39385	1.52834
39386	1.52834
39387	1.52834
39388	1.52834
39389	1.52834
39390	1.52834
39391	1.52834
39392	1.52834
39393	1.52834
39394	1.52834
39395	1.52834
39396	1.52834
39397	1.52833
39398	1.52833
39399	1.52833
39400	1.52833
39401	1.52833
39402	1.52833
39403	1.52833
39404	1.52833
39405	1.52833
39406	1.52833
39407	1.52833
39408	1.52833
39409	1.52833
39410	1.52833
39411	1.52833
39412	1.52833
39413	1.52832
39414	1.52832
39415	1.52832
39416	1.52832
39417	1.52832
39418	1.52832
39419	1.52832
39420	1.52832
39421	1.52832
39422	1.52832
39423	1.52831
39424	1.52831
39425	1.52831
39426	1.52831
39427	1.52831
39428	1.52831
39429	1.52831
39430	1.52831
39431	1.5283
39432	1.5283
39433	1.5283
39434	1.5283
39435	1.5283
39436	1.5283
39437	1.5283
39438	1.52829
39439	1.52829
39440	1.52829
39441	1.52829
39442	1.52829
39443	1.52829
39444	1.52828
39445	1.52828
39446	1.52828
39447	1.52828
39448	1.52828
39449	1.52828
39450	1.52827
39451	1.52827
39452	1.52827
39453	1.52827
39454	1.52827
39455	1.52827
39456	1.52826
39457	1.52826
39458	1.52826
39459	1.52826
39460	1.52826
39461	1.52825
39462	1.52825
39463	1.52825
39464	1.52825
39465	1.52825
39466	1.52824
39467	1.52824
39468	1.52824
39469	1.52824
39470	1.52824
39471	1.52823
39472	1.52823
39473	1.52823
39474	1.52823
39475	1.52823
39476	1.52822
39477	1.52822
39478	1.52822
39479	1.52822
39480	1.52822
39481	1.52821
39482	1.52821
39483	1.52821
39484	1.52821
39485	1.52821
39486	1.5282
39487	1.5282
39488	1.5282
39489	1.5282
39490	1.52819
39491	1.52819
39492	1.52819
39493	1.52819
39494	1.52819
39495	1.52818
39496	1.52818
39497	1.52818
39498	1.52818
39499	1.52817
39500	1.52817
39501	1.52817
39502	1.52817
39503	1.52817
39504	1.52816
39505	1.52816
39506	1.52816
39507	1.52816
39508	1.52815
39509	1.52815
39510	1.52815
39511	1.52815
39512	1.52815
39513	1.52814
39514	1.52814
39515	1.52814
39516	1.52814
39517	1.52813
39518	1.52813
39519	1.52813
39520	1.52813
39521	1.52813
39522	1.52812
39523	1.52812
39524	1.52812
39525	1.52812
39526	1.52811
39527	1.52811
39528	1.52811
39529	1.52811
39530	1.52811
39531	1.5281
39532	1.5281
39533	1.5281
39534	1.5281
39535	1.52809
39536	1.52809
39537	1.52809
39538	1.52809
39539	1.52809
39540	1.52808
39541	1.52808
39542	1.52808
39543	1.52808
39544	1.52807
39545	1.52807
39546	1.52807
39547	1.52807
39548	1.52807
39549	1.52806
39550	1.52806
39551	1.52806
39552	1.52806
39553	1.52805
39554	1.52805
39555	1.52805
39556	1.52805
39557	1.52805
39558	1.52804
39559	1.52804
39560	1.52804
39561	1.52804
39562	1.52804
39563	1.52803
39564	1.52803
39565	1.52803
39566	1.52803
39567	1.52803
39568	1.52802
39569	1.52802
39570	1.52802
39571	1.52802
39572	1.52801
39573	1.52801
39574	1.52801
39575	1.52801
39576	1.52801
39577	1.528
39578	1.528
39579	1.528
39580	1.528
39581	1.528
39582	1.52799
39583	1.52799
39584	1.52799
39585	1.52799
39586	1.52799
39587	1.52798
39588	1.52798
39589	1.52798
39590	1.52798
39591	1.52798
39592	1.52797
39593	1.52797
39594	1.52797
39595	1.52797
39596	1.52797
39597	1.52797
39598	1.52796
39599	1.52796
39600	1.52796
39601	1.52796
39602	1.52796
39603	1.52795
39604	1.52795
39605	1.52795
39606	1.52795
39607	1.52795
39608	1.52795
39609	1.52794
39610	1.52794
39611	1.52794
39612	1.52794
39613	1.52794
39614	1.52793
39615	1.52793
39616	1.52793
39617	1.52793
39618	1.52793
39619	1.52793
39620	1.52792
39621	1.52792
39622	1.52792
39623	1.52792
39624	1.52792
39625	1.52792
39626	1.52791
39627	1.52791
39628	1.52791
39629	1.52791
39630	1.52791
39631	1.52791
39632	1.5279
39633	1.5279
39634	1.5279
39635	1.5279
39636	1.5279
39637	1.5279
39638	1.52789
39639	1.52789
39640	1.52789
39641	1.52789
39642	1.52789
39643	1.52789
39644	1.52788
39645	1.52788
39646	1.52788
39647	1.52788
39648	1.52788
39649	1.52788
39650	1.52788
39651	1.52787
39652	1.52787
39653	1.52787
39654	1.52787
39655	1.52787
39656	1.52787
39657	1.52786
39658	1.52786
39659	1.52786
39660	1.52786
39661	1.52786
39662	1.52786
39663	1.52786
39664	1.52785
39665	1.52785
39666	1.52785
39667	1.52785
39668	1.52785
39669	1.52785
39670	1.52785
39671	1.52785
39672	1.52784
39673	1.52784
39674	1.52784
39675	1.52784
39676	1.52784
39677	1.52784
39678	1.52784
39679	1.52783
39680	1.52783
39681	1.52783
39682	1.52783
39683	1.52783
39684	1.52783
39685	1.52783
39686	1.52783
39687	1.52782
39688	1.52782
39689	1.52782
39690	1.52782
39691	1.52782
39692	1.52782
39693	1.52782
39694	1.52782
39695	1.52781
39696	1.52781
39697	1.52781
39698	1.52781
39699	1.52781
39700	1.52781
39701	1.52781
39702	1.52781
39703	1.52781
39704	1.5278
39705	1.5278
39706	1.5278
39707	1.5278
39708	1.5278
39709	1.5278
39710	1.5278
39711	1.5278
39712	1.5278
39713	1.5278
39714	1.52779
39715	1.52779
39716	1.52779
39717	1.52779
39718	1.52779
39719	1.52779
39720	1.52779
39721	1.52779
39722	1.52779
39723	1.52779
39724	1.52778
39725	1.52778
39726	1.52778
39727	1.52778
39728	1.52778
39729	1.52778
39730	1.52778
39731	1.52778
39732	1.52778
39733	1.52778
39734	1.52778
39735	1.52777
39736	1.52777
39737	1.52777
39738	1.52777
39739	1.52777
39740	1.52777
39741	1.52777
39742	1.52777
39743	1.52777
39744	1.52777
39745	1.52777
39746	1.52777
39747	1.52777
39748	1.52776
39749	1.52776
39750	1.52776
39751	1.52776
39752	1.52776
39753	1.52776
39754	1.52776
39755	1.52776
39756	1.52776
39757	1.52776
39758	1.52776
39759	1.52776
39760	1.52776
39761	1.52776
39762	1.52776
39763	1.52776
39764	1.52776
39765	1.52775
39766	1.52775
39767	1.52775
39768	1.52775
39769	1.52775
39770	1.52775
39771	1.52775
39772	1.52775
39773	1.52775
39774	1.52775
39775	1.52775
39776	1.52775
39777	1.52775
39778	1.52775
39779	1.52775
39780	1.52775
39781	1.52775
39782	1.52775
39783	1.52775
39784	1.52775
39785	1.52775
39786	1.52775
39787	1.52775
39788	1.52775
39789	1.52775
39790	1.52775
39791	1.52775
39792	1.52775
39793	1.52775
39794	1.52775
39795	1.52775
39796	1.52775
39797	1.52775
39798	1.52775
39799	1.52775
39800	1.52775
39801	1.52775
39802	1.52775
39803	1.52775
39804	1.52775
39805	1.52775
39806	1.52775
39807	1.52775
39808	1.52775
39809	1.52775
39810	1.52775
39811	1.52775
39812	1.52775
39813	1.52775
39814	1.52775
39815	1.52775
39816	1.52775
39817	1.52775
39818	1.52775
39819	1.52775
39820	1.52775
39821	1.52775
39822	1.52775
39823	1.52775
39824	1.52775
39825	1.52775
39826	1.52775
39827	1.52775
39828	1.52775
39829	1.52776
39830	1.52776
39831	1.52776
39832	1.52776
39833	1.52776
39834	1.52776
39835	1.52776
39836	1.52776
39837	1.52776
39838	1.52776
39839	1.52776
39840	1.52776
39841	1.52776
39842	1.52776
39843	1.52777
39844	1.52777
39845	1.52777
39846	1.52777
39847	1.52777
39848	1.52777
39849	1.52777
39850	1.52777
39851	1.52777
39852	1.52777
39853	1.52778
39854	1.52778
39855	1.52778
39856	1.52778
39857	1.52778
39858	1.52778
39859	1.52778
39860	1.52778
39861	1.52779
39862	1.52779
39863	1.52779
39864	1.52779
39865	1.52779
39866	1.52779
39867	1.52779
39868	1.5278
39869	1.5278
39870	1.5278
39871	1.5278
39872	1.5278
39873	1.5278
39874	1.5278
39875	1.52781
39876	1.52781
39877	1.52781
39878	1.52781
39879	1.52781
39880	1.52781
39881	1.52782
39882	1.52782
39883	1.52782
39884	1.52782
39885	1.52782
39886	1.52783
39887	1.52783
39888	1.52783
39889	1.52783
39890	1.52783
39891	1.52784
39892	1.52784
39893	1.52784
39894	1.52784
39895	1.52785
39896	1.52785
39897	1.52785
39898	1.52785
39899	1.52785
39900	1.52786
39901	1.52786
39902	1.52786
39903	1.52786
39904	1.52787
39905	1.52787
39906	1.52787
39907	1.52787
39908	1.52788
39909	1.52788
39910	1.52788
39911	1.52788
39912	1.52789
39913	1.52789
39914	1.52789
39915	1.5279
39916	1.5279
39917	1.5279
39918	1.5279
39919	1.52791
39920	1.52791
39921	1.52791
39922	1.52792
39923	1.52792
39924	1.52792
39925	1.52792
39926	1.52793
39927	1.52793
39928	1.52793
39929	1.52794
39930	1.52794
39931	1.52794
39932	1.52795
39933	1.52795
39934	1.52795
39935	1.52796
39936	1.52796
39937	1.52796
39938	1.52797
39939	1.52797
39940	1.52797
39941	1.52798
39942	1.52798
39943	1.52798
39944	1.52799
39945	1.52799
39946	1.528
39947	1.528
39948	1.528
39949	1.52801
39950	1.52801
39951	1.52801
39952	1.52802
39953	1.52802
39954	1.52803
39955	1.52803
39956	1.52803
39957	1.52804
39958	1.52804
39959	1.52805
39960	1.52805
39961	1.52805
39962	1.52806
39963	1.52806
39964	1.52807
39965	1.52807
39966	1.52807
39967	1.52808
39968	1.52808
39969	1.52809
39970	1.52809
39971	1.52809
39972	1.5281
39973	1.5281
39974	1.52811
39975	1.52811
39976	1.52812
39977	1.52812
39978	1.52812
39979	1.52813
39980	1.52813
39981	1.52814
39982	1.52814
39983	1.52815
39984	1.52815
39985	1.52816
39986	1.52816
39987	1.52816
39988	1.52817
39989	1.52817
39990	1.52818
39991	1.52818
39992	1.52819
39993	1.52819
39994	1.5282
39995	1.5282
39996	1.52821
39997	1.52821
39998	1.52822
39999	1.52822
40000	1.52823
40001	1.52823
40002	1.52823
40003	1.52824
40004	1.52824
40005	1.52825
40006	1.52825
40007	1.52826
40008	1.52826
40009	1.52827
40010	1.52827
40011	1.52828
40012	1.52828
40013	1.52829
40014	1.52829
40015	1.5283
40016	1.5283
40017	1.52831
40018	1.52831
40019	1.52832
40020	1.52832
40021	1.52833
40022	1.52833
40023	1.52834
40024	1.52834
40025	1.52834
40026	1.52835
40027	1.52835
40028	1.52836
40029	1.52836
40030	1.52837
40031	1.52837
40032	1.52838
40033	1.52838
40034	1.52839
40035	1.52839
40036	1.5284
40037	1.5284
40038	1.52841
40039	1.52841
40040	1.52842
40041	1.52842
40042	1.52843
40043	1.52843
40044	1.52844
40045	1.52844
40046	1.52844
40047	1.52845
40048	1.52845
40049	1.52846
40050	1.52846
40051	1.52847
40052	1.52847
40053	1.52848
40054	1.52848
40055	1.52849
40056	1.52849
40057	1.52849
40058	1.5285
40059	1.5285
40060	1.52851
40061	1.52851
40062	1.52852
40063	1.52852
40064	1.52852
40065	1.52853
40066	1.52853
40067	1.52854
40068	1.52854
40069	1.52855
40070	1.52855
40071	1.52855
40072	1.52856
40073	1.52856
40074	1.52857
40075	1.52857
40076	1.52857
40077	1.52858
40078	1.52858
40079	1.52859
40080	1.52859
40081	1.52859
40082	1.5286
40083	1.5286
40084	1.5286
40085	1.52861
40086	1.52861
40087	1.52861
40088	1.52862
40089	1.52862
40090	1.52862
40091	1.52863
40092	1.52863
40093	1.52863
40094	1.52864
40095	1.52864
40096	1.52864
40097	1.52865
40098	1.52865
40099	1.52865
40100	1.52866
40101	1.52866
40102	1.52866
40103	1.52866
40104	1.52867
40105	1.52867
40106	1.52867
40107	1.52867
40108	1.52868
40109	1.52868
40110	1.52868
40111	1.52868
40112	1.52869
40113	1.52869
40114	1.52869
40115	1.52869
40116	1.52869
40117	1.5287
40118	1.5287
40119	1.5287
40120	1.5287
40121	1.5287
40122	1.52871
40123	1.52871
40124	1.52871
40125	1.52871
40126	1.52871
40127	1.52871
40128	1.52871
40129	1.52872
40130	1.52872
40131	1.52872
40132	1.52872
40133	1.52872
40134	1.52872
40135	1.52872
40136	1.52872
40137	1.52872
40138	1.52872
40139	1.52872
40140	1.52872
40141	1.52873
40142	1.52873
40143	1.52873
40144	1.52873
40145	1.52873
40146	1.52873
40147	1.52873
40148	1.52873
40149	1.52873
40150	1.52873
40151	1.52873
40152	1.52873
40153	1.52873
40154	1.52872
40155	1.52872
40156	1.52872
40157	1.52872
40158	1.52872
40159	1.52872
40160	1.52872
40161	1.52872
40162	1.52872
40163	1.52872
40164	1.52872
40165	1.52871
40166	1.52871
40167	1.52871
40168	1.52871
40169	1.52871
40170	1.52871
40171	1.52871
40172	1.5287
40173	1.5287
40174	1.5287
40175	1.5287
40176	1.5287
40177	1.52869
40178	1.52869
40179	1.52869
40180	1.52869
40181	1.52868
40182	1.52868
40183	1.52868
40184	1.52868
40185	1.52867
40186	1.52867
40187	1.52867
40188	1.52867
40189	1.52866
40190	1.52866
40191	1.52866
40192	1.52865
40193	1.52865
40194	1.52865
40195	1.52864
40196	1.52864
40197	1.52864
40198	1.52863
40199	1.52863
40200	1.52862
40201	1.52862
40202	1.52862
40203	1.52861
40204	1.52861
40205	1.52861
40206	1.5286
40207	1.5286
40208	1.52859
40209	1.52859
40210	1.52858
40211	1.52858
40212	1.52857
40213	1.52857
40214	1.52857
40215	1.52856
40216	1.52856
40217	1.52855
40218	1.52855
40219	1.52854
40220	1.52854
40221	1.52853
40222	1.52853
40223	1.52852
40224	1.52852
40225	1.52851
40226	1.5285
40227	1.5285
40228	1.52849
40229	1.52849
40230	1.52848
40231	1.52848
40232	1.52847
40233	1.52847
40234	1.52846
40235	1.52845
40236	1.52845
40237	1.52844
40238	1.52844
40239	1.52843
40240	1.52842
40241	1.52842
40242	1.52841
40243	1.52841
40244	1.5284
40245	1.52839
40246	1.52839
40247	1.52838
40248	1.52837
40249	1.52837
40250	1.52836
40251	1.52835
40252	1.52835
40253	1.52834
40254	1.52833
40255	1.52833
40256	1.52832
40257	1.52831
40258	1.52831
40259	1.5283
40260	1.52829
40261	1.52829
40262	1.52828
40263	1.52827
40264	1.52827
40265	1.52826
40266	1.52825
40267	1.52824
40268	1.52824
40269	1.52823
40270	1.52822
40271	1.52822
40272	1.52821
40273	1.5282
40274	1.52819
40275	1.52819
40276	1.52818
40277	1.52817
40278	1.52817
40279	1.52816
40280	1.52815
40281	1.52814
40282	1.52814
40283	1.52813
40284	1.52812
40285	1.52811
40286	1.52811
40287	1.5281
40288	1.52809
40289	1.52808
40290	1.52808
40291	1.52807
40292	1.52806
40293	1.52805
40294	1.52805
40295	1.52804
40296	1.52803
40297	1.52802
40298	1.52802
40299	1.52801
40300	1.528
40301	1.52799
40302	1.52799
40303	1.52798
40304	1.52797
40305	1.52796
40306	1.52796
40307	1.52795
40308	1.52794
40309	1.52793
40310	1.52793
40311	1.52792
40312	1.52791
40313	1.5279
40314	1.5279
40315	1.52789
40316	1.52788
40317	1.52787
40318	1.52787
40319	1.52786
40320	1.52785
40321	1.52785
40322	1.52784
40323	1.52783
40324	1.52782
40325	1.52782
40326	1.52781
40327	1.5278
40328	1.52779
40329	1.52779
40330	1.52778
40331	1.52777
40332	1.52777
40333	1.52776
40334	1.52775
40335	1.52774
40336	1.52774
40337	1.52773
40338	1.52772
40339	1.52772
40340	1.52771
40341	1.5277
40342	1.5277
40343	1.52769
40344	1.52768
40345	1.52768
40346	1.52767
40347	1.52766
40348	1.52766
40349	1.52765
40350	1.52764
40351	1.52764
40352	1.52763
40353	1.52762
40354	1.52762
40355	1.52761
40356	1.5276
40357	1.5276
40358	1.52759
40359	1.52758
40360	1.52758
40361	1.52757
40362	1.52757
40363	1.52756
40364	1.52755
40365	1.52755
40366	1.52754
40367	1.52754
40368	1.52753
40369	1.52752
40370	1.52752
40371	1.52751
40372	1.52751
40373	1.5275
40374	1.5275
40375	1.52749
40376	1.52748
40377	1.52748
40378	1.52747
40379	1.52747
40380	1.52746
40381	1.52746
40382	1.52745
40383	1.52745
40384	1.52744
40385	1.52744
40386	1.52743
40387	1.52743
40388	1.52742
40389	1.52742
40390	1.52741
40391	1.52741
40392	1.5274
40393	1.5274
40394	1.52739
40395	1.52739
40396	1.52738
40397	1.52738
40398	1.52738
40399	1.52737
40400	1.52737
40401	1.52736
40402	1.52736
40403	1.52735
40404	1.52735
40405	1.52735
40406	1.52734
40407	1.52734
40408	1.52733
40409	1.52733
40410	1.52733
40411	1.52732
40412	1.52732
40413	1.52731
40414	1.52731
40415	1.52731
40416	1.5273
40417	1.5273
40418	1.5273
40419	1.52729
40420	1.52729
40421	1.52729
40422	1.52728
40423	1.52728
40424	1.52728
40425	1.52727
40426	1.52727
40427	1.52727
40428	1.52727
40429	1.52726
40430	1.52726
40431	1.52726
40432	1.52725
40433	1.52725
40434	1.52725
40435	1.52725
40436	1.52724
40437	1.52724
40438	1.52724
40439	1.52724
40440	1.52724
40441	1.52723
40442	1.52723
40443	1.52723
40444	1.52723
40445	1.52722
40446	1.52722
40447	1.52722
40448	1.52722
40449	1.52722
40450	1.52722
40451	1.52721
40452	1.52721
40453	1.52721
40454	1.52721
40455	1.52721
40456	1.52721
40457	1.5272
40458	1.5272
40459	1.5272
40460	1.5272
40461	1.5272
40462	1.5272
40463	1.5272
40464	1.5272
40465	1.52719
40466	1.52719
40467	1.52719
40468	1.52719
40469	1.52719
40470	1.52719
40471	1.52719
40472	1.52719
40473	1.52719
40474	1.52719
40475	1.52719
40476	1.52719
40477	1.52719
40478	1.52719
40479	1.52718
40480	1.52718
40481	1.52718
40482	1.52718
40483	1.52718
40484	1.52718
40485	1.52718
40486	1.52718
40487	1.52718
40488	1.52718
40489	1.52718
40490	1.52718
40491	1.52718
40492	1.52718
40493	1.52718
40494	1.52718
40495	1.52718
40496	1.52718
40497	1.52718
40498	1.52718
40499	1.52718
40500	1.52718
40501	1.52719
40502	1.52719
40503	1.52719
40504	1.52719
40505	1.52719
40506	1.52719
40507	1.52719
40508	1.52719
40509	1.52719
40510	1.52719
40511	1.52719
40512	1.52719
40513	1.52719
40514	1.52719
40515	1.52719
40516	1.5272
40517	1.5272
40518	1.5272
40519	1.5272
40520	1.5272
40521	1.5272
40522	1.5272
40523	1.5272
40524	1.5272
40525	1.52721
40526	1.52721
40527	1.52721
40528	1.52721
40529	1.52721
40530	1.52721
40531	1.52721
40532	1.52721
40533	1.52722
40534	1.52722
40535	1.52722
40536	1.52722
40537	1.52722
40538	1.52722
40539	1.52722
40540	1.52723
40541	1.52723
40542	1.52723
40543	1.52723
40544	1.52723
40545	1.52723
40546	1.52723
40547	1.52724
40548	1.52724
40549	1.52724
40550	1.52724
40551	1.52724
40552	1.52725
40553	1.52725
40554	1.52725
40555	1.52725
40556	1.52725
40557	1.52725
40558	1.52726
40559	1.52726
40560	1.52726
40561	1.52726
40562	1.52726
40563	1.52727
40564	1.52727
40565	1.52727
40566	1.52727
40567	1.52727
40568	1.52728
40569	1.52728
40570	1.52728
40571	1.52728
40572	1.52728
40573	1.52729
40574	1.52729
40575	1.52729
40576	1.52729
40577	1.52729
40578	1.5273
40579	1.5273
40580	1.5273
40581	1.5273
40582	1.5273
40583	1.52731
40584	1.52731
40585	1.52731
40586	1.52731
40587	1.52731
40588	1.52732
40589	1.52732
40590	1.52732
40591	1.52732
40592	1.52733
40593	1.52733
40594	1.52733
40595	1.52733
40596	1.52733
40597	1.52734
40598	1.52734
40599	1.52734
40600	1.52734
40601	1.52735
40602	1.52735
40603	1.52735
40604	1.52735
40605	1.52735
40606	1.52736
40607	1.52736
40608	1.52736
40609	1.52736
40610	1.52737
40611	1.52737
40612	1.52737
40613	1.52737
40614	1.52737
40615	1.52738
40616	1.52738
40617	1.52738
40618	1.52738
40619	1.52739
40620	1.52739
40621	1.52739
40622	1.52739
40623	1.5274
40624	1.5274
40625	1.5274
40626	1.5274
40627	1.5274
40628	1.52741
40629	1.52741
40630	1.52741
40631	1.52741
40632	1.52742
40633	1.52742
40634	1.52742
40635	1.52742
40636	1.52742
40637	1.52743
40638	1.52743
40639	1.52743
40640	1.52743
40641	1.52744
40642	1.52744
40643	1.52744
40644	1.52744
40645	1.52744
40646	1.52745
40647	1.52745
40648	1.52745
40649	1.52745
40650	1.52746
40651	1.52746
40652	1.52746
40653	1.52746
40654	1.52746
40655	1.52747
40656	1.52747
40657	1.52747
40658	1.52747
40659	1.52747
40660	1.52748
40661	1.52748
40662	1.52748
40663	1.52748
40664	1.52749
40665	1.52749
40666	1.52749
40667	1.52749
40668	1.52749
40669	1.5275
40670	1.5275
40671	1.5275
40672	1.5275
40673	1.5275
40674	1.52751
40675	1.52751
40676	1.52751
40677	1.52751
40678	1.52751
40679	1.52752
40680	1.52752
40681	1.52752
40682	1.52752
40683	1.52753
40684	1.52753
40685	1.52753
40686	1.52753
40687	1.52753
40688	1.52754
40689	1.52754
40690	1.52754
40691	1.52754
40692	1.52754
40693	1.52754
40694	1.52755
40695	1.52755
40696	1.52755
40697	1.52755
40698	1.52755
40699	1.52756
40700	1.52756
40701	1.52756
40702	1.52756
40703	1.52756
40704	1.52757
40705	1.52757
40706	1.52757
40707	1.52757
40708	1.52757
40709	1.52758
40710	1.52758
40711	1.52758
40712	1.52758
40713	1.52758
40714	1.52758
40715	1.52759
40716	1.52759
40717	1.52759
40718	1.52759
40719	1.52759
40720	1.5276
40721	1.5276
40722	1.5276
40723	1.5276
40724	1.5276
40725	1.5276
40726	1.52761
40727	1.52761
40728	1.52761
40729	1.52761
40730	1.52761
40731	1.52761
40732	1.52762
40733	1.52762
40734	1.52762
40735	1.52762
40736	1.52762
40737	1.52762
40738	1.52763
40739	1.52763
40740	1.52763
40741	1.52763
40742	1.52763
40743	1.52763
40744	1.52764
40745	1.52764
40746	1.52764
40747	1.52764
40748	1.52764
40749	1.52764
40750	1.52765
40751	1.52765
40752	1.52765
40753	1.52765
40754	1.52765
40755	1.52765
40756	1.52766
40757	1.52766
40758	1.52766
40759	1.52766
40760	1.52766
40761	1.52766
40762	1.52766
40763	1.52767
40764	1.52767
40765	1.52767
40766	1.52767
40767	1.52767
40768	1.52767
40769	1.52768
40770	1.52768
40771	1.52768
40772	1.52768
40773	1.52768
40774	1.52768
40775	1.52768
40776	1.52769
40777	1.52769
40778	1.52769
40779	1.52769
40780	1.52769
40781	1.52769
40782	1.52769
40783	1.5277
40784	1.5277
40785	1.5277
40786	1.5277
40787	1.5277
40788	1.5277
40789	1.5277
40790	1.52771
40791	1.52771
40792	1.52771
40793	1.52771
40794	1.52771
40795	1.52771
40796	1.52771
40797	1.52772
40798	1.52772
40799	1.52772
40800	1.52772
40801	1.52772
40802	1.52772
40803	1.52772
40804	1.52772
40805	1.52773
40806	1.52773
40807	1.52773
40808	1.52773
40809	1.52773
40810	1.52773
40811	1.52773
40812	1.52774
40813	1.52774
40814	1.52774
40815	1.52774
40816	1.52774
40817	1.52774
40818	1.52774
40819	1.52774
40820	1.52775
40821	1.52775
40822	1.52775
40823	1.52775
40824	1.52775
40825	1.52775
40826	1.52775
40827	1.52775
40828	1.52776
40829	1.52776
40830	1.52776
40831	1.52776
40832	1.52776
40833	1.52776
40834	1.52776
40835	1.52776
40836	1.52777
40837	1.52777
40838	1.52777
40839	1.52777
40840	1.52777
40841	1.52777
40842	1.52777
40843	1.52777
40844	1.52777
40845	1.52778
40846	1.52778
40847	1.52778
40848	1.52778
40849	1.52778
40850	1.52778
40851	1.52778
40852	1.52778
40853	1.52779
40854	1.52779
40855	1.52779
40856	1.52779
40857	1.52779
40858	1.52779
40859	1.52779
40860	1.52779
40861	1.52779
40862	1.5278
40863	1.5278
40864	1.5278
40865	1.5278
40866	1.5278
40867	1.5278
40868	1.5278
40869	1.5278
40870	1.5278
40871	1.52781
40872	1.52781
40873	1.52781
40874	1.52781
40875	1.52781
40876	1.52781
40877	1.52781
40878	1.52781
40879	1.52781
40880	1.52781
40881	1.52782
40882	1.52782
40883	1.52782
40884	1.52782
40885	1.52782
40886	1.52782
40887	1.52782
40888	1.52782
40889	1.52782
40890	1.52782
40891	1.52783
40892	1.52783
40893	1.52783
40894	1.52783
40895	1.52783
40896	1.52783
40897	1.52783
40898	1.52783
40899	1.52783
40900	1.52783
40901	1.52784
40902	1.52784
40903	1.52784
40904	1.52784
40905	1.52784
40906	1.52784
40907	1.52784
40908	1.52784
40909	1.52784
40910	1.52784
40911	1.52784
40912	1.52784
40913	1.52785
40914	1.52785
40915	1.52785
40916	1.52785
40917	1.52785
40918	1.52785
40919	1.52785
40920	1.52785
40921	1.52785
40922	1.52785
40923	1.52785
40924	1.52785
40925	1.52786
40926	1.52786
40927	1.52786
40928	1.52786
40929	1.52786
40930	1.52786
40931	1.52786
40932	1.52786
40933	1.52786
40934	1.52786
40935	1.52786
40936	1.52786
40937	1.52786
40938	1.52786
40939	1.52787
40940	1.52787
40941	1.52787
40942	1.52787
40943	1.52787
40944	1.52787
40945	1.52787
40946	1.52787
40947	1.52787
40948	1.52787
40949	1.52787
40950	1.52787
40951	1.52787
40952	1.52787
40953	1.52787
40954	1.52787
40955	1.52787
40956	1.52787
40957	1.52788
40958	1.52788
40959	1.52788
40960	1.52788
40961	1.52788
40962	1.52788
40963	1.52788
40964	1.52788
40965	1.52788
40966	1.52788
40967	1.52788
40968	1.52788
40969	1.52788
40970	1.52788
40971	1.52788
40972	1.52788
40973	1.52788
40974	1.52788
40975	1.52788
40976	1.52788
40977	1.52788
40978	1.52788
40979	1.52788
40980	1.52788
40981	1.52788
40982	1.52788
40983	1.52788
40984	1.52788
40985	1.52788
40986	1.52788
40987	1.52788
40988	1.52788
40989	1.52788
40990	1.52788
40991	1.52788
40992	1.52788
40993	1.52788
40994	1.52788
40995	1.52788
40996	1.52788
40997	1.52788
40998	1.52788
40999	1.52788
41000	1.52788
41001	1.52788
41002	1.52788
41003	1.52788
41004	1.52788
41005	1.52788
41006	1.52788
41007	1.52788
41008	1.52788
41009	1.52788
41010	1.52788
41011	1.52788
41012	1.52788
41013	1.52788
41014	1.52788
41015	1.52788
41016	1.52788
41017	1.52788
41018	1.52788
41019	1.52788
41020	1.52787
41021	1.52787
41022	1.52787
41023	1.52787
41024	1.52787
41025	1.52787
41026	1.52787
41027	1.52787
41028	1.52787
41029	1.52787
41030	1.52787
41031	1.52787
41032	1.52787
41033	1.52786
41034	1.52786
41035	1.52786
41036	1.52786
41037	1.52786
41038	1.52786
41039	1.52786
41040	1.52786
41041	1.52786
41042	1.52786
41043	1.52785
41044	1.52785
41045	1.52785
41046	1.52785
41047	1.52785
41048	1.52785
41049	1.52785
41050	1.52785
41051	1.52784
41052	1.52784
41053	1.52784
41054	1.52784
41055	1.52784
41056	1.52784
41057	1.52784
41058	1.52783
41059	1.52783
41060	1.52783
41061	1.52783
41062	1.52783
41063	1.52783
41064	1.52782
41065	1.52782
41066	1.52782
41067	1.52782
41068	1.52782
41069	1.52781
41070	1.52781
41071	1.52781
41072	1.52781
41073	1.52781
41074	1.5278
41075	1.5278
41076	1.5278
41077	1.5278
41078	1.5278
41079	1.52779
41080	1.52779
41081	1.52779
41082	1.52779
41083	1.52778
41084	1.52778
41085	1.52778
41086	1.52778
41087	1.52777
41088	1.52777
41089	1.52777
41090	1.52777
41091	1.52776
41092	1.52776
41093	1.52776
41094	1.52776
41095	1.52775
41096	1.52775
41097	1.52775
41098	1.52775
41099	1.52774
41100	1.52774
41101	1.52774
41102	1.52773
41103	1.52773
41104	1.52773
41105	1.52773
41106	1.52772
41107	1.52772
41108	1.52772
41109	1.52771
41110	1.52771
41111	1.52771
41112	1.5277
41113	1.5277
41114	1.5277
41115	1.52769
41116	1.52769
41117	1.52769
41118	1.52768
41119	1.52768
41120	1.52768
41121	1.52767
41122	1.52767
41123	1.52767
41124	1.52766
41125	1.52766
41126	1.52765
41127	1.52765
41128	1.52765
41129	1.52764
41130	1.52764
41131	1.52764
41132	1.52763
41133	1.52763
41134	1.52762
41135	1.52762
41136	1.52762
41137	1.52761
41138	1.52761
41139	1.52761
41140	1.5276
41141	1.5276
41142	1.52759
41143	1.52759
41144	1.52758
41145	1.52758
41146	1.52758
41147	1.52757
41148	1.52757
41149	1.52756
41150	1.52756
41151	1.52756
41152	1.52755
41153	1.52755
41154	1.52754
41155	1.52754
41156	1.52753
41157	1.52753
41158	1.52753
41159	1.52752
41160	1.52752
41161	1.52751
41162	1.52751
41163	1.5275
41164	1.5275
41165	1.52749
41166	1.52749
41167	1.52749
41168	1.52748
41169	1.52748
41170	1.52747
41171	1.52747
41172	1.52746
41173	1.52746
41174	1.52745
41175	1.52745
41176	1.52744
41177	1.52744
41178	1.52744
41179	1.52743
41180	1.52743
41181	1.52742
41182	1.52742
41183	1.52741
41184	1.52741
41185	1.5274
41186	1.5274
41187	1.52739
41188	1.52739
41189	1.52738
41190	1.52738
41191	1.52737
41192	1.52737
41193	1.52737
41194	1.52736
41195	1.52736
41196	1.52735
41197	1.52735
41198	1.52734
41199	1.52734
41200	1.52733
41201	1.52733
41202	1.52732
41203	1.52732
41204	1.52731
41205	1.52731
41206	1.52731
41207	1.5273
41208	1.5273
41209	1.52729
41210	1.52729
41211	1.52728
41212	1.52728
41213	1.52727
41214	1.52727
41215	1.52727
41216	1.52726
41217	1.52726
41218	1.52725
41219	1.52725
41220	1.52724
41221	1.52724
41222	1.52723
41223	1.52723
41224	1.52723
41225	1.52722
41226	1.52722
41227	1.52721
41228	1.52721
41229	1.5272
41230	1.5272
41231	1.5272
41232	1.52719
41233	1.52719
41234	1.52718
41235	1.52718
41236	1.52718
41237	1.52717
41238	1.52717
41239	1.52716
41240	1.52716
41241	1.52716
41242	1.52715
41243	1.52715
41244	1.52715
41245	1.52714
41246	1.52714
41247	1.52714
41248	1.52713
41249	1.52713
41250	1.52712
41251	1.52712
41252	1.52712
41253	1.52711
41254	1.52711
41255	1.52711
41256	1.5271
41257	1.5271
41258	1.5271
41259	1.5271
41260	1.52709
41261	1.52709
41262	1.52709
41263	1.52708
41264	1.52708
41265	1.52708
41266	1.52707
41267	1.52707
41268	1.52707
41269	1.52707
41270	1.52706
41271	1.52706
41272	1.52706
41273	1.52706
41274	1.52705
41275	1.52705
41276	1.52705
41277	1.52705
41278	1.52705
41279	1.52704
41280	1.52704
41281	1.52704
41282	1.52704
41283	1.52704
41284	1.52703
41285	1.52703
41286	1.52703
41287	1.52703
41288	1.52703
41289	1.52703
41290	1.52702
41291	1.52702
41292	1.52702
41293	1.52702
41294	1.52702
41295	1.52702
41296	1.52702
41297	1.52702
41298	1.52702
41299	1.52701
41300	1.52701
41301	1.52701
41302	1.52701
41303	1.52701
41304	1.52701
41305	1.52701
41306	1.52701
41307	1.52701
41308	1.52701
41309	1.52701
41310	1.52701
41311	1.52701
41312	1.52701
41313	1.52701
41314	1.52701
41315	1.52701
41316	1.52701
41317	1.52701
41318	1.52701
41319	1.52701
41320	1.52701
41321	1.52701
41322	1.52701
41323	1.52701
41324	1.52701
41325	1.52701
41326	1.52701
41327	1.52701
41328	1.52702
41329	1.52702
41330	1.52702
41331	1.52702
41332	1.52702
41333	1.52702
41334	1.52702
41335	1.52702
41336	1.52703
41337	1.52703
41338	1.52703
41339	1.52703
41340	1.52703
41341	1.52703
41342	1.52704
41343	1.52704
41344	1.52704
41345	1.52704
41346	1.52704
41347	1.52705
41348	1.52705
41349	1.52705
41350	1.52705
41351	1.52706
41352	1.52706
41353	1.52706
41354	1.52706
41355	1.52707
41356	1.52707
41357	1.52707
41358	1.52707
41359	1.52708
41360	1.52708
41361	1.52708
41362	1.52709
41363	1.52709
41364	1.52709
41365	1.5271
41366	1.5271
41367	1.5271
41368	1.5271
41369	1.52711
41370	1.52711
41371	1.52712
41372	1.52712
41373	1.52712
41374	1.52713
41375	1.52713
41376	1.52713
41377	1.52714
41378	1.52714
41379	1.52715
41380	1.52715
41381	1.52715
41382	1.52716
41383	1.52716
41384	1.52717
41385	1.52717
41386	1.52717
41387	1.52718
41388	1.52718
41389	1.52719
41390	1.52719
41391	1.5272
41392	1.5272
41393	1.52721
41394	1.52721
41395	1.52721
41396	1.52722
41397	1.52722
41398	1.52723
41399	1.52723
41400	1.52724
41401	1.52724
41402	1.52725
41403	1.52725
41404	1.52726
41405	1.52726
41406	1.52727
41407	1.52727
41408	1.52728
41409	1.52728
41410	1.52729
41411	1.52729
41412	1.5273
41413	1.5273
41414	1.52731
41415	1.52731
41416	1.52732
41417	1.52732
41418	1.52733
41419	1.52733
41420	1.52734
41421	1.52735
41422	1.52735
41423	1.52736
41424	1.52736
41425	1.52737
41426	1.52737
41427	1.52738
41428	1.52738
41429	1.52739
41430	1.52739
41431	1.5274
41432	1.52741
41433	1.52741
41434	1.52742
41435	1.52742
41436	1.52743
41437	1.52743
41438	1.52744
41439	1.52745
41440	1.52745
41441	1.52746
41442	1.52746
41443	1.52747
41444	1.52747
41445	1.52748
41446	1.52748
41447	1.52749
41448	1.5275
41449	1.5275
41450	1.52751
41451	1.52751
41452	1.52752
41453	1.52752
41454	1.52753
41455	1.52754
41456	1.52754
41457	1.52755
41458	1.52755
41459	1.52756
41460	1.52756
41461	1.52757
41462	1.52758
41463	1.52758
41464	1.52759
41465	1.52759
41466	1.5276
41467	1.5276
41468	1.52761
41469	1.52761
41470	1.52762
41471	1.52763
41472	1.52763
41473	1.52764
41474	1.52764
41475	1.52765
41476	1.52765
41477	1.52766
41478	1.52766
41479	1.52767
41480	1.52767
41481	1.52768
41482	1.52769
41483	1.52769
41484	1.5277
41485	1.5277
41486	1.52771
41487	1.52771
41488	1.52772
41489	1.52772
41490	1.52773
41491	1.52773
41492	1.52774
41493	1.52774
41494	1.52775
41495	1.52775
41496	1.52776
41497	1.52776
41498	1.52777
41499	1.52777
41500	1.52778
41501	1.52778
41502	1.52779
41503	1.52779
41504	1.5278
41505	1.5278
41506	1.52781
41507	1.52781
41508	1.52782
41509	1.52782
41510	1.52783
41511	1.52783
41512	1.52783
41513	1.52784
41514	1.52784
41515	1.52785
41516	1.52785
41517	1.52786
41518	1.52786
41519	1.52787
41520	1.52787
41521	1.52787
41522	1.52788
41523	1.52788
41524	1.52789
41525	1.52789
41526	1.52789
41527	1.5279
41528	1.5279
41529	1.52791
41530	1.52791
41531	1.52791
41532	1.52792
41533	1.52792
41534	1.52793
41535	1.52793
41536	1.52793
41537	1.52794
41538	1.52794
41539	1.52794
41540	1.52795
41541	1.52795
41542	1.52795
41543	1.52796
41544	1.52796
41545	1.52796
41546	1.52797
41547	1.52797
41548	1.52797
41549	1.52798
41550	1.52798
41551	1.52798
41552	1.52799
41553	1.52799
41554	1.52799
41555	1.528
41556	1.528
41557	1.528
41558	1.528
41559	1.52801
41560	1.52801
41561	1.52801
41562	1.52801
41563	1.52802
41564	1.52802
41565	1.52802
41566	1.52802
41567	1.52803
41568	1.52803
41569	1.52803
41570	1.52803
41571	1.52804
41572	1.52804
41573	1.52804
41574	1.52804
41575	1.52804
41576	1.52805
41577	1.52805
41578	1.52805
41579	1.52805
41580	1.52805
41581	1.52806
41582	1.52806
41583	1.52806
41584	1.52806
41585	1.52806
41586	1.52807
41587	1.52807
41588	1.52807
41589	1.52807
41590	1.52807
41591	1.52807
41592	1.52807
41593	1.52808
41594	1.52808
41595	1.52808
41596	1.52808
41597	1.52808
41598	1.52808
41599	1.52808
41600	1.52808
41601	1.52809
41602	1.52809
41603	1.52809
41604	1.52809
41605	1.52809
41606	1.52809
41607	1.52809
41608	1.52809
41609	1.52809
41610	1.52809
41611	1.52809
41612	1.52809
41613	1.5281
41614	1.5281
41615	1.5281
41616	1.5281
41617	1.5281
41618	1.5281
41619	1.5281
41620	1.5281
41621	1.5281
41622	1.5281
41623	1.5281
41624	1.5281
41625	1.5281
41626	1.5281
41627	1.5281
41628	1.5281
41629	1.5281
41630	1.5281
41631	1.5281
41632	1.5281
41633	1.5281
41634	1.5281
41635	1.5281
41636	1.5281
41637	1.5281
41638	1.5281
41639	1.5281
41640	1.5281
41641	1.5281
41642	1.5281
41643	1.5281
41644	1.5281
41645	1.5281
41646	1.5281
41647	1.5281
41648	1.5281
41649	1.5281
41650	1.5281
41651	1.5281
41652	1.52809
41653	1.52809
41654	1.52809
41655	1.52809
41656	1.52809
41657	1.52809
41658	1.52809
41659	1.52809
41660	1.52809
41661	1.52809
41662	1.52809
41663	1.52809
41664	1.52809
41665	1.52809
41666	1.52808
41667	1.52808
41668	1.52808
41669	1.52808
41670	1.52808
41671	1.52808
41672	1.52808
41673	1.52808
41674	1.52808
41675	1.52808
41676	1.52807
41677	1.52807
41678	1.52807
41679	1.52807
41680	1.52807
41681	1.52807
41682	1.52807
41683	1.52807
41684	1.52807
41685	1.52806
41686	1.52806
41687	1.52806
41688	1.52806
41689	1.52806
41690	1.52806
41691	1.52806
41692	1.52806
41693	1.52805
41694	1.52805
41695	1.52805
41696	1.52805
41697	1.52805
41698	1.52805
41699	1.52805
41700	1.52804
41701	1.52804
41702	1.52804
41703	1.52804
41704	1.52804
41705	1.52804
41706	1.52804
41707	1.52803
41708	1.52803
41709	1.52803
41710	1.52803
41711	1.52803
41712	1.52803
41713	1.52802
41714	1.52802
41715	1.52802
41716	1.52802
41717	1.52802
41718	1.52802
41719	1.52802
41720	1.52801
41721	1.52801
41722	1.52801
41723	1.52801
41724	1.52801
41725	1.52801
41726	1.528
41727	1.528
41728	1.528
41729	1.528
41730	1.528
41731	1.528
41732	1.52799
41733	1.52799
41734	1.52799
41735	1.52799
41736	1.52799
41737	1.52799
41738	1.52798
41739	1.52798
41740	1.52798
41741	1.52798
41742	1.52798
41743	1.52798
41744	1.52797
41745	1.52797
41746	1.52797
41747	1.52797
41748	1.52797
41749	1.52797
41750	1.52796
41751	1.52796
41752	1.52796
41753	1.52796
41754	1.52796
41755	1.52796
41756	1.52795
41757	1.52795
41758	1.52795
41759	1.52795
41760	1.52795
41761	1.52794
41762	1.52794
41763	1.52794
41764	1.52794
41765	1.52794
41766	1.52794
41767	1.52793
41768	1.52793
41769	1.52793
41770	1.52793
41771	1.52793
41772	1.52793
41773	1.52792
41774	1.52792
41775	1.52792
41776	1.52792
41777	1.52792
41778	1.52792
41779	1.52791
41780	1.52791
41781	1.52791
41782	1.52791
41783	1.52791
41784	1.52791
41785	1.5279
41786	1.5279
41787	1.5279
41788	1.5279
41789	1.5279
41790	1.5279
41791	1.52789
41792	1.52789
41793	1.52789
41794	1.52789
41795	1.52789
41796	1.52789
41797	1.52789
41798	1.52788
41799	1.52788
41800	1.52788
41801	1.52788
41802	1.52788
41803	1.52788
41804	1.52787
41805	1.52787
41806	1.52787
41807	1.52787
41808	1.52787
41809	1.52787
41810	1.52787
41811	1.52786
41812	1.52786
41813	1.52786
41814	1.52786
41815	1.52786
41816	1.52786
41817	1.52785
41818	1.52785
41819	1.52785
41820	1.52785
41821	1.52785
41822	1.52785
41823	1.52785
41824	1.52784
41825	1.52784
41826	1.52784
41827	1.52784
41828	1.52784
41829	1.52784
41830	1.52784
41831	1.52783
41832	1.52783
41833	1.52783
41834	1.52783
41835	1.52783
41836	1.52783
41837	1.52783
41838	1.52783
41839	1.52782
41840	1.52782
41841	1.52782
41842	1.52782
41843	1.52782
41844	1.52782
41845	1.52782
41846	1.52781
41847	1.52781
41848	1.52781
41849	1.52781
41850	1.52781
41851	1.52781
41852	1.52781
41853	1.52781
41854	1.5278
41855	1.5278
41856	1.5278
41857	1.5278
41858	1.5278
41859	1.5278
41860	1.5278
41861	1.5278
41862	1.52779
41863	1.52779
41864	1.52779
41865	1.52779
41866	1.52779
41867	1.52779
41868	1.52779
41869	1.52779
41870	1.52779
41871	1.52778
41872	1.52778
41873	1.52778
41874	1.52778
41875	1.52778
41876	1.52778
41877	1.52778
41878	1.52778
41879	1.52778
41880	1.52777
41881	1.52777
41882	1.52777
41883	1.52777
41884	1.52777
41885	1.52777
41886	1.52777
41887	1.52777
41888	1.52777
41889	1.52777
41890	1.52776
41891	1.52776
41892	1.52776
41893	1.52776
41894	1.52776
41895	1.52776
41896	1.52776
41897	1.52776
41898	1.52776
41899	1.52776
41900	1.52775
41901	1.52775
41902	1.52775
41903	1.52775
41904	1.52775
41905	1.52775
41906	1.52775
41907	1.52775
41908	1.52775
41909	1.52775
41910	1.52775
41911	1.52774
41912	1.52774
41913	1.52774
41914	1.52774
41915	1.52774
41916	1.52774
41917	1.52774
41918	1.52774
41919	1.52774
41920	1.52774
41921	1.52774
41922	1.52774
41923	1.52773
41924	1.52773
41925	1.52773
41926	1.52773
41927	1.52773
41928	1.52773
41929	1.52773
41930	1.52773
41931	1.52773
41932	1.52773
41933	1.52773
41934	1.52773
41935	1.52773
41936	1.52772
41937	1.52772
41938	1.52772
41939	1.52772
41940	1.52772
41941	1.52772
41942	1.52772
41943	1.52772
41944	1.52772
41945	1.52772
41946	1.52772
41947	1.52772
41948	1.52772
41949	1.52772
41950	1.52771
41951	1.52771
41952	1.52771
41953	1.52771
41954	1.52771
41955	1.52771
41956	1.52771
41957	1.52771
41958	1.52771
41959	1.52771
41960	1.52771
41961	1.52771
41962	1.52771
41963	1.52771
41964	1.5277
41965	1.5277
41966	1.5277
41967	1.5277
41968	1.5277
41969	1.5277
41970	1.5277
41971	1.5277
41972	1.5277
41973	1.5277
41974	1.5277
41975	1.5277
41976	1.5277
41977	1.5277
41978	1.5277
41979	1.5277
41980	1.5277
41981	1.52769
41982	1.52769
41983	1.52769
41984	1.52769
41985	1.52769
41986	1.52769
41987	1.52769
41988	1.52769
41989	1.52769
41990	1.52769
41991	1.52769
41992	1.52769
41993	1.52769
41994	1.52769
41995	1.52769
41996	1.52769
41997	1.52769
41998	1.52769
41999	1.52769
42000	1.52768
42001	1.52768
42002	1.52768
42003	1.52768
42004	1.52768
42005	1.52768
42006	1.52768
42007	1.52768
42008	1.52768
42009	1.52768
42010	1.52768
42011	1.52768
42012	1.52768
42013	1.52768
42014	1.52768
42015	1.52768
42016	1.52768
42017	1.52768
42018	1.52768
42019	1.52768
42020	1.52768
42021	1.52767
42022	1.52767
42023	1.52767
42024	1.52767
42025	1.52767
42026	1.52767
42027	1.52767
42028	1.52767
42029	1.52767
42030	1.52767
42031	1.52767
42032	1.52767
42033	1.52767
42034	1.52767
42035	1.52767
42036	1.52767
42037	1.52767
42038	1.52767
42039	1.52767
42040	1.52767
42041	1.52767
42042	1.52767
42043	1.52767
42044	1.52767
42045	1.52767
42046	1.52767
42047	1.52767
42048	1.52767
42049	1.52767
42050	1.52767
42051	1.52767
42052	1.52766
42053	1.52766
42054	1.52766
42055	1.52766
42056	1.52766
42057	1.52766
42058	1.52766
42059	1.52766
42060	1.52766
42061	1.52766
42062	1.52766
42063	1.52766
42064	1.52766
42065	1.52766
42066	1.52766
42067	1.52766
42068	1.52766
42069	1.52766
42070	1.52766
42071	1.52766
42072	1.52766
42073	1.52766
42074	1.52766
42075	1.52766
42076	1.52766
42077	1.52766
42078	1.52766
42079	1.52766
42080	1.52766
42081	1.52766
42082	1.52766
42083	1.52766
42084	1.52766
42085	1.52766
42086	1.52766
42087	1.52766
42088	1.52766
42089	1.52766
42090	1.52766
42091	1.52766
42092	1.52766
42093	1.52766
42094	1.52766
42095	1.52766
42096	1.52766
42097	1.52766
42098	1.52766
42099	1.52766
42100	1.52766
42101	1.52766
42102	1.52766
42103	1.52767
42104	1.52767
42105	1.52767
42106	1.52767
42107	1.52767
42108	1.52767
42109	1.52767
42110	1.52767
42111	1.52767
42112	1.52767
42113	1.52767
42114	1.52767
42115	1.52767
42116	1.52767
42117	1.52767
42118	1.52767
42119	1.52767
42120	1.52767
42121	1.52767
42122	1.52767
42123	1.52767
42124	1.52767
42125	1.52768
42126	1.52768
42127	1.52768
42128	1.52768
42129	1.52768
42130	1.52768
42131	1.52768
42132	1.52768
42133	1.52768
42134	1.52768
42135	1.52768
42136	1.52768
42137	1.52768
42138	1.52769
42139	1.52769
42140	1.52769
42141	1.52769
42142	1.52769
42143	1.52769
42144	1.52769
42145	1.52769
42146	1.52769
42147	1.52769
42148	1.5277
42149	1.5277
42150	1.5277
42151	1.5277
42152	1.5277
42153	1.5277
42154	1.5277
42155	1.5277
42156	1.52771
42157	1.52771
42158	1.52771
42159	1.52771
42160	1.52771
42161	1.52771
42162	1.52771
42163	1.52772
42164	1.52772
42165	1.52772
42166	1.52772
42167	1.52772
42168	1.52772
42169	1.52772
42170	1.52773
42171	1.52773
42172	1.52773
42173	1.52773
42174	1.52773
42175	1.52774
42176	1.52774
42177	1.52774
42178	1.52774
42179	1.52774
42180	1.52774
42181	1.52775
42182	1.52775
42183	1.52775
42184	1.52775
42185	1.52775
42186	1.52776
42187	1.52776
42188	1.52776
42189	1.52776
42190	1.52776
42191	1.52777
42192	1.52777
42193	1.52777
42194	1.52777
42195	1.52778
42196	1.52778
42197	1.52778
42198	1.52778
42199	1.52779
42200	1.52779
42201	1.52779
42202	1.52779
42203	1.5278
42204	1.5278
42205	1.5278
42206	1.5278
42207	1.52781
42208	1.52781
42209	1.52781
42210	1.52781
42211	1.52782
42212	1.52782
42213	1.52782
42214	1.52783
42215	1.52783
42216	1.52783
42217	1.52783
42218	1.52784
42219	1.52784
42220	1.52784
42221	1.52785
42222	1.52785
42223	1.52785
42224	1.52786
42225	1.52786
42226	1.52786
42227	1.52786
42228	1.52787
42229	1.52787
42230	1.52787
42231	1.52788
42232	1.52788
42233	1.52788
42234	1.52789
42235	1.52789
42236	1.52789
42237	1.5279
42238	1.5279
42239	1.52791
42240	1.52791
42241	1.52791
42242	1.52792
42243	1.52792
42244	1.52792
42245	1.52793
42246	1.52793
42247	1.52793
42248	1.52794
42249	1.52794
42250	1.52794
42251	1.52795
42252	1.52795
42253	1.52796
42254	1.52796
42255	1.52796
42256	1.52797
42257	1.52797
42258	1.52798
42259	1.52798
42260	1.52798
42261	1.52799
42262	1.52799
42263	1.528
42264	1.528
42265	1.528
42266	1.52801
42267	1.52801
42268	1.52802
42269	1.52802
42270	1.52802
42271	1.52803
42272	1.52803
42273	1.52804
42274	1.52804
42275	1.52804
42276	1.52805
42277	1.52805
42278	1.52806
42279	1.52806
42280	1.52806
42281	1.52807
42282	1.52807
42283	1.52808
42284	1.52808
42285	1.52809
42286	1.52809
42287	1.52809
42288	1.5281
42289	1.5281
42290	1.52811
42291	1.52811
42292	1.52812
42293	1.52812
42294	1.52812
42295	1.52813
42296	1.52813
42297	1.52814
42298	1.52814
42299	1.52815
42300	1.52815
42301	1.52815
42302	1.52816
42303	1.52816
42304	1.52817
42305	1.52817
42306	1.52818
42307	1.52818
42308	1.52818
42309	1.52819
42310	1.52819
42311	1.5282
42312	1.5282
42313	1.5282
42314	1.52821
42315	1.52821
42316	1.52822
42317	1.52822
42318	1.52823
42319	1.52823
42320	1.52823
42321	1.52824
42322	1.52824
42323	1.52825
42324	1.52825
42325	1.52825
42326	1.52826
42327	1.52826
42328	1.52827
42329	1.52827
42330	1.52827
42331	1.52828
42332	1.52828
42333	1.52828
42334	1.52829
42335	1.52829
42336	1.5283
42337	1.5283
42338	1.5283
42339	1.52831
42340	1.52831
42341	1.52831
42342	1.52832
42343	1.52832
42344	1.52833
42345	1.52833
42346	1.52833
42347	1.52834
42348	1.52834
42349	1.52834
42350	1.52835
42351	1.52835
42352	1.52835
42353	1.52836
42354	1.52836
42355	1.52836
42356	1.52837
42357	1.52837
42358	1.52837
42359	1.52838
42360	1.52838
42361	1.52838
42362	1.52838
42363	1.52839
42364	1.52839
42365	1.52839
42366	1.5284
42367	1.5284
42368	1.5284
42369	1.5284
42370	1.52841
42371	1.52841
42372	1.52841
42373	1.52841
42374	1.52842
42375	1.52842
42376	1.52842
42377	1.52842
42378	1.52842
42379	1.52843
42380	1.52843
42381	1.52843
42382	1.52843
42383	1.52844
42384	1.52844
42385	1.52844
42386	1.52844
42387	1.52844
42388	1.52844
42389	1.52845
42390	1.52845
42391	1.52845
42392	1.52845
42393	1.52845
42394	1.52845
42395	1.52845
42396	1.52846
42397	1.52846
42398	1.52846
42399	1.52846
42400	1.52846
42401	1.52846
42402	1.52846
42403	1.52846
42404	1.52846
42405	1.52847
42406	1.52847
42407	1.52847
42408	1.52847
42409	1.52847
42410	1.52847
42411	1.52847
42412	1.52847
42413	1.52847
42414	1.52847
42415	1.52847
42416	1.52847
42417	1.52847
42418	1.52847
42419	1.52847
42420	1.52847
42421	1.52847
42422	1.52847
42423	1.52847
42424	1.52847
42425	1.52847
42426	1.52847
42427	1.52847
42428	1.52847
42429	1.52847
42430	1.52846
42431	1.52846
42432	1.52846
42433	1.52846
42434	1.52846
42435	1.52846
42436	1.52846
42437	1.52846
42438	1.52846
42439	1.52846
42440	1.52845
42441	1.52845
42442	1.52845
42443	1.52845
42444	1.52845
42445	1.52845
42446	1.52844
42447	1.52844
42448	1.52844
42449	1.52844
42450	1.52844
42451	1.52844
42452	1.52843
42453	1.52843
42454	1.52843
42455	1.52843
42456	1.52842
42457	1.52842
42458	1.52842
42459	1.52842
42460	1.52841
42461	1.52841
42462	1.52841
42463	1.52841
42464	1.5284
42465	1.5284
42466	1.5284
42467	1.5284
42468	1.52839
42469	1.52839
42470	1.52839
42471	1.52838
42472	1.52838
42473	1.52838
42474	1.52837
42475	1.52837
42476	1.52837
42477	1.52836
42478	1.52836
42479	1.52836
42480	1.52835
42481	1.52835
42482	1.52835
42483	1.52834
42484	1.52834
42485	1.52833
42486	1.52833
42487	1.52833
42488	1.52832
42489	1.52832
42490	1.52831
42491	1.52831
42492	1.52831
42493	1.5283
42494	1.5283
42495	1.52829
42496	1.52829
42497	1.52828
42498	1.52828
42499	1.52828
42500	1.52827
42501	1.52827
42502	1.52826
42503	1.52826
42504	1.52825
42505	1.52825
42506	1.52824
42507	1.52824
42508	1.52823
42509	1.52823
42510	1.52823
42511	1.52822
42512	1.52822
42513	1.52821
42514	1.52821
42515	1.5282
42516	1.5282
42517	1.52819
42518	1.52819
42519	1.52818
42520	1.52818
42521	1.52817
42522	1.52817
42523	1.52816
42524	1.52815
42525	1.52815
42526	1.52814
42527	1.52814
42528	1.52813
42529	1.52813
42530	1.52812
42531	1.52812
42532	1.52811
42533	1.52811
42534	1.5281
42535	1.5281
42536	1.52809
42537	1.52809
42538	1.52808
42539	1.52807
42540	1.52807
42541	1.52806
42542	1.52806
42543	1.52805
42544	1.52805
42545	1.52804
42546	1.52804
42547	1.52803
42548	1.52803
42549	1.52802
42550	1.52801
42551	1.52801
42552	1.528
42553	1.528
42554	1.52799
42555	1.52799
42556	1.52798
42557	1.52798
42558	1.52797
42559	1.52796
42560	1.52796
42561	1.52795
42562	1.52795
42563	1.52794
42564	1.52794
42565	1.52793
42566	1.52792
42567	1.52792
42568	1.52791
42569	1.52791
42570	1.5279
42571	1.5279
42572	1.52789
42573	1.52789
42574	1.52788
42575	1.52788
42576	1.52787
42577	1.52786
42578	1.52786
42579	1.52785
42580	1.52785
42581	1.52784
42582	1.52784
42583	1.52783
42584	1.52783
42585	1.52782
42586	1.52782
42587	1.52781
42588	1.52781
42589	1.5278
42590	1.52779
42591	1.52779
42592	1.52778
42593	1.52778
42594	1.52777
42595	1.52777
42596	1.52776
42597	1.52776
42598	1.52775
42599	1.52775
42600	1.52774
42601	1.52774
42602	1.52773
42603	1.52773
42604	1.52772
42605	1.52772
42606	1.52771
42607	1.52771
42608	1.5277
42609	1.5277
42610	1.52769
42611	1.52769
42612	1.52768
42613	1.52768
42614	1.52767
42615	1.52767
42616	1.52767
42617	1.52766
42618	1.52766
42619	1.52765
42620	1.52765
42621	1.52764
42622	1.52764
42623	1.52763
42624	1.52763
42625	1.52763
42626	1.52762
42627	1.52762
42628	1.52761
42629	1.52761
42630	1.5276
42631	1.5276
42632	1.5276
42633	1.52759
42634	1.52759
42635	1.52758
42636	1.52758
42637	1.52758
42638	1.52757
42639	1.52757
42640	1.52756
42641	1.52756
42642	1.52756
42643	1.52755
42644	1.52755
42645	1.52755
42646	1.52754
42647	1.52754
42648	1.52753
42649	1.52753
42650	1.52753
42651	1.52752
42652	1.52752
42653	1.52752
42654	1.52751
42655	1.52751
42656	1.52751
42657	1.52751
42658	1.5275
42659	1.5275
42660	1.5275
42661	1.52749
42662	1.52749
42663	1.52749
42664	1.52748
42665	1.52748
42666	1.52748
42667	1.52748
42668	1.52747
42669	1.52747
42670	1.52747
42671	1.52746
42672	1.52746
42673	1.52746
42674	1.52746
42675	1.52745
42676	1.52745
42677	1.52745
42678	1.52745
42679	1.52745
42680	1.52744
42681	1.52744
42682	1.52744
42683	1.52744
42684	1.52743
42685	1.52743
42686	1.52743
42687	1.52743
42688	1.52743
42689	1.52742
42690	1.52742
42691	1.52742
42692	1.52742
42693	1.52742
42694	1.52742
42695	1.52741
42696	1.52741
42697	1.52741
42698	1.52741
42699	1.52741
42700	1.52741
42701	1.52741
42702	1.5274
42703	1.5274
42704	1.5274
42705	1.5274
42706	1.5274
42707	1.5274
42708	1.5274
42709	1.5274
42710	1.52739
42711	1.52739
42712	1.52739
42713	1.52739
42714	1.52739
42715	1.52739
42716	1.52739
42717	1.52739
42718	1.52739
42719	1.52739
42720	1.52739
42721	1.52738
42722	1.52738
42723	1.52738
42724	1.52738
42725	1.52738
42726	1.52738
42727	1.52738
42728	1.52738
42729	1.52738
42730	1.52738
42731	1.52738
42732	1.52738
42733	1.52738
42734	1.52738
42735	1.52738
42736	1.52738
42737	1.52738
42738	1.52738
42739	1.52738
42740	1.52738
42741	1.52738
42742	1.52738
42743	1.52738
42744	1.52738
42745	1.52738
42746	1.52738
42747	1.52738
42748	1.52738
42749	1.52738
42750	1.52738
42751	1.52738
42752	1.52738
42753	1.52738
42754	1.52738
42755	1.52738
42756	1.52738
42757	1.52738
42758	1.52738
42759	1.52738
42760	1.52738
42761	1.52738
42762	1.52739
42763	1.52739
42764	1.52739
42765	1.52739
42766	1.52739
42767	1.52739
42768	1.52739
42769	1.52739
42770	1.52739
42771	1.52739
42772	1.52739
42773	1.52739
42774	1.52739
42775	1.52739
42776	1.5274
42777	1.5274
42778	1.5274
42779	1.5274
42780	1.5274
42781	1.5274
42782	1.5274
42783	1.5274
42784	1.5274
42785	1.5274
42786	1.52741
42787	1.52741
42788	1.52741
42789	1.52741
42790	1.52741
42791	1.52741
42792	1.52741
42793	1.52741
42794	1.52742
42795	1.52742
42796	1.52742
42797	1.52742
42798	1.52742
42799	1.52742
42800	1.52742
42801	1.52742
42802	1.52743
42803	1.52743
42804	1.52743
42805	1.52743
42806	1.52743
42807	1.52743
42808	1.52743
42809	1.52744
42810	1.52744
42811	1.52744
42812	1.52744
42813	1.52744
42814	1.52744
42815	1.52745
42816	1.52745
42817	1.52745
42818	1.52745
42819	1.52745
42820	1.52745
42821	1.52745
42822	1.52746
42823	1.52746
42824	1.52746
42825	1.52746
42826	1.52746
42827	1.52746
42828	1.52747
42829	1.52747
42830	1.52747
42831	1.52747
42832	1.52747
42833	1.52748
42834	1.52748
42835	1.52748
42836	1.52748
42837	1.52748
42838	1.52748
42839	1.52749
42840	1.52749
42841	1.52749
42842	1.52749
42843	1.52749
42844	1.52749
42845	1.5275
42846	1.5275
42847	1.5275
42848	1.5275
42849	1.5275
42850	1.52751
42851	1.52751
42852	1.52751
42853	1.52751
42854	1.52751
42855	1.52751
42856	1.52752
42857	1.52752
42858	1.52752
42859	1.52752
42860	1.52752
42861	1.52753
42862	1.52753
42863	1.52753
42864	1.52753
42865	1.52753
42866	1.52753
42867	1.52754
42868	1.52754
42869	1.52754
42870	1.52754
42871	1.52754
42872	1.52755
42873	1.52755
42874	1.52755
42875	1.52755
42876	1.52755
42877	1.52756
42878	1.52756
42879	1.52756
42880	1.52756
42881	1.52756
42882	1.52756
42883	1.52757
42884	1.52757
42885	1.52757
42886	1.52757
42887	1.52757
42888	1.52758
42889	1.52758
42890	1.52758
42891	1.52758
42892	1.52758
42893	1.52758
42894	1.52759
42895	1.52759
42896	1.52759
42897	1.52759
42898	1.52759
42899	1.5276
42900	1.5276
42901	1.5276
42902	1.5276
42903	1.5276
42904	1.5276
42905	1.52761
42906	1.52761
42907	1.52761
42908	1.52761
42909	1.52761
42910	1.52762
42911	1.52762
42912	1.52762
42913	1.52762
42914	1.52762
42915	1.52762
42916	1.52763
42917	1.52763
42918	1.52763
42919	1.52763
42920	1.52763
42921	1.52763
42922	1.52764
42923	1.52764
42924	1.52764
42925	1.52764
42926	1.52764
42927	1.52765
42928	1.52765
42929	1.52765
42930	1.52765
42931	1.52765
42932	1.52765
42933	1.52766
42934	1.52766
42935	1.52766
42936	1.52766
42937	1.52766
42938	1.52766
42939	1.52767
42940	1.52767
42941	1.52767
42942	1.52767
42943	1.52767
42944	1.52767
42945	1.52767
42946	1.52768
42947	1.52768
42948	1.52768
42949	1.52768
42950	1.52768
42951	1.52768
42952	1.52769
42953	1.52769
42954	1.52769
42955	1.52769
42956	1.52769
42957	1.52769
42958	1.5277
42959	1.5277
42960	1.5277
42961	1.5277
42962	1.5277
42963	1.5277
42964	1.5277
42965	1.52771
42966	1.52771
42967	1.52771
42968	1.52771
42969	1.52771
42970	1.52771
42971	1.52771
42972	1.52772
42973	1.52772
42974	1.52772
42975	1.52772
42976	1.52772
42977	1.52772
42978	1.52772
42979	1.52773
42980	1.52773
42981	1.52773
42982	1.52773
42983	1.52773
42984	1.52773
42985	1.52773
42986	1.52774
42987	1.52774
42988	1.52774
42989	1.52774
42990	1.52774
42991	1.52774
42992	1.52774
42993	1.52775
42994	1.52775
42995	1.52775
42996	1.52775
42997	1.52775
42998	1.52775
42999	1.52775
43000	1.52775
43001	1.52776
43002	1.52776
43003	1.52776
43004	1.52776
43005	1.52776
43006	1.52776
43007	1.52776
43008	1.52776
43009	1.52777
43010	1.52777
43011	1.52777
43012	1.52777
43013	1.52777
43014	1.52777
43015	1.52777
43016	1.52777
43017	1.52777
43018	1.52778
43019	1.52778
43020	1.52778
43021	1.52778
43022	1.52778
43023	1.52778
43024	1.52778
43025	1.52778
43026	1.52778
43027	1.52779
43028	1.52779
43029	1.52779
43030	1.52779
43031	1.52779
43032	1.52779
43033	1.52779
43034	1.52779
43035	1.52779
43036	1.52779
43037	1.5278
43038	1.5278
43039	1.5278
43040	1.5278
43041	1.5278
43042	1.5278
43043	1.5278
43044	1.5278
43045	1.5278
43046	1.5278
43047	1.52781
43048	1.52781
43049	1.52781
43050	1.52781
43051	1.52781
43052	1.52781
43053	1.52781
43054	1.52781
43055	1.52781
43056	1.52781
43057	1.52781
43058	1.52782
43059	1.52782
43060	1.52782
43061	1.52782
43062	1.52782
43063	1.52782
43064	1.52782
43065	1.52782
43066	1.52782
43067	1.52782
43068	1.52782
43069	1.52782
43070	1.52782
43071	1.52783
43072	1.52783
43073	1.52783
43074	1.52783
43075	1.52783
43076	1.52783
43077	1.52783
43078	1.52783
43079	1.52783
43080	1.52783
43081	1.52783
43082	1.52783
43083	1.52783
43084	1.52783
43085	1.52783
43086	1.52784
43087	1.52784
43088	1.52784
43089	1.52784
43090	1.52784
43091	1.52784
43092	1.52784
43093	1.52784
43094	1.52784
43095	1.52784
43096	1.52784
43097	1.52784
43098	1.52784
43099	1.52784
43100	1.52784
43101	1.52784
43102	1.52784
43103	1.52784
43104	1.52784
43105	1.52784
43106	1.52784
43107	1.52785
43108	1.52785
43109	1.52785
43110	1.52785
43111	1.52785
43112	1.52785
43113	1.52785
43114	1.52785
43115	1.52785
43116	1.52785
43117	1.52785
43118	1.52785
43119	1.52785
43120	1.52785
43121	1.52785
43122	1.52785
43123	1.52785
43124	1.52785
43125	1.52785
43126	1.52785
43127	1.52785
43128	1.52785
43129	1.52785
43130	1.52785
43131	1.52785
43132	1.52785
43133	1.52785
43134	1.52785
43135	1.52785
43136	1.52785
43137	1.52785
43138	1.52785
43139	1.52785
43140	1.52785
43141	1.52785
43142	1.52785
43143	1.52785
43144	1.52785
43145	1.52785
43146	1.52785
43147	1.52785
43148	1.52785
43149	1.52785
43150	1.52785
43151	1.52785
43152	1.52785
43153	1.52785
43154	1.52785
43155	1.52785
43156	1.52785
43157	1.52785
43158	1.52785
43159	1.52785
43160	1.52785
43161	1.52785
43162	1.52785
43163	1.52785
43164	1.52785
43165	1.52785
43166	1.52785
43167	1.52785
43168	1.52785
43169	1.52784
43170	1.52784
43171	1.52784
43172	1.52784
43173	1.52784
43174	1.52784
43175	1.52784
43176	1.52784
43177	1.52784
43178	1.52784
43179	1.52784
43180	1.52784
43181	1.52784
43182	1.52784
43183	1.52784
43184	1.52784
43185	1.52784
43186	1.52783
43187	1.52783
43188	1.52783
43189	1.52783
43190	1.52783
43191	1.52783
43192	1.52783
43193	1.52783
43194	1.52783
43195	1.52783
43196	1.52783
43197	1.52783
43198	1.52782
43199	1.52782
43200	1.52782
43201	1.52782
43202	1.52782
43203	1.52782
43204	1.52782
43205	1.52782
43206	1.52782
43207	1.52782
43208	1.52781
43209	1.52781
43210	1.52781
43211	1.52781
43212	1.52781
43213	1.52781
43214	1.52781
43215	1.52781
43216	1.5278
43217	1.5278
43218	1.5278
43219	1.5278
43220	1.5278
43221	1.5278
43222	1.5278
43223	1.52779
43224	1.52779
43225	1.52779
43226	1.52779
43227	1.52779
43228	1.52779
43229	1.52779
43230	1.52778
43231	1.52778
43232	1.52778
43233	1.52778
43234	1.52778
43235	1.52778
43236	1.52777
43237	1.52777
43238	1.52777
43239	1.52777
43240	1.52777
43241	1.52777
43242	1.52776
43243	1.52776
43244	1.52776
43245	1.52776
43246	1.52776
43247	1.52775
43248	1.52775
43249	1.52775
43250	1.52775
43251	1.52775
43252	1.52774
43253	1.52774
43254	1.52774
43255	1.52774
43256	1.52774
43257	1.52773
43258	1.52773
43259	1.52773
43260	1.52773
43261	1.52772
43262	1.52772
43263	1.52772
43264	1.52772
43265	1.52772
43266	1.52771
43267	1.52771
43268	1.52771
43269	1.52771
43270	1.5277
43271	1.5277
43272	1.5277
43273	1.5277
43274	1.52769
43275	1.52769
43276	1.52769
43277	1.52769
43278	1.52768
43279	1.52768
43280	1.52768
43281	1.52768
43282	1.52767
43283	1.52767
43284	1.52767
43285	1.52766
43286	1.52766
43287	1.52766
43288	1.52766
43289	1.52765
43290	1.52765
43291	1.52765
43292	1.52765
43293	1.52764
43294	1.52764
43295	1.52764
43296	1.52763
43297	1.52763
43298	1.52763
43299	1.52762
43300	1.52762
43301	1.52762
43302	1.52762
43303	1.52761
43304	1.52761
43305	1.52761
43306	1.5276
43307	1.5276
43308	1.5276
43309	1.52759
43310	1.52759
43311	1.52759
43312	1.52758
43313	1.52758
43314	1.52758
43315	1.52758
43316	1.52757
43317	1.52757
43318	1.52757
43319	1.52756
43320	1.52756
43321	1.52756
43322	1.52755
43323	1.52755
43324	1.52755
43325	1.52754
43326	1.52754
43327	1.52754
43328	1.52753
43329	1.52753
43330	1.52753
43331	1.52752
43332	1.52752
43333	1.52752
43334	1.52751
43335	1.52751
43336	1.5275
43337	1.5275
43338	1.5275
43339	1.52749
43340	1.52749
43341	1.52749
43342	1.52748
43343	1.52748
43344	1.52748
43345	1.52747
43346	1.52747
43347	1.52747
43348	1.52746
43349	1.52746
43350	1.52746
43351	1.52745
43352	1.52745
43353	1.52744
43354	1.52744
43355	1.52744
43356	1.52743
43357	1.52743
43358	1.52743
43359	1.52742
43360	1.52742
43361	1.52742
43362	1.52741
43363	1.52741
43364	1.5274
43365	1.5274
43366	1.5274
43367	1.52739
43368	1.52739
43369	1.52739
43370	1.52738
43371	1.52738
43372	1.52738
43373	1.52737
43374	1.52737
43375	1.52737
43376	1.52736
43377	1.52736
43378	1.52735
43379	1.52735
43380	1.52735
43381	1.52734
43382	1.52734
43383	1.52734
43384	1.52733
43385	1.52733
43386	1.52733
43387	1.52732
43388	1.52732
43389	1.52732
43390	1.52731
43391	1.52731
43392	1.52731
43393	1.5273
43394	1.5273
43395	1.5273
43396	1.52729
43397	1.52729
43398	1.52729
43399	1.52728
43400	1.52728
43401	1.52728
43402	1.52727
43403	1.52727
43404	1.52727
43405	1.52726
43406	1.52726
43407	1.52726
43408	1.52725
43409	1.52725
43410	1.52725
43411	1.52724
43412	1.52724
43413	1.52724
43414	1.52723
43415	1.52723
43416	1.52723
43417	1.52722
43418	1.52722
43419	1.52722
43420	1.52722
43421	1.52721
43422	1.52721
43423	1.52721
43424	1.5272
43425	1.5272
43426	1.5272
43427	1.5272
43428	1.52719
43429	1.52719
43430	1.52719
43431	1.52719
43432	1.52718
43433	1.52718
43434	1.52718
43435	1.52718
43436	1.52717
43437	1.52717
43438	1.52717
43439	1.52717
43440	1.52716
43441	1.52716
43442	1.52716
43443	1.52716
43444	1.52715
43445	1.52715
43446	1.52715
43447	1.52715
43448	1.52715
43449	1.52714
43450	1.52714
43451	1.52714
43452	1.52714
43453	1.52714
43454	1.52713
43455	1.52713
43456	1.52713
43457	1.52713
43458	1.52713
43459	1.52713
43460	1.52712
43461	1.52712
43462	1.52712
43463	1.52712
43464	1.52712
43465	1.52712
43466	1.52712
43467	1.52711
43468	1.52711
43469	1.52711
43470	1.52711
43471	1.52711
43472	1.52711
43473	1.52711
43474	1.52711
43475	1.52711
43476	1.52711
43477	1.5271
43478	1.5271
43479	1.5271
43480	1.5271
43481	1.5271
43482	1.5271
43483	1.5271
43484	1.5271
43485	1.5271
43486	1.5271
43487	1.5271
43488	1.5271
43489	1.5271
43490	1.5271
43491	1.5271
43492	1.5271
43493	1.5271
43494	1.5271
43495	1.5271
43496	1.5271
43497	1.5271
43498	1.5271
43499	1.5271
43500	1.5271
43501	1.5271
43502	1.5271
43503	1.5271
43504	1.5271
43505	1.5271
43506	1.5271
43507	1.5271
43508	1.5271
43509	1.5271
43510	1.52711
43511	1.52711
43512	1.52711
43513	1.52711
43514	1.52711
43515	1.52711
43516	1.52711
43517	1.52711
43518	1.52711
43519	1.52712
43520	1.52712
43521	1.52712
43522	1.52712
43523	1.52712
43524	1.52712
43525	1.52713
43526	1.52713
43527	1.52713
43528	1.52713
43529	1.52713
43530	1.52713
43531	1.52714
43532	1.52714
43533	1.52714
43534	1.52714
43535	1.52714
43536	1.52715
43537	1.52715
43538	1.52715
43539	1.52715
43540	1.52716
43541	1.52716
43542	1.52716
43543	1.52716
43544	1.52717
43545	1.52717
43546	1.52717
43547	1.52717
43548	1.52718
43549	1.52718
43550	1.52718
43551	1.52719
43552	1.52719
43553	1.52719
43554	1.5272
43555	1.5272
43556	1.5272
43557	1.52721
43558	1.52721
43559	1.52721
43560	1.52722
43561	1.52722
43562	1.52722
43563	1.52723
43564	1.52723
43565	1.52723
43566	1.52724
43567	1.52724
43568	1.52724
43569	1.52725
43570	1.52725
43571	1.52726
43572	1.52726
43573	1.52726
43574	1.52727
43575	1.52727
43576	1.52728
43577	1.52728
43578	1.52729
43579	1.52729
43580	1.52729
43581	1.5273
43582	1.5273
43583	1.52731
43584	1.52731
43585	1.52732
43586	1.52732
43587	1.52732
43588	1.52733
43589	1.52733
43590	1.52734
43591	1.52734
43592	1.52735
43593	1.52735
43594	1.52736
43595	1.52736
43596	1.52737
43597	1.52737
43598	1.52738
43599	1.52738
43600	1.52739
43601	1.52739
43602	1.5274
43603	1.5274
43604	1.52741
43605	1.52741
43606	1.52742
43607	1.52742
43608	1.52743
43609	1.52743
43610	1.52744
43611	1.52744
43612	1.52745
43613	1.52745
43614	1.52746
43615	1.52746
43616	1.52747
43617	1.52748
43618	1.52748
43619	1.52749
43620	1.52749
43621	1.5275
43622	1.5275
43623	1.52751
43624	1.52751
43625	1.52752
43626	1.52752
43627	1.52753
43628	1.52754
43629	1.52754
43630	1.52755
43631	1.52755
43632	1.52756
43633	1.52756
43634	1.52757
43635	1.52758
43636	1.52758
43637	1.52759
43638	1.52759
43639	1.5276
43640	1.5276
43641	1.52761
43642	1.52762
43643	1.52762
43644	1.52763
43645	1.52763
43646	1.52764
43647	1.52764
43648	1.52765
43649	1.52766
43650	1.52766
43651	1.52767
43652	1.52767
43653	1.52768
43654	1.52768
43655	1.52769
43656	1.5277
43657	1.5277
43658	1.52771
43659	1.52771
43660	1.52772
43661	1.52772
43662	1.52773
43663	1.52774
43664	1.52774
43665	1.52775
43666	1.52775
43667	1.52776
43668	1.52776
43669	1.52777
43670	1.52778
43671	1.52778
43672	1.52779
43673	1.52779
43674	1.5278
43675	1.5278
43676	1.52781
43677	1.52781
43678	1.52782
43679	1.52783
43680	1.52783
43681	1.52784
43682	1.52784
43683	1.52785
43684	1.52785
43685	1.52786
43686	1.52786
43687	1.52787
43688	1.52788
43689	1.52788
43690	1.52789
43691	1.52789
43692	1.5279
43693	1.5279
43694	1.52791
43695	1.52791
43696	1.52792
43697	1.52792
43698	1.52793
43699	1.52793
43700	1.52794
43701	1.52794
43702	1.52795
43703	1.52795
43704	1.52796
43705	1.52796
43706	1.52797
43707	1.52797
43708	1.52798
43709	1.52798
43710	1.52799
43711	1.52799
43712	1.528
43713	1.528
43714	1.52801
43715	1.52801
43716	1.52802
43717	1.52802
43718	1.52803
43719	1.52803
43720	1.52803
43721	1.52804
43722	1.52804
43723	1.52805
43724	1.52805
43725	1.52806
43726	1.52806
43727	1.52807
43728	1.52807
43729	1.52807
43730	1.52808
43731	1.52808
43732	1.52809
43733	1.52809
43734	1.5281
43735	1.5281
43736	1.5281
43737	1.52811
43738	1.52811
43739	1.52812
43740	1.52812
43741	1.52812
43742	1.52813
43743	1.52813
43744	1.52813
43745	1.52814
43746	1.52814
43747	1.52815
43748	1.52815
43749	1.52815
43750	1.52816
43751	1.52816
43752	1.52816
43753	1.52817
43754	1.52817
43755	1.52817
43756	1.52818
43757	1.52818
43758	1.52818
43759	1.52819
43760	1.52819
43761	1.52819
43762	1.52819
43763	1.5282
43764	1.5282
43765	1.5282
43766	1.52821
43767	1.52821
43768	1.52821
43769	1.52822
43770	1.52822
43771	1.52822
43772	1.52822
43773	1.52823
43774	1.52823
43775	1.52823
43776	1.52823
43777	1.52824
43778	1.52824
43779	1.52824
43780	1.52824
43781	1.52825
43782	1.52825
43783	1.52825
43784	1.52825
43785	1.52825
43786	1.52826
43787	1.52826
43788	1.52826
43789	1.52826
43790	1.52826
43791	1.52827
43792	1.52827
43793	1.52827
43794	1.52827
43795	1.52827
43796	1.52827
43797	1.52828
43798	1.52828
43799	1.52828
43800	1.52828
43801	1.52828
43802	1.52828
43803	1.52829
43804	1.52829
43805	1.52829
43806	1.52829
43807	1.52829
43808	1.52829
43809	1.52829
43810	1.52829
43811	1.5283
43812	1.5283
43813	1.5283
43814	1.5283
43815	1.5283
43816	1.5283
43817	1.5283
43818	1.5283
43819	1.5283
43820	1.5283
43821	1.5283
43822	1.52831
43823	1.52831
43824	1.52831
43825	1.52831
43826	1.52831
43827	1.52831
43828	1.52831
43829	1.52831
43830	1.52831
43831	1.52831
43832	1.52831
43833	1.52831
43834	1.52831
43835	1.52831
43836	1.52831
43837	1.52831
43838	1.52831
43839	1.52831
43840	1.52831
43841	1.52831
43842	1.52831
43843	1.52831
43844	1.52831
43845	1.52831
43846	1.52831
43847	1.52831
43848	1.52831
43849	1.52831
43850	1.52831
43851	1.52831
43852	1.52831
43853	1.52831
43854	1.52831
43855	1.52831
43856	1.52831
43857	1.52831
43858	1.52831
43859	1.52831
43860	1.52831
43861	1.52831
43862	1.52831
43863	1.52831
43864	1.52831
43865	1.52831
43866	1.52831
43867	1.52831
43868	1.52831
43869	1.5283
43870	1.5283
43871	1.5283
43872	1.5283
43873	1.5283
43874	1.5283
43875	1.5283
43876	1.5283
43877	1.5283
43878	1.5283
43879	1.5283
43880	1.5283
43881	1.52829
43882	1.52829
43883	1.52829
43884	1.52829
43885	1.52829
43886	1.52829
43887	1.52829
43888	1.52829
43889	1.52829
43890	1.52829
43891	1.52828
43892	1.52828
43893	1.52828
43894	1.52828
43895	1.52828
43896	1.52828
43897	1.52828
43898	1.52828
43899	1.52827
43900	1.52827
43901	1.52827
43902	1.52827
43903	1.52827
43904	1.52827
43905	1.52827
43906	1.52827
43907	1.52826
43908	1.52826
43909	1.52826
43910	1.52826
43911	1.52826
43912	1.52826
43913	1.52826
43914	1.52825
43915	1.52825
43916	1.52825
43917	1.52825
43918	1.52825
43919	1.52825
43920	1.52824
43921	1.52824
43922	1.52824
43923	1.52824
43924	1.52824
43925	1.52824
43926	1.52824
43927	1.52823
43928	1.52823
43929	1.52823
43930	1.52823
43931	1.52823
43932	1.52823
43933	1.52822
43934	1.52822
43935	1.52822
43936	1.52822
43937	1.52822
43938	1.52822
43939	1.52821
43940	1.52821
43941	1.52821
43942	1.52821
43943	1.52821
43944	1.52821
43945	1.5282
43946	1.5282
43947	1.5282
43948	1.5282
43949	1.5282
43950	1.52819
43951	1.52819
43952	1.52819
43953	1.52819
43954	1.52819
43955	1.52819
43956	1.52818
43957	1.52818
43958	1.52818
43959	1.52818
43960	1.52818
43961	1.52817
43962	1.52817
43963	1.52817
43964	1.52817
43965	1.52817
43966	1.52817
43967	1.52816
43968	1.52816
43969	1.52816
43970	1.52816
43971	1.52816
43972	1.52815
43973	1.52815
43974	1.52815
43975	1.52815
43976	1.52815
43977	1.52815
43978	1.52814
43979	1.52814
43980	1.52814
43981	1.52814
43982	1.52814
43983	1.52813
43984	1.52813
43985	1.52813
43986	1.52813
43987	1.52813
43988	1.52813
43989	1.52812
43990	1.52812
43991	1.52812
43992	1.52812
43993	1.52812
43994	1.52811
43995	1.52811
43996	1.52811
43997	1.52811
43998	1.52811
43999	1.52811
44000	1.5281
44001	1.5281
44002	1.5281
44003	1.5281
44004	1.5281
44005	1.52809
44006	1.52809
44007	1.52809
44008	1.52809
44009	1.52809
44010	1.52809
44011	1.52808
44012	1.52808
44013	1.52808
44014	1.52808
44015	1.52808
44016	1.52808
44017	1.52807
44018	1.52807
44019	1.52807
44020	1.52807
44021	1.52807
44022	1.52806
44023	1.52806
44024	1.52806
44025	1.52806
44026	1.52806
44027	1.52806
44028	1.52805
44029	1.52805
44030	1.52805
44031	1.52805
44032	1.52805
44033	1.52805
44034	1.52804
44035	1.52804
44036	1.52804
44037	1.52804
44038	1.52804
44039	1.52804
44040	1.52803
44041	1.52803
44042	1.52803
44043	1.52803
44044	1.52803
44045	1.52803
44046	1.52802
44047	1.52802
44048	1.52802
44049	1.52802
44050	1.52802
44051	1.52802
44052	1.52801
44053	1.52801
44054	1.52801
44055	1.52801
44056	1.52801
44057	1.52801
44058	1.52801
44059	1.528
44060	1.528
44061	1.528
44062	1.528
44063	1.528
44064	1.528
44065	1.52799
44066	1.52799
44067	1.52799
44068	1.52799
44069	1.52799
44070	1.52799
44071	1.52799
44072	1.52798
44073	1.52798
44074	1.52798
44075	1.52798
44076	1.52798
44077	1.52798
44078	1.52797
44079	1.52797
44080	1.52797
44081	1.52797
44082	1.52797
44083	1.52797
44084	1.52797
44085	1.52796
44086	1.52796
44087	1.52796
44088	1.52796
44089	1.52796
44090	1.52796
44091	1.52796
44092	1.52795
44093	1.52795
44094	1.52795
44095	1.52795
44096	1.52795
44097	1.52795
44098	1.52795
44099	1.52794
44100	1.52794
44101	1.52794
44102	1.52794
44103	1.52794
44104	1.52794
44105	1.52794
44106	1.52794
44107	1.52793
44108	1.52793
44109	1.52793
44110	1.52793
44111	1.52793
44112	1.52793
44113	1.52793
44114	1.52793
44115	1.52792
44116	1.52792
44117	1.52792
44118	1.52792
44119	1.52792
44120	1.52792
44121	1.52792
44122	1.52791
44123	1.52791
44124	1.52791
44125	1.52791
44126	1.52791
44127	1.52791
44128	1.52791
44129	1.52791
44130	1.5279
44131	1.5279
44132	1.5279
44133	1.5279
44134	1.5279
44135	1.5279
44136	1.5279
44137	1.5279
44138	1.5279
44139	1.52789
44140	1.52789
44141	1.52789
44142	1.52789
44143	1.52789
44144	1.52789
44145	1.52789
44146	1.52789
44147	1.52788
44148	1.52788
44149	1.52788
44150	1.52788
44151	1.52788
44152	1.52788
44153	1.52788
44154	1.52788
44155	1.52788
44156	1.52787
44157	1.52787
44158	1.52787
44159	1.52787
44160	1.52787
44161	1.52787
44162	1.52787
44163	1.52787
44164	1.52787
44165	1.52786
44166	1.52786
44167	1.52786
44168	1.52786
44169	1.52786
44170	1.52786
44171	1.52786
44172	1.52786
44173	1.52786
44174	1.52785
44175	1.52785
44176	1.52785
44177	1.52785
44178	1.52785
44179	1.52785
44180	1.52785
44181	1.52785
44182	1.52785
44183	1.52785
44184	1.52784
44185	1.52784
44186	1.52784
44187	1.52784
44188	1.52784
44189	1.52784
44190	1.52784
44191	1.52784
44192	1.52784
44193	1.52784
44194	1.52783
44195	1.52783
44196	1.52783
44197	1.52783
44198	1.52783
44199	1.52783
44200	1.52783
44201	1.52783
44202	1.52783
44203	1.52783
44204	1.52782
44205	1.52782
44206	1.52782
44207	1.52782
44208	1.52782
44209	1.52782
44210	1.52782
44211	1.52782
44212	1.52782
44213	1.52782
44214	1.52782
44215	1.52781
44216	1.52781
44217	1.52781
44218	1.52781
44219	1.52781
44220	1.52781
44221	1.52781
44222	1.52781
44223	1.52781
44224	1.52781
44225	1.52781
44226	1.52781
44227	1.5278
44228	1.5278
44229	1.5278
44230	1.5278
44231	1.5278
44232	1.5278
44233	1.5278
44234	1.5278
44235	1.5278
44236	1.5278
44237	1.5278
44238	1.5278
44239	1.52779
44240	1.52779
44241	1.52779
44242	1.52779
44243	1.52779
44244	1.52779
44245	1.52779
44246	1.52779
44247	1.52779
44248	1.52779
44249	1.52779
44250	1.52779
44251	1.52779
44252	1.52778
44253	1.52778
44254	1.52778
44255	1.52778
44256	1.52778
44257	1.52778
44258	1.52778
44259	1.52778
44260	1.52778
44261	1.52778
44262	1.52778
44263	1.52778
44264	1.52778
44265	1.52778
44266	1.52777
44267	1.52777
44268	1.52777
44269	1.52777
44270	1.52777
44271	1.52777
44272	1.52777
44273	1.52777
44274	1.52777
44275	1.52777
44276	1.52777
44277	1.52777
44278	1.52777
44279	1.52777
44280	1.52777
44281	1.52777
44282	1.52777
44283	1.52776
44284	1.52776
44285	1.52776
44286	1.52776
44287	1.52776
44288	1.52776
44289	1.52776
44290	1.52776
44291	1.52776
44292	1.52776
44293	1.52776
44294	1.52776
44295	1.52776
44296	1.52776
44297	1.52776
44298	1.52776
44299	1.52776
44300	1.52776
44301	1.52776
44302	1.52776
44303	1.52776
44304	1.52776
44305	1.52776
44306	1.52776
44307	1.52775
44308	1.52775
44309	1.52775
44310	1.52775
44311	1.52775
44312	1.52775
44313	1.52775
44314	1.52775
44315	1.52775
44316	1.52775
44317	1.52775
44318	1.52775
44319	1.52775
44320	1.52775
44321	1.52775
44322	1.52775
44323	1.52775
44324	1.52775
44325	1.52775
44326	1.52775
44327	1.52775
44328	1.52775
44329	1.52775
44330	1.52775
44331	1.52775
44332	1.52775
44333	1.52775
44334	1.52775
44335	1.52775
44336	1.52775
44337	1.52775
44338	1.52775
44339	1.52775
44340	1.52775
44341	1.52775
44342	1.52775
44343	1.52775
44344	1.52775
44345	1.52775
44346	1.52775
44347	1.52775
44348	1.52775
44349	1.52775
44350	1.52775
44351	1.52775
44352	1.52775
44353	1.52775
44354	1.52775
44355	1.52776
44356	1.52776
44357	1.52776
44358	1.52776
44359	1.52776
44360	1.52776
44361	1.52776
44362	1.52776
44363	1.52776
44364	1.52776
44365	1.52776
44366	1.52776
44367	1.52776
44368	1.52776
44369	1.52776
44370	1.52776
44371	1.52776
44372	1.52776
44373	1.52776
44374	1.52777
44375	1.52777
44376	1.52777
44377	1.52777
44378	1.52777
44379	1.52777
44380	1.52777
44381	1.52777
44382	1.52777
44383	1.52777
44384	1.52777
44385	1.52777
44386	1.52778
44387	1.52778
44388	1.52778
44389	1.52778
44390	1.52778
44391	1.52778
44392	1.52778
44393	1.52778
44394	1.52778
44395	1.52778
44396	1.52779
44397	1.52779
44398	1.52779
44399	1.52779
44400	1.52779
44401	1.52779
44402	1.52779
44403	1.52779
44404	1.5278
44405	1.5278
44406	1.5278
44407	1.5278
44408	1.5278
44409	1.5278
44410	1.5278
44411	1.52781
44412	1.52781
44413	1.52781
44414	1.52781
44415	1.52781
44416	1.52781
44417	1.52782
44418	1.52782
44419	1.52782
44420	1.52782
44421	1.52782
44422	1.52782
44423	1.52783
44424	1.52783
44425	1.52783
44426	1.52783
44427	1.52783
44428	1.52784
44429	1.52784
44430	1.52784
44431	1.52784
44432	1.52784
44433	1.52785
44434	1.52785
44435	1.52785
44436	1.52785
44437	1.52785
44438	1.52786
44439	1.52786
44440	1.52786
44441	1.52786
44442	1.52786
44443	1.52787
44444	1.52787
44445	1.52787
44446	1.52787
44447	1.52788
44448	1.52788
44449	1.52788
44450	1.52788
44451	1.52789
44452	1.52789
44453	1.52789
44454	1.52789
44455	1.5279
44456	1.5279
44457	1.5279
44458	1.5279
44459	1.52791
44460	1.52791
44461	1.52791
44462	1.52792
44463	1.52792
44464	1.52792
44465	1.52792
44466	1.52793
44467	1.52793
44468	1.52793
44469	1.52793
44470	1.52794
44471	1.52794
44472	1.52794
44473	1.52795
44474	1.52795
44475	1.52795
44476	1.52796
44477	1.52796
44478	1.52796
44479	1.52796
44480	1.52797
44481	1.52797
44482	1.52797
44483	1.52798
44484	1.52798
44485	1.52798
44486	1.52799
44487	1.52799
44488	1.52799
44489	1.528
44490	1.528
44491	1.528
44492	1.52801
44493	1.52801
44494	1.52801
44495	1.52802
44496	1.52802
44497	1.52802
44498	1.52803
44499	1.52803
44500	1.52803
44501	1.52804
44502	1.52804
44503	1.52804
44504	1.52805
44505	1.52805
44506	1.52805
44507	1.52806
44508	1.52806
44509	1.52806
44510	1.52807
44511	1.52807
44512	1.52808
44513	1.52808
44514	1.52808
44515	1.52809
44516	1.52809
44517	1.52809
44518	1.5281
44519	1.5281
44520	1.5281
44521	1.52811
44522	1.52811
44523	1.52811
44524	1.52812
44525	1.52812
44526	1.52813
44527	1.52813
44528	1.52813
44529	1.52814
44530	1.52814
44531	1.52814
44532	1.52815
44533	1.52815
44534	1.52816
44535	1.52816
44536	1.52816
44537	1.52817
44538	1.52817
44539	1.52817
44540	1.52818
44541	1.52818
44542	1.52818
44543	1.52819
44544	1.52819
44545	1.5282
44546	1.5282
44547	1.5282
44548	1.52821
44549	1.52821
44550	1.52821
44551	1.52822
44552	1.52822
44553	1.52822
44554	1.52823
44555	1.52823
44556	1.52823
44557	1.52824
44558	1.52824
44559	1.52825
44560	1.52825
44561	1.52825
44562	1.52826
44563	1.52826
44564	1.52826
44565	1.52827
44566	1.52827
44567	1.52827
44568	1.52828
44569	1.52828
44570	1.52828
44571	1.52829
44572	1.52829
44573	1.52829
44574	1.5283
44575	1.5283
44576	1.5283
44577	1.52831
44578	1.52831
44579	1.52831
44580	1.52832
44581	1.52832
44582	1.52832
44583	1.52832
44584	1.52833
44585	1.52833
44586	1.52833
44587	1.52834
44588	1.52834
44589	1.52834
44590	1.52835
44591	1.52835
44592	1.52835
44593	1.52835
44594	1.52836
44595	1.52836
44596	1.52836
44597	1.52837
44598	1.52837
44599	1.52837
44600	1.52837
44601	1.52838
44602	1.52838
44603	1.52838
44604	1.52838
44605	1.52839
44606	1.52839
44607	1.52839
44608	1.52839
44609	1.5284
44610	1.5284
44611	1.5284
44612	1.5284
44613	1.5284
44614	1.52841
44615	1.52841
44616	1.52841
44617	1.52841
44618	1.52841
44619	1.52842
44620	1.52842
44621	1.52842
44622	1.52842
44623	1.52842
44624	1.52842
44625	1.52843
44626	1.52843
44627	1.52843
44628	1.52843
44629	1.52843
44630	1.52843
44631	1.52844
44632	1.52844
44633	1.52844
44634	1.52844
44635	1.52844
44636	1.52844
44637	1.52844
44638	1.52844
44639	1.52845
44640	1.52845
44641	1.52845
44642	1.52845
44643	1.52845
44644	1.52845
44645	1.52845
44646	1.52845
44647	1.52845
44648	1.52845
44649	1.52845
44650	1.52845
44651	1.52845
44652	1.52845
44653	1.52846
44654	1.52846
44655	1.52846
44656	1.52846
44657	1.52846
44658	1.52846
44659	1.52846
44660	1.52846
44661	1.52846
44662	1.52846
44663	1.52846
44664	1.52846
44665	1.52846
44666	1.52846
44667	1.52846
44668	1.52846
44669	1.52845
44670	1.52845
44671	1.52845
44672	1.52845
44673	1.52845
44674	1.52845
44675	1.52845
44676	1.52845
44677	1.52845
44678	1.52845
44679	1.52845
44680	1.52845
44681	1.52845
44682	1.52844
44683	1.52844
44684	1.52844
44685	1.52844
44686	1.52844
44687	1.52844
44688	1.52844
44689	1.52844
44690	1.52843
44691	1.52843
44692	1.52843
44693	1.52843
44694	1.52843
44695	1.52843
44696	1.52843
44697	1.52842
44698	1.52842
44699	1.52842
44700	1.52842
44701	1.52842
44702	1.52841
44703	1.52841
44704	1.52841
44705	1.52841
44706	1.52841
44707	1.5284
44708	1.5284
44709	1.5284
44710	1.5284
44711	1.52839
44712	1.52839
44713	1.52839
44714	1.52839
44715	1.52838
44716	1.52838
44717	1.52838
44718	1.52838
44719	1.52837
44720	1.52837
44721	1.52837
44722	1.52837
44723	1.52836
44724	1.52836
44725	1.52836
44726	1.52835
44727	1.52835
44728	1.52835
44729	1.52834
44730	1.52834
44731	1.52834
44732	1.52833
44733	1.52833
44734	1.52833
44735	1.52832
44736	1.52832
44737	1.52832
44738	1.52831
44739	1.52831
44740	1.52831
44741	1.5283
44742	1.5283
44743	1.5283
44744	1.52829
44745	1.52829
44746	1.52829
44747	1.52828
44748	1.52828
44749	1.52827
44750	1.52827
44751	1.52827
44752	1.52826
44753	1.52826
44754	1.52826
44755	1.52825
44756	1.52825
44757	1.52824
44758	1.52824
44759	1.52824
44760	1.52823
44761	1.52823
44762	1.52822
44763	1.52822
44764	1.52822
44765	1.52821
44766	1.52821
44767	1.5282
44768	1.5282
44769	1.52819
44770	1.52819
44771	1.52819
44772	1.52818
44773	1.52818
44774	1.52817
44775	1.52817
44776	1.52816
44777	1.52816
44778	1.52816
44779	1.52815
44780	1.52815
44781	1.52814
44782	1.52814
44783	1.52813
44784	1.52813
44785	1.52813
44786	1.52812
44787	1.52812
44788	1.52811
44789	1.52811
44790	1.5281
44791	1.5281
44792	1.52809
44793	1.52809
44794	1.52809
44795	1.52808
44796	1.52808
44797	1.52807
44798	1.52807
44799	1.52806
44800	1.52806
44801	1.52805
44802	1.52805
44803	1.52804
44804	1.52804
44805	1.52804
44806	1.52803
44807	1.52803
44808	1.52802
44809	1.52802
44810	1.52801
44811	1.52801
44812	1.528
44813	1.528
44814	1.528
44815	1.52799
44816	1.52799
44817	1.52798
44818	1.52798
44819	1.52797
44820	1.52797
44821	1.52796
44822	1.52796
44823	1.52796
44824	1.52795
44825	1.52795
44826	1.52794
44827	1.52794
44828	1.52793
44829	1.52793
44830	1.52793
44831	1.52792
44832	1.52792
44833	1.52791
44834	1.52791
44835	1.5279
44836	1.5279
44837	1.5279
44838	1.52789
44839	1.52789
44840	1.52788
44841	1.52788
44842	1.52788
44843	1.52787
44844	1.52787
44845	1.52786
44846	1.52786
44847	1.52786
44848	1.52785
44849	1.52785
44850	1.52784
44851	1.52784
44852	1.52784
44853	1.52783
44854	1.52783
44855	1.52782
44856	1.52782
44857	1.52782
44858	1.52781
44859	1.52781
44860	1.52781
44861	1.5278
44862	1.5278
44863	1.52779
44864	1.52779
44865	1.52779
44866	1.52778
44867	1.52778
44868	1.52778
44869	1.52777
44870	1.52777
44871	1.52777
44872	1.52776
44873	1.52776
44874	1.52776
44875	1.52775
44876	1.52775
44877	1.52775
44878	1.52774
44879	1.52774
44880	1.52774
44881	1.52773
44882	1.52773
44883	1.52773
44884	1.52772
44885	1.52772
44886	1.52772
44887	1.52771
44888	1.52771
44889	1.52771
44890	1.52771
44891	1.5277
44892	1.5277
44893	1.5277
44894	1.52769
44895	1.52769
44896	1.52769
44897	1.52769
44898	1.52768
44899	1.52768
44900	1.52768
44901	1.52768
44902	1.52767
44903	1.52767
44904	1.52767
44905	1.52767
44906	1.52766
44907	1.52766
44908	1.52766
44909	1.52766
44910	1.52765
44911	1.52765
44912	1.52765
44913	1.52765
44914	1.52765
44915	1.52764
44916	1.52764
44917	1.52764
44918	1.52764
44919	1.52764
44920	1.52763
44921	1.52763
44922	1.52763
44923	1.52763
44924	1.52763
44925	1.52763
44926	1.52762
44927	1.52762
44928	1.52762
44929	1.52762
44930	1.52762
44931	1.52762
44932	1.52761
44933	1.52761
44934	1.52761
44935	1.52761
44936	1.52761
44937	1.52761
44938	1.52761
44939	1.5276
44940	1.5276
44941	1.5276
44942	1.5276
44943	1.5276
44944	1.5276
44945	1.5276
44946	1.5276
44947	1.52759
44948	1.52759
44949	1.52759
44950	1.52759
44951	1.52759
44952	1.52759
44953	1.52759
44954	1.52759
44955	1.52759
44956	1.52759
44957	1.52759
44958	1.52758
44959	1.52758
44960	1.52758
44961	1.52758
44962	1.52758
44963	1.52758
44964	1.52758
44965	1.52758
44966	1.52758
44967	1.52758
44968	1.52758
44969	1.52758
44970	1.52758
44971	1.52758
44972	1.52758
44973	1.52758
44974	1.52758
44975	1.52758
44976	1.52758
44977	1.52758
44978	1.52758
44979	1.52758
44980	1.52758
44981	1.52757
44982	1.52757
44983	1.52757
44984	1.52757
44985	1.52757
44986	1.52757
44987	1.52757
44988	1.52757
44989	1.52757
44990	1.52758
44991	1.52758
44992	1.52758
44993	1.52758
44994	1.52758
44995	1.52758
44996	1.52758
44997	1.52758
44998	1.52758
44999	1.52758
45000	1.52758
45001	1.52758
45002	1.52758
45003	1.52758
45004	1.52758
45005	1.52758
45006	1.52758
45007	1.52758
45008	1.52758
45009	1.52758
45010	1.52758
45011	1.52758
45012	1.52758
45013	1.52758
45014	1.52758
45015	1.52758
45016	1.52759
45017	1.52759
45018	1.52759
45019	1.52759
45020	1.52759
45021	1.52759
45022	1.52759
45023	1.52759
45024	1.52759
45025	1.52759
45026	1.52759
45027	1.52759
45028	1.52759
45029	1.5276
45030	1.5276
45031	1.5276
45032	1.5276
45033	1.5276
45034	1.5276
45035	1.5276
45036	1.5276
45037	1.5276
45038	1.5276
45039	1.5276
45040	1.52761
45041	1.52761
45042	1.52761
45043	1.52761
45044	1.52761
45045	1.52761
45046	1.52761
45047	1.52761
45048	1.52761
45049	1.52761
45050	1.52762
45051	1.52762
45052	1.52762
45053	1.52762
45054	1.52762
45055	1.52762
45056	1.52762
45057	1.52762
45058	1.52763
45059	1.52763
45060	1.52763
45061	1.52763
45062	1.52763
45063	1.52763
45064	1.52763
45065	1.52763
45066	1.52764
45067	1.52764
45068	1.52764
45069	1.52764
45070	1.52764
45071	1.52764
45072	1.52764
45073	1.52764
45074	1.52765
45075	1.52765
45076	1.52765
45077	1.52765
45078	1.52765
45079	1.52765
45080	1.52765
45081	1.52765
45082	1.52766
45083	1.52766
45084	1.52766
45085	1.52766
45086	1.52766
45087	1.52766
45088	1.52766
45089	1.52767
45090	1.52767
45091	1.52767
45092	1.52767
45093	1.52767
45094	1.52767
45095	1.52767
45096	1.52768
45097	1.52768
45098	1.52768
45099	1.52768
45100	1.52768
45101	1.52768
45102	1.52768
45103	1.52769
45104	1.52769
45105	1.52769
45106	1.52769
45107	1.52769
45108	1.52769
45109	1.52769
45110	1.52769
45111	1.5277
45112	1.5277
45113	1.5277
45114	1.5277
45115	1.5277
45116	1.5277
45117	1.5277
45118	1.52771
45119	1.52771
45120	1.52771
45121	1.52771
45122	1.52771
45123	1.52771
45124	1.52771
45125	1.52772
45126	1.52772
45127	1.52772
45128	1.52772
45129	1.52772
45130	1.52772
45131	1.52772
45132	1.52773
45133	1.52773
45134	1.52773
45135	1.52773
45136	1.52773
45137	1.52773
45138	1.52773
45139	1.52774
45140	1.52774
45141	1.52774
45142	1.52774
45143	1.52774
45144	1.52774
45145	1.52774
45146	1.52774
45147	1.52775
45148	1.52775
45149	1.52775
45150	1.52775
45151	1.52775
45152	1.52775
45153	1.52775
45154	1.52775
45155	1.52776
45156	1.52776
45157	1.52776
45158	1.52776
45159	1.52776
45160	1.52776
45161	1.52776
45162	1.52777
45163	1.52777
45164	1.52777
45165	1.52777
45166	1.52777
45167	1.52777
45168	1.52777
45169	1.52777
45170	1.52778
45171	1.52778
45172	1.52778
45173	1.52778
45174	1.52778
45175	1.52778
45176	1.52778
45177	1.52778
45178	1.52778
45179	1.52779
45180	1.52779
45181	1.52779
45182	1.52779
45183	1.52779
45184	1.52779
45185	1.52779
45186	1.52779
45187	1.5278
45188	1.5278
45189	1.5278
45190	1.5278
45191	1.5278
45192	1.5278
45193	1.5278
45194	1.5278
45195	1.5278
45196	1.52781
45197	1.52781
45198	1.52781
45199	1.52781
45200	1.52781
45201	1.52781
45202	1.52781
45203	1.52781
45204	1.52781
45205	1.52782
45206	1.52782
45207	1.52782
45208	1.52782
45209	1.52782
45210	1.52782
45211	1.52782
45212	1.52782
45213	1.52782
45214	1.52782
45215	1.52783
45216	1.52783
45217	1.52783
45218	1.52783
45219	1.52783
45220	1.52783
45221	1.52783
45222	1.52783
45223	1.52783
45224	1.52783
45225	1.52784
45226	1.52784
45227	1.52784
45228	1.52784
45229	1.52784
45230	1.52784
45231	1.52784
45232	1.52784
45233	1.52784
45234	1.52784
45235	1.52784
45236	1.52785
45237	1.52785
45238	1.52785
45239	1.52785
45240	1.52785
45241	1.52785
45242	1.52785
45243	1.52785
45244	1.52785
45245	1.52785
45246	1.52785
45247	1.52785
45248	1.52786
45249	1.52786
45250	1.52786
45251	1.52786
45252	1.52786
45253	1.52786
45254	1.52786
45255	1.52786
45256	1.52786
45257	1.52786
45258	1.52786
45259	1.52786
45260	1.52786
45261	1.52787
45262	1.52787
45263	1.52787
45264	1.52787
45265	1.52787
45266	1.52787
45267	1.52787
45268	1.52787
45269	1.52787
45270	1.52787
45271	1.52787
45272	1.52787
45273	1.52787
45274	1.52788
45275	1.52788
45276	1.52788
45277	1.52788
45278	1.52788
45279	1.52788
45280	1.52788
45281	1.52788
45282	1.52788
45283	1.52788
45284	1.52788
45285	1.52788
45286	1.52788
45287	1.52788
45288	1.52788
45289	1.52789
45290	1.52789
45291	1.52789
45292	1.52789
45293	1.52789
45294	1.52789
45295	1.52789
45296	1.52789
45297	1.52789
45298	1.52789
45299	1.52789
45300	1.52789
45301	1.52789
45302	1.52789
45303	1.52789
45304	1.52789
45305	1.5279
45306	1.5279
45307	1.5279
45308	1.5279
45309	1.5279
45310	1.5279
45311	1.5279
45312	1.5279
45313	1.5279
45314	1.5279
45315	1.5279
45316	1.5279
45317	1.5279
45318	1.5279
45319	1.5279
45320	1.5279
45321	1.5279
45322	1.5279
45323	1.52791
45324	1.52791
45325	1.52791
45326	1.52791
45327	1.52791
45328	1.52791
45329	1.52791
45330	1.52791
45331	1.52791
45332	1.52791
45333	1.52791
45334	1.52791
45335	1.52791
45336	1.52791
45337	1.52791
45338	1.52791
45339	1.52791
45340	1.52791
45341	1.52791
45342	1.52791
45343	1.52791
45344	1.52792
45345	1.52792
45346	1.52792
45347	1.52792
45348	1.52792
45349	1.52792
45350	1.52792
45351	1.52792
45352	1.52792
45353	1.52792
45354	1.52792
45355	1.52792
45356	1.52792
45357	1.52792
45358	1.52792
45359	1.52792
45360	1.52792
45361	1.52792
45362	1.52792
45363	1.52792
45364	1.52792
45365	1.52792
45366	1.52792
45367	1.52792
45368	1.52792
45369	1.52792
45370	1.52793
45371	1.52793
45372	1.52793
45373	1.52793
45374	1.52793
45375	1.52793
45376	1.52793
45377	1.52793
45378	1.52793
45379	1.52793
45380	1.52793
45381	1.52793
45382	1.52793
45383	1.52793
45384	1.52793
45385	1.52793
45386	1.52793
45387	1.52793
45388	1.52793
45389	1.52793
45390	1.52793
45391	1.52793
45392	1.52793
45393	1.52793
45394	1.52793
45395	1.52793
45396	1.52793
45397	1.52793
45398	1.52793
45399	1.52793
45400	1.52793
45401	1.52793
45402	1.52793
45403	1.52793
45404	1.52793
45405	1.52793
45406	1.52793
45407	1.52793
45408	1.52793
45409	1.52793
45410	1.52793
45411	1.52793
45412	1.52793
45413	1.52793
45414	1.52793
45415	1.52793
45416	1.52793
45417	1.52793
45418	1.52793
45419	1.52793
45420	1.52793
45421	1.52793
45422	1.52793
45423	1.52793
45424	1.52793
45425	1.52793
45426	1.52793
45427	1.52793
45428	1.52793
45429	1.52793
45430	1.52793
45431	1.52793
45432	1.52793
45433	1.52793
45434	1.52793
45435	1.52793
45436	1.52793
45437	1.52793
45438	1.52793
45439	1.52793
45440	1.52793
45441	1.52793
45442	1.52793
45443	1.52793
45444	1.52793
45445	1.52793
45446	1.52793
45447	1.52793
45448	1.52793
45449	1.52793
45450	1.52793
45451	1.52793
45452	1.52793
45453	1.52793
45454	1.52793
45455	1.52793
45456	1.52793
45457	1.52793
45458	1.52793
45459	1.52793
45460	1.52793
45461	1.52793
45462	1.52793
45463	1.52793
45464	1.52793
45465	1.52792
45466	1.52792
45467	1.52792
45468	1.52792
45469	1.52792
45470	1.52792
45471	1.52792
45472	1.52792
45473	1.52792
45474	1.52792
45475	1.52792
45476	1.52792
45477	1.52792
45478	1.52792
45479	1.52792
45480	1.52792
45481	1.52791
45482	1.52791
45483	1.52791
45484	1.52791
45485	1.52791
45486	1.52791
45487	1.52791
45488	1.52791
45489	1.52791
45490	1.52791
45491	1.52791
45492	1.52791
45493	1.5279
45494	1.5279
45495	1.5279
45496	1.5279
45497	1.5279
45498	1.5279
45499	1.5279
45500	1.5279
45501	1.5279
45502	1.52789
45503	1.52789
45504	1.52789
45505	1.52789
45506	1.52789
45507	1.52789
45508	1.52789
45509	1.52789
45510	1.52789
45511	1.52788
45512	1.52788
45513	1.52788
45514	1.52788
45515	1.52788
45516	1.52788
45517	1.52788
45518	1.52787
45519	1.52787
45520	1.52787
45521	1.52787
45522	1.52787
45523	1.52787
45524	1.52787
45525	1.52786
45526	1.52786
45527	1.52786
45528	1.52786
45529	1.52786
45530	1.52786
45531	1.52785
45532	1.52785
45533	1.52785
45534	1.52785
45535	1.52785
45536	1.52785
45537	1.52784
45538	1.52784
45539	1.52784
45540	1.52784
45541	1.52784
45542	1.52783
45543	1.52783
45544	1.52783
45545	1.52783
45546	1.52783
45547	1.52782
45548	1.52782
45549	1.52782
45550	1.52782
45551	1.52782
45552	1.52781
45553	1.52781
45554	1.52781
45555	1.52781
45556	1.5278
45557	1.5278
45558	1.5278
45559	1.5278
45560	1.5278
45561	1.52779
45562	1.52779
45563	1.52779
45564	1.52779
45565	1.52778
45566	1.52778
45567	1.52778
45568	1.52778
45569	1.52777
45570	1.52777
45571	1.52777
45572	1.52777
45573	1.52776
45574	1.52776
45575	1.52776
45576	1.52776
45577	1.52775
45578	1.52775
45579	1.52775
45580	1.52775
45581	1.52774
45582	1.52774
45583	1.52774
45584	1.52773
45585	1.52773
45586	1.52773
45587	1.52773
45588	1.52772
45589	1.52772
45590	1.52772
45591	1.52771
45592	1.52771
45593	1.52771
45594	1.52771
45595	1.5277
45596	1.5277
45597	1.5277
45598	1.52769
45599	1.52769
45600	1.52769
45601	1.52769
45602	1.52768
45603	1.52768
45604	1.52768
45605	1.52767
45606	1.52767
45607	1.52767
45608	1.52766
45609	1.52766
45610	1.52766
45611	1.52765
45612	1.52765
45613	1.52765
45614	1.52764
45615	1.52764
45616	1.52764
45617	1.52764
45618	1.52763
45619	1.52763
45620	1.52763
45621	1.52762
45622	1.52762
45623	1.52762
45624	1.52761
45625	1.52761
45626	1.52761
45627	1.5276
45628	1.5276
45629	1.5276
45630	1.52759
45631	1.52759
45632	1.52759
45633	1.52758
45634	1.52758
45635	1.52758
45636	1.52757
45637	1.52757
45638	1.52757
45639	1.52756
45640	1.52756
45641	1.52756
45642	1.52755
45643	1.52755
45644	1.52755
45645	1.52754
45646	1.52754
45647	1.52754
45648	1.52753
45649	1.52753
45650	1.52753
45651	1.52752
45652	1.52752
45653	1.52752
45654	1.52751
45655	1.52751
45656	1.52751
45657	1.5275
45658	1.5275
45659	1.5275
45660	1.52749
45661	1.52749
45662	1.52749
45663	1.52748
45664	1.52748
45665	1.52748
45666	1.52748
45667	1.52747
45668	1.52747
45669	1.52747
45670	1.52746
45671	1.52746
45672	1.52746
45673	1.52745
45674	1.52745
45675	1.52745
45676	1.52744
45677	1.52744
45678	1.52744
45679	1.52744
45680	1.52743
45681	1.52743
45682	1.52743
45683	1.52742
45684	1.52742
45685	1.52742
45686	1.52742
45687	1.52741
45688	1.52741
45689	1.52741
45690	1.5274
45691	1.5274
45692	1.5274
45693	1.5274
45694	1.52739
45695	1.52739
45696	1.52739
45697	1.52739
45698	1.52738
45699	1.52738
45700	1.52738
45701	1.52738
45702	1.52737
45703	1.52737
45704	1.52737
45705	1.52737
45706	1.52736
45707	1.52736
45708	1.52736
45709	1.52736
45710	1.52735
45711	1.52735
45712	1.52735
45713	1.52735
45714	1.52735
45715	1.52734
45716	1.52734
45717	1.52734
45718	1.52734
45719	1.52734
45720	1.52733
45721	1.52733
45722	1.52733
45723	1.52733
45724	1.52733
45725	1.52733
45726	1.52732
45727	1.52732
45728	1.52732
45729	1.52732
45730	1.52732
45731	1.52732
45732	1.52732
45733	1.52731
45734	1.52731
45735	1.52731
45736	1.52731
45737	1.52731
45738	1.52731
45739	1.52731
45740	1.52731
45741	1.5273
45742	1.5273
45743	1.5273
45744	1.5273
45745	1.5273
45746	1.5273
45747	1.5273
45748	1.5273
45749	1.5273
45750	1.5273
45751	1.5273
45752	1.5273
45753	1.52729
45754	1.52729
45755	1.52729
45756	1.52729
45757	1.52729
45758	1.52729
45759	1.52729
45760	1.52729
45761	1.52729
45762	1.52729
45763	1.52729
45764	1.52729
45765	1.52729
45766	1.52729
45767	1.52729
45768	1.52729
45769	1.52729
45770	1.52729
45771	1.52729
45772	1.52729
45773	1.52729
45774	1.52729
45775	1.52729
45776	1.52729
45777	1.5273
45778	1.5273
45779	1.5273
45780	1.5273
45781	1.5273
45782	1.5273
45783	1.5273
45784	1.5273
45785	1.5273
45786	1.5273
45787	1.5273
45788	1.5273
45789	1.52731
45790	1.52731
45791	1.52731
45792	1.52731
45793	1.52731
45794	1.52731
45795	1.52731
45796	1.52731
45797	1.52732
45798	1.52732
45799	1.52732
45800	1.52732
45801	1.52732
45802	1.52732
45803	1.52733
45804	1.52733
45805	1.52733
45806	1.52733
45807	1.52733
45808	1.52733
45809	1.52734
45810	1.52734
45811	1.52734
45812	1.52734
45813	1.52735
45814	1.52735
45815	1.52735
45816	1.52735
45817	1.52735
45818	1.52736
45819	1.52736
45820	1.52736
45821	1.52736
45822	1.52737
45823	1.52737
45824	1.52737
45825	1.52737
45826	1.52738
45827	1.52738
45828	1.52738
45829	1.52739
45830	1.52739
45831	1.52739
45832	1.52739
45833	1.5274
45834	1.5274
45835	1.5274
45836	1.52741
45837	1.52741
45838	1.52741
45839	1.52742
45840	1.52742
45841	1.52742
45842	1.52742
45843	1.52743
45844	1.52743
45845	1.52743
45846	1.52744
45847	1.52744
45848	1.52744
45849	1.52745
45850	1.52745
45851	1.52746
45852	1.52746
45853	1.52746
45854	1.52747
45855	1.52747
45856	1.52747
45857	1.52748
45858	1.52748
45859	1.52748
45860	1.52749
45861	1.52749
45862	1.5275
45863	1.5275
45864	1.5275
45865	1.52751
45866	1.52751
45867	1.52752
45868	1.52752
45869	1.52752
45870	1.52753
45871	1.52753
45872	1.52754
45873	1.52754
45874	1.52754
45875	1.52755
45876	1.52755
45877	1.52756
45878	1.52756
45879	1.52756
45880	1.52757
45881	1.52757
45882	1.52758
45883	1.52758
45884	1.52758
45885	1.52759
45886	1.52759
45887	1.5276
45888	1.5276
45889	1.52761
45890	1.52761
45891	1.52761
45892	1.52762
45893	1.52762
45894	1.52763
45895	1.52763
45896	1.52764
45897	1.52764
45898	1.52764
45899	1.52765
45900	1.52765
45901	1.52766
45902	1.52766
45903	1.52767
45904	1.52767
45905	1.52767
45906	1.52768
45907	1.52768
45908	1.52769
45909	1.52769
45910	1.5277
45911	1.5277
45912	1.52771
45913	1.52771
45914	1.52771
45915	1.52772
45916	1.52772
45917	1.52773
45918	1.52773
45919	1.52774
45920	1.52774
45921	1.52774
45922	1.52775
45923	1.52775
45924	1.52776
45925	1.52776
45926	1.52777
45927	1.52777
45928	1.52777
45929	1.52778
45930	1.52778
45931	1.52779
45932	1.52779
45933	1.5278
45934	1.5278
45935	1.5278
45936	1.52781
45937	1.52781
45938	1.52782
45939	1.52782
45940	1.52783
45941	1.52783
45942	1.52783
45943	1.52784
45944	1.52784
45945	1.52785
45946	1.52785
45947	1.52785
45948	1.52786
45949	1.52786
45950	1.52787
45951	1.52787
45952	1.52787
45953	1.52788
45954	1.52788
45955	1.52789
45956	1.52789
45957	1.52789
45958	1.5279
45959	1.5279
45960	1.52791
45961	1.52791
45962	1.52791
45963	1.52792
45964	1.52792
45965	1.52792
45966	1.52793
45967	1.52793
45968	1.52794
45969	1.52794
45970	1.52794
45971	1.52795
45972	1.52795
45973	1.52795
45974	1.52796
45975	1.52796
45976	1.52796
45977	1.52797
45978	1.52797
45979	1.52797
45980	1.52798
45981	1.52798
45982	1.52798
45983	1.52799
45984	1.52799
45985	1.52799
45986	1.528
45987	1.528
45988	1.528
45989	1.52801
45990	1.52801
45991	1.52801
45992	1.52802
45993	1.52802
45994	1.52802
45995	1.52802
45996	1.52803
45997	1.52803
45998	1.52803
45999	1.52804
46000	1.52804
46001	1.52804
46002	1.52804
46003	1.52805
46004	1.52805
46005	1.52805
46006	1.52805
46007	1.52806
46008	1.52806
46009	1.52806
46010	1.52806
46011	1.52807
46012	1.52807
46013	1.52807
46014	1.52807
46015	1.52808
46016	1.52808
46017	1.52808
46018	1.52808
46019	1.52809
46020	1.52809
46021	1.52809
46022	1.52809
46023	1.52809
46024	1.5281
46025	1.5281
46026	1.5281
46027	1.5281
46028	1.5281
46029	1.52811
46030	1.52811
46031	1.52811
46032	1.52811
46033	1.52811
46034	1.52812
46035	1.52812
46036	1.52812
46037	1.52812
46038	1.52812
46039	1.52812
46040	1.52812
46041	1.52813
46042	1.52813
46043	1.52813
46044	1.52813
46045	1.52813
46046	1.52813
46047	1.52814
46048	1.52814
46049	1.52814
46050	1.52814
46051	1.52814
46052	1.52814
46053	1.52814
46054	1.52814
46055	1.52814
46056	1.52815
46057	1.52815
46058	1.52815
46059	1.52815
46060	1.52815
46061	1.52815
46062	1.52815
46063	1.52815
46064	1.52815
46065	1.52815
46066	1.52815
46067	1.52816
46068	1.52816
46069	1.52816
46070	1.52816
46071	1.52816
46072	1.52816
46073	1.52816
46074	1.52816
46075	1.52816
46076	1.52816
46077	1.52816
46078	1.52816
46079	1.52816
46080	1.52816
46081	1.52816
46082	1.52816
46083	1.52816
46084	1.52816
46085	1.52816
46086	1.52816
46087	1.52816
46088	1.52816
46089	1.52816
46090	1.52816
46091	1.52817
46092	1.52817
46093	1.52817
46094	1.52817
46095	1.52817
46096	1.52817
46097	1.52817
46098	1.52817
46099	1.52816
46100	1.52816
46101	1.52816
46102	1.52816
46103	1.52816
46104	1.52816
46105	1.52816
46106	1.52816
46107	1.52816
46108	1.52816
46109	1.52816
46110	1.52816
46111	1.52816
46112	1.52816
46113	1.52816
46114	1.52816
46115	1.52816
46116	1.52816
46117	1.52816
46118	1.52816
46119	1.52816
46120	1.52816
46121	1.52816
46122	1.52816
46123	1.52816
46124	1.52816
46125	1.52815
46126	1.52815
46127	1.52815
46128	1.52815
46129	1.52815
46130	1.52815
46131	1.52815
46132	1.52815
46133	1.52815
46134	1.52815
46135	1.52815
46136	1.52815
46137	1.52815
46138	1.52814
46139	1.52814
46140	1.52814
46141	1.52814
46142	1.52814
46143	1.52814
46144	1.52814
46145	1.52814
46146	1.52814
46147	1.52814
46148	1.52813
46149	1.52813
46150	1.52813
46151	1.52813
46152	1.52813
46153	1.52813
46154	1.52813
46155	1.52813
46156	1.52813
46157	1.52813
46158	1.52812
46159	1.52812
46160	1.52812
46161	1.52812
46162	1.52812
46163	1.52812
46164	1.52812
46165	1.52812
46166	1.52811
46167	1.52811
46168	1.52811
46169	1.52811
46170	1.52811
46171	1.52811
46172	1.52811
46173	1.52811
46174	1.5281
46175	1.5281
46176	1.5281
46177	1.5281
46178	1.5281
46179	1.5281
46180	1.5281
46181	1.52809
46182	1.52809
46183	1.52809
46184	1.52809
46185	1.52809
46186	1.52809
46187	1.52809
46188	1.52809
46189	1.52808
46190	1.52808
46191	1.52808
46192	1.52808
46193	1.52808
46194	1.52808
46195	1.52808
46196	1.52807
46197	1.52807
46198	1.52807
46199	1.52807
46200	1.52807
46201	1.52807
46202	1.52806
46203	1.52806
46204	1.52806
46205	1.52806
46206	1.52806
46207	1.52806
46208	1.52806
46209	1.52805
46210	1.52805
46211	1.52805
46212	1.52805
46213	1.52805
46214	1.52805
46215	1.52805
46216	1.52804
46217	1.52804
46218	1.52804
46219	1.52804
46220	1.52804
46221	1.52804
46222	1.52803
46223	1.52803
46224	1.52803
46225	1.52803
46226	1.52803
46227	1.52803
46228	1.52803
46229	1.52802
46230	1.52802
46231	1.52802
46232	1.52802
46233	1.52802
46234	1.52802
46235	1.52801
46236	1.52801
46237	1.52801
46238	1.52801
46239	1.52801
46240	1.52801
46241	1.52801
46242	1.528
46243	1.528
46244	1.528
46245	1.528
46246	1.528
46247	1.528
46248	1.528
46249	1.52799
46250	1.52799
46251	1.52799
46252	1.52799
46253	1.52799
46254	1.52799
46255	1.52798
46256	1.52798
46257	1.52798
46258	1.52798
46259	1.52798
46260	1.52798
46261	1.52798
46262	1.52797
46263	1.52797
46264	1.52797
46265	1.52797
46266	1.52797
46267	1.52797
46268	1.52797
46269	1.52796
46270	1.52796
46271	1.52796
46272	1.52796
46273	1.52796
46274	1.52796
46275	1.52796
46276	1.52795
46277	1.52795
46278	1.52795
46279	1.52795
46280	1.52795
46281	1.52795
46282	1.52795
46283	1.52794
46284	1.52794
46285	1.52794
46286	1.52794
46287	1.52794
46288	1.52794
46289	1.52794
46290	1.52793
46291	1.52793
46292	1.52793
46293	1.52793
46294	1.52793
46295	1.52793
46296	1.52793
46297	1.52792
46298	1.52792
46299	1.52792
46300	1.52792
46301	1.52792
46302	1.52792
46303	1.52792
46304	1.52792
46305	1.52791
46306	1.52791
46307	1.52791
46308	1.52791
46309	1.52791
46310	1.52791
46311	1.52791
46312	1.52791
46313	1.5279
46314	1.5279
46315	1.5279
46316	1.5279
46317	1.5279
46318	1.5279
46319	1.5279
46320	1.5279
46321	1.52789
46322	1.52789
46323	1.52789
46324	1.52789
46325	1.52789
46326	1.52789
46327	1.52789
46328	1.52789
46329	1.52788
46330	1.52788
46331	1.52788
46332	1.52788
46333	1.52788
46334	1.52788
46335	1.52788
46336	1.52788
46337	1.52788
46338	1.52787
46339	1.52787
46340	1.52787
46341	1.52787
46342	1.52787
46343	1.52787
46344	1.52787
46345	1.52787
46346	1.52787
46347	1.52786
46348	1.52786
46349	1.52786
46350	1.52786
46351	1.52786
46352	1.52786
46353	1.52786
46354	1.52786
46355	1.52786
46356	1.52786
46357	1.52785
46358	1.52785
46359	1.52785
46360	1.52785
46361	1.52785
46362	1.52785
46363	1.52785
46364	1.52785
46365	1.52785
46366	1.52785
46367	1.52784
46368	1.52784
46369	1.52784
46370	1.52784
46371	1.52784
46372	1.52784
46373	1.52784
46374	1.52784
46375	1.52784
46376	1.52784
46377	1.52784
46378	1.52784
46379	1.52783
46380	1.52783
46381	1.52783
46382	1.52783
46383	1.52783
46384	1.52783
46385	1.52783
46386	1.52783
46387	1.52783
46388	1.52783
46389	1.52783
46390	1.52783
46391	1.52782
46392	1.52782
46393	1.52782
46394	1.52782
46395	1.52782
46396	1.52782
46397	1.52782
46398	1.52782
46399	1.52782
46400	1.52782
46401	1.52782
46402	1.52782
46403	1.52782
46404	1.52782
46405	1.52781
46406	1.52781
46407	1.52781
46408	1.52781
46409	1.52781
46410	1.52781
46411	1.52781
46412	1.52781
46413	1.52781
46414	1.52781
46415	1.52781
46416	1.52781
46417	1.52781
46418	1.52781
46419	1.52781
46420	1.52781
46421	1.5278
46422	1.5278
46423	1.5278
46424	1.5278
46425	1.5278
46426	1.5278
46427	1.5278
46428	1.5278
46429	1.5278
46430	1.5278
46431	1.5278
46432	1.5278
46433	1.5278
46434	1.5278
46435	1.5278
46436	1.5278
46437	1.5278
46438	1.5278
46439	1.5278
46440	1.5278
46441	1.5278
46442	1.5278
46443	1.5278
46444	1.52779
46445	1.52779
46446	1.52779
46447	1.52779
46448	1.52779
46449	1.52779
46450	1.52779
46451	1.52779
46452	1.52779
46453	1.52779
46454	1.52779
46455	1.52779
46456	1.52779
46457	1.52779
46458	1.52779
46459	1.52779
46460	1.52779
46461	1.52779
46462	1.52779
46463	1.52779
46464	1.52779
46465	1.52779
46466	1.52779
46467	1.52779
46468	1.52779
46469	1.52779
46470	1.52779
46471	1.52779
46472	1.52779
46473	1.52779
46474	1.52779
46475	1.52779
46476	1.52779
46477	1.52779
46478	1.52779
46479	1.52779
46480	1.52779
46481	1.52779
46482	1.52779
46483	1.52779
46484	1.52779
46485	1.52779
46486	1.52779
46487	1.52779
46488	1.52779
46489	1.52779
46490	1.52779
46491	1.52779
46492	1.52779
46493	1.52779
46494	1.52779
46495	1.52779
46496	1.52779
46497	1.52779
46498	1.52779
46499	1.52779
46500	1.52779
46501	1.52779
46502	1.52779
46503	1.52779
46504	1.52779
46505	1.52779
46506	1.52779
46507	1.52779
46508	1.52779
46509	1.52779
46510	1.52779
46511	1.52779
46512	1.52779
46513	1.52779
46514	1.5278
46515	1.5278
46516	1.5278
46517	1.5278
46518	1.5278
46519	1.5278
46520	1.5278
46521	1.5278
46522	1.5278
46523	1.5278
46524	1.5278
46525	1.5278
46526	1.5278
46527	1.5278
46528	1.5278
46529	1.5278
46530	1.5278
46531	1.5278
46532	1.5278
46533	1.52781
46534	1.52781
46535	1.52781
46536	1.52781
46537	1.52781
46538	1.52781
46539	1.52781
46540	1.52781
46541	1.52781
46542	1.52781
46543	1.52781
46544	1.52781
46545	1.52781
46546	1.52782
46547	1.52782
46548	1.52782
46549	1.52782
46550	1.52782
46551	1.52782
46552	1.52782
46553	1.52782
46554	1.52782
46555	1.52782
46556	1.52782
46557	1.52783
46558	1.52783
46559	1.52783
46560	1.52783
46561	1.52783
46562	1.52783
46563	1.52783
46564	1.52783
46565	1.52783
46566	1.52784
46567	1.52784
46568	1.52784
46569	1.52784
46570	1.52784
46571	1.52784
46572	1.52784
46573	1.52784
46574	1.52784
46575	1.52785
46576	1.52785
46577	1.52785
46578	1.52785
46579	1.52785
46580	1.52785
46581	1.52785
46582	1.52786
46583	1.52786
46584	1.52786
46585	1.52786
46586	1.52786
46587	1.52786
46588	1.52786
46589	1.52787
46590	1.52787
46591	1.52787
46592	1.52787
46593	1.52787
46594	1.52787
46595	1.52788
46596	1.52788
46597	1.52788
46598	1.52788
46599	1.52788
46600	1.52788
46601	1.52789
46602	1.52789
46603	1.52789
46604	1.52789
46605	1.52789
46606	1.52789
46607	1.5279
46608	1.5279
46609	1.5279
46610	1.5279
46611	1.5279
46612	1.5279
46613	1.52791
46614	1.52791
46615	1.52791
46616	1.52791
46617	1.52791
46618	1.52792
46619	1.52792
46620	1.52792
46621	1.52792
46622	1.52792
46623	1.52793
46624	1.52793
46625	1.52793
46626	1.52793
46627	1.52793
46628	1.52794
46629	1.52794
46630	1.52794
46631	1.52794
46632	1.52794
46633	1.52795
46634	1.52795
46635	1.52795
46636	1.52795
46637	1.52796
46638	1.52796
46639	1.52796
46640	1.52796
46641	1.52796
46642	1.52797
46643	1.52797
46644	1.52797
46645	1.52797
46646	1.52798
46647	1.52798
46648	1.52798
46649	1.52798
46650	1.52799
46651	1.52799
46652	1.52799
46653	1.52799
46654	1.52799
46655	1.528
46656	1.528
46657	1.528
46658	1.528
46659	1.52801
46660	1.52801
46661	1.52801
46662	1.52801
46663	1.52802
46664	1.52802
46665	1.52802
46666	1.52802
46667	1.52803
46668	1.52803
46669	1.52803
46670	1.52803
46671	1.52804
46672	1.52804
46673	1.52804
46674	1.52804
46675	1.52805
46676	1.52805
46677	1.52805
46678	1.52806
46679	1.52806
46680	1.52806
46681	1.52806
46682	1.52807
46683	1.52807
46684	1.52807
46685	1.52807
46686	1.52808
46687	1.52808
46688	1.52808
46689	1.52808
46690	1.52809
46691	1.52809
46692	1.52809
46693	1.5281
46694	1.5281
46695	1.5281
46696	1.5281
46697	1.52811
46698	1.52811
46699	1.52811
46700	1.52811
46701	1.52812
46702	1.52812
46703	1.52812
46704	1.52813
46705	1.52813
46706	1.52813
46707	1.52813
46708	1.52814
46709	1.52814
46710	1.52814
46711	1.52814
46712	1.52815
46713	1.52815
46714	1.52815
46715	1.52815
46716	1.52816
46717	1.52816
46718	1.52816
46719	1.52817
46720	1.52817
46721	1.52817
46722	1.52817
46723	1.52818
46724	1.52818
46725	1.52818
46726	1.52818
46727	1.52819
46728	1.52819
46729	1.52819
46730	1.5282
46731	1.5282
46732	1.5282
46733	1.5282
46734	1.52821
46735	1.52821
46736	1.52821
46737	1.52821
46738	1.52822
46739	1.52822
46740	1.52822
46741	1.52822
46742	1.52823
46743	1.52823
46744	1.52823
46745	1.52823
46746	1.52824
46747	1.52824
46748	1.52824
46749	1.52824
46750	1.52825
46751	1.52825
46752	1.52825
46753	1.52825
46754	1.52826
46755	1.52826
46756	1.52826
46757	1.52826
46758	1.52826
46759	1.52827
46760	1.52827
46761	1.52827
46762	1.52827
46763	1.52828
46764	1.52828
46765	1.52828
46766	1.52828
46767	1.52828
46768	1.52829
46769	1.52829
46770	1.52829
46771	1.52829
46772	1.5283
46773	1.5283
46774	1.5283
46775	1.5283
46776	1.5283
46777	1.52831
46778	1.52831
46779	1.52831
46780	1.52831
46781	1.52831
46782	1.52831
46783	1.52832
46784	1.52832
46785	1.52832
46786	1.52832
46787	1.52832
46788	1.52832
46789	1.52833
46790	1.52833
46791	1.52833
46792	1.52833
46793	1.52833
46794	1.52833
46795	1.52834
46796	1.52834
46797	1.52834
46798	1.52834
46799	1.52834
46800	1.52834
46801	1.52834
46802	1.52835
46803	1.52835
46804	1.52835
46805	1.52835
46806	1.52835
46807	1.52835
46808	1.52835
46809	1.52835
46810	1.52835
46811	1.52836
46812	1.52836
46813	1.52836
46814	1.52836
46815	1.52836
46816	1.52836
46817	1.52836
46818	1.52836
46819	1.52836
46820	1.52836
46821	1.52836
46822	1.52836
46823	1.52837
46824	1.52837
46825	1.52837
46826	1.52837
46827	1.52837
46828	1.52837
46829	1.52837
46830	1.52837
46831	1.52837
46832	1.52837
46833	1.52837
46834	1.52837
46835	1.52837
46836	1.52837
46837	1.52837
46838	1.52837
46839	1.52837
46840	1.52837
46841	1.52837
46842	1.52837
46843	1.52837
46844	1.52837
46845	1.52837
46846	1.52837
46847	1.52837
46848	1.52837
46849	1.52837
46850	1.52837
46851	1.52837
46852	1.52837
46853	1.52837
46854	1.52837
46855	1.52837
46856	1.52836
46857	1.52836
46858	1.52836
46859	1.52836
46860	1.52836
46861	1.52836
46862	1.52836
46863	1.52836
46864	1.52836
46865	1.52836
46866	1.52836
46867	1.52836
46868	1.52835
46869	1.52835
46870	1.52835
46871	1.52835
46872	1.52835
46873	1.52835
46874	1.52835
46875	1.52835
46876	1.52834
46877	1.52834
46878	1.52834
46879	1.52834
46880	1.52834
46881	1.52834
46882	1.52833
46883	1.52833
46884	1.52833
46885	1.52833
46886	1.52833
46887	1.52833
46888	1.52832
46889	1.52832
46890	1.52832
46891	1.52832
46892	1.52832
46893	1.52831
46894	1.52831
46895	1.52831
46896	1.52831
46897	1.52831
46898	1.5283
46899	1.5283
46900	1.5283
46901	1.5283
46902	1.52829
46903	1.52829
46904	1.52829
46905	1.52829
46906	1.52828
46907	1.52828
46908	1.52828
46909	1.52828
46910	1.52827
46911	1.52827
46912	1.52827
46913	1.52827
46914	1.52826
46915	1.52826
46916	1.52826
46917	1.52825
46918	1.52825
46919	1.52825
46920	1.52825
46921	1.52824
46922	1.52824
46923	1.52824
46924	1.52823
46925	1.52823
46926	1.52823
46927	1.52822
46928	1.52822
46929	1.52822
46930	1.52821
46931	1.52821
46932	1.52821
46933	1.5282
46934	1.5282
46935	1.5282
46936	1.52819
46937	1.52819
46938	1.52819
46939	1.52818
46940	1.52818
46941	1.52818
46942	1.52817
46943	1.52817
46944	1.52816
46945	1.52816
46946	1.52816
46947	1.52815
46948	1.52815
46949	1.52815
46950	1.52814
46951	1.52814
46952	1.52813
46953	1.52813
46954	1.52813
46955	1.52812
46956	1.52812
46957	1.52811
46958	1.52811
46959	1.52811
46960	1.5281
46961	1.5281
46962	1.52809
46963	1.52809
46964	1.52809
46965	1.52808
46966	1.52808
46967	1.52807
46968	1.52807
46969	1.52807
46970	1.52806
46971	1.52806
46972	1.52805
46973	1.52805
46974	1.52804
46975	1.52804
46976	1.52804
46977	1.52803
46978	1.52803
46979	1.52802
46980	1.52802
46981	1.52801
46982	1.52801
46983	1.52801
46984	1.528
46985	1.528
46986	1.52799
46987	1.52799
46988	1.52798
46989	1.52798
46990	1.52798
46991	1.52797
46992	1.52797
46993	1.52796
46994	1.52796
46995	1.52795
46996	1.52795
46997	1.52794
46998	1.52794
46999	1.52794
47000	1.52793
47001	1.52793
47002	1.52792
47003	1.52792
47004	1.52791
47005	1.52791
47006	1.52791
47007	1.5279
47008	1.5279
47009	1.52789
47010	1.52789
47011	1.52788
47012	1.52788
47013	1.52787
47014	1.52787
47015	1.52787
47016	1.52786
47017	1.52786
47018	1.52785
47019	1.52785
47020	1.52784
47021	1.52784
47022	1.52783
47023	1.52783
47024	1.52783
47025	1.52782
47026	1.52782
47027	1.52781
47028	1.52781
47029	1.5278
47030	1.5278
47031	1.5278
47032	1.52779
47033	1.52779
47034	1.52778
47035	1.52778
47036	1.52777
47037	1.52777
47038	1.52777
47039	1.52776
47040	1.52776
47041	1.52775
47042	1.52775
47043	1.52775
47044	1.52774
47045	1.52774
47046	1.52773
47047	1.52773
47048	1.52773
47049	1.52772
47050	1.52772
47051	1.52771
47052	1.52771
47053	1.52771
47054	1.5277
47055	1.5277
47056	1.52769
47057	1.52769
47058	1.52769
47059	1.52768
47060	1.52768
47061	1.52767
47062	1.52767
47063	1.52767
47064	1.52766
47065	1.52766
47066	1.52766
47067	1.52765
47068	1.52765
47069	1.52765
47070	1.52764
47071	1.52764
47072	1.52763
47073	1.52763
47074	1.52763
47075	1.52762
47076	1.52762
47077	1.52762
47078	1.52761
47079	1.52761
47080	1.52761
47081	1.5276
47082	1.5276
47083	1.5276
47084	1.52759
47085	1.52759
47086	1.52759
47087	1.52758
47088	1.52758
47089	1.52758
47090	1.52758
47091	1.52757
47092	1.52757
47093	1.52757
47094	1.52756
47095	1.52756
47096	1.52756
47097	1.52755
47098	1.52755
47099	1.52755
47100	1.52755
47101	1.52754
47102	1.52754
47103	1.52754
47104	1.52753
47105	1.52753
47106	1.52753
47107	1.52753
47108	1.52752
47109	1.52752
47110	1.52752
47111	1.52752
47112	1.52751
47113	1.52751
47114	1.52751
47115	1.52751
47116	1.5275
47117	1.5275
47118	1.5275
47119	1.5275
47120	1.5275
47121	1.52749
47122	1.52749
47123	1.52749
47124	1.52749
47125	1.52748
47126	1.52748
47127	1.52748
47128	1.52748
47129	1.52748
47130	1.52748
47131	1.52747
47132	1.52747
47133	1.52747
47134	1.52747
47135	1.52747
47136	1.52746
47137	1.52746
47138	1.52746
47139	1.52746
47140	1.52746
47141	1.52746
47142	1.52745
47143	1.52745
47144	1.52745
47145	1.52745
47146	1.52745
47147	1.52745
47148	1.52745
47149	1.52744
47150	1.52744
47151	1.52744
47152	1.52744
47153	1.52744
47154	1.52744
47155	1.52744
47156	1.52744
47157	1.52743
47158	1.52743
47159	1.52743
47160	1.52743
47161	1.52743
47162	1.52743
47163	1.52743
47164	1.52743
47165	1.52743
47166	1.52743
47167	1.52743
47168	1.52742
47169	1.52742
47170	1.52742
47171	1.52742
47172	1.52742
47173	1.52742
47174	1.52742
47175	1.52742
47176	1.52742
47177	1.52742
47178	1.52742
47179	1.52742
47180	1.52742
47181	1.52742
47182	1.52742
47183	1.52742
47184	1.52742
47185	1.52741
47186	1.52741
47187	1.52741
47188	1.52741
47189	1.52741
47190	1.52741
47191	1.52741
47192	1.52741
47193	1.52741
47194	1.52741
47195	1.52741
47196	1.52741
47197	1.52741
47198	1.52741
47199	1.52741
47200	1.52741
47201	1.52741
47202	1.52741
47203	1.52741
47204	1.52741
47205	1.52741
47206	1.52741
47207	1.52741
47208	1.52741
47209	1.52741
47210	1.52741
47211	1.52741
47212	1.52741
47213	1.52742
47214	1.52742
47215	1.52742
47216	1.52742
47217	1.52742
47218	1.52742
47219	1.52742
47220	1.52742
47221	1.52742
47222	1.52742
47223	1.52742
47224	1.52742
47225	1.52742
47226	1.52742
47227	1.52742
47228	1.52742
47229	1.52742
47230	1.52742
47231	1.52742
47232	1.52742
47233	1.52743
47234	1.52743
47235	1.52743
47236	1.52743
47237	1.52743
47238	1.52743
47239	1.52743
47240	1.52743
47241	1.52743
47242	1.52743
47243	1.52743
47244	1.52743
47245	1.52744
47246	1.52744
47247	1.52744
47248	1.52744
47249	1.52744
47250	1.52744
47251	1.52744
47252	1.52744
47253	1.52744
47254	1.52744
47255	1.52744
47256	1.52745
47257	1.52745
47258	1.52745
47259	1.52745
47260	1.52745
47261	1.52745
47262	1.52745
47263	1.52745
47264	1.52745
47265	1.52746
47266	1.52746
47267	1.52746
47268	1.52746
47269	1.52746
47270	1.52746
47271	1.52746
47272	1.52746
47273	1.52747
47274	1.52747
47275	1.52747
47276	1.52747
47277	1.52747
47278	1.52747
47279	1.52747
47280	1.52747
47281	1.52748
47282	1.52748
47283	1.52748
47284	1.52748
47285	1.52748
47286	1.52748
47287	1.52748
47288	1.52748
47289	1.52749
47290	1.52749
47291	1.52749
47292	1.52749
47293	1.52749
47294	1.52749
47295	1.52749
47296	1.5275
47297	1.5275
47298	1.5275
47299	1.5275
47300	1.5275
47301	1.5275
47302	1.5275
47303	1.52751
47304	1.52751
47305	1.52751
47306	1.52751
47307	1.52751
47308	1.52751
47309	1.52751
47310	1.52752
47311	1.52752
47312	1.52752
47313	1.52752
47314	1.52752
47315	1.52752
47316	1.52752
47317	1.52753
47318	1.52753
47319	1.52753
47320	1.52753
47321	1.52753
47322	1.52753
47323	1.52753
47324	1.52754
47325	1.52754
47326	1.52754
47327	1.52754
47328	1.52754
47329	1.52754
47330	1.52754
47331	1.52755
47332	1.52755
47333	1.52755
47334	1.52755
47335	1.52755
47336	1.52755
47337	1.52756
47338	1.52756
47339	1.52756
47340	1.52756
47341	1.52756
47342	1.52756
47343	1.52756
47344	1.52757
47345	1.52757
47346	1.52757
47347	1.52757
47348	1.52757
47349	1.52757
47350	1.52757
47351	1.52758
47352	1.52758
47353	1.52758
47354	1.52758
47355	1.52758
47356	1.52758
47357	1.52758
47358	1.52759
47359	1.52759
47360	1.52759
47361	1.52759
47362	1.52759
47363	1.52759
47364	1.5276
47365	1.5276
47366	1.5276
47367	1.5276
47368	1.5276
47369	1.5276
47370	1.5276
47371	1.52761
47372	1.52761
47373	1.52761
47374	1.52761
47375	1.52761
47376	1.52761
47377	1.52761
47378	1.52762
47379	1.52762
47380	1.52762
47381	1.52762
47382	1.52762
47383	1.52762
47384	1.52762
47385	1.52763
47386	1.52763
47387	1.52763
47388	1.52763
47389	1.52763
47390	1.52763
47391	1.52763
47392	1.52764
47393	1.52764
47394	1.52764
47395	1.52764
47396	1.52764
47397	1.52764
47398	1.52764
47399	1.52764
47400	1.52765
47401	1.52765
47402	1.52765
47403	1.52765
47404	1.52765
47405	1.52765
47406	1.52765
47407	1.52766
47408	1.52766
47409	1.52766
47410	1.52766
47411	1.52766
47412	1.52766
47413	1.52766
47414	1.52766
47415	1.52767
47416	1.52767
47417	1.52767
47418	1.52767
47419	1.52767
47420	1.52767
47421	1.52767
47422	1.52768
47423	1.52768
47424	1.52768
47425	1.52768
47426	1.52768
47427	1.52768
47428	1.52768
47429	1.52768
47430	1.52769
47431	1.52769
47432	1.52769
47433	1.52769
47434	1.52769
47435	1.52769
47436	1.52769
47437	1.52769
47438	1.52769
47439	1.5277
47440	1.5277
47441	1.5277
47442	1.5277
47443	1.5277
47444	1.5277
47445	1.5277
47446	1.5277
47447	1.52771
47448	1.52771
47449	1.52771
47450	1.52771
47451	1.52771
47452	1.52771
47453	1.52771
47454	1.52771
47455	1.52771
47456	1.52772
47457	1.52772
47458	1.52772
47459	1.52772
47460	1.52772
47461	1.52772
47462	1.52772
47463	1.52772
47464	1.52773
47465	1.52773
47466	1.52773
47467	1.52773
47468	1.52773
47469	1.52773
47470	1.52773
47471	1.52773
47472	1.52773
47473	1.52773
47474	1.52774
47475	1.52774
47476	1.52774
47477	1.52774
47478	1.52774
47479	1.52774
47480	1.52774
47481	1.52774
47482	1.52774
47483	1.52775
47484	1.52775
47485	1.52775
47486	1.52775
47487	1.52775
47488	1.52775
47489	1.52775
47490	1.52775
47491	1.52775
47492	1.52775
47493	1.52776
47494	1.52776
47495	1.52776
47496	1.52776
47497	1.52776
47498	1.52776
47499	1.52776
47500	1.52776
47501	1.52776
47502	1.52776
47503	1.52777
47504	1.52777
47505	1.52777
47506	1.52777
47507	1.52777
47508	1.52777
47509	1.52777
47510	1.52777
47511	1.52777
47512	1.52777
47513	1.52777
47514	1.52778
47515	1.52778
47516	1.52778
47517	1.52778
47518	1.52778
47519	1.52778
47520	1.52778
47521	1.52778
47522	1.52778
47523	1.52778
47524	1.52778
47525	1.52779
47526	1.52779
47527	1.52779
47528	1.52779
47529	1.52779
47530	1.52779
47531	1.52779
47532	1.52779
47533	1.52779
47534	1.52779
47535	1.52779
47536	1.5278
47537	1.5278
47538	1.5278
47539	1.5278
47540	1.5278
47541	1.5278
47542	1.5278
47543	1.5278
47544	1.5278
47545	1.5278
47546	1.5278
47547	1.5278
47548	1.5278
47549	1.52781
47550	1.52781
47551	1.52781
47552	1.52781
47553	1.52781
47554	1.52781
47555	1.52781
47556	1.52781
47557	1.52781
47558	1.52781
47559	1.52781
47560	1.52781
47561	1.52782
47562	1.52782
47563	1.52782
47564	1.52782
47565	1.52782
47566	1.52782
47567	1.52782
47568	1.52782
47569	1.52782
47570	1.52782
47571	1.52782
47572	1.52782
47573	1.52782
47574	1.52782
47575	1.52783
47576	1.52783
47577	1.52783
47578	1.52783
47579	1.52783
47580	1.52783
47581	1.52783
47582	1.52783
47583	1.52783
47584	1.52783
47585	1.52783
47586	1.52783
47587	1.52783
47588	1.52783
47589	1.52783
47590	1.52784
47591	1.52784
47592	1.52784
47593	1.52784
47594	1.52784
47595	1.52784
47596	1.52784
47597	1.52784
47598	1.52784
47599	1.52784
47600	1.52784
47601	1.52784
47602	1.52784
47603	1.52784
47604	1.52784
47605	1.52784
47606	1.52784
47607	1.52785
47608	1.52785
47609	1.52785
47610	1.52785
47611	1.52785
47612	1.52785
47613	1.52785
47614	1.52785
47615	1.52785
47616	1.52785
47617	1.52785
47618	1.52785
47619	1.52785
47620	1.52785
47621	1.52785
47622	1.52785
47623	1.52785
47624	1.52785
47625	1.52785
47626	1.52785
47627	1.52786
47628	1.52786
47629	1.52786
47630	1.52786
47631	1.52786
47632	1.52786
47633	1.52786
47634	1.52786
47635	1.52786
47636	1.52786
47637	1.52786
47638	1.52786
47639	1.52786
47640	1.52786
47641	1.52786
47642	1.52786
47643	1.52786
47644	1.52786
47645	1.52786
47646	1.52786
47647	1.52786
47648	1.52786
47649	1.52786
47650	1.52786
47651	1.52786
47652	1.52786
47653	1.52786
47654	1.52786
47655	1.52786
47656	1.52786
47657	1.52786
47658	1.52786
47659	1.52786
47660	1.52787
47661	1.52787
47662	1.52787
47663	1.52787
47664	1.52787
47665	1.52787
47666	1.52787
47667	1.52787
47668	1.52787
47669	1.52787
47670	1.52787
47671	1.52787
47672	1.52787
47673	1.52787
47674	1.52787
47675	1.52787
47676	1.52787
47677	1.52787
47678	1.52787
47679	1.52787
47680	1.52787
47681	1.52787
47682	1.52787
47683	1.52787
47684	1.52787
47685	1.52787
47686	1.52787
47687	1.52787
47688	1.52786
47689	1.52786
47690	1.52786
47691	1.52786
47692	1.52786
47693	1.52786
47694	1.52786
47695	1.52786
47696	1.52786
47697	1.52786
47698	1.52786
47699	1.52786
47700	1.52786
47701	1.52786
47702	1.52786
47703	1.52786
47704	1.52786
47705	1.52786
47706	1.52786
47707	1.52786
47708	1.52786
47709	1.52786
47710	1.52786
47711	1.52786
47712	1.52786
47713	1.52786
47714	1.52786
47715	1.52786
47716	1.52785
47717	1.52785
47718	1.52785
47719	1.52785
47720	1.52785
47721	1.52785
47722	1.52785
47723	1.52785
47724	1.52785
47725	1.52785
47726	1.52785
47727	1.52785
47728	1.52785
47729	1.52785
47730	1.52785
47731	1.52784
47732	1.52784
47733	1.52784
47734	1.52784
47735	1.52784
47736	1.52784
47737	1.52784
47738	1.52784
47739	1.52784
47740	1.52784
47741	1.52784
47742	1.52783
47743	1.52783
47744	1.52783
47745	1.52783
47746	1.52783
47747	1.52783
47748	1.52783
47749	1.52783
47750	1.52783
47751	1.52782
47752	1.52782
47753	1.52782
47754	1.52782
47755	1.52782
47756	1.52782
47757	1.52782
47758	1.52782
47759	1.52781
47760	1.52781
47761	1.52781
47762	1.52781
47763	1.52781
47764	1.52781
47765	1.52781
47766	1.52781
47767	1.5278
47768	1.5278
47769	1.5278
47770	1.5278
47771	1.5278
47772	1.5278
47773	1.52779
47774	1.52779
47775	1.52779
47776	1.52779
47777	1.52779
47778	1.52779
47779	1.52778
47780	1.52778
47781	1.52778
47782	1.52778
47783	1.52778
47784	1.52778
47785	1.52777
47786	1.52777
47787	1.52777
47788	1.52777
47789	1.52777
47790	1.52776
47791	1.52776
47792	1.52776
47793	1.52776
47794	1.52776
47795	1.52776
47796	1.52775
47797	1.52775
47798	1.52775
47799	1.52775
47800	1.52775
47801	1.52774
47802	1.52774
47803	1.52774
47804	1.52774
47805	1.52773
47806	1.52773
47807	1.52773
47808	1.52773
47809	1.52773
47810	1.52772
47811	1.52772
47812	1.52772
47813	1.52772
47814	1.52771
47815	1.52771
47816	1.52771
47817	1.52771
47818	1.5277
47819	1.5277
47820	1.5277
47821	1.5277
47822	1.5277
47823	1.52769
47824	1.52769
47825	1.52769
47826	1.52769
47827	1.52768
47828	1.52768
47829	1.52768
47830	1.52768
47831	1.52767
47832	1.52767
47833	1.52767
47834	1.52767
47835	1.52766
47836	1.52766
47837	1.52766
47838	1.52765
47839	1.52765
47840	1.52765
47841	1.52765
47842	1.52764
47843	1.52764
47844	1.52764
47845	1.52764
47846	1.52763
47847	1.52763
47848	1.52763
47849	1.52762
47850	1.52762
47851	1.52762
47852	1.52762
47853	1.52761
47854	1.52761
47855	1.52761
47856	1.52761
47857	1.5276
47858	1.5276
47859	1.5276
47860	1.52759
47861	1.52759
47862	1.52759
47863	1.52759
47864	1.52758
47865	1.52758
47866	1.52758
47867	1.52757
47868	1.52757
47869	1.52757
47870	1.52757
47871	1.52756
47872	1.52756
47873	1.52756
47874	1.52755
47875	1.52755
47876	1.52755
47877	1.52755
47878	1.52754
47879	1.52754
47880	1.52754
47881	1.52753
47882	1.52753
47883	1.52753
47884	1.52753
47885	1.52752
47886	1.52752
47887	1.52752
47888	1.52751
47889	1.52751
47890	1.52751
47891	1.5275
47892	1.5275
47893	1.5275
47894	1.5275
47895	1.52749
47896	1.52749
47897	1.52749
47898	1.52749
47899	1.52748
47900	1.52748
47901	1.52748
47902	1.52747
47903	1.52747
47904	1.52747
47905	1.52747
47906	1.52746
47907	1.52746
47908	1.52746
47909	1.52745
47910	1.52745
47911	1.52745
47912	1.52745
47913	1.52744
47914	1.52744
47915	1.52744
47916	1.52744
47917	1.52743
47918	1.52743
47919	1.52743
47920	1.52743
47921	1.52742
47922	1.52742
47923	1.52742
47924	1.52742
47925	1.52741
47926	1.52741
47927	1.52741
47928	1.52741
47929	1.5274
47930	1.5274
47931	1.5274
47932	1.5274
47933	1.52739
47934	1.52739
47935	1.52739
47936	1.52739
47937	1.52738
47938	1.52738
47939	1.52738
47940	1.52738
47941	1.52738
47942	1.52737
47943	1.52737
47944	1.52737
47945	1.52737
47946	1.52737
47947	1.52736
47948	1.52736
47949	1.52736
47950	1.52736
47951	1.52736
47952	1.52735
47953	1.52735
47954	1.52735
47955	1.52735
47956	1.52735
47957	1.52734
47958	1.52734
47959	1.52734
47960	1.52734
47961	1.52734
47962	1.52734
47963	1.52733
47964	1.52733
47965	1.52733
47966	1.52733
47967	1.52733
47968	1.52733
47969	1.52733
47970	1.52732
47971	1.52732
47972	1.52732
47973	1.52732
47974	1.52732
47975	1.52732
47976	1.52732
47977	1.52732
47978	1.52731
47979	1.52731
47980	1.52731
47981	1.52731
47982	1.52731
47983	1.52731
47984	1.52731
47985	1.52731
47986	1.52731
47987	1.52731
47988	1.52731
47989	1.5273
47990	1.5273
47991	1.5273
47992	1.5273
47993	1.5273
47994	1.5273
47995	1.5273
47996	1.5273
47997	1.5273
47998	1.5273
47999	1.5273
48000	1.5273
48001	1.5273
48002	1.5273
48003	1.5273
48004	1.5273
48005	1.5273
48006	1.5273
48007	1.5273
48008	1.5273
48009	1.5273
48010	1.5273
48011	1.5273
48012	1.5273
48013	1.5273
48014	1.5273
48015	1.5273
48016	1.5273
48017	1.5273
48018	1.5273
48019	1.5273
48020	1.5273
48021	1.5273
48022	1.5273
48023	1.5273
48024	1.5273
48025	1.5273
48026	1.5273
48027	1.52731
48028	1.52731
48029	1.52731
48030	1.52731
48031	1.52731
48032	1.52731
48033	1.52731
48034	1.52731
48035	1.52731
48036	1.52731
48037	1.52731
48038	1.52732
48039	1.52732
48040	1.52732
48041	1.52732
48042	1.52732
48043	1.52732
48044	1.52732
48045	1.52732
48046	1.52733
48047	1.52733
48048	1.52733
48049	1.52733
48050	1.52733
48051	1.52733
48052	1.52733
48053	1.52734
48054	1.52734
48055	1.52734
48056	1.52734
48057	1.52734
48058	1.52735
48059	1.52735
48060	1.52735
48061	1.52735
48062	1.52735
48063	1.52736
48064	1.52736
48065	1.52736
48066	1.52736
48067	1.52736
48068	1.52737
48069	1.52737
48070	1.52737
48071	1.52737
48072	1.52737
48073	1.52738
48074	1.52738
48075	1.52738
48076	1.52738
48077	1.52739
48078	1.52739
48079	1.52739
48080	1.52739
48081	1.5274
48082	1.5274
48083	1.5274
48084	1.5274
48085	1.52741
48086	1.52741
48087	1.52741
48088	1.52741
48089	1.52742
48090	1.52742
48091	1.52742
48092	1.52743
48093	1.52743
48094	1.52743
48095	1.52743
48096	1.52744
48097	1.52744
48098	1.52744
48099	1.52745
48100	1.52745
48101	1.52745
48102	1.52746
48103	1.52746
48104	1.52746
48105	1.52746
48106	1.52747
48107	1.52747
48108	1.52747
48109	1.52748
48110	1.52748
48111	1.52748
48112	1.52749
48113	1.52749
48114	1.52749
48115	1.5275
48116	1.5275
48117	1.5275
48118	1.52751
48119	1.52751
48120	1.52751
48121	1.52752
48122	1.52752
48123	1.52752
48124	1.52753
48125	1.52753
48126	1.52753
48127	1.52754
48128	1.52754
48129	1.52754
48130	1.52755
48131	1.52755
48132	1.52755
48133	1.52756
48134	1.52756
48135	1.52756
48136	1.52757
48137	1.52757
48138	1.52758
48139	1.52758
48140	1.52758
48141	1.52759
48142	1.52759
48143	1.52759
48144	1.5276
48145	1.5276
48146	1.5276
48147	1.52761
48148	1.52761
48149	1.52761
48150	1.52762
48151	1.52762
48152	1.52762
48153	1.52763
48154	1.52763
48155	1.52764
48156	1.52764
48157	1.52764
48158	1.52765
48159	1.52765
48160	1.52765
48161	1.52766
48162	1.52766
48163	1.52766
48164	1.52767
48165	1.52767
48166	1.52767
48167	1.52768
48168	1.52768
48169	1.52769
48170	1.52769
48171	1.52769
48172	1.5277
48173	1.5277
48174	1.5277
48175	1.52771
48176	1.52771
48177	1.52771
48178	1.52772
48179	1.52772
48180	1.52772
48181	1.52773
48182	1.52773
48183	1.52773
48184	1.52774
48185	1.52774
48186	1.52774
48187	1.52775
48188	1.52775
48189	1.52775
48190	1.52776
48191	1.52776
48192	1.52776
48193	1.52777
48194	1.52777
48195	1.52777
48196	1.52778
48197	1.52778
48198	1.52778
48199	1.52779
48200	1.52779
48201	1.52779
48202	1.5278
48203	1.5278
48204	1.5278
48205	1.5278
48206	1.52781
48207	1.52781
48208	1.52781
48209	1.52782
48210	1.52782
48211	1.52782
48212	1.52783
48213	1.52783
48214	1.52783
48215	1.52783
48216	1.52784
48217	1.52784
48218	1.52784
48219	1.52785
48220	1.52785
48221	1.52785
48222	1.52785
48223	1.52786
48224	1.52786
48225	1.52786
48226	1.52786
48227	1.52787
48228	1.52787
48229	1.52787
48230	1.52788
48231	1.52788
48232	1.52788
48233	1.52788
48234	1.52789
48235	1.52789
48236	1.52789
48237	1.52789
48238	1.5279
48239	1.5279
48240	1.5279
48241	1.5279
48242	1.5279
48243	1.52791
48244	1.52791
48245	1.52791
48246	1.52791
48247	1.52792
48248	1.52792
48249	1.52792
48250	1.52792
48251	1.52792
48252	1.52793
48253	1.52793
48254	1.52793
48255	1.52793
48256	1.52793
48257	1.52794
48258	1.52794
48259	1.52794
48260	1.52794
48261	1.52794
48262	1.52795
48263	1.52795
48264	1.52795
48265	1.52795
48266	1.52795
48267	1.52795
48268	1.52796
48269	1.52796
48270	1.52796
48271	1.52796
48272	1.52796
48273	1.52796
48274	1.52797
48275	1.52797
48276	1.52797
48277	1.52797
48278	1.52797
48279	1.52797
48280	1.52797
48281	1.52798
48282	1.52798
48283	1.52798
48284	1.52798
48285	1.52798
48286	1.52798
48287	1.52798
48288	1.52798
48289	1.52798
48290	1.52799
48291	1.52799
48292	1.52799
48293	1.52799
48294	1.52799
48295	1.52799
48296	1.52799
48297	1.52799
48298	1.52799
48299	1.52799
48300	1.528
48301	1.528
48302	1.528
48303	1.528
48304	1.528
48305	1.528
48306	1.528
48307	1.528
48308	1.528
48309	1.528
48310	1.528
48311	1.528
48312	1.528
48313	1.528
48314	1.52801
48315	1.52801
48316	1.52801
48317	1.52801
48318	1.52801
48319	1.52801
48320	1.52801
48321	1.52801
48322	1.52801
48323	1.52801
48324	1.52801
48325	1.52801
48326	1.52801
48327	1.52801
48328	1.52801
48329	1.52801
48330	1.52801
48331	1.52801
48332	1.52801
48333	1.52801
48334	1.52801
48335	1.52801
48336	1.52801
48337	1.52801
48338	1.52801
48339	1.52801
48340	1.52801
48341	1.52801
48342	1.52801
48343	1.52801
48344	1.52801
48345	1.52801
48346	1.52801
48347	1.52801
48348	1.52801
48349	1.52801
48350	1.52801
48351	1.52801
48352	1.52801
48353	1.52801
48354	1.52801
48355	1.52801
48356	1.52801
48357	1.52801
48358	1.52801
48359	1.52801
48360	1.52801
48361	1.52801
48362	1.52801
48363	1.52801
48364	1.52801
48365	1.52801
48366	1.528
48367	1.528
48368	1.528
48369	1.528
48370	1.528
48371	1.528
48372	1.528
48373	1.528
48374	1.528
48375	1.528
48376	1.528
48377	1.528
48378	1.528
48379	1.528
48380	1.528
48381	1.528
48382	1.528
48383	1.52799
48384	1.52799
48385	1.52799
48386	1.52799
48387	1.52799
48388	1.52799
48389	1.52799
48390	1.52799
48391	1.52799
48392	1.52799
48393	1.52799
48394	1.52799
48395	1.52799
48396	1.52798
48397	1.52798
48398	1.52798
48399	1.52798
48400	1.52798
48401	1.52798
48402	1.52798
48403	1.52798
48404	1.52798
48405	1.52798
48406	1.52798
48407	1.52798
48408	1.52797
48409	1.52797
48410	1.52797
48411	1.52797
48412	1.52797
48413	1.52797
48414	1.52797
48415	1.52797
48416	1.52797
48417	1.52797
48418	1.52796
48419	1.52796
48420	1.52796
48421	1.52796
48422	1.52796
48423	1.52796
48424	1.52796
48425	1.52796
48426	1.52796
48427	1.52796
48428	1.52795
48429	1.52795
48430	1.52795
48431	1.52795
48432	1.52795
48433	1.52795
48434	1.52795
48435	1.52795
48436	1.52795
48437	1.52794
48438	1.52794
48439	1.52794
48440	1.52794
48441	1.52794
48442	1.52794
48443	1.52794
48444	1.52794
48445	1.52794
48446	1.52793
48447	1.52793
48448	1.52793
48449	1.52793
48450	1.52793
48451	1.52793
48452	1.52793
48453	1.52793
48454	1.52793
48455	1.52792
48456	1.52792
48457	1.52792
48458	1.52792
48459	1.52792
48460	1.52792
48461	1.52792
48462	1.52792
48463	1.52791
48464	1.52791
48465	1.52791
48466	1.52791
48467	1.52791
48468	1.52791
48469	1.52791
48470	1.52791
48471	1.52791
48472	1.5279
48473	1.5279
48474	1.5279
48475	1.5279
48476	1.5279
48477	1.5279
48478	1.5279
48479	1.5279
48480	1.5279
48481	1.52789
48482	1.52789
48483	1.52789
48484	1.52789
48485	1.52789
48486	1.52789
48487	1.52789
48488	1.52789
48489	1.52789
48490	1.52788
48491	1.52788
48492	1.52788
48493	1.52788
48494	1.52788
48495	1.52788
48496	1.52788
48497	1.52788
48498	1.52788
48499	1.52787
48500	1.52787
48501	1.52787
48502	1.52787
48503	1.52787
48504	1.52787
48505	1.52787
48506	1.52787
48507	1.52787
48508	1.52786
48509	1.52786
48510	1.52786
48511	1.52786
48512	1.52786
48513	1.52786
48514	1.52786
48515	1.52786
48516	1.52786
48517	1.52785
48518	1.52785
48519	1.52785
48520	1.52785
48521	1.52785
48522	1.52785
48523	1.52785
48524	1.52785
48525	1.52785
48526	1.52785
48527	1.52784
48528	1.52784
48529	1.52784
48530	1.52784
48531	1.52784
48532	1.52784
48533	1.52784
48534	1.52784
48535	1.52784
48536	1.52784
48537	1.52783
48538	1.52783
48539	1.52783
48540	1.52783
48541	1.52783
48542	1.52783
48543	1.52783
48544	1.52783
48545	1.52783
48546	1.52783
48547	1.52783
48548	1.52782
48549	1.52782
48550	1.52782
48551	1.52782
48552	1.52782
48553	1.52782
48554	1.52782
48555	1.52782
48556	1.52782
48557	1.52782
48558	1.52782
48559	1.52781
48560	1.52781
48561	1.52781
48562	1.52781
48563	1.52781
48564	1.52781
48565	1.52781
48566	1.52781
48567	1.52781
48568	1.52781
48569	1.52781
48570	1.52781
48571	1.5278
48572	1.5278
48573	1.5278
48574	1.5278
48575	1.5278
48576	1.5278
48577	1.5278
48578	1.5278
48579	1.5278
48580	1.5278
48581	1.5278
48582	1.5278
48583	1.52779
48584	1.52779
48585	1.52779
48586	1.52779
48587	1.52779
48588	1.52779
48589	1.52779
48590	1.52779
48591	1.52779
48592	1.52779
48593	1.52779
48594	1.52779
48595	1.52779
48596	1.52779
48597	1.52778
48598	1.52778
48599	1.52778
48600	1.52778
48601	1.52778
48602	1.52778
48603	1.52778
48604	1.52778
48605	1.52778
48606	1.52778
48607	1.52778
48608	1.52778
48609	1.52778
48610	1.52778
48611	1.52777
48612	1.52777
48613	1.52777
48614	1.52777
48615	1.52777
48616	1.52777
48617	1.52777
48618	1.52777
48619	1.52777
48620	1.52777
48621	1.52777
48622	1.52777
48623	1.52777
48624	1.52777
48625	1.52777
48626	1.52777
48627	1.52776
48628	1.52776
48629	1.52776
48630	1.52776
48631	1.52776
48632	1.52776
48633	1.52776
48634	1.52776
48635	1.52776
48636	1.52776
48637	1.52776
48638	1.52776
48639	1.52776
48640	1.52776
48641	1.52776
48642	1.52776
48643	1.52776
48644	1.52776
48645	1.52775
48646	1.52775
48647	1.52775
48648	1.52775
48649	1.52775
48650	1.52775
48651	1.52775
48652	1.52775
48653	1.52775
48654	1.52775
48655	1.52775
48656	1.52775
48657	1.52775
48658	1.52775
48659	1.52775
48660	1.52775
48661	1.52775
48662	1.52775
48663	1.52775
48664	1.52774
48665	1.52774
48666	1.52774
48667	1.52774
48668	1.52774
48669	1.52774
48670	1.52774
48671	1.52774
48672	1.52774
48673	1.52774
48674	1.52774
48675	1.52774
48676	1.52774
48677	1.52774
48678	1.52774
48679	1.52774
48680	1.52774
48681	1.52774
48682	1.52774
48683	1.52774
48684	1.52774
48685	1.52774
48686	1.52774
48687	1.52774
48688	1.52773
48689	1.52773
48690	1.52773
48691	1.52773
48692	1.52773
48693	1.52773
48694	1.52773
48695	1.52773
48696	1.52773
48697	1.52773
48698	1.52773
48699	1.52773
48700	1.52773
48701	1.52773
48702	1.52773
48703	1.52773
48704	1.52773
48705	1.52773
48706	1.52773
48707	1.52773
48708	1.52773
48709	1.52773
48710	1.52773
48711	1.52773
48712	1.52773
48713	1.52773
48714	1.52773
48715	1.52773
48716	1.52773
48717	1.52773
48718	1.52772
48719	1.52772
48720	1.52772
48721	1.52772
48722	1.52772
48723	1.52772
48724	1.52772
48725	1.52772
48726	1.52772
48727	1.52772
48728	1.52772
48729	1.52772
48730	1.52772
48731	1.52772
48732	1.52772
48733	1.52772
48734	1.52772
48735	1.52772
48736	1.52772
48737	1.52772
48738	1.52772
48739	1.52772
48740	1.52772
48741	1.52772
48742	1.52772
48743	1.52772
48744	1.52772
48745	1.52772
48746	1.52772
48747	1.52772
48748	1.52772
48749	1.52772
48750	1.52772
48751	1.52772
48752	1.52772
48753	1.52772
48754	1.52772
48755	1.52772
48756	1.52772
48757	1.52772
48758	1.52772
48759	1.52772
48760	1.52772
48761	1.52772
48762	1.52772
48763	1.52772
48764	1.52772
48765	1.52772
48766	1.52772
48767	1.52772
48768	1.52772
48769	1.52772
48770	1.52772
48771	1.52772
48772	1.52772
48773	1.52772
48774	1.52772
48775	1.52772
48776	1.52772
48777	1.52772
48778	1.52772
48779	1.52772
48780	1.52772
48781	1.52772
48782	1.52772
48783	1.52772
48784	1.52772
48785	1.52772
48786	1.52772
48787	1.52772
48788	1.52772
48789	1.52772
48790	1.52772
48791	1.52772
48792	1.52772
48793	1.52772
48794	1.52772
48795	1.52772
48796	1.52772
48797	1.52772
48798	1.52772
48799	1.52772
48800	1.52772
48801	1.52772
48802	1.52772
48803	1.52772
48804	1.52773
48805	1.52773
48806	1.52773
48807	1.52773
48808	1.52773
48809	1.52773
48810	1.52773
48811	1.52773
48812	1.52773
48813	1.52773
48814	1.52773
48815	1.52773
48816	1.52773
48817	1.52773
48818	1.52773
48819	1.52773
48820	1.52773
48821	1.52773
48822	1.52773
48823	1.52773
48824	1.52774
48825	1.52774
48826	1.52774
48827	1.52774
48828	1.52774
48829	1.52774
48830	1.52774
48831	1.52774
48832	1.52774
48833	1.52774
48834	1.52774
48835	1.52774
48836	1.52774
48837	1.52774
48838	1.52775
48839	1.52775
48840	1.52775
48841	1.52775
48842	1.52775
48843	1.52775
48844	1.52775
48845	1.52775
48846	1.52775
48847	1.52775
48848	1.52775
48849	1.52775
48850	1.52776
48851	1.52776
48852	1.52776
48853	1.52776
48854	1.52776
48855	1.52776
48856	1.52776
48857	1.52776
48858	1.52776
48859	1.52777
48860	1.52777
48861	1.52777
48862	1.52777
48863	1.52777
48864	1.52777
48865	1.52777
48866	1.52777
48867	1.52777
48868	1.52778
48869	1.52778
48870	1.52778
48871	1.52778
48872	1.52778
48873	1.52778
48874	1.52778
48875	1.52779
48876	1.52779
48877	1.52779
48878	1.52779
48879	1.52779
48880	1.52779
48881	1.52779
48882	1.5278
48883	1.5278
48884	1.5278
48885	1.5278
48886	1.5278
48887	1.5278
48888	1.5278
48889	1.52781
48890	1.52781
48891	1.52781
48892	1.52781
48893	1.52781
48894	1.52781
48895	1.52782
48896	1.52782
48897	1.52782
48898	1.52782
48899	1.52782
48900	1.52782
48901	1.52783
48902	1.52783
48903	1.52783
48904	1.52783
48905	1.52783
48906	1.52784
48907	1.52784
48908	1.52784
48909	1.52784
48910	1.52784
48911	1.52785
48912	1.52785
48913	1.52785
48914	1.52785
48915	1.52785
48916	1.52786
48917	1.52786
48918	1.52786
48919	1.52786
48920	1.52786
48921	1.52787
48922	1.52787
48923	1.52787
48924	1.52787
48925	1.52787
48926	1.52788
48927	1.52788
48928	1.52788
48929	1.52788
48930	1.52788
48931	1.52789
48932	1.52789
48933	1.52789
48934	1.52789
48935	1.5279
48936	1.5279
48937	1.5279
48938	1.5279
48939	1.52791
48940	1.52791
48941	1.52791
48942	1.52791
48943	1.52791
48944	1.52792
48945	1.52792
48946	1.52792
48947	1.52792
48948	1.52793
48949	1.52793
48950	1.52793
48951	1.52793
48952	1.52794
48953	1.52794
48954	1.52794
48955	1.52794
48956	1.52795
48957	1.52795
48958	1.52795
48959	1.52795
48960	1.52796
48961	1.52796
48962	1.52796
48963	1.52796
48964	1.52797
48965	1.52797
48966	1.52797
48967	1.52797
48968	1.52798
48969	1.52798
48970	1.52798
48971	1.52798
48972	1.52799
48973	1.52799
48974	1.52799
48975	1.52799
48976	1.528
48977	1.528
48978	1.528
48979	1.528
48980	1.52801
48981	1.52801
48982	1.52801
48983	1.52801
48984	1.52802
48985	1.52802
48986	1.52802
48987	1.52803
48988	1.52803
48989	1.52803
48990	1.52803
48991	1.52804
48992	1.52804
48993	1.52804
48994	1.52804
48995	1.52805
48996	1.52805
48997	1.52805
48998	1.52805
48999	1.52806
49000	1.52806
49001	1.52806
49002	1.52806
49003	1.52807
49004	1.52807
49005	1.52807
49006	1.52807
49007	1.52808
49008	1.52808
49009	1.52808
49010	1.52808
49011	1.52809
49012	1.52809
49013	1.52809
49014	1.52809
49015	1.5281
49016	1.5281
49017	1.5281
49018	1.5281
49019	1.5281
49020	1.52811
49021	1.52811
49022	1.52811
49023	1.52811
49024	1.52812
49025	1.52812
49026	1.52812
49027	1.52812
49028	1.52813
49029	1.52813
49030	1.52813
49031	1.52813
49032	1.52813
49033	1.52814
49034	1.52814
49035	1.52814
49036	1.52814
49037	1.52815
49038	1.52815
49039	1.52815
49040	1.52815
49041	1.52815
49042	1.52816
49043	1.52816
49044	1.52816
49045	1.52816
49046	1.52816
49047	1.52817
49048	1.52817
49049	1.52817
49050	1.52817
49051	1.52817
49052	1.52817
49053	1.52818
49054	1.52818
49055	1.52818
49056	1.52818
49057	1.52818
49058	1.52818
49059	1.52819
49060	1.52819
49061	1.52819
49062	1.52819
49063	1.52819
49064	1.52819
49065	1.5282
49066	1.5282
49067	1.5282
49068	1.5282
49069	1.5282
49070	1.5282
49071	1.5282
49072	1.52821
49073	1.52821
49074	1.52821
49075	1.52821
49076	1.52821
49077	1.52821
49078	1.52821
49079	1.52821
49080	1.52821
49081	1.52822
49082	1.52822
49083	1.52822
49084	1.52822
49085	1.52822
49086	1.52822
49087	1.52822
49088	1.52822
49089	1.52822
49090	1.52822
49091	1.52822
49092	1.52822
49093	1.52823
49094	1.52823
49095	1.52823
49096	1.52823
49097	1.52823
49098	1.52823
49099	1.52823
49100	1.52823
49101	1.52823
49102	1.52823
49103	1.52823
49104	1.52823
49105	1.52823
49106	1.52823
49107	1.52823
49108	1.52823
49109	1.52823
49110	1.52823
49111	1.52823
49112	1.52823
49113	1.52823
49114	1.52823
49115	1.52823
49116	1.52823
49117	1.52823
49118	1.52823
49119	1.52823
49120	1.52823
49121	1.52823
49122	1.52823
49123	1.52823
49124	1.52823
49125	1.52823
49126	1.52823
49127	1.52823
49128	1.52823
49129	1.52823
49130	1.52823
49131	1.52823
49132	1.52822
49133	1.52822
49134	1.52822
49135	1.52822
49136	1.52822
49137	1.52822
49138	1.52822
49139	1.52822
49140	1.52822
49141	1.52822
49142	1.52822
49143	1.52821
49144	1.52821
49145	1.52821
49146	1.52821
49147	1.52821
49148	1.52821
49149	1.52821
49150	1.52821
49151	1.5282
49152	1.5282
49153	1.5282
49154	1.5282
49155	1.5282
49156	1.5282
49157	1.5282
49158	1.52819
49159	1.52819
49160	1.52819
49161	1.52819
49162	1.52819
49163	1.52819
49164	1.52818
49165	1.52818
49166	1.52818
49167	1.52818
49168	1.52818
49169	1.52818
49170	1.52817
49171	1.52817
49172	1.52817
49173	1.52817
49174	1.52817
49175	1.52816
49176	1.52816
49177	1.52816
49178	1.52816
49179	1.52815
49180	1.52815
49181	1.52815
49182	1.52815
49183	1.52815
49184	1.52814
49185	1.52814
49186	1.52814
49187	1.52814
49188	1.52813
49189	1.52813
49190	1.52813
49191	1.52813
49192	1.52812
49193	1.52812
49194	1.52812
49195	1.52812
49196	1.52811
49197	1.52811
49198	1.52811
49199	1.5281
49200	1.5281
49201	1.5281
49202	1.5281
49203	1.52809
49204	1.52809
49205	1.52809
49206	1.52808
49207	1.52808
49208	1.52808
49209	1.52808
49210	1.52807
49211	1.52807
49212	1.52807
49213	1.52806
49214	1.52806
49215	1.52806
49216	1.52806
49217	1.52805
49218	1.52805
49219	1.52805
49220	1.52804
49221	1.52804
49222	1.52804
49223	1.52803
49224	1.52803
49225	1.52803
49226	1.52802
49227	1.52802
49228	1.52802
49229	1.52801
49230	1.52801
49231	1.52801
49232	1.528
49233	1.528
49234	1.528
49235	1.52799
49236	1.52799
49237	1.52799
49238	1.52798
49239	1.52798
49240	1.52798
49241	1.52797
49242	1.52797
49243	1.52797
49244	1.52796
49245	1.52796
49246	1.52796
49247	1.52795
49248	1.52795
49249	1.52795
49250	1.52794
49251	1.52794
49252	1.52794
49253	1.52793
49254	1.52793
49255	1.52793
49256	1.52792
49257	1.52792
49258	1.52792
49259	1.52791
49260	1.52791
49261	1.52791
49262	1.5279
49263	1.5279
49264	1.5279
49265	1.52789
49266	1.52789
49267	1.52789
49268	1.52788
49269	1.52788
49270	1.52788
49271	1.52787
49272	1.52787
49273	1.52787
49274	1.52786
49275	1.52786
49276	1.52786
49277	1.52785
49278	1.52785
49279	1.52785
49280	1.52784
49281	1.52784
49282	1.52784
49283	1.52783
49284	1.52783
49285	1.52783
49286	1.52782
49287	1.52782
49288	1.52782
49289	1.52781
49290	1.52781
49291	1.52781
49292	1.5278
49293	1.5278
49294	1.5278
49295	1.52779
49296	1.52779
49297	1.52779
49298	1.52778
49299	1.52778
49300	1.52778
49301	1.52777
49302	1.52777
49303	1.52777
49304	1.52776
49305	1.52776
49306	1.52776
49307	1.52775
49308	1.52775
49309	1.52775
49310	1.52775
49311	1.52774
49312	1.52774
49313	1.52774
49314	1.52773
49315	1.52773
49316	1.52773
49317	1.52772
49318	1.52772
49319	1.52772
49320	1.52772
49321	1.52771
49322	1.52771
49323	1.52771
49324	1.5277
49325	1.5277
49326	1.5277
49327	1.5277
49328	1.52769
49329	1.52769
49330	1.52769
49331	1.52769
49332	1.52768
49333	1.52768
49334	1.52768
49335	1.52768
49336	1.52767
49337	1.52767
49338	1.52767
49339	1.52767
49340	1.52766
49341	1.52766
49342	1.52766
49343	1.52766
49344	1.52765
49345	1.52765
49346	1.52765
49347	1.52765
49348	1.52764
49349	1.52764
49350	1.52764
49351	1.52764
49352	1.52763
49353	1.52763
49354	1.52763
49355	1.52763
49356	1.52763
49357	1.52762
49358	1.52762
49359	1.52762
49360	1.52762
49361	1.52762
49362	1.52761
49363	1.52761
49364	1.52761
49365	1.52761
49366	1.52761
49367	1.5276
49368	1.5276
49369	1.5276
49370	1.5276
49371	1.5276
49372	1.5276
49373	1.52759
49374	1.52759
49375	1.52759
49376	1.52759
49377	1.52759
49378	1.52759
49379	1.52758
49380	1.52758
49381	1.52758
49382	1.52758
49383	1.52758
49384	1.52758
49385	1.52757
49386	1.52757
49387	1.52757
49388	1.52757
49389	1.52757
49390	1.52757
49391	1.52757
49392	1.52757
49393	1.52756
49394	1.52756
49395	1.52756
49396	1.52756
49397	1.52756
49398	1.52756
49399	1.52756
49400	1.52756
49401	1.52756
49402	1.52755
49403	1.52755
49404	1.52755
49405	1.52755
49406	1.52755
49407	1.52755
49408	1.52755
49409	1.52755
49410	1.52755
49411	1.52755
49412	1.52755
49413	1.52754
49414	1.52754
49415	1.52754
49416	1.52754
49417	1.52754
49418	1.52754
49419	1.52754
49420	1.52754
49421	1.52754
49422	1.52754
49423	1.52754
49424	1.52754
49425	1.52754
49426	1.52754
49427	1.52754
49428	1.52754
49429	1.52754
49430	1.52754
49431	1.52754
49432	1.52753
49433	1.52753
49434	1.52753
49435	1.52753
49436	1.52753
49437	1.52753
49438	1.52753
49439	1.52753
49440	1.52753
49441	1.52753
49442	1.52753
49443	1.52753
49444	1.52753
49445	1.52753
49446	1.52753
49447	1.52753
49448	1.52753
49449	1.52753
49450	1.52753
49451	1.52753
49452	1.52753
49453	1.52753
49454	1.52753
49455	1.52753
49456	1.52753
49457	1.52753
49458	1.52753
49459	1.52753
49460	1.52753
49461	1.52753
49462	1.52753
49463	1.52753
49464	1.52754
49465	1.52754
49466	1.52754
49467	1.52754
49468	1.52754
49469	1.52754
49470	1.52754
49471	1.52754
49472	1.52754
49473	1.52754
49474	1.52754
49475	1.52754
49476	1.52754
49477	1.52754
49478	1.52754
49479	1.52754
49480	1.52754
49481	1.52754
49482	1.52754
49483	1.52754
49484	1.52754
49485	1.52755
49486	1.52755
49487	1.52755
49488	1.52755
49489	1.52755
49490	1.52755
49491	1.52755
49492	1.52755
49493	1.52755
49494	1.52755
49495	1.52755
49496	1.52755
49497	1.52755
49498	1.52755
49499	1.52756
49500	1.52756
49501	1.52756
49502	1.52756
49503	1.52756
49504	1.52756
49505	1.52756
49506	1.52756
49507	1.52756
49508	1.52756
49509	1.52756
49510	1.52756
49511	1.52757
49512	1.52757
49513	1.52757
49514	1.52757
49515	1.52757
49516	1.52757
49517	1.52757
49518	1.52757
49519	1.52757
49520	1.52757
49521	1.52758
49522	1.52758
49523	1.52758
49524	1.52758
49525	1.52758
49526	1.52758
49527	1.52758
49528	1.52758
49529	1.52758
49530	1.52759
49531	1.52759
49532	1.52759
49533	1.52759
49534	1.52759
49535	1.52759
49536	1.52759
49537	1.52759
49538	1.52759
49539	1.5276
49540	1.5276
49541	1.5276
49542	1.5276
49543	1.5276
49544	1.5276
49545	1.5276
49546	1.5276
49547	1.5276
49548	1.52761
49549	1.52761
49550	1.52761
49551	1.52761
49552	1.52761
49553	1.52761
49554	1.52761
49555	1.52761
49556	1.52762
49557	1.52762
49558	1.52762
49559	1.52762
49560	1.52762
49561	1.52762
49562	1.52762
49563	1.52762
49564	1.52762
49565	1.52763
49566	1.52763
49567	1.52763
49568	1.52763
49569	1.52763
49570	1.52763
49571	1.52763
49572	1.52763
49573	1.52764
49574	1.52764
49575	1.52764
49576	1.52764
49577	1.52764
49578	1.52764
49579	1.52764
49580	1.52764
49581	1.52765
49582	1.52765
49583	1.52765
49584	1.52765
49585	1.52765
49586	1.52765
49587	1.52765
49588	1.52765
49589	1.52766
49590	1.52766
49591	1.52766
49592	1.52766
49593	1.52766
49594	1.52766
49595	1.52766
49596	1.52766
49597	1.52767
49598	1.52767
49599	1.52767
49600	1.52767
49601	1.52767
49602	1.52767
49603	1.52767
49604	1.52767
49605	1.52768
49606	1.52768
49607	1.52768
49608	1.52768
49609	1.52768
49610	1.52768
49611	1.52768
49612	1.52768
49613	1.52769
49614	1.52769
49615	1.52769
49616	1.52769
49617	1.52769
49618	1.52769
49619	1.52769
49620	1.52769
49621	1.5277
49622	1.5277
49623	1.5277
49624	1.5277
49625	1.5277
49626	1.5277
49627	1.5277
49628	1.5277
49629	1.52771
49630	1.52771
49631	1.52771
49632	1.52771
49633	1.52771
49634	1.52771
49635	1.52771
49636	1.52771
49637	1.52771
49638	1.52772
49639	1.52772
49640	1.52772
49641	1.52772
49642	1.52772
49643	1.52772
49644	1.52772
49645	1.52772
49646	1.52772
49647	1.52773
49648	1.52773
49649	1.52773
49650	1.52773
49651	1.52773
49652	1.52773
49653	1.52773
49654	1.52773
49655	1.52773
49656	1.52774
49657	1.52774
49658	1.52774
49659	1.52774
49660	1.52774
49661	1.52774
49662	1.52774
49663	1.52774
49664	1.52774
49665	1.52774
49666	1.52775
49667	1.52775
49668	1.52775
49669	1.52775
49670	1.52775
49671	1.52775
49672	1.52775
49673	1.52775
49674	1.52775
49675	1.52776
49676	1.52776
49677	1.52776
49678	1.52776
49679	1.52776
49680	1.52776
49681	1.52776
49682	1.52776
49683	1.52776
49684	1.52776
49685	1.52776
49686	1.52777
49687	1.52777
49688	1.52777
49689	1.52777
49690	1.52777
49691	1.52777
49692	1.52777
49693	1.52777
49694	1.52777
49695	1.52777
49696	1.52777
49697	1.52778
49698	1.52778
49699	1.52778
49700	1.52778
49701	1.52778
49702	1.52778
49703	1.52778
49704	1.52778
49705	1.52778
49706	1.52778
49707	1.52778
49708	1.52778
49709	1.52779
49710	1.52779
49711	1.52779
49712	1.52779
49713	1.52779
49714	1.52779
49715	1.52779
49716	1.52779
49717	1.52779
49718	1.52779
49719	1.52779
49720	1.52779
49721	1.52779
49722	1.5278
49723	1.5278
49724	1.5278
49725	1.5278
49726	1.5278
49727	1.5278
49728	1.5278
49729	1.5278
49730	1.5278
49731	1.5278
49732	1.5278
49733	1.5278
49734	1.5278
49735	1.5278
49736	1.5278
49737	1.52781
49738	1.52781
49739	1.52781
49740	1.52781
49741	1.52781
49742	1.52781
49743	1.52781
49744	1.52781
49745	1.52781
49746	1.52781
49747	1.52781
49748	1.52781
49749	1.52781
49750	1.52781
49751	1.52781
49752	1.52781
49753	1.52781
49754	1.52782
49755	1.52782
49756	1.52782
49757	1.52782
49758	1.52782
49759	1.52782
49760	1.52782
49761	1.52782
49762	1.52782
49763	1.52782
49764	1.52782
49765	1.52782
49766	1.52782
49767	1.52782
49768	1.52782
49769	1.52782
49770	1.52782
49771	1.52782
49772	1.52782
49773	1.52782
49774	1.52782
49775	1.52782
49776	1.52783
49777	1.52783
49778	1.52783
49779	1.52783
49780	1.52783
49781	1.52783
49782	1.52783
49783	1.52783
49784	1.52783
49785	1.52783
49786	1.52783
49787	1.52783
49788	1.52783
49789	1.52783
49790	1.52783
49791	1.52783
49792	1.52783
49793	1.52783
49794	1.52783
49795	1.52783
49796	1.52783
49797	1.52783
49798	1.52783
49799	1.52783
49800	1.52783
49801	1.52783
49802	1.52783
49803	1.52783
49804	1.52783
49805	1.52783
49806	1.52783
49807	1.52783
49808	1.52783
49809	1.52783
49810	1.52783
49811	1.52783
49812	1.52783
49813	1.52783
49814	1.52783
49815	1.52783
49816	1.52783
49817	1.52783
49818	1.52783
49819	1.52783
49820	1.52783
49821	1.52783
49822	1.52783
49823	1.52783
49824	1.52783
49825	1.52783
49826	1.52783
49827	1.52783
49828	1.52783
49829	1.52783
49830	1.52783
49831	1.52783
49832	1.52783
49833	1.52783
49834	1.52783
49835	1.52783
49836	1.52783
49837	1.52783
49838	1.52783
49839	1.52783
49840	1.52783
49841	1.52783
49842	1.52783
49843	1.52783
49844	1.52783
49845	1.52783
49846	1.52783
49847	1.52783
49848	1.52783
49849	1.52783
49850	1.52783
49851	1.52783
49852	1.52783
49853	1.52783
49854	1.52783
49855	1.52783
49856	1.52783
49857	1.52783
49858	1.52783
49859	1.52783
49860	1.52783
49861	1.52783
49862	1.52783
49863	1.52783
49864	1.52783
49865	1.52782
49866	1.52782
49867	1.52782
49868	1.52782
49869	1.52782
49870	1.52782
49871	1.52782
49872	1.52782
49873	1.52782
49874	1.52782
49875	1.52782
49876	1.52782
49877	1.52782
49878	1.52782
49879	1.52782
49880	1.52782
49881	1.52782
49882	1.52782
49883	1.52782
49884	1.52782
49885	1.52781
49886	1.52781
49887	1.52781
49888	1.52781
49889	1.52781
49890	1.52781
49891	1.52781
49892	1.52781
49893	1.52781
49894	1.52781
49895	1.52781
49896	1.52781
49897	1.52781
49898	1.52781
49899	1.5278
49900	1.5278
49901	1.5278
49902	1.5278
49903	1.5278
49904	1.5278
49905	1.5278
49906	1.5278
49907	1.5278
49908	1.5278
49909	1.5278
49910	1.5278
49911	1.52779
49912	1.52779
49913	1.52779
49914	1.52779
49915	1.52779
49916	1.52779
49917	1.52779
49918	1.52779
49919	1.52779
49920	1.52779
49921	1.52778
49922	1.52778
49923	1.52778
49924	1.52778
49925	1.52778
49926	1.52778
49927	1.52778
49928	1.52778
49929	1.52778
49930	1.52777
49931	1.52777
49932	1.52777
49933	1.52777
49934	1.52777
49935	1.52777
49936	1.52777
49937	1.52777
49938	1.52777
49939	1.52776
49940	1.52776
49941	1.52776
49942	1.52776
49943	1.52776
49944	1.52776
49945	1.52776
49946	1.52775
49947	1.52775
49948	1.52775
49949	1.52775
49950	1.52775
49951	1.52775
49952	1.52775
49953	1.52775
49954	1.52774
49955	1.52774
49956	1.52774
49957	1.52774
49958	1.52774
49959	1.52774
49960	1.52774
49961	1.52773
49962	1.52773
49963	1.52773
49964	1.52773
49965	1.52773
49966	1.52773
49967	1.52772
49968	1.52772
49969	1.52772
49970	1.52772
49971	1.52772
49972	1.52772
49973	1.52772
49974	1.52771
49975	1.52771
49976	1.52771
49977	1.52771
49978	1.52771
49979	1.52771
49980	1.5277
49981	1.5277
49982	1.5277
49983	1.5277
49984	1.5277
49985	1.52769
49986	1.52769
49987	1.52769
49988	1.52769
49989	1.52769
49990	1.52769
49991	1.52768
49992	1.52768
49993	1.52768
49994	1.52768
49995	1.52768
49996	1.52768
49997	1.52767
49998	1.52767
49999	1.52767
50000	1.52767
50001	1.52767
50002	1.52766
50003	1.52766
50004	1.52766
50005	1.52766
50006	1.52766
50007	1.52765
50008	1.52765
50009	1.52765
50010	1.52765
50011	1.52765
50012	1.52765
50013	1.52764
50014	1.52764
50015	1.52764
50016	1.52764
50017	1.52764
50018	1.52763
50019	1.52763
50020	1.52763
50021	1.52763
50022	1.52763
50023	1.52762
50024	1.52762
50025	1.52762
50026	1.52762
50027	1.52762
50028	1.52761
50029	1.52761
50030	1.52761
50031	1.52761
50032	1.52761
50033	1.5276
50034	1.5276
50035	1.5276
50036	1.5276
50037	1.5276
50038	1.52759
50039	1.52759
50040	1.52759
50041	1.52759
50042	1.52759
50043	1.52758
50044	1.52758
50045	1.52758
50046	1.52758
50047	1.52757
50048	1.52757
50049	1.52757
50050	1.52757
50051	1.52757
50052	1.52756
50053	1.52756
50054	1.52756
50055	1.52756
50056	1.52756
50057	1.52755
50058	1.52755
50059	1.52755
50060	1.52755
50061	1.52755
50062	1.52754
50063	1.52754
50064	1.52754
50065	1.52754
50066	1.52754
50067	1.52753
50068	1.52753
50069	1.52753
50070	1.52753
50071	1.52753
50072	1.52752
50073	1.52752
50074	1.52752
50075	1.52752
50076	1.52752
50077	1.52751
50078	1.52751
50079	1.52751
50080	1.52751
50081	1.52751
50082	1.5275
50083	1.5275
50084	1.5275
50085	1.5275
50086	1.5275
50087	1.52749
50088	1.52749
50089	1.52749
50090	1.52749
50091	1.52749
50092	1.52749
50093	1.52748
50094	1.52748
50095	1.52748
50096	1.52748
50097	1.52748
50098	1.52747
50099	1.52747
50100	1.52747
50101	1.52747
50102	1.52747
50103	1.52747
50104	1.52746
50105	1.52746
50106	1.52746
50107	1.52746
50108	1.52746
50109	1.52746
50110	1.52745
50111	1.52745
50112	1.52745
50113	1.52745
50114	1.52745
50115	1.52745
50116	1.52744
50117	1.52744
50118	1.52744
50119	1.52744
50120	1.52744
50121	1.52744
50122	1.52744
50123	1.52743
50124	1.52743
50125	1.52743
50126	1.52743
50127	1.52743
50128	1.52743
50129	1.52743
50130	1.52742
50131	1.52742
50132	1.52742
50133	1.52742
50134	1.52742
50135	1.52742
50136	1.52742
50137	1.52742
50138	1.52741
50139	1.52741
50140	1.52741
50141	1.52741
50142	1.52741
50143	1.52741
50144	1.52741
50145	1.52741
50146	1.52741
50147	1.5274
50148	1.5274
50149	1.5274
50150	1.5274
50151	1.5274
50152	1.5274
50153	1.5274
50154	1.5274
50155	1.5274
50156	1.5274
50157	1.5274
50158	1.5274
50159	1.52739
50160	1.52739
50161	1.52739
50162	1.52739
50163	1.52739
50164	1.52739
50165	1.52739
50166	1.52739
50167	1.52739
50168	1.52739
50169	1.52739
50170	1.52739
50171	1.52739
50172	1.52739
50173	1.52739
50174	1.52739
50175	1.52739
50176	1.52739
50177	1.52739
50178	1.52739
50179	1.52739
50180	1.52739
50181	1.52739
50182	1.52739
50183	1.52738
50184	1.52738
50185	1.52738
50186	1.52738
50187	1.52738
50188	1.52738
50189	1.52738
50190	1.52739
50191	1.52739
50192	1.52739
50193	1.52739
50194	1.52739
50195	1.52739
50196	1.52739
50197	1.52739
50198	1.52739
50199	1.52739
50200	1.52739
50201	1.52739
50202	1.52739
50203	1.52739
50204	1.52739
50205	1.52739
50206	1.52739
50207	1.52739
50208	1.52739
50209	1.52739
50210	1.52739
50211	1.52739
50212	1.52739
50213	1.5274
50214	1.5274
50215	1.5274
50216	1.5274
50217	1.5274
50218	1.5274
50219	1.5274
50220	1.5274
50221	1.5274
50222	1.5274
50223	1.5274
50224	1.52741
50225	1.52741
50226	1.52741
50227	1.52741
50228	1.52741
50229	1.52741
50230	1.52741
50231	1.52741
50232	1.52742
50233	1.52742
50234	1.52742
50235	1.52742
50236	1.52742
50237	1.52742
50238	1.52742
50239	1.52743
50240	1.52743
50241	1.52743
50242	1.52743
50243	1.52743
50244	1.52743
50245	1.52744
50246	1.52744
50247	1.52744
50248	1.52744
50249	1.52744
50250	1.52744
50251	1.52745
50252	1.52745
50253	1.52745
50254	1.52745
50255	1.52745
50256	1.52746
50257	1.52746
50258	1.52746
50259	1.52746
50260	1.52746
50261	1.52747
50262	1.52747
50263	1.52747
50264	1.52747
50265	1.52747
50266	1.52748
50267	1.52748
50268	1.52748
50269	1.52748
50270	1.52749
50271	1.52749
50272	1.52749
50273	1.52749
50274	1.5275
50275	1.5275
50276	1.5275
50277	1.5275
50278	1.52751
50279	1.52751
50280	1.52751
50281	1.52751
50282	1.52752
50283	1.52752
50284	1.52752
50285	1.52752
50286	1.52753
50287	1.52753
50288	1.52753
50289	1.52753
50290	1.52754
50291	1.52754
50292	1.52754
50293	1.52755
50294	1.52755
50295	1.52755
50296	1.52755
50297	1.52756
50298	1.52756
50299	1.52756
50300	1.52757
50301	1.52757
50302	1.52757
50303	1.52757
50304	1.52758
50305	1.52758
50306	1.52758
50307	1.52759
50308	1.52759
50309	1.52759
50310	1.5276
50311	1.5276
50312	1.5276
50313	1.52761
50314	1.52761
50315	1.52761
50316	1.52761
50317	1.52762
50318	1.52762
50319	1.52762
50320	1.52763
50321	1.52763
50322	1.52763
50323	1.52764
50324	1.52764
50325	1.52764
50326	1.52765
50327	1.52765
50328	1.52765
50329	1.52766
50330	1.52766
50331	1.52766
50332	1.52767
50333	1.52767
50334	1.52767
50335	1.52768
50336	1.52768
50337	1.52768
50338	1.52769
50339	1.52769
50340	1.52769
50341	1.5277
50342	1.5277
50343	1.5277
50344	1.52771
50345	1.52771
50346	1.52771
50347	1.52772
50348	1.52772
50349	1.52772
50350	1.52773
50351	1.52773
50352	1.52773
50353	1.52774
50354	1.52774
50355	1.52774
50356	1.52775
50357	1.52775
50358	1.52776
50359	1.52776
50360	1.52776
50361	1.52777
50362	1.52777
50363	1.52777
50364	1.52778
50365	1.52778
50366	1.52778
50367	1.52779
50368	1.52779
50369	1.52779
50370	1.5278
50371	1.5278
50372	1.5278
50373	1.52781
50374	1.52781
50375	1.52781
50376	1.52782
50377	1.52782
50378	1.52782
50379	1.52783
50380	1.52783
50381	1.52783
50382	1.52784
50383	1.52784
50384	1.52784
50385	1.52785
50386	1.52785
50387	1.52785
50388	1.52786
50389	1.52786
50390	1.52786
50391	1.52787
50392	1.52787
50393	1.52787
50394	1.52788
50395	1.52788
50396	1.52788
50397	1.52788
50398	1.52789
50399	1.52789
50400	1.52789
50401	1.5279
50402	1.5279
50403	1.5279
50404	1.52791
50405	1.52791
50406	1.52791
50407	1.52792
50408	1.52792
50409	1.52792
50410	1.52792
50411	1.52793
50412	1.52793
50413	1.52793
50414	1.52794
50415	1.52794
50416	1.52794
50417	1.52795
50418	1.52795
50419	1.52795
50420	1.52795
50421	1.52796
50422	1.52796
50423	1.52796
50424	1.52796
50425	1.52797
50426	1.52797
50427	1.52797
50428	1.52798
50429	1.52798
50430	1.52798
50431	1.52798
50432	1.52799
50433	1.52799
50434	1.52799
50435	1.52799
50436	1.528
50437	1.528
50438	1.528
50439	1.528
50440	1.52801
50441	1.52801
50442	1.52801
50443	1.52801
50444	1.52802
50445	1.52802
50446	1.52802
50447	1.52802
50448	1.52803
50449	1.52803
50450	1.52803
50451	1.52803
50452	1.52803
50453	1.52804
50454	1.52804
50455	1.52804
50456	1.52804
50457	1.52805
50458	1.52805
50459	1.52805
50460	1.52805
50461	1.52805
50462	1.52806
50463	1.52806
50464	1.52806
50465	1.52806
50466	1.52806
50467	1.52806
50468	1.52807
50469	1.52807
50470	1.52807
50471	1.52807
50472	1.52807
50473	1.52808
50474	1.52808
50475	1.52808
50476	1.52808
50477	1.52808
50478	1.52808
50479	1.52809
50480	1.52809
50481	1.52809
50482	1.52809
50483	1.52809
50484	1.52809
50485	1.52809
50486	1.5281
50487	1.5281
50488	1.5281
50489	1.5281
50490	1.5281
50491	1.5281
50492	1.5281
50493	1.52811
50494	1.52811
50495	1.52811
50496	1.52811
50497	1.52811
50498	1.52811
50499	1.52811
50500	1.52811
50501	1.52812
50502	1.52812
50503	1.52812
50504	1.52812
50505	1.52812
50506	1.52812
50507	1.52812
50508	1.52812
50509	1.52812
50510	1.52812
50511	1.52812
50512	1.52813
50513	1.52813
50514	1.52813
50515	1.52813
50516	1.52813
50517	1.52813
50518	1.52813
50519	1.52813
50520	1.52813
50521	1.52813
50522	1.52813
50523	1.52813
50524	1.52813
50525	1.52813
50526	1.52814
50527	1.52814
50528	1.52814
50529	1.52814
50530	1.52814
50531	1.52814
50532	1.52814
50533	1.52814
50534	1.52814
50535	1.52814
50536	1.52814
50537	1.52814
50538	1.52814
50539	1.52814
50540	1.52814
50541	1.52814
50542	1.52814
50543	1.52814
50544	1.52814
50545	1.52814
50546	1.52814
50547	1.52814
50548	1.52814
50549	1.52814
50550	1.52814
50551	1.52814
50552	1.52814
50553	1.52814
50554	1.52814
50555	1.52814
50556	1.52814
50557	1.52814
50558	1.52814
50559	1.52814
50560	1.52814
50561	1.52814
50562	1.52814
50563	1.52814
50564	1.52814
50565	1.52814
50566	1.52814
50567	1.52814
50568	1.52814
50569	1.52814
50570	1.52814
50571	1.52814
50572	1.52814
50573	1.52814
50574	1.52814
50575	1.52814
50576	1.52814
50577	1.52814
50578	1.52814
50579	1.52814
50580	1.52814
50581	1.52813
50582	1.52813
50583	1.52813
50584	1.52813
50585	1.52813
50586	1.52813
50587	1.52813
50588	1.52813
50589	1.52813
50590	1.52813
50591	1.52813
50592	1.52813
50593	1.52813
50594	1.52813
50595	1.52813
50596	1.52813
50597	1.52813
50598	1.52812
50599	1.52812
50600	1.52812
50601	1.52812
50602	1.52812
50603	1.52812
50604	1.52812
50605	1.52812
50606	1.52812
50607	1.52812
50608	1.52812
50609	1.52812
50610	1.52812
50611	1.52811
50612	1.52811
50613	1.52811
50614	1.52811
50615	1.52811
50616	1.52811
50617	1.52811
50618	1.52811
50619	1.52811
50620	1.52811
50621	1.52811
50622	1.52811
50623	1.5281
50624	1.5281
50625	1.5281
50626	1.5281
50627	1.5281
50628	1.5281
50629	1.5281
50630	1.5281
50631	1.5281
50632	1.5281
50633	1.52809
50634	1.52809
50635	1.52809
50636	1.52809
50637	1.52809
50638	1.52809
50639	1.52809
50640	1.52809
50641	1.52809
50642	1.52808
50643	1.52808
50644	1.52808
50645	1.52808
50646	1.52808
50647	1.52808
50648	1.52808
50649	1.52808
50650	1.52808
50651	1.52808
50652	1.52807
50653	1.52807
50654	1.52807
50655	1.52807
50656	1.52807
50657	1.52807
50658	1.52807
50659	1.52807
50660	1.52806
50661	1.52806
50662	1.52806
50663	1.52806
50664	1.52806
50665	1.52806
50666	1.52806
50667	1.52806
50668	1.52806
50669	1.52805
50670	1.52805
50671	1.52805
50672	1.52805
50673	1.52805
50674	1.52805
50675	1.52805
50676	1.52805
50677	1.52804
50678	1.52804
50679	1.52804
50680	1.52804
50681	1.52804
50682	1.52804
50683	1.52804
50684	1.52804
50685	1.52804
50686	1.52803
50687	1.52803
50688	1.52803
50689	1.52803
50690	1.52803
50691	1.52803
50692	1.52803
50693	1.52803
50694	1.52802
50695	1.52802
50696	1.52802
50697	1.52802
50698	1.52802
50699	1.52802
50700	1.52802
50701	1.52802
50702	1.52801
50703	1.52801
50704	1.52801
50705	1.52801
50706	1.52801
50707	1.52801
50708	1.52801
50709	1.52801
50710	1.528
50711	1.528
50712	1.528
50713	1.528
50714	1.528
50715	1.528
50716	1.528
50717	1.528
50718	1.52799
50719	1.52799
50720	1.52799
50721	1.52799
50722	1.52799
50723	1.52799
50724	1.52799
50725	1.52799
50726	1.52799
50727	1.52798
50728	1.52798
50729	1.52798
50730	1.52798
50731	1.52798
50732	1.52798
50733	1.52798
50734	1.52798
50735	1.52797
50736	1.52797
50737	1.52797
50738	1.52797
50739	1.52797
50740	1.52797
50741	1.52797
50742	1.52797
50743	1.52797
50744	1.52796
50745	1.52796
50746	1.52796
50747	1.52796
50748	1.52796
50749	1.52796
50750	1.52796
50751	1.52796
50752	1.52796
50753	1.52795
50754	1.52795
50755	1.52795
50756	1.52795
50757	1.52795
50758	1.52795
50759	1.52795
50760	1.52795
50761	1.52795
50762	1.52794
50763	1.52794
50764	1.52794
50765	1.52794
50766	1.52794
50767	1.52794
50768	1.52794
50769	1.52794
50770	1.52794
50771	1.52793
50772	1.52793
50773	1.52793
50774	1.52793
50775	1.52793
50776	1.52793
50777	1.52793
50778	1.52793
50779	1.52793
50780	1.52792
50781	1.52792
50782	1.52792
50783	1.52792
50784	1.52792
50785	1.52792
50786	1.52792
50787	1.52792
50788	1.52792
50789	1.52792
50790	1.52791
50791	1.52791
50792	1.52791
50793	1.52791
50794	1.52791
50795	1.52791
50796	1.52791
50797	1.52791
50798	1.52791
50799	1.52791
50800	1.5279
50801	1.5279
50802	1.5279
50803	1.5279
50804	1.5279
50805	1.5279
50806	1.5279
50807	1.5279
50808	1.5279
50809	1.5279
50810	1.52789
50811	1.52789
50812	1.52789
50813	1.52789
50814	1.52789
50815	1.52789
50816	1.52789
50817	1.52789
50818	1.52789
50819	1.52789
50820	1.52789
50821	1.52788
50822	1.52788
50823	1.52788
50824	1.52788
50825	1.52788
50826	1.52788
50827	1.52788
50828	1.52788
50829	1.52788
50830	1.52788
50831	1.52788
50832	1.52787
50833	1.52787
50834	1.52787
50835	1.52787
50836	1.52787
50837	1.52787
50838	1.52787
50839	1.52787
50840	1.52787
50841	1.52787
50842	1.52787
50843	1.52786
50844	1.52786
50845	1.52786
50846	1.52786
50847	1.52786
50848	1.52786
50849	1.52786
50850	1.52786
50851	1.52786
50852	1.52786
50853	1.52786
50854	1.52786
50855	1.52786
50856	1.52785
50857	1.52785
50858	1.52785
50859	1.52785
50860	1.52785
50861	1.52785
50862	1.52785
50863	1.52785
50864	1.52785
50865	1.52785
50866	1.52785
50867	1.52785
50868	1.52784
50869	1.52784
50870	1.52784
50871	1.52784
50872	1.52784
50873	1.52784
50874	1.52784
50875	1.52784
50876	1.52784
50877	1.52784
50878	1.52784
50879	1.52784
50880	1.52784
50881	1.52784
50882	1.52783
50883	1.52783
50884	1.52783
50885	1.52783
50886	1.52783
50887	1.52783
50888	1.52783
50889	1.52783
50890	1.52783
50891	1.52783
50892	1.52783
50893	1.52783
50894	1.52783
50895	1.52783
50896	1.52782
50897	1.52782
50898	1.52782
50899	1.52782
50900	1.52782
50901	1.52782
50902	1.52782
50903	1.52782
50904	1.52782
50905	1.52782
50906	1.52782
50907	1.52782
50908	1.52782
50909	1.52782
50910	1.52782
50911	1.52782
50912	1.52781
50913	1.52781
50914	1.52781
50915	1.52781
50916	1.52781
50917	1.52781
50918	1.52781
50919	1.52781
50920	1.52781
50921	1.52781
50922	1.52781
50923	1.52781
50924	1.52781
50925	1.52781
50926	1.52781
50927	1.52781
50928	1.52781
50929	1.5278
50930	1.5278
50931	1.5278
50932	1.5278
50933	1.5278
50934	1.5278
50935	1.5278
50936	1.5278
50937	1.5278
50938	1.5278
50939	1.5278
50940	1.5278
50941	1.5278
50942	1.5278
50943	1.5278
50944	1.5278
50945	1.5278
50946	1.5278
50947	1.5278
50948	1.52779
50949	1.52779
50950	1.52779
50951	1.52779
50952	1.52779
50953	1.52779
50954	1.52779
50955	1.52779
50956	1.52779
50957	1.52779
50958	1.52779
50959	1.52779
50960	1.52779
50961	1.52779
50962	1.52779
50963	1.52779
50964	1.52779
50965	1.52779
50966	1.52779
50967	1.52779
50968	1.52779
50969	1.52779
50970	1.52779
50971	1.52779
50972	1.52779
50973	1.52778
50974	1.52778
50975	1.52778
50976	1.52778
50977	1.52778
50978	1.52778
50979	1.52778
50980	1.52778
50981	1.52778
50982	1.52778
50983	1.52778
50984	1.52778
50985	1.52778
50986	1.52778
50987	1.52778
50988	1.52778
50989	1.52778
50990	1.52778
50991	1.52778
50992	1.52778
50993	1.52778
50994	1.52778
50995	1.52778
50996	1.52778
50997	1.52778
50998	1.52778
50999	1.52778
51000	1.52778
51001	1.52778
51002	1.52778
51003	1.52778
51004	1.52778
51005	1.52778
51006	1.52778
51007	1.52778
51008	1.52778
51009	1.52778
51010	1.52778
51011	1.52778
51012	1.52778
51013	1.52778
51014	1.52778
51015	1.52778
51016	1.52778
51017	1.52778
51018	1.52778
51019	1.52778
51020	1.52778
51021	1.52778
51022	1.52778
51023	1.52778
51024	1.52778
51025	1.52778
51026	1.52778
51027	1.52778
51028	1.52778
51029	1.52778
51030	1.52778
51031	1.52778
51032	1.52778
51033	1.52778
51034	1.52778
51035	1.52778
51036	1.52778
51037	1.52778
51038	1.52778
51039	1.52778
51040	1.52778
51041	1.52778
51042	1.52778
51043	1.52778
51044	1.52778
51045	1.52778
51046	1.52778
51047	1.52778
51048	1.52778
51049	1.52778
51050	1.52778
51051	1.52778
51052	1.52778
51053	1.52778
51054	1.52778
51055	1.52778
51056	1.52779
51057	1.52779
51058	1.52779
51059	1.52779
51060	1.52779
51061	1.52779
51062	1.52779
51063	1.52779
51064	1.52779
51065	1.52779
51066	1.52779
51067	1.52779
51068	1.52779
51069	1.52779
51070	1.52779
51071	1.52779
51072	1.52779
51073	1.52779
51074	1.52779
51075	1.5278
51076	1.5278
51077	1.5278
51078	1.5278
51079	1.5278
51080	1.5278
51081	1.5278
51082	1.5278
51083	1.5278
51084	1.5278
51085	1.5278
51086	1.5278
51087	1.5278
51088	1.52781
51089	1.52781
51090	1.52781
51091	1.52781
51092	1.52781
51093	1.52781
51094	1.52781
51095	1.52781
51096	1.52781
51097	1.52781
51098	1.52781
51099	1.52782
51100	1.52782
51101	1.52782
51102	1.52782
51103	1.52782
51104	1.52782
51105	1.52782
51106	1.52782
51107	1.52782
51108	1.52783
51109	1.52783
51110	1.52783
51111	1.52783
51112	1.52783
51113	1.52783
51114	1.52783
51115	1.52783
51116	1.52784
51117	1.52784
51118	1.52784
51119	1.52784
51120	1.52784
51121	1.52784
51122	1.52784
51123	1.52784
51124	1.52785
51125	1.52785
51126	1.52785
51127	1.52785
51128	1.52785
51129	1.52785
51130	1.52785
51131	1.52786
51132	1.52786
51133	1.52786
51134	1.52786
51135	1.52786
51136	1.52786
51137	1.52786
51138	1.52787
51139	1.52787
51140	1.52787
51141	1.52787
51142	1.52787
51143	1.52787
51144	1.52788
51145	1.52788
51146	1.52788
51147	1.52788
51148	1.52788
51149	1.52788
51150	1.52789
51151	1.52789
51152	1.52789
51153	1.52789
51154	1.52789
51155	1.5279
51156	1.5279
51157	1.5279
51158	1.5279
51159	1.5279
51160	1.5279
51161	1.52791
51162	1.52791
51163	1.52791
51164	1.52791
51165	1.52791
51166	1.52792
51167	1.52792
51168	1.52792
51169	1.52792
51170	1.52792
51171	1.52793
51172	1.52793
51173	1.52793
51174	1.52793
51175	1.52793
51176	1.52794
51177	1.52794
51178	1.52794
51179	1.52794
51180	1.52794
51181	1.52795
51182	1.52795
51183	1.52795
51184	1.52795
51185	1.52795
51186	1.52796
51187	1.52796
51188	1.52796
51189	1.52796
51190	1.52797
51191	1.52797
51192	1.52797
51193	1.52797
51194	1.52797
51195	1.52798
51196	1.52798
51197	1.52798
51198	1.52798
51199	1.52799
51200	1.52799
51201	1.52799
51202	1.52799
51203	1.52799
51204	1.528
51205	1.528
51206	1.528
51207	1.528
51208	1.52801
51209	1.52801
51210	1.52801
51211	1.52801
51212	1.52801
51213	1.52802
51214	1.52802
51215	1.52802
51216	1.52802
51217	1.52803
51218	1.52803
51219	1.52803
51220	1.52803
51221	1.52803
51222	1.52804
51223	1.52804
51224	1.52804
51225	1.52804
51226	1.52805
51227	1.52805
51228	1.52805
51229	1.52805
51230	1.52806
51231	1.52806
51232	1.52806
51233	1.52806
51234	1.52806
51235	1.52807
51236	1.52807
51237	1.52807
51238	1.52807
51239	1.52808
51240	1.52808
51241	1.52808
51242	1.52808
51243	1.52808
51244	1.52809
51245	1.52809
51246	1.52809
51247	1.52809
51248	1.5281
51249	1.5281
51250	1.5281
51251	1.5281
51252	1.5281
51253	1.52811
51254	1.52811
51255	1.52811
51256	1.52811
51257	1.52812
51258	1.52812
51259	1.52812
51260	1.52812
51261	1.52812
51262	1.52813
51263	1.52813
51264	1.52813
51265	1.52813
51266	1.52813
51267	1.52814
51268	1.52814
51269	1.52814
51270	1.52814
51271	1.52814
51272	1.52815
51273	1.52815
51274	1.52815
51275	1.52815
51276	1.52815
51277	1.52816
51278	1.52816
51279	1.52816
51280	1.52816
51281	1.52816
51282	1.52816
51283	1.52817
51284	1.52817
51285	1.52817
51286	1.52817
51287	1.52817
51288	1.52817
51289	1.52818
51290	1.52818
51291	1.52818
51292	1.52818
51293	1.52818
51294	1.52818
51295	1.52819
51296	1.52819
51297	1.52819
51298	1.52819
51299	1.52819
51300	1.52819
51301	1.52819
51302	1.5282
51303	1.5282
51304	1.5282
51305	1.5282
51306	1.5282
51307	1.5282
51308	1.5282
51309	1.52821
51310	1.52821
51311	1.52821
51312	1.52821
51313	1.52821
51314	1.52821
51315	1.52821
51316	1.52821
51317	1.52821
51318	1.52822
51319	1.52822
51320	1.52822
51321	1.52822
51322	1.52822
51323	1.52822
51324	1.52822
51325	1.52822
51326	1.52822
51327	1.52822
51328	1.52822
51329	1.52823
51330	1.52823
51331	1.52823
51332	1.52823
51333	1.52823
51334	1.52823
51335	1.52823
51336	1.52823
51337	1.52823
51338	1.52823
51339	1.52823
51340	1.52823
51341	1.52823
51342	1.52823
51343	1.52823
51344	1.52823
51345	1.52823
51346	1.52823
51347	1.52823
51348	1.52823
51349	1.52823
51350	1.52824
51351	1.52824
51352	1.52824
51353	1.52824
51354	1.52824
51355	1.52824
51356	1.52824
51357	1.52824
51358	1.52824
51359	1.52824
51360	1.52824
51361	1.52823
51362	1.52823
51363	1.52823
51364	1.52823
51365	1.52823
51366	1.52823
51367	1.52823
51368	1.52823
51369	1.52823
51370	1.52823
51371	1.52823
51372	1.52823
51373	1.52823
51374	1.52823
51375	1.52823
51376	1.52823
51377	1.52823
51378	1.52823
51379	1.52823
51380	1.52823
51381	1.52823
51382	1.52822
51383	1.52822
51384	1.52822
51385	1.52822
51386	1.52822
51387	1.52822
51388	1.52822
51389	1.52822
51390	1.52822
51391	1.52822
51392	1.52822
51393	1.52821
51394	1.52821
51395	1.52821
51396	1.52821
51397	1.52821
51398	1.52821
51399	1.52821
51400	1.52821
51401	1.5282
51402	1.5282
51403	1.5282
51404	1.5282
51405	1.5282
51406	1.5282
51407	1.5282
51408	1.52819
51409	1.52819
51410	1.52819
51411	1.52819
51412	1.52819
51413	1.52819
51414	1.52819
51415	1.52818
51416	1.52818
51417	1.52818
51418	1.52818
51419	1.52818
51420	1.52818
51421	1.52817
51422	1.52817
51423	1.52817
51424	1.52817
51425	1.52817
51426	1.52816
51427	1.52816
51428	1.52816
51429	1.52816
51430	1.52816
51431	1.52815
51432	1.52815
51433	1.52815
51434	1.52815
51435	1.52815
51436	1.52814
51437	1.52814
51438	1.52814
51439	1.52814
51440	1.52813
51441	1.52813
51442	1.52813
51443	1.52813
51444	1.52813
51445	1.52812
51446	1.52812
51447	1.52812
51448	1.52812
51449	1.52811
51450	1.52811
51451	1.52811
51452	1.52811
51453	1.5281
51454	1.5281
51455	1.5281
51456	1.5281
51457	1.52809
51458	1.52809
51459	1.52809
51460	1.52809
51461	1.52808
51462	1.52808
51463	1.52808
51464	1.52808
51465	1.52807
51466	1.52807
51467	1.52807
51468	1.52807
51469	1.52806
51470	1.52806
51471	1.52806
51472	1.52806
51473	1.52805
51474	1.52805
51475	1.52805
51476	1.52804
51477	1.52804
51478	1.52804
51479	1.52804
51480	1.52803
51481	1.52803
51482	1.52803
51483	1.52803
51484	1.52802
51485	1.52802
51486	1.52802
51487	1.52801
51488	1.52801
51489	1.52801
51490	1.52801
51491	1.528
51492	1.528
51493	1.528
51494	1.528
51495	1.52799
51496	1.52799
51497	1.52799
51498	1.52798
51499	1.52798
51500	1.52798
51501	1.52798
51502	1.52797
51503	1.52797
51504	1.52797
51505	1.52796
51506	1.52796
51507	1.52796
51508	1.52796
51509	1.52795
51510	1.52795
51511	1.52795
51512	1.52794
51513	1.52794
51514	1.52794
51515	1.52794
51516	1.52793
51517	1.52793
51518	1.52793
51519	1.52792
51520	1.52792
51521	1.52792
51522	1.52792
51523	1.52791
51524	1.52791
51525	1.52791
51526	1.52791
51527	1.5279
51528	1.5279
51529	1.5279
51530	1.52789
51531	1.52789
51532	1.52789
51533	1.52789
51534	1.52788
51535	1.52788
51536	1.52788
51537	1.52788
51538	1.52787
51539	1.52787
51540	1.52787
51541	1.52787
51542	1.52786
51543	1.52786
51544	1.52786
51545	1.52785
51546	1.52785
51547	1.52785
51548	1.52785
51549	1.52784
51550	1.52784
51551	1.52784
51552	1.52784
51553	1.52783
51554	1.52783
51555	1.52783
51556	1.52783
51557	1.52782
51558	1.52782
51559	1.52782
51560	1.52782
51561	1.52781
51562	1.52781
51563	1.52781
51564	1.52781
51565	1.52781
51566	1.5278
51567	1.5278
51568	1.5278
51569	1.5278
51570	1.52779
51571	1.52779
51572	1.52779
51573	1.52779
51574	1.52779
51575	1.52778
51576	1.52778
51577	1.52778
51578	1.52778
51579	1.52777
51580	1.52777
51581	1.52777
51582	1.52777
51583	1.52777
51584	1.52776
51585	1.52776
51586	1.52776
51587	1.52776
51588	1.52776
51589	1.52775
51590	1.52775
51591	1.52775
51592	1.52775
51593	1.52775
51594	1.52775
51595	1.52774
51596	1.52774
51597	1.52774
51598	1.52774
51599	1.52774
51600	1.52773
51601	1.52773
51602	1.52773
51603	1.52773
51604	1.52773
51605	1.52773
51606	1.52772
51607	1.52772
51608	1.52772
51609	1.52772
51610	1.52772
51611	1.52772
51612	1.52772
51613	1.52771
51614	1.52771
51615	1.52771
51616	1.52771
51617	1.52771
51618	1.52771
51619	1.52771
51620	1.5277
51621	1.5277
51622	1.5277
51623	1.5277
51624	1.5277
51625	1.5277
51626	1.5277
51627	1.5277
51628	1.52769
51629	1.52769
51630	1.52769
51631	1.52769
51632	1.52769
51633	1.52769
51634	1.52769
51635	1.52769
51636	1.52769
51637	1.52768
51638	1.52768
51639	1.52768
51640	1.52768
51641	1.52768
51642	1.52768
51643	1.52768
51644	1.52768
51645	1.52768
51646	1.52768
51647	1.52768
51648	1.52767
51649	1.52767
51650	1.52767
51651	1.52767
51652	1.52767
51653	1.52767
51654	1.52767
51655	1.52767
51656	1.52767
51657	1.52767
51658	1.52767
51659	1.52767
51660	1.52767
51661	1.52767
51662	1.52767
51663	1.52767
51664	1.52766
51665	1.52766
51666	1.52766
51667	1.52766
51668	1.52766
51669	1.52766
51670	1.52766
51671	1.52766
51672	1.52766
51673	1.52766
51674	1.52766
51675	1.52766
51676	1.52766
51677	1.52766
51678	1.52766
51679	1.52766
51680	1.52766
51681	1.52766
51682	1.52766
51683	1.52766
51684	1.52766
51685	1.52766
51686	1.52766
51687	1.52766
51688	1.52766
51689	1.52766
51690	1.52766
51691	1.52766
51692	1.52766
51693	1.52766
51694	1.52766
51695	1.52766
51696	1.52766
51697	1.52766
51698	1.52766
51699	1.52766
51700	1.52766
51701	1.52766
51702	1.52766
51703	1.52766
51704	1.52766
51705	1.52766
51706	1.52766
51707	1.52766
51708	1.52766
51709	1.52766
51710	1.52766
51711	1.52766
51712	1.52766
51713	1.52766
51714	1.52766
51715	1.52766
51716	1.52766
51717	1.52766
51718	1.52766
51719	1.52766
51720	1.52766
51721	1.52766
51722	1.52767
51723	1.52767
51724	1.52767
51725	1.52767
51726	1.52767
51727	1.52767
51728	1.52767
51729	1.52767
51730	1.52767
51731	1.52767
51732	1.52767
51733	1.52767
51734	1.52767
51735	1.52767
51736	1.52767
51737	1.52767
51738	1.52767
51739	1.52767
51740	1.52767
51741	1.52767
51742	1.52768
51743	1.52768
51744	1.52768
51745	1.52768
51746	1.52768
51747	1.52768
51748	1.52768
51749	1.52768
51750	1.52768
51751	1.52768
51752	1.52768
51753	1.52768
51754	1.52768
51755	1.52768
51756	1.52768
51757	1.52769
51758	1.52769
51759	1.52769
51760	1.52769
51761	1.52769
51762	1.52769
51763	1.52769
51764	1.52769
51765	1.52769
51766	1.52769
51767	1.52769
51768	1.52769
51769	1.52769
51770	1.5277
51771	1.5277
51772	1.5277
51773	1.5277
51774	1.5277
51775	1.5277
51776	1.5277
51777	1.5277
51778	1.5277
51779	1.5277
51780	1.5277
51781	1.5277
51782	1.52771
51783	1.52771
51784	1.52771
51785	1.52771
51786	1.52771
51787	1.52771
51788	1.52771
51789	1.52771
51790	1.52771
51791	1.52771
51792	1.52771
51793	1.52772
51794	1.52772
51795	1.52772
51796	1.52772
51797	1.52772
51798	1.52772
51799	1.52772
51800	1.52772
51801	1.52772
51802	1.52772
51803	1.52772
51804	1.52773
51805	1.52773
51806	1.52773
51807	1.52773
51808	1.52773
51809	1.52773
51810	1.52773
51811	1.52773
51812	1.52773
51813	1.52773
51814	1.52774
51815	1.52774
51816	1.52774
51817	1.52774
51818	1.52774
51819	1.52774
51820	1.52774
51821	1.52774
51822	1.52774
51823	1.52774
51824	1.52774
51825	1.52775
51826	1.52775
51827	1.52775
51828	1.52775
51829	1.52775
51830	1.52775
51831	1.52775
51832	1.52775
51833	1.52775
51834	1.52775
51835	1.52775
51836	1.52776
51837	1.52776
51838	1.52776
51839	1.52776
51840	1.52776
51841	1.52776
51842	1.52776
51843	1.52776
51844	1.52776
51845	1.52776
51846	1.52776
51847	1.52777
51848	1.52777
51849	1.52777
51850	1.52777
51851	1.52777
51852	1.52777
51853	1.52777
51854	1.52777
51855	1.52777
51856	1.52777
51857	1.52777
51858	1.52778
51859	1.52778
51860	1.52778
51861	1.52778
51862	1.52778
51863	1.52778
51864	1.52778
51865	1.52778
51866	1.52778
51867	1.52778
51868	1.52778
51869	1.52779
51870	1.52779
51871	1.52779
51872	1.52779
51873	1.52779
51874	1.52779
51875	1.52779
51876	1.52779
51877	1.52779
51878	1.52779
51879	1.52779
51880	1.52779
51881	1.5278
51882	1.5278
51883	1.5278
51884	1.5278
51885	1.5278
51886	1.5278
51887	1.5278
51888	1.5278
51889	1.5278
51890	1.5278
51891	1.5278
51892	1.5278
51893	1.52781
51894	1.52781
51895	1.52781
51896	1.52781
51897	1.52781
51898	1.52781
51899	1.52781
51900	1.52781
51901	1.52781
51902	1.52781
51903	1.52781
51904	1.52781
51905	1.52781
51906	1.52782
51907	1.52782
51908	1.52782
51909	1.52782
51910	1.52782
51911	1.52782
51912	1.52782
51913	1.52782
51914	1.52782
51915	1.52782
51916	1.52782
51917	1.52782
51918	1.52782
51919	1.52783
51920	1.52783
51921	1.52783
51922	1.52783
51923	1.52783
51924	1.52783
51925	1.52783
51926	1.52783
51927	1.52783
51928	1.52783
51929	1.52783
51930	1.52783
51931	1.52783
51932	1.52783
51933	1.52783
51934	1.52784
51935	1.52784
51936	1.52784
51937	1.52784
51938	1.52784
51939	1.52784
51940	1.52784
51941	1.52784
51942	1.52784
51943	1.52784
51944	1.52784
51945	1.52784
51946	1.52784
51947	1.52784
51948	1.52784
51949	1.52784
51950	1.52785
51951	1.52785
51952	1.52785
51953	1.52785
51954	1.52785
51955	1.52785
51956	1.52785
51957	1.52785
51958	1.52785
51959	1.52785
51960	1.52785
51961	1.52785
51962	1.52785
51963	1.52785
51964	1.52785
51965	1.52785
51966	1.52785
51967	1.52786
51968	1.52786
51969	1.52786
51970	1.52786
51971	1.52786
51972	1.52786
51973	1.52786
51974	1.52786
51975	1.52786
51976	1.52786
51977	1.52786
51978	1.52786
51979	1.52786
51980	1.52786
51981	1.52786
51982	1.52786
51983	1.52786
51984	1.52786
51985	1.52786
51986	1.52787
51987	1.52787
51988	1.52787
51989	1.52787
51990	1.52787
51991	1.52787
51992	1.52787
51993	1.52787
51994	1.52787
51995	1.52787
51996	1.52787
51997	1.52787
51998	1.52787
51999	1.52787
52000	1.52787
52001	1.52787
52002	1.52787
52003	1.52787
52004	1.52787
52005	1.52787
52006	1.52787
52007	1.52787
52008	1.52788
52009	1.52788
52010	1.52788
52011	1.52788
52012	1.52788
52013	1.52788
52014	1.52788
52015	1.52788
52016	1.52788
52017	1.52788
52018	1.52788
52019	1.52788
52020	1.52788
52021	1.52788
52022	1.52788
52023	1.52788
52024	1.52788
52025	1.52788
52026	1.52788
52027	1.52788
52028	1.52788
52029	1.52788
52030	1.52788
52031	1.52788
52032	1.52788
52033	1.52788
52034	1.52788
52035	1.52789
52036	1.52789
52037	1.52789
52038	1.52789
52039	1.52789
52040	1.52789
52041	1.52789
52042	1.52789
52043	1.52789
52044	1.52789
52045	1.52789
52046	1.52789
52047	1.52789
52048	1.52789
52049	1.52789
52050	1.52789
52051	1.52789
52052	1.52789
52053	1.52789
52054	1.52789
52055	1.52789
52056	1.52789
52057	1.52789
52058	1.52789
52059	1.52789
52060	1.52789
52061	1.52789
52062	1.52789
52063	1.52789
52064	1.52789
52065	1.52789
52066	1.52789
52067	1.52789
52068	1.52789
52069	1.52789
52070	1.52789
52071	1.52789
52072	1.52789
52073	1.5279
52074	1.5279
52075	1.5279
52076	1.5279
52077	1.5279
52078	1.5279
52079	1.5279
52080	1.5279
52081	1.5279
52082	1.5279
52083	1.5279
52084	1.5279
52085	1.5279
52086	1.5279
52087	1.5279
52088	1.5279
52089	1.5279
52090	1.5279
52091	1.5279
52092	1.5279
52093	1.5279
52094	1.5279
52095	1.5279
52096	1.5279
52097	1.5279
52098	1.5279
52099	1.5279
52100	1.5279
52101	1.5279
52102	1.5279
52103	1.5279
52104	1.5279
52105	1.5279
52106	1.5279
52107	1.5279
52108	1.5279
52109	1.5279
52110	1.5279
52111	1.5279
52112	1.5279
52113	1.5279
52114	1.5279
52115	1.5279
52116	1.5279
52117	1.5279
52118	1.5279
52119	1.5279
52120	1.5279
52121	1.5279
52122	1.5279
52123	1.5279
52124	1.5279
52125	1.5279
52126	1.5279
52127	1.5279
52128	1.5279
52129	1.5279
52130	1.5279
52131	1.5279
52132	1.5279
52133	1.5279
52134	1.5279
52135	1.5279
52136	1.5279
52137	1.5279
52138	1.5279
52139	1.52789
52140	1.52789
52141	1.52789
52142	1.52789
52143	1.52789
52144	1.52789
52145	1.52789
52146	1.52789
52147	1.52789
52148	1.52789
52149	1.52789
52150	1.52789
52151	1.52789
52152	1.52789
52153	1.52789
52154	1.52789
52155	1.52789
52156	1.52789
52157	1.52789
52158	1.52789
52159	1.52789
52160	1.52789
52161	1.52789
52162	1.52789
52163	1.52789
52164	1.52789
52165	1.52789
52166	1.52789
52167	1.52788
52168	1.52788
52169	1.52788
52170	1.52788
52171	1.52788
52172	1.52788
52173	1.52788
52174	1.52788
52175	1.52788
52176	1.52788
52177	1.52788
52178	1.52788
52179	1.52788
52180	1.52788
52181	1.52788
52182	1.52788
52183	1.52788
52184	1.52787
52185	1.52787
52186	1.52787
52187	1.52787
52188	1.52787
52189	1.52787
52190	1.52787
52191	1.52787
52192	1.52787
52193	1.52787
52194	1.52787
52195	1.52787
52196	1.52787
52197	1.52786
52198	1.52786
52199	1.52786
52200	1.52786
52201	1.52786
52202	1.52786
52203	1.52786
52204	1.52786
52205	1.52786
52206	1.52786
52207	1.52786
52208	1.52785
52209	1.52785
52210	1.52785
52211	1.52785
52212	1.52785
52213	1.52785
52214	1.52785
52215	1.52785
52216	1.52785
52217	1.52785
52218	1.52784
52219	1.52784
52220	1.52784
52221	1.52784
52222	1.52784
52223	1.52784
52224	1.52784
52225	1.52784
52226	1.52784
52227	1.52783
52228	1.52783
52229	1.52783
52230	1.52783
52231	1.52783
52232	1.52783
52233	1.52783
52234	1.52783
52235	1.52782
52236	1.52782
52237	1.52782
52238	1.52782
52239	1.52782
52240	1.52782
52241	1.52782
52242	1.52781
52243	1.52781
52244	1.52781
52245	1.52781
52246	1.52781
52247	1.52781
52248	1.52781
52249	1.5278
52250	1.5278
52251	1.5278
52252	1.5278
52253	1.5278
52254	1.5278
52255	1.5278
52256	1.52779
52257	1.52779
52258	1.52779
52259	1.52779
52260	1.52779
52261	1.52779
52262	1.52778
52263	1.52778
52264	1.52778
52265	1.52778
52266	1.52778
52267	1.52778
52268	1.52777
52269	1.52777
52270	1.52777
52271	1.52777
52272	1.52777
52273	1.52777
52274	1.52776
52275	1.52776
52276	1.52776
52277	1.52776
52278	1.52776
52279	1.52776
52280	1.52775
52281	1.52775
52282	1.52775
52283	1.52775
52284	1.52775
52285	1.52774
52286	1.52774
52287	1.52774
52288	1.52774
52289	1.52774
52290	1.52773
52291	1.52773
52292	1.52773
52293	1.52773
52294	1.52773
52295	1.52773
52296	1.52772
52297	1.52772
52298	1.52772
52299	1.52772
52300	1.52772
52301	1.52771
52302	1.52771
52303	1.52771
52304	1.52771
52305	1.52771
52306	1.5277
52307	1.5277
52308	1.5277
52309	1.5277
52310	1.5277
52311	1.52769
52312	1.52769
52313	1.52769
52314	1.52769
52315	1.52769
52316	1.52768
52317	1.52768
52318	1.52768
52319	1.52768
52320	1.52768
52321	1.52767
52322	1.52767
52323	1.52767
52324	1.52767
52325	1.52767
52326	1.52766
52327	1.52766
52328	1.52766
52329	1.52766
52330	1.52766
52331	1.52765
52332	1.52765
52333	1.52765
52334	1.52765
52335	1.52765
52336	1.52764
52337	1.52764
52338	1.52764
52339	1.52764
52340	1.52764
52341	1.52763
52342	1.52763
52343	1.52763
52344	1.52763
52345	1.52763
52346	1.52762
52347	1.52762
52348	1.52762
52349	1.52762
52350	1.52762
52351	1.52761
52352	1.52761
52353	1.52761
52354	1.52761
52355	1.52761
52356	1.5276
52357	1.5276
52358	1.5276
52359	1.5276
52360	1.5276
52361	1.5276
52362	1.52759
52363	1.52759
52364	1.52759
52365	1.52759
52366	1.52759
52367	1.52758
52368	1.52758
52369	1.52758
52370	1.52758
52371	1.52758
52372	1.52758
52373	1.52757
52374	1.52757
52375	1.52757
52376	1.52757
52377	1.52757
52378	1.52756
52379	1.52756
52380	1.52756
52381	1.52756
52382	1.52756
52383	1.52756
52384	1.52755
52385	1.52755
52386	1.52755
52387	1.52755
52388	1.52755
52389	1.52755
52390	1.52755
52391	1.52754
52392	1.52754
52393	1.52754
52394	1.52754
52395	1.52754
52396	1.52754
52397	1.52754
52398	1.52753
52399	1.52753
52400	1.52753
52401	1.52753
52402	1.52753
52403	1.52753
52404	1.52753
52405	1.52752
52406	1.52752
52407	1.52752
52408	1.52752
52409	1.52752
52410	1.52752
52411	1.52752
52412	1.52752
52413	1.52752
52414	1.52751
52415	1.52751
52416	1.52751
52417	1.52751
52418	1.52751
52419	1.52751
52420	1.52751
52421	1.52751
52422	1.52751
52423	1.52751
52424	1.5275
52425	1.5275
52426	1.5275
52427	1.5275
52428	1.5275
52429	1.5275
52430	1.5275
52431	1.5275
52432	1.5275
52433	1.5275
52434	1.5275
52435	1.5275
52436	1.5275
52437	1.52749
52438	1.52749
52439	1.52749
52440	1.52749
52441	1.52749
52442	1.52749
52443	1.52749
52444	1.52749
52445	1.52749
52446	1.52749
52447	1.52749
52448	1.52749
52449	1.52749
52450	1.52749
52451	1.52749
52452	1.52749
52453	1.52749
52454	1.52749
52455	1.52749
52456	1.52749
52457	1.52749
52458	1.52749
52459	1.52749
52460	1.52749
52461	1.52749
52462	1.52749
52463	1.52749
52464	1.52749
52465	1.52749
52466	1.52749
52467	1.52749
52468	1.52749
52469	1.52749
52470	1.52749
52471	1.52749
52472	1.52749
52473	1.52749
52474	1.52749
52475	1.52749
52476	1.52749
52477	1.52749
52478	1.52749
52479	1.52749
52480	1.52749
52481	1.52749
52482	1.5275
52483	1.5275
52484	1.5275
52485	1.5275
52486	1.5275
52487	1.5275
52488	1.5275
52489	1.5275
52490	1.5275
52491	1.5275
52492	1.5275
52493	1.5275
52494	1.5275
52495	1.52751
52496	1.52751
52497	1.52751
52498	1.52751
52499	1.52751
52500	1.52751
52501	1.52751
52502	1.52751
52503	1.52751
52504	1.52752
52505	1.52752
52506	1.52752
52507	1.52752
52508	1.52752
52509	1.52752
52510	1.52752
52511	1.52752
52512	1.52753
52513	1.52753
52514	1.52753
52515	1.52753
52516	1.52753
52517	1.52753
52518	1.52753
52519	1.52754
52520	1.52754
52521	1.52754
52522	1.52754
52523	1.52754
52524	1.52754
52525	1.52755
52526	1.52755
52527	1.52755
52528	1.52755
52529	1.52755
52530	1.52755
52531	1.52756
52532	1.52756
52533	1.52756
52534	1.52756
52535	1.52756
52536	1.52757
52537	1.52757
52538	1.52757
52539	1.52757
52540	1.52757
52541	1.52758
52542	1.52758
52543	1.52758
52544	1.52758
52545	1.52758
52546	1.52759
52547	1.52759
52548	1.52759
52549	1.52759
52550	1.52759
52551	1.5276
52552	1.5276
52553	1.5276
52554	1.5276
52555	1.52761
52556	1.52761
52557	1.52761
52558	1.52761
52559	1.52761
52560	1.52762
52561	1.52762
52562	1.52762
52563	1.52762
52564	1.52763
52565	1.52763
52566	1.52763
52567	1.52763
52568	1.52764
52569	1.52764
52570	1.52764
52571	1.52764
52572	1.52765
52573	1.52765
52574	1.52765
52575	1.52765
52576	1.52766
52577	1.52766
52578	1.52766
52579	1.52766
52580	1.52767
52581	1.52767
52582	1.52767
52583	1.52767
52584	1.52768
52585	1.52768
52586	1.52768
52587	1.52768
52588	1.52769
52589	1.52769
52590	1.52769
52591	1.52769
52592	1.5277
52593	1.5277
52594	1.5277
52595	1.52771
52596	1.52771
52597	1.52771
52598	1.52771
52599	1.52772
52600	1.52772
52601	1.52772
52602	1.52772
52603	1.52773
52604	1.52773
52605	1.52773
52606	1.52773
52607	1.52774
52608	1.52774
52609	1.52774
52610	1.52775
52611	1.52775
52612	1.52775
52613	1.52775
52614	1.52776
52615	1.52776
52616	1.52776
52617	1.52776
52618	1.52777
52619	1.52777
52620	1.52777
52621	1.52778
52622	1.52778
52623	1.52778
52624	1.52778
52625	1.52779
52626	1.52779
52627	1.52779
52628	1.52779
52629	1.5278
52630	1.5278
52631	1.5278
52632	1.5278
52633	1.52781
52634	1.52781
52635	1.52781
52636	1.52781
52637	1.52782
52638	1.52782
52639	1.52782
52640	1.52783
52641	1.52783
52642	1.52783
52643	1.52783
52644	1.52784
52645	1.52784
52646	1.52784
52647	1.52784
52648	1.52785
52649	1.52785
52650	1.52785
52651	1.52785
52652	1.52786
52653	1.52786
52654	1.52786
52655	1.52786
52656	1.52787
52657	1.52787
52658	1.52787
52659	1.52787
52660	1.52788
52661	1.52788
52662	1.52788
52663	1.52788
52664	1.52788
52665	1.52789
52666	1.52789
52667	1.52789
52668	1.52789
52669	1.5279
52670	1.5279
52671	1.5279
52672	1.5279
52673	1.52791
52674	1.52791
52675	1.52791
52676	1.52791
52677	1.52791
52678	1.52792
52679	1.52792
52680	1.52792
52681	1.52792
52682	1.52793
52683	1.52793
52684	1.52793
52685	1.52793
52686	1.52793
52687	1.52794
52688	1.52794
52689	1.52794
52690	1.52794
52691	1.52794
52692	1.52795
52693	1.52795
52694	1.52795
52695	1.52795
52696	1.52795
52697	1.52796
52698	1.52796
52699	1.52796
52700	1.52796
52701	1.52796
52702	1.52796
52703	1.52797
52704	1.52797
52705	1.52797
52706	1.52797
52707	1.52797
52708	1.52797
52709	1.52798
52710	1.52798
52711	1.52798
52712	1.52798
52713	1.52798
52714	1.52798
52715	1.52799
52716	1.52799
52717	1.52799
52718	1.52799
52719	1.52799
52720	1.52799
52721	1.52799
52722	1.528
52723	1.528
52724	1.528
52725	1.528
52726	1.528
52727	1.528
52728	1.528
52729	1.52801
52730	1.52801
52731	1.52801
52732	1.52801
52733	1.52801
52734	1.52801
52735	1.52801
52736	1.52801
52737	1.52802
52738	1.52802
52739	1.52802
52740	1.52802
52741	1.52802
52742	1.52802
52743	1.52802
52744	1.52802
52745	1.52802
52746	1.52802
52747	1.52803
52748	1.52803
52749	1.52803
52750	1.52803
52751	1.52803
52752	1.52803
52753	1.52803
52754	1.52803
52755	1.52803
52756	1.52803
52757	1.52803
52758	1.52803
52759	1.52804
52760	1.52804
52761	1.52804
52762	1.52804
52763	1.52804
52764	1.52804
52765	1.52804
52766	1.52804
52767	1.52804
52768	1.52804
52769	1.52804
52770	1.52804
52771	1.52804
52772	1.52804
52773	1.52804
52774	1.52804
52775	1.52804
52776	1.52804
52777	1.52804
52778	1.52805
52779	1.52805
52780	1.52805
52781	1.52805
52782	1.52805
52783	1.52805
52784	1.52805
52785	1.52805
52786	1.52805
52787	1.52805
52788	1.52805
52789	1.52805
52790	1.52805
52791	1.52805
52792	1.52805
52793	1.52805
52794	1.52805
52795	1.52805
52796	1.52805
52797	1.52805
52798	1.52805
52799	1.52805
52800	1.52805
52801	1.52805
52802	1.52805
52803	1.52805
52804	1.52805
52805	1.52805
52806	1.52805
52807	1.52805
52808	1.52805
52809	1.52805
52810	1.52805
52811	1.52805
52812	1.52805
52813	1.52805
52814	1.52805
52815	1.52805
52816	1.52805
52817	1.52805
52818	1.52805
52819	1.52805
52820	1.52805
52821	1.52805
52822	1.52805
52823	1.52805
52824	1.52804
52825	1.52804
52826	1.52804
52827	1.52804
52828	1.52804
52829	1.52804
52830	1.52804
52831	1.52804
52832	1.52804
52833	1.52804
52834	1.52804
52835	1.52804
52836	1.52804
52837	1.52804
52838	1.52804
52839	1.52804
52840	1.52804
52841	1.52804
52842	1.52804
52843	1.52804
52844	1.52804
52845	1.52804
52846	1.52803
52847	1.52803
52848	1.52803
52849	1.52803
52850	1.52803
52851	1.52803
52852	1.52803
52853	1.52803
52854	1.52803
52855	1.52803
52856	1.52803
52857	1.52803
52858	1.52803
52859	1.52803
52860	1.52803
52861	1.52802
52862	1.52802
52863	1.52802
52864	1.52802
52865	1.52802
52866	1.52802
52867	1.52802
52868	1.52802
52869	1.52802
52870	1.52802
52871	1.52802
52872	1.52802
52873	1.52802
52874	1.52801
52875	1.52801
52876	1.52801
52877	1.52801
52878	1.52801
52879	1.52801
52880	1.52801
52881	1.52801
52882	1.52801
52883	1.52801
52884	1.52801
52885	1.528
52886	1.528
52887	1.528
52888	1.528
52889	1.528
52890	1.528
52891	1.528
52892	1.528
52893	1.528
52894	1.528
52895	1.528
52896	1.52799
52897	1.52799
52898	1.52799
52899	1.52799
52900	1.52799
52901	1.52799
52902	1.52799
52903	1.52799
52904	1.52799
52905	1.52799
52906	1.52799
52907	1.52798
52908	1.52798
52909	1.52798
52910	1.52798
52911	1.52798
52912	1.52798
52913	1.52798
52914	1.52798
52915	1.52798
52916	1.52798
52917	1.52797
52918	1.52797
52919	1.52797
52920	1.52797
52921	1.52797
52922	1.52797
52923	1.52797
52924	1.52797
52925	1.52797
52926	1.52797
52927	1.52796
52928	1.52796
52929	1.52796
52930	1.52796
52931	1.52796
52932	1.52796
52933	1.52796
52934	1.52796
52935	1.52796
52936	1.52795
52937	1.52795
52938	1.52795
52939	1.52795
52940	1.52795
52941	1.52795
52942	1.52795
52943	1.52795
52944	1.52795
52945	1.52795
52946	1.52794
52947	1.52794
52948	1.52794
52949	1.52794
52950	1.52794
52951	1.52794
52952	1.52794
52953	1.52794
52954	1.52794
52955	1.52794
52956	1.52793
52957	1.52793
52958	1.52793
52959	1.52793
52960	1.52793
52961	1.52793
52962	1.52793
52963	1.52793
52964	1.52793
52965	1.52793
52966	1.52792
52967	1.52792
52968	1.52792
52969	1.52792
52970	1.52792
52971	1.52792
52972	1.52792
52973	1.52792
52974	1.52792
52975	1.52792
52976	1.52791
52977	1.52791
52978	1.52791
52979	1.52791
52980	1.52791
52981	1.52791
52982	1.52791
52983	1.52791
52984	1.52791
52985	1.52791
52986	1.52791
52987	1.5279
52988	1.5279
52989	1.5279
52990	1.5279
52991	1.5279
52992	1.5279
52993	1.5279
52994	1.5279
52995	1.5279
52996	1.5279
52997	1.52789
52998	1.52789
52999	1.52789
53000	1.52789
53001	1.52789
53002	1.52789
53003	1.52789
53004	1.52789
53005	1.52789
53006	1.52789
53007	1.52789
53008	1.52788
53009	1.52788
53010	1.52788
53011	1.52788
53012	1.52788
53013	1.52788
53014	1.52788
53015	1.52788
53016	1.52788
53017	1.52788
53018	1.52788
53019	1.52788
53020	1.52787
53021	1.52787
53022	1.52787
53023	1.52787
53024	1.52787
53025	1.52787
53026	1.52787
53027	1.52787
53028	1.52787
53029	1.52787
53030	1.52787
53031	1.52787
53032	1.52787
53033	1.52786
53034	1.52786
53035	1.52786
53036	1.52786
53037	1.52786
53038	1.52786
53039	1.52786
53040	1.52786
53041	1.52786
53042	1.52786
53043	1.52786
53044	1.52786
53045	1.52786
53046	1.52785
53047	1.52785
53048	1.52785
53049	1.52785
53050	1.52785
53051	1.52785
53052	1.52785
53053	1.52785
53054	1.52785
53055	1.52785
53056	1.52785
53057	1.52785
53058	1.52785
53059	1.52785
53060	1.52785
53061	1.52784
53062	1.52784
53063	1.52784
53064	1.52784
53065	1.52784
53066	1.52784
53067	1.52784
53068	1.52784
53069	1.52784
53070	1.52784
53071	1.52784
53072	1.52784
53073	1.52784
53074	1.52784
53075	1.52784
53076	1.52784
53077	1.52784
53078	1.52783
53079	1.52783
53080	1.52783
53081	1.52783
53082	1.52783
53083	1.52783
53084	1.52783
53085	1.52783
53086	1.52783
53087	1.52783
53088	1.52783
53089	1.52783
53090	1.52783
53091	1.52783
53092	1.52783
53093	1.52783
53094	1.52783
53095	1.52783
53096	1.52783
53097	1.52783
53098	1.52782
53099	1.52782
53100	1.52782
53101	1.52782
53102	1.52782
53103	1.52782
53104	1.52782
53105	1.52782
53106	1.52782
53107	1.52782
53108	1.52782
53109	1.52782
53110	1.52782
53111	1.52782
53112	1.52782
53113	1.52782
53114	1.52782
53115	1.52782
53116	1.52782
53117	1.52782
53118	1.52782
53119	1.52782
53120	1.52782
53121	1.52782
53122	1.52782
53123	1.52782
53124	1.52782
53125	1.52782
53126	1.52781
53127	1.52781
53128	1.52781
53129	1.52781
53130	1.52781
53131	1.52781
53132	1.52781
53133	1.52781
53134	1.52781
53135	1.52781
53136	1.52781
53137	1.52781
53138	1.52781
53139	1.52781
53140	1.52781
53141	1.52781
53142	1.52781
53143	1.52781
53144	1.52781
53145	1.52781
53146	1.52781
53147	1.52781
53148	1.52781
53149	1.52781
53150	1.52781
53151	1.52781
53152	1.52781
53153	1.52781
53154	1.52781
53155	1.52781
53156	1.52781
53157	1.52781
53158	1.52781
53159	1.52781
53160	1.52781
53161	1.52781
53162	1.52781
53163	1.52781
53164	1.52781
53165	1.52781
53166	1.52781
53167	1.52781
53168	1.52781
53169	1.52781
53170	1.52781
53171	1.52781
53172	1.52781
53173	1.52781
53174	1.52781
53175	1.52781
53176	1.52781
53177	1.52781
53178	1.52781
53179	1.52781
53180	1.52781
53181	1.52781
53182	1.52781
53183	1.52781
53184	1.52781
53185	1.52781
53186	1.52781
53187	1.52781
53188	1.52781
53189	1.52781
53190	1.52781
53191	1.52781
53192	1.52781
53193	1.52781
53194	1.52781
53195	1.52781
53196	1.52781
53197	1.52781
53198	1.52781
53199	1.52781
53200	1.52781
53201	1.52781
53202	1.52781
53203	1.52781
53204	1.52782
53205	1.52782
53206	1.52782
53207	1.52782
53208	1.52782
53209	1.52782
53210	1.52782
53211	1.52782
53212	1.52782
53213	1.52782
53214	1.52782
53215	1.52782
53216	1.52782
53217	1.52782
53218	1.52782
53219	1.52782
53220	1.52782
53221	1.52782
53222	1.52782
53223	1.52782
53224	1.52782
53225	1.52782
53226	1.52782
53227	1.52782
53228	1.52782
53229	1.52783
53230	1.52783
53231	1.52783
53232	1.52783
53233	1.52783
53234	1.52783
53235	1.52783
53236	1.52783
53237	1.52783
53238	1.52783
53239	1.52783
53240	1.52783
53241	1.52783
53242	1.52783
53243	1.52783
53244	1.52783
53245	1.52783
53246	1.52784
53247	1.52784
53248	1.52784
53249	1.52784
53250	1.52784
53251	1.52784
53252	1.52784
53253	1.52784
53254	1.52784
53255	1.52784
53256	1.52784
53257	1.52784
53258	1.52784
53259	1.52784
53260	1.52785
53261	1.52785
53262	1.52785
53263	1.52785
53264	1.52785
53265	1.52785
53266	1.52785
53267	1.52785
53268	1.52785
53269	1.52785
53270	1.52785
53271	1.52785
53272	1.52785
53273	1.52786
53274	1.52786
53275	1.52786
53276	1.52786
53277	1.52786
53278	1.52786
53279	1.52786
53280	1.52786
53281	1.52786
53282	1.52786
53283	1.52787
53284	1.52787
53285	1.52787
53286	1.52787
53287	1.52787
53288	1.52787
53289	1.52787
53290	1.52787
53291	1.52787
53292	1.52787
53293	1.52788
53294	1.52788
53295	1.52788
53296	1.52788
53297	1.52788
53298	1.52788
53299	1.52788
53300	1.52788
53301	1.52788
53302	1.52789
53303	1.52789
53304	1.52789
53305	1.52789
53306	1.52789
53307	1.52789
53308	1.52789
53309	1.52789
53310	1.52789
53311	1.5279
53312	1.5279
53313	1.5279
53314	1.5279
53315	1.5279
53316	1.5279
53317	1.5279
53318	1.5279
53319	1.52791
53320	1.52791
53321	1.52791
53322	1.52791
53323	1.52791
53324	1.52791
53325	1.52791
53326	1.52791
53327	1.52792
53328	1.52792
53329	1.52792
53330	1.52792
53331	1.52792
53332	1.52792
53333	1.52792
53334	1.52793
53335	1.52793
53336	1.52793
53337	1.52793
53338	1.52793
53339	1.52793
53340	1.52793
53341	1.52793
53342	1.52794
53343	1.52794
53344	1.52794
53345	1.52794
53346	1.52794
53347	1.52794
53348	1.52794
53349	1.52795
53350	1.52795
53351	1.52795
53352	1.52795
53353	1.52795
53354	1.52795
53355	1.52795
53356	1.52796
53357	1.52796
53358	1.52796
53359	1.52796
53360	1.52796
53361	1.52796
53362	1.52797
53363	1.52797
53364	1.52797
53365	1.52797
53366	1.52797
53367	1.52797
53368	1.52797
53369	1.52798
53370	1.52798
53371	1.52798
53372	1.52798
53373	1.52798
53374	1.52798
53375	1.52798
53376	1.52799
53377	1.52799
53378	1.52799
53379	1.52799
53380	1.52799
53381	1.52799
53382	1.528
53383	1.528
53384	1.528
53385	1.528
53386	1.528
53387	1.528
53388	1.52801
53389	1.52801
53390	1.52801
53391	1.52801
53392	1.52801
53393	1.52801
53394	1.52801
53395	1.52802
53396	1.52802
53397	1.52802
53398	1.52802
53399	1.52802
53400	1.52802
53401	1.52803
53402	1.52803
53403	1.52803
53404	1.52803
53405	1.52803
53406	1.52803
53407	1.52803
53408	1.52804
53409	1.52804
53410	1.52804
53411	1.52804
53412	1.52804
53413	1.52804
53414	1.52805
53415	1.52805
53416	1.52805
53417	1.52805
53418	1.52805
53419	1.52805
53420	1.52805
53421	1.52806
53422	1.52806
53423	1.52806
53424	1.52806
53425	1.52806
53426	1.52806
53427	1.52806
53428	1.52807
53429	1.52807
53430	1.52807
53431	1.52807
53432	1.52807
53433	1.52807
53434	1.52807
53435	1.52808
53436	1.52808
53437	1.52808
53438	1.52808
53439	1.52808
53440	1.52808
53441	1.52808
53442	1.52809
53443	1.52809
53444	1.52809
53445	1.52809
53446	1.52809
53447	1.52809
53448	1.52809
53449	1.5281
53450	1.5281
53451	1.5281
53452	1.5281
53453	1.5281
53454	1.5281
53455	1.5281
53456	1.5281
53457	1.52811
53458	1.52811
53459	1.52811
53460	1.52811
53461	1.52811
53462	1.52811
53463	1.52811
53464	1.52811
53465	1.52811
53466	1.52812
53467	1.52812
53468	1.52812
53469	1.52812
53470	1.52812
53471	1.52812
53472	1.52812
53473	1.52812
53474	1.52812
53475	1.52813
53476	1.52813
53477	1.52813
53478	1.52813
53479	1.52813
53480	1.52813
53481	1.52813
53482	1.52813
53483	1.52813
53484	1.52813
53485	1.52814
53486	1.52814
53487	1.52814
53488	1.52814
53489	1.52814
53490	1.52814
53491	1.52814
53492	1.52814
53493	1.52814
53494	1.52814
53495	1.52814
53496	1.52814
53497	1.52814
53498	1.52815
53499	1.52815
53500	1.52815
53501	1.52815
53502	1.52815
53503	1.52815
53504	1.52815
53505	1.52815
53506	1.52815
53507	1.52815
53508	1.52815
53509	1.52815
53510	1.52815
53511	1.52815
53512	1.52815
53513	1.52815
53514	1.52815
53515	1.52815
53516	1.52815
53517	1.52815
53518	1.52815
53519	1.52816
53520	1.52816
53521	1.52816
53522	1.52816
53523	1.52816
53524	1.52816
53525	1.52816
53526	1.52816
53527	1.52816
53528	1.52816
53529	1.52816
53530	1.52816
53531	1.52816
53532	1.52816
53533	1.52816
53534	1.52816
53535	1.52816
53536	1.52816
53537	1.52816
53538	1.52816
53539	1.52816
53540	1.52816
53541	1.52816
53542	1.52816
53543	1.52816
53544	1.52816
53545	1.52816
53546	1.52816
53547	1.52815
53548	1.52815
53549	1.52815
53550	1.52815
53551	1.52815
53552	1.52815
53553	1.52815
53554	1.52815
53555	1.52815
53556	1.52815
53557	1.52815
53558	1.52815
53559	1.52815
53560	1.52815
53561	1.52815
53562	1.52815
53563	1.52815
53564	1.52815
53565	1.52815
53566	1.52815
53567	1.52814
53568	1.52814
53569	1.52814
53570	1.52814
53571	1.52814
53572	1.52814
53573	1.52814
53574	1.52814
53575	1.52814
53576	1.52814
53577	1.52814
53578	1.52813
53579	1.52813
53580	1.52813
53581	1.52813
53582	1.52813
53583	1.52813
53584	1.52813
53585	1.52813
53586	1.52813
53587	1.52813
53588	1.52812
53589	1.52812
53590	1.52812
53591	1.52812
53592	1.52812
53593	1.52812
53594	1.52812
53595	1.52812
53596	1.52811
53597	1.52811
53598	1.52811
53599	1.52811
53600	1.52811
53601	1.52811
53602	1.52811
53603	1.5281
53604	1.5281
53605	1.5281
53606	1.5281
53607	1.5281
53608	1.5281
53609	1.52809
53610	1.52809
53611	1.52809
53612	1.52809
53613	1.52809
53614	1.52809
53615	1.52808
53616	1.52808
53617	1.52808
53618	1.52808
53619	1.52808
53620	1.52808
53621	1.52807
53622	1.52807
53623	1.52807
53624	1.52807
53625	1.52807
53626	1.52806
53627	1.52806
53628	1.52806
53629	1.52806
53630	1.52806
53631	1.52805
53632	1.52805
53633	1.52805
53634	1.52805
53635	1.52805
53636	1.52804
53637	1.52804
53638	1.52804
53639	1.52804
53640	1.52804
53641	1.52803
53642	1.52803
53643	1.52803
53644	1.52803
53645	1.52802
53646	1.52802
53647	1.52802
53648	1.52802
53649	1.52802
53650	1.52801
53651	1.52801
53652	1.52801
53653	1.52801
53654	1.528
53655	1.528
53656	1.528
53657	1.528
53658	1.52799
53659	1.52799
53660	1.52799
53661	1.52799
53662	1.52799
53663	1.52798
53664	1.52798
53665	1.52798
53666	1.52798
53667	1.52797
53668	1.52797
53669	1.52797
53670	1.52797
53671	1.52796
53672	1.52796
53673	1.52796
53674	1.52796
53675	1.52795
53676	1.52795
53677	1.52795
53678	1.52795
53679	1.52794
53680	1.52794
53681	1.52794
53682	1.52794
53683	1.52793
53684	1.52793
53685	1.52793
53686	1.52792
53687	1.52792
53688	1.52792
53689	1.52792
53690	1.52791
53691	1.52791
53692	1.52791
53693	1.52791
53694	1.5279
53695	1.5279
53696	1.5279
53697	1.5279
53698	1.52789
53699	1.52789
53700	1.52789
53701	1.52789
53702	1.52788
53703	1.52788
53704	1.52788
53705	1.52787
53706	1.52787
53707	1.52787
53708	1.52787
53709	1.52786
53710	1.52786
53711	1.52786
53712	1.52786
53713	1.52785
53714	1.52785
53715	1.52785
53716	1.52785
53717	1.52784
53718	1.52784
53719	1.52784
53720	1.52784
53721	1.52783
53722	1.52783
53723	1.52783
53724	1.52782
53725	1.52782
53726	1.52782
53727	1.52782
53728	1.52781
53729	1.52781
53730	1.52781
53731	1.52781
53732	1.5278
53733	1.5278
53734	1.5278
53735	1.5278
53736	1.52779
53737	1.52779
53738	1.52779
53739	1.52779
53740	1.52778
53741	1.52778
53742	1.52778
53743	1.52778
53744	1.52777
53745	1.52777
53746	1.52777
53747	1.52777
53748	1.52776
53749	1.52776
53750	1.52776
53751	1.52776
53752	1.52775
53753	1.52775
53754	1.52775
53755	1.52775
53756	1.52774
53757	1.52774
53758	1.52774
53759	1.52774
53760	1.52773
53761	1.52773
53762	1.52773
53763	1.52773
53764	1.52773
53765	1.52772
53766	1.52772
53767	1.52772
53768	1.52772
53769	1.52771
53770	1.52771
53771	1.52771
53772	1.52771
53773	1.5277
53774	1.5277
53775	1.5277
53776	1.5277
53777	1.5277
53778	1.52769
53779	1.52769
53780	1.52769
53781	1.52769
53782	1.52769
53783	1.52768
53784	1.52768
53785	1.52768
53786	1.52768
53787	1.52768
53788	1.52767
53789	1.52767
53790	1.52767
53791	1.52767
53792	1.52767
53793	1.52766
53794	1.52766
53795	1.52766
53796	1.52766
53797	1.52766
53798	1.52765
53799	1.52765
53800	1.52765
53801	1.52765
53802	1.52765
53803	1.52765
53804	1.52764
53805	1.52764
53806	1.52764
53807	1.52764
53808	1.52764
53809	1.52764
53810	1.52763
53811	1.52763
53812	1.52763
53813	1.52763
53814	1.52763
53815	1.52763
53816	1.52762
53817	1.52762
53818	1.52762
53819	1.52762
53820	1.52762
53821	1.52762
53822	1.52762
53823	1.52761
53824	1.52761
53825	1.52761
53826	1.52761
53827	1.52761
53828	1.52761
53829	1.52761
53830	1.5276
53831	1.5276
53832	1.5276
53833	1.5276
53834	1.5276
53835	1.5276
53836	1.5276
53837	1.5276
53838	1.5276
53839	1.52759
53840	1.52759
53841	1.52759
53842	1.52759
53843	1.52759
53844	1.52759
53845	1.52759
53846	1.52759
53847	1.52759
53848	1.52758
53849	1.52758
53850	1.52758
53851	1.52758
53852	1.52758
53853	1.52758
53854	1.52758
53855	1.52758
53856	1.52758
53857	1.52758
53858	1.52758
53859	1.52758
53860	1.52757
53861	1.52757
53862	1.52757
53863	1.52757
53864	1.52757
53865	1.52757
53866	1.52757
53867	1.52757
53868	1.52757
53869	1.52757
53870	1.52757
53871	1.52757
53872	1.52757
53873	1.52757
53874	1.52757
53875	1.52757
53876	1.52756
53877	1.52756
53878	1.52756
53879	1.52756
53880	1.52756
53881	1.52756
53882	1.52756
53883	1.52756
53884	1.52756
53885	1.52756
53886	1.52756
53887	1.52756
53888	1.52756
53889	1.52756
53890	1.52756
53891	1.52756
53892	1.52756
53893	1.52756
53894	1.52756
53895	1.52756
53896	1.52756
53897	1.52756
53898	1.52756
53899	1.52756
53900	1.52756
53901	1.52756
53902	1.52756
53903	1.52756
53904	1.52756
53905	1.52756
53906	1.52756
53907	1.52756
53908	1.52756
53909	1.52756
53910	1.52756
53911	1.52756
53912	1.52756
53913	1.52756
53914	1.52756
53915	1.52756
53916	1.52756
53917	1.52756
53918	1.52756
53919	1.52756
53920	1.52756
53921	1.52756
53922	1.52756
53923	1.52756
53924	1.52756
53925	1.52756
53926	1.52756
53927	1.52756
53928	1.52756
53929	1.52756
53930	1.52756
53931	1.52756
53932	1.52756
53933	1.52756
53934	1.52756
53935	1.52756
53936	1.52756
53937	1.52756
53938	1.52756
53939	1.52756
53940	1.52757
53941	1.52757
53942	1.52757
53943	1.52757
53944	1.52757
53945	1.52757
53946	1.52757
53947	1.52757
53948	1.52757
53949	1.52757
53950	1.52757
53951	1.52757
53952	1.52757
53953	1.52757
53954	1.52757
53955	1.52757
53956	1.52757
53957	1.52757
53958	1.52757
53959	1.52758
53960	1.52758
53961	1.52758
53962	1.52758
53963	1.52758
53964	1.52758
53965	1.52758
53966	1.52758
53967	1.52758
53968	1.52758
53969	1.52758
53970	1.52758
53971	1.52758
53972	1.52758
53973	1.52758
53974	1.52759
53975	1.52759
53976	1.52759
53977	1.52759
53978	1.52759
53979	1.52759
53980	1.52759
53981	1.52759
53982	1.52759
53983	1.52759
53984	1.52759
53985	1.52759
53986	1.52759
53987	1.5276
53988	1.5276
53989	1.5276
53990	1.5276
53991	1.5276
53992	1.5276
53993	1.5276
53994	1.5276
53995	1.5276
53996	1.5276
53997	1.5276
53998	1.52761
53999	1.52761
54000	1.52761
54001	1.52761
54002	1.52761
54003	1.52761
54004	1.52761
54005	1.52761
54006	1.52761
54007	1.52761
54008	1.52761
54009	1.52762
54010	1.52762
54011	1.52762
54012	1.52762
54013	1.52762
54014	1.52762
54015	1.52762
54016	1.52762
54017	1.52762
54018	1.52762
54019	1.52762
54020	1.52763
54021	1.52763
54022	1.52763
54023	1.52763
54024	1.52763
54025	1.52763
54026	1.52763
54027	1.52763
54028	1.52763
54029	1.52763
54030	1.52764
54031	1.52764
54032	1.52764
54033	1.52764
54034	1.52764
54035	1.52764
54036	1.52764
54037	1.52764
54038	1.52764
54039	1.52764
54040	1.52764
54041	1.52765
54042	1.52765
54043	1.52765
54044	1.52765
54045	1.52765
54046	1.52765
54047	1.52765
54048	1.52765
54049	1.52765
54050	1.52765
54051	1.52766
54052	1.52766
54053	1.52766
54054	1.52766
54055	1.52766
54056	1.52766
54057	1.52766
54058	1.52766
54059	1.52766
54060	1.52766
54061	1.52767
54062	1.52767
54063	1.52767
54064	1.52767
54065	1.52767
54066	1.52767
54067	1.52767
54068	1.52767
54069	1.52767
54070	1.52767
54071	1.52768
54072	1.52768
54073	1.52768
54074	1.52768
54075	1.52768
54076	1.52768
54077	1.52768
54078	1.52768
54079	1.52768
54080	1.52768
54081	1.52769
54082	1.52769
54083	1.52769
54084	1.52769
54085	1.52769
54086	1.52769
54087	1.52769
54088	1.52769
54089	1.52769
54090	1.52769
54091	1.5277
54092	1.5277
54093	1.5277
54094	1.5277
54095	1.5277
54096	1.5277
54097	1.5277
54098	1.5277
54099	1.5277
54100	1.5277
54101	1.52771
54102	1.52771
54103	1.52771
54104	1.52771
54105	1.52771
54106	1.52771
54107	1.52771
54108	1.52771
54109	1.52771
54110	1.52771
54111	1.52771
54112	1.52772
54113	1.52772
54114	1.52772
54115	1.52772
54116	1.52772
54117	1.52772
54118	1.52772
54119	1.52772
54120	1.52772
54121	1.52772
54122	1.52772
54123	1.52773
54124	1.52773
54125	1.52773
54126	1.52773
54127	1.52773
54128	1.52773
54129	1.52773
54130	1.52773
54131	1.52773
54132	1.52773
54133	1.52773
54134	1.52774
54135	1.52774
54136	1.52774
54137	1.52774
54138	1.52774
54139	1.52774
54140	1.52774
54141	1.52774
54142	1.52774
54143	1.52774
54144	1.52774
54145	1.52774
54146	1.52775
54147	1.52775
54148	1.52775
54149	1.52775
54150	1.52775
54151	1.52775
54152	1.52775
54153	1.52775
54154	1.52775
54155	1.52775
54156	1.52775
54157	1.52775
54158	1.52776
54159	1.52776
54160	1.52776
54161	1.52776
54162	1.52776
54163	1.52776
54164	1.52776
54165	1.52776
54166	1.52776
54167	1.52776
54168	1.52776
54169	1.52776
54170	1.52776
54171	1.52777
54172	1.52777
54173	1.52777
54174	1.52777
54175	1.52777
54176	1.52777
54177	1.52777
54178	1.52777
54179	1.52777
54180	1.52777
54181	1.52777
54182	1.52777
54183	1.52777
54184	1.52778
54185	1.52778
54186	1.52778
54187	1.52778
54188	1.52778
54189	1.52778
54190	1.52778
54191	1.52778
54192	1.52778
54193	1.52778
54194	1.52778
54195	1.52778
54196	1.52778
54197	1.52778
54198	1.52779
54199	1.52779
54200	1.52779
54201	1.52779
54202	1.52779
54203	1.52779
54204	1.52779
54205	1.52779
54206	1.52779
54207	1.52779
54208	1.52779
54209	1.52779
54210	1.52779
54211	1.52779
54212	1.5278
54213	1.5278
54214	1.5278
54215	1.5278
54216	1.5278
54217	1.5278
54218	1.5278
54219	1.5278
54220	1.5278
54221	1.5278
54222	1.5278
54223	1.5278
54224	1.5278
54225	1.5278
54226	1.5278
54227	1.5278
54228	1.52781
54229	1.52781
54230	1.52781
54231	1.52781
54232	1.52781
54233	1.52781
54234	1.52781
54235	1.52781
54236	1.52781
54237	1.52781
54238	1.52781
54239	1.52781
54240	1.52781
54241	1.52781
54242	1.52781
54243	1.52781
54244	1.52781
54245	1.52782
54246	1.52782
54247	1.52782
54248	1.52782
54249	1.52782
54250	1.52782
54251	1.52782
54252	1.52782
54253	1.52782
54254	1.52782
54255	1.52782
54256	1.52782
54257	1.52782
54258	1.52782
54259	1.52782
54260	1.52782
54261	1.52782
54262	1.52782
54263	1.52782
54264	1.52783
54265	1.52783
54266	1.52783
54267	1.52783
54268	1.52783
54269	1.52783
54270	1.52783
54271	1.52783
54272	1.52783
54273	1.52783
54274	1.52783
54275	1.52783
54276	1.52783
54277	1.52783
54278	1.52783
54279	1.52783
54280	1.52783
54281	1.52783
54282	1.52783
54283	1.52783
54284	1.52783
54285	1.52784
54286	1.52784
54287	1.52784
54288	1.52784
54289	1.52784
54290	1.52784
54291	1.52784
54292	1.52784
54293	1.52784
54294	1.52784
54295	1.52784
54296	1.52784
54297	1.52784
54298	1.52784
54299	1.52784
54300	1.52784
54301	1.52784
54302	1.52784
54303	1.52784
54304	1.52784
54305	1.52784
54306	1.52784
54307	1.52784
54308	1.52784
54309	1.52784
54310	1.52784
54311	1.52784
54312	1.52784
54313	1.52785
54314	1.52785
54315	1.52785
54316	1.52785
54317	1.52785
54318	1.52785
54319	1.52785
54320	1.52785
54321	1.52785
54322	1.52785
54323	1.52785
54324	1.52785
54325	1.52785
54326	1.52785
54327	1.52785
54328	1.52785
54329	1.52785
54330	1.52785
54331	1.52785
54332	1.52785
54333	1.52785
54334	1.52785
54335	1.52785
54336	1.52785
54337	1.52785
54338	1.52785
54339	1.52785
54340	1.52785
54341	1.52785
54342	1.52785
54343	1.52785
54344	1.52785
54345	1.52785
54346	1.52785
54347	1.52785
54348	1.52785
54349	1.52785
54350	1.52785
54351	1.52785
54352	1.52785
54353	1.52785
54354	1.52785
54355	1.52785
54356	1.52785
54357	1.52785
54358	1.52785
54359	1.52785
54360	1.52785
54361	1.52785
54362	1.52785
54363	1.52785
54364	1.52785
54365	1.52785
54366	1.52785
54367	1.52785
54368	1.52785
54369	1.52785
54370	1.52785
54371	1.52785
54372	1.52785
54373	1.52785
54374	1.52785
54375	1.52785
54376	1.52785
54377	1.52785
54378	1.52785
54379	1.52785
54380	1.52785
54381	1.52785
54382	1.52785
54383	1.52785
54384	1.52785
54385	1.52785
54386	1.52785
54387	1.52785
54388	1.52785
54389	1.52785
54390	1.52785
54391	1.52785
54392	1.52785
54393	1.52785
54394	1.52785
54395	1.52785
54396	1.52785
54397	1.52785
54398	1.52785
54399	1.52785
54400	1.52785
54401	1.52784
54402	1.52784
54403	1.52784
54404	1.52784
54405	1.52784
54406	1.52784
54407	1.52784
54408	1.52784
54409	1.52784
54410	1.52784
54411	1.52784
54412	1.52784
54413	1.52784
54414	1.52784
54415	1.52784
54416	1.52784
54417	1.52784
54418	1.52784
54419	1.52784
54420	1.52784
54421	1.52784
54422	1.52783
54423	1.52783
54424	1.52783
54425	1.52783
54426	1.52783
54427	1.52783
54428	1.52783
54429	1.52783
54430	1.52783
54431	1.52783
54432	1.52783
54433	1.52783
54434	1.52783
54435	1.52783
54436	1.52783
54437	1.52782
54438	1.52782
54439	1.52782
54440	1.52782
54441	1.52782
54442	1.52782
54443	1.52782
54444	1.52782
54445	1.52782
54446	1.52782
54447	1.52782
54448	1.52782
54449	1.52781
54450	1.52781
54451	1.52781
54452	1.52781
54453	1.52781
54454	1.52781
54455	1.52781
54456	1.52781
54457	1.52781
54458	1.52781
54459	1.52781
54460	1.5278
54461	1.5278
54462	1.5278
54463	1.5278
54464	1.5278
54465	1.5278
54466	1.5278
54467	1.5278
54468	1.5278
54469	1.52779
54470	1.52779
54471	1.52779
54472	1.52779
54473	1.52779
54474	1.52779
54475	1.52779
54476	1.52779
54477	1.52779
54478	1.52778
54479	1.52778
54480	1.52778
54481	1.52778
54482	1.52778
54483	1.52778
54484	1.52778
54485	1.52778
54486	1.52777
54487	1.52777
54488	1.52777
54489	1.52777
54490	1.52777
54491	1.52777
54492	1.52777
54493	1.52776
54494	1.52776
54495	1.52776
54496	1.52776
54497	1.52776
54498	1.52776
54499	1.52776
54500	1.52775
54501	1.52775
54502	1.52775
54503	1.52775
54504	1.52775
54505	1.52775
54506	1.52775
54507	1.52774
54508	1.52774
54509	1.52774
54510	1.52774
54511	1.52774
54512	1.52774
54513	1.52773
54514	1.52773
54515	1.52773
54516	1.52773
54517	1.52773
54518	1.52773
54519	1.52773
54520	1.52772
54521	1.52772
54522	1.52772
54523	1.52772
54524	1.52772
54525	1.52772
54526	1.52771
54527	1.52771
54528	1.52771
54529	1.52771
54530	1.52771
54531	1.52771
54532	1.5277
54533	1.5277
54534	1.5277
54535	1.5277
54536	1.5277
54537	1.5277
54538	1.52769
54539	1.52769
54540	1.52769
54541	1.52769
54542	1.52769
54543	1.52768
54544	1.52768
54545	1.52768
54546	1.52768
54547	1.52768
54548	1.52768
54549	1.52767
54550	1.52767
54551	1.52767
54552	1.52767
54553	1.52767
54554	1.52767
54555	1.52766
54556	1.52766
54557	1.52766
54558	1.52766
54559	1.52766
54560	1.52765
54561	1.52765
54562	1.52765
54563	1.52765
54564	1.52765
54565	1.52765
54566	1.52764
54567	1.52764
54568	1.52764
54569	1.52764
54570	1.52764
54571	1.52763
54572	1.52763
54573	1.52763
54574	1.52763
54575	1.52763
54576	1.52763
54577	1.52762
54578	1.52762
54579	1.52762
54580	1.52762
54581	1.52762
54582	1.52761
54583	1.52761
54584	1.52761
54585	1.52761
54586	1.52761
54587	1.52761
54588	1.5276
54589	1.5276
54590	1.5276
54591	1.5276
54592	1.5276
54593	1.5276
54594	1.52759
54595	1.52759
54596	1.52759
54597	1.52759
54598	1.52759
54599	1.52758
54600	1.52758
54601	1.52758
54602	1.52758
54603	1.52758
54604	1.52758
54605	1.52757
54606	1.52757
54607	1.52757
54608	1.52757
54609	1.52757
54610	1.52757
54611	1.52757
54612	1.52756
54613	1.52756
54614	1.52756
54615	1.52756
54616	1.52756
54617	1.52756
54618	1.52755
54619	1.52755
54620	1.52755
54621	1.52755
54622	1.52755
54623	1.52755
54624	1.52755
54625	1.52754
54626	1.52754
54627	1.52754
54628	1.52754
54629	1.52754
54630	1.52754
54631	1.52754
54632	1.52753
54633	1.52753
54634	1.52753
54635	1.52753
54636	1.52753
54637	1.52753
54638	1.52753
54639	1.52752
54640	1.52752
54641	1.52752
54642	1.52752
54643	1.52752
54644	1.52752
54645	1.52752
54646	1.52752
54647	1.52752
54648	1.52751
54649	1.52751
54650	1.52751
54651	1.52751
54652	1.52751
54653	1.52751
54654	1.52751
54655	1.52751
54656	1.52751
54657	1.5275
54658	1.5275
54659	1.5275
54660	1.5275
54661	1.5275
54662	1.5275
54663	1.5275
54664	1.5275
54665	1.5275
54666	1.5275
54667	1.5275
54668	1.5275
54669	1.52749
54670	1.52749
54671	1.52749
54672	1.52749
54673	1.52749
54674	1.52749
54675	1.52749
54676	1.52749
54677	1.52749
54678	1.52749
54679	1.52749
54680	1.52749
54681	1.52749
54682	1.52749
54683	1.52749
54684	1.52749
54685	1.52749
54686	1.52749
54687	1.52749
54688	1.52748
54689	1.52748
54690	1.52748
54691	1.52748
54692	1.52748
54693	1.52748
54694	1.52748
54695	1.52748
54696	1.52748
54697	1.52748
54698	1.52748
54699	1.52748
54700	1.52748
54701	1.52748
54702	1.52748
54703	1.52748
54704	1.52748
54705	1.52748
54706	1.52748
54707	1.52748
54708	1.52748
54709	1.52748
54710	1.52748
54711	1.52748
54712	1.52748
54713	1.52748
54714	1.52748
54715	1.52748
54716	1.52748
54717	1.52748
54718	1.52749
54719	1.52749
54720	1.52749
54721	1.52749
54722	1.52749
54723	1.52749
54724	1.52749
54725	1.52749
54726	1.52749
54727	1.52749
54728	1.52749
54729	1.52749
54730	1.52749
54731	1.52749
54732	1.52749
54733	1.52749
54734	1.52749
54735	1.52749
54736	1.5275
54737	1.5275
54738	1.5275
54739	1.5275
54740	1.5275
54741	1.5275
54742	1.5275
54743	1.5275
54744	1.5275
54745	1.5275
54746	1.5275
54747	1.52751
54748	1.52751
54749	1.52751
54750	1.52751
54751	1.52751
54752	1.52751
54753	1.52751
54754	1.52751
54755	1.52751
54756	1.52751
54757	1.52752
54758	1.52752
54759	1.52752
54760	1.52752
54761	1.52752
54762	1.52752
54763	1.52752
54764	1.52752
54765	1.52753
54766	1.52753
54767	1.52753
54768	1.52753
54769	1.52753
54770	1.52753
54771	1.52753
54772	1.52754
54773	1.52754
54774	1.52754
54775	1.52754
54776	1.52754
54777	1.52754
54778	1.52755
54779	1.52755
54780	1.52755
54781	1.52755
54782	1.52755
54783	1.52755
54784	1.52756
54785	1.52756
54786	1.52756
54787	1.52756
54788	1.52756
54789	1.52756
54790	1.52757
54791	1.52757
54792	1.52757
54793	1.52757
54794	1.52757
54795	1.52757
54796	1.52758
54797	1.52758
54798	1.52758
54799	1.52758
54800	1.52758
54801	1.52759
54802	1.52759
54803	1.52759
54804	1.52759
54805	1.52759
54806	1.5276
54807	1.5276
54808	1.5276
54809	1.5276
54810	1.5276
54811	1.52761
54812	1.52761
54813	1.52761
54814	1.52761
54815	1.52761
54816	1.52762
54817	1.52762
54818	1.52762
54819	1.52762
54820	1.52762
54821	1.52763
54822	1.52763
54823	1.52763
54824	1.52763
54825	1.52764
54826	1.52764
54827	1.52764
54828	1.52764
54829	1.52764
54830	1.52765
54831	1.52765
54832	1.52765
54833	1.52765
54834	1.52765
54835	1.52766
54836	1.52766
54837	1.52766
54838	1.52766
54839	1.52767
54840	1.52767
54841	1.52767
54842	1.52767
54843	1.52767
54844	1.52768
54845	1.52768
54846	1.52768
54847	1.52768
54848	1.52769
54849	1.52769
54850	1.52769
54851	1.52769
54852	1.52769
54853	1.5277
54854	1.5277
54855	1.5277
54856	1.5277
54857	1.52771
54858	1.52771
54859	1.52771
54860	1.52771
54861	1.52772
54862	1.52772
54863	1.52772
54864	1.52772
54865	1.52772
54866	1.52773
54867	1.52773
54868	1.52773
54869	1.52773
54870	1.52774
54871	1.52774
54872	1.52774
54873	1.52774
54874	1.52774
54875	1.52775
54876	1.52775
54877	1.52775
54878	1.52775
54879	1.52775
54880	1.52776
54881	1.52776
54882	1.52776
54883	1.52776
54884	1.52777
54885	1.52777
54886	1.52777
54887	1.52777
54888	1.52777
54889	1.52778
54890	1.52778
54891	1.52778
54892	1.52778
54893	1.52778
54894	1.52779
54895	1.52779
54896	1.52779
54897	1.52779
54898	1.52779
54899	1.5278
54900	1.5278
54901	1.5278
54902	1.5278
54903	1.52781
54904	1.52781
54905	1.52781
54906	1.52781
54907	1.52781
54908	1.52781
54909	1.52782
54910	1.52782
54911	1.52782
54912	1.52782
54913	1.52782
54914	1.52783
54915	1.52783
54916	1.52783
54917	1.52783
54918	1.52783
54919	1.52784
54920	1.52784
54921	1.52784
54922	1.52784
54923	1.52784
54924	1.52784
54925	1.52785
54926	1.52785
54927	1.52785
54928	1.52785
54929	1.52785
54930	1.52785
54931	1.52786
54932	1.52786
54933	1.52786
54934	1.52786
54935	1.52786
54936	1.52786
54937	1.52787
54938	1.52787
54939	1.52787
54940	1.52787
54941	1.52787
54942	1.52787
54943	1.52788
54944	1.52788
54945	1.52788
54946	1.52788
54947	1.52788
54948	1.52788
54949	1.52788
54950	1.52789
54951	1.52789
54952	1.52789
54953	1.52789
54954	1.52789
54955	1.52789
54956	1.52789
54957	1.5279
54958	1.5279
54959	1.5279
54960	1.5279
54961	1.5279
54962	1.5279
54963	1.5279
54964	1.5279
54965	1.5279
54966	1.52791
54967	1.52791
54968	1.52791
54969	1.52791
54970	1.52791
54971	1.52791
54972	1.52791
54973	1.52791
54974	1.52791
54975	1.52792
54976	1.52792
54977	1.52792
54978	1.52792
54979	1.52792
54980	1.52792
54981	1.52792
54982	1.52792
54983	1.52792
54984	1.52792
54985	1.52793
54986	1.52793
54987	1.52793
54988	1.52793
54989	1.52793
54990	1.52793
54991	1.52793
54992	1.52793
54993	1.52793
54994	1.52793
54995	1.52793
54996	1.52793
54997	1.52793
54998	1.52793
54999	1.52794
55000	1.52794
55001	1.52794
55002	1.52794
55003	1.52794
55004	1.52794
55005	1.52794
55006	1.52794
55007	1.52794
55008	1.52794
55009	1.52794
55010	1.52794
55011	1.52794
55012	1.52794
55013	1.52794
55014	1.52794
55015	1.52794
55016	1.52794
55017	1.52794
55018	1.52795
55019	1.52795
55020	1.52795
55021	1.52795
55022	1.52795
55023	1.52795
55024	1.52795
55025	1.52795
55026	1.52795
55027	1.52795
55028	1.52795
55029	1.52795
55030	1.52795
55031	1.52795
55032	1.52795
55033	1.52795
55034	1.52795
55035	1.52795
55036	1.52795
55037	1.52795
55038	1.52795
55039	1.52795
55040	1.52795
55041	1.52795
55042	1.52795
55043	1.52795
55044	1.52795
55045	1.52795
55046	1.52795
55047	1.52795
55048	1.52795
55049	1.52795
55050	1.52795
55051	1.52795
55052	1.52795
55053	1.52795
55054	1.52795
55055	1.52795
55056	1.52795
55057	1.52795
55058	1.52795
55059	1.52795
55060	1.52795
55061	1.52795
55062	1.52795
55063	1.52795
55064	1.52795
55065	1.52795
55066	1.52795
55067	1.52795
55068	1.52795
55069	1.52795
55070	1.52795
55071	1.52795
55072	1.52795
55073	1.52795
55074	1.52794
55075	1.52794
55076	1.52794
55077	1.52794
55078	1.52794
55079	1.52794
55080	1.52794
55081	1.52794
55082	1.52794
55083	1.52794
55084	1.52794
55085	1.52794
55086	1.52794
55087	1.52794
55088	1.52794
55089	1.52794
55090	1.52794
55091	1.52794
55092	1.52794
55093	1.52794
55094	1.52794
55095	1.52794
55096	1.52794
55097	1.52794
55098	1.52793
55099	1.52793
55100	1.52793
55101	1.52793
55102	1.52793
55103	1.52793
55104	1.52793
55105	1.52793
55106	1.52793
55107	1.52793
55108	1.52793
55109	1.52793
55110	1.52793
55111	1.52793
55112	1.52793
55113	1.52793
55114	1.52793
55115	1.52792
55116	1.52792
55117	1.52792
55118	1.52792
55119	1.52792
55120	1.52792
55121	1.52792
55122	1.52792
55123	1.52792
55124	1.52792
55125	1.52792
55126	1.52792
55127	1.52792
55128	1.52792
55129	1.52792
55130	1.52791
55131	1.52791
55132	1.52791
55133	1.52791
55134	1.52791
55135	1.52791
55136	1.52791
55137	1.52791
55138	1.52791
55139	1.52791
55140	1.52791
55141	1.52791
55142	1.52791
55143	1.52791
55144	1.52791
55145	1.5279
55146	1.5279
55147	1.5279
55148	1.5279
55149	1.5279
55150	1.5279
55151	1.5279
55152	1.5279
55153	1.5279
55154	1.5279
55155	1.5279
55156	1.5279
55157	1.5279
55158	1.52789
55159	1.52789
55160	1.52789
55161	1.52789
55162	1.52789
55163	1.52789
55164	1.52789
55165	1.52789
55166	1.52789
55167	1.52789
55168	1.52789
55169	1.52789
55170	1.52789
55171	1.52788
55172	1.52788
55173	1.52788
55174	1.52788
55175	1.52788
55176	1.52788
55177	1.52788
55178	1.52788
55179	1.52788
55180	1.52788
55181	1.52788
55182	1.52788
55183	1.52788
55184	1.52787
55185	1.52787
55186	1.52787
55187	1.52787
55188	1.52787
55189	1.52787
55190	1.52787
55191	1.52787
55192	1.52787
55193	1.52787
55194	1.52787
55195	1.52787
55196	1.52787
55197	1.52786
55198	1.52786
55199	1.52786
55200	1.52786
55201	1.52786
55202	1.52786
55203	1.52786
55204	1.52786
55205	1.52786
55206	1.52786
55207	1.52786
55208	1.52786
55209	1.52786
55210	1.52786
55211	1.52785
55212	1.52785
55213	1.52785
55214	1.52785
55215	1.52785
55216	1.52785
55217	1.52785
55218	1.52785
55219	1.52785
55220	1.52785
55221	1.52785
55222	1.52785
55223	1.52785
55224	1.52784
55225	1.52784
55226	1.52784
55227	1.52784
55228	1.52784
55229	1.52784
55230	1.52784
55231	1.52784
55232	1.52784
55233	1.52784
55234	1.52784
55235	1.52784
55236	1.52784
55237	1.52784
55238	1.52783
55239	1.52783
55240	1.52783
55241	1.52783
55242	1.52783
55243	1.52783
55244	1.52783
55245	1.52783
55246	1.52783
55247	1.52783
55248	1.52783
55249	1.52783
55250	1.52783
55251	1.52783
55252	1.52783
55253	1.52782
55254	1.52782
55255	1.52782
55256	1.52782
55257	1.52782
55258	1.52782
55259	1.52782
55260	1.52782
55261	1.52782
55262	1.52782
55263	1.52782
55264	1.52782
55265	1.52782
55266	1.52782
55267	1.52782
55268	1.52782
55269	1.52781
55270	1.52781
55271	1.52781
55272	1.52781
55273	1.52781
55274	1.52781
55275	1.52781
55276	1.52781
55277	1.52781
55278	1.52781
55279	1.52781
55280	1.52781
55281	1.52781
55282	1.52781
55283	1.52781
55284	1.52781
55285	1.52781
55286	1.52781
55287	1.5278
55288	1.5278
55289	1.5278
55290	1.5278
55291	1.5278
55292	1.5278
55293	1.5278
55294	1.5278
55295	1.5278
55296	1.5278
55297	1.5278
55298	1.5278
55299	1.5278
55300	1.5278
55301	1.5278
55302	1.5278
55303	1.5278
55304	1.5278
55305	1.5278
55306	1.52779
55307	1.52779
55308	1.52779
55309	1.52779
55310	1.52779
55311	1.52779
55312	1.52779
55313	1.52779
55314	1.52779
55315	1.52779
55316	1.52779
55317	1.52779
55318	1.52779
55319	1.52779
55320	1.52779
55321	1.52779
55322	1.52779
55323	1.52779
55324	1.52779
55325	1.52779
55326	1.52779
55327	1.52778
55328	1.52778
55329	1.52778
55330	1.52778
55331	1.52778
55332	1.52778
55333	1.52778
55334	1.52778
55335	1.52778
55336	1.52778
55337	1.52778
55338	1.52778
55339	1.52778
55340	1.52778
55341	1.52778
55342	1.52778
55343	1.52778
55344	1.52778
55345	1.52778
55346	1.52778
55347	1.52778
55348	1.52778
55349	1.52778
55350	1.52778
55351	1.52777
55352	1.52777
55353	1.52777
55354	1.52777
55355	1.52777
55356	1.52777
55357	1.52777
55358	1.52777
55359	1.52777
55360	1.52777
55361	1.52777
55362	1.52777
55363	1.52777
55364	1.52777
55365	1.52777
55366	1.52777
55367	1.52777
55368	1.52777
55369	1.52777
55370	1.52777
55371	1.52777
55372	1.52777
55373	1.52777
55374	1.52777
55375	1.52777
55376	1.52777
55377	1.52777
55378	1.52777
55379	1.52777
55380	1.52777
55381	1.52777
55382	1.52776
55383	1.52776
55384	1.52776
55385	1.52776
55386	1.52776
55387	1.52776
55388	1.52776
55389	1.52776
55390	1.52776
55391	1.52776
55392	1.52776
55393	1.52776
55394	1.52776
55395	1.52776
55396	1.52776
55397	1.52776
55398	1.52776
55399	1.52776
55400	1.52776
55401	1.52776
55402	1.52776
55403	1.52776
55404	1.52776
55405	1.52776
55406	1.52776
55407	1.52776
55408	1.52776
55409	1.52776
55410	1.52776
55411	1.52776
55412	1.52776
55413	1.52776
55414	1.52776
55415	1.52776
55416	1.52776
55417	1.52776
55418	1.52776
55419	1.52776
55420	1.52776
55421	1.52776
55422	1.52776
55423	1.52776
55424	1.52776
55425	1.52776
55426	1.52776
55427	1.52776
55428	1.52776
55429	1.52776
55430	1.52776
55431	1.52776
55432	1.52776
55433	1.52776
55434	1.52775
55435	1.52775
55436	1.52775
55437	1.52775
55438	1.52775
55439	1.52775
55440	1.52775
55441	1.52775
55442	1.52775
55443	1.52775
55444	1.52775
55445	1.52775
55446	1.52775
55447	1.52775
55448	1.52775
55449	1.52775
55450	1.52775
55451	1.52775
55452	1.52775
55453	1.52775
55454	1.52775
55455	1.52775
55456	1.52775
55457	1.52775
55458	1.52775
55459	1.52775
55460	1.52775
55461	1.52775
55462	1.52775
55463	1.52775
55464	1.52775
55465	1.52775
55466	1.52775
55467	1.52776
55468	1.52776
55469	1.52776
55470	1.52776
55471	1.52776
55472	1.52776
55473	1.52776
55474	1.52776
55475	1.52776
55476	1.52776
55477	1.52776
55478	1.52776
55479	1.52776
55480	1.52776
55481	1.52776
55482	1.52776
55483	1.52776
55484	1.52776
55485	1.52776
55486	1.52776
55487	1.52776
55488	1.52776
55489	1.52776
55490	1.52776
55491	1.52776
55492	1.52776
55493	1.52776
55494	1.52776
55495	1.52776
55496	1.52776
55497	1.52776
55498	1.52776
55499	1.52776
55500	1.52776
55501	1.52776
55502	1.52776
55503	1.52776
55504	1.52776
55505	1.52776
55506	1.52776
55507	1.52776
55508	1.52776
55509	1.52777
55510	1.52777
55511	1.52777
55512	1.52777
55513	1.52777
55514	1.52777
55515	1.52777
55516	1.52777
55517	1.52777
55518	1.52777
55519	1.52777
55520	1.52777
55521	1.52777
55522	1.52777
55523	1.52777
55524	1.52777
55525	1.52777
55526	1.52777
55527	1.52777
55528	1.52777
55529	1.52777
55530	1.52778
55531	1.52778
55532	1.52778
55533	1.52778
55534	1.52778
55535	1.52778
55536	1.52778
55537	1.52778
55538	1.52778
55539	1.52778
55540	1.52778
55541	1.52778
55542	1.52778
55543	1.52778
55544	1.52778
55545	1.52779
55546	1.52779
55547	1.52779
55548	1.52779
55549	1.52779
55550	1.52779
55551	1.52779
55552	1.52779
55553	1.52779
55554	1.52779
55555	1.52779
55556	1.52779
55557	1.52779
55558	1.5278
55559	1.5278
55560	1.5278
55561	1.5278
55562	1.5278
55563	1.5278
55564	1.5278
55565	1.5278
55566	1.5278
55567	1.5278
55568	1.5278
55569	1.52781
55570	1.52781
55571	1.52781
55572	1.52781
55573	1.52781
55574	1.52781
55575	1.52781
55576	1.52781
55577	1.52781
55578	1.52781
55579	1.52782
55580	1.52782
55581	1.52782
55582	1.52782
55583	1.52782
55584	1.52782
55585	1.52782
55586	1.52782
55587	1.52782
55588	1.52783
55589	1.52783
55590	1.52783
55591	1.52783
55592	1.52783
55593	1.52783
55594	1.52783
55595	1.52783
55596	1.52783
55597	1.52784
55598	1.52784
55599	1.52784
55600	1.52784
55601	1.52784
55602	1.52784
55603	1.52784
55604	1.52784
55605	1.52785
55606	1.52785
55607	1.52785
55608	1.52785
55609	1.52785
55610	1.52785
55611	1.52785
55612	1.52785
55613	1.52786
55614	1.52786
55615	1.52786
55616	1.52786
55617	1.52786
55618	1.52786
55619	1.52786
55620	1.52787
55621	1.52787
55622	1.52787
55623	1.52787
55624	1.52787
55625	1.52787
55626	1.52787
55627	1.52788
55628	1.52788
55629	1.52788
55630	1.52788
55631	1.52788
55632	1.52788
55633	1.52788
55634	1.52789
55635	1.52789
55636	1.52789
55637	1.52789
55638	1.52789
55639	1.52789
55640	1.52789
55641	1.5279
55642	1.5279
55643	1.5279
55644	1.5279
55645	1.5279
55646	1.5279
55647	1.52791
55648	1.52791
55649	1.52791
55650	1.52791
55651	1.52791
55652	1.52791
55653	1.52791
55654	1.52792
55655	1.52792
55656	1.52792
55657	1.52792
55658	1.52792
55659	1.52792
55660	1.52793
55661	1.52793
55662	1.52793
55663	1.52793
55664	1.52793
55665	1.52793
55666	1.52793
55667	1.52794
55668	1.52794
55669	1.52794
55670	1.52794
55671	1.52794
55672	1.52794
55673	1.52795
55674	1.52795
55675	1.52795
55676	1.52795
55677	1.52795
55678	1.52795
55679	1.52796
55680	1.52796
55681	1.52796
55682	1.52796
55683	1.52796
55684	1.52796
55685	1.52796
55686	1.52797
55687	1.52797
55688	1.52797
55689	1.52797
55690	1.52797
55691	1.52797
55692	1.52798
55693	1.52798
55694	1.52798
55695	1.52798
55696	1.52798
55697	1.52798
55698	1.52798
55699	1.52799
55700	1.52799
55701	1.52799
55702	1.52799
55703	1.52799
55704	1.52799
55705	1.528
55706	1.528
55707	1.528
55708	1.528
55709	1.528
55710	1.528
55711	1.528
55712	1.52801
55713	1.52801
55714	1.52801
55715	1.52801
55716	1.52801
55717	1.52801
55718	1.52801
55719	1.52802
55720	1.52802
55721	1.52802
55722	1.52802
55723	1.52802
55724	1.52802
55725	1.52802
55726	1.52802
55727	1.52803
55728	1.52803
55729	1.52803
55730	1.52803
55731	1.52803
55732	1.52803
55733	1.52803
55734	1.52803
55735	1.52804
55736	1.52804
55737	1.52804
55738	1.52804
55739	1.52804
55740	1.52804
55741	1.52804
55742	1.52804
55743	1.52804
55744	1.52805
55745	1.52805
55746	1.52805
55747	1.52805
55748	1.52805
55749	1.52805
55750	1.52805
55751	1.52805
55752	1.52805
55753	1.52806
55754	1.52806
55755	1.52806
55756	1.52806
55757	1.52806
55758	1.52806
55759	1.52806
55760	1.52806
55761	1.52806
55762	1.52806
55763	1.52806
55764	1.52806
55765	1.52807
55766	1.52807
55767	1.52807
55768	1.52807
55769	1.52807
55770	1.52807
55771	1.52807
55772	1.52807
55773	1.52807
55774	1.52807
55775	1.52807
55776	1.52807
55777	1.52807
55778	1.52807
55779	1.52807
55780	1.52808
55781	1.52808
55782	1.52808
55783	1.52808
55784	1.52808
55785	1.52808
55786	1.52808
55787	1.52808
55788	1.52808
55789	1.52808
55790	1.52808
55791	1.52808
55792	1.52808
55793	1.52808
55794	1.52808
55795	1.52808
55796	1.52808
55797	1.52808
55798	1.52808
55799	1.52808
55800	1.52808
55801	1.52808
55802	1.52808
55803	1.52808
55804	1.52808
55805	1.52808
55806	1.52808
55807	1.52808
55808	1.52808
55809	1.52808
55810	1.52808
55811	1.52808
55812	1.52808
55813	1.52808
55814	1.52808
55815	1.52808
55816	1.52808
55817	1.52808
55818	1.52808
55819	1.52808
55820	1.52808
55821	1.52808
55822	1.52808
55823	1.52808
55824	1.52808
55825	1.52808
55826	1.52808
55827	1.52808
55828	1.52808
55829	1.52808
55830	1.52808
55831	1.52808
55832	1.52808
55833	1.52807
55834	1.52807
55835	1.52807
55836	1.52807
55837	1.52807
55838	1.52807
55839	1.52807
55840	1.52807
55841	1.52807
55842	1.52807
55843	1.52807
55844	1.52807
55845	1.52807
55846	1.52807
55847	1.52807
55848	1.52806
55849	1.52806
55850	1.52806
55851	1.52806
55852	1.52806
55853	1.52806
55854	1.52806
55855	1.52806
55856	1.52806
55857	1.52806
55858	1.52805
55859	1.52805
55860	1.52805
55861	1.52805
55862	1.52805
55863	1.52805
55864	1.52805
55865	1.52805
55866	1.52805
55867	1.52804
55868	1.52804
55869	1.52804
55870	1.52804
55871	1.52804
55872	1.52804
55873	1.52804
55874	1.52804
55875	1.52803
55876	1.52803
55877	1.52803
55878	1.52803
55879	1.52803
55880	1.52803
55881	1.52803
55882	1.52802
55883	1.52802
55884	1.52802
55885	1.52802
55886	1.52802
55887	1.52802
55888	1.52802
55889	1.52801
55890	1.52801
55891	1.52801
55892	1.52801
55893	1.52801
55894	1.52801
55895	1.528
55896	1.528
55897	1.528
55898	1.528
55899	1.528
55900	1.528
55901	1.52799
55902	1.52799
55903	1.52799
55904	1.52799
55905	1.52799
55906	1.52799
55907	1.52798
55908	1.52798
55909	1.52798
55910	1.52798
55911	1.52798
55912	1.52797
55913	1.52797
55914	1.52797
55915	1.52797
55916	1.52797
55917	1.52796
55918	1.52796
55919	1.52796
55920	1.52796
55921	1.52796
55922	1.52796
55923	1.52795
55924	1.52795
55925	1.52795
55926	1.52795
55927	1.52795
55928	1.52794
55929	1.52794
55930	1.52794
55931	1.52794
55932	1.52794
55933	1.52793
55934	1.52793
55935	1.52793
55936	1.52793
55937	1.52793
55938	1.52792
55939	1.52792
55940	1.52792
55941	1.52792
55942	1.52791
55943	1.52791
55944	1.52791
55945	1.52791
55946	1.52791
55947	1.5279
55948	1.5279
55949	1.5279
55950	1.5279
55951	1.5279
55952	1.52789
55953	1.52789
55954	1.52789
55955	1.52789
55956	1.52789
55957	1.52788
55958	1.52788
55959	1.52788
55960	1.52788
55961	1.52787
55962	1.52787
55963	1.52787
55964	1.52787
55965	1.52787
55966	1.52786
55967	1.52786
55968	1.52786
55969	1.52786
55970	1.52786
55971	1.52785
55972	1.52785
55973	1.52785
55974	1.52785
55975	1.52784
55976	1.52784
55977	1.52784
55978	1.52784
55979	1.52784
55980	1.52783
55981	1.52783
55982	1.52783
55983	1.52783
55984	1.52783
55985	1.52782
55986	1.52782
55987	1.52782
55988	1.52782
55989	1.52782
55990	1.52781
55991	1.52781
55992	1.52781
55993	1.52781
55994	1.52781
55995	1.5278
55996	1.5278
55997	1.5278
55998	1.5278
55999	1.5278
56000	1.52779
56001	1.52779
56002	1.52779
56003	1.52779
56004	1.52779
56005	1.52778
56006	1.52778
56007	1.52778
56008	1.52778
56009	1.52778
56010	1.52777
56011	1.52777
56012	1.52777
56013	1.52777
56014	1.52777
56015	1.52776
56016	1.52776
56017	1.52776
56018	1.52776
56019	1.52776
56020	1.52776
56021	1.52775
56022	1.52775
56023	1.52775
56024	1.52775
56025	1.52775
56026	1.52774
56027	1.52774
56028	1.52774
56029	1.52774
56030	1.52774
56031	1.52774
56032	1.52773
56033	1.52773
56034	1.52773
56035	1.52773
56036	1.52773
56037	1.52773
56038	1.52772
56039	1.52772
56040	1.52772
56041	1.52772
56042	1.52772
56043	1.52772
56044	1.52771
56045	1.52771
56046	1.52771
56047	1.52771
56048	1.52771
56049	1.52771
56050	1.52771
56051	1.5277
56052	1.5277
56053	1.5277
56054	1.5277
56055	1.5277
56056	1.5277
56057	1.5277
56058	1.52769
56059	1.52769
56060	1.52769
56061	1.52769
56062	1.52769
56063	1.52769
56064	1.52769
56065	1.52769
56066	1.52768
56067	1.52768
56068	1.52768
56069	1.52768
56070	1.52768
56071	1.52768
56072	1.52768
56073	1.52768
56074	1.52767
56075	1.52767
56076	1.52767
56077	1.52767
56078	1.52767
56079	1.52767
56080	1.52767
56081	1.52767
56082	1.52767
56083	1.52767
56084	1.52766
56085	1.52766
56086	1.52766
56087	1.52766
56088	1.52766
56089	1.52766
56090	1.52766
56091	1.52766
56092	1.52766
56093	1.52766
56094	1.52766
56095	1.52765
56096	1.52765
56097	1.52765
56098	1.52765
56099	1.52765
56100	1.52765
56101	1.52765
56102	1.52765
56103	1.52765
56104	1.52765
56105	1.52765
56106	1.52765
56107	1.52765
56108	1.52765
56109	1.52765
56110	1.52764
56111	1.52764
56112	1.52764
56113	1.52764
56114	1.52764
56115	1.52764
56116	1.52764
56117	1.52764
56118	1.52764
56119	1.52764
56120	1.52764
56121	1.52764
56122	1.52764
56123	1.52764
56124	1.52764
56125	1.52764
56126	1.52764
56127	1.52764
56128	1.52764
56129	1.52764
56130	1.52764
56131	1.52764
56132	1.52764
56133	1.52763
56134	1.52763
56135	1.52763
56136	1.52763
56137	1.52763
56138	1.52763
56139	1.52763
56140	1.52763
56141	1.52763
56142	1.52763
56143	1.52763
56144	1.52763
56145	1.52763
56146	1.52763
56147	1.52763
56148	1.52763
56149	1.52763
56150	1.52763
56151	1.52763
56152	1.52763
56153	1.52763
56154	1.52763
56155	1.52763
56156	1.52763
56157	1.52763
56158	1.52763
56159	1.52763
56160	1.52763
56161	1.52763
56162	1.52763
56163	1.52763
56164	1.52763
56165	1.52763
56166	1.52763
56167	1.52763
56168	1.52763
56169	1.52763
56170	1.52763
56171	1.52763
56172	1.52763
56173	1.52764
56174	1.52764
56175	1.52764
56176	1.52764
56177	1.52764
56178	1.52764
56179	1.52764
56180	1.52764
56181	1.52764
56182	1.52764
56183	1.52764
56184	1.52764
56185	1.52764
56186	1.52764
56187	1.52764
56188	1.52764
56189	1.52764
56190	1.52764
56191	1.52764
56192	1.52764
56193	1.52764
56194	1.52764
56195	1.52764
56196	1.52764
56197	1.52764
56198	1.52764
56199	1.52764
56200	1.52765
56201	1.52765
56202	1.52765
56203	1.52765
56204	1.52765
56205	1.52765
56206	1.52765
56207	1.52765
56208	1.52765
56209	1.52765
56210	1.52765
56211	1.52765
56212	1.52765
56213	1.52765
56214	1.52765
56215	1.52765
56216	1.52765
56217	1.52765
56218	1.52766
56219	1.52766
56220	1.52766
56221	1.52766
56222	1.52766
56223	1.52766
56224	1.52766
56225	1.52766
56226	1.52766
56227	1.52766
56228	1.52766
56229	1.52766
56230	1.52766
56231	1.52766
56232	1.52766
56233	1.52767
56234	1.52767
56235	1.52767
56236	1.52767
56237	1.52767
56238	1.52767
56239	1.52767
56240	1.52767
56241	1.52767
56242	1.52767
56243	1.52767
56244	1.52767
56245	1.52767
56246	1.52767
56247	1.52768
56248	1.52768
56249	1.52768
56250	1.52768
56251	1.52768
56252	1.52768
56253	1.52768
56254	1.52768
56255	1.52768
56256	1.52768
56257	1.52768
56258	1.52768
56259	1.52768
56260	1.52769
56261	1.52769
56262	1.52769
56263	1.52769
56264	1.52769
56265	1.52769
56266	1.52769
56267	1.52769
56268	1.52769
56269	1.52769
56270	1.52769
56271	1.52769
56272	1.5277
56273	1.5277
56274	1.5277
56275	1.5277
56276	1.5277
56277	1.5277
56278	1.5277
56279	1.5277
56280	1.5277
56281	1.5277
56282	1.5277
56283	1.5277
56284	1.52771
56285	1.52771
56286	1.52771
56287	1.52771
56288	1.52771
56289	1.52771
56290	1.52771
56291	1.52771
56292	1.52771
56293	1.52771
56294	1.52771
56295	1.52771
56296	1.52772
56297	1.52772
56298	1.52772
56299	1.52772
56300	1.52772
56301	1.52772
56302	1.52772
56303	1.52772
56304	1.52772
56305	1.52772
56306	1.52772
56307	1.52772
56308	1.52773
56309	1.52773
56310	1.52773
56311	1.52773
56312	1.52773
56313	1.52773
56314	1.52773
56315	1.52773
56316	1.52773
56317	1.52773
56318	1.52773
56319	1.52773
56320	1.52773
56321	1.52774
56322	1.52774
56323	1.52774
56324	1.52774
56325	1.52774
56326	1.52774
56327	1.52774
56328	1.52774
56329	1.52774
56330	1.52774
56331	1.52774
56332	1.52774
56333	1.52775
56334	1.52775
56335	1.52775
56336	1.52775
56337	1.52775
56338	1.52775
56339	1.52775
56340	1.52775
56341	1.52775
56342	1.52775
56343	1.52775
56344	1.52775
56345	1.52775
56346	1.52776
56347	1.52776
56348	1.52776
56349	1.52776
56350	1.52776
56351	1.52776
56352	1.52776
56353	1.52776
56354	1.52776
56355	1.52776
56356	1.52776
56357	1.52776
56358	1.52776
56359	1.52776
56360	1.52777
56361	1.52777
56362	1.52777
56363	1.52777
56364	1.52777
56365	1.52777
56366	1.52777
56367	1.52777
56368	1.52777
56369	1.52777
56370	1.52777
56371	1.52777
56372	1.52777
56373	1.52777
56374	1.52778
56375	1.52778
56376	1.52778
56377	1.52778
56378	1.52778
56379	1.52778
56380	1.52778
56381	1.52778
56382	1.52778
56383	1.52778
56384	1.52778
56385	1.52778
56386	1.52778
56387	1.52778
56388	1.52778
56389	1.52778
56390	1.52779
56391	1.52779
56392	1.52779
56393	1.52779
56394	1.52779
56395	1.52779
56396	1.52779
56397	1.52779
56398	1.52779
56399	1.52779
56400	1.52779
56401	1.52779
56402	1.52779
56403	1.52779
56404	1.52779
56405	1.52779
56406	1.52779
56407	1.52779
56408	1.5278
56409	1.5278
56410	1.5278
56411	1.5278
56412	1.5278
56413	1.5278
56414	1.5278
56415	1.5278
56416	1.5278
56417	1.5278
56418	1.5278
56419	1.5278
56420	1.5278
56421	1.5278
56422	1.5278
56423	1.5278
56424	1.5278
56425	1.5278
56426	1.5278
56427	1.5278
56428	1.52781
56429	1.52781
56430	1.52781
56431	1.52781
56432	1.52781
56433	1.52781
56434	1.52781
56435	1.52781
56436	1.52781
56437	1.52781
56438	1.52781
56439	1.52781
56440	1.52781
56441	1.52781
56442	1.52781
56443	1.52781
56444	1.52781
56445	1.52781
56446	1.52781
56447	1.52781
56448	1.52781
56449	1.52781
56450	1.52781
56451	1.52781
56452	1.52781
56453	1.52781
56454	1.52781
56455	1.52782
56456	1.52782
56457	1.52782
56458	1.52782
56459	1.52782
56460	1.52782
56461	1.52782
56462	1.52782
56463	1.52782
56464	1.52782
56465	1.52782
56466	1.52782
56467	1.52782
56468	1.52782
56469	1.52782
56470	1.52782
56471	1.52782
56472	1.52782
56473	1.52782
56474	1.52782
56475	1.52782
56476	1.52782
56477	1.52782
56478	1.52782
56479	1.52782
56480	1.52782
56481	1.52782
56482	1.52782
56483	1.52782
56484	1.52782
56485	1.52782
56486	1.52782
56487	1.52782
56488	1.52782
56489	1.52782
56490	1.52782
56491	1.52782
56492	1.52782
56493	1.52782
56494	1.52782
56495	1.52782
56496	1.52782
56497	1.52782
56498	1.52782
56499	1.52782
56500	1.52782
56501	1.52782
56502	1.52782
56503	1.52782
56504	1.52782
56505	1.52782
56506	1.52782
56507	1.52782
56508	1.52782
56509	1.52782
56510	1.52782
56511	1.52782
56512	1.52782
56513	1.52782
56514	1.52782
56515	1.52782
56516	1.52782
56517	1.52782
56518	1.52782
56519	1.52782
56520	1.52782
56521	1.52782
56522	1.52782
56523	1.52782
56524	1.52782
56525	1.52782
56526	1.52782
56527	1.52782
56528	1.52782
56529	1.52782
56530	1.52782
56531	1.52782
56532	1.52782
56533	1.52782
56534	1.52782
56535	1.52782
56536	1.52782
56537	1.52782
56538	1.52782
56539	1.52782
56540	1.52782
56541	1.52782
56542	1.52782
56543	1.52782
56544	1.52782
56545	1.52782
56546	1.52782
56547	1.52782
56548	1.52782
56549	1.52782
56550	1.52782
56551	1.52782
56552	1.52782
56553	1.52782
56554	1.52782
56555	1.52782
56556	1.52782
56557	1.52782
56558	1.52782
56559	1.52782
56560	1.52782
56561	1.52782
56562	1.52782
56563	1.52781
56564	1.52781
56565	1.52781
56566	1.52781
56567	1.52781
56568	1.52781
56569	1.52781
56570	1.52781
56571	1.52781
56572	1.52781
56573	1.52781
56574	1.52781
56575	1.52781
56576	1.52781
56577	1.52781
56578	1.52781
56579	1.52781
56580	1.52781
56581	1.52781
56582	1.52781
56583	1.52781
56584	1.52781
56585	1.52781
56586	1.52781
56587	1.5278
56588	1.5278
56589	1.5278
56590	1.5278
56591	1.5278
56592	1.5278
56593	1.5278
56594	1.5278
56595	1.5278
56596	1.5278
56597	1.5278
56598	1.5278
56599	1.5278
56600	1.5278
56601	1.5278
56602	1.5278
56603	1.5278
56604	1.5278
56605	1.5278
56606	1.52779
56607	1.52779
56608	1.52779
56609	1.52779
56610	1.52779
56611	1.52779
56612	1.52779
56613	1.52779
56614	1.52779
56615	1.52779
56616	1.52779
56617	1.52779
56618	1.52779
56619	1.52779
56620	1.52779
56621	1.52778
56622	1.52778
56623	1.52778
56624	1.52778
56625	1.52778
56626	1.52778
56627	1.52778
56628	1.52778
56629	1.52778
56630	1.52778
56631	1.52778
56632	1.52778
56633	1.52778
56634	1.52777
56635	1.52777
56636	1.52777
56637	1.52777
56638	1.52777
56639	1.52777
56640	1.52777
56641	1.52777
56642	1.52777
56643	1.52777
56644	1.52777
56645	1.52777
56646	1.52776
56647	1.52776
56648	1.52776
56649	1.52776
56650	1.52776
56651	1.52776
56652	1.52776
56653	1.52776
56654	1.52776
56655	1.52776
56656	1.52776
56657	1.52775
56658	1.52775
56659	1.52775
56660	1.52775
56661	1.52775
56662	1.52775
56663	1.52775
56664	1.52775
56665	1.52775
56666	1.52775
56667	1.52775
56668	1.52774
56669	1.52774
56670	1.52774
56671	1.52774
56672	1.52774
56673	1.52774
56674	1.52774
56675	1.52774
56676	1.52774
56677	1.52773
56678	1.52773
56679	1.52773
56680	1.52773
56681	1.52773
56682	1.52773
56683	1.52773
56684	1.52773
56685	1.52773
56686	1.52773
56687	1.52772
56688	1.52772
56689	1.52772
56690	1.52772
56691	1.52772
56692	1.52772
56693	1.52772
56694	1.52772
56695	1.52772
56696	1.52771
56697	1.52771
56698	1.52771
56699	1.52771
56700	1.52771
56701	1.52771
56702	1.52771
56703	1.52771
56704	1.52771
56705	1.5277
56706	1.5277
56707	1.5277
56708	1.5277
56709	1.5277
56710	1.5277
56711	1.5277
56712	1.5277
56713	1.5277
56714	1.52769
56715	1.52769
56716	1.52769
56717	1.52769
56718	1.52769
56719	1.52769
56720	1.52769
56721	1.52769
56722	1.52768
56723	1.52768
56724	1.52768
56725	1.52768
56726	1.52768
56727	1.52768
56728	1.52768
56729	1.52768
56730	1.52768
56731	1.52767
56732	1.52767
56733	1.52767
56734	1.52767
56735	1.52767
56736	1.52767
56737	1.52767
56738	1.52767
56739	1.52766
56740	1.52766
56741	1.52766
56742	1.52766
56743	1.52766
56744	1.52766
56745	1.52766
56746	1.52766
56747	1.52766
56748	1.52765
56749	1.52765
56750	1.52765
56751	1.52765
56752	1.52765
56753	1.52765
56754	1.52765
56755	1.52765
56756	1.52764
56757	1.52764
56758	1.52764
56759	1.52764
56760	1.52764
56761	1.52764
56762	1.52764
56763	1.52764
56764	1.52764
56765	1.52763
56766	1.52763
56767	1.52763
56768	1.52763
56769	1.52763
56770	1.52763
56771	1.52763
56772	1.52763
56773	1.52763
56774	1.52762
56775	1.52762
56776	1.52762
56777	1.52762
56778	1.52762
56779	1.52762
56780	1.52762
56781	1.52762
56782	1.52762
56783	1.52761
56784	1.52761
56785	1.52761
56786	1.52761
56787	1.52761
56788	1.52761
56789	1.52761
56790	1.52761
56791	1.52761
56792	1.52761
56793	1.5276
56794	1.5276
56795	1.5276
56796	1.5276
56797	1.5276
56798	1.5276
56799	1.5276
56800	1.5276
56801	1.5276
56802	1.5276
56803	1.52759
56804	1.52759
56805	1.52759
56806	1.52759
56807	1.52759
56808	1.52759
56809	1.52759
56810	1.52759
56811	1.52759
56812	1.52759
56813	1.52759
56814	1.52758
56815	1.52758
56816	1.52758
56817	1.52758
56818	1.52758
56819	1.52758
56820	1.52758
56821	1.52758
56822	1.52758
56823	1.52758
56824	1.52758
56825	1.52758
56826	1.52758
56827	1.52757
56828	1.52757
56829	1.52757
56830	1.52757
56831	1.52757
56832	1.52757
56833	1.52757
56834	1.52757
56835	1.52757
56836	1.52757
56837	1.52757
56838	1.52757
56839	1.52757
56840	1.52757
56841	1.52757
56842	1.52757
56843	1.52756
56844	1.52756
56845	1.52756
56846	1.52756
56847	1.52756
56848	1.52756
56849	1.52756
56850	1.52756
56851	1.52756
56852	1.52756
56853	1.52756
56854	1.52756
56855	1.52756
56856	1.52756
56857	1.52756
56858	1.52756
56859	1.52756
56860	1.52756
56861	1.52756
56862	1.52756
56863	1.52756
56864	1.52756
56865	1.52756
56866	1.52756
56867	1.52756
56868	1.52756
56869	1.52756
56870	1.52756
56871	1.52756
56872	1.52756
56873	1.52756
56874	1.52756
56875	1.52756
56876	1.52756
56877	1.52755
56878	1.52755
56879	1.52755
56880	1.52755
56881	1.52755
56882	1.52755
56883	1.52756
56884	1.52756
56885	1.52756
56886	1.52756
56887	1.52756
56888	1.52756
56889	1.52756
56890	1.52756
56891	1.52756
56892	1.52756
56893	1.52756
56894	1.52756
56895	1.52756
56896	1.52756
56897	1.52756
56898	1.52756
56899	1.52756
56900	1.52756
56901	1.52756
56902	1.52756
56903	1.52756
56904	1.52756
56905	1.52756
56906	1.52756
56907	1.52756
56908	1.52756
56909	1.52756
56910	1.52756
56911	1.52756
56912	1.52756
56913	1.52756
56914	1.52756
56915	1.52756
56916	1.52757
56917	1.52757
56918	1.52757
56919	1.52757
56920	1.52757
56921	1.52757
56922	1.52757
56923	1.52757
56924	1.52757
56925	1.52757
56926	1.52757
56927	1.52757
56928	1.52757
56929	1.52757
56930	1.52758
56931	1.52758
56932	1.52758
56933	1.52758
56934	1.52758
56935	1.52758
56936	1.52758
56937	1.52758
56938	1.52758
56939	1.52758
56940	1.52758
56941	1.52759
56942	1.52759
56943	1.52759
56944	1.52759
56945	1.52759
56946	1.52759
56947	1.52759
56948	1.52759
56949	1.52759
56950	1.52759
56951	1.5276
56952	1.5276
56953	1.5276
56954	1.5276
56955	1.5276
56956	1.5276
56957	1.5276
56958	1.5276
56959	1.52761
56960	1.52761
56961	1.52761
56962	1.52761
56963	1.52761
56964	1.52761
56965	1.52761
56966	1.52762
56967	1.52762
56968	1.52762
56969	1.52762
56970	1.52762
56971	1.52762
56972	1.52762
56973	1.52762
56974	1.52763
56975	1.52763
56976	1.52763
56977	1.52763
56978	1.52763
56979	1.52763
56980	1.52764
56981	1.52764
56982	1.52764
56983	1.52764
56984	1.52764
56985	1.52764
56986	1.52765
56987	1.52765
56988	1.52765
56989	1.52765
56990	1.52765
56991	1.52765
56992	1.52766
56993	1.52766
56994	1.52766
56995	1.52766
56996	1.52766
56997	1.52766
56998	1.52767
56999	1.52767
57000	1.52767
57001	1.52767
57002	1.52767
57003	1.52767
57004	1.52768
57005	1.52768
57006	1.52768
57007	1.52768
57008	1.52768
57009	1.52769
57010	1.52769
57011	1.52769
57012	1.52769
57013	1.52769
57014	1.52769
57015	1.5277
57016	1.5277
57017	1.5277
57018	1.5277
57019	1.5277
57020	1.52771
57021	1.52771
57022	1.52771
57023	1.52771
57024	1.52771
57025	1.52772
57026	1.52772
57027	1.52772
57028	1.52772
57029	1.52772
57030	1.52773
57031	1.52773
57032	1.52773
57033	1.52773
57034	1.52773
57035	1.52774
57036	1.52774
57037	1.52774
57038	1.52774
57039	1.52774
57040	1.52775
57041	1.52775
57042	1.52775
57043	1.52775
57044	1.52775
57045	1.52776
57046	1.52776
57047	1.52776
57048	1.52776
57049	1.52776
57050	1.52777
57051	1.52777
57052	1.52777
57053	1.52777
57054	1.52777
57055	1.52778
57056	1.52778
57057	1.52778
57058	1.52778
57059	1.52779
57060	1.52779
57061	1.52779
57062	1.52779
57063	1.52779
57064	1.5278
57065	1.5278
57066	1.5278
57067	1.5278
57068	1.5278
57069	1.52781
57070	1.52781
57071	1.52781
57072	1.52781
57073	1.52781
57074	1.52782
57075	1.52782
57076	1.52782
57077	1.52782
57078	1.52782
57079	1.52783
57080	1.52783
57081	1.52783
57082	1.52783
57083	1.52783
57084	1.52784
57085	1.52784
57086	1.52784
57087	1.52784
57088	1.52784
57089	1.52785
57090	1.52785
57091	1.52785
57092	1.52785
57093	1.52785
57094	1.52786
57095	1.52786
57096	1.52786
57097	1.52786
57098	1.52786
57099	1.52787
57100	1.52787
57101	1.52787
57102	1.52787
57103	1.52787
57104	1.52788
57105	1.52788
57106	1.52788
57107	1.52788
57108	1.52788
57109	1.52788
57110	1.52789
57111	1.52789
57112	1.52789
57113	1.52789
57114	1.52789
57115	1.5279
57116	1.5279
57117	1.5279
57118	1.5279
57119	1.5279
57120	1.5279
57121	1.52791
57122	1.52791
57123	1.52791
57124	1.52791
57125	1.52791
57126	1.52792
57127	1.52792
57128	1.52792
57129	1.52792
57130	1.52792
57131	1.52792
57132	1.52793
57133	1.52793
57134	1.52793
57135	1.52793
57136	1.52793
57137	1.52793
57138	1.52793
57139	1.52794
57140	1.52794
57141	1.52794
57142	1.52794
57143	1.52794
57144	1.52794
57145	1.52795
57146	1.52795
57147	1.52795
57148	1.52795
57149	1.52795
57150	1.52795
57151	1.52795
57152	1.52796
57153	1.52796
57154	1.52796
57155	1.52796
57156	1.52796
57157	1.52796
57158	1.52796
57159	1.52797
57160	1.52797
57161	1.52797
57162	1.52797
57163	1.52797
57164	1.52797
57165	1.52797
57166	1.52797
57167	1.52798
57168	1.52798
57169	1.52798
57170	1.52798
57171	1.52798
57172	1.52798
57173	1.52798
57174	1.52798
57175	1.52798
57176	1.52799
57177	1.52799
57178	1.52799
57179	1.52799
57180	1.52799
57181	1.52799
57182	1.52799
57183	1.52799
57184	1.52799
57185	1.528
57186	1.528
57187	1.528
57188	1.528
57189	1.528
57190	1.528
57191	1.528
57192	1.528
57193	1.528
57194	1.528
57195	1.528
57196	1.52801
57197	1.52801
57198	1.52801
57199	1.52801
57200	1.52801
57201	1.52801
57202	1.52801
57203	1.52801
57204	1.52801
57205	1.52801
57206	1.52801
57207	1.52801
57208	1.52801
57209	1.52801
57210	1.52802
57211	1.52802
57212	1.52802
57213	1.52802
57214	1.52802
57215	1.52802
57216	1.52802
57217	1.52802
57218	1.52802
57219	1.52802
57220	1.52802
57221	1.52802
57222	1.52802
57223	1.52802
57224	1.52802
57225	1.52802
57226	1.52802
57227	1.52802
57228	1.52802
57229	1.52802
57230	1.52803
57231	1.52803
57232	1.52803
57233	1.52803
57234	1.52803
57235	1.52803
57236	1.52803
57237	1.52803
57238	1.52803
57239	1.52803
57240	1.52803
57241	1.52803
57242	1.52803
57243	1.52803
57244	1.52803
57245	1.52803
57246	1.52803
57247	1.52803
57248	1.52803
57249	1.52803
57250	1.52803
57251	1.52803
57252	1.52803
57253	1.52803
57254	1.52803
57255	1.52803
57256	1.52803
57257	1.52803
57258	1.52803
57259	1.52803
57260	1.52803
57261	1.52803
57262	1.52803
57263	1.52803
57264	1.52803
57265	1.52803
57266	1.52803
57267	1.52803
57268	1.52803
57269	1.52803
57270	1.52803
57271	1.52803
57272	1.52803
57273	1.52803
57274	1.52803
57275	1.52803
57276	1.52803
57277	1.52803
57278	1.52803
57279	1.52803
57280	1.52803
57281	1.52803
57282	1.52803
57283	1.52803
57284	1.52803
57285	1.52803
57286	1.52803
57287	1.52803
57288	1.52803
57289	1.52803
57290	1.52803
57291	1.52803
57292	1.52802
57293	1.52802
57294	1.52802
57295	1.52802
57296	1.52802
57297	1.52802
57298	1.52802
57299	1.52802
57300	1.52802
57301	1.52802
57302	1.52802
57303	1.52802
57304	1.52802
57305	1.52802
57306	1.52802
57307	1.52802
57308	1.52802
57309	1.52802
57310	1.52802
57311	1.52802
57312	1.52802
57313	1.52802
57314	1.52802
57315	1.52802
57316	1.52801
57317	1.52801
57318	1.52801
57319	1.52801
57320	1.52801
57321	1.52801
57322	1.52801
57323	1.52801
57324	1.52801
57325	1.52801
57326	1.52801
57327	1.52801
57328	1.52801
57329	1.52801
57330	1.52801
57331	1.52801
57332	1.52801
57333	1.528
57334	1.528
57335	1.528
57336	1.528
57337	1.528
57338	1.528
57339	1.528
57340	1.528
57341	1.528
57342	1.528
57343	1.528
57344	1.528
57345	1.528
57346	1.528
57347	1.528
57348	1.52799
57349	1.52799
57350	1.52799
57351	1.52799
57352	1.52799
57353	1.52799
57354	1.52799
57355	1.52799
57356	1.52799
57357	1.52799
57358	1.52799
57359	1.52799
57360	1.52799
57361	1.52799
57362	1.52798
57363	1.52798
57364	1.52798
57365	1.52798
57366	1.52798
57367	1.52798
57368	1.52798
57369	1.52798
57370	1.52798
57371	1.52798
57372	1.52798
57373	1.52798
57374	1.52798
57375	1.52797
57376	1.52797
57377	1.52797
57378	1.52797
57379	1.52797
57380	1.52797
57381	1.52797
57382	1.52797
57383	1.52797
57384	1.52797
57385	1.52797
57386	1.52797
57387	1.52797
57388	1.52796
57389	1.52796
57390	1.52796
57391	1.52796
57392	1.52796
57393	1.52796
57394	1.52796
57395	1.52796
57396	1.52796
57397	1.52796
57398	1.52796
57399	1.52796
57400	1.52795
57401	1.52795
57402	1.52795
57403	1.52795
57404	1.52795
57405	1.52795
57406	1.52795
57407	1.52795
57408	1.52795
57409	1.52795
57410	1.52795
57411	1.52795
57412	1.52794
57413	1.52794
57414	1.52794
57415	1.52794
57416	1.52794
57417	1.52794
57418	1.52794
57419	1.52794
57420	1.52794
57421	1.52794
57422	1.52794
57423	1.52794
57424	1.52794
57425	1.52793
57426	1.52793
57427	1.52793
57428	1.52793
57429	1.52793
57430	1.52793
57431	1.52793
57432	1.52793
57433	1.52793
57434	1.52793
57435	1.52793
57436	1.52793
57437	1.52792
57438	1.52792
57439	1.52792
57440	1.52792
57441	1.52792
57442	1.52792
57443	1.52792
57444	1.52792
57445	1.52792
57446	1.52792
57447	1.52792
57448	1.52792
57449	1.52791
57450	1.52791
57451	1.52791
57452	1.52791
57453	1.52791
57454	1.52791
57455	1.52791
57456	1.52791
57457	1.52791
57458	1.52791
57459	1.52791
57460	1.52791
57461	1.52791
57462	1.5279
57463	1.5279
57464	1.5279
57465	1.5279
57466	1.5279
57467	1.5279
57468	1.5279
57469	1.5279
57470	1.5279
57471	1.5279
57472	1.5279
57473	1.5279
57474	1.5279
57475	1.52789
57476	1.52789
57477	1.52789
57478	1.52789
57479	1.52789
57480	1.52789
57481	1.52789
57482	1.52789
57483	1.52789
57484	1.52789
57485	1.52789
57486	1.52789
57487	1.52789
57488	1.52789
57489	1.52788
57490	1.52788
57491	1.52788
57492	1.52788
57493	1.52788
57494	1.52788
57495	1.52788
57496	1.52788
57497	1.52788
57498	1.52788
57499	1.52788
57500	1.52788
57501	1.52788
57502	1.52788
57503	1.52787
57504	1.52787
57505	1.52787
57506	1.52787
57507	1.52787
57508	1.52787
57509	1.52787
57510	1.52787
57511	1.52787
57512	1.52787
57513	1.52787
57514	1.52787
57515	1.52787
57516	1.52787
57517	1.52787
57518	1.52786
57519	1.52786
57520	1.52786
57521	1.52786
57522	1.52786
57523	1.52786
57524	1.52786
57525	1.52786
57526	1.52786
57527	1.52786
57528	1.52786
57529	1.52786
57530	1.52786
57531	1.52786
57532	1.52786
57533	1.52785
57534	1.52785
57535	1.52785
57536	1.52785
57537	1.52785
57538	1.52785
57539	1.52785
57540	1.52785
57541	1.52785
57542	1.52785
57543	1.52785
57544	1.52785
57545	1.52785
57546	1.52785
57547	1.52785
57548	1.52785
57549	1.52785
57550	1.52784
57551	1.52784
57552	1.52784
57553	1.52784
57554	1.52784
57555	1.52784
57556	1.52784
57557	1.52784
57558	1.52784
57559	1.52784
57560	1.52784
57561	1.52784
57562	1.52784
57563	1.52784
57564	1.52784
57565	1.52784
57566	1.52784
57567	1.52784
57568	1.52783
57569	1.52783
57570	1.52783
57571	1.52783
57572	1.52783
57573	1.52783
57574	1.52783
57575	1.52783
57576	1.52783
57577	1.52783
57578	1.52783
57579	1.52783
57580	1.52783
57581	1.52783
57582	1.52783
57583	1.52783
57584	1.52783
57585	1.52783
57586	1.52783
57587	1.52782
57588	1.52782
57589	1.52782
57590	1.52782
57591	1.52782
57592	1.52782
57593	1.52782
57594	1.52782
57595	1.52782
57596	1.52782
57597	1.52782
57598	1.52782
57599	1.52782
57600	1.52782
57601	1.52782
57602	1.52782
57603	1.52782
57604	1.52782
57605	1.52782
57606	1.52782
57607	1.52782
57608	1.52782
57609	1.52781
57610	1.52781
57611	1.52781
57612	1.52781
57613	1.52781
57614	1.52781
57615	1.52781
57616	1.52781
57617	1.52781
57618	1.52781
57619	1.52781
57620	1.52781
57621	1.52781
57622	1.52781
57623	1.52781
57624	1.52781
57625	1.52781
57626	1.52781
57627	1.52781
57628	1.52781
57629	1.52781
57630	1.52781
57631	1.52781
57632	1.52781
57633	1.52781
57634	1.52781
57635	1.52781
57636	1.5278
57637	1.5278
57638	1.5278
57639	1.5278
57640	1.5278
57641	1.5278
57642	1.5278
57643	1.5278
57644	1.5278
57645	1.5278
57646	1.5278
57647	1.5278
57648	1.5278
57649	1.5278
57650	1.5278
57651	1.5278
57652	1.5278
57653	1.5278
57654	1.5278
57655	1.5278
57656	1.5278
57657	1.5278
57658	1.5278
57659	1.5278
57660	1.5278
57661	1.5278
57662	1.5278
57663	1.5278
57664	1.5278
57665	1.5278
57666	1.5278
57667	1.5278
57668	1.5278
57669	1.5278
57670	1.5278
57671	1.5278
57672	1.5278
57673	1.5278
57674	1.5278
57675	1.5278
57676	1.5278
57677	1.52779
57678	1.52779
57679	1.52779
57680	1.52779
57681	1.52779
57682	1.52779
57683	1.52779
57684	1.52779
57685	1.52779
57686	1.52779
57687	1.52779
57688	1.52779
57689	1.52779
57690	1.52779
57691	1.52779
57692	1.52779
57693	1.52779
57694	1.52779
57695	1.52779
57696	1.52779
57697	1.52779
57698	1.52779
57699	1.52779
57700	1.52779
57701	1.52779
57702	1.52779
57703	1.52779
57704	1.52779
57705	1.52779
57706	1.52779
57707	1.52779
57708	1.52779
57709	1.52779
57710	1.52779
57711	1.52779
57712	1.52779
57713	1.52779
57714	1.52779
57715	1.52779
57716	1.52779
57717	1.52779
57718	1.52779
57719	1.52779
57720	1.52779
57721	1.52779
57722	1.52779
57723	1.52779
57724	1.52779
57725	1.52779
57726	1.5278
57727	1.5278
57728	1.5278
57729	1.5278
57730	1.5278
57731	1.5278
57732	1.5278
57733	1.5278
57734	1.5278
57735	1.5278
57736	1.5278
57737	1.5278
57738	1.5278
57739	1.5278
57740	1.5278
57741	1.5278
57742	1.5278
57743	1.5278
57744	1.5278
57745	1.5278
57746	1.5278
57747	1.5278
57748	1.5278
57749	1.5278
57750	1.5278
57751	1.5278
57752	1.5278
57753	1.5278
57754	1.5278
57755	1.5278
57756	1.5278
57757	1.5278
57758	1.5278
57759	1.5278
57760	1.52781
57761	1.52781
57762	1.52781
57763	1.52781
57764	1.52781
57765	1.52781
57766	1.52781
57767	1.52781
57768	1.52781
57769	1.52781
57770	1.52781
57771	1.52781
57772	1.52781
57773	1.52781
57774	1.52781
57775	1.52781
57776	1.52781
57777	1.52781
57778	1.52781
57779	1.52781
57780	1.52782
57781	1.52782
57782	1.52782
57783	1.52782
57784	1.52782
57785	1.52782
57786	1.52782
57787	1.52782
57788	1.52782
57789	1.52782
57790	1.52782
57791	1.52782
57792	1.52782
57793	1.52782
57794	1.52782
57795	1.52783
57796	1.52783
57797	1.52783
57798	1.52783
57799	1.52783
57800	1.52783
57801	1.52783
57802	1.52783
57803	1.52783
57804	1.52783
57805	1.52783
57806	1.52783
57807	1.52784
57808	1.52784
57809	1.52784
57810	1.52784
57811	1.52784
57812	1.52784
57813	1.52784
57814	1.52784
57815	1.52784
57816	1.52784
57817	1.52784
57818	1.52785
57819	1.52785
57820	1.52785
57821	1.52785
57822	1.52785
57823	1.52785
57824	1.52785
57825	1.52785
57826	1.52785
57827	1.52785
57828	1.52786
57829	1.52786
57830	1.52786
57831	1.52786
57832	1.52786
57833	1.52786
57834	1.52786
57835	1.52786
57836	1.52786
57837	1.52786
57838	1.52787
57839	1.52787
57840	1.52787
57841	1.52787
57842	1.52787
57843	1.52787
57844	1.52787
57845	1.52787
57846	1.52788
57847	1.52788
57848	1.52788
57849	1.52788
57850	1.52788
57851	1.52788
57852	1.52788
57853	1.52788
57854	1.52788
57855	1.52789
57856	1.52789
57857	1.52789
57858	1.52789
57859	1.52789
57860	1.52789
57861	1.52789
57862	1.52789
57863	1.5279
57864	1.5279
57865	1.5279
57866	1.5279
57867	1.5279
57868	1.5279
57869	1.5279
57870	1.52791
57871	1.52791
57872	1.52791
57873	1.52791
57874	1.52791
57875	1.52791
57876	1.52791
57877	1.52791
57878	1.52792
57879	1.52792
57880	1.52792
57881	1.52792
57882	1.52792
57883	1.52792
57884	1.52792
57885	1.52793
57886	1.52793
57887	1.52793
57888	1.52793
57889	1.52793
57890	1.52793
57891	1.52793
57892	1.52794
57893	1.52794
57894	1.52794
57895	1.52794
57896	1.52794
57897	1.52794
57898	1.52794
57899	1.52795
57900	1.52795
57901	1.52795
57902	1.52795
57903	1.52795
57904	1.52795
57905	1.52795
57906	1.52796
57907	1.52796
57908	1.52796
57909	1.52796
57910	1.52796
57911	1.52796
57912	1.52796
57913	1.52797
57914	1.52797
57915	1.52797
57916	1.52797
57917	1.52797
57918	1.52797
57919	1.52797
57920	1.52798
57921	1.52798
57922	1.52798
57923	1.52798
57924	1.52798
57925	1.52798
57926	1.52798
57927	1.52799
57928	1.52799
57929	1.52799
57930	1.52799
57931	1.52799
57932	1.52799
57933	1.52799
57934	1.528
57935	1.528
57936	1.528
57937	1.528
57938	1.528
57939	1.528
57940	1.528
57941	1.528
57942	1.52801
57943	1.52801
57944	1.52801
57945	1.52801
57946	1.52801
57947	1.52801
57948	1.52801
57949	1.52802
57950	1.52802
57951	1.52802
57952	1.52802
57953	1.52802
57954	1.52802
57955	1.52802
57956	1.52802
57957	1.52803
57958	1.52803
57959	1.52803
57960	1.52803
57961	1.52803
57962	1.52803
57963	1.52803
57964	1.52803
57965	1.52804
57966	1.52804
57967	1.52804
57968	1.52804
57969	1.52804
57970	1.52804
57971	1.52804
57972	1.52804
57973	1.52804
57974	1.52805
57975	1.52805
57976	1.52805
57977	1.52805
57978	1.52805
57979	1.52805
57980	1.52805
57981	1.52805
57982	1.52805
57983	1.52806
57984	1.52806
57985	1.52806
57986	1.52806
57987	1.52806
57988	1.52806
57989	1.52806
57990	1.52806
57991	1.52806
57992	1.52806
57993	1.52807
57994	1.52807
57995	1.52807
57996	1.52807
57997	1.52807
57998	1.52807
57999	1.52807
58000	1.52807
58001	1.52807
58002	1.52807
58003	1.52807
58004	1.52807
58005	1.52807
58006	1.52808
58007	1.52808
58008	1.52808
58009	1.52808
58010	1.52808
58011	1.52808
58012	1.52808
58013	1.52808
58014	1.52808
58015	1.52808
58016	1.52808
58017	1.52808
58018	1.52808
58019	1.52808
58020	1.52808
58021	1.52808
58022	1.52809
58023	1.52809
58024	1.52809
58025	1.52809
58026	1.52809
58027	1.52809
58028	1.52809
58029	1.52809
58030	1.52809
58031	1.52809
58032	1.52809
58033	1.52809
58034	1.52809
58035	1.52809
58036	1.52809
58037	1.52809
58038	1.52809
58039	1.52809
58040	1.52809
58041	1.52809
58042	1.52809
58043	1.52809
58044	1.52809
58045	1.52809
58046	1.52809
58047	1.52809
58048	1.52809
58049	1.52809
58050	1.52809
58051	1.52809
58052	1.52809
58053	1.52809
58054	1.52809
58055	1.52809
58056	1.52809
58057	1.52809
58058	1.52809
58059	1.52809
58060	1.52809
58061	1.52809
58062	1.52809
58063	1.52809
58064	1.52809
58065	1.52809
58066	1.52809
58067	1.52809
58068	1.52809
58069	1.52809
58070	1.52809
58071	1.52809
58072	1.52809
58073	1.52809
58074	1.52809
58075	1.52809
58076	1.52809
58077	1.52808
58078	1.52808
58079	1.52808
58080	1.52808
58081	1.52808
58082	1.52808
58083	1.52808
58084	1.52808
58085	1.52808
58086	1.52808
58087	1.52808
58088	1.52808
58089	1.52808
58090	1.52808
58091	1.52808
58092	1.52808
58093	1.52807
58094	1.52807
58095	1.52807
58096	1.52807
58097	1.52807
58098	1.52807
58099	1.52807
58100	1.52807
58101	1.52807
58102	1.52807
58103	1.52807
58104	1.52807
58105	1.52806
58106	1.52806
58107	1.52806
58108	1.52806
58109	1.52806
58110	1.52806
58111	1.52806
58112	1.52806
58113	1.52806
58114	1.52806
58115	1.52805
58116	1.52805
58117	1.52805
58118	1.52805
58119	1.52805
58120	1.52805
58121	1.52805
58122	1.52805
58123	1.52805
58124	1.52804
58125	1.52804
58126	1.52804
58127	1.52804
58128	1.52804
58129	1.52804
58130	1.52804
58131	1.52804
58132	1.52803
58133	1.52803
58134	1.52803
58135	1.52803
58136	1.52803
58137	1.52803
58138	1.52803
58139	1.52802
58140	1.52802
58141	1.52802
58142	1.52802
58143	1.52802
58144	1.52802
58145	1.52802
58146	1.52801
58147	1.52801
58148	1.52801
58149	1.52801
58150	1.52801
58151	1.52801
58152	1.528
58153	1.528
58154	1.528
58155	1.528
58156	1.528
58157	1.528
58158	1.528
58159	1.52799
58160	1.52799
58161	1.52799
58162	1.52799
58163	1.52799
58164	1.52799
58165	1.52798
58166	1.52798
58167	1.52798
58168	1.52798
58169	1.52798
58170	1.52798
58171	1.52797
58172	1.52797
58173	1.52797
58174	1.52797
58175	1.52797
58176	1.52797
58177	1.52796
58178	1.52796
58179	1.52796
58180	1.52796
58181	1.52796
58182	1.52796
58183	1.52795
58184	1.52795
58185	1.52795
58186	1.52795
58187	1.52795
58188	1.52794
58189	1.52794
58190	1.52794
58191	1.52794
58192	1.52794
58193	1.52794
58194	1.52793
58195	1.52793
58196	1.52793
58197	1.52793
