1	1.38046
2	1.91154
3	1.18617
4	1.60187
5	1.30278
6	1.4725
7	1.36612
8	1.42151
9	1.38653
10	1.40322
11	1.39162
12	1.39651
13	1.3937
14	1.3941
15	1.39374
16	1.39294
17	1.39312
18	1.39232
19	1.39274
20	1.39205
21	1.39239
22	1.39183
23	1.39206
24	1.39158
25	1.39174
26	1.39136
27	1.39147
28	1.39117
29	1.39124
30	1.39098
31	1.39103
32	1.3908
33	1.39082
34	1.39062
35	1.39062
36	1.39043
37	1.39043
38	1.39025
39	1.39023
40	1.39007
41	1.39004
42	1.38989
43	1.38985
44	1.38972
45	1.38968
46	1.38956
47	1.38953
48	1.38943
49	1.3894
50	1.38929
51	1.38926
52	1.38916
53	1.38911
54	1.38901
55	1.38896
56	1.38886
57	1.3888
58	1.3887
59	1.38865
60	1.38855
61	1.38849
62	1.3884
63	1.38834
64	1.38825
65	1.38819
66	1.38811
67	1.38805
68	1.38797
69	1.38791
70	1.38783
71	1.38778
72	1.3877
73	1.38764
74	1.38756
75	1.3875
76	1.38742
77	1.38736
78	1.38729
79	1.38723
80	1.38716
81	1.38711
82	1.38704
83	1.38699
84	1.38692
85	1.38687
86	1.3868
87	1.38675
88	1.38669
89	1.38664
90	1.38658
91	1.38654
92	1.38648
93	1.38644
94	1.38639
95	1.38635
96	1.3863
97	1.38626
98	1.38621
99	1.38618
100	1.38613
101	1.38609
102	1.38604
103	1.386
104	1.38595
105	1.38591
106	1.38587
107	1.38583
108	1.38579
109	1.38575
110	1.38571
111	1.38568
112	1.38564
113	1.38561
114	1.38557
115	1.38554
116	1.3855
117	1.38547
118	1.38544
119	1.38541
120	1.38538
121	1.38536
122	1.38533
123	1.3853
124	1.38527
125	1.38525
126	1.38523
127	1.38521
128	1.38518
129	1.38516
130	1.38513
131	1.38511
132	1.38509
133	1.38507
134	1.38504
135	1.38502
136	1.38499
137	1.38497
138	1.38494
139	1.38492
140	1.3849
141	1.38487
142	1.38485
143	1.38483
144	1.3848
145	1.38478
146	1.38476
147	1.38474
148	1.38471
149	1.3847
150	1.38468
151	1.38466
152	1.38465
153	1.38464
154	1.38462
155	1.38462
156	1.3846
157	1.3846
158	1.38458
159	1.38458
160	1.38456
161	1.38455
162	1.38454
163	1.38453
164	1.38452
165	1.38451
166	1.38449
167	1.38448
168	1.38447
169	1.38446
170	1.38445
171	1.38444
172	1.38444
173	1.38443
174	1.38442
175	1.38442
176	1.38441
177	1.38441
178	1.38441
179	1.38441
180	1.3844
181	1.3844
182	1.3844
183	1.3844
184	1.3844
185	1.3844
186	1.38439
187	1.38439
188	1.38439
189	1.38439
190	1.38438
191	1.38438
192	1.38438
193	1.38437
194	1.38437
195	1.38436
196	1.38436
197	1.38435
198	1.38434
199	1.38434
200	1.38433
201	1.38433
202	1.38432
203	1.38431
204	1.38431
205	1.3843
206	1.3843
207	1.38429
208	1.38429
209	1.38428
210	1.38427
211	1.38427
212	1.38426
213	1.38426
214	1.38425
215	1.38425
216	1.38424
217	1.38424
218	1.38424
219	1.38423
220	1.38423
221	1.38422
222	1.38422
223	1.38422
224	1.38421
225	1.38421
226	1.3842
227	1.3842
228	1.38419
229	1.38419
230	1.38418
231	1.38417
232	1.38416
233	1.38416
234	1.38415
235	1.38414
236	1.38413
237	1.38412
238	1.38411
239	1.38409
240	1.38408
241	1.38407
242	1.38406
243	1.38405
244	1.38403
245	1.38402
246	1.38401
247	1.38399
248	1.38398
249	1.38396
250	1.38395
251	1.38394
252	1.38392
253	1.38391
254	1.38389
255	1.38387
256	1.38386
257	1.38384
258	1.38383
259	1.38381
260	1.3838
261	1.38378
262	1.38376
263	1.38375
264	1.38373
265	1.38371
266	1.38369
267	1.38368
268	1.38366
269	1.38364
270	1.38362
271	1.3836
272	1.38358
273	1.38356
274	1.38354
275	1.38352
276	1.3835
277	1.38348
278	1.38345
279	1.38343
280	1.3834
281	1.38338
282	1.38335
283	1.38333
284	1.3833
285	1.38327
286	1.38325
287	1.38322
288	1.38319
289	1.38316
290	1.38313
291	1.38311
292	1.38308
293	1.38305
294	1.38302
295	1.38299
296	1.38296
297	1.38294
298	1.38291
299	1.38288
300	1.38285
301	1.38282
302	1.38279
303	1.38275
304	1.38272
305	1.38269
306	1.38266
307	1.38263
308	1.38259
309	1.38256
310	1.38253
311	1.38249
312	1.38246
313	1.38242
314	1.38238
315	1.38235
316	1.38231
317	1.38227
318	1.38223
319	1.38219
320	1.38214
321	1.3821
322	1.38206
323	1.38202
324	1.38197
325	1.38193
326	1.38188
327	1.38183
328	1.38179
329	1.38174
330	1.38169
331	1.38165
332	1.3816
333	1.38155
334	1.3815
335	1.38145
336	1.38141
337	1.38136
338	1.38131
339	1.38126
340	1.38121
341	1.38116
342	1.38111
343	1.38106
344	1.38101
345	1.38096
346	1.38091
347	1.38086
348	1.38081
349	1.38076
350	1.3807
351	1.38065
352	1.38059
353	1.38054
354	1.38048
355	1.38042
356	1.38037
357	1.38031
358	1.38025
359	1.38019
360	1.38013
361	1.38007
362	1.38001
363	1.37995
364	1.37989
365	1.37982
366	1.37976
367	1.3797
368	1.37963
369	1.37957
370	1.3795
371	1.37944
372	1.37937
373	1.37931
374	1.37924
375	1.37918
376	1.37911
377	1.37904
378	1.37897
379	1.37891
380	1.37884
381	1.37877
382	1.3787
383	1.37863
384	1.37856
385	1.37849
386	1.37842
387	1.37835
388	1.37828
389	1.37821
390	1.37813
391	1.37806
392	1.37799
393	1.37791
394	1.37784
395	1.37776
396	1.37769
397	1.37761
398	1.37753
399	1.37746
400	1.37738
401	1.3773
402	1.37722
403	1.37715
404	1.37707
405	1.37699
406	1.37691
407	1.37683
408	1.37675
409	1.37667
410	1.37659
411	1.37651
412	1.37642
413	1.37634
414	1.37626
415	1.37618
416	1.37609
417	1.37601
418	1.37592
419	1.37584
420	1.37575
421	1.37566
422	1.37558
423	1.37549
424	1.3754
425	1.37531
426	1.37522
427	1.37513
428	1.37504
429	1.37495
430	1.37486
431	1.37477
432	1.37468
433	1.37459
434	1.3745
435	1.37441
436	1.37432
437	1.37423
438	1.37413
439	1.37404
440	1.37395
441	1.37386
442	1.37376
443	1.37367
444	1.37358
445	1.37349
446	1.37339
447	1.3733
448	1.3732
449	1.37311
450	1.37302
451	1.37292
452	1.37283
453	1.37273
454	1.37263
455	1.37254
456	1.37244
457	1.37234
458	1.37225
459	1.37215
460	1.37205
461	1.37195
462	1.37185
463	1.37176
464	1.37166
465	1.37156
466	1.37146
467	1.37136
468	1.37126
469	1.37116
470	1.37106
471	1.37096
472	1.37086
473	1.37076
474	1.37065
475	1.37055
476	1.37045
477	1.37035
478	1.37025
479	1.37015
480	1.37004
481	1.36994
482	1.36984
483	1.36974
484	1.36963
485	1.36953
486	1.36943
487	1.36932
488	1.36922
489	1.36911
490	1.36901
491	1.36891
492	1.3688
493	1.3687
494	1.36859
495	1.36849
496	1.36838
497	1.36828
498	1.36817
499	1.36807
500	1.36797
501	1.36786
502	1.36775
503	1.36765
504	1.36754
505	1.36744
506	1.36733
507	1.36723
508	1.36712
509	1.36702
510	1.36691
511	1.36681
512	1.3667
513	1.36659
514	1.36649
515	1.36638
516	1.36628
517	1.36617
518	1.36607
519	1.36596
520	1.36586
521	1.36575
522	1.36564
523	1.36554
524	1.36543
525	1.36533
526	1.36522
527	1.36512
528	1.36501
529	1.36491
530	1.3648
531	1.3647
532	1.36459
533	1.36449
534	1.36438
535	1.36428
536	1.36418
537	1.36407
538	1.36397
539	1.36386
540	1.36376
541	1.36365
542	1.36355
543	1.36345
544	1.36334
545	1.36324
546	1.36313
547	1.36303
548	1.36293
549	1.36282
550	1.36272
551	1.36262
552	1.36251
553	1.36241
554	1.36231
555	1.3622
556	1.3621
557	1.362
558	1.3619
559	1.36179
560	1.36169
561	1.36159
562	1.36149
563	1.36138
564	1.36128
565	1.36118
566	1.36108
567	1.36098
568	1.36088
569	1.36078
570	1.36068
571	1.36058
572	1.36048
573	1.36038
574	1.36028
575	1.36018
576	1.36009
577	1.35999
578	1.35989
579	1.35979
580	1.35969
581	1.3596
582	1.3595
583	1.3594
584	1.35931
585	1.35921
586	1.35911
587	1.35902
588	1.35892
589	1.35883
590	1.35873
591	1.35864
592	1.35854
593	1.35845
594	1.35835
595	1.35826
596	1.35816
597	1.35807
598	1.35798
599	1.35788
600	1.35779
601	1.3577
602	1.35761
603	1.35751
604	1.35742
605	1.35733
606	1.35723
607	1.35714
608	1.35705
609	1.35696
610	1.35687
611	1.35678
612	1.35669
613	1.3566
614	1.35651
615	1.35642
616	1.35633
617	1.35624
618	1.35615
619	1.35606
620	1.35597
621	1.35588
622	1.3558
623	1.35571
624	1.35562
625	1.35553
626	1.35545
627	1.35536
628	1.35527
629	1.35519
630	1.3551
631	1.35501
632	1.35493
633	1.35484
634	1.35476
635	1.35467
636	1.35459
637	1.35451
638	1.35442
639	1.35434
640	1.35426
641	1.35418
642	1.3541
643	1.35402
644	1.35394
645	1.35386
646	1.35378
647	1.3537
648	1.35362
649	1.35354
650	1.35346
651	1.35338
652	1.3533
653	1.35323
654	1.35315
655	1.35307
656	1.35299
657	1.35292
658	1.35284
659	1.35276
660	1.35269
661	1.35261
662	1.35254
663	1.35247
664	1.35239
665	1.35232
666	1.35225
667	1.35218
668	1.3521
669	1.35203
670	1.35196
671	1.35189
672	1.35182
673	1.35175
674	1.35167
675	1.3516
676	1.35153
677	1.35146
678	1.35139
679	1.35132
680	1.35125
681	1.35118
682	1.35111
683	1.35104
684	1.35097
685	1.3509
686	1.35084
687	1.35077
688	1.3507
689	1.35064
690	1.35057
691	1.35051
692	1.35044
693	1.35038
694	1.35032
695	1.35026
696	1.35019
697	1.35013
698	1.35007
699	1.35001
700	1.34994
701	1.34988
702	1.34982
703	1.34976
704	1.3497
705	1.34963
706	1.34957
707	1.34951
708	1.34945
709	1.34939
710	1.34933
711	1.34927
712	1.34921
713	1.34915
714	1.34909
715	1.34903
716	1.34898
717	1.34892
718	1.34887
719	1.34881
720	1.34876
721	1.34871
722	1.34865
723	1.3486
724	1.34855
725	1.3485
726	1.34845
727	1.3484
728	1.34835
729	1.3483
730	1.34825
731	1.34819
732	1.34814
733	1.34809
734	1.34804
735	1.34799
736	1.34794
737	1.34789
738	1.34784
739	1.34779
740	1.34774
741	1.34769
742	1.34764
743	1.3476
744	1.34755
745	1.3475
746	1.34746
747	1.34741
748	1.34737
749	1.34733
750	1.34728
751	1.34724
752	1.3472
753	1.34716
754	1.34712
755	1.34708
756	1.34704
757	1.34701
758	1.34697
759	1.34693
760	1.34689
761	1.34686
762	1.34682
763	1.34678
764	1.34674
765	1.3467
766	1.34666
767	1.34662
768	1.34658
769	1.34654
770	1.34651
771	1.34647
772	1.34643
773	1.34639
774	1.34635
775	1.34631
776	1.34627
777	1.34623
778	1.34619
779	1.34615
780	1.34611
781	1.34608
782	1.34604
783	1.34601
784	1.34597
785	1.34594
786	1.34591
787	1.34588
788	1.34585
789	1.34582
790	1.34579
791	1.34577
792	1.34574
793	1.34572
794	1.34569
795	1.34567
796	1.34564
797	1.34562
798	1.3456
799	1.34558
800	1.34555
801	1.34553
802	1.34551
803	1.34549
804	1.34546
805	1.34544
806	1.34542
807	1.3454
808	1.34537
809	1.34535
810	1.34533
811	1.3453
812	1.34528
813	1.34525
814	1.34523
815	1.3452
816	1.34518
817	1.34515
818	1.34513
819	1.3451
820	1.34508
821	1.34505
822	1.34503
823	1.345
824	1.34498
825	1.34495
826	1.34493
827	1.34491
828	1.34489
829	1.34487
830	1.34485
831	1.34483
832	1.34481
833	1.34479
834	1.34478
835	1.34476
836	1.34475
837	1.34474
838	1.34473
839	1.34472
840	1.34471
841	1.3447
842	1.34469
843	1.34469
844	1.34468
845	1.34467
846	1.34467
847	1.34466
848	1.34466
849	1.34466
850	1.34465
851	1.34465
852	1.34465
853	1.34464
854	1.34464
855	1.34464
856	1.34463
857	1.34463
858	1.34463
859	1.34463
860	1.34463
861	1.34462
862	1.34462
863	1.34462
864	1.34462
865	1.34462
866	1.34461
867	1.34461
868	1.34461
869	1.34461
870	1.34461
871	1.34461
872	1.34461
873	1.34461
874	1.34461
875	1.34461
876	1.34461
877	1.34461
878	1.34461
879	1.34461
880	1.34461
881	1.34461
882	1.34461
883	1.34462
884	1.34462
885	1.34462
886	1.34462
887	1.34462
888	1.34462
889	1.34462
890	1.34463
891	1.34463
892	1.34463
893	1.34463
894	1.34463
895	1.34464
896	1.34464
897	1.34464
898	1.34464
899	1.34464
900	1.34465
901	1.34465
902	1.34465
903	1.34466
904	1.34466
905	1.34466
906	1.34467
907	1.34467
908	1.34468
909	1.34468
910	1.34469
911	1.34469
912	1.3447
913	1.3447
914	1.34471
915	1.34472
916	1.34473
917	1.34473
918	1.34474
919	1.34475
920	1.34476
921	1.34477
922	1.34478
923	1.34479
924	1.3448
925	1.34481
926	1.34482
927	1.34484
928	1.34485
929	1.34486
930	1.34488
931	1.34489
932	1.34491
933	1.34492
934	1.34493
935	1.34495
936	1.34497
937	1.34498
938	1.345
939	1.34501
940	1.34503
941	1.34505
942	1.34506
943	1.34508
944	1.3451
945	1.34512
946	1.34513
947	1.34515
948	1.34517
949	1.34519
950	1.34521
951	1.34522
952	1.34524
953	1.34526
954	1.34528
955	1.3453
956	1.34532
957	1.34533
958	1.34535
959	1.34537
960	1.34539
961	1.34541
962	1.34543
963	1.34545
964	1.34547
965	1.34549
966	1.34551
967	1.34553
968	1.34555
969	1.34557
970	1.34559
971	1.34561
972	1.34563
973	1.34565
974	1.34567
975	1.3457
976	1.34572
977	1.34574
978	1.34576
979	1.34579
980	1.34581
981	1.34583
982	1.34586
983	1.34588
984	1.34591
985	1.34593
986	1.34595
987	1.34598
988	1.346
989	1.34603
990	1.34605
991	1.34608
992	1.3461
993	1.34613
994	1.34616
995	1.34618
996	1.34621
997	1.34623
998	1.34626
999	1.34628
1000	1.34631
1001	1.34633
1002	1.34636
1003	1.34639
1004	1.34641
1005	1.34644
1006	1.34646
1007	1.34649
1008	1.34651
1009	1.34654
1010	1.34656
1011	1.34659
1012	1.34661
1013	1.34664
1014	1.34666
1015	1.34668
1016	1.34671
1017	1.34673
1018	1.34676
1019	1.34678
1020	1.34681
1021	1.34683
1022	1.34685
1023	1.34688
1024	1.3469
1025	1.34692
1026	1.34695
1027	1.34697
1028	1.347
1029	1.34702
1030	1.34704
1031	1.34707
1032	1.34709
1033	1.34711
1034	1.34714
1035	1.34716
1036	1.34719
1037	1.34721
1038	1.34723
1039	1.34726
1040	1.34728
1041	1.34731
1042	1.34733
1043	1.34736
1044	1.34738
1045	1.34741
1046	1.34743
1047	1.34746
1048	1.34749
1049	1.34751
1050	1.34754
1051	1.34757
1052	1.3476
1053	1.34763
1054	1.34766
1055	1.34769
1056	1.34772
1057	1.34775
1058	1.34778
1059	1.34781
1060	1.34784
1061	1.34788
1062	1.34791
1063	1.34794
1064	1.34798
1065	1.34801
1066	1.34805
1067	1.34808
1068	1.34812
1069	1.34815
1070	1.34819
1071	1.34822
1072	1.34826
1073	1.34829
1074	1.34833
1075	1.34837
1076	1.3484
1077	1.34844
1078	1.34847
1079	1.34851
1080	1.34854
1081	1.34857
1082	1.34861
1083	1.34864
1084	1.34868
1085	1.34871
1086	1.34874
1087	1.34877
1088	1.34881
1089	1.34884
1090	1.34887
1091	1.3489
1092	1.34893
1093	1.34896
1094	1.34899
1095	1.34902
1096	1.34905
1097	1.34908
1098	1.34911
1099	1.34914
1100	1.34917
1101	1.3492
1102	1.34923
1103	1.34926
1104	1.34929
1105	1.34932
1106	1.34935
1107	1.34938
1108	1.34941
1109	1.34944
1110	1.34947
1111	1.3495
1112	1.34953
1113	1.34956
1114	1.34959
1115	1.34963
1116	1.34966
1117	1.34969
1118	1.34972
1119	1.34975
1120	1.34979
1121	1.34982
1122	1.34985
1123	1.34988
1124	1.34992
1125	1.34995
1126	1.34998
1127	1.35001
1128	1.35005
1129	1.35008
1130	1.35011
1131	1.35015
1132	1.35018
1133	1.35021
1134	1.35025
1135	1.35028
1136	1.35031
1137	1.35034
1138	1.35038
1139	1.35041
1140	1.35044
1141	1.35047
1142	1.3505
1143	1.35054
1144	1.35057
1145	1.3506
1146	1.35063
1147	1.35066
1148	1.35069
1149	1.35072
1150	1.35075
1151	1.35078
1152	1.35081
1153	1.35084
1154	1.35087
1155	1.3509
1156	1.35093
1157	1.35096
1158	1.35099
1159	1.35102
1160	1.35105
1161	1.35108
1162	1.35111
1163	1.35115
1164	1.35118
1165	1.35121
1166	1.35124
1167	1.35127
1168	1.35131
1169	1.35134
1170	1.35137
1171	1.3514
1172	1.35144
1173	1.35147
1174	1.3515
1175	1.35154
1176	1.35157
1177	1.3516
1178	1.35163
1179	1.35167
1180	1.3517
1181	1.35173
1182	1.35176
1183	1.3518
1184	1.35183
1185	1.35186
1186	1.35189
1187	1.35192
1188	1.35195
1189	1.35198
1190	1.35202
1191	1.35205
1192	1.35208
1193	1.35211
1194	1.35214
1195	1.35217
1196	1.3522
1197	1.35223
1198	1.35226
1199	1.35229
1200	1.35231
1201	1.35234
1202	1.35237
1203	1.3524
1204	1.35243
1205	1.35246
1206	1.35249
1207	1.35252
1208	1.35255
1209	1.35258
1210	1.3526
1211	1.35263
1212	1.35266
1213	1.35269
1214	1.35272
1215	1.35274
1216	1.35277
1217	1.3528
1218	1.35282
1219	1.35285
1220	1.35288
1221	1.3529
1222	1.35293
1223	1.35295
1224	1.35298
1225	1.353
1226	1.35303
1227	1.35305
1228	1.35307
1229	1.3531
1230	1.35312
1231	1.35314
1232	1.35316
1233	1.35318
1234	1.35321
1235	1.35323
1236	1.35325
1237	1.35327
1238	1.35329
1239	1.35331
1240	1.35333
1241	1.35335
1242	1.35337
1243	1.35339
1244	1.35341
1245	1.35343
1246	1.35344
1247	1.35346
1248	1.35348
1249	1.3535
1250	1.35352
1251	1.35354
1252	1.35355
1253	1.35357
1254	1.35359
1255	1.3536
1256	1.35362
1257	1.35364
1258	1.35365
1259	1.35367
1260	1.35369
1261	1.3537
1262	1.35372
1263	1.35374
1264	1.35375
1265	1.35377
1266	1.35379
1267	1.3538
1268	1.35382
1269	1.35384
1270	1.35385
1271	1.35387
1272	1.35389
1273	1.35391
1274	1.35392
1275	1.35394
1276	1.35396
1277	1.35398
1278	1.35399
1279	1.35401
1280	1.35403
1281	1.35405
1282	1.35407
1283	1.35409
1284	1.35411
1285	1.35413
1286	1.35414
1287	1.35416
1288	1.35418
1289	1.3542
1290	1.35422
1291	1.35424
1292	1.35426
1293	1.35428
1294	1.3543
1295	1.35432
1296	1.35434
1297	1.35436
1298	1.35438
1299	1.3544
1300	1.35442
1301	1.35444
1302	1.35446
1303	1.35447
1304	1.35449
1305	1.35451
1306	1.35453
1307	1.35455
1308	1.35457
1309	1.35459
1310	1.35461
1311	1.35463
1312	1.35464
1313	1.35466
1314	1.35468
1315	1.3547
1316	1.35472
1317	1.35473
1318	1.35475
1319	1.35477
1320	1.35478
1321	1.3548
1322	1.35482
1323	1.35484
1324	1.35485
1325	1.35487
1326	1.35488
1327	1.3549
1328	1.35492
1329	1.35493
1330	1.35495
1331	1.35496
1332	1.35498
1333	1.35499
1334	1.35501
1335	1.35502
1336	1.35504
1337	1.35505
1338	1.35506
1339	1.35508
1340	1.35509
1341	1.35511
1342	1.35512
1343	1.35513
1344	1.35514
1345	1.35516
1346	1.35517
1347	1.35518
1348	1.35519
1349	1.35521
1350	1.35522
1351	1.35523
1352	1.35524
1353	1.35525
1354	1.35526
1355	1.35527
1356	1.35528
1357	1.35529
1358	1.3553
1359	1.35531
1360	1.35532
1361	1.35533
1362	1.35534
1363	1.35535
1364	1.35536
1365	1.35537
1366	1.35538
1367	1.35538
1368	1.35539
1369	1.3554
1370	1.35541
1371	1.35542
1372	1.35543
1373	1.35543
1374	1.35544
1375	1.35545
1376	1.35546
1377	1.35546
1378	1.35547
1379	1.35548
1380	1.35549
1381	1.3555
1382	1.3555
1383	1.35551
1384	1.35552
1385	1.35553
1386	1.35553
1387	1.35554
1388	1.35555
1389	1.35556
1390	1.35556
1391	1.35557
1392	1.35558
1393	1.35559
1394	1.3556
1395	1.3556
1396	1.35561
1397	1.35562
1398	1.35563
1399	1.35564
1400	1.35565
1401	1.35565
1402	1.35566
1403	1.35567
1404	1.35568
1405	1.35569
1406	1.3557
1407	1.35571
1408	1.35571
1409	1.35572
1410	1.35573
1411	1.35574
1412	1.35575
1413	1.35576
1414	1.35577
1415	1.35578
1416	1.35579
1417	1.3558
1418	1.3558
1419	1.35581
1420	1.35582
1421	1.35583
1422	1.35584
1423	1.35585
1424	1.35586
1425	1.35587
1426	1.35588
1427	1.35589
1428	1.3559
1429	1.35591
1430	1.35592
1431	1.35593
1432	1.35593
1433	1.35594
1434	1.35595
1435	1.35596
1436	1.35597
1437	1.35598
1438	1.35599
1439	1.356
1440	1.35601
1441	1.35602
1442	1.35603
1443	1.35604
1444	1.35605
1445	1.35607
1446	1.35608
1447	1.35609
1448	1.3561
1449	1.35611
1450	1.35612
1451	1.35613
1452	1.35614
1453	1.35615
1454	1.35617
1455	1.35618
1456	1.35619
1457	1.3562
1458	1.35621
1459	1.35622
1460	1.35624
1461	1.35625
1462	1.35626
1463	1.35627
1464	1.35629
1465	1.3563
1466	1.35631
1467	1.35632
1468	1.35634
1469	1.35635
1470	1.35636
1471	1.35637
1472	1.35639
1473	1.3564
1474	1.35641
1475	1.35642
1476	1.35644
1477	1.35645
1478	1.35646
1479	1.35647
1480	1.35648
1481	1.3565
1482	1.35651
1483	1.35652
1484	1.35653
1485	1.35655
1486	1.35656
1487	1.35657
1488	1.35658
1489	1.35659
1490	1.35661
1491	1.35662
1492	1.35663
1493	1.35664
1494	1.35665
1495	1.35667
1496	1.35668
1497	1.35669
1498	1.3567
1499	1.35672
1500	1.35673
1501	1.35674
1502	1.35675
1503	1.35677
1504	1.35678
1505	1.35679
1506	1.35681
1507	1.35682
1508	1.35684
1509	1.35685
1510	1.35686
1511	1.35688
1512	1.35689
1513	1.35691
1514	1.35692
1515	1.35694
1516	1.35696
1517	1.35697
1518	1.35699
1519	1.35701
1520	1.35702
1521	1.35704
1522	1.35706
1523	1.35707
1524	1.35709
1525	1.35711
1526	1.35713
1527	1.35715
1528	1.35716
1529	1.35718
1530	1.3572
1531	1.35722
1532	1.35724
1533	1.35726
1534	1.35728
1535	1.3573
1536	1.35732
1537	1.35734
1538	1.35736
1539	1.35737
1540	1.35739
1541	1.35741
1542	1.35743
1543	1.35745
1544	1.35747
1545	1.35749
1546	1.35751
1547	1.35753
1548	1.35755
1549	1.35757
1550	1.35759
1551	1.35761
1552	1.35763
1553	1.35765
1554	1.35767
1555	1.35769
1556	1.35771
1557	1.35773
1558	1.35776
1559	1.35778
1560	1.3578
1561	1.35782
1562	1.35784
1563	1.35786
1564	1.35788
1565	1.35791
1566	1.35793
1567	1.35795
1568	1.35797
1569	1.358
1570	1.35802
1571	1.35804
1572	1.35807
1573	1.35809
1574	1.35812
1575	1.35814
1576	1.35816
1577	1.35819
1578	1.35821
1579	1.35824
1580	1.35826
1581	1.35829
1582	1.35831
1583	1.35834
1584	1.35836
1585	1.35839
1586	1.35841
1587	1.35844
1588	1.35847
1589	1.35849
1590	1.35852
1591	1.35854
1592	1.35857
1593	1.3586
1594	1.35862
1595	1.35865
1596	1.35867
1597	1.3587
1598	1.35873
1599	1.35875
1600	1.35878
1601	1.3588
1602	1.35883
1603	1.35885
1604	1.35888
1605	1.3589
1606	1.35893
1607	1.35896
1608	1.35898
1609	1.35901
1610	1.35903
1611	1.35906
1612	1.35908
1613	1.35911
1614	1.35913
1615	1.35916
1616	1.35918
1617	1.35921
1618	1.35923
1619	1.35926
1620	1.35928
1621	1.35931
1622	1.35933
1623	1.35936
1624	1.35938
1625	1.35941
1626	1.35943
1627	1.35946
1628	1.35948
1629	1.35951
1630	1.35953
1631	1.35956
1632	1.35958
1633	1.35961
1634	1.35963
1635	1.35966
1636	1.35968
1637	1.35971
1638	1.35973
1639	1.35976
1640	1.35978
1641	1.35981
1642	1.35984
1643	1.35986
1644	1.35989
1645	1.35991
1646	1.35994
1647	1.35997
1648	1.35999
1649	1.36002
1650	1.36005
1651	1.36007
1652	1.3601
1653	1.36013
1654	1.36015
1655	1.36018
1656	1.36021
1657	1.36023
1658	1.36026
1659	1.36029
1660	1.36032
1661	1.36034
1662	1.36037
1663	1.3604
1664	1.36043
1665	1.36045
1666	1.36048
1667	1.36051
1668	1.36054
1669	1.36056
1670	1.36059
1671	1.36062
1672	1.36065
1673	1.36067
1674	1.3607
1675	1.36073
1676	1.36075
1677	1.36078
1678	1.36081
1679	1.36083
1680	1.36086
1681	1.36089
1682	1.36091
1683	1.36094
1684	1.36097
1685	1.36099
1686	1.36102
1687	1.36105
1688	1.36107
1689	1.3611
1690	1.36112
1691	1.36115
1692	1.36117
1693	1.3612
1694	1.36122
1695	1.36125
1696	1.36127
1697	1.3613
1698	1.36132
1699	1.36135
1700	1.36137
1701	1.3614
1702	1.36142
1703	1.36144
1704	1.36147
1705	1.36149
1706	1.36152
1707	1.36154
1708	1.36156
1709	1.36159
1710	1.36161
1711	1.36163
1712	1.36166
1713	1.36168
1714	1.3617
1715	1.36173
1716	1.36175
1717	1.36177
1718	1.36179
1719	1.36182
1720	1.36184
1721	1.36186
1722	1.36188
1723	1.3619
1724	1.36193
1725	1.36195
1726	1.36197
1727	1.36199
1728	1.36201
1729	1.36204
1730	1.36206
1731	1.36208
1732	1.3621
1733	1.36212
1734	1.36214
1735	1.36216
1736	1.36218
1737	1.3622
1738	1.36223
1739	1.36225
1740	1.36227
1741	1.36229
1742	1.36231
1743	1.36233
1744	1.36235
1745	1.36237
1746	1.36239
1747	1.36241
1748	1.36243
1749	1.36245
1750	1.36247
1751	1.36249
1752	1.36251
1753	1.36252
1754	1.36254
1755	1.36256
1756	1.36258
1757	1.3626
1758	1.36262
1759	1.36264
1760	1.36266
1761	1.36267
1762	1.36269
1763	1.36271
1764	1.36273
1765	1.36275
1766	1.36276
1767	1.36278
1768	1.3628
1769	1.36282
1770	1.36283
1771	1.36285
1772	1.36287
1773	1.36289
1774	1.3629
1775	1.36292
1776	1.36294
1777	1.36295
1778	1.36297
1779	1.36299
1780	1.363
1781	1.36302
1782	1.36303
1783	1.36305
1784	1.36307
1785	1.36308
1786	1.3631
1787	1.36311
1788	1.36313
1789	1.36314
1790	1.36316
1791	1.36318
1792	1.36319
1793	1.36321
1794	1.36322
1795	1.36324
1796	1.36325
1797	1.36327
1798	1.36328
1799	1.3633
1800	1.36331
1801	1.36333
1802	1.36334
1803	1.36336
1804	1.36337
1805	1.36339
1806	1.3634
1807	1.36341
1808	1.36343
1809	1.36344
1810	1.36346
1811	1.36347
1812	1.36348
1813	1.3635
1814	1.36351
1815	1.36353
1816	1.36354
1817	1.36355
1818	1.36357
1819	1.36358
1820	1.36359
1821	1.36361
1822	1.36362
1823	1.36363
1824	1.36364
1825	1.36365
1826	1.36367
1827	1.36368
1828	1.36369
1829	1.3637
1830	1.36371
1831	1.36372
1832	1.36373
1833	1.36374
1834	1.36375
1835	1.36376
1836	1.36377
1837	1.36378
1838	1.36379
1839	1.3638
1840	1.36381
1841	1.36382
1842	1.36382
1843	1.36383
1844	1.36384
1845	1.36385
1846	1.36385
1847	1.36386
1848	1.36387
1849	1.36387
1850	1.36388
1851	1.36389
1852	1.36389
1853	1.3639
1854	1.3639
1855	1.36391
1856	1.36391
1857	1.36392
1858	1.36392
1859	1.36392
1860	1.36393
1861	1.36393
1862	1.36393
1863	1.36394
1864	1.36394
1865	1.36394
1866	1.36394
1867	1.36394
1868	1.36395
1869	1.36395
1870	1.36395
1871	1.36395
1872	1.36395
1873	1.36395
1874	1.36395
1875	1.36395
1876	1.36395
1877	1.36395
1878	1.36395
1879	1.36395
1880	1.36394
1881	1.36394
1882	1.36394
1883	1.36394
1884	1.36394
1885	1.36393
1886	1.36393
1887	1.36393
1888	1.36392
1889	1.36392
1890	1.36391
1891	1.36391
1892	1.3639
1893	1.3639
1894	1.36389
1895	1.36389
1896	1.36388
1897	1.36387
1898	1.36387
1899	1.36386
1900	1.36385
1901	1.36384
1902	1.36383
1903	1.36383
1904	1.36382
1905	1.36381
1906	1.3638
1907	1.36379
1908	1.36378
1909	1.36377
1910	1.36376
1911	1.36374
1912	1.36373
1913	1.36372
1914	1.36371
1915	1.3637
1916	1.36368
1917	1.36367
1918	1.36366
1919	1.36364
1920	1.36363
1921	1.36361
1922	1.3636
1923	1.36359
1924	1.36357
1925	1.36355
1926	1.36354
1927	1.36352
1928	1.36351
1929	1.36349
1930	1.36347
1931	1.36345
1932	1.36344
1933	1.36342
1934	1.3634
1935	1.36338
1936	1.36336
1937	1.36334
1938	1.36332
1939	1.3633
1940	1.36328
1941	1.36326
1942	1.36324
1943	1.36322
1944	1.3632
1945	1.36318
1946	1.36315
1947	1.36313
1948	1.36311
1949	1.36309
1950	1.36306
1951	1.36304
1952	1.36301
1953	1.36299
1954	1.36296
1955	1.36294
1956	1.36291
1957	1.36289
1958	1.36286
1959	1.36284
1960	1.36281
1961	1.36278
1962	1.36276
1963	1.36273
1964	1.3627
1965	1.36267
1966	1.36264
1967	1.36262
1968	1.36259
1969	1.36256
1970	1.36253
1971	1.3625
1972	1.36247
1973	1.36244
1974	1.36241
1975	1.36237
1976	1.36234
1977	1.36231
1978	1.36228
1979	1.36225
1980	1.36222
1981	1.36218
1982	1.36215
1983	1.36212
1984	1.36208
1985	1.36205
1986	1.36201
1987	1.36198
1988	1.36195
1989	1.36191
1990	1.36188
1991	1.36184
1992	1.36181
1993	1.36177
1994	1.36173
1995	1.3617
1996	1.36166
1997	1.36163
1998	1.36159
1999	1.36155
2000	1.36152
2001	1.36148
2002	1.36144
2003	1.3614
2004	1.36137
2005	1.36133
2006	1.36129
2007	1.36126
2008	1.36122
2009	1.36118
2010	1.36115
2011	1.36111
2012	1.36107
2013	1.36104
2014	1.361
2015	1.36097
2016	1.36093
2017	1.3609
2018	1.36086
2019	1.36083
2020	1.36079
2021	1.36076
2022	1.36073
2023	1.3607
2024	1.36066
2025	1.36063
2026	1.3606
2027	1.36057
2028	1.36054
2029	1.36051
2030	1.36049
2031	1.36046
2032	1.36043
2033	1.36041
2034	1.36038
2035	1.36036
2036	1.36033
2037	1.36031
2038	1.36029
2039	1.36026
2040	1.36024
2041	1.36022
2042	1.3602
2043	1.36018
2044	1.36016
2045	1.36014
2046	1.36012
2047	1.3601
2048	1.36008
2049	1.36005
2050	1.36003
2051	1.36001
2052	1.35999
2053	1.35997
2054	1.35994
2055	1.35992
2056	1.35989
2057	1.35987
2058	1.35984
2059	1.35981
2060	1.35978
2061	1.35974
2062	1.35971
2063	1.35967
2064	1.35964
2065	1.3596
2066	1.35955
2067	1.35951
2068	1.35946
2069	1.35942
2070	1.35937
2071	1.35931
2072	1.35926
2073	1.3592
2074	1.35914
2075	1.35908
2076	1.35901
2077	1.35894
2078	1.35887
2079	1.3588
2080	1.35873
2081	1.35865
2082	1.35857
2083	1.35849
2084	1.35841
2085	1.35832
2086	1.35823
2087	1.35814
2088	1.35805
2089	1.35796
2090	1.35786
2091	1.35777
2092	1.35767
2093	1.35757
2094	1.35747
2095	1.35737
2096	1.35727
2097	1.35717
2098	1.35706
2099	1.35696
2100	1.35685
2101	1.35675
2102	1.35664
2103	1.35653
2104	1.35642
2105	1.35632
2106	1.35621
2107	1.3561
2108	1.356
2109	1.35589
2110	1.35578
2111	1.35567
2112	1.35557
2113	1.35546
2114	1.35535
2115	1.35525
2116	1.35514
2117	1.35504
2118	1.35494
2119	1.35483
2120	1.35473
2121	1.35463
2122	1.35453
2123	1.35443
2124	1.35433
2125	1.35423
2126	1.35413
2127	1.35404
2128	1.35394
2129	1.35384
2130	1.35375
2131	1.35366
2132	1.35356
2133	1.35347
2134	1.35338
2135	1.35329
2136	1.3532
2137	1.35312
2138	1.35303
2139	1.35294
2140	1.35286
2141	1.35277
2142	1.35269
2143	1.35261
2144	1.35252
2145	1.35244
2146	1.35236
2147	1.35228
2148	1.3522
2149	1.35213
2150	1.35205
2151	1.35197
2152	1.3519
2153	1.35182
2154	1.35175
2155	1.35167
2156	1.3516
2157	1.35153
2158	1.35146
2159	1.35138
2160	1.35131
2161	1.35124
2162	1.35117
2163	1.3511
2164	1.35103
2165	1.35097
2166	1.3509
2167	1.35083
2168	1.35076
2169	1.3507
2170	1.35063
2171	1.35056
2172	1.3505
2173	1.35043
2174	1.35036
2175	1.3503
2176	1.35023
2177	1.35017
2178	1.3501
2179	1.35003
2180	1.34997
2181	1.3499
2182	1.34984
2183	1.34977
2184	1.3497
2185	1.34964
2186	1.34957
2187	1.3495
2188	1.34944
2189	1.34937
2190	1.3493
2191	1.34923
2192	1.34916
2193	1.34909
2194	1.34902
2195	1.34895
2196	1.34888
2197	1.3488
2198	1.34873
2199	1.34866
2200	1.34858
2201	1.3485
2202	1.34843
2203	1.34835
2204	1.34827
2205	1.34819
2206	1.3481
2207	1.34802
2208	1.34794
2209	1.34785
2210	1.34776
2211	1.34768
2212	1.34759
2213	1.34749
2214	1.3474
2215	1.34731
2216	1.34721
2217	1.34711
2218	1.34701
2219	1.34691
2220	1.34681
2221	1.3467
2222	1.3466
2223	1.34649
2224	1.34638
2225	1.34627
2226	1.34615
2227	1.34604
2228	1.34592
2229	1.3458
2230	1.34568
2231	1.34555
2232	1.34543
2233	1.3453
2234	1.34517
2235	1.34503
2236	1.3449
2237	1.34476
2238	1.34462
2239	1.34448
2240	1.34434
2241	1.3442
2242	1.34405
2243	1.3439
2244	1.34375
2245	1.34359
2246	1.34344
2247	1.34328
2248	1.34312
2249	1.34296
2250	1.3428
2251	1.34263
2252	1.34246
2253	1.34229
2254	1.34212
2255	1.34195
2256	1.34178
2257	1.3416
2258	1.34143
2259	1.34125
2260	1.34107
2261	1.34089
2262	1.34071
2263	1.34053
2264	1.34035
2265	1.34016
2266	1.33998
2267	1.3398
2268	1.33962
2269	1.33943
2270	1.33925
2271	1.33907
2272	1.33889
2273	1.33871
2274	1.33853
2275	1.33836
2276	1.33818
2277	1.33801
2278	1.33784
2279	1.33767
2280	1.3375
2281	1.33734
2282	1.33718
2283	1.33702
2284	1.33686
2285	1.33671
2286	1.33657
2287	1.33642
2288	1.33628
2289	1.33614
2290	1.33601
2291	1.33588
2292	1.33576
2293	1.33564
2294	1.33552
2295	1.33541
2296	1.33531
2297	1.33521
2298	1.33511
2299	1.33502
2300	1.33493
2301	1.33485
2302	1.33477
2303	1.3347
2304	1.33463
2305	1.33457
2306	1.33451
2307	1.33446
2308	1.33441
2309	1.33437
2310	1.33433
2311	1.33429
2312	1.33427
2313	1.33424
2314	1.33422
2315	1.3342
2316	1.33419
2317	1.33418
2318	1.33418
2319	1.33418
2320	1.33418
2321	1.33419
2322	1.3342
2323	1.33422
2324	1.33424
2325	1.33426
2326	1.33429
2327	1.33432
2328	1.33435
2329	1.33439
2330	1.33443
2331	1.33447
2332	1.33452
2333	1.33456
2334	1.33462
2335	1.33467
2336	1.33473
2337	1.33479
2338	1.33485
2339	1.33492
2340	1.33499
2341	1.33506
2342	1.33513
2343	1.33521
2344	1.33528
2345	1.33536
2346	1.33545
2347	1.33553
2348	1.33562
2349	1.33571
2350	1.3358
2351	1.33589
2352	1.33599
2353	1.33609
2354	1.33619
2355	1.33629
2356	1.33639
2357	1.33649
2358	1.3366
2359	1.33671
2360	1.33682
2361	1.33693
2362	1.33704
2363	1.33715
2364	1.33727
2365	1.33738
2366	1.3375
2367	1.33762
2368	1.33774
2369	1.33786
2370	1.33798
2371	1.3381
2372	1.33823
2373	1.33835
2374	1.33847
2375	1.3386
2376	1.33872
2377	1.33885
2378	1.33898
2379	1.3391
2380	1.33923
2381	1.33936
2382	1.33949
2383	1.33962
2384	1.33974
2385	1.33987
2386	1.34
2387	1.34013
2388	1.34026
2389	1.34039
2390	1.34052
2391	1.34065
2392	1.34078
2393	1.34091
2394	1.34104
2395	1.34117
2396	1.3413
2397	1.34143
2398	1.34155
2399	1.34168
2400	1.34181
2401	1.34194
2402	1.34207
2403	1.3422
2404	1.34233
2405	1.34246
2406	1.34259
2407	1.34272
2408	1.34284
2409	1.34297
2410	1.3431
2411	1.34323
2412	1.34336
2413	1.34349
2414	1.34362
2415	1.34375
2416	1.34387
2417	1.344
2418	1.34413
2419	1.34426
2420	1.34439
2421	1.34452
2422	1.34465
2423	1.34478
2424	1.34491
2425	1.34504
2426	1.34517
2427	1.3453
2428	1.34543
2429	1.34556
2430	1.34568
2431	1.34581
2432	1.34594
2433	1.34607
2434	1.3462
2435	1.34632
2436	1.34645
2437	1.34658
2438	1.3467
2439	1.34683
2440	1.34695
2441	1.34708
2442	1.3472
2443	1.34732
2444	1.34744
2445	1.34756
2446	1.34767
2447	1.34779
2448	1.3479
2449	1.34802
2450	1.34813
2451	1.34824
2452	1.34834
2453	1.34845
2454	1.34855
2455	1.34865
2456	1.34875
2457	1.34884
2458	1.34893
2459	1.34902
2460	1.34911
2461	1.34919
2462	1.34927
2463	1.34935
2464	1.34943
2465	1.3495
2466	1.34957
2467	1.34963
2468	1.3497
2469	1.34975
2470	1.34981
2471	1.34986
2472	1.34991
2473	1.34996
2474	1.35
2475	1.35004
2476	1.35008
2477	1.35011
2478	1.35015
2479	1.35017
2480	1.3502
2481	1.35022
2482	1.35024
2483	1.35026
2484	1.35027
2485	1.35029
2486	1.3503
2487	1.35031
2488	1.35031
2489	1.35032
2490	1.35032
2491	1.35032
2492	1.35032
2493	1.35031
2494	1.35031
2495	1.3503
2496	1.3503
2497	1.35029
2498	1.35028
2499	1.35027
2500	1.35026
2501	1.35025
2502	1.35024
2503	1.35022
2504	1.35021
2505	1.3502
2506	1.35018
2507	1.35017
2508	1.35016
2509	1.35014
2510	1.35013
2511	1.35011
2512	1.3501
2513	1.35009
2514	1.35008
2515	1.35006
2516	1.35005
2517	1.35004
2518	1.35003
2519	1.35002
2520	1.35001
2521	1.35
2522	1.34999
2523	1.34998
2524	1.34997
2525	1.34997
2526	1.34996
2527	1.34996
2528	1.34995
2529	1.34995
2530	1.34995
2531	1.34994
2532	1.34994
2533	1.34994
2534	1.34994
2535	1.34994
2536	1.34995
2537	1.34995
2538	1.34995
2539	1.34996
2540	1.34996
2541	1.34997
2542	1.34998
2543	1.34999
2544	1.34999
2545	1.35
2546	1.35002
2547	1.35003
2548	1.35004
2549	1.35005
2550	1.35007
2551	1.35008
2552	1.3501
2553	1.35012
2554	1.35013
2555	1.35015
2556	1.35017
2557	1.35019
2558	1.35021
2559	1.35024
2560	1.35026
2561	1.35028
2562	1.35031
2563	1.35034
2564	1.35036
2565	1.35039
2566	1.35042
2567	1.35045
2568	1.35048
2569	1.35051
2570	1.35054
2571	1.35057
2572	1.35061
2573	1.35064
2574	1.35068
2575	1.35071
2576	1.35075
2577	1.35079
2578	1.35082
2579	1.35086
2580	1.3509
2581	1.35094
2582	1.35099
2583	1.35103
2584	1.35107
2585	1.35112
2586	1.35116
2587	1.35121
2588	1.35125
2589	1.3513
2590	1.35135
2591	1.3514
2592	1.35145
2593	1.3515
2594	1.35155
2595	1.3516
2596	1.35165
2597	1.3517
2598	1.35176
2599	1.35181
2600	1.35187
2601	1.35192
2602	1.35198
2603	1.35204
2604	1.3521
2605	1.35215
2606	1.35221
2607	1.35227
2608	1.35233
2609	1.3524
2610	1.35246
2611	1.35252
2612	1.35258
2613	1.35265
2614	1.35271
2615	1.35278
2616	1.35284
2617	1.35291
2618	1.35298
2619	1.35305
2620	1.35311
2621	1.35318
2622	1.35325
2623	1.35332
2624	1.35339
2625	1.35346
2626	1.35354
2627	1.35361
2628	1.35368
2629	1.35375
2630	1.35383
2631	1.3539
2632	1.35398
2633	1.35405
2634	1.35413
2635	1.3542
2636	1.35428
2637	1.35435
2638	1.35443
2639	1.35451
2640	1.35459
2641	1.35466
2642	1.35474
2643	1.35482
2644	1.3549
2645	1.35498
2646	1.35506
2647	1.35514
2648	1.35522
2649	1.3553
2650	1.35538
2651	1.35546
2652	1.35555
2653	1.35563
2654	1.35571
2655	1.35579
2656	1.35587
2657	1.35596
2658	1.35604
2659	1.35612
2660	1.35621
2661	1.35629
2662	1.35637
2663	1.35646
2664	1.35654
2665	1.35663
2666	1.35671
2667	1.35679
2668	1.35688
2669	1.35696
2670	1.35705
2671	1.35713
2672	1.35722
2673	1.35731
2674	1.35739
2675	1.35748
2676	1.35756
2677	1.35765
2678	1.35774
2679	1.35782
2680	1.35791
2681	1.358
2682	1.35808
2683	1.35817
2684	1.35826
2685	1.35835
2686	1.35843
2687	1.35852
2688	1.35861
2689	1.3587
2690	1.35878
2691	1.35887
2692	1.35896
2693	1.35905
2694	1.35914
2695	1.35923
2696	1.35932
2697	1.3594
2698	1.35949
2699	1.35958
2700	1.35967
2701	1.35976
2702	1.35985
2703	1.35994
2704	1.36003
2705	1.36012
2706	1.36021
2707	1.3603
2708	1.36039
2709	1.36048
2710	1.36057
2711	1.36066
2712	1.36075
2713	1.36084
2714	1.36092
2715	1.36101
2716	1.3611
2717	1.36119
2718	1.36128
2719	1.36137
2720	1.36146
2721	1.36155
2722	1.36164
2723	1.36173
2724	1.36182
2725	1.36191
2726	1.362
2727	1.36209
2728	1.36217
2729	1.36226
2730	1.36235
2731	1.36244
2732	1.36253
2733	1.36262
2734	1.3627
2735	1.36279
2736	1.36288
2737	1.36297
2738	1.36305
2739	1.36314
2740	1.36323
2741	1.36331
2742	1.3634
2743	1.36348
2744	1.36357
2745	1.36366
2746	1.36374
2747	1.36382
2748	1.36391
2749	1.36399
2750	1.36408
2751	1.36416
2752	1.36424
2753	1.36433
2754	1.36441
2755	1.36449
2756	1.36458
2757	1.36466
2758	1.36474
2759	1.36482
2760	1.3649
2761	1.36498
2762	1.36506
2763	1.36514
2764	1.36522
2765	1.3653
2766	1.36538
2767	1.36546
2768	1.36554
2769	1.36562
2770	1.36569
2771	1.36577
2772	1.36585
2773	1.36592
2774	1.366
2775	1.36608
2776	1.36615
2777	1.36623
2778	1.3663
2779	1.36638
2780	1.36645
2781	1.36653
2782	1.3666
2783	1.36667
2784	1.36675
2785	1.36682
2786	1.36689
2787	1.36696
2788	1.36703
2789	1.36711
2790	1.36718
2791	1.36725
2792	1.36732
2793	1.36739
2794	1.36746
2795	1.36753
2796	1.36759
2797	1.36766
2798	1.36773
2799	1.3678
2800	1.36787
2801	1.36793
2802	1.368
2803	1.36807
2804	1.36813
2805	1.3682
2806	1.36826
2807	1.36833
2808	1.36839
2809	1.36846
2810	1.36852
2811	1.36859
2812	1.36865
2813	1.36871
2814	1.36877
2815	1.36884
2816	1.3689
2817	1.36896
2818	1.36902
2819	1.36908
2820	1.36914
2821	1.3692
2822	1.36926
2823	1.36932
2824	1.36938
2825	1.36944
2826	1.3695
2827	1.36956
2828	1.36961
2829	1.36967
2830	1.36973
2831	1.36979
2832	1.36984
2833	1.3699
2834	1.36995
2835	1.37001
2836	1.37006
2837	1.37012
2838	1.37017
2839	1.37023
2840	1.37028
2841	1.37033
2842	1.37039
2843	1.37044
2844	1.37049
2845	1.37054
2846	1.37059
2847	1.37064
2848	1.3707
2849	1.37075
2850	1.3708
2851	1.37085
2852	1.3709
2853	1.37094
2854	1.37099
2855	1.37104
2856	1.37109
2857	1.37114
2858	1.37118
2859	1.37123
2860	1.37128
2861	1.37132
2862	1.37137
2863	1.37141
2864	1.37146
2865	1.3715
2866	1.37155
2867	1.37159
2868	1.37164
2869	1.37168
2870	1.37172
2871	1.37177
2872	1.37181
2873	1.37185
2874	1.37189
2875	1.37193
2876	1.37197
2877	1.37201
2878	1.37205
2879	1.37209
2880	1.37213
2881	1.37217
2882	1.37221
2883	1.37225
2884	1.37229
2885	1.37232
2886	1.37236
2887	1.3724
2888	1.37244
2889	1.37247
2890	1.37251
2891	1.37254
2892	1.37258
2893	1.37261
2894	1.37265
2895	1.37268
2896	1.37271
2897	1.37275
2898	1.37278
2899	1.37281
2900	1.37285
2901	1.37288
2902	1.37291
2903	1.37294
2904	1.37297
2905	1.373
2906	1.37303
2907	1.37306
2908	1.37309
2909	1.37312
2910	1.37315
2911	1.37317
2912	1.3732
2913	1.37323
2914	1.37326
2915	1.37328
2916	1.37331
2917	1.37333
2918	1.37336
2919	1.37338
2920	1.37341
2921	1.37343
2922	1.37346
2923	1.37348
2924	1.3735
2925	1.37352
2926	1.37355
2927	1.37357
2928	1.37359
2929	1.37361
2930	1.37363
2931	1.37365
2932	1.37367
2933	1.37369
2934	1.37371
2935	1.37372
2936	1.37374
2937	1.37376
2938	1.37378
2939	1.37379
2940	1.37381
2941	1.37383
2942	1.37384
2943	1.37386
2944	1.37387
2945	1.37389
2946	1.3739
2947	1.37391
2948	1.37393
2949	1.37394
2950	1.37395
2951	1.37397
2952	1.37398
2953	1.37399
2954	1.374
2955	1.37401
2956	1.37402
2957	1.37403
2958	1.37404
2959	1.37405
2960	1.37406
2961	1.37407
2962	1.37408
2963	1.37409
2964	1.3741
2965	1.3741
2966	1.37411
2967	1.37412
2968	1.37412
2969	1.37413
2970	1.37413
2971	1.37414
2972	1.37414
2973	1.37415
2974	1.37415
2975	1.37416
2976	1.37416
2977	1.37416
2978	1.37417
2979	1.37417
2980	1.37417
2981	1.37417
2982	1.37417
2983	1.37417
2984	1.37417
2985	1.37417
2986	1.37417
2987	1.37417
2988	1.37417
2989	1.37417
2990	1.37417
2991	1.37417
2992	1.37416
2993	1.37416
2994	1.37416
2995	1.37415
2996	1.37415
2997	1.37415
2998	1.37414
2999	1.37414
3000	1.37413
3001	1.37413
3002	1.37412
3003	1.37411
3004	1.37411
3005	1.3741
3006	1.37409
3007	1.37409
3008	1.37408
3009	1.37407
3010	1.37406
3011	1.37405
3012	1.37404
3013	1.37404
3014	1.37403
3015	1.37402
3016	1.37401
3017	1.37399
3018	1.37398
3019	1.37397
3020	1.37396
3021	1.37395
3022	1.37394
3023	1.37392
3024	1.37391
3025	1.3739
3026	1.37389
3027	1.37387
3028	1.37386
3029	1.37384
3030	1.37383
3031	1.37381
3032	1.3738
3033	1.37378
3034	1.37377
3035	1.37375
3036	1.37373
3037	1.37372
3038	1.3737
3039	1.37368
3040	1.37367
3041	1.37365
3042	1.37363
3043	1.37361
3044	1.37359
3045	1.37357
3046	1.37355
3047	1.37353
3048	1.37351
3049	1.37349
3050	1.37347
3051	1.37345
3052	1.37343
3053	1.37341
3054	1.37339
3055	1.37336
3056	1.37334
3057	1.37332
3058	1.37329
3059	1.37327
3060	1.37325
3061	1.37322
3062	1.3732
3063	1.37317
3064	1.37315
3065	1.37312
3066	1.3731
3067	1.37307
3068	1.37305
3069	1.37302
3070	1.37299
3071	1.37297
3072	1.37294
3073	1.37291
3074	1.37288
3075	1.37286
3076	1.37283
3077	1.3728
3078	1.37277
3079	1.37274
3080	1.37271
3081	1.37268
3082	1.37265
3083	1.37262
3084	1.37259
3085	1.37256
3086	1.37253
3087	1.3725
3088	1.37247
3089	1.37244
3090	1.37241
3091	1.37238
3092	1.37235
3093	1.37232
3094	1.37228
3095	1.37225
3096	1.37222
3097	1.37219
3098	1.37215
3099	1.37212
3100	1.37209
3101	1.37205
3102	1.37202
3103	1.37199
3104	1.37195
3105	1.37192
3106	1.37188
3107	1.37185
3108	1.37181
3109	1.37178
3110	1.37174
3111	1.37171
3112	1.37167
3113	1.37163
3114	1.3716
3115	1.37156
3116	1.37152
3117	1.37149
3118	1.37145
3119	1.37141
3120	1.37138
3121	1.37134
3122	1.3713
3123	1.37126
3124	1.37123
3125	1.37119
3126	1.37115
3127	1.37111
3128	1.37107
3129	1.37103
3130	1.37099
3131	1.37095
3132	1.37091
3133	1.37087
3134	1.37083
3135	1.37079
3136	1.37075
3137	1.37071
3138	1.37067
3139	1.37063
3140	1.37059
3141	1.37055
3142	1.37051
3143	1.37047
3144	1.37043
3145	1.37038
3146	1.37034
3147	1.3703
3148	1.37026
3149	1.37022
3150	1.37017
3151	1.37013
3152	1.37009
3153	1.37005
3154	1.37
3155	1.36996
3156	1.36992
3157	1.36987
3158	1.36983
3159	1.36979
3160	1.36974
3161	1.3697
3162	1.36966
3163	1.36961
3164	1.36957
3165	1.36952
3166	1.36948
3167	1.36944
3168	1.36939
3169	1.36935
3170	1.3693
3171	1.36926
3172	1.36921
3173	1.36917
3174	1.36912
3175	1.36908
3176	1.36903
3177	1.36899
3178	1.36894
3179	1.3689
3180	1.36885
3181	1.3688
3182	1.36876
3183	1.36871
3184	1.36867
3185	1.36862
3186	1.36857
3187	1.36853
3188	1.36848
3189	1.36844
3190	1.36839
3191	1.36834
3192	1.3683
3193	1.36825
3194	1.3682
3195	1.36816
3196	1.36811
3197	1.36806
3198	1.36802
3199	1.36797
3200	1.36792
3201	1.36787
3202	1.36783
3203	1.36778
3204	1.36773
3205	1.36769
3206	1.36764
3207	1.36759
3208	1.36754
3209	1.3675
3210	1.36745
3211	1.3674
3212	1.36735
3213	1.36731
3214	1.36726
3215	1.36721
3216	1.36716
3217	1.36711
3218	1.36707
3219	1.36702
3220	1.36697
3221	1.36692
3222	1.36687
3223	1.36683
3224	1.36678
3225	1.36673
3226	1.36668
3227	1.36663
3228	1.36659
3229	1.36654
3230	1.36649
3231	1.36644
3232	1.36639
3233	1.36634
3234	1.3663
3235	1.36625
3236	1.3662
3237	1.36615
3238	1.3661
3239	1.36605
3240	1.366
3241	1.36596
3242	1.36591
3243	1.36586
3244	1.36581
3245	1.36576
3246	1.36571
3247	1.36566
3248	1.36561
3249	1.36557
3250	1.36552
3251	1.36547
3252	1.36542
3253	1.36537
3254	1.36532
3255	1.36527
3256	1.36522
3257	1.36518
3258	1.36513
3259	1.36508
3260	1.36503
3261	1.36498
3262	1.36493
3263	1.36488
3264	1.36484
3265	1.36479
3266	1.36474
3267	1.36469
3268	1.36464
3269	1.36459
3270	1.36454
3271	1.3645
3272	1.36445
3273	1.3644
3274	1.36435
3275	1.3643
3276	1.36425
3277	1.36421
3278	1.36416
3279	1.36411
3280	1.36406
3281	1.36401
3282	1.36396
3283	1.36392
3284	1.36387
3285	1.36382
3286	1.36377
3287	1.36373
3288	1.36368
3289	1.36363
3290	1.36358
3291	1.36354
3292	1.36349
3293	1.36344
3294	1.36339
3295	1.36335
3296	1.3633
3297	1.36325
3298	1.3632
3299	1.36316
3300	1.36311
3301	1.36306
3302	1.36302
3303	1.36297
3304	1.36292
3305	1.36288
3306	1.36283
3307	1.36278
3308	1.36274
3309	1.36269
3310	1.36264
3311	1.3626
3312	1.36255
3313	1.3625
3314	1.36246
3315	1.36241
3316	1.36237
3317	1.36232
3318	1.36227
3319	1.36223
3320	1.36218
3321	1.36214
3322	1.36209
3323	1.36205
3324	1.362
3325	1.36195
3326	1.36191
3327	1.36186
3328	1.36182
3329	1.36177
3330	1.36173
3331	1.36168
3332	1.36164
3333	1.36159
3334	1.36155
3335	1.3615
3336	1.36146
3337	1.36142
3338	1.36137
3339	1.36133
3340	1.36128
3341	1.36124
3342	1.36119
3343	1.36115
3344	1.36111
3345	1.36106
3346	1.36102
3347	1.36097
3348	1.36093
3349	1.36089
3350	1.36084
3351	1.3608
3352	1.36076
3353	1.36071
3354	1.36067
3355	1.36063
3356	1.36058
3357	1.36054
3358	1.3605
3359	1.36046
3360	1.36041
3361	1.36037
3362	1.36033
3363	1.36028
3364	1.36024
3365	1.3602
3366	1.36016
3367	1.36012
3368	1.36007
3369	1.36003
3370	1.35999
3371	1.35995
3372	1.35991
3373	1.35987
3374	1.35982
3375	1.35978
3376	1.35974
3377	1.3597
3378	1.35966
3379	1.35962
3380	1.35958
3381	1.35954
3382	1.3595
3383	1.35946
3384	1.35942
3385	1.35938
3386	1.35934
3387	1.3593
3388	1.35926
3389	1.35922
3390	1.35918
3391	1.35914
3392	1.3591
3393	1.35906
3394	1.35902
3395	1.35898
3396	1.35894
3397	1.3589
3398	1.35886
3399	1.35882
3400	1.35878
3401	1.35874
3402	1.3587
3403	1.35866
3404	1.35863
3405	1.35859
3406	1.35855
3407	1.35851
3408	1.35847
3409	1.35843
3410	1.35839
3411	1.35835
3412	1.35832
3413	1.35828
3414	1.35824
3415	1.3582
3416	1.35816
3417	1.35812
3418	1.35809
3419	1.35805
3420	1.35801
3421	1.35797
3422	1.35793
3423	1.35789
3424	1.35786
3425	1.35782
3426	1.35778
3427	1.35774
3428	1.3577
3429	1.35767
3430	1.35763
3431	1.35759
3432	1.35755
3433	1.35751
3434	1.35747
3435	1.35744
3436	1.3574
3437	1.35736
3438	1.35732
3439	1.35728
3440	1.35725
3441	1.35721
3442	1.35717
3443	1.35713
3444	1.35709
3445	1.35705
3446	1.35702
3447	1.35698
3448	1.35694
3449	1.3569
3450	1.35686
3451	1.35682
3452	1.35678
3453	1.35675
3454	1.35671
3455	1.35667
3456	1.35663
3457	1.35659
3458	1.35655
3459	1.35652
3460	1.35648
3461	1.35644
3462	1.3564
3463	1.35636
3464	1.35632
3465	1.35629
3466	1.35625
3467	1.35621
3468	1.35617
3469	1.35613
3470	1.3561
3471	1.35606
3472	1.35602
3473	1.35598
3474	1.35594
3475	1.35591
3476	1.35587
3477	1.35583
3478	1.35579
3479	1.35576
3480	1.35572
3481	1.35568
3482	1.35565
3483	1.35561
3484	1.35557
3485	1.35553
3486	1.3555
3487	1.35546
3488	1.35542
3489	1.35539
3490	1.35535
3491	1.35532
3492	1.35528
3493	1.35524
3494	1.35521
3495	1.35517
3496	1.35514
3497	1.3551
3498	1.35506
3499	1.35503
3500	1.35499
3501	1.35496
3502	1.35492
3503	1.35489
3504	1.35485
3505	1.35482
3506	1.35478
3507	1.35475
3508	1.35471
3509	1.35468
3510	1.35464
3511	1.35461
3512	1.35457
3513	1.35454
3514	1.35451
3515	1.35447
3516	1.35444
3517	1.3544
3518	1.35437
3519	1.35433
3520	1.3543
3521	1.35427
3522	1.35423
3523	1.3542
3524	1.35417
3525	1.35413
3526	1.3541
3527	1.35406
3528	1.35403
3529	1.354
3530	1.35396
3531	1.35393
3532	1.3539
3533	1.35386
3534	1.35383
3535	1.3538
3536	1.35376
3537	1.35373
3538	1.3537
3539	1.35366
3540	1.35363
3541	1.3536
3542	1.35357
3543	1.35353
3544	1.3535
3545	1.35347
3546	1.35343
3547	1.3534
3548	1.35337
3549	1.35333
3550	1.3533
3551	1.35327
3552	1.35324
3553	1.3532
3554	1.35317
3555	1.35314
3556	1.3531
3557	1.35307
3558	1.35304
3559	1.353
3560	1.35297
3561	1.35294
3562	1.35291
3563	1.35287
3564	1.35284
3565	1.35281
3566	1.35277
3567	1.35274
3568	1.35271
3569	1.35267
3570	1.35264
3571	1.35261
3572	1.35257
3573	1.35254
3574	1.35251
3575	1.35247
3576	1.35244
3577	1.3524
3578	1.35237
3579	1.35234
3580	1.3523
3581	1.35227
3582	1.35224
3583	1.3522
3584	1.35217
3585	1.35213
3586	1.3521
3587	1.35207
3588	1.35203
3589	1.352
3590	1.35196
3591	1.35193
3592	1.35189
3593	1.35186
3594	1.35182
3595	1.35179
3596	1.35175
3597	1.35172
3598	1.35168
3599	1.35165
3600	1.35161
3601	1.35158
3602	1.35154
3603	1.35151
3604	1.35147
3605	1.35144
3606	1.3514
3607	1.35136
3608	1.35133
3609	1.35129
3610	1.35126
3611	1.35122
3612	1.35118
3613	1.35115
3614	1.35111
3615	1.35107
3616	1.35104
3617	1.351
3618	1.35096
3619	1.35093
3620	1.35089
3621	1.35085
3622	1.35081
3623	1.35078
3624	1.35074
3625	1.3507
3626	1.35066
3627	1.35062
3628	1.35058
3629	1.35055
3630	1.35051
3631	1.35047
3632	1.35043
3633	1.35039
3634	1.35035
3635	1.35031
3636	1.35027
3637	1.35023
3638	1.35019
3639	1.35015
3640	1.35011
3641	1.35007
3642	1.35003
3643	1.34999
3644	1.34995
3645	1.3499
3646	1.34986
3647	1.34982
3648	1.34978
3649	1.34974
3650	1.34969
3651	1.34965
3652	1.34961
3653	1.34957
3654	1.34952
3655	1.34948
3656	1.34944
3657	1.34939
3658	1.34935
3659	1.34931
3660	1.34926
3661	1.34922
3662	1.34917
3663	1.34913
3664	1.34908
3665	1.34904
3666	1.34899
3667	1.34895
3668	1.3489
3669	1.34886
3670	1.34881
3671	1.34876
3672	1.34872
3673	1.34867
3674	1.34862
3675	1.34858
3676	1.34853
3677	1.34848
3678	1.34844
3679	1.34839
3680	1.34834
3681	1.34829
3682	1.34824
3683	1.3482
3684	1.34815
3685	1.3481
3686	1.34805
3687	1.348
3688	1.34795
3689	1.3479
3690	1.34785
3691	1.3478
3692	1.34775
3693	1.3477
3694	1.34765
3695	1.3476
3696	1.34755
3697	1.3475
3698	1.34745
3699	1.3474
3700	1.34735
3701	1.34729
3702	1.34724
3703	1.34719
3704	1.34714
3705	1.34709
3706	1.34703
3707	1.34698
3708	1.34693
3709	1.34688
3710	1.34682
3711	1.34677
3712	1.34671
3713	1.34666
3714	1.34661
3715	1.34655
3716	1.3465
3717	1.34644
3718	1.34639
3719	1.34633
3720	1.34628
3721	1.34622
3722	1.34617
3723	1.34611
3724	1.34606
3725	1.346
3726	1.34594
3727	1.34589
3728	1.34583
3729	1.34577
3730	1.34572
3731	1.34566
3732	1.3456
3733	1.34554
3734	1.34549
3735	1.34543
3736	1.34537
3737	1.34531
3738	1.34525
3739	1.34519
3740	1.34513
3741	1.34508
3742	1.34502
3743	1.34496
3744	1.3449
3745	1.34484
3746	1.34478
3747	1.34472
3748	1.34466
3749	1.3446
3750	1.34453
3751	1.34447
3752	1.34441
3753	1.34435
3754	1.34429
3755	1.34423
3756	1.34417
3757	1.34411
3758	1.34404
3759	1.34398
3760	1.34392
3761	1.34386
3762	1.3438
3763	1.34373
3764	1.34367
3765	1.34361
3766	1.34354
3767	1.34348
3768	1.34342
3769	1.34336
3770	1.34329
3771	1.34323
3772	1.34317
3773	1.3431
3774	1.34304
3775	1.34297
3776	1.34291
3777	1.34285
3778	1.34278
3779	1.34272
3780	1.34265
3781	1.34259
3782	1.34253
3783	1.34246
3784	1.3424
3785	1.34233
3786	1.34227
3787	1.3422
3788	1.34214
3789	1.34207
3790	1.34201
3791	1.34194
3792	1.34188
3793	1.34181
3794	1.34175
3795	1.34168
3796	1.34162
3797	1.34155
3798	1.34149
3799	1.34142
3800	1.34136
3801	1.34129
3802	1.34122
3803	1.34116
3804	1.34109
3805	1.34103
3806	1.34096
3807	1.3409
3808	1.34083
3809	1.34076
3810	1.3407
3811	1.34063
3812	1.34057
3813	1.3405
3814	1.34043
3815	1.34037
3816	1.3403
3817	1.34024
3818	1.34017
3819	1.3401
3820	1.34004
3821	1.33997
3822	1.3399
3823	1.33984
3824	1.33977
3825	1.33971
3826	1.33964
3827	1.33957
3828	1.33951
3829	1.33944
3830	1.33937
3831	1.33931
3832	1.33924
3833	1.33917
3834	1.33911
3835	1.33904
3836	1.33898
3837	1.33891
3838	1.33884
3839	1.33878
3840	1.33871
3841	1.33864
3842	1.33858
3843	1.33851
3844	1.33845
3845	1.33838
3846	1.33831
3847	1.33825
3848	1.33818
3849	1.33812
3850	1.33805
3851	1.33798
3852	1.33792
3853	1.33785
3854	1.33779
3855	1.33772
3856	1.33766
3857	1.33759
3858	1.33752
3859	1.33746
3860	1.33739
3861	1.33733
3862	1.33726
3863	1.3372
3864	1.33713
3865	1.33707
3866	1.337
3867	1.33694
3868	1.33687
3869	1.33681
3870	1.33675
3871	1.33668
3872	1.33662
3873	1.33655
3874	1.33649
3875	1.33643
3876	1.33636
3877	1.3363
3878	1.33623
3879	1.33617
3880	1.33611
3881	1.33605
3882	1.33598
3883	1.33592
3884	1.33586
3885	1.33579
3886	1.33573
3887	1.33567
3888	1.33561
3889	1.33555
3890	1.33548
3891	1.33542
3892	1.33536
3893	1.3353
3894	1.33524
3895	1.33518
3896	1.33512
3897	1.33506
3898	1.335
3899	1.33494
3900	1.33487
3901	1.33481
3902	1.33476
3903	1.3347
3904	1.33464
3905	1.33458
3906	1.33452
3907	1.33446
3908	1.3344
3909	1.33434
3910	1.33428
3911	1.33422
3912	1.33417
3913	1.33411
3914	1.33405
3915	1.33399
3916	1.33394
3917	1.33388
3918	1.33382
3919	1.33377
3920	1.33371
3921	1.33365
3922	1.3336
3923	1.33354
3924	1.33349
3925	1.33343
3926	1.33338
3927	1.33332
3928	1.33327
3929	1.33321
3930	1.33316
3931	1.3331
3932	1.33305
3933	1.333
3934	1.33294
3935	1.33289
3936	1.33284
3937	1.33279
3938	1.33273
3939	1.33268
3940	1.33263
3941	1.33258
3942	1.33253
3943	1.33248
3944	1.33243
3945	1.33238
3946	1.33233
3947	1.33228
3948	1.33223
3949	1.33218
3950	1.33213
3951	1.33208
3952	1.33203
3953	1.33198
3954	1.33193
3955	1.33189
3956	1.33184
3957	1.33179
3958	1.33174
3959	1.3317
3960	1.33165
3961	1.33161
3962	1.33156
3963	1.33152
3964	1.33147
3965	1.33143
3966	1.33138
3967	1.33134
3968	1.33129
3969	1.33125
3970	1.33121
3971	1.33117
3972	1.33112
3973	1.33108
3974	1.33104
3975	1.331
3976	1.33096
3977	1.33092
3978	1.33088
3979	1.33084
3980	1.3308
3981	1.33076
3982	1.33072
3983	1.33068
3984	1.33064
3985	1.33061
3986	1.33057
3987	1.33053
3988	1.3305
3989	1.33046
3990	1.33042
3991	1.33039
3992	1.33035
3993	1.33032
3994	1.33029
3995	1.33025
3996	1.33022
3997	1.33019
3998	1.33015
3999	1.33012
4000	1.33009
4001	1.33006
4002	1.33003
4003	1.33
4004	1.32997
4005	1.32994
4006	1.32991
4007	1.32988
4008	1.32985
4009	1.32982
4010	1.3298
4011	1.32977
4012	1.32974
4013	1.32972
4014	1.32969
4015	1.32966
4016	1.32964
4017	1.32961
4018	1.32959
4019	1.32957
4020	1.32954
4021	1.32952
4022	1.3295
4023	1.32948
4024	1.32945
4025	1.32943
4026	1.32941
4027	1.32939
4028	1.32937
4029	1.32935
4030	1.32933
4031	1.32931
4032	1.3293
4033	1.32928
4034	1.32926
4035	1.32924
4036	1.32923
4037	1.32921
4038	1.32919
4039	1.32918
4040	1.32916
4041	1.32915
4042	1.32914
4043	1.32912
4044	1.32911
4045	1.3291
4046	1.32909
4047	1.32907
4048	1.32906
4049	1.32905
4050	1.32904
4051	1.32903
4052	1.32902
4053	1.32901
4054	1.32901
4055	1.329
4056	1.32899
4057	1.32898
4058	1.32898
4059	1.32897
4060	1.32897
4061	1.32896
4062	1.32896
4063	1.32895
4064	1.32895
4065	1.32895
4066	1.32894
4067	1.32894
4068	1.32894
4069	1.32894
4070	1.32894
4071	1.32894
4072	1.32894
4073	1.32894
4074	1.32894
4075	1.32894
4076	1.32895
4077	1.32895
4078	1.32895
4079	1.32896
4080	1.32896
4081	1.32897
4082	1.32897
4083	1.32898
4084	1.32898
4085	1.32899
4086	1.329
4087	1.329
4088	1.32901
4089	1.32902
4090	1.32903
4091	1.32904
4092	1.32905
4093	1.32906
4094	1.32907
4095	1.32908
4096	1.32909
4097	1.32911
4098	1.32912
4099	1.32913
4100	1.32914
4101	1.32916
4102	1.32917
4103	1.32919
4104	1.3292
4105	1.32922
4106	1.32923
4107	1.32925
4108	1.32926
4109	1.32928
4110	1.3293
4111	1.32932
4112	1.32933
4113	1.32935
4114	1.32937
4115	1.32939
4116	1.32941
4117	1.32943
4118	1.32945
4119	1.32947
4120	1.32949
4121	1.32951
4122	1.32953
4123	1.32955
4124	1.32958
4125	1.3296
4126	1.32962
4127	1.32964
4128	1.32967
4129	1.32969
4130	1.32972
4131	1.32974
4132	1.32976
4133	1.32979
4134	1.32982
4135	1.32984
4136	1.32987
4137	1.32989
4138	1.32992
4139	1.32995
4140	1.32997
4141	1.33
4142	1.33003
4143	1.33006
4144	1.33009
4145	1.33012
4146	1.33015
4147	1.33017
4148	1.3302
4149	1.33024
4150	1.33027
4151	1.3303
4152	1.33033
4153	1.33036
4154	1.33039
4155	1.33042
4156	1.33046
4157	1.33049
4158	1.33052
4159	1.33056
4160	1.33059
4161	1.33063
4162	1.33066
4163	1.3307
4164	1.33073
4165	1.33077
4166	1.3308
4167	1.33084
4168	1.33088
4169	1.33091
4170	1.33095
4171	1.33099
4172	1.33103
4173	1.33107
4174	1.33111
4175	1.33115
4176	1.33118
4177	1.33122
4178	1.33127
4179	1.33131
4180	1.33135
4181	1.33139
4182	1.33143
4183	1.33147
4184	1.33151
4185	1.33156
4186	1.3316
4187	1.33164
4188	1.33169
4189	1.33173
4190	1.33178
4191	1.33182
4192	1.33186
4193	1.33191
4194	1.33196
4195	1.332
4196	1.33205
4197	1.33209
4198	1.33214
4199	1.33219
4200	1.33223
4201	1.33228
4202	1.33233
4203	1.33238
4204	1.33243
4205	1.33248
4206	1.33252
4207	1.33257
4208	1.33262
4209	1.33267
4210	1.33272
4211	1.33277
4212	1.33283
4213	1.33288
4214	1.33293
4215	1.33298
4216	1.33303
4217	1.33308
4218	1.33314
4219	1.33319
4220	1.33324
4221	1.3333
4222	1.33335
4223	1.33341
4224	1.33346
4225	1.33352
4226	1.33357
4227	1.33363
4228	1.33368
4229	1.33374
4230	1.3338
4231	1.33385
4232	1.33391
4233	1.33397
4234	1.33403
4235	1.33409
4236	1.33415
4237	1.33421
4238	1.33427
4239	1.33433
4240	1.33439
4241	1.33445
4242	1.33451
4243	1.33457
4244	1.33463
4245	1.3347
4246	1.33476
4247	1.33482
4248	1.33489
4249	1.33495
4250	1.33502
4251	1.33508
4252	1.33515
4253	1.33522
4254	1.33528
4255	1.33535
4256	1.33542
4257	1.33548
4258	1.33555
4259	1.33562
4260	1.33569
4261	1.33576
4262	1.33583
4263	1.3359
4264	1.33597
4265	1.33605
4266	1.33612
4267	1.33619
4268	1.33626
4269	1.33634
4270	1.33641
4271	1.33648
4272	1.33656
4273	1.33663
4274	1.33671
4275	1.33678
4276	1.33686
4277	1.33694
4278	1.33701
4279	1.33709
4280	1.33717
4281	1.33725
4282	1.33733
4283	1.3374
4284	1.33748
4285	1.33756
4286	1.33764
4287	1.33772
4288	1.3378
4289	1.33788
4290	1.33797
4291	1.33805
4292	1.33813
4293	1.33821
4294	1.33829
4295	1.33838
4296	1.33846
4297	1.33854
4298	1.33862
4299	1.33871
4300	1.33879
4301	1.33888
4302	1.33896
4303	1.33904
4304	1.33913
4305	1.33921
4306	1.3393
4307	1.33938
4308	1.33947
4309	1.33955
4310	1.33964
4311	1.33973
4312	1.33981
4313	1.3399
4314	1.33998
4315	1.34007
4316	1.34016
4317	1.34024
4318	1.34033
4319	1.34042
4320	1.3405
4321	1.34059
4322	1.34068
4323	1.34076
4324	1.34085
4325	1.34094
4326	1.34103
4327	1.34111
4328	1.3412
4329	1.34129
4330	1.34137
4331	1.34146
4332	1.34155
4333	1.34164
4334	1.34172
4335	1.34181
4336	1.3419
4337	1.34198
4338	1.34207
4339	1.34216
4340	1.34225
4341	1.34233
4342	1.34242
4343	1.34251
4344	1.34259
4345	1.34268
4346	1.34277
4347	1.34286
4348	1.34294
4349	1.34303
4350	1.34312
4351	1.3432
4352	1.34329
4353	1.34338
4354	1.34346
4355	1.34355
4356	1.34364
4357	1.34372
4358	1.34381
4359	1.3439
4360	1.34398
4361	1.34407
4362	1.34416
4363	1.34424
4364	1.34433
4365	1.34442
4366	1.3445
4367	1.34459
4368	1.34468
4369	1.34476
4370	1.34485
4371	1.34494
4372	1.34502
4373	1.34511
4374	1.3452
4375	1.34529
4376	1.34537
4377	1.34546
4378	1.34555
4379	1.34564
4380	1.34572
4381	1.34581
4382	1.3459
4383	1.34599
4384	1.34608
4385	1.34617
4386	1.34626
4387	1.34635
4388	1.34644
4389	1.34653
4390	1.34662
4391	1.34671
4392	1.3468
4393	1.3469
4394	1.34699
4395	1.34708
4396	1.34718
4397	1.34727
4398	1.34737
4399	1.34746
4400	1.34756
4401	1.34766
4402	1.34775
4403	1.34785
4404	1.34795
4405	1.34805
4406	1.34815
4407	1.34826
4408	1.34836
4409	1.34846
4410	1.34857
4411	1.34867
4412	1.34878
4413	1.34889
4414	1.349
4415	1.34911
4416	1.34922
4417	1.34934
4418	1.34945
4419	1.34957
4420	1.34969
4421	1.34981
4422	1.34993
4423	1.35005
4424	1.35018
4425	1.35031
4426	1.35044
4427	1.35057
4428	1.3507
4429	1.35083
4430	1.35097
4431	1.35111
4432	1.35125
4433	1.35139
4434	1.35153
4435	1.35168
4436	1.35183
4437	1.35198
4438	1.35213
4439	1.35229
4440	1.35245
4441	1.35261
4442	1.35277
4443	1.35294
4444	1.3531
4445	1.35327
4446	1.35344
4447	1.35362
4448	1.35379
4449	1.35397
4450	1.35415
4451	1.35434
4452	1.35452
4453	1.35471
4454	1.3549
4455	1.35509
4456	1.35528
4457	1.35547
4458	1.35567
4459	1.35586
4460	1.35606
4461	1.35626
4462	1.35646
4463	1.35667
4464	1.35687
4465	1.35707
4466	1.35727
4467	1.35748
4468	1.35768
4469	1.35789
4470	1.35809
4471	1.35829
4472	1.3585
4473	1.3587
4474	1.3589
4475	1.3591
4476	1.35929
4477	1.35949
4478	1.35968
4479	1.35987
4480	1.36006
4481	1.36024
4482	1.36042
4483	1.3606
4484	1.36077
4485	1.36094
4486	1.36111
4487	1.36127
4488	1.36142
4489	1.36157
4490	1.36172
4491	1.36186
4492	1.36199
4493	1.36211
4494	1.36223
4495	1.36235
4496	1.36245
4497	1.36255
4498	1.36264
4499	1.36272
4500	1.3628
4501	1.36286
4502	1.36292
4503	1.36297
4504	1.36301
4505	1.36304
4506	1.36307
4507	1.36308
4508	1.36309
4509	1.36308
4510	1.36307
4511	1.36305
4512	1.36302
4513	1.36297
4514	1.36292
4515	1.36286
4516	1.3628
4517	1.36272
4518	1.36263
4519	1.36254
4520	1.36243
4521	1.36232
4522	1.3622
4523	1.36207
4524	1.36193
4525	1.36178
4526	1.36163
4527	1.36147
4528	1.3613
4529	1.36113
4530	1.36094
4531	1.36076
4532	1.36056
4533	1.36036
4534	1.36016
4535	1.35995
4536	1.35973
4537	1.35951
4538	1.35929
4539	1.35906
4540	1.35883
4541	1.35859
4542	1.35836
4543	1.35812
4544	1.35788
4545	1.35763
4546	1.35739
4547	1.35715
4548	1.3569
4549	1.35665
4550	1.35641
4551	1.35616
4552	1.35592
4553	1.35568
4554	1.35544
4555	1.3552
4556	1.35496
4557	1.35472
4558	1.35449
4559	1.35426
4560	1.35404
4561	1.35381
4562	1.3536
4563	1.35338
4564	1.35317
4565	1.35296
4566	1.35276
4567	1.35257
4568	1.35237
4569	1.35219
4570	1.35201
4571	1.35183
4572	1.35166
4573	1.35149
4574	1.35134
4575	1.35118
4576	1.35104
4577	1.35089
4578	1.35076
4579	1.35063
4580	1.35051
4581	1.35039
4582	1.35028
4583	1.35018
4584	1.35008
4585	1.34998
4586	1.3499
4587	1.34982
4588	1.34974
4589	1.34967
4590	1.34961
4591	1.34955
4592	1.3495
4593	1.34946
4594	1.34942
4595	1.34938
4596	1.34935
4597	1.34933
4598	1.34931
4599	1.34929
4600	1.34928
4601	1.34927
4602	1.34927
4603	1.34927
4604	1.34928
4605	1.34929
4606	1.34931
4607	1.34932
4608	1.34935
4609	1.34937
4610	1.3494
4611	1.34943
4612	1.34946
4613	1.3495
4614	1.34954
4615	1.34958
4616	1.34963
4617	1.34967
4618	1.34972
4619	1.34977
4620	1.34982
4621	1.34988
4622	1.34993
4623	1.34999
4624	1.35004
4625	1.3501
4626	1.35016
4627	1.35022
4628	1.35028
4629	1.35034
4630	1.35041
4631	1.35047
4632	1.35053
4633	1.35059
4634	1.35066
4635	1.35072
4636	1.35078
4637	1.35084
4638	1.35091
4639	1.35097
4640	1.35103
4641	1.35109
4642	1.35115
4643	1.35121
4644	1.35127
4645	1.35133
4646	1.35139
4647	1.35144
4648	1.3515
4649	1.35156
4650	1.35161
4651	1.35167
4652	1.35172
4653	1.35177
4654	1.35182
4655	1.35187
4656	1.35192
4657	1.35197
4658	1.35201
4659	1.35206
4660	1.3521
4661	1.35215
4662	1.35219
4663	1.35223
4664	1.35227
4665	1.3523
4666	1.35234
4667	1.35238
4668	1.35241
4669	1.35245
4670	1.35248
4671	1.35251
4672	1.35254
4673	1.35257
4674	1.35259
4675	1.35262
4676	1.35264
4677	1.35267
4678	1.35269
4679	1.35271
4680	1.35273
4681	1.35275
4682	1.35277
4683	1.35278
4684	1.3528
4685	1.35281
4686	1.35283
4687	1.35284
4688	1.35285
4689	1.35286
4690	1.35287
4691	1.35287
4692	1.35288
4693	1.35288
4694	1.35289
4695	1.35289
4696	1.35289
4697	1.3529
4698	1.3529
4699	1.35289
4700	1.35289
4701	1.35289
4702	1.35289
4703	1.35288
4704	1.35288
4705	1.35287
4706	1.35286
4707	1.35286
4708	1.35285
4709	1.35284
4710	1.35283
4711	1.35282
4712	1.3528
4713	1.35279
4714	1.35278
4715	1.35276
4716	1.35275
4717	1.35274
4718	1.35272
4719	1.3527
4720	1.35269
4721	1.35267
4722	1.35265
4723	1.35263
4724	1.35261
4725	1.35259
4726	1.35257
4727	1.35255
4728	1.35253
4729	1.35251
4730	1.35249
4731	1.35246
4732	1.35244
4733	1.35242
4734	1.35239
4735	1.35237
4736	1.35235
4737	1.35232
4738	1.3523
4739	1.35227
4740	1.35225
4741	1.35222
4742	1.3522
4743	1.35217
4744	1.35214
4745	1.35212
4746	1.35209
4747	1.35207
4748	1.35204
4749	1.35201
4750	1.35199
4751	1.35196
4752	1.35193
4753	1.35191
4754	1.35188
4755	1.35185
4756	1.35183
4757	1.3518
4758	1.35177
4759	1.35175
4760	1.35172
4761	1.35169
4762	1.35166
4763	1.35164
4764	1.35161
4765	1.35158
4766	1.35156
4767	1.35153
4768	1.3515
4769	1.35148
4770	1.35145
4771	1.35143
4772	1.3514
4773	1.35137
4774	1.35135
4775	1.35132
4776	1.3513
4777	1.35127
4778	1.35124
4779	1.35122
4780	1.35119
4781	1.35117
4782	1.35114
4783	1.35112
4784	1.35109
4785	1.35107
4786	1.35104
4787	1.35102
4788	1.35099
4789	1.35097
4790	1.35094
4791	1.35092
4792	1.35089
4793	1.35087
4794	1.35084
4795	1.35082
4796	1.35079
4797	1.35077
4798	1.35074
4799	1.35072
4800	1.3507
4801	1.35067
4802	1.35065
4803	1.35062
4804	1.3506
4805	1.35057
4806	1.35055
4807	1.35052
4808	1.3505
4809	1.35047
4810	1.35045
4811	1.35042
4812	1.3504
4813	1.35037
4814	1.35035
4815	1.35032
4816	1.3503
4817	1.35027
4818	1.35025
4819	1.35022
4820	1.3502
4821	1.35017
4822	1.35015
4823	1.35012
4824	1.35009
4825	1.35007
4826	1.35004
4827	1.35002
4828	1.34999
4829	1.34996
4830	1.34994
4831	1.34991
4832	1.34988
4833	1.34985
4834	1.34983
4835	1.3498
4836	1.34977
4837	1.34974
4838	1.34971
4839	1.34969
4840	1.34966
4841	1.34963
4842	1.3496
4843	1.34957
4844	1.34954
4845	1.34951
4846	1.34948
4847	1.34945
4848	1.34942
4849	1.34939
4850	1.34936
4851	1.34933
4852	1.3493
4853	1.34927
4854	1.34924
4855	1.34921
4856	1.34918
4857	1.34915
4858	1.34912
4859	1.34908
4860	1.34905
4861	1.34902
4862	1.34899
4863	1.34896
4864	1.34892
4865	1.34889
4866	1.34886
4867	1.34882
4868	1.34879
4869	1.34876
4870	1.34872
4871	1.34869
4872	1.34866
4873	1.34862
4874	1.34859
4875	1.34855
4876	1.34852
4877	1.34848
4878	1.34845
4879	1.34841
4880	1.34838
4881	1.34834
4882	1.3483
4883	1.34827
4884	1.34823
4885	1.3482
4886	1.34816
4887	1.34812
4888	1.34809
4889	1.34805
4890	1.34801
4891	1.34797
4892	1.34794
4893	1.3479
4894	1.34786
4895	1.34782
4896	1.34779
4897	1.34775
4898	1.34771
4899	1.34767
4900	1.34763
4901	1.34759
4902	1.34755
4903	1.34752
4904	1.34748
4905	1.34744
4906	1.3474
4907	1.34736
4908	1.34732
4909	1.34728
4910	1.34724
4911	1.3472
4912	1.34716
4913	1.34712
4914	1.34708
4915	1.34704
4916	1.347
4917	1.34695
4918	1.34691
4919	1.34687
4920	1.34683
4921	1.34679
4922	1.34675
4923	1.34671
4924	1.34667
4925	1.34662
4926	1.34658
4927	1.34654
4928	1.3465
4929	1.34646
4930	1.34642
4931	1.34637
4932	1.34633
4933	1.34629
4934	1.34625
4935	1.34621
4936	1.34616
4937	1.34612
4938	1.34608
4939	1.34604
4940	1.346
4941	1.34596
4942	1.34591
4943	1.34587
4944	1.34583
4945	1.34579
4946	1.34575
4947	1.3457
4948	1.34566
4949	1.34562
4950	1.34558
4951	1.34554
4952	1.3455
4953	1.34545
4954	1.34541
4955	1.34537
4956	1.34533
4957	1.34529
4958	1.34525
4959	1.34521
4960	1.34517
4961	1.34513
4962	1.34509
4963	1.34505
4964	1.34501
4965	1.34497
4966	1.34493
4967	1.34489
4968	1.34485
4969	1.34481
4970	1.34477
4971	1.34473
4972	1.34469
4973	1.34465
4974	1.34462
4975	1.34458
4976	1.34454
4977	1.3445
4978	1.34446
4979	1.34443
4980	1.34439
4981	1.34435
4982	1.34432
4983	1.34428
4984	1.34424
4985	1.34421
4986	1.34417
4987	1.34414
4988	1.3441
4989	1.34407
4990	1.34403
4991	1.344
4992	1.34397
4993	1.34393
4994	1.3439
4995	1.34387
4996	1.34383
4997	1.3438
4998	1.34377
4999	1.34374
5000	1.34371
5001	1.34368
5002	1.34365
5003	1.34362
5004	1.34359
5005	1.34356
5006	1.34353
5007	1.3435
5008	1.34347
5009	1.34344
5010	1.34342
5011	1.34339
5012	1.34336
5013	1.34333
5014	1.34331
5015	1.34328
5016	1.34326
5017	1.34323
5018	1.34321
5019	1.34318
5020	1.34316
5021	1.34314
5022	1.34311
5023	1.34309
5024	1.34307
5025	1.34305
5026	1.34302
5027	1.343
5028	1.34298
5029	1.34296
5030	1.34294
5031	1.34292
5032	1.3429
5033	1.34288
5034	1.34287
5035	1.34285
5036	1.34283
5037	1.34281
5038	1.3428
5039	1.34278
5040	1.34276
5041	1.34275
5042	1.34273
5043	1.34272
5044	1.3427
5045	1.34269
5046	1.34268
5047	1.34266
5048	1.34265
5049	1.34264
5050	1.34263
5051	1.34261
5052	1.3426
5053	1.34259
5054	1.34258
5055	1.34257
5056	1.34256
5057	1.34255
5058	1.34254
5059	1.34253
5060	1.34253
5061	1.34252
5062	1.34251
5063	1.3425
5064	1.3425
5065	1.34249
5066	1.34248
5067	1.34248
5068	1.34247
5069	1.34247
5070	1.34246
5071	1.34246
5072	1.34245
5073	1.34245
5074	1.34245
5075	1.34244
5076	1.34244
5077	1.34244
5078	1.34244
5079	1.34244
5080	1.34243
5081	1.34243
5082	1.34243
5083	1.34243
5084	1.34243
5085	1.34243
5086	1.34243
5087	1.34243
5088	1.34244
5089	1.34244
5090	1.34244
5091	1.34244
5092	1.34244
5093	1.34245
5094	1.34245
5095	1.34245
5096	1.34246
5097	1.34246
5098	1.34247
5099	1.34247
5100	1.34247
5101	1.34248
5102	1.34249
5103	1.34249
5104	1.3425
5105	1.3425
5106	1.34251
5107	1.34252
5108	1.34252
5109	1.34253
5110	1.34254
5111	1.34255
5112	1.34256
5113	1.34257
5114	1.34257
5115	1.34258
5116	1.34259
5117	1.3426
5118	1.34261
5119	1.34262
5120	1.34263
5121	1.34264
5122	1.34266
5123	1.34267
5124	1.34268
5125	1.34269
5126	1.3427
5127	1.34272
5128	1.34273
5129	1.34274
5130	1.34275
5131	1.34277
5132	1.34278
5133	1.3428
5134	1.34281
5135	1.34282
5136	1.34284
5137	1.34285
5138	1.34287
5139	1.34289
5140	1.3429
5141	1.34292
5142	1.34293
5143	1.34295
5144	1.34297
5145	1.34298
5146	1.343
5147	1.34302
5148	1.34304
5149	1.34305
5150	1.34307
5151	1.34309
5152	1.34311
5153	1.34313
5154	1.34315
5155	1.34317
5156	1.34319
5157	1.34321
5158	1.34323
5159	1.34325
5160	1.34327
5161	1.34329
5162	1.34331
5163	1.34333
5164	1.34336
5165	1.34338
5166	1.3434
5167	1.34342
5168	1.34345
5169	1.34347
5170	1.34349
5171	1.34352
5172	1.34354
5173	1.34356
5174	1.34359
5175	1.34361
5176	1.34364
5177	1.34366
5178	1.34369
5179	1.34372
5180	1.34374
5181	1.34377
5182	1.34379
5183	1.34382
5184	1.34385
5185	1.34388
5186	1.3439
5187	1.34393
5188	1.34396
5189	1.34399
5190	1.34402
5191	1.34405
5192	1.34407
5193	1.3441
5194	1.34413
5195	1.34416
5196	1.34419
5197	1.34422
5198	1.34425
5199	1.34429
5200	1.34432
5201	1.34435
5202	1.34438
5203	1.34441
5204	1.34444
5205	1.34448
5206	1.34451
5207	1.34454
5208	1.34457
5209	1.34461
5210	1.34464
5211	1.34467
5212	1.34471
5213	1.34474
5214	1.34477
5215	1.34481
5216	1.34484
5217	1.34488
5218	1.34491
5219	1.34495
5220	1.34498
5221	1.34502
5222	1.34505
5223	1.34509
5224	1.34512
5225	1.34516
5226	1.3452
5227	1.34523
5228	1.34527
5229	1.34531
5230	1.34534
5231	1.34538
5232	1.34542
5233	1.34545
5234	1.34549
5235	1.34553
5236	1.34557
5237	1.3456
5238	1.34564
5239	1.34568
5240	1.34572
5241	1.34575
5242	1.34579
5243	1.34583
5244	1.34587
5245	1.34591
5246	1.34594
5247	1.34598
5248	1.34602
5249	1.34606
5250	1.3461
5251	1.34614
5252	1.34618
5253	1.34622
5254	1.34625
5255	1.34629
5256	1.34633
5257	1.34637
5258	1.34641
5259	1.34645
5260	1.34649
5261	1.34653
5262	1.34657
5263	1.34661
5264	1.34665
5265	1.34669
5266	1.34673
5267	1.34677
5268	1.34681
5269	1.34685
5270	1.34689
5271	1.34693
5272	1.34697
5273	1.34701
5274	1.34705
5275	1.34709
5276	1.34713
5277	1.34717
5278	1.34721
5279	1.34725
5280	1.34729
5281	1.34733
5282	1.34737
5283	1.34741
5284	1.34745
5285	1.34749
5286	1.34753
5287	1.34757
5288	1.34762
5289	1.34766
5290	1.3477
5291	1.34774
5292	1.34778
5293	1.34782
5294	1.34786
5295	1.3479
5296	1.34794
5297	1.34798
5298	1.34802
5299	1.34807
5300	1.34811
5301	1.34815
5302	1.34819
5303	1.34823
5304	1.34827
5305	1.34831
5306	1.34835
5307	1.3484
5308	1.34844
5309	1.34848
5310	1.34852
5311	1.34856
5312	1.3486
5313	1.34864
5314	1.34868
5315	1.34873
5316	1.34877
5317	1.34881
5318	1.34885
5319	1.34889
5320	1.34893
5321	1.34897
5322	1.34901
5323	1.34906
5324	1.3491
5325	1.34914
5326	1.34918
5327	1.34922
5328	1.34926
5329	1.3493
5330	1.34934
5331	1.34938
5332	1.34943
5333	1.34947
5334	1.34951
5335	1.34955
5336	1.34959
5337	1.34963
5338	1.34967
5339	1.34971
5340	1.34975
5341	1.34979
5342	1.34983
5343	1.34987
5344	1.34992
5345	1.34996
5346	1.35
5347	1.35004
5348	1.35008
5349	1.35012
5350	1.35016
5351	1.3502
5352	1.35024
5353	1.35028
5354	1.35032
5355	1.35036
5356	1.3504
5357	1.35044
5358	1.35048
5359	1.35052
5360	1.35056
5361	1.3506
5362	1.35064
5363	1.35068
5364	1.35072
5365	1.35076
5366	1.3508
5367	1.35084
5368	1.35088
5369	1.35091
5370	1.35095
5371	1.35099
5372	1.35103
5373	1.35107
5374	1.35111
5375	1.35115
5376	1.35119
5377	1.35123
5378	1.35126
5379	1.3513
5380	1.35134
5381	1.35138
5382	1.35142
5383	1.35146
5384	1.35149
5385	1.35153
5386	1.35157
5387	1.35161
5388	1.35165
5389	1.35168
5390	1.35172
5391	1.35176
5392	1.35179
5393	1.35183
5394	1.35187
5395	1.35191
5396	1.35194
5397	1.35198
5398	1.35202
5399	1.35205
5400	1.35209
5401	1.35213
5402	1.35216
5403	1.3522
5404	1.35223
5405	1.35227
5406	1.3523
5407	1.35234
5408	1.35238
5409	1.35241
5410	1.35245
5411	1.35248
5412	1.35252
5413	1.35255
5414	1.35258
5415	1.35262
5416	1.35265
5417	1.35269
5418	1.35272
5419	1.35276
5420	1.35279
5421	1.35282
5422	1.35286
5423	1.35289
5424	1.35292
5425	1.35295
5426	1.35299
5427	1.35302
5428	1.35305
5429	1.35308
5430	1.35312
5431	1.35315
5432	1.35318
5433	1.35321
5434	1.35324
5435	1.35328
5436	1.35331
5437	1.35334
5438	1.35337
5439	1.3534
5440	1.35343
5441	1.35346
5442	1.35349
5443	1.35352
5444	1.35355
5445	1.35358
5446	1.35361
5447	1.35364
5448	1.35367
5449	1.3537
5450	1.35372
5451	1.35375
5452	1.35378
5453	1.35381
5454	1.35384
5455	1.35387
5456	1.35389
5457	1.35392
5458	1.35395
5459	1.35398
5460	1.354
5461	1.35403
5462	1.35406
5463	1.35408
5464	1.35411
5465	1.35414
5466	1.35416
5467	1.35419
5468	1.35421
5469	1.35424
5470	1.35426
5471	1.35429
5472	1.35431
5473	1.35434
5474	1.35436
5475	1.35439
5476	1.35441
5477	1.35444
5478	1.35446
5479	1.35449
5480	1.35451
5481	1.35453
5482	1.35456
5483	1.35458
5484	1.3546
5485	1.35462
5486	1.35465
5487	1.35467
5488	1.35469
5489	1.35471
5490	1.35474
5491	1.35476
5492	1.35478
5493	1.3548
5494	1.35482
5495	1.35484
5496	1.35486
5497	1.35488
5498	1.35491
5499	1.35493
5500	1.35495
5501	1.35497
5502	1.35499
5503	1.35501
5504	1.35503
5505	1.35504
5506	1.35506
5507	1.35508
5508	1.3551
5509	1.35512
5510	1.35514
5511	1.35516
5512	1.35518
5513	1.35519
5514	1.35521
5515	1.35523
5516	1.35525
5517	1.35526
5518	1.35528
5519	1.3553
5520	1.35531
5521	1.35533
5522	1.35535
5523	1.35536
5524	1.35538
5525	1.35539
5526	1.35541
5527	1.35542
5528	1.35544
5529	1.35546
5530	1.35547
5531	1.35548
5532	1.3555
5533	1.35551
5534	1.35553
5535	1.35554
5536	1.35555
5537	1.35557
5538	1.35558
5539	1.35559
5540	1.35561
5541	1.35562
5542	1.35563
5543	1.35565
5544	1.35566
5545	1.35567
5546	1.35568
5547	1.35569
5548	1.3557
5549	1.35572
5550	1.35573
5551	1.35574
5552	1.35575
5553	1.35576
5554	1.35577
5555	1.35578
5556	1.35579
5557	1.3558
5558	1.35581
5559	1.35582
5560	1.35583
5561	1.35584
5562	1.35585
5563	1.35586
5564	1.35586
5565	1.35587
5566	1.35588
5567	1.35589
5568	1.3559
5569	1.3559
5570	1.35591
5571	1.35592
5572	1.35593
5573	1.35593
5574	1.35594
5575	1.35595
5576	1.35595
5577	1.35596
5578	1.35597
5579	1.35597
5580	1.35598
5581	1.35599
5582	1.35599
5583	1.356
5584	1.356
5585	1.35601
5586	1.35601
5587	1.35602
5588	1.35602
5589	1.35603
5590	1.35603
5591	1.35604
5592	1.35604
5593	1.35605
5594	1.35605
5595	1.35605
5596	1.35606
5597	1.35606
5598	1.35607
5599	1.35607
5600	1.35607
5601	1.35608
5602	1.35608
5603	1.35608
5604	1.35609
5605	1.35609
5606	1.35609
5607	1.35609
5608	1.3561
5609	1.3561
5610	1.3561
5611	1.35611
5612	1.35611
5613	1.35611
5614	1.35611
5615	1.35611
5616	1.35612
5617	1.35612
5618	1.35612
5619	1.35612
5620	1.35612
5621	1.35612
5622	1.35613
5623	1.35613
5624	1.35613
5625	1.35613
5626	1.35613
5627	1.35613
5628	1.35613
5629	1.35613
5630	1.35614
5631	1.35614
5632	1.35614
5633	1.35614
5634	1.35614
5635	1.35614
5636	1.35614
5637	1.35614
5638	1.35614
5639	1.35614
5640	1.35614
5641	1.35614
5642	1.35614
5643	1.35614
5644	1.35614
5645	1.35614
5646	1.35614
5647	1.35614
5648	1.35614
5649	1.35614
5650	1.35614
5651	1.35613
5652	1.35613
5653	1.35613
5654	1.35613
5655	1.35613
5656	1.35613
5657	1.35613
5658	1.35613
5659	1.35612
5660	1.35612
5661	1.35612
5662	1.35612
5663	1.35612
5664	1.35611
5665	1.35611
5666	1.35611
5667	1.35611
5668	1.3561
5669	1.3561
5670	1.3561
5671	1.3561
5672	1.35609
5673	1.35609
5674	1.35609
5675	1.35608
5676	1.35608
5677	1.35608
5678	1.35607
5679	1.35607
5680	1.35607
5681	1.35606
5682	1.35606
5683	1.35606
5684	1.35605
5685	1.35605
5686	1.35604
5687	1.35604
5688	1.35604
5689	1.35603
5690	1.35603
5691	1.35602
5692	1.35602
5693	1.35601
5694	1.35601
5695	1.356
5696	1.356
5697	1.35599
5698	1.35599
5699	1.35598
5700	1.35598
5701	1.35597
5702	1.35597
5703	1.35596
5704	1.35596
5705	1.35595
5706	1.35595
5707	1.35594
5708	1.35594
5709	1.35593
5710	1.35593
5711	1.35592
5712	1.35592
5713	1.35591
5714	1.3559
5715	1.3559
5716	1.35589
5717	1.35589
5718	1.35588
5719	1.35588
5720	1.35587
5721	1.35587
5722	1.35586
5723	1.35585
5724	1.35585
5725	1.35584
5726	1.35584
5727	1.35583
5728	1.35583
5729	1.35582
5730	1.35581
5731	1.35581
5732	1.3558
5733	1.3558
5734	1.35579
5735	1.35579
5736	1.35578
5737	1.35578
5738	1.35577
5739	1.35577
5740	1.35576
5741	1.35576
5742	1.35575
5743	1.35574
5744	1.35574
5745	1.35573
5746	1.35573
5747	1.35572
5748	1.35572
5749	1.35571
5750	1.35571
5751	1.3557
5752	1.3557
5753	1.35569
5754	1.35569
5755	1.35568
5756	1.35568
5757	1.35567
5758	1.35567
5759	1.35566
5760	1.35566
5761	1.35565
5762	1.35565
5763	1.35565
5764	1.35564
5765	1.35564
5766	1.35563
5767	1.35563
5768	1.35562
5769	1.35562
5770	1.35561
5771	1.35561
5772	1.35561
5773	1.3556
5774	1.3556
5775	1.35559
5776	1.35559
5777	1.35559
5778	1.35558
5779	1.35558
5780	1.35557
5781	1.35557
5782	1.35557
5783	1.35556
5784	1.35556
5785	1.35556
5786	1.35555
5787	1.35555
5788	1.35555
5789	1.35554
5790	1.35554
5791	1.35554
5792	1.35553
5793	1.35553
5794	1.35553
5795	1.35552
5796	1.35552
5797	1.35552
5798	1.35552
5799	1.35551
5800	1.35551
5801	1.35551
5802	1.35551
5803	1.3555
5804	1.3555
5805	1.3555
5806	1.3555
5807	1.35549
5808	1.35549
5809	1.35549
5810	1.35549
5811	1.35549
5812	1.35549
5813	1.35548
5814	1.35548
5815	1.35548
5816	1.35548
5817	1.35548
5818	1.35548
5819	1.35548
5820	1.35548
5821	1.35548
5822	1.35548
5823	1.35548
5824	1.35548
5825	1.35548
5826	1.35548
5827	1.35548
5828	1.35548
5829	1.35548
5830	1.35548
5831	1.35548
5832	1.35548
5833	1.35548
5834	1.35548
5835	1.35548
5836	1.35548
5837	1.35548
5838	1.35548
5839	1.35548
5840	1.35548
5841	1.35549
5842	1.35549
5843	1.35549
5844	1.35549
5845	1.35549
5846	1.3555
5847	1.3555
5848	1.3555
5849	1.3555
5850	1.3555
5851	1.35551
5852	1.35551
5853	1.35551
5854	1.35552
5855	1.35552
5856	1.35552
5857	1.35552
5858	1.35553
5859	1.35553
5860	1.35554
5861	1.35554
5862	1.35554
5863	1.35555
5864	1.35555
5865	1.35555
5866	1.35556
5867	1.35556
5868	1.35557
5869	1.35557
5870	1.35558
5871	1.35558
5872	1.35559
5873	1.35559
5874	1.3556
5875	1.3556
5876	1.35561
5877	1.35561
5878	1.35562
5879	1.35563
5880	1.35563
5881	1.35564
5882	1.35564
5883	1.35565
5884	1.35566
5885	1.35566
5886	1.35567
5887	1.35568
5888	1.35568
5889	1.35569
5890	1.3557
5891	1.35571
5892	1.35571
5893	1.35572
5894	1.35573
5895	1.35574
5896	1.35574
5897	1.35575
5898	1.35576
5899	1.35577
5900	1.35578
5901	1.35579
5902	1.35579
5903	1.3558
5904	1.35581
5905	1.35582
5906	1.35583
5907	1.35584
5908	1.35585
5909	1.35586
5910	1.35587
5911	1.35588
5912	1.35589
5913	1.3559
5914	1.35591
5915	1.35592
5916	1.35593
5917	1.35594
5918	1.35595
5919	1.35596
5920	1.35597
5921	1.35598
5922	1.35599
5923	1.356
5924	1.35601
5925	1.35602
5926	1.35604
5927	1.35605
5928	1.35606
5929	1.35607
5930	1.35608
5931	1.35609
5932	1.35611
5933	1.35612
5934	1.35613
5935	1.35614
5936	1.35616
5937	1.35617
5938	1.35618
5939	1.35619
5940	1.35621
5941	1.35622
5942	1.35623
5943	1.35624
5944	1.35626
5945	1.35627
5946	1.35628
5947	1.3563
5948	1.35631
5949	1.35632
5950	1.35634
5951	1.35635
5952	1.35637
5953	1.35638
5954	1.35639
5955	1.35641
5956	1.35642
5957	1.35644
5958	1.35645
5959	1.35646
5960	1.35648
5961	1.35649
5962	1.35651
5963	1.35652
5964	1.35654
5965	1.35655
5966	1.35657
5967	1.35658
5968	1.3566
5969	1.35661
5970	1.35663
5971	1.35664
5972	1.35666
5973	1.35667
5974	1.35669
5975	1.3567
5976	1.35672
5977	1.35673
5978	1.35675
5979	1.35677
5980	1.35678
5981	1.3568
5982	1.35681
5983	1.35683
5984	1.35685
5985	1.35686
5986	1.35688
5987	1.35689
5988	1.35691
5989	1.35693
5990	1.35694
5991	1.35696
5992	1.35698
5993	1.35699
5994	1.35701
5995	1.35703
5996	1.35704
5997	1.35706
5998	1.35708
5999	1.35709
6000	1.35711
6001	1.35713
6002	1.35714
6003	1.35716
6004	1.35718
6005	1.35719
6006	1.35721
6007	1.35723
6008	1.35725
6009	1.35726
6010	1.35728
6011	1.3573
6012	1.35731
6013	1.35733
6014	1.35735
6015	1.35737
6016	1.35738
6017	1.3574
6018	1.35742
6019	1.35743
6020	1.35745
6021	1.35747
6022	1.35749
6023	1.3575
6024	1.35752
6025	1.35754
6026	1.35756
6027	1.35757
6028	1.35759
6029	1.35761
6030	1.35763
6031	1.35764
6032	1.35766
6033	1.35768
6034	1.3577
6035	1.35771
6036	1.35773
6037	1.35775
6038	1.35776
6039	1.35778
6040	1.3578
6041	1.35782
6042	1.35783
6043	1.35785
6044	1.35787
6045	1.35789
6046	1.3579
6047	1.35792
6048	1.35794
6049	1.35795
6050	1.35797
6051	1.35799
6052	1.358
6053	1.35802
6054	1.35804
6055	1.35806
6056	1.35807
6057	1.35809
6058	1.35811
6059	1.35812
6060	1.35814
6061	1.35816
6062	1.35817
6063	1.35819
6064	1.35821
6065	1.35822
6066	1.35824
6067	1.35825
6068	1.35827
6069	1.35829
6070	1.3583
6071	1.35832
6072	1.35834
6073	1.35835
6074	1.35837
6075	1.35838
6076	1.3584
6077	1.35841
6078	1.35843
6079	1.35845
6080	1.35846
6081	1.35848
6082	1.35849
6083	1.35851
6084	1.35852
6085	1.35854
6086	1.35855
6087	1.35857
6088	1.35858
6089	1.3586
6090	1.35861
6091	1.35863
6092	1.35864
6093	1.35866
6094	1.35867
6095	1.35869
6096	1.3587
6097	1.35871
6098	1.35873
6099	1.35874
6100	1.35876
6101	1.35877
6102	1.35878
6103	1.3588
6104	1.35881
6105	1.35882
6106	1.35884
6107	1.35885
6108	1.35886
6109	1.35888
6110	1.35889
6111	1.3589
6112	1.35891
6113	1.35893
6114	1.35894
6115	1.35895
6116	1.35896
6117	1.35897
6118	1.35899
6119	1.359
6120	1.35901
6121	1.35902
6122	1.35903
6123	1.35904
6124	1.35905
6125	1.35906
6126	1.35908
6127	1.35909
6128	1.3591
6129	1.35911
6130	1.35912
6131	1.35913
6132	1.35914
6133	1.35915
6134	1.35915
6135	1.35916
6136	1.35917
6137	1.35918
6138	1.35919
6139	1.3592
6140	1.35921
6141	1.35921
6142	1.35922
6143	1.35923
6144	1.35924
6145	1.35924
6146	1.35925
6147	1.35926
6148	1.35926
6149	1.35927
6150	1.35928
6151	1.35928
6152	1.35929
6153	1.35929
6154	1.3593
6155	1.35931
6156	1.35931
6157	1.35931
6158	1.35932
6159	1.35932
6160	1.35933
6161	1.35933
6162	1.35933
6163	1.35934
6164	1.35934
6165	1.35934
6166	1.35935
6167	1.35935
6168	1.35935
6169	1.35935
6170	1.35936
6171	1.35936
6172	1.35936
6173	1.35936
6174	1.35936
6175	1.35936
6176	1.35936
6177	1.35936
6178	1.35936
6179	1.35936
6180	1.35936
6181	1.35936
6182	1.35936
6183	1.35936
6184	1.35936
6185	1.35936
6186	1.35935
6187	1.35935
6188	1.35935
6189	1.35935
6190	1.35934
6191	1.35934
6192	1.35934
6193	1.35934
6194	1.35933
6195	1.35933
6196	1.35932
6197	1.35932
6198	1.35932
6199	1.35931
6200	1.35931
6201	1.3593
6202	1.3593
6203	1.35929
6204	1.35929
6205	1.35928
6206	1.35928
6207	1.35927
6208	1.35926
6209	1.35926
6210	1.35925
6211	1.35924
6212	1.35924
6213	1.35923
6214	1.35922
6215	1.35921
6216	1.35921
6217	1.3592
6218	1.35919
6219	1.35918
6220	1.35917
6221	1.35916
6222	1.35916
6223	1.35915
6224	1.35914
6225	1.35913
6226	1.35912
6227	1.35911
6228	1.3591
6229	1.35909
6230	1.35908
6231	1.35907
6232	1.35906
6233	1.35904
6234	1.35903
6235	1.35902
6236	1.35901
6237	1.359
6238	1.35899
6239	1.35898
6240	1.35896
6241	1.35895
6242	1.35894
6243	1.35892
6244	1.35891
6245	1.3589
6246	1.35889
6247	1.35887
6248	1.35886
6249	1.35884
6250	1.35883
6251	1.35882
6252	1.3588
6253	1.35879
6254	1.35877
6255	1.35876
6256	1.35874
6257	1.35872
6258	1.35871
6259	1.35869
6260	1.35868
6261	1.35866
6262	1.35864
6263	1.35863
6264	1.35861
6265	1.35859
6266	1.35858
6267	1.35856
6268	1.35854
6269	1.35852
6270	1.3585
6271	1.35849
6272	1.35847
6273	1.35845
6274	1.35843
6275	1.35841
6276	1.35839
6277	1.35837
6278	1.35835
6279	1.35833
6280	1.35831
6281	1.35829
6282	1.35827
6283	1.35825
6284	1.35822
6285	1.3582
6286	1.35818
6287	1.35816
6288	1.35814
6289	1.35811
6290	1.35809
6291	1.35807
6292	1.35804
6293	1.35802
6294	1.35799
6295	1.35797
6296	1.35794
6297	1.35792
6298	1.35789
6299	1.35787
6300	1.35784
6301	1.35782
6302	1.35779
6303	1.35776
6304	1.35773
6305	1.35771
6306	1.35768
6307	1.35765
6308	1.35762
6309	1.35759
6310	1.35756
6311	1.35753
6312	1.3575
6313	1.35747
6314	1.35744
6315	1.35741
6316	1.35738
6317	1.35735
6318	1.35731
6319	1.35728
6320	1.35725
6321	1.35722
6322	1.35718
6323	1.35715
6324	1.35711
6325	1.35708
6326	1.35704
6327	1.35701
6328	1.35697
6329	1.35693
6330	1.3569
6331	1.35686
6332	1.35682
6333	1.35678
6334	1.35674
6335	1.3567
6336	1.35666
6337	1.35662
6338	1.35658
6339	1.35654
6340	1.3565
6341	1.35646
6342	1.35642
6343	1.35638
6344	1.35633
6345	1.35629
6346	1.35625
6347	1.3562
6348	1.35616
6349	1.35611
6350	1.35607
6351	1.35602
6352	1.35598
6353	1.35593
6354	1.35588
6355	1.35583
6356	1.35579
6357	1.35574
6358	1.35569
6359	1.35564
6360	1.35559
6361	1.35554
6362	1.35549
6363	1.35544
6364	1.35539
6365	1.35534
6366	1.35529
6367	1.35524
6368	1.35519
6369	1.35514
6370	1.35508
6371	1.35503
6372	1.35498
6373	1.35493
6374	1.35487
6375	1.35482
6376	1.35476
6377	1.35471
6378	1.35466
6379	1.3546
6380	1.35455
6381	1.35449
6382	1.35444
6383	1.35438
6384	1.35432
6385	1.35427
6386	1.35421
6387	1.35415
6388	1.3541
6389	1.35404
6390	1.35398
6391	1.35393
6392	1.35387
6393	1.35381
6394	1.35375
6395	1.3537
6396	1.35364
6397	1.35358
6398	1.35352
6399	1.35346
6400	1.3534
6401	1.35334
6402	1.35329
6403	1.35323
6404	1.35317
6405	1.35311
6406	1.35305
6407	1.35299
6408	1.35293
6409	1.35287
6410	1.35281
6411	1.35275
6412	1.35269
6413	1.35263
6414	1.35257
6415	1.35251
6416	1.35245
6417	1.35239
6418	1.35233
6419	1.35227
6420	1.35221
6421	1.35215
6422	1.35209
6423	1.35203
6424	1.35197
6425	1.35191
6426	1.35185
6427	1.35179
6428	1.35173
6429	1.35167
6430	1.35161
6431	1.35154
6432	1.35148
6433	1.35142
6434	1.35136
6435	1.3513
6436	1.35124
6437	1.35118
6438	1.35112
6439	1.35106
6440	1.351
6441	1.35094
6442	1.35088
6443	1.35081
6444	1.35075
6445	1.35069
6446	1.35063
6447	1.35057
6448	1.35051
6449	1.35045
6450	1.35039
6451	1.35032
6452	1.35026
6453	1.3502
6454	1.35014
6455	1.35008
6456	1.35002
6457	1.34996
6458	1.34989
6459	1.34983
6460	1.34977
6461	1.34971
6462	1.34965
6463	1.34959
6464	1.34952
6465	1.34946
6466	1.3494
6467	1.34934
6468	1.34928
6469	1.34921
6470	1.34915
6471	1.34909
6472	1.34903
6473	1.34897
6474	1.3489
6475	1.34884
6476	1.34878
6477	1.34872
6478	1.34865
6479	1.34859
6480	1.34853
6481	1.34847
6482	1.3484
6483	1.34834
6484	1.34828
6485	1.34821
6486	1.34815
6487	1.34809
6488	1.34802
6489	1.34796
6490	1.3479
6491	1.34783
6492	1.34777
6493	1.34771
6494	1.34764
6495	1.34758
6496	1.34752
6497	1.34745
6498	1.34739
6499	1.34733
6500	1.34726
6501	1.3472
6502	1.34713
6503	1.34707
6504	1.347
6505	1.34694
6506	1.34688
6507	1.34681
6508	1.34675
6509	1.34668
6510	1.34662
6511	1.34655
6512	1.34649
6513	1.34642
6514	1.34635
6515	1.34629
6516	1.34622
6517	1.34616
6518	1.34609
6519	1.34602
6520	1.34596
6521	1.34589
6522	1.34582
6523	1.34575
6524	1.34569
6525	1.34562
6526	1.34555
6527	1.34548
6528	1.34541
6529	1.34534
6530	1.34527
6531	1.3452
6532	1.34513
6533	1.34506
6534	1.34499
6535	1.34492
6536	1.34485
6537	1.34478
6538	1.34471
6539	1.34464
6540	1.34456
6541	1.34449
6542	1.34442
6543	1.34434
6544	1.34427
6545	1.34419
6546	1.34412
6547	1.34404
6548	1.34397
6549	1.34389
6550	1.34381
6551	1.34374
6552	1.34366
6553	1.34358
6554	1.3435
6555	1.34342
6556	1.34334
6557	1.34326
6558	1.34318
6559	1.3431
6560	1.34302
6561	1.34294
6562	1.34286
6563	1.34278
6564	1.34269
6565	1.34261
6566	1.34253
6567	1.34244
6568	1.34236
6569	1.34228
6570	1.34219
6571	1.34211
6572	1.34202
6573	1.34194
6574	1.34185
6575	1.34177
6576	1.34168
6577	1.3416
6578	1.34151
6579	1.34142
6580	1.34134
6581	1.34125
6582	1.34117
6583	1.34108
6584	1.34099
6585	1.34091
6586	1.34082
6587	1.34073
6588	1.34065
6589	1.34056
6590	1.34048
6591	1.34039
6592	1.34031
6593	1.34022
6594	1.34014
6595	1.34005
6596	1.33997
6597	1.33988
6598	1.3398
6599	1.33972
6600	1.33963
6601	1.33955
6602	1.33947
6603	1.33939
6604	1.33931
6605	1.33923
6606	1.33915
6607	1.33907
6608	1.33899
6609	1.33891
6610	1.33884
6611	1.33876
6612	1.33868
6613	1.33861
6614	1.33853
6615	1.33846
6616	1.33839
6617	1.33831
6618	1.33824
6619	1.33817
6620	1.3381
6621	1.33803
6622	1.33797
6623	1.3379
6624	1.33783
6625	1.33777
6626	1.3377
6627	1.33764
6628	1.33757
6629	1.33751
6630	1.33745
6631	1.33739
6632	1.33733
6633	1.33727
6634	1.33722
6635	1.33716
6636	1.3371
6637	1.33705
6638	1.33699
6639	1.33694
6640	1.33689
6641	1.33684
6642	1.33679
6643	1.33674
6644	1.33669
6645	1.33664
6646	1.33659
6647	1.33655
6648	1.3365
6649	1.33645
6650	1.33641
6651	1.33637
6652	1.33632
6653	1.33628
6654	1.33624
6655	1.3362
6656	1.33616
6657	1.33612
6658	1.33609
6659	1.33605
6660	1.33601
6661	1.33598
6662	1.33594
6663	1.3359
6664	1.33587
6665	1.33584
6666	1.3358
6667	1.33577
6668	1.33574
6669	1.33571
6670	1.33568
6671	1.33565
6672	1.33562
6673	1.33559
6674	1.33556
6675	1.33553
6676	1.3355
6677	1.33547
6678	1.33545
6679	1.33542
6680	1.33539
6681	1.33537
6682	1.33534
6683	1.33532
6684	1.33529
6685	1.33527
6686	1.33524
6687	1.33522
6688	1.33519
6689	1.33517
6690	1.33515
6691	1.33512
6692	1.3351
6693	1.33508
6694	1.33505
6695	1.33503
6696	1.33501
6697	1.33499
6698	1.33497
6699	1.33494
6700	1.33492
6701	1.3349
6702	1.33488
6703	1.33486
6704	1.33484
6705	1.33482
6706	1.3348
6707	1.33478
6708	1.33476
6709	1.33474
6710	1.33472
6711	1.3347
6712	1.33468
6713	1.33466
6714	1.33464
6715	1.33462
6716	1.3346
6717	1.33458
6718	1.33456
6719	1.33454
6720	1.33452
6721	1.3345
6722	1.33449
6723	1.33447
6724	1.33445
6725	1.33443
6726	1.33441
6727	1.33439
6728	1.33438
6729	1.33436
6730	1.33434
6731	1.33432
6732	1.3343
6733	1.33429
6734	1.33427
6735	1.33425
6736	1.33424
6737	1.33422
6738	1.3342
6739	1.33418
6740	1.33417
6741	1.33415
6742	1.33414
6743	1.33412
6744	1.3341
6745	1.33409
6746	1.33407
6747	1.33406
6748	1.33404
6749	1.33403
6750	1.33401
6751	1.334
6752	1.33398
6753	1.33397
6754	1.33396
6755	1.33394
6756	1.33393
6757	1.33392
6758	1.3339
6759	1.33389
6760	1.33388
6761	1.33387
6762	1.33386
6763	1.33384
6764	1.33383
6765	1.33382
6766	1.33381
6767	1.3338
6768	1.33379
6769	1.33378
6770	1.33377
6771	1.33376
6772	1.33375
6773	1.33375
6774	1.33374
6775	1.33373
6776	1.33372
6777	1.33372
6778	1.33371
6779	1.3337
6780	1.3337
6781	1.33369
6782	1.33369
6783	1.33368
6784	1.33368
6785	1.33367
6786	1.33367
6787	1.33367
6788	1.33366
6789	1.33366
6790	1.33366
6791	1.33366
6792	1.33366
6793	1.33366
6794	1.33366
6795	1.33366
6796	1.33366
6797	1.33366
6798	1.33366
6799	1.33366
6800	1.33366
6801	1.33367
6802	1.33367
6803	1.33367
6804	1.33368
6805	1.33368
6806	1.33368
6807	1.33369
6808	1.33369
6809	1.3337
6810	1.33371
6811	1.33371
6812	1.33372
6813	1.33373
6814	1.33373
6815	1.33374
6816	1.33375
6817	1.33376
6818	1.33377
6819	1.33378
6820	1.33379
6821	1.3338
6822	1.33381
6823	1.33382
6824	1.33384
6825	1.33385
6826	1.33386
6827	1.33387
6828	1.33389
6829	1.3339
6830	1.33392
6831	1.33393
6832	1.33394
6833	1.33396
6834	1.33398
6835	1.33399
6836	1.33401
6837	1.33403
6838	1.33404
6839	1.33406
6840	1.33408
6841	1.3341
6842	1.33411
6843	1.33413
6844	1.33415
6845	1.33417
6846	1.33419
6847	1.33421
6848	1.33423
6849	1.33425
6850	1.33428
6851	1.3343
6852	1.33432
6853	1.33434
6854	1.33436
6855	1.33439
6856	1.33441
6857	1.33443
6858	1.33446
6859	1.33448
6860	1.3345
6861	1.33453
6862	1.33455
6863	1.33458
6864	1.3346
6865	1.33463
6866	1.33466
6867	1.33468
6868	1.33471
6869	1.33473
6870	1.33476
6871	1.33479
6872	1.33482
6873	1.33484
6874	1.33487
6875	1.3349
6876	1.33493
6877	1.33496
6878	1.33498
6879	1.33501
6880	1.33504
6881	1.33507
6882	1.3351
6883	1.33513
6884	1.33516
6885	1.33519
6886	1.33522
6887	1.33525
6888	1.33528
6889	1.33531
6890	1.33534
6891	1.33538
6892	1.33541
6893	1.33544
6894	1.33547
6895	1.3355
6896	1.33553
6897	1.33557
6898	1.3356
6899	1.33563
6900	1.33566
6901	1.3357
6902	1.33573
6903	1.33576
6904	1.3358
6905	1.33583
6906	1.33586
6907	1.3359
6908	1.33593
6909	1.33597
6910	1.336
6911	1.33603
6912	1.33607
6913	1.3361
6914	1.33614
6915	1.33617
6916	1.33621
6917	1.33624
6918	1.33628
6919	1.33632
6920	1.33635
6921	1.33639
6922	1.33642
6923	1.33646
6924	1.3365
6925	1.33653
6926	1.33657
6927	1.33661
6928	1.33664
6929	1.33668
6930	1.33672
6931	1.33675
6932	1.33679
6933	1.33683
6934	1.33687
6935	1.3369
6936	1.33694
6937	1.33698
6938	1.33702
6939	1.33706
6940	1.33709
6941	1.33713
6942	1.33717
6943	1.33721
6944	1.33725
6945	1.33729
6946	1.33733
6947	1.33737
6948	1.33741
6949	1.33745
6950	1.33749
6951	1.33753
6952	1.33757
6953	1.33761
6954	1.33765
6955	1.33769
6956	1.33773
6957	1.33777
6958	1.33781
6959	1.33785
6960	1.33789
6961	1.33794
6962	1.33798
6963	1.33802
6964	1.33806
6965	1.3381
6966	1.33814
6967	1.33819
6968	1.33823
6969	1.33827
6970	1.33832
6971	1.33836
6972	1.3384
6973	1.33844
6974	1.33849
6975	1.33853
6976	1.33857
6977	1.33862
6978	1.33866
6979	1.33871
6980	1.33875
6981	1.3388
6982	1.33884
6983	1.33888
6984	1.33893
6985	1.33897
6986	1.33902
6987	1.33906
6988	1.33911
6989	1.33915
6990	1.3392
6991	1.33925
6992	1.33929
6993	1.33934
6994	1.33938
6995	1.33943
6996	1.33948
6997	1.33952
6998	1.33957
6999	1.33962
7000	1.33966
7001	1.33971
7002	1.33976
7003	1.3398
7004	1.33985
7005	1.3399
7006	1.33995
7007	1.33999
7008	1.34004
7009	1.34009
7010	1.34014
7011	1.34018
7012	1.34023
7013	1.34028
7014	1.34033
7015	1.34038
7016	1.34042
7017	1.34047
7018	1.34052
7019	1.34057
7020	1.34062
7021	1.34067
7022	1.34072
7023	1.34076
7024	1.34081
7025	1.34086
7026	1.34091
7027	1.34096
7028	1.34101
7029	1.34106
7030	1.34111
7031	1.34116
7032	1.3412
7033	1.34125
7034	1.3413
7035	1.34135
7036	1.3414
7037	1.34145
7038	1.3415
7039	1.34155
7040	1.3416
7041	1.34165
7042	1.3417
7043	1.34174
7044	1.34179
7045	1.34184
7046	1.34189
7047	1.34194
7048	1.34199
7049	1.34204
7050	1.34209
7051	1.34214
7052	1.34219
7053	1.34223
7054	1.34228
7055	1.34233
7056	1.34238
7057	1.34243
7058	1.34248
7059	1.34253
7060	1.34258
7061	1.34262
7062	1.34267
7063	1.34272
7064	1.34277
7065	1.34282
7066	1.34286
7067	1.34291
7068	1.34296
7069	1.34301
7070	1.34306
7071	1.3431
7072	1.34315
7073	1.3432
7074	1.34324
7075	1.34329
7076	1.34334
7077	1.34339
7078	1.34343
7079	1.34348
7080	1.34353
7081	1.34357
7082	1.34362
7083	1.34366
7084	1.34371
7085	1.34376
7086	1.3438
7087	1.34385
7088	1.34389
7089	1.34394
7090	1.34398
7091	1.34403
7092	1.34407
7093	1.34412
7094	1.34416
7095	1.34421
7096	1.34425
7097	1.3443
7098	1.34434
7099	1.34439
7100	1.34443
7101	1.34447
7102	1.34452
7103	1.34456
7104	1.3446
7105	1.34465
7106	1.34469
7107	1.34473
7108	1.34477
7109	1.34482
7110	1.34486
7111	1.3449
7112	1.34494
7113	1.34498
7114	1.34503
7115	1.34507
7116	1.34511
7117	1.34515
7118	1.34519
7119	1.34523
7120	1.34527
7121	1.34531
7122	1.34535
7123	1.34539
7124	1.34543
7125	1.34547
7126	1.34551
7127	1.34555
7128	1.34559
7129	1.34563
7130	1.34567
7131	1.3457
7132	1.34574
7133	1.34578
7134	1.34582
7135	1.34586
7136	1.34589
7137	1.34593
7138	1.34597
7139	1.346
7140	1.34604
7141	1.34608
7142	1.34611
7143	1.34615
7144	1.34619
7145	1.34622
7146	1.34626
7147	1.34629
7148	1.34633
7149	1.34636
7150	1.3464
7151	1.34643
7152	1.34647
7153	1.3465
7154	1.34653
7155	1.34657
7156	1.3466
7157	1.34663
7158	1.34667
7159	1.3467
7160	1.34673
7161	1.34677
7162	1.3468
7163	1.34683
7164	1.34686
7165	1.34689
7166	1.34692
7167	1.34696
7168	1.34699
7169	1.34702
7170	1.34705
7171	1.34708
7172	1.34711
7173	1.34714
7174	1.34717
7175	1.3472
7176	1.34723
7177	1.34726
7178	1.34728
7179	1.34731
7180	1.34734
7181	1.34737
7182	1.3474
7183	1.34742
7184	1.34745
7185	1.34748
7186	1.34751
7187	1.34753
7188	1.34756
7189	1.34759
7190	1.34761
7191	1.34764
7192	1.34766
7193	1.34769
7194	1.34771
7195	1.34774
7196	1.34776
7197	1.34779
7198	1.34781
7199	1.34783
7200	1.34786
7201	1.34788
7202	1.3479
7203	1.34793
7204	1.34795
7205	1.34797
7206	1.34799
7207	1.34802
7208	1.34804
7209	1.34806
7210	1.34808
7211	1.3481
7212	1.34812
7213	1.34814
7214	1.34816
7215	1.34818
7216	1.3482
7217	1.34822
7218	1.34824
7219	1.34826
7220	1.34827
7221	1.34829
7222	1.34831
7223	1.34833
7224	1.34834
7225	1.34836
7226	1.34838
7227	1.34839
7228	1.34841
7229	1.34843
7230	1.34844
7231	1.34846
7232	1.34847
7233	1.34849
7234	1.3485
7235	1.34852
7236	1.34853
7237	1.34854
7238	1.34856
7239	1.34857
7240	1.34858
7241	1.34859
7242	1.34861
7243	1.34862
7244	1.34863
7245	1.34864
7246	1.34865
7247	1.34866
7248	1.34867
7249	1.34868
7250	1.34869
7251	1.3487
7252	1.34871
7253	1.34872
7254	1.34873
7255	1.34874
7256	1.34875
7257	1.34875
7258	1.34876
7259	1.34877
7260	1.34878
7261	1.34878
7262	1.34879
7263	1.3488
7264	1.3488
7265	1.34881
7266	1.34881
7267	1.34882
7268	1.34882
7269	1.34883
7270	1.34883
7271	1.34883
7272	1.34884
7273	1.34884
7274	1.34885
7275	1.34885
7276	1.34885
7277	1.34885
7278	1.34886
7279	1.34886
7280	1.34886
7281	1.34886
7282	1.34886
7283	1.34886
7284	1.34886
7285	1.34886
7286	1.34886
7287	1.34886
7288	1.34886
7289	1.34886
7290	1.34886
7291	1.34886
7292	1.34886
7293	1.34886
7294	1.34885
7295	1.34885
7296	1.34885
7297	1.34885
7298	1.34884
7299	1.34884
7300	1.34884
7301	1.34883
7302	1.34883
7303	1.34882
7304	1.34882
7305	1.34881
7306	1.34881
7307	1.3488
7308	1.3488
7309	1.34879
7310	1.34879
7311	1.34878
7312	1.34878
7313	1.34877
7314	1.34876
7315	1.34876
7316	1.34875
7317	1.34874
7318	1.34873
7319	1.34873
7320	1.34872
7321	1.34871
7322	1.3487
7323	1.34869
7324	1.34868
7325	1.34867
7326	1.34866
7327	1.34866
7328	1.34865
7329	1.34864
7330	1.34863
7331	1.34861
7332	1.3486
7333	1.34859
7334	1.34858
7335	1.34857
7336	1.34856
7337	1.34855
7338	1.34854
7339	1.34852
7340	1.34851
7341	1.3485
7342	1.34849
7343	1.34848
7344	1.34846
7345	1.34845
7346	1.34844
7347	1.34842
7348	1.34841
7349	1.3484
7350	1.34838
7351	1.34837
7352	1.34835
7353	1.34834
7354	1.34832
7355	1.34831
7356	1.34829
7357	1.34828
7358	1.34826
7359	1.34825
7360	1.34823
7361	1.34822
7362	1.3482
7363	1.34818
7364	1.34817
7365	1.34815
7366	1.34813
7367	1.34812
7368	1.3481
7369	1.34808
7370	1.34806
7371	1.34805
7372	1.34803
7373	1.34801
7374	1.34799
7375	1.34797
7376	1.34796
7377	1.34794
7378	1.34792
7379	1.3479
7380	1.34788
7381	1.34786
7382	1.34784
7383	1.34782
7384	1.3478
7385	1.34778
7386	1.34776
7387	1.34774
7388	1.34772
7389	1.3477
7390	1.34768
7391	1.34766
7392	1.34764
7393	1.34762
7394	1.3476
7395	1.34758
7396	1.34756
7397	1.34753
7398	1.34751
7399	1.34749
7400	1.34747
7401	1.34745
7402	1.34742
7403	1.3474
7404	1.34738
7405	1.34736
7406	1.34733
7407	1.34731
7408	1.34729
7409	1.34727
7410	1.34724
7411	1.34722
7412	1.34719
7413	1.34717
7414	1.34715
7415	1.34712
7416	1.3471
7417	1.34708
7418	1.34705
7419	1.34703
7420	1.347
7421	1.34698
7422	1.34695
7423	1.34693
7424	1.3469
7425	1.34688
7426	1.34685
7427	1.34683
7428	1.3468
7429	1.34678
7430	1.34675
7431	1.34672
7432	1.3467
7433	1.34667
7434	1.34665
7435	1.34662
7436	1.34659
7437	1.34657
7438	1.34654
7439	1.34651
7440	1.34649
7441	1.34646
7442	1.34643
7443	1.3464
7444	1.34638
7445	1.34635
7446	1.34632
7447	1.34629
7448	1.34627
7449	1.34624
7450	1.34621
7451	1.34618
7452	1.34616
7453	1.34613
7454	1.3461
7455	1.34607
7456	1.34604
7457	1.34601
7458	1.34599
7459	1.34596
7460	1.34593
7461	1.3459
7462	1.34587
7463	1.34584
7464	1.34581
7465	1.34578
7466	1.34575
7467	1.34572
7468	1.34569
7469	1.34566
7470	1.34564
7471	1.34561
7472	1.34558
7473	1.34555
7474	1.34552
7475	1.34549
7476	1.34546
7477	1.34543
7478	1.3454
7479	1.34536
7480	1.34533
7481	1.3453
7482	1.34527
7483	1.34524
7484	1.34521
7485	1.34518
7486	1.34515
7487	1.34512
7488	1.34509
7489	1.34506
7490	1.34503
7491	1.345
7492	1.34497
7493	1.34493
7494	1.3449
7495	1.34487
7496	1.34484
7497	1.34481
7498	1.34478
7499	1.34475
7500	1.34471
7501	1.34468
7502	1.34465
7503	1.34462
7504	1.34459
7505	1.34456
7506	1.34453
7507	1.34449
7508	1.34446
7509	1.34443
7510	1.3444
7511	1.34437
7512	1.34433
7513	1.3443
7514	1.34427
7515	1.34424
7516	1.34421
7517	1.34418
7518	1.34414
7519	1.34411
7520	1.34408
7521	1.34405
7522	1.34402
7523	1.34398
7524	1.34395
7525	1.34392
7526	1.34389
7527	1.34386
7528	1.34382
7529	1.34379
7530	1.34376
7531	1.34373
7532	1.3437
7533	1.34366
7534	1.34363
7535	1.3436
7536	1.34357
7537	1.34354
7538	1.34351
7539	1.34347
7540	1.34344
7541	1.34341
7542	1.34338
7543	1.34335
7544	1.34331
7545	1.34328
7546	1.34325
7547	1.34322
7548	1.34319
7549	1.34316
7550	1.34313
7551	1.34309
7552	1.34306
7553	1.34303
7554	1.343
7555	1.34297
7556	1.34294
7557	1.34291
7558	1.34287
7559	1.34284
7560	1.34281
7561	1.34278
7562	1.34275
7563	1.34272
7564	1.34269
7565	1.34266
7566	1.34263
7567	1.3426
7568	1.34257
7569	1.34254
7570	1.34251
7571	1.34248
7572	1.34244
7573	1.34241
7574	1.34238
7575	1.34235
7576	1.34232
7577	1.34229
7578	1.34226
7579	1.34223
7580	1.3422
7581	1.34217
7582	1.34215
7583	1.34212
7584	1.34209
7585	1.34206
7586	1.34203
7587	1.342
7588	1.34197
7589	1.34194
7590	1.34191
7591	1.34188
7592	1.34185
7593	1.34182
7594	1.3418
7595	1.34177
7596	1.34174
7597	1.34171
7598	1.34168
7599	1.34165
7600	1.34163
7601	1.3416
7602	1.34157
7603	1.34154
7604	1.34151
7605	1.34149
7606	1.34146
7607	1.34143
7608	1.3414
7609	1.34138
7610	1.34135
7611	1.34132
7612	1.3413
7613	1.34127
7614	1.34124
7615	1.34122
7616	1.34119
7617	1.34116
7618	1.34114
7619	1.34111
7620	1.34108
7621	1.34106
7622	1.34103
7623	1.34101
7624	1.34098
7625	1.34095
7626	1.34093
7627	1.3409
7628	1.34088
7629	1.34085
7630	1.34083
7631	1.3408
7632	1.34078
7633	1.34075
7634	1.34073
7635	1.34071
7636	1.34068
7637	1.34066
7638	1.34063
7639	1.34061
7640	1.34059
7641	1.34056
7642	1.34054
7643	1.34051
7644	1.34049
7645	1.34047
7646	1.34045
7647	1.34042
7648	1.3404
7649	1.34038
7650	1.34035
7651	1.34033
7652	1.34031
7653	1.34029
7654	1.34027
7655	1.34024
7656	1.34022
7657	1.3402
7658	1.34018
7659	1.34016
7660	1.34014
7661	1.34012
7662	1.34009
7663	1.34007
7664	1.34005
7665	1.34003
7666	1.34001
7667	1.33999
7668	1.33997
7669	1.33995
7670	1.33993
7671	1.33991
7672	1.33989
7673	1.33987
7674	1.33985
7675	1.33983
7676	1.33982
7677	1.3398
7678	1.33978
7679	1.33976
7680	1.33974
7681	1.33972
7682	1.3397
7683	1.33969
7684	1.33967
7685	1.33965
7686	1.33963
7687	1.33961
7688	1.3396
7689	1.33958
7690	1.33956
7691	1.33955
7692	1.33953
7693	1.33951
7694	1.3395
7695	1.33948
7696	1.33946
7697	1.33945
7698	1.33943
7699	1.33942
7700	1.3394
7701	1.33938
7702	1.33937
7703	1.33935
7704	1.33934
7705	1.33932
7706	1.33931
7707	1.33929
7708	1.33928
7709	1.33927
7710	1.33925
7711	1.33924
7712	1.33922
7713	1.33921
7714	1.3392
7715	1.33918
7716	1.33917
7717	1.33916
7718	1.33914
7719	1.33913
7720	1.33912
7721	1.33911
7722	1.33909
7723	1.33908
7724	1.33907
7725	1.33906
7726	1.33905
7727	1.33903
7728	1.33902
7729	1.33901
7730	1.339
7731	1.33899
7732	1.33898
7733	1.33897
7734	1.33896
7735	1.33895
7736	1.33894
7737	1.33893
7738	1.33892
7739	1.33891
7740	1.3389
7741	1.33889
7742	1.33888
7743	1.33887
7744	1.33886
7745	1.33885
7746	1.33884
7747	1.33884
7748	1.33883
7749	1.33882
7750	1.33881
7751	1.3388
7752	1.3388
7753	1.33879
7754	1.33878
7755	1.33877
7756	1.33877
7757	1.33876
7758	1.33875
7759	1.33875
7760	1.33874
7761	1.33874
7762	1.33873
7763	1.33872
7764	1.33872
7765	1.33871
7766	1.33871
7767	1.3387
7768	1.3387
7769	1.33869
7770	1.33869
7771	1.33868
7772	1.33868
7773	1.33867
7774	1.33867
7775	1.33867
7776	1.33866
7777	1.33866
7778	1.33866
7779	1.33865
7780	1.33865
7781	1.33865
7782	1.33864
7783	1.33864
7784	1.33864
7785	1.33864
7786	1.33863
7787	1.33863
7788	1.33863
7789	1.33863
7790	1.33863
7791	1.33862
7792	1.33862
7793	1.33862
7794	1.33862
7795	1.33862
7796	1.33862
7797	1.33862
7798	1.33862
7799	1.33862
7800	1.33862
7801	1.33862
7802	1.33862
7803	1.33862
7804	1.33862
7805	1.33862
7806	1.33862
7807	1.33862
7808	1.33862
7809	1.33862
7810	1.33862
7811	1.33862
7812	1.33863
7813	1.33863
7814	1.33863
7815	1.33863
7816	1.33863
7817	1.33864
7818	1.33864
7819	1.33864
7820	1.33864
7821	1.33865
7822	1.33865
7823	1.33865
7824	1.33865
7825	1.33866
7826	1.33866
7827	1.33866
7828	1.33867
7829	1.33867
7830	1.33868
7831	1.33868
7832	1.33868
7833	1.33869
7834	1.33869
7835	1.3387
7836	1.3387
7837	1.33871
7838	1.33871
7839	1.33872
7840	1.33872
7841	1.33873
7842	1.33873
7843	1.33874
7844	1.33874
7845	1.33875
7846	1.33875
7847	1.33876
7848	1.33877
7849	1.33877
7850	1.33878
7851	1.33878
7852	1.33879
7853	1.3388
7854	1.3388
7855	1.33881
7856	1.33882
7857	1.33882
7858	1.33883
7859	1.33884
7860	1.33885
7861	1.33885
7862	1.33886
7863	1.33887
7864	1.33888
7865	1.33888
7866	1.33889
7867	1.3389
7868	1.33891
7869	1.33892
7870	1.33893
7871	1.33893
7872	1.33894
7873	1.33895
7874	1.33896
7875	1.33897
7876	1.33898
7877	1.33899
7878	1.339
7879	1.339
7880	1.33901
7881	1.33902
7882	1.33903
7883	1.33904
7884	1.33905
7885	1.33906
7886	1.33907
7887	1.33908
7888	1.33909
7889	1.3391
7890	1.33911
7891	1.33912
7892	1.33913
7893	1.33914
7894	1.33915
7895	1.33916
7896	1.33918
7897	1.33919
7898	1.3392
7899	1.33921
7900	1.33922
7901	1.33923
7902	1.33924
7903	1.33925
7904	1.33926
7905	1.33928
7906	1.33929
7907	1.3393
7908	1.33931
7909	1.33932
7910	1.33933
7911	1.33935
7912	1.33936
7913	1.33937
7914	1.33938
7915	1.33939
7916	1.33941
7917	1.33942
7918	1.33943
7919	1.33944
7920	1.33946
7921	1.33947
7922	1.33948
7923	1.33949
7924	1.33951
7925	1.33952
7926	1.33953
7927	1.33954
7928	1.33956
7929	1.33957
7930	1.33958
7931	1.33959
7932	1.33961
7933	1.33962
7934	1.33963
7935	1.33965
7936	1.33966
7937	1.33967
7938	1.33969
7939	1.3397
7940	1.33971
7941	1.33972
7942	1.33974
7943	1.33975
7944	1.33976
7945	1.33978
7946	1.33979
7947	1.3398
7948	1.33982
7949	1.33983
7950	1.33984
7951	1.33986
7952	1.33987
7953	1.33988
7954	1.3399
7955	1.33991
7956	1.33992
7957	1.33994
7958	1.33995
7959	1.33996
7960	1.33998
7961	1.33999
7962	1.34
7963	1.34002
7964	1.34003
7965	1.34004
7966	1.34006
7967	1.34007
7968	1.34008
7969	1.3401
7970	1.34011
7971	1.34012
7972	1.34014
7973	1.34015
7974	1.34016
7975	1.34018
7976	1.34019
7977	1.3402
7978	1.34022
7979	1.34023
7980	1.34024
7981	1.34026
7982	1.34027
7983	1.34028
7984	1.34029
7985	1.34031
7986	1.34032
7987	1.34033
7988	1.34035
7989	1.34036
7990	1.34037
7991	1.34039
7992	1.3404
7993	1.34041
7994	1.34042
7995	1.34044
7996	1.34045
7997	1.34046
7998	1.34048
7999	1.34049
8000	1.3405
8001	1.34051
8002	1.34053
8003	1.34054
8004	1.34055
8005	1.34057
8006	1.34058
8007	1.34059
8008	1.3406
8009	1.34062
8010	1.34063
8011	1.34064
8012	1.34065
8013	1.34067
8014	1.34068
8015	1.34069
8016	1.3407
8017	1.34072
8018	1.34073
8019	1.34074
8020	1.34075
8021	1.34077
8022	1.34078
8023	1.34079
8024	1.3408
8025	1.34082
8026	1.34083
8027	1.34084
8028	1.34085
8029	1.34087
8030	1.34088
8031	1.34089
8032	1.3409
8033	1.34092
8034	1.34093
8035	1.34094
8036	1.34095
8037	1.34096
8038	1.34098
8039	1.34099
8040	1.341
8041	1.34101
8042	1.34103
8043	1.34104
8044	1.34105
8045	1.34106
8046	1.34107
8047	1.34109
8048	1.3411
8049	1.34111
8050	1.34112
8051	1.34114
8052	1.34115
8053	1.34116
8054	1.34117
8055	1.34118
8056	1.3412
8057	1.34121
8058	1.34122
8059	1.34123
8060	1.34124
8061	1.34126
8062	1.34127
8063	1.34128
8064	1.34129
8065	1.3413
8066	1.34132
8067	1.34133
8068	1.34134
8069	1.34135
8070	1.34136
8071	1.34137
8072	1.34139
8073	1.3414
8074	1.34141
8075	1.34142
8076	1.34143
8077	1.34145
8078	1.34146
8079	1.34147
8080	1.34148
8081	1.34149
8082	1.34151
8083	1.34152
8084	1.34153
8085	1.34154
8086	1.34155
8087	1.34156
8088	1.34158
8089	1.34159
8090	1.3416
8091	1.34161
8092	1.34162
8093	1.34164
8094	1.34165
8095	1.34166
8096	1.34167
8097	1.34168
8098	1.34169
8099	1.34171
8100	1.34172
8101	1.34173
8102	1.34174
8103	1.34175
8104	1.34177
8105	1.34178
8106	1.34179
8107	1.3418
8108	1.34181
8109	1.34182
8110	1.34184
8111	1.34185
8112	1.34186
8113	1.34187
8114	1.34188
8115	1.34189
8116	1.34191
8117	1.34192
8118	1.34193
8119	1.34194
8120	1.34195
8121	1.34197
8122	1.34198
8123	1.34199
8124	1.342
8125	1.34201
8126	1.34202
8127	1.34204
8128	1.34205
8129	1.34206
8130	1.34207
8131	1.34208
8132	1.3421
8133	1.34211
8134	1.34212
8135	1.34213
8136	1.34214
8137	1.34216
8138	1.34217
8139	1.34218
8140	1.34219
8141	1.3422
8142	1.34222
8143	1.34223
8144	1.34224
8145	1.34225
8146	1.34226
8147	1.34228
8148	1.34229
8149	1.3423
8150	1.34231
8151	1.34232
8152	1.34234
8153	1.34235
8154	1.34236
8155	1.34237
8156	1.34238
8157	1.3424
8158	1.34241
8159	1.34242
8160	1.34243
8161	1.34245
8162	1.34246
8163	1.34247
8164	1.34248
8165	1.34249
8166	1.34251
8167	1.34252
8168	1.34253
8169	1.34254
8170	1.34256
8171	1.34257
8172	1.34258
8173	1.3426
8174	1.34261
8175	1.34262
8176	1.34263
8177	1.34265
8178	1.34266
8179	1.34267
8180	1.34268
8181	1.3427
8182	1.34271
8183	1.34272
8184	1.34274
8185	1.34275
8186	1.34276
8187	1.34278
8188	1.34279
8189	1.3428
8190	1.34282
8191	1.34283
8192	1.34284
8193	1.34286
8194	1.34287
8195	1.34288
8196	1.3429
8197	1.34291
8198	1.34293
8199	1.34294
8200	1.34295
8201	1.34297
8202	1.34298
8203	1.343
8204	1.34301
8205	1.34302
8206	1.34304
8207	1.34305
8208	1.34307
8209	1.34308
8210	1.3431
8211	1.34311
8212	1.34313
8213	1.34314
8214	1.34316
8215	1.34317
8216	1.34319
8217	1.3432
8218	1.34322
8219	1.34323
8220	1.34325
8221	1.34326
8222	1.34328
8223	1.34329
8224	1.34331
8225	1.34333
8226	1.34334
8227	1.34336
8228	1.34337
8229	1.34339
8230	1.34341
8231	1.34342
8232	1.34344
8233	1.34346
8234	1.34347
8235	1.34349
8236	1.34351
8237	1.34352
8238	1.34354
8239	1.34356
8240	1.34358
8241	1.34359
8242	1.34361
8243	1.34363
8244	1.34365
8245	1.34367
8246	1.34368
8247	1.3437
8248	1.34372
8249	1.34374
8250	1.34376
8251	1.34378
8252	1.34379
8253	1.34381
8254	1.34383
8255	1.34385
8256	1.34387
8257	1.34389
8258	1.34391
8259	1.34393
8260	1.34395
8261	1.34397
8262	1.34399
8263	1.34401
8264	1.34403
8265	1.34405
8266	1.34407
8267	1.34409
8268	1.34411
8269	1.34414
8270	1.34416
8271	1.34418
8272	1.3442
8273	1.34422
8274	1.34424
8275	1.34426
8276	1.34429
8277	1.34431
8278	1.34433
8279	1.34435
8280	1.34438
8281	1.3444
8282	1.34442
8283	1.34445
8284	1.34447
8285	1.34449
8286	1.34452
8287	1.34454
8288	1.34456
8289	1.34459
8290	1.34461
8291	1.34464
8292	1.34466
8293	1.34468
8294	1.34471
8295	1.34473
8296	1.34476
8297	1.34478
8298	1.34481
8299	1.34483
8300	1.34486
8301	1.34489
8302	1.34491
8303	1.34494
8304	1.34496
8305	1.34499
8306	1.34502
8307	1.34504
8308	1.34507
8309	1.3451
8310	1.34512
8311	1.34515
8312	1.34518
8313	1.34521
8314	1.34523
8315	1.34526
8316	1.34529
8317	1.34532
8318	1.34535
8319	1.34538
8320	1.3454
8321	1.34543
8322	1.34546
8323	1.34549
8324	1.34552
8325	1.34555
8326	1.34558
8327	1.34561
8328	1.34564
8329	1.34567
8330	1.3457
8331	1.34573
8332	1.34576
8333	1.34579
8334	1.34582
8335	1.34586
8336	1.34589
8337	1.34592
8338	1.34595
8339	1.34598
8340	1.34601
8341	1.34605
8342	1.34608
8343	1.34611
8344	1.34614
8345	1.34618
8346	1.34621
8347	1.34624
8348	1.34628
8349	1.34631
8350	1.34634
8351	1.34638
8352	1.34641
8353	1.34645
8354	1.34648
8355	1.34652
8356	1.34655
8357	1.34659
8358	1.34662
8359	1.34666
8360	1.34669
8361	1.34673
8362	1.34677
8363	1.3468
8364	1.34684
8365	1.34688
8366	1.34691
8367	1.34695
8368	1.34699
8369	1.34703
8370	1.34706
8371	1.3471
8372	1.34714
8373	1.34718
8374	1.34722
8375	1.34726
8376	1.3473
8377	1.34734
8378	1.34737
8379	1.34741
8380	1.34745
8381	1.34749
8382	1.34754
8383	1.34758
8384	1.34762
8385	1.34766
8386	1.3477
8387	1.34774
8388	1.34778
8389	1.34782
8390	1.34787
8391	1.34791
8392	1.34795
8393	1.34799
8394	1.34804
8395	1.34808
8396	1.34812
8397	1.34817
8398	1.34821
8399	1.34826
8400	1.3483
8401	1.34835
8402	1.34839
8403	1.34844
8404	1.34848
8405	1.34853
8406	1.34857
8407	1.34862
8408	1.34867
8409	1.34871
8410	1.34876
8411	1.34881
8412	1.34885
8413	1.3489
8414	1.34895
8415	1.349
8416	1.34905
8417	1.34909
8418	1.34914
8419	1.34919
8420	1.34924
8421	1.34929
8422	1.34934
8423	1.34939
8424	1.34944
8425	1.34949
8426	1.34954
8427	1.34959
8428	1.34965
8429	1.3497
8430	1.34975
8431	1.3498
8432	1.34985
8433	1.34991
8434	1.34996
8435	1.35001
8436	1.35006
8437	1.35012
8438	1.35017
8439	1.35022
8440	1.35028
8441	1.35033
8442	1.35039
8443	1.35044
8444	1.3505
8445	1.35055
8446	1.35061
8447	1.35066
8448	1.35072
8449	1.35078
8450	1.35083
8451	1.35089
8452	1.35095
8453	1.351
8454	1.35106
8455	1.35112
8456	1.35118
8457	1.35124
8458	1.35129
8459	1.35135
8460	1.35141
8461	1.35147
8462	1.35153
8463	1.35159
8464	1.35165
8465	1.35171
8466	1.35177
8467	1.35183
8468	1.35189
8469	1.35195
8470	1.35201
8471	1.35207
8472	1.35213
8473	1.3522
8474	1.35226
8475	1.35232
8476	1.35238
8477	1.35245
8478	1.35251
8479	1.35257
8480	1.35263
8481	1.3527
8482	1.35276
8483	1.35283
8484	1.35289
8485	1.35295
8486	1.35302
8487	1.35308
8488	1.35315
8489	1.35321
8490	1.35328
8491	1.35335
8492	1.35341
8493	1.35348
8494	1.35354
8495	1.35361
8496	1.35368
8497	1.35375
8498	1.35381
8499	1.35388
8500	1.35395
8501	1.35402
8502	1.35408
8503	1.35415
8504	1.35422
8505	1.35429
8506	1.35436
8507	1.35443
8508	1.3545
8509	1.35457
8510	1.35464
8511	1.35471
8512	1.35478
8513	1.35485
8514	1.35492
8515	1.355
8516	1.35507
8517	1.35514
8518	1.35521
8519	1.35528
8520	1.35536
8521	1.35543
8522	1.3555
8523	1.35558
8524	1.35565
8525	1.35573
8526	1.3558
8527	1.35587
8528	1.35595
8529	1.35602
8530	1.3561
8531	1.35618
8532	1.35625
8533	1.35633
8534	1.3564
8535	1.35648
8536	1.35656
8537	1.35664
8538	1.35671
8539	1.35679
8540	1.35687
8541	1.35695
8542	1.35703
8543	1.35711
8544	1.35719
8545	1.35727
8546	1.35735
8547	1.35743
8548	1.35751
8549	1.35759
8550	1.35767
8551	1.35775
8552	1.35783
8553	1.35791
8554	1.35799
8555	1.35808
8556	1.35816
8557	1.35824
8558	1.35833
8559	1.35841
8560	1.35849
8561	1.35858
8562	1.35866
8563	1.35874
8564	1.35883
8565	1.35891
8566	1.359
8567	1.35909
8568	1.35917
8569	1.35926
8570	1.35934
8571	1.35943
8572	1.35952
8573	1.3596
8574	1.35969
8575	1.35978
8576	1.35986
8577	1.35995
8578	1.36004
8579	1.36013
8580	1.36022
8581	1.36031
8582	1.36039
8583	1.36048
8584	1.36057
8585	1.36066
8586	1.36075
8587	1.36084
8588	1.36093
8589	1.36102
8590	1.36111
8591	1.3612
8592	1.36129
8593	1.36138
8594	1.36147
8595	1.36156
8596	1.36166
8597	1.36175
8598	1.36184
8599	1.36193
8600	1.36202
8601	1.36212
8602	1.36221
8603	1.3623
8604	1.36239
8605	1.36249
8606	1.36258
8607	1.36267
8608	1.36276
8609	1.36286
8610	1.36295
8611	1.36305
8612	1.36314
8613	1.36323
8614	1.36333
8615	1.36342
8616	1.36352
8617	1.36361
8618	1.36371
8619	1.3638
8620	1.3639
8621	1.36399
8622	1.36409
8623	1.36419
8624	1.36428
8625	1.36438
8626	1.36448
8627	1.36457
8628	1.36467
8629	1.36477
8630	1.36487
8631	1.36496
8632	1.36506
8633	1.36516
8634	1.36526
8635	1.36536
8636	1.36546
8637	1.36556
8638	1.36566
8639	1.36576
8640	1.36586
8641	1.36596
8642	1.36606
8643	1.36617
8644	1.36627
8645	1.36637
8646	1.36648
8647	1.36658
8648	1.36669
8649	1.36679
8650	1.3669
8651	1.367
8652	1.36711
8653	1.36722
8654	1.36732
8655	1.36743
8656	1.36754
8657	1.36765
8658	1.36776
8659	1.36787
8660	1.36798
8661	1.3681
8662	1.36821
8663	1.36832
8664	1.36844
8665	1.36855
8666	1.36867
8667	1.36878
8668	1.3689
8669	1.36902
8670	1.36913
8671	1.36925
8672	1.36937
8673	1.36949
8674	1.36961
8675	1.36974
8676	1.36986
8677	1.36998
8678	1.37011
8679	1.37023
8680	1.37036
8681	1.37048
8682	1.37061
8683	1.37074
8684	1.37087
8685	1.371
8686	1.37113
8687	1.37126
8688	1.37139
8689	1.37152
8690	1.37166
8691	1.37179
8692	1.37192
8693	1.37206
8694	1.37219
8695	1.37233
8696	1.37247
8697	1.3726
8698	1.37274
8699	1.37288
8700	1.37302
8701	1.37316
8702	1.3733
8703	1.37344
8704	1.37358
8705	1.37372
8706	1.37386
8707	1.374
8708	1.37414
8709	1.37428
8710	1.37443
8711	1.37457
8712	1.37471
8713	1.37485
8714	1.37499
8715	1.37514
8716	1.37528
8717	1.37542
8718	1.37556
8719	1.3757
8720	1.37585
8721	1.37599
8722	1.37613
8723	1.37627
8724	1.37641
8725	1.37655
8726	1.37668
8727	1.37682
8728	1.37696
8729	1.3771
8730	1.37723
8731	1.37737
8732	1.3775
8733	1.37763
8734	1.37777
8735	1.3779
8736	1.37803
8737	1.37816
8738	1.37829
8739	1.37841
8740	1.37854
8741	1.37866
8742	1.37879
8743	1.37891
8744	1.37903
8745	1.37915
8746	1.37926
8747	1.37938
8748	1.37949
8749	1.37961
8750	1.37972
8751	1.37983
8752	1.37993
8753	1.38004
8754	1.38014
8755	1.38024
8756	1.38034
8757	1.38044
8758	1.38054
8759	1.38063
8760	1.38072
8761	1.38081
8762	1.3809
8763	1.38099
8764	1.38107
8765	1.38115
8766	1.38123
8767	1.38131
8768	1.38139
8769	1.38146
8770	1.38153
8771	1.3816
8772	1.38167
8773	1.38173
8774	1.38179
8775	1.38185
8776	1.38191
8777	1.38197
8778	1.38202
8779	1.38207
8780	1.38212
8781	1.38217
8782	1.38221
8783	1.38226
8784	1.3823
8785	1.38234
8786	1.38237
8787	1.38241
8788	1.38244
8789	1.38247
8790	1.38249
8791	1.38252
8792	1.38254
8793	1.38256
8794	1.38258
8795	1.3826
8796	1.38262
8797	1.38263
8798	1.38264
8799	1.38265
8800	1.38266
8801	1.38267
8802	1.38267
8803	1.38267
8804	1.38267
8805	1.38267
8806	1.38267
8807	1.38266
8808	1.38266
8809	1.38265
8810	1.38264
8811	1.38263
8812	1.38262
8813	1.3826
8814	1.38259
8815	1.38257
8816	1.38255
8817	1.38253
8818	1.38251
8819	1.38249
8820	1.38247
8821	1.38244
8822	1.38241
8823	1.38239
8824	1.38236
8825	1.38233
8826	1.3823
8827	1.38227
8828	1.38224
8829	1.3822
8830	1.38217
8831	1.38213
8832	1.3821
8833	1.38206
8834	1.38202
8835	1.38198
8836	1.38195
8837	1.38191
8838	1.38187
8839	1.38183
8840	1.38178
8841	1.38174
8842	1.3817
8843	1.38166
8844	1.38161
8845	1.38157
8846	1.38153
8847	1.38148
8848	1.38144
8849	1.38139
8850	1.38135
8851	1.3813
8852	1.38126
8853	1.38121
8854	1.38116
8855	1.38112
8856	1.38107
8857	1.38103
8858	1.38098
8859	1.38093
8860	1.38089
8861	1.38084
8862	1.3808
8863	1.38075
8864	1.38071
8865	1.38066
8866	1.38062
8867	1.38057
8868	1.38053
8869	1.38048
8870	1.38044
8871	1.38039
8872	1.38035
8873	1.38031
8874	1.38027
8875	1.38022
8876	1.38018
8877	1.38014
8878	1.3801
8879	1.38006
8880	1.38002
8881	1.37998
8882	1.37994
8883	1.3799
8884	1.37987
8885	1.37983
8886	1.37979
8887	1.37976
8888	1.37972
8889	1.37969
8890	1.37965
8891	1.37962
8892	1.37959
8893	1.37956
8894	1.37953
8895	1.3795
8896	1.37947
8897	1.37944
8898	1.37941
8899	1.37938
8900	1.37935
8901	1.37933
8902	1.3793
8903	1.37928
8904	1.37925
8905	1.37923
8906	1.37921
8907	1.37919
8908	1.37917
8909	1.37915
8910	1.37913
8911	1.37911
8912	1.37909
8913	1.37908
8914	1.37906
8915	1.37904
8916	1.37903
8917	1.37902
8918	1.379
8919	1.37899
8920	1.37898
8921	1.37897
8922	1.37896
8923	1.37895
8924	1.37894
8925	1.37893
8926	1.37892
8927	1.37892
8928	1.37891
8929	1.37891
8930	1.3789
8931	1.3789
8932	1.3789
8933	1.37889
8934	1.37889
8935	1.37889
8936	1.37889
8937	1.37889
8938	1.37889
8939	1.37889
8940	1.37889
8941	1.3789
8942	1.3789
8943	1.3789
8944	1.37891
8945	1.37891
8946	1.37891
8947	1.37892
8948	1.37892
8949	1.37893
8950	1.37894
8951	1.37894
8952	1.37895
8953	1.37896
8954	1.37897
8955	1.37898
8956	1.37898
8957	1.37899
8958	1.379
8959	1.37901
8960	1.37902
8961	1.37903
8962	1.37904
8963	1.37905
8964	1.37906
8965	1.37907
8966	1.37908
8967	1.37909
8968	1.37911
8969	1.37912
8970	1.37913
8971	1.37914
8972	1.37915
8973	1.37916
8974	1.37917
8975	1.37918
8976	1.3792
8977	1.37921
8978	1.37922
8979	1.37923
8980	1.37924
8981	1.37925
8982	1.37926
8983	1.37927
8984	1.37928
8985	1.37929
8986	1.3793
8987	1.37931
8988	1.37932
8989	1.37933
8990	1.37934
8991	1.37935
8992	1.37936
8993	1.37937
8994	1.37937
8995	1.37938
8996	1.37939
8997	1.37939
8998	1.3794
8999	1.37941
9000	1.37941
9001	1.37942
9002	1.37942
9003	1.37943
9004	1.37943
9005	1.37943
9006	1.37944
9007	1.37944
9008	1.37944
9009	1.37944
9010	1.37944
9011	1.37944
9012	1.37944
9013	1.37944
9014	1.37944
9015	1.37944
9016	1.37943
9017	1.37943
9018	1.37943
9019	1.37942
9020	1.37942
9021	1.37941
9022	1.37941
9023	1.3794
9024	1.37939
9025	1.37938
9026	1.37937
9027	1.37936
9028	1.37935
9029	1.37934
9030	1.37933
9031	1.37932
9032	1.3793
9033	1.37929
9034	1.37927
9035	1.37926
9036	1.37924
9037	1.37923
9038	1.37921
9039	1.37919
9040	1.37917
9041	1.37915
9042	1.37913
9043	1.37911
9044	1.37909
9045	1.37906
9046	1.37904
9047	1.37902
9048	1.37899
9049	1.37897
9050	1.37894
9051	1.37891
9052	1.37888
9053	1.37885
9054	1.37883
9055	1.3788
9056	1.37876
9057	1.37873
9058	1.3787
9059	1.37867
9060	1.37863
9061	1.3786
9062	1.37856
9063	1.37853
9064	1.37849
9065	1.37845
9066	1.37842
9067	1.37838
9068	1.37834
9069	1.3783
9070	1.37826
9071	1.37822
9072	1.37818
9073	1.37813
9074	1.37809
9075	1.37805
9076	1.378
9077	1.37796
9078	1.37791
9079	1.37787
9080	1.37782
9081	1.37777
9082	1.37773
9083	1.37768
9084	1.37763
9085	1.37758
9086	1.37753
9087	1.37748
9088	1.37743
9089	1.37738
9090	1.37733
9091	1.37727
9092	1.37722
9093	1.37717
9094	1.37712
9095	1.37706
9096	1.37701
9097	1.37695
9098	1.3769
9099	1.37684
9100	1.37679
9101	1.37673
9102	1.37667
9103	1.37662
9104	1.37656
9105	1.3765
9106	1.37644
9107	1.37639
9108	1.37633
9109	1.37627
9110	1.37621
9111	1.37615
9112	1.37609
9113	1.37603
9114	1.37597
9115	1.37591
9116	1.37585
9117	1.37579
9118	1.37573
9119	1.37567
9120	1.37561
9121	1.37554
9122	1.37548
9123	1.37542
9124	1.37536
9125	1.3753
9126	1.37523
9127	1.37517
9128	1.37511
9129	1.37504
9130	1.37498
9131	1.37492
9132	1.37485
9133	1.37479
9134	1.37473
9135	1.37466
9136	1.3746
9137	1.37453
9138	1.37447
9139	1.37441
9140	1.37434
9141	1.37428
9142	1.37421
9143	1.37415
9144	1.37408
9145	1.37401
9146	1.37395
9147	1.37388
9148	1.37382
9149	1.37375
9150	1.37369
9151	1.37362
9152	1.37355
9153	1.37349
9154	1.37342
9155	1.37335
9156	1.37329
9157	1.37322
9158	1.37315
9159	1.37309
9160	1.37302
9161	1.37295
9162	1.37288
9163	1.37282
9164	1.37275
9165	1.37268
9166	1.37261
9167	1.37254
9168	1.37248
9169	1.37241
9170	1.37234
9171	1.37227
9172	1.3722
9173	1.37213
9174	1.37206
9175	1.37199
9176	1.37193
9177	1.37186
9178	1.37179
9179	1.37172
9180	1.37165
9181	1.37158
9182	1.37151
9183	1.37144
9184	1.37137
9185	1.3713
9186	1.37123
9187	1.37116
9188	1.37108
9189	1.37101
9190	1.37094
9191	1.37087
9192	1.3708
9193	1.37073
9194	1.37066
9195	1.37059
9196	1.37052
9197	1.37044
9198	1.37037
9199	1.3703
9200	1.37023
9201	1.37016
9202	1.37009
9203	1.37001
9204	1.36994
9205	1.36987
9206	1.3698
9207	1.36973
9208	1.36965
9209	1.36958
9210	1.36951
9211	1.36944
9212	1.36936
9213	1.36929
9214	1.36922
9215	1.36915
9216	1.36908
9217	1.369
9218	1.36893
9219	1.36886
9220	1.36879
9221	1.36872
9222	1.36864
9223	1.36857
9224	1.3685
9225	1.36843
9226	1.36836
9227	1.36829
9228	1.36821
9229	1.36814
9230	1.36807
9231	1.368
9232	1.36793
9233	1.36786
9234	1.36779
9235	1.36772
9236	1.36765
9237	1.36757
9238	1.3675
9239	1.36743
9240	1.36736
9241	1.36729
9242	1.36722
9243	1.36715
9244	1.36709
9245	1.36702
9246	1.36695
9247	1.36688
9248	1.36681
9249	1.36674
9250	1.36667
9251	1.3666
9252	1.36654
9253	1.36647
9254	1.3664
9255	1.36633
9256	1.36627
9257	1.3662
9258	1.36613
9259	1.36606
9260	1.366
9261	1.36593
9262	1.36587
9263	1.3658
9264	1.36573
9265	1.36567
9266	1.3656
9267	1.36554
9268	1.36547
9269	1.36541
9270	1.36535
9271	1.36528
9272	1.36522
9273	1.36515
9274	1.36509
9275	1.36503
9276	1.36496
9277	1.3649
9278	1.36484
9279	1.36478
9280	1.36472
9281	1.36465
9282	1.36459
9283	1.36453
9284	1.36447
9285	1.36441
9286	1.36435
9287	1.36429
9288	1.36423
9289	1.36417
9290	1.36411
9291	1.36405
9292	1.36399
9293	1.36393
9294	1.36387
9295	1.36381
9296	1.36375
9297	1.3637
9298	1.36364
9299	1.36358
9300	1.36352
9301	1.36347
9302	1.36341
9303	1.36335
9304	1.3633
9305	1.36324
9306	1.36318
9307	1.36313
9308	1.36307
9309	1.36302
9310	1.36296
9311	1.36291
9312	1.36285
9313	1.3628
9314	1.36275
9315	1.36269
9316	1.36264
9317	1.36258
9318	1.36253
9319	1.36248
9320	1.36243
9321	1.36237
9322	1.36232
9323	1.36227
9324	1.36222
9325	1.36217
9326	1.36211
9327	1.36206
9328	1.36201
9329	1.36196
9330	1.36191
9331	1.36186
9332	1.36181
9333	1.36176
9334	1.36171
9335	1.36166
9336	1.36161
9337	1.36157
9338	1.36152
9339	1.36147
9340	1.36142
9341	1.36137
9342	1.36133
9343	1.36128
9344	1.36123
9345	1.36119
9346	1.36114
9347	1.36109
9348	1.36105
9349	1.361
9350	1.36096
9351	1.36091
9352	1.36087
9353	1.36082
9354	1.36078
9355	1.36073
9356	1.36069
9357	1.36065
9358	1.3606
9359	1.36056
9360	1.36052
9361	1.36048
9362	1.36043
9363	1.36039
9364	1.36035
9365	1.36031
9366	1.36027
9367	1.36023
9368	1.36019
9369	1.36015
9370	1.36011
9371	1.36007
9372	1.36003
9373	1.35999
9374	1.35995
9375	1.35991
9376	1.35987
9377	1.35983
9378	1.35979
9379	1.35976
9380	1.35972
9381	1.35968
9382	1.35965
9383	1.35961
9384	1.35957
9385	1.35954
9386	1.3595
9387	1.35947
9388	1.35943
9389	1.3594
9390	1.35936
9391	1.35933
9392	1.35929
9393	1.35926
9394	1.35923
9395	1.35919
9396	1.35916
9397	1.35913
9398	1.35909
9399	1.35906
9400	1.35903
9401	1.359
9402	1.35897
9403	1.35894
9404	1.35891
9405	1.35888
9406	1.35885
9407	1.35882
9408	1.35879
9409	1.35876
9410	1.35873
9411	1.3587
9412	1.35867
9413	1.35864
9414	1.35861
9415	1.35859
9416	1.35856
9417	1.35853
9418	1.35851
9419	1.35848
9420	1.35845
9421	1.35843
9422	1.3584
9423	1.35837
9424	1.35835
9425	1.35832
9426	1.3583
9427	1.35828
9428	1.35825
9429	1.35823
9430	1.3582
9431	1.35818
9432	1.35816
9433	1.35813
9434	1.35811
9435	1.35809
9436	1.35807
9437	1.35804
9438	1.35802
9439	1.358
9440	1.35798
9441	1.35796
9442	1.35794
9443	1.35792
9444	1.3579
9445	1.35788
9446	1.35786
9447	1.35784
9448	1.35782
9449	1.3578
9450	1.35778
9451	1.35776
9452	1.35774
9453	1.35773
9454	1.35771
9455	1.35769
9456	1.35767
9457	1.35766
9458	1.35764
9459	1.35762
9460	1.35761
9461	1.35759
9462	1.35757
9463	1.35756
9464	1.35754
9465	1.35753
9466	1.35751
9467	1.3575
9468	1.35748
9469	1.35747
9470	1.35746
9471	1.35744
9472	1.35743
9473	1.35741
9474	1.3574
9475	1.35739
9476	1.35737
9477	1.35736
9478	1.35735
9479	1.35734
9480	1.35733
9481	1.35731
9482	1.3573
9483	1.35729
9484	1.35728
9485	1.35727
9486	1.35726
9487	1.35725
9488	1.35724
9489	1.35723
9490	1.35722
9491	1.35721
9492	1.3572
9493	1.35719
9494	1.35718
9495	1.35717
9496	1.35716
9497	1.35715
9498	1.35714
9499	1.35713
9500	1.35712
9501	1.35712
9502	1.35711
9503	1.3571
9504	1.35709
9505	1.35709
9506	1.35708
9507	1.35707
9508	1.35706
9509	1.35706
9510	1.35705
9511	1.35705
9512	1.35704
9513	1.35703
9514	1.35703
9515	1.35702
9516	1.35702
9517	1.35701
9518	1.357
9519	1.357
9520	1.35699
9521	1.35699
9522	1.35699
9523	1.35698
9524	1.35698
9525	1.35697
9526	1.35697
9527	1.35696
9528	1.35696
9529	1.35696
9530	1.35695
9531	1.35695
9532	1.35695
9533	1.35694
9534	1.35694
9535	1.35694
9536	1.35693
9537	1.35693
9538	1.35693
9539	1.35693
9540	1.35692
9541	1.35692
9542	1.35692
9543	1.35692
9544	1.35692
9545	1.35692
9546	1.35691
9547	1.35691
9548	1.35691
9549	1.35691
9550	1.35691
9551	1.35691
9552	1.35691
9553	1.35691
9554	1.35691
9555	1.35691
9556	1.35691
9557	1.35691
9558	1.35691
9559	1.35691
9560	1.35691
9561	1.35691
9562	1.35691
9563	1.35691
9564	1.35691
9565	1.35691
9566	1.35691
9567	1.35691
9568	1.35691
9569	1.35691
9570	1.35692
9571	1.35692
9572	1.35692
9573	1.35692
9574	1.35692
9575	1.35692
9576	1.35693
9577	1.35693
9578	1.35693
9579	1.35693
9580	1.35694
9581	1.35694
9582	1.35694
9583	1.35694
9584	1.35695
9585	1.35695
9586	1.35695
9587	1.35696
9588	1.35696
9589	1.35696
9590	1.35697
9591	1.35697
9592	1.35697
9593	1.35698
9594	1.35698
9595	1.35699
9596	1.35699
9597	1.357
9598	1.357
9599	1.357
9600	1.35701
9601	1.35701
9602	1.35702
9603	1.35702
9604	1.35703
9605	1.35703
9606	1.35704
9607	1.35704
9608	1.35705
9609	1.35705
9610	1.35706
9611	1.35707
9612	1.35707
9613	1.35708
9614	1.35708
9615	1.35709
9616	1.3571
9617	1.3571
9618	1.35711
9619	1.35711
9620	1.35712
9621	1.35713
9622	1.35713
9623	1.35714
9624	1.35715
9625	1.35715
9626	1.35716
9627	1.35717
9628	1.35718
9629	1.35718
9630	1.35719
9631	1.3572
9632	1.3572
9633	1.35721
9634	1.35722
9635	1.35723
9636	1.35724
9637	1.35724
9638	1.35725
9639	1.35726
9640	1.35727
9641	1.35727
9642	1.35728
9643	1.35729
9644	1.3573
9645	1.35731
9646	1.35732
9647	1.35732
9648	1.35733
9649	1.35734
9650	1.35735
9651	1.35736
9652	1.35737
9653	1.35738
9654	1.35738
9655	1.35739
9656	1.3574
9657	1.35741
9658	1.35742
9659	1.35743
9660	1.35744
9661	1.35745
9662	1.35746
9663	1.35747
9664	1.35747
9665	1.35748
9666	1.35749
9667	1.3575
9668	1.35751
9669	1.35752
9670	1.35753
9671	1.35754
9672	1.35755
9673	1.35756
9674	1.35757
9675	1.35758
9676	1.35759
9677	1.3576
9678	1.35761
9679	1.35761
9680	1.35762
9681	1.35763
9682	1.35764
9683	1.35765
9684	1.35766
9685	1.35767
9686	1.35768
9687	1.35769
9688	1.3577
9689	1.35771
9690	1.35772
9691	1.35773
9692	1.35774
9693	1.35775
9694	1.35776
9695	1.35777
9696	1.35778
9697	1.35779
9698	1.3578
9699	1.35781
9700	1.35782
9701	1.35783
9702	1.35784
9703	1.35785
9704	1.35785
9705	1.35786
9706	1.35787
9707	1.35788
9708	1.35789
9709	1.3579
9710	1.35791
9711	1.35792
9712	1.35793
9713	1.35794
9714	1.35795
9715	1.35796
9716	1.35797
9717	1.35798
9718	1.35799
9719	1.358
9720	1.35801
9721	1.35801
9722	1.35802
9723	1.35803
9724	1.35804
9725	1.35805
9726	1.35806
9727	1.35807
9728	1.35808
9729	1.35809
9730	1.3581
9731	1.35811
9732	1.35812
9733	1.35812
9734	1.35813
9735	1.35814
9736	1.35815
9737	1.35816
9738	1.35817
9739	1.35818
9740	1.35819
9741	1.35819
9742	1.3582
9743	1.35821
9744	1.35822
9745	1.35823
9746	1.35824
9747	1.35825
9748	1.35825
9749	1.35826
9750	1.35827
9751	1.35828
9752	1.35829
9753	1.3583
9754	1.3583
9755	1.35831
9756	1.35832
9757	1.35833
9758	1.35834
9759	1.35834
9760	1.35835
9761	1.35836
9762	1.35837
9763	1.35838
9764	1.35838
9765	1.35839
9766	1.3584
9767	1.35841
9768	1.35841
9769	1.35842
9770	1.35843
9771	1.35844
9772	1.35844
9773	1.35845
9774	1.35846
9775	1.35847
9776	1.35847
9777	1.35848
9778	1.35849
9779	1.35849
9780	1.3585
9781	1.35851
9782	1.35851
9783	1.35852
9784	1.35853
9785	1.35854
9786	1.35854
9787	1.35855
9788	1.35856
9789	1.35856
9790	1.35857
9791	1.35857
9792	1.35858
9793	1.35859
9794	1.35859
9795	1.3586
9796	1.35861
9797	1.35861
9798	1.35862
9799	1.35862
9800	1.35863
9801	1.35864
9802	1.35864
9803	1.35865
9804	1.35865
9805	1.35866
9806	1.35866
9807	1.35867
9808	1.35867
9809	1.35868
9810	1.35868
9811	1.35869
9812	1.35869
9813	1.3587
9814	1.3587
9815	1.35871
9816	1.35871
9817	1.35872
9818	1.35872
9819	1.35873
9820	1.35873
9821	1.35874
9822	1.35874
9823	1.35875
9824	1.35875
9825	1.35876
9826	1.35876
9827	1.35876
9828	1.35877
9829	1.35877
9830	1.35877
9831	1.35878
9832	1.35878
9833	1.35879
9834	1.35879
9835	1.35879
9836	1.3588
9837	1.3588
9838	1.3588
9839	1.35881
9840	1.35881
9841	1.35881
9842	1.35882
9843	1.35882
9844	1.35882
9845	1.35882
9846	1.35883
9847	1.35883
9848	1.35883
9849	1.35883
9850	1.35884
9851	1.35884
9852	1.35884
9853	1.35884
9854	1.35884
9855	1.35885
9856	1.35885
9857	1.35885
9858	1.35885
9859	1.35885
9860	1.35885
9861	1.35886
9862	1.35886
9863	1.35886
9864	1.35886
9865	1.35886
9866	1.35886
9867	1.35886
9868	1.35886
9869	1.35886
9870	1.35886
9871	1.35886
9872	1.35886
9873	1.35886
9874	1.35886
9875	1.35887
9876	1.35887
9877	1.35887
9878	1.35887
9879	1.35886
9880	1.35886
9881	1.35886
9882	1.35886
9883	1.35886
9884	1.35886
9885	1.35886
9886	1.35886
9887	1.35886
9888	1.35886
9889	1.35886
9890	1.35886
9891	1.35886
9892	1.35885
9893	1.35885
9894	1.35885
9895	1.35885
9896	1.35885
9897	1.35885
9898	1.35885
9899	1.35884
9900	1.35884
9901	1.35884
9902	1.35884
9903	1.35884
9904	1.35883
9905	1.35883
9906	1.35883
9907	1.35883
9908	1.35882
9909	1.35882
9910	1.35882
9911	1.35882
9912	1.35881
9913	1.35881
9914	1.35881
9915	1.3588
9916	1.3588
9917	1.3588
9918	1.35879
9919	1.35879
9920	1.35879
9921	1.35878
9922	1.35878
9923	1.35878
9924	1.35877
9925	1.35877
9926	1.35876
9927	1.35876
9928	1.35876
9929	1.35875
9930	1.35875
9931	1.35874
9932	1.35874
9933	1.35873
9934	1.35873
9935	1.35873
9936	1.35872
9937	1.35872
9938	1.35871
9939	1.35871
9940	1.3587
9941	1.3587
9942	1.35869
9943	1.35869
9944	1.35868
9945	1.35868
9946	1.35867
9947	1.35867
9948	1.35866
9949	1.35866
9950	1.35865
9951	1.35864
9952	1.35864
9953	1.35863
9954	1.35863
9955	1.35862
9956	1.35862
9957	1.35861
9958	1.3586
9959	1.3586
9960	1.35859
9961	1.35859
9962	1.35858
9963	1.35857
9964	1.35857
9965	1.35856
9966	1.35856
9967	1.35855
9968	1.35854
9969	1.35854
9970	1.35853
9971	1.35852
9972	1.35852
9973	1.35851
9974	1.3585
9975	1.3585
9976	1.35849
9977	1.35848
9978	1.35848
9979	1.35847
9980	1.35846
9981	1.35846
9982	1.35845
9983	1.35844
9984	1.35843
9985	1.35843
9986	1.35842
9987	1.35841
9988	1.3584
9989	1.3584
9990	1.35839
9991	1.35838
9992	1.35838
9993	1.35837
9994	1.35836
9995	1.35835
9996	1.35835
9997	1.35834
9998	1.35833
9999	1.35832
10000	1.35831
10001	1.35831
10002	1.3583
10003	1.35829
10004	1.35828
10005	1.35828
10006	1.35827
10007	1.35826
10008	1.35825
10009	1.35824
10010	1.35824
10011	1.35823
10012	1.35822
10013	1.35821
10014	1.3582
10015	1.3582
10016	1.35819
10017	1.35818
10018	1.35817
10019	1.35817
10020	1.35816
10021	1.35815
10022	1.35814
10023	1.35813
10024	1.35812
10025	1.35812
10026	1.35811
10027	1.3581
10028	1.35809
10029	1.35808
10030	1.35808
10031	1.35807
10032	1.35806
10033	1.35805
10034	1.35804
10035	1.35804
10036	1.35803
10037	1.35802
10038	1.35801
10039	1.358
10040	1.358
10041	1.35799
10042	1.35798
10043	1.35797
10044	1.35797
10045	1.35796
10046	1.35795
10047	1.35794
10048	1.35793
10049	1.35793
10050	1.35792
10051	1.35791
10052	1.3579
10053	1.3579
10054	1.35789
10055	1.35788
10056	1.35787
10057	1.35787
10058	1.35786
10059	1.35785
10060	1.35784
10061	1.35784
10062	1.35783
10063	1.35782
10064	1.35782
10065	1.35781
10066	1.3578
10067	1.35779
10068	1.35779
10069	1.35778
10070	1.35777
10071	1.35777
10072	1.35776
10073	1.35775
10074	1.35775
10075	1.35774
10076	1.35773
10077	1.35773
10078	1.35772
10079	1.35772
10080	1.35771
10081	1.3577
10082	1.3577
10083	1.35769
10084	1.35769
10085	1.35768
10086	1.35767
10087	1.35767
10088	1.35766
10089	1.35766
10090	1.35765
10091	1.35765
10092	1.35764
10093	1.35764
10094	1.35763
10095	1.35763
10096	1.35762
10097	1.35762
10098	1.35761
10099	1.35761
10100	1.3576
10101	1.3576
10102	1.3576
10103	1.35759
10104	1.35759
10105	1.35758
10106	1.35758
10107	1.35758
10108	1.35757
10109	1.35757
10110	1.35756
10111	1.35756
10112	1.35756
10113	1.35755
10114	1.35755
10115	1.35755
10116	1.35755
10117	1.35754
10118	1.35754
10119	1.35754
10120	1.35754
10121	1.35753
10122	1.35753
10123	1.35753
10124	1.35753
10125	1.35753
10126	1.35752
10127	1.35752
10128	1.35752
10129	1.35752
10130	1.35752
10131	1.35752
10132	1.35752
10133	1.35752
10134	1.35751
10135	1.35751
10136	1.35751
10137	1.35751
10138	1.35751
10139	1.35751
10140	1.35751
10141	1.35751
10142	1.35751
10143	1.35751
10144	1.35751
10145	1.35752
10146	1.35752
10147	1.35752
10148	1.35752
10149	1.35752
10150	1.35752
10151	1.35752
10152	1.35752
10153	1.35753
10154	1.35753
10155	1.35753
10156	1.35753
10157	1.35753
10158	1.35754
10159	1.35754
10160	1.35754
10161	1.35754
10162	1.35755
10163	1.35755
10164	1.35755
10165	1.35756
10166	1.35756
10167	1.35756
10168	1.35757
10169	1.35757
10170	1.35758
10171	1.35758
10172	1.35759
10173	1.35759
10174	1.35759
10175	1.3576
10176	1.3576
10177	1.35761
10178	1.35761
10179	1.35762
10180	1.35763
10181	1.35763
10182	1.35764
10183	1.35764
10184	1.35765
10185	1.35766
10186	1.35766
10187	1.35767
10188	1.35768
10189	1.35768
10190	1.35769
10191	1.3577
10192	1.3577
10193	1.35771
10194	1.35772
10195	1.35773
10196	1.35773
10197	1.35774
10198	1.35775
10199	1.35776
10200	1.35777
10201	1.35778
10202	1.35778
10203	1.35779
10204	1.3578
10205	1.35781
10206	1.35782
10207	1.35783
10208	1.35784
10209	1.35785
10210	1.35786
10211	1.35787
10212	1.35788
10213	1.35789
10214	1.3579
10215	1.35791
10216	1.35792
10217	1.35793
10218	1.35795
10219	1.35796
10220	1.35797
10221	1.35798
10222	1.35799
10223	1.358
10224	1.35801
10225	1.35803
10226	1.35804
10227	1.35805
10228	1.35806
10229	1.35808
10230	1.35809
10231	1.3581
10232	1.35812
10233	1.35813
10234	1.35814
10235	1.35816
10236	1.35817
10237	1.35818
10238	1.3582
10239	1.35821
10240	1.35822
10241	1.35824
10242	1.35825
10243	1.35827
10244	1.35828
10245	1.3583
10246	1.35831
10247	1.35833
10248	1.35834
10249	1.35836
10250	1.35837
10251	1.35839
10252	1.3584
10253	1.35842
10254	1.35844
10255	1.35845
10256	1.35847
10257	1.35848
10258	1.3585
10259	1.35852
10260	1.35853
10261	1.35855
10262	1.35857
10263	1.35858
10264	1.3586
10265	1.35862
10266	1.35863
10267	1.35865
10268	1.35867
10269	1.35869
10270	1.3587
10271	1.35872
10272	1.35874
10273	1.35876
10274	1.35877
10275	1.35879
10276	1.35881
10277	1.35883
10278	1.35885
10279	1.35887
10280	1.35888
10281	1.3589
10282	1.35892
10283	1.35894
10284	1.35896
10285	1.35898
10286	1.359
10287	1.35902
10288	1.35903
10289	1.35905
10290	1.35907
10291	1.35909
10292	1.35911
10293	1.35913
10294	1.35915
10295	1.35917
10296	1.35919
10297	1.35921
10298	1.35923
10299	1.35925
10300	1.35927
10301	1.35929
10302	1.35931
10303	1.35933
10304	1.35935
10305	1.35937
10306	1.35939
10307	1.35941
10308	1.35943
10309	1.35945
10310	1.35947
10311	1.35949
10312	1.35951
10313	1.35953
10314	1.35955
10315	1.35957
10316	1.35959
10317	1.35961
10318	1.35963
10319	1.35965
10320	1.35967
10321	1.35969
10322	1.35971
10323	1.35973
10324	1.35975
10325	1.35978
10326	1.3598
10327	1.35982
10328	1.35984
10329	1.35986
10330	1.35988
10331	1.3599
10332	1.35992
10333	1.35994
10334	1.35996
10335	1.35998
10336	1.36
10337	1.36002
10338	1.36004
10339	1.36006
10340	1.36009
10341	1.36011
10342	1.36013
10343	1.36015
10344	1.36017
10345	1.36019
10346	1.36021
10347	1.36023
10348	1.36025
10349	1.36027
10350	1.36029
10351	1.36031
10352	1.36033
10353	1.36035
10354	1.36037
10355	1.36039
10356	1.36041
10357	1.36043
10358	1.36045
10359	1.36047
10360	1.36049
10361	1.36051
10362	1.36053
10363	1.36055
10364	1.36057
10365	1.36059
10366	1.36061
10367	1.36063
10368	1.36065
10369	1.36067
10370	1.36069
10371	1.36071
10372	1.36073
10373	1.36075
10374	1.36077
10375	1.36079
10376	1.36081
10377	1.36083
10378	1.36084
10379	1.36086
10380	1.36088
10381	1.3609
10382	1.36092
10383	1.36094
10384	1.36096
10385	1.36097
10386	1.36099
10387	1.36101
10388	1.36103
10389	1.36105
10390	1.36106
10391	1.36108
10392	1.3611
10393	1.36112
10394	1.36113
10395	1.36115
10396	1.36117
10397	1.36119
10398	1.3612
10399	1.36122
10400	1.36124
10401	1.36125
10402	1.36127
10403	1.36129
10404	1.3613
10405	1.36132
10406	1.36133
10407	1.36135
10408	1.36136
10409	1.36138
10410	1.3614
10411	1.36141
10412	1.36143
10413	1.36144
10414	1.36146
10415	1.36147
10416	1.36148
10417	1.3615
10418	1.36151
10419	1.36153
10420	1.36154
10421	1.36155
10422	1.36157
10423	1.36158
10424	1.36159
10425	1.36161
10426	1.36162
10427	1.36163
10428	1.36165
10429	1.36166
10430	1.36167
10431	1.36168
10432	1.36169
10433	1.36171
10434	1.36172
10435	1.36173
10436	1.36174
10437	1.36175
10438	1.36176
10439	1.36177
10440	1.36178
10441	1.36179
10442	1.3618
10443	1.36181
10444	1.36182
10445	1.36183
10446	1.36184
10447	1.36185
10448	1.36186
10449	1.36187
10450	1.36187
10451	1.36188
10452	1.36189
10453	1.3619
10454	1.36191
10455	1.36191
10456	1.36192
10457	1.36193
10458	1.36193
10459	1.36194
10460	1.36195
10461	1.36195
10462	1.36196
10463	1.36196
10464	1.36197
10465	1.36197
10466	1.36198
10467	1.36198
10468	1.36199
10469	1.36199
10470	1.362
10471	1.362
10472	1.362
10473	1.36201
10474	1.36201
10475	1.36201
10476	1.36201
10477	1.36202
10478	1.36202
10479	1.36202
10480	1.36202
10481	1.36202
10482	1.36202
10483	1.36202
10484	1.36203
10485	1.36203
10486	1.36203
10487	1.36203
10488	1.36203
10489	1.36202
10490	1.36202
10491	1.36202
10492	1.36202
10493	1.36202
10494	1.36202
10495	1.36202
10496	1.36201
10497	1.36201
10498	1.36201
10499	1.362
10500	1.362
10501	1.362
10502	1.36199
10503	1.36199
10504	1.36199
10505	1.36198
10506	1.36198
10507	1.36197
10508	1.36196
10509	1.36196
10510	1.36195
10511	1.36195
10512	1.36194
10513	1.36193
10514	1.36193
10515	1.36192
10516	1.36191
10517	1.3619
10518	1.3619
10519	1.36189
10520	1.36188
10521	1.36187
10522	1.36186
10523	1.36185
10524	1.36184
10525	1.36183
10526	1.36182
10527	1.36181
10528	1.3618
10529	1.36179
10530	1.36178
10531	1.36176
10532	1.36175
10533	1.36174
10534	1.36173
10535	1.36172
10536	1.3617
10537	1.36169
10538	1.36168
10539	1.36166
10540	1.36165
10541	1.36163
10542	1.36162
10543	1.3616
10544	1.36159
10545	1.36157
10546	1.36156
10547	1.36154
10548	1.36153
10549	1.36151
10550	1.36149
10551	1.36147
10552	1.36146
10553	1.36144
10554	1.36142
10555	1.3614
10556	1.36139
10557	1.36137
10558	1.36135
10559	1.36133
10560	1.36131
10561	1.36129
10562	1.36127
10563	1.36125
10564	1.36123
10565	1.36121
10566	1.36119
10567	1.36116
10568	1.36114
10569	1.36112
10570	1.3611
10571	1.36108
10572	1.36105
10573	1.36103
10574	1.36101
10575	1.36098
10576	1.36096
10577	1.36093
10578	1.36091
10579	1.36088
10580	1.36086
10581	1.36083
10582	1.36081
10583	1.36078
10584	1.36076
10585	1.36073
10586	1.3607
10587	1.36068
10588	1.36065
10589	1.36062
10590	1.36059
10591	1.36057
10592	1.36054
10593	1.36051
10594	1.36048
10595	1.36045
10596	1.36042
10597	1.36039
10598	1.36036
10599	1.36033
10600	1.3603
10601	1.36027
10602	1.36024
10603	1.36021
10604	1.36018
10605	1.36015
10606	1.36012
10607	1.36008
10608	1.36005
10609	1.36002
10610	1.35999
10611	1.35995
10612	1.35992
10613	1.35989
10614	1.35985
10615	1.35982
10616	1.35978
10617	1.35975
10618	1.35971
10619	1.35968
10620	1.35964
10621	1.35961
10622	1.35957
10623	1.35954
10624	1.3595
10625	1.35946
10626	1.35943
10627	1.35939
10628	1.35935
10629	1.35931
10630	1.35927
10631	1.35924
10632	1.3592
10633	1.35916
10634	1.35912
10635	1.35908
10636	1.35904
10637	1.359
10638	1.35896
10639	1.35892
10640	1.35888
10641	1.35884
10642	1.3588
10643	1.35876
10644	1.35872
10645	1.35868
10646	1.35863
10647	1.35859
10648	1.35855
10649	1.35851
10650	1.35846
10651	1.35842
10652	1.35838
10653	1.35833
10654	1.35829
10655	1.35825
10656	1.3582
10657	1.35816
10658	1.35811
10659	1.35807
10660	1.35802
10661	1.35798
10662	1.35793
10663	1.35789
10664	1.35784
10665	1.35779
10666	1.35775
10667	1.3577
10668	1.35765
10669	1.35761
10670	1.35756
10671	1.35751
10672	1.35746
10673	1.35742
10674	1.35737
10675	1.35732
10676	1.35727
10677	1.35722
10678	1.35717
10679	1.35712
10680	1.35707
10681	1.35702
10682	1.35697
10683	1.35692
10684	1.35687
10685	1.35682
10686	1.35677
10687	1.35672
10688	1.35667
10689	1.35662
10690	1.35657
10691	1.35651
10692	1.35646
10693	1.35641
10694	1.35636
10695	1.3563
10696	1.35625
10697	1.3562
10698	1.35615
10699	1.35609
10700	1.35604
10701	1.35598
10702	1.35593
10703	1.35588
10704	1.35582
10705	1.35577
10706	1.35571
10707	1.35566
10708	1.3556
10709	1.35555
10710	1.35549
10711	1.35544
10712	1.35538
10713	1.35533
10714	1.35527
10715	1.35521
10716	1.35516
10717	1.3551
10718	1.35504
10719	1.35499
10720	1.35493
10721	1.35487
10722	1.35481
10723	1.35476
10724	1.3547
10725	1.35464
10726	1.35458
10727	1.35453
10728	1.35447
10729	1.35441
10730	1.35435
10731	1.35429
10732	1.35423
10733	1.35417
10734	1.35412
10735	1.35406
10736	1.354
10737	1.35394
10738	1.35388
10739	1.35382
10740	1.35376
10741	1.3537
10742	1.35364
10743	1.35358
10744	1.35352
10745	1.35346
10746	1.3534
10747	1.35334
10748	1.35328
10749	1.35321
10750	1.35315
10751	1.35309
10752	1.35303
10753	1.35297
10754	1.35291
10755	1.35285
10756	1.35278
10757	1.35272
10758	1.35266
10759	1.3526
10760	1.35254
10761	1.35247
10762	1.35241
10763	1.35235
10764	1.35229
10765	1.35222
10766	1.35216
10767	1.3521
10768	1.35203
10769	1.35197
10770	1.35191
10771	1.35184
10772	1.35178
10773	1.35172
10774	1.35165
10775	1.35159
10776	1.35152
10777	1.35146
10778	1.3514
10779	1.35133
10780	1.35127
10781	1.3512
10782	1.35114
10783	1.35107
10784	1.35101
10785	1.35094
10786	1.35087
10787	1.35081
10788	1.35074
10789	1.35068
10790	1.35061
10791	1.35054
10792	1.35048
10793	1.35041
10794	1.35034
10795	1.35028
10796	1.35021
10797	1.35014
10798	1.35007
10799	1.35001
10800	1.34994
10801	1.34987
10802	1.3498
10803	1.34973
10804	1.34966
10805	1.34959
10806	1.34953
10807	1.34946
10808	1.34939
10809	1.34932
10810	1.34924
10811	1.34917
10812	1.3491
10813	1.34903
10814	1.34896
10815	1.34889
10816	1.34882
10817	1.34874
10818	1.34867
10819	1.3486
10820	1.34853
10821	1.34845
10822	1.34838
10823	1.3483
10824	1.34823
10825	1.34815
10826	1.34808
10827	1.348
10828	1.34793
10829	1.34785
10830	1.34777
10831	1.3477
10832	1.34762
10833	1.34754
10834	1.34746
10835	1.34738
10836	1.3473
10837	1.34722
10838	1.34714
10839	1.34706
10840	1.34698
10841	1.3469
10842	1.34682
10843	1.34674
10844	1.34665
10845	1.34657
10846	1.34649
10847	1.3464
10848	1.34632
10849	1.34623
10850	1.34615
10851	1.34606
10852	1.34598
10853	1.34589
10854	1.3458
10855	1.34571
10856	1.34562
10857	1.34553
10858	1.34544
10859	1.34535
10860	1.34526
10861	1.34517
10862	1.34508
10863	1.34499
10864	1.34489
10865	1.3448
10866	1.34471
10867	1.34461
10868	1.34452
10869	1.34442
10870	1.34433
10871	1.34423
10872	1.34413
10873	1.34403
10874	1.34394
10875	1.34384
10876	1.34374
10877	1.34364
10878	1.34354
10879	1.34344
10880	1.34334
10881	1.34323
10882	1.34313
10883	1.34303
10884	1.34293
10885	1.34282
10886	1.34272
10887	1.34262
10888	1.34251
10889	1.34241
10890	1.3423
10891	1.34219
10892	1.34209
10893	1.34198
10894	1.34188
10895	1.34177
10896	1.34166
10897	1.34156
10898	1.34145
10899	1.34134
10900	1.34123
10901	1.34112
10902	1.34102
10903	1.34091
10904	1.3408
10905	1.34069
10906	1.34059
10907	1.34048
10908	1.34037
10909	1.34026
10910	1.34016
10911	1.34005
10912	1.33994
10913	1.33983
10914	1.33973
10915	1.33962
10916	1.33952
10917	1.33941
10918	1.33931
10919	1.3392
10920	1.3391
10921	1.339
10922	1.33889
10923	1.33879
10924	1.33869
10925	1.33859
10926	1.33849
10927	1.33839
10928	1.33829
10929	1.3382
10930	1.3381
10931	1.33801
10932	1.33791
10933	1.33782
10934	1.33773
10935	1.33764
10936	1.33755
10937	1.33746
10938	1.33738
10939	1.33729
10940	1.33721
10941	1.33713
10942	1.33705
10943	1.33697
10944	1.33689
10945	1.33682
10946	1.33674
10947	1.33667
10948	1.3366
10949	1.33653
10950	1.33647
10951	1.3364
10952	1.33634
10953	1.33628
10954	1.33622
10955	1.33616
10956	1.33611
10957	1.33606
10958	1.33601
10959	1.33596
10960	1.33591
10961	1.33587
10962	1.33583
10963	1.33579
10964	1.33575
10965	1.33572
10966	1.33569
10967	1.33566
10968	1.33563
10969	1.33561
10970	1.33558
10971	1.33556
10972	1.33555
10973	1.33553
10974	1.33552
10975	1.33551
10976	1.3355
10977	1.3355
10978	1.33549
10979	1.33549
10980	1.3355
10981	1.3355
10982	1.33551
10983	1.33552
10984	1.33553
10985	1.33554
10986	1.33556
10987	1.33558
10988	1.3356
10989	1.33562
10990	1.33565
10991	1.33568
10992	1.33571
10993	1.33574
10994	1.33578
10995	1.33582
10996	1.33586
10997	1.3359
10998	1.33594
10999	1.33599
11000	1.33603
11001	1.33608
11002	1.33614
11003	1.33619
11004	1.33624
11005	1.3363
11006	1.33636
11007	1.33642
11008	1.33648
11009	1.33655
11010	1.33661
11011	1.33668
11012	1.33675
11013	1.33682
11014	1.33689
11015	1.33696
11016	1.33704
11017	1.33711
11018	1.33719
11019	1.33726
11020	1.33734
11021	1.33742
11022	1.3375
11023	1.33758
11024	1.33766
11025	1.33775
11026	1.33783
11027	1.33791
11028	1.338
11029	1.33808
11030	1.33817
11031	1.33825
11032	1.33834
11033	1.33843
11034	1.33851
11035	1.3386
11036	1.33869
11037	1.33877
11038	1.33886
11039	1.33895
11040	1.33903
11041	1.33912
11042	1.33921
11043	1.33929
11044	1.33938
11045	1.33947
11046	1.33955
11047	1.33964
11048	1.33972
11049	1.3398
11050	1.33989
11051	1.33997
11052	1.34005
11053	1.34013
11054	1.34021
11055	1.34029
11056	1.34037
11057	1.34045
11058	1.34053
11059	1.3406
11060	1.34068
11061	1.34075
11062	1.34083
11063	1.3409
11064	1.34097
11065	1.34104
11066	1.34111
11067	1.34117
11068	1.34124
11069	1.34131
11070	1.34137
11071	1.34143
11072	1.34149
11073	1.34155
11074	1.34161
11075	1.34167
11076	1.34173
11077	1.34178
11078	1.34183
11079	1.34188
11080	1.34194
11081	1.34198
11082	1.34203
11083	1.34208
11084	1.34212
11085	1.34217
11086	1.34221
11087	1.34225
11088	1.34229
11089	1.34232
11090	1.34236
11091	1.34239
11092	1.34243
11093	1.34246
11094	1.34249
11095	1.34252
11096	1.34255
11097	1.34257
11098	1.3426
11099	1.34262
11100	1.34264
11101	1.34266
11102	1.34268
11103	1.3427
11104	1.34272
11105	1.34273
11106	1.34275
11107	1.34276
11108	1.34277
11109	1.34278
11110	1.34279
11111	1.3428
11112	1.34281
11113	1.34281
11114	1.34282
11115	1.34282
11116	1.34283
11117	1.34283
11118	1.34283
11119	1.34283
11120	1.34283
11121	1.34283
11122	1.34283
11123	1.34282
11124	1.34282
11125	1.34281
11126	1.34281
11127	1.3428
11128	1.3428
11129	1.34279
11130	1.34278
11131	1.34277
11132	1.34276
11133	1.34275
11134	1.34274
11135	1.34273
11136	1.34272
11137	1.34271
11138	1.3427
11139	1.34269
11140	1.34268
11141	1.34266
11142	1.34265
11143	1.34264
11144	1.34263
11145	1.34261
11146	1.3426
11147	1.34259
11148	1.34257
11149	1.34256
11150	1.34255
11151	1.34253
11152	1.34252
11153	1.34251
11154	1.34249
11155	1.34248
11156	1.34247
11157	1.34246
11158	1.34245
11159	1.34243
11160	1.34242
11161	1.34241
11162	1.3424
11163	1.34239
11164	1.34238
11165	1.34237
11166	1.34236
11167	1.34235
11168	1.34235
11169	1.34234
11170	1.34233
11171	1.34232
11172	1.34232
11173	1.34231
11174	1.34231
11175	1.3423
11176	1.3423
11177	1.3423
11178	1.34229
11179	1.34229
11180	1.34229
11181	1.34229
11182	1.34229
11183	1.34229
11184	1.34229
11185	1.3423
11186	1.3423
11187	1.3423
11188	1.34231
11189	1.34231
11190	1.34232
11191	1.34233
11192	1.34233
11193	1.34234
11194	1.34235
11195	1.34236
11196	1.34237
11197	1.34239
11198	1.3424
11199	1.34241
11200	1.34243
11201	1.34244
11202	1.34246
11203	1.34247
11204	1.34249
11205	1.34251
11206	1.34253
11207	1.34255
11208	1.34257
11209	1.34259
11210	1.34261
11211	1.34264
11212	1.34266
11213	1.34268
11214	1.34271
11215	1.34274
11216	1.34276
11217	1.34279
11218	1.34282
11219	1.34285
11220	1.34288
11221	1.34291
11222	1.34295
11223	1.34298
11224	1.34301
11225	1.34305
11226	1.34308
11227	1.34312
11228	1.34316
11229	1.34319
11230	1.34323
11231	1.34327
11232	1.34331
11233	1.34335
11234	1.3434
11235	1.34344
11236	1.34348
11237	1.34353
11238	1.34357
11239	1.34362
11240	1.34366
11241	1.34371
11242	1.34376
11243	1.34381
11244	1.34386
11245	1.34391
11246	1.34396
11247	1.34401
11248	1.34406
11249	1.34411
11250	1.34417
11251	1.34422
11252	1.34428
11253	1.34433
11254	1.34439
11255	1.34444
11256	1.3445
11257	1.34456
11258	1.34462
11259	1.34468
11260	1.34474
11261	1.3448
11262	1.34486
11263	1.34492
11264	1.34498
11265	1.34505
11266	1.34511
11267	1.34517
11268	1.34524
11269	1.3453
11270	1.34537
11271	1.34544
11272	1.3455
11273	1.34557
11274	1.34564
11275	1.34571
11276	1.34578
11277	1.34585
11278	1.34592
11279	1.34599
11280	1.34606
11281	1.34613
11282	1.3462
11283	1.34627
11284	1.34634
11285	1.34642
11286	1.34649
11287	1.34657
11288	1.34664
11289	1.34671
11290	1.34679
11291	1.34686
11292	1.34694
11293	1.34702
11294	1.34709
11295	1.34717
11296	1.34725
11297	1.34732
11298	1.3474
11299	1.34748
11300	1.34756
11301	1.34763
11302	1.34771
11303	1.34779
11304	1.34787
11305	1.34795
11306	1.34803
11307	1.34811
11308	1.34819
11309	1.34827
11310	1.34835
11311	1.34843
11312	1.34851
11313	1.34859
11314	1.34867
11315	1.34875
11316	1.34883
11317	1.34891
11318	1.34899
11319	1.34907
11320	1.34915
11321	1.34923
11322	1.34931
11323	1.34939
11324	1.34947
11325	1.34955
11326	1.34963
11327	1.34971
11328	1.34979
11329	1.34987
11330	1.34995
11331	1.35003
11332	1.35011
11333	1.35019
11334	1.35027
11335	1.35035
11336	1.35043
11337	1.35051
11338	1.35059
11339	1.35067
11340	1.35075
11341	1.35083
11342	1.35091
11343	1.35099
11344	1.35107
11345	1.35114
11346	1.35122
11347	1.3513
11348	1.35138
11349	1.35145
11350	1.35153
11351	1.35161
11352	1.35168
11353	1.35176
11354	1.35183
11355	1.35191
11356	1.35199
11357	1.35206
11358	1.35214
11359	1.35221
11360	1.35228
11361	1.35236
11362	1.35243
11363	1.3525
11364	1.35258
11365	1.35265
11366	1.35272
11367	1.35279
11368	1.35287
11369	1.35294
11370	1.35301
11371	1.35308
11372	1.35315
11373	1.35322
11374	1.35329
11375	1.35336
11376	1.35343
11377	1.3535
11378	1.35357
11379	1.35363
11380	1.3537
11381	1.35377
11382	1.35384
11383	1.3539
11384	1.35397
11385	1.35404
11386	1.3541
11387	1.35417
11388	1.35423
11389	1.3543
11390	1.35436
11391	1.35443
11392	1.35449
11393	1.35456
11394	1.35462
11395	1.35468
11396	1.35475
11397	1.35481
11398	1.35487
11399	1.35493
11400	1.355
11401	1.35506
11402	1.35512
11403	1.35518
11404	1.35524
11405	1.3553
11406	1.35536
11407	1.35542
11408	1.35548
11409	1.35554
11410	1.3556
11411	1.35566
11412	1.35572
11413	1.35578
11414	1.35584
11415	1.3559
11416	1.35595
11417	1.35601
11418	1.35607
11419	1.35613
11420	1.35619
11421	1.35624
11422	1.3563
11423	1.35636
11424	1.35641
11425	1.35647
11426	1.35653
11427	1.35658
11428	1.35664
11429	1.35669
11430	1.35675
11431	1.35681
11432	1.35686
11433	1.35692
11434	1.35697
11435	1.35703
11436	1.35708
11437	1.35714
11438	1.35719
11439	1.35725
11440	1.3573
11441	1.35735
11442	1.35741
11443	1.35746
11444	1.35752
11445	1.35757
11446	1.35762
11447	1.35768
11448	1.35773
11449	1.35778
11450	1.35784
11451	1.35789
11452	1.35794
11453	1.35799
11454	1.35805
11455	1.3581
11456	1.35815
11457	1.3582
11458	1.35826
11459	1.35831
11460	1.35836
11461	1.35841
11462	1.35846
11463	1.35851
11464	1.35857
11465	1.35862
11466	1.35867
11467	1.35872
11468	1.35877
11469	1.35882
11470	1.35887
11471	1.35892
11472	1.35897
11473	1.35902
11474	1.35907
11475	1.35912
11476	1.35917
11477	1.35922
11478	1.35927
11479	1.35932
11480	1.35937
11481	1.35942
11482	1.35947
11483	1.35952
11484	1.35957
11485	1.35962
11486	1.35967
11487	1.35972
11488	1.35977
11489	1.35982
11490	1.35986
11491	1.35991
11492	1.35996
11493	1.36001
11494	1.36006
11495	1.36011
11496	1.36015
11497	1.3602
11498	1.36025
11499	1.3603
11500	1.36034
11501	1.36039
11502	1.36044
11503	1.36048
11504	1.36053
11505	1.36058
11506	1.36062
11507	1.36067
11508	1.36072
11509	1.36076
11510	1.36081
11511	1.36086
11512	1.3609
11513	1.36095
11514	1.36099
11515	1.36104
11516	1.36108
11517	1.36113
11518	1.36117
11519	1.36122
11520	1.36126
11521	1.36131
11522	1.36135
11523	1.3614
11524	1.36144
11525	1.36149
11526	1.36153
11527	1.36157
11528	1.36162
11529	1.36166
11530	1.3617
11531	1.36175
11532	1.36179
11533	1.36183
11534	1.36188
11535	1.36192
11536	1.36196
11537	1.36201
11538	1.36205
11539	1.36209
11540	1.36213
11541	1.36217
11542	1.36222
11543	1.36226
11544	1.3623
11545	1.36234
11546	1.36238
11547	1.36242
11548	1.36246
11549	1.36251
11550	1.36255
11551	1.36259
11552	1.36263
11553	1.36267
11554	1.36271
11555	1.36275
11556	1.36279
11557	1.36283
11558	1.36287
11559	1.36291
11560	1.36295
11561	1.36299
11562	1.36303
11563	1.36307
11564	1.3631
11565	1.36314
11566	1.36318
11567	1.36322
11568	1.36326
11569	1.3633
11570	1.36333
11571	1.36337
11572	1.36341
11573	1.36345
11574	1.36348
11575	1.36352
11576	1.36356
11577	1.3636
11578	1.36363
11579	1.36367
11580	1.36371
11581	1.36374
11582	1.36378
11583	1.36381
11584	1.36385
11585	1.36389
11586	1.36392
11587	1.36396
11588	1.36399
11589	1.36403
11590	1.36406
11591	1.3641
11592	1.36413
11593	1.36417
11594	1.3642
11595	1.36423
11596	1.36427
11597	1.3643
11598	1.36434
11599	1.36437
11600	1.3644
11601	1.36443
11602	1.36447
11603	1.3645
11604	1.36453
11605	1.36456
11606	1.3646
11607	1.36463
11608	1.36466
11609	1.36469
11610	1.36472
11611	1.36475
11612	1.36479
11613	1.36482
11614	1.36485
11615	1.36488
11616	1.36491
11617	1.36494
11618	1.36497
11619	1.365
11620	1.36503
11621	1.36506
11622	1.36509
11623	1.36511
11624	1.36514
11625	1.36517
11626	1.3652
11627	1.36523
11628	1.36526
11629	1.36528
11630	1.36531
11631	1.36534
11632	1.36537
11633	1.36539
11634	1.36542
11635	1.36545
11636	1.36547
11637	1.3655
11638	1.36553
11639	1.36555
11640	1.36558
11641	1.3656
11642	1.36563
11643	1.36565
11644	1.36568
11645	1.3657
11646	1.36573
11647	1.36575
11648	1.36578
11649	1.3658
11650	1.36583
11651	1.36585
11652	1.36587
11653	1.3659
11654	1.36592
11655	1.36594
11656	1.36596
11657	1.36599
11658	1.36601
11659	1.36603
11660	1.36605
11661	1.36607
11662	1.3661
11663	1.36612
11664	1.36614
11665	1.36616
11666	1.36618
11667	1.3662
11668	1.36622
11669	1.36624
11670	1.36626
11671	1.36628
11672	1.3663
11673	1.36632
11674	1.36634
11675	1.36636
11676	1.36638
11677	1.3664
11678	1.36642
11679	1.36643
11680	1.36645
11681	1.36647
11682	1.36649
11683	1.36651
11684	1.36652
11685	1.36654
11686	1.36656
11687	1.36658
11688	1.36659
11689	1.36661
11690	1.36663
11691	1.36664
11692	1.36666
11693	1.36667
11694	1.36669
11695	1.36671
11696	1.36672
11697	1.36674
11698	1.36675
11699	1.36677
11700	1.36678
11701	1.3668
11702	1.36681
11703	1.36683
11704	1.36684
11705	1.36685
11706	1.36687
11707	1.36688
11708	1.3669
11709	1.36691
11710	1.36692
11711	1.36694
11712	1.36695
11713	1.36696
11714	1.36697
11715	1.36699
11716	1.367
11717	1.36701
11718	1.36702
11719	1.36704
11720	1.36705
11721	1.36706
11722	1.36707
11723	1.36708
11724	1.36709
11725	1.3671
11726	1.36712
11727	1.36713
11728	1.36714
11729	1.36715
11730	1.36716
11731	1.36717
11732	1.36718
11733	1.36719
11734	1.3672
11735	1.36721
11736	1.36722
11737	1.36723
11738	1.36724
11739	1.36724
11740	1.36725
11741	1.36726
11742	1.36727
11743	1.36728
11744	1.36729
11745	1.3673
11746	1.36731
11747	1.36731
11748	1.36732
11749	1.36733
11750	1.36734
11751	1.36734
11752	1.36735
11753	1.36736
11754	1.36737
11755	1.36737
11756	1.36738
11757	1.36739
11758	1.36739
11759	1.3674
11760	1.36741
11761	1.36741
11762	1.36742
11763	1.36743
11764	1.36743
11765	1.36744
11766	1.36745
11767	1.36745
11768	1.36746
11769	1.36746
11770	1.36747
11771	1.36747
11772	1.36748
11773	1.36748
11774	1.36749
11775	1.36749
11776	1.3675
11777	1.3675
11778	1.36751
11779	1.36751
11780	1.36752
11781	1.36752
11782	1.36753
11783	1.36753
11784	1.36753
11785	1.36754
11786	1.36754
11787	1.36755
11788	1.36755
11789	1.36755
11790	1.36756
11791	1.36756
11792	1.36757
11793	1.36757
11794	1.36757
11795	1.36758
11796	1.36758
11797	1.36758
11798	1.36759
11799	1.36759
11800	1.36759
11801	1.3676
11802	1.3676
11803	1.3676
11804	1.3676
11805	1.36761
11806	1.36761
11807	1.36761
11808	1.36761
11809	1.36762
11810	1.36762
11811	1.36762
11812	1.36762
11813	1.36763
11814	1.36763
11815	1.36763
11816	1.36763
11817	1.36764
11818	1.36764
11819	1.36764
11820	1.36764
11821	1.36765
11822	1.36765
11823	1.36765
11824	1.36765
11825	1.36765
11826	1.36766
11827	1.36766
11828	1.36766
11829	1.36766
11830	1.36766
11831	1.36767
11832	1.36767
11833	1.36767
11834	1.36767
11835	1.36767
11836	1.36768
11837	1.36768
11838	1.36768
11839	1.36768
11840	1.36768
11841	1.36769
11842	1.36769
11843	1.36769
11844	1.36769
11845	1.36769
11846	1.3677
11847	1.3677
11848	1.3677
11849	1.3677
11850	1.3677
11851	1.36771
11852	1.36771
11853	1.36771
11854	1.36771
11855	1.36772
11856	1.36772
11857	1.36772
11858	1.36772
11859	1.36772
11860	1.36773
11861	1.36773
11862	1.36773
11863	1.36773
11864	1.36774
11865	1.36774
11866	1.36774
11867	1.36774
11868	1.36775
11869	1.36775
11870	1.36775
11871	1.36776
11872	1.36776
11873	1.36776
11874	1.36776
11875	1.36777
11876	1.36777
11877	1.36777
11878	1.36778
11879	1.36778
11880	1.36778
11881	1.36779
11882	1.36779
11883	1.36779
11884	1.3678
11885	1.3678
11886	1.3678
11887	1.36781
11888	1.36781
11889	1.36781
11890	1.36782
11891	1.36782
11892	1.36783
11893	1.36783
11894	1.36783
11895	1.36784
11896	1.36784
11897	1.36785
11898	1.36785
11899	1.36786
11900	1.36786
11901	1.36786
11902	1.36787
11903	1.36787
11904	1.36788
11905	1.36788
11906	1.36789
11907	1.36789
11908	1.3679
11909	1.3679
11910	1.36791
11911	1.36791
11912	1.36792
11913	1.36792
11914	1.36793
11915	1.36794
11916	1.36794
11917	1.36795
11918	1.36795
11919	1.36796
11920	1.36796
11921	1.36797
11922	1.36798
11923	1.36798
11924	1.36799
11925	1.368
11926	1.368
11927	1.36801
11928	1.36802
11929	1.36802
11930	1.36803
11931	1.36804
11932	1.36804
11933	1.36805
11934	1.36806
11935	1.36806
11936	1.36807
11937	1.36808
11938	1.36809
11939	1.36809
11940	1.3681
11941	1.36811
11942	1.36812
11943	1.36812
11944	1.36813
11945	1.36814
11946	1.36815
11947	1.36816
11948	1.36816
11949	1.36817
11950	1.36818
11951	1.36819
11952	1.3682
11953	1.36821
11954	1.36822
11955	1.36822
11956	1.36823
11957	1.36824
11958	1.36825
11959	1.36826
11960	1.36827
11961	1.36828
11962	1.36829
11963	1.3683
11964	1.36831
11965	1.36832
11966	1.36833
11967	1.36834
11968	1.36835
11969	1.36836
11970	1.36837
11971	1.36838
11972	1.36839
11973	1.3684
11974	1.36841
11975	1.36842
11976	1.36843
11977	1.36844
11978	1.36845
11979	1.36846
11980	1.36847
11981	1.36848
11982	1.36849
11983	1.36851
11984	1.36852
11985	1.36853
11986	1.36854
11987	1.36855
11988	1.36856
11989	1.36857
11990	1.36859
11991	1.3686
11992	1.36861
11993	1.36862
11994	1.36863
11995	1.36865
11996	1.36866
11997	1.36867
11998	1.36868
11999	1.3687
12000	1.36871
12001	1.36872
12002	1.36873
12003	1.36875
12004	1.36876
12005	1.36877
12006	1.36879
12007	1.3688
12008	1.36881
12009	1.36883
12010	1.36884
12011	1.36885
12012	1.36887
12013	1.36888
12014	1.3689
12015	1.36891
12016	1.36892
12017	1.36894
12018	1.36895
12019	1.36897
12020	1.36898
12021	1.36899
12022	1.36901
12023	1.36902
12024	1.36904
12025	1.36905
12026	1.36907
12027	1.36908
12028	1.3691
12029	1.36911
12030	1.36913
12031	1.36914
12032	1.36916
12033	1.36917
12034	1.36919
12035	1.3692
12036	1.36922
12037	1.36924
12038	1.36925
12039	1.36927
12040	1.36928
12041	1.3693
12042	1.36931
12043	1.36933
12044	1.36935
12045	1.36936
12046	1.36938
12047	1.3694
12048	1.36941
12049	1.36943
12050	1.36945
12051	1.36946
12052	1.36948
12053	1.3695
12054	1.36951
12055	1.36953
12056	1.36955
12057	1.36956
12058	1.36958
12059	1.3696
12060	1.36962
12061	1.36963
12062	1.36965
12063	1.36967
12064	1.36969
12065	1.3697
12066	1.36972
12067	1.36974
12068	1.36976
12069	1.36977
12070	1.36979
12071	1.36981
12072	1.36983
12073	1.36985
12074	1.36986
12075	1.36988
12076	1.3699
12077	1.36992
12078	1.36994
12079	1.36996
12080	1.36998
12081	1.36999
12082	1.37001
12083	1.37003
12084	1.37005
12085	1.37007
12086	1.37009
12087	1.37011
12088	1.37013
12089	1.37015
12090	1.37017
12091	1.37018
12092	1.3702
12093	1.37022
12094	1.37024
12095	1.37026
12096	1.37028
12097	1.3703
12098	1.37032
12099	1.37034
12100	1.37036
12101	1.37038
12102	1.3704
12103	1.37042
12104	1.37044
12105	1.37046
12106	1.37048
12107	1.3705
12108	1.37052
12109	1.37054
12110	1.37056
12111	1.37058
12112	1.3706
12113	1.37062
12114	1.37064
12115	1.37066
12116	1.37068
12117	1.3707
12118	1.37072
12119	1.37075
12120	1.37077
12121	1.37079
12122	1.37081
12123	1.37083
12124	1.37085
12125	1.37087
12126	1.37089
12127	1.37091
12128	1.37093
12129	1.37095
12130	1.37098
12131	1.371
12132	1.37102
12133	1.37104
12134	1.37106
12135	1.37108
12136	1.3711
12137	1.37112
12138	1.37114
12139	1.37117
12140	1.37119
12141	1.37121
12142	1.37123
12143	1.37125
12144	1.37127
12145	1.37129
12146	1.37132
12147	1.37134
12148	1.37136
12149	1.37138
12150	1.3714
12151	1.37142
12152	1.37144
12153	1.37147
12154	1.37149
12155	1.37151
12156	1.37153
12157	1.37155
12158	1.37157
12159	1.3716
12160	1.37162
12161	1.37164
12162	1.37166
12163	1.37168
12164	1.3717
12165	1.37172
12166	1.37175
12167	1.37177
12168	1.37179
12169	1.37181
12170	1.37183
12171	1.37185
12172	1.37188
12173	1.3719
12174	1.37192
12175	1.37194
12176	1.37196
12177	1.37198
12178	1.372
12179	1.37203
12180	1.37205
12181	1.37207
12182	1.37209
12183	1.37211
12184	1.37213
12185	1.37215
12186	1.37218
12187	1.3722
12188	1.37222
12189	1.37224
12190	1.37226
12191	1.37228
12192	1.3723
12193	1.37232
12194	1.37234
12195	1.37237
12196	1.37239
12197	1.37241
12198	1.37243
12199	1.37245
12200	1.37247
12201	1.37249
12202	1.37251
12203	1.37253
12204	1.37255
12205	1.37257
12206	1.37259
12207	1.37261
12208	1.37264
12209	1.37266
12210	1.37268
12211	1.3727
12212	1.37272
12213	1.37274
12214	1.37276
12215	1.37278
12216	1.3728
12217	1.37282
12218	1.37284
12219	1.37286
12220	1.37288
12221	1.3729
12222	1.37292
12223	1.37294
12224	1.37296
12225	1.37298
12226	1.37299
12227	1.37301
12228	1.37303
12229	1.37305
12230	1.37307
12231	1.37309
12232	1.37311
12233	1.37313
12234	1.37315
12235	1.37317
12236	1.37318
12237	1.3732
12238	1.37322
12239	1.37324
12240	1.37326
12241	1.37328
12242	1.3733
12243	1.37331
12244	1.37333
12245	1.37335
12246	1.37337
12247	1.37339
12248	1.3734
12249	1.37342
12250	1.37344
12251	1.37346
12252	1.37347
12253	1.37349
12254	1.37351
12255	1.37352
12256	1.37354
12257	1.37356
12258	1.37357
12259	1.37359
12260	1.37361
12261	1.37362
12262	1.37364
12263	1.37366
12264	1.37367
12265	1.37369
12266	1.3737
12267	1.37372
12268	1.37374
12269	1.37375
12270	1.37377
12271	1.37378
12272	1.3738
12273	1.37381
12274	1.37383
12275	1.37384
12276	1.37386
12277	1.37387
12278	1.37389
12279	1.3739
12280	1.37391
12281	1.37393
12282	1.37394
12283	1.37396
12284	1.37397
12285	1.37398
12286	1.374
12287	1.37401
12288	1.37402
12289	1.37404
12290	1.37405
12291	1.37406
12292	1.37407
12293	1.37409
12294	1.3741
12295	1.37411
12296	1.37412
12297	1.37414
12298	1.37415
12299	1.37416
12300	1.37417
12301	1.37418
12302	1.37419
12303	1.37421
12304	1.37422
12305	1.37423
12306	1.37424
12307	1.37425
12308	1.37426
12309	1.37427
12310	1.37428
12311	1.37429
12312	1.3743
12313	1.37431
12314	1.37432
12315	1.37433
12316	1.37434
12317	1.37435
12318	1.37436
12319	1.37437
12320	1.37437
12321	1.37438
12322	1.37439
12323	1.3744
12324	1.37441
12325	1.37442
12326	1.37442
12327	1.37443
12328	1.37444
12329	1.37445
12330	1.37445
12331	1.37446
12332	1.37447
12333	1.37447
12334	1.37448
12335	1.37449
12336	1.37449
12337	1.3745
12338	1.37451
12339	1.37451
12340	1.37452
12341	1.37452
12342	1.37453
12343	1.37453
12344	1.37454
12345	1.37454
12346	1.37455
12347	1.37455
12348	1.37456
12349	1.37456
12350	1.37457
12351	1.37457
12352	1.37457
12353	1.37458
12354	1.37458
12355	1.37458
12356	1.37459
12357	1.37459
12358	1.37459
12359	1.3746
12360	1.3746
12361	1.3746
12362	1.3746
12363	1.37461
12364	1.37461
12365	1.37461
12366	1.37461
12367	1.37461
12368	1.37461
12369	1.37461
12370	1.37461
12371	1.37462
12372	1.37462
12373	1.37462
12374	1.37462
12375	1.37462
12376	1.37462
12377	1.37462
12378	1.37462
12379	1.37462
12380	1.37462
12381	1.37461
12382	1.37461
12383	1.37461
12384	1.37461
12385	1.37461
12386	1.37461
12387	1.37461
12388	1.3746
12389	1.3746
12390	1.3746
12391	1.3746
12392	1.37459
12393	1.37459
12394	1.37459
12395	1.37459
12396	1.37458
12397	1.37458
12398	1.37458
12399	1.37457
12400	1.37457
12401	1.37456
12402	1.37456
12403	1.37456
12404	1.37455
12405	1.37455
12406	1.37454
12407	1.37454
12408	1.37453
12409	1.37453
12410	1.37452
12411	1.37452
12412	1.37451
12413	1.3745
12414	1.3745
12415	1.37449
12416	1.37449
12417	1.37448
12418	1.37447
12419	1.37447
12420	1.37446
12421	1.37445
12422	1.37445
12423	1.37444
12424	1.37443
12425	1.37442
12426	1.37442
12427	1.37441
12428	1.3744
12429	1.37439
12430	1.37438
12431	1.37437
12432	1.37437
12433	1.37436
12434	1.37435
12435	1.37434
12436	1.37433
12437	1.37432
12438	1.37431
12439	1.3743
12440	1.37429
12441	1.37428
12442	1.37427
12443	1.37426
12444	1.37425
12445	1.37424
12446	1.37423
12447	1.37422
12448	1.37421
12449	1.3742
12450	1.37419
12451	1.37418
12452	1.37416
12453	1.37415
12454	1.37414
12455	1.37413
12456	1.37412
12457	1.37411
12458	1.37409
12459	1.37408
12460	1.37407
12461	1.37406
12462	1.37404
12463	1.37403
12464	1.37402
12465	1.37401
12466	1.37399
12467	1.37398
12468	1.37397
12469	1.37395
12470	1.37394
12471	1.37393
12472	1.37391
12473	1.3739
12474	1.37388
12475	1.37387
12476	1.37385
12477	1.37384
12478	1.37383
12479	1.37381
12480	1.3738
12481	1.37378
12482	1.37377
12483	1.37375
12484	1.37374
12485	1.37372
12486	1.37371
12487	1.37369
12488	1.37368
12489	1.37366
12490	1.37364
12491	1.37363
12492	1.37361
12493	1.3736
12494	1.37358
12495	1.37356
12496	1.37355
12497	1.37353
12498	1.37351
12499	1.3735
12500	1.37348
12501	1.37346
12502	1.37345
12503	1.37343
12504	1.37341
12505	1.3734
12506	1.37338
12507	1.37336
12508	1.37334
12509	1.37333
12510	1.37331
12511	1.37329
12512	1.37327
12513	1.37325
12514	1.37324
12515	1.37322
12516	1.3732
12517	1.37318
12518	1.37316
12519	1.37315
12520	1.37313
12521	1.37311
12522	1.37309
12523	1.37307
12524	1.37305
12525	1.37304
12526	1.37302
12527	1.373
12528	1.37298
12529	1.37296
12530	1.37294
12531	1.37292
12532	1.3729
12533	1.37288
12534	1.37286
12535	1.37284
12536	1.37283
12537	1.37281
12538	1.37279
12539	1.37277
12540	1.37275
12541	1.37273
12542	1.37271
12543	1.37269
12544	1.37267
12545	1.37265
12546	1.37263
12547	1.37261
12548	1.37259
12549	1.37257
12550	1.37255
12551	1.37253
12552	1.37251
12553	1.37249
12554	1.37247
12555	1.37245
12556	1.37243
12557	1.37241
12558	1.37239
12559	1.37237
12560	1.37235
12561	1.37233
12562	1.37231
12563	1.37229
12564	1.37227
12565	1.37225
12566	1.37223
12567	1.37221
12568	1.37219
12569	1.37217
12570	1.37215
12571	1.37213
12572	1.3721
12573	1.37208
12574	1.37206
12575	1.37204
12576	1.37202
12577	1.372
12578	1.37198
12579	1.37196
12580	1.37194
12581	1.37192
12582	1.3719
12583	1.37188
12584	1.37186
12585	1.37184
12586	1.37182
12587	1.3718
12588	1.37178
12589	1.37176
12590	1.37174
12591	1.37172
12592	1.3717
12593	1.37168
12594	1.37166
12595	1.37164
12596	1.37162
12597	1.3716
12598	1.37158
12599	1.37156
12600	1.37154
12601	1.37152
12602	1.3715
12603	1.37148
12604	1.37146
12605	1.37144
12606	1.37142
12607	1.3714
12608	1.37138
12609	1.37136
12610	1.37134
12611	1.37132
12612	1.3713
12613	1.37128
12614	1.37126
12615	1.37124
12616	1.37123
12617	1.37121
12618	1.37119
12619	1.37117
12620	1.37115
12621	1.37113
12622	1.37111
12623	1.37109
12624	1.37107
12625	1.37106
12626	1.37104
12627	1.37102
12628	1.371
12629	1.37098
12630	1.37096
12631	1.37094
12632	1.37093
12633	1.37091
12634	1.37089
12635	1.37087
12636	1.37085
12637	1.37084
12638	1.37082
12639	1.3708
12640	1.37078
12641	1.37077
12642	1.37075
12643	1.37073
12644	1.37071
12645	1.3707
12646	1.37068
12647	1.37066
12648	1.37064
12649	1.37063
12650	1.37061
12651	1.37059
12652	1.37058
12653	1.37056
12654	1.37054
12655	1.37053
12656	1.37051
12657	1.3705
12658	1.37048
12659	1.37046
12660	1.37045
12661	1.37043
12662	1.37042
12663	1.3704
12664	1.37038
12665	1.37037
12666	1.37035
12667	1.37034
12668	1.37032
12669	1.37031
12670	1.37029
12671	1.37028
12672	1.37026
12673	1.37025
12674	1.37023
12675	1.37022
12676	1.3702
12677	1.37019
12678	1.37018
12679	1.37016
12680	1.37015
12681	1.37013
12682	1.37012
12683	1.37011
12684	1.37009
12685	1.37008
12686	1.37007
12687	1.37005
12688	1.37004
12689	1.37003
12690	1.37001
12691	1.37
12692	1.36999
12693	1.36997
12694	1.36996
12695	1.36995
12696	1.36994
12697	1.36992
12698	1.36991
12699	1.3699
12700	1.36989
12701	1.36988
12702	1.36986
12703	1.36985
12704	1.36984
12705	1.36983
12706	1.36982
12707	1.36981
12708	1.3698
12709	1.36979
12710	1.36977
12711	1.36976
12712	1.36975
12713	1.36974
12714	1.36973
12715	1.36972
12716	1.36971
12717	1.3697
12718	1.36969
12719	1.36968
12720	1.36967
12721	1.36966
12722	1.36965
12723	1.36965
12724	1.36964
12725	1.36963
12726	1.36962
12727	1.36961
12728	1.3696
12729	1.36959
12730	1.36958
12731	1.36958
12732	1.36957
12733	1.36956
12734	1.36955
12735	1.36954
12736	1.36954
12737	1.36953
12738	1.36952
12739	1.36951
12740	1.36951
12741	1.3695
12742	1.36949
12743	1.36949
12744	1.36948
12745	1.36947
12746	1.36947
12747	1.36946
12748	1.36946
12749	1.36945
12750	1.36944
12751	1.36944
12752	1.36943
12753	1.36943
12754	1.36942
12755	1.36942
12756	1.36941
12757	1.36941
12758	1.3694
12759	1.3694
12760	1.3694
12761	1.36939
12762	1.36939
12763	1.36938
12764	1.36938
12765	1.36938
12766	1.36937
12767	1.36937
12768	1.36937
12769	1.36936
12770	1.36936
12771	1.36936
12772	1.36936
12773	1.36936
12774	1.36935
12775	1.36935
12776	1.36935
12777	1.36935
12778	1.36935
12779	1.36935
12780	1.36935
12781	1.36934
12782	1.36934
12783	1.36934
12784	1.36934
12785	1.36934
12786	1.36934
12787	1.36934
12788	1.36934
12789	1.36934
12790	1.36934
12791	1.36935
12792	1.36935
12793	1.36935
12794	1.36935
12795	1.36935
12796	1.36935
12797	1.36935
12798	1.36936
12799	1.36936
12800	1.36936
12801	1.36936
12802	1.36937
12803	1.36937
12804	1.36937
12805	1.36938
12806	1.36938
12807	1.36938
12808	1.36939
12809	1.36939
12810	1.3694
12811	1.3694
12812	1.36941
12813	1.36941
12814	1.36941
12815	1.36942
12816	1.36943
12817	1.36943
12818	1.36944
12819	1.36944
12820	1.36945
12821	1.36945
12822	1.36946
12823	1.36947
12824	1.36947
12825	1.36948
12826	1.36949
12827	1.36949
12828	1.3695
12829	1.36951
12830	1.36952
12831	1.36952
12832	1.36953
12833	1.36954
12834	1.36955
12835	1.36956
12836	1.36957
12837	1.36958
12838	1.36958
12839	1.36959
12840	1.3696
12841	1.36961
12842	1.36962
12843	1.36963
12844	1.36964
12845	1.36965
12846	1.36966
12847	1.36967
12848	1.36968
12849	1.36969
12850	1.3697
12851	1.36971
12852	1.36972
12853	1.36974
12854	1.36975
12855	1.36976
12856	1.36977
12857	1.36978
12858	1.36979
12859	1.36981
12860	1.36982
12861	1.36983
12862	1.36984
12863	1.36985
12864	1.36987
12865	1.36988
12866	1.36989
12867	1.36991
12868	1.36992
12869	1.36993
12870	1.36994
12871	1.36996
12872	1.36997
12873	1.36999
12874	1.37
12875	1.37001
12876	1.37003
12877	1.37004
12878	1.37006
12879	1.37007
12880	1.37008
12881	1.3701
12882	1.37011
12883	1.37013
12884	1.37014
12885	1.37016
12886	1.37017
12887	1.37019
12888	1.3702
12889	1.37022
12890	1.37023
12891	1.37025
12892	1.37027
12893	1.37028
12894	1.3703
12895	1.37031
12896	1.37033
12897	1.37035
12898	1.37036
12899	1.37038
12900	1.37039
12901	1.37041
12902	1.37043
12903	1.37044
12904	1.37046
12905	1.37048
12906	1.3705
12907	1.37051
12908	1.37053
12909	1.37055
12910	1.37056
12911	1.37058
12912	1.3706
12913	1.37062
12914	1.37063
12915	1.37065
12916	1.37067
12917	1.37069
12918	1.37071
12919	1.37072
12920	1.37074
12921	1.37076
12922	1.37078
12923	1.3708
12924	1.37082
12925	1.37084
12926	1.37086
12927	1.37087
12928	1.37089
12929	1.37091
12930	1.37093
12931	1.37095
12932	1.37097
12933	1.37099
12934	1.37101
12935	1.37103
12936	1.37105
12937	1.37107
12938	1.37109
12939	1.37111
12940	1.37113
12941	1.37115
12942	1.37117
12943	1.37119
12944	1.37121
12945	1.37123
12946	1.37125
12947	1.37128
12948	1.3713
12949	1.37132
12950	1.37134
12951	1.37136
12952	1.37138
12953	1.3714
12954	1.37143
12955	1.37145
12956	1.37147
12957	1.37149
12958	1.37152
12959	1.37154
12960	1.37156
12961	1.37158
12962	1.37161
12963	1.37163
12964	1.37165
12965	1.37168
12966	1.3717
12967	1.37172
12968	1.37175
12969	1.37177
12970	1.3718
12971	1.37182
12972	1.37184
12973	1.37187
12974	1.37189
12975	1.37192
12976	1.37194
12977	1.37197
12978	1.37199
12979	1.37202
12980	1.37205
12981	1.37207
12982	1.3721
12983	1.37212
12984	1.37215
12985	1.37218
12986	1.3722
12987	1.37223
12988	1.37226
12989	1.37228
12990	1.37231
12991	1.37234
12992	1.37237
12993	1.3724
12994	1.37242
12995	1.37245
12996	1.37248
12997	1.37251
12998	1.37254
12999	1.37257
13000	1.3726
13001	1.37262
13002	1.37265
13003	1.37268
13004	1.37271
13005	1.37274
13006	1.37277
13007	1.3728
13008	1.37283
13009	1.37286
13010	1.3729
13011	1.37293
13012	1.37296
13013	1.37299
13014	1.37302
13015	1.37305
13016	1.37308
13017	1.37312
13018	1.37315
13019	1.37318
13020	1.37321
13021	1.37324
13022	1.37328
13023	1.37331
13024	1.37334
13025	1.37338
13026	1.37341
13027	1.37344
13028	1.37348
13029	1.37351
13030	1.37354
13031	1.37358
13032	1.37361
13033	1.37365
13034	1.37368
13035	1.37371
13036	1.37375
13037	1.37378
13038	1.37382
13039	1.37385
13040	1.37389
13041	1.37392
13042	1.37396
13043	1.37399
13044	1.37402
13045	1.37406
13046	1.37409
13047	1.37413
13048	1.37416
13049	1.3742
13050	1.37423
13051	1.37427
13052	1.3743
13053	1.37434
13054	1.37437
13055	1.37441
13056	1.37444
13057	1.37448
13058	1.37451
13059	1.37455
13060	1.37458
13061	1.37462
13062	1.37465
13063	1.37469
13064	1.37472
13065	1.37475
13066	1.37479
13067	1.37482
13068	1.37486
13069	1.37489
13070	1.37492
13071	1.37496
13072	1.37499
13073	1.37502
13074	1.37505
13075	1.37509
13076	1.37512
13077	1.37515
13078	1.37518
13079	1.37521
13080	1.37525
13081	1.37528
13082	1.37531
13083	1.37534
13084	1.37537
13085	1.3754
13086	1.37543
13087	1.37546
13088	1.37549
13089	1.37552
13090	1.37554
13091	1.37557
13092	1.3756
13093	1.37563
13094	1.37565
13095	1.37568
13096	1.37571
13097	1.37573
13098	1.37576
13099	1.37578
13100	1.37581
13101	1.37583
13102	1.37586
13103	1.37588
13104	1.3759
13105	1.37592
13106	1.37595
13107	1.37597
13108	1.37599
13109	1.37601
13110	1.37603
13111	1.37605
13112	1.37607
13113	1.37609
13114	1.37611
13115	1.37612
13116	1.37614
13117	1.37616
13118	1.37617
13119	1.37619
13120	1.3762
13121	1.37622
13122	1.37623
13123	1.37625
13124	1.37626
13125	1.37627
13126	1.37628
13127	1.37629
13128	1.3763
13129	1.37632
13130	1.37632
13131	1.37633
13132	1.37634
13133	1.37635
13134	1.37636
13135	1.37637
13136	1.37637
13137	1.37638
13138	1.37638
13139	1.37639
13140	1.37639
13141	1.3764
13142	1.3764
13143	1.3764
13144	1.3764
13145	1.37641
13146	1.37641
13147	1.37641
13148	1.37641
13149	1.37641
13150	1.37641
13151	1.3764
13152	1.3764
13153	1.3764
13154	1.3764
13155	1.37639
13156	1.37639
13157	1.37638
13158	1.37638
13159	1.37637
13160	1.37637
13161	1.37636
13162	1.37635
13163	1.37635
13164	1.37634
13165	1.37633
13166	1.37632
13167	1.37631
13168	1.3763
13169	1.37629
13170	1.37628
13171	1.37627
13172	1.37626
13173	1.37625
13174	1.37624
13175	1.37622
13176	1.37621
13177	1.3762
13178	1.37618
13179	1.37617
13180	1.37616
13181	1.37614
13182	1.37613
13183	1.37611
13184	1.3761
13185	1.37608
13186	1.37606
13187	1.37605
13188	1.37603
13189	1.37601
13190	1.37599
13191	1.37598
13192	1.37596
13193	1.37594
13194	1.37592
13195	1.3759
13196	1.37588
13197	1.37586
13198	1.37584
13199	1.37582
13200	1.3758
13201	1.37578
13202	1.37576
13203	1.37574
13204	1.37572
13205	1.3757
13206	1.37567
13207	1.37565
13208	1.37563
13209	1.37561
13210	1.37558
13211	1.37556
13212	1.37554
13213	1.37552
13214	1.37549
13215	1.37547
13216	1.37544
13217	1.37542
13218	1.37539
13219	1.37537
13220	1.37534
13221	1.37532
13222	1.37529
13223	1.37527
13224	1.37524
13225	1.37522
13226	1.37519
13227	1.37516
13228	1.37514
13229	1.37511
13230	1.37508
13231	1.37506
13232	1.37503
13233	1.375
13234	1.37497
13235	1.37495
13236	1.37492
13237	1.37489
13238	1.37486
13239	1.37483
13240	1.3748
13241	1.37477
13242	1.37474
13243	1.37472
13244	1.37469
13245	1.37466
13246	1.37462
13247	1.37459
13248	1.37456
13249	1.37453
13250	1.3745
13251	1.37447
13252	1.37444
13253	1.37441
13254	1.37437
13255	1.37434
13256	1.37431
13257	1.37428
13258	1.37424
13259	1.37421
13260	1.37418
13261	1.37414
13262	1.37411
13263	1.37407
13264	1.37404
13265	1.37401
13266	1.37397
13267	1.37394
13268	1.3739
13269	1.37386
13270	1.37383
13271	1.37379
13272	1.37376
13273	1.37372
13274	1.37368
13275	1.37364
13276	1.37361
13277	1.37357
13278	1.37353
13279	1.37349
13280	1.37345
13281	1.37342
13282	1.37338
13283	1.37334
13284	1.3733
13285	1.37326
13286	1.37322
13287	1.37318
13288	1.37314
13289	1.3731
13290	1.37305
13291	1.37301
13292	1.37297
13293	1.37293
13294	1.37289
13295	1.37284
13296	1.3728
13297	1.37276
13298	1.37272
13299	1.37267
13300	1.37263
13301	1.37258
13302	1.37254
13303	1.3725
13304	1.37245
13305	1.37241
13306	1.37236
13307	1.37232
13308	1.37227
13309	1.37222
13310	1.37218
13311	1.37213
13312	1.37208
13313	1.37204
13314	1.37199
13315	1.37194
13316	1.37189
13317	1.37185
13318	1.3718
13319	1.37175
13320	1.3717
13321	1.37165
13322	1.3716
13323	1.37155
13324	1.37151
13325	1.37146
13326	1.37141
13327	1.37136
13328	1.37131
13329	1.37125
13330	1.3712
13331	1.37115
13332	1.3711
13333	1.37105
13334	1.371
13335	1.37095
13336	1.3709
13337	1.37084
13338	1.37079
13339	1.37074
13340	1.37069
13341	1.37063
13342	1.37058
13343	1.37053
13344	1.37047
13345	1.37042
13346	1.37037
13347	1.37031
13348	1.37026
13349	1.3702
13350	1.37015
13351	1.37009
13352	1.37004
13353	1.36998
13354	1.36993
13355	1.36987
13356	1.36982
13357	1.36976
13358	1.3697
13359	1.36965
13360	1.36959
13361	1.36954
13362	1.36948
13363	1.36942
13364	1.36936
13365	1.36931
13366	1.36925
13367	1.36919
13368	1.36913
13369	1.36908
13370	1.36902
13371	1.36896
13372	1.3689
13373	1.36884
13374	1.36878
13375	1.36873
13376	1.36867
13377	1.36861
13378	1.36855
13379	1.36849
13380	1.36843
13381	1.36837
13382	1.36831
13383	1.36825
13384	1.36819
13385	1.36813
13386	1.36807
13387	1.36801
13388	1.36795
13389	1.36788
13390	1.36782
13391	1.36776
13392	1.3677
13393	1.36764
13394	1.36758
13395	1.36751
13396	1.36745
13397	1.36739
13398	1.36733
13399	1.36726
13400	1.3672
13401	1.36714
13402	1.36707
13403	1.36701
13404	1.36695
13405	1.36688
13406	1.36682
13407	1.36676
13408	1.36669
13409	1.36663
13410	1.36656
13411	1.3665
13412	1.36643
13413	1.36637
13414	1.3663
13415	1.36624
13416	1.36617
13417	1.36611
13418	1.36604
13419	1.36598
13420	1.36591
13421	1.36584
13422	1.36578
13423	1.36571
13424	1.36564
13425	1.36558
13426	1.36551
13427	1.36544
13428	1.36538
13429	1.36531
13430	1.36524
13431	1.36517
13432	1.36511
13433	1.36504
13434	1.36497
13435	1.3649
13436	1.36483
13437	1.36476
13438	1.3647
13439	1.36463
13440	1.36456
13441	1.36449
13442	1.36442
13443	1.36435
13444	1.36428
13445	1.36421
13446	1.36414
13447	1.36407
13448	1.364
13449	1.36393
13450	1.36386
13451	1.36379
13452	1.36372
13453	1.36365
13454	1.36358
13455	1.36351
13456	1.36344
13457	1.36337
13458	1.3633
13459	1.36322
13460	1.36315
13461	1.36308
13462	1.36301
13463	1.36294
13464	1.36287
13465	1.36279
13466	1.36272
13467	1.36265
13468	1.36258
13469	1.36251
13470	1.36243
13471	1.36236
13472	1.36229
13473	1.36222
13474	1.36214
13475	1.36207
13476	1.362
13477	1.36193
13478	1.36185
13479	1.36178
13480	1.36171
13481	1.36163
13482	1.36156
13483	1.36149
13484	1.36141
13485	1.36134
13486	1.36127
13487	1.36119
13488	1.36112
13489	1.36105
13490	1.36097
13491	1.3609
13492	1.36083
13493	1.36075
13494	1.36068
13495	1.36061
13496	1.36053
13497	1.36046
13498	1.36038
13499	1.36031
13500	1.36024
13501	1.36016
13502	1.36009
13503	1.36002
13504	1.35994
13505	1.35987
13506	1.3598
13507	1.35972
13508	1.35965
13509	1.35957
13510	1.3595
13511	1.35943
13512	1.35935
13513	1.35928
13514	1.35921
13515	1.35913
13516	1.35906
13517	1.35898
13518	1.35891
13519	1.35884
13520	1.35876
13521	1.35869
13522	1.35862
13523	1.35854
13524	1.35847
13525	1.3584
13526	1.35832
13527	1.35825
13528	1.35818
13529	1.3581
13530	1.35803
13531	1.35796
13532	1.35789
13533	1.35781
13534	1.35774
13535	1.35767
13536	1.3576
13537	1.35752
13538	1.35745
13539	1.35738
13540	1.35731
13541	1.35723
13542	1.35716
13543	1.35709
13544	1.35702
13545	1.35695
13546	1.35687
13547	1.3568
13548	1.35673
13549	1.35666
13550	1.35659
13551	1.35652
13552	1.35644
13553	1.35637
13554	1.3563
13555	1.35623
13556	1.35616
13557	1.35609
13558	1.35602
13559	1.35595
13560	1.35588
13561	1.35581
13562	1.35574
13563	1.35567
13564	1.3556
13565	1.35553
13566	1.35546
13567	1.35539
13568	1.35532
13569	1.35525
13570	1.35518
13571	1.35511
13572	1.35504
13573	1.35497
13574	1.35491
13575	1.35484
13576	1.35477
13577	1.3547
13578	1.35463
13579	1.35456
13580	1.3545
13581	1.35443
13582	1.35436
13583	1.35429
13584	1.35423
13585	1.35416
13586	1.35409
13587	1.35403
13588	1.35396
13589	1.35389
13590	1.35383
13591	1.35376
13592	1.35369
13593	1.35363
13594	1.35356
13595	1.3535
13596	1.35343
13597	1.35337
13598	1.3533
13599	1.35324
13600	1.35317
13601	1.35311
13602	1.35304
13603	1.35298
13604	1.35292
13605	1.35285
13606	1.35279
13607	1.35273
13608	1.35266
13609	1.3526
13610	1.35254
13611	1.35247
13612	1.35241
13613	1.35235
13614	1.35229
13615	1.35223
13616	1.35216
13617	1.3521
13618	1.35204
13619	1.35198
13620	1.35192
13621	1.35186
13622	1.3518
13623	1.35174
13624	1.35168
13625	1.35162
13626	1.35156
13627	1.3515
13628	1.35144
13629	1.35138
13630	1.35132
13631	1.35127
13632	1.35121
13633	1.35115
13634	1.35109
13635	1.35103
13636	1.35098
13637	1.35092
13638	1.35086
13639	1.35081
13640	1.35075
13641	1.35069
13642	1.35064
13643	1.35058
13644	1.35053
13645	1.35047
13646	1.35041
13647	1.35036
13648	1.35031
13649	1.35025
13650	1.3502
13651	1.35014
13652	1.35009
13653	1.35004
13654	1.34998
13655	1.34993
13656	1.34988
13657	1.34982
13658	1.34977
13659	1.34972
13660	1.34967
13661	1.34962
13662	1.34957
13663	1.34951
13664	1.34946
13665	1.34941
13666	1.34936
13667	1.34931
13668	1.34926
13669	1.34921
13670	1.34916
13671	1.34912
13672	1.34907
13673	1.34902
13674	1.34897
13675	1.34892
13676	1.34887
13677	1.34883
13678	1.34878
13679	1.34873
13680	1.34869
13681	1.34864
13682	1.34859
13683	1.34855
13684	1.3485
13685	1.34846
13686	1.34841
13687	1.34837
13688	1.34832
13689	1.34828
13690	1.34823
13691	1.34819
13692	1.34815
13693	1.3481
13694	1.34806
13695	1.34802
13696	1.34798
13697	1.34793
13698	1.34789
13699	1.34785
13700	1.34781
13701	1.34777
13702	1.34773
13703	1.34769
13704	1.34764
13705	1.3476
13706	1.34756
13707	1.34753
13708	1.34749
13709	1.34745
13710	1.34741
13711	1.34737
13712	1.34733
13713	1.34729
13714	1.34726
13715	1.34722
13716	1.34718
13717	1.34714
13718	1.34711
13719	1.34707
13720	1.34703
13721	1.347
13722	1.34696
13723	1.34693
13724	1.34689
13725	1.34686
13726	1.34682
13727	1.34679
13728	1.34675
13729	1.34672
13730	1.34669
13731	1.34665
13732	1.34662
13733	1.34659
13734	1.34655
13735	1.34652
13736	1.34649
13737	1.34646
13738	1.34643
13739	1.3464
13740	1.34636
13741	1.34633
13742	1.3463
13743	1.34627
13744	1.34624
13745	1.34621
13746	1.34618
13747	1.34615
13748	1.34613
13749	1.3461
13750	1.34607
13751	1.34604
13752	1.34601
13753	1.34598
13754	1.34596
13755	1.34593
13756	1.3459
13757	1.34588
13758	1.34585
13759	1.34582
13760	1.3458
13761	1.34577
13762	1.34575
13763	1.34572
13764	1.3457
13765	1.34567
13766	1.34565
13767	1.34562
13768	1.3456
13769	1.34558
13770	1.34555
13771	1.34553
13772	1.34551
13773	1.34548
13774	1.34546
13775	1.34544
13776	1.34542
13777	1.34539
13778	1.34537
13779	1.34535
13780	1.34533
13781	1.34531
13782	1.34529
13783	1.34527
13784	1.34525
13785	1.34523
13786	1.34521
13787	1.34519
13788	1.34517
13789	1.34515
13790	1.34513
13791	1.34512
13792	1.3451
13793	1.34508
13794	1.34506
13795	1.34504
13796	1.34503
13797	1.34501
13798	1.34499
13799	1.34498
13800	1.34496
13801	1.34494
13802	1.34493
13803	1.34491
13804	1.3449
13805	1.34488
13806	1.34487
13807	1.34485
13808	1.34484
13809	1.34483
13810	1.34481
13811	1.3448
13812	1.34479
13813	1.34477
13814	1.34476
13815	1.34475
13816	1.34473
13817	1.34472
13818	1.34471
13819	1.3447
13820	1.34469
13821	1.34468
13822	1.34467
13823	1.34465
13824	1.34464
13825	1.34463
13826	1.34462
13827	1.34461
13828	1.3446
13829	1.3446
13830	1.34459
13831	1.34458
13832	1.34457
13833	1.34456
13834	1.34455
13835	1.34454
13836	1.34454
13837	1.34453
13838	1.34452
13839	1.34452
13840	1.34451
13841	1.3445
13842	1.3445
13843	1.34449
13844	1.34448
13845	1.34448
13846	1.34447
13847	1.34447
13848	1.34446
13849	1.34446
13850	1.34445
13851	1.34445
13852	1.34445
13853	1.34444
13854	1.34444
13855	1.34443
13856	1.34443
13857	1.34443
13858	1.34443
13859	1.34442
13860	1.34442
13861	1.34442
13862	1.34442
13863	1.34442
13864	1.34441
13865	1.34441
13866	1.34441
13867	1.34441
13868	1.34441
13869	1.34441
13870	1.34441
13871	1.34441
13872	1.34441
13873	1.34441
13874	1.34441
13875	1.34441
13876	1.34441
13877	1.34442
13878	1.34442
13879	1.34442
13880	1.34442
13881	1.34442
13882	1.34443
13883	1.34443
13884	1.34443
13885	1.34443
13886	1.34444
13887	1.34444
13888	1.34445
13889	1.34445
13890	1.34445
13891	1.34446
13892	1.34446
13893	1.34447
13894	1.34447
13895	1.34448
13896	1.34448
13897	1.34449
13898	1.34449
13899	1.3445
13900	1.3445
13901	1.34451
13902	1.34452
13903	1.34452
13904	1.34453
13905	1.34454
13906	1.34454
13907	1.34455
13908	1.34456
13909	1.34457
13910	1.34457
13911	1.34458
13912	1.34459
13913	1.3446
13914	1.34461
13915	1.34462
13916	1.34463
13917	1.34463
13918	1.34464
13919	1.34465
13920	1.34466
13921	1.34467
13922	1.34468
13923	1.34469
13924	1.3447
13925	1.34471
13926	1.34472
13927	1.34474
13928	1.34475
13929	1.34476
13930	1.34477
13931	1.34478
13932	1.34479
13933	1.3448
13934	1.34482
13935	1.34483
13936	1.34484
13937	1.34485
13938	1.34487
13939	1.34488
13940	1.34489
13941	1.34491
13942	1.34492
13943	1.34493
13944	1.34495
13945	1.34496
13946	1.34497
13947	1.34499
13948	1.345
13949	1.34502
13950	1.34503
13951	1.34504
13952	1.34506
13953	1.34507
13954	1.34509
13955	1.3451
13956	1.34512
13957	1.34514
13958	1.34515
13959	1.34517
13960	1.34518
13961	1.3452
13962	1.34522
13963	1.34523
13964	1.34525
13965	1.34526
13966	1.34528
13967	1.3453
13968	1.34532
13969	1.34533
13970	1.34535
13971	1.34537
13972	1.34538
13973	1.3454
13974	1.34542
13975	1.34544
13976	1.34546
13977	1.34547
13978	1.34549
13979	1.34551
13980	1.34553
13981	1.34555
13982	1.34557
13983	1.34559
13984	1.3456
13985	1.34562
13986	1.34564
13987	1.34566
13988	1.34568
13989	1.3457
13990	1.34572
13991	1.34574
13992	1.34576
13993	1.34578
13994	1.3458
13995	1.34582
13996	1.34584
13997	1.34586
13998	1.34588
13999	1.3459
14000	1.34592
14001	1.34594
14002	1.34596
14003	1.34598
14004	1.34601
14005	1.34603
14006	1.34605
14007	1.34607
14008	1.34609
14009	1.34611
14010	1.34613
14011	1.34616
14012	1.34618
14013	1.3462
14014	1.34622
14015	1.34624
14016	1.34626
14017	1.34629
14018	1.34631
14019	1.34633
14020	1.34635
14021	1.34638
14022	1.3464
14023	1.34642
14024	1.34644
14025	1.34647
14026	1.34649
14027	1.34651
14028	1.34653
14029	1.34656
14030	1.34658
14031	1.3466
14032	1.34663
14033	1.34665
14034	1.34667
14035	1.3467
14036	1.34672
14037	1.34674
14038	1.34677
14039	1.34679
14040	1.34681
14041	1.34684
14042	1.34686
14043	1.34689
14044	1.34691
14045	1.34693
14046	1.34696
14047	1.34698
14048	1.347
14049	1.34703
14050	1.34705
14051	1.34708
14052	1.3471
14053	1.34713
14054	1.34715
14055	1.34717
14056	1.3472
14057	1.34722
14058	1.34725
14059	1.34727
14060	1.3473
14061	1.34732
14062	1.34735
14063	1.34737
14064	1.34739
14065	1.34742
14066	1.34744
14067	1.34747
14068	1.34749
14069	1.34752
14070	1.34754
14071	1.34757
14072	1.34759
14073	1.34762
14074	1.34764
14075	1.34767
14076	1.34769
14077	1.34772
14078	1.34774
14079	1.34777
14080	1.34779
14081	1.34782
14082	1.34784
14083	1.34787
14084	1.34789
14085	1.34792
14086	1.34794
14087	1.34797
14088	1.34799
14089	1.34802
14090	1.34804
14091	1.34807
14092	1.34809
14093	1.34812
14094	1.34814
14095	1.34817
14096	1.34819
14097	1.34822
14098	1.34824
14099	1.34827
14100	1.34829
14101	1.34832
14102	1.34834
14103	1.34837
14104	1.34839
14105	1.34842
14106	1.34844
14107	1.34847
14108	1.34849
14109	1.34852
14110	1.34854
14111	1.34857
14112	1.34859
14113	1.34862
14114	1.34864
14115	1.34867
14116	1.34869
14117	1.34872
14118	1.34874
14119	1.34877
14120	1.34879
14121	1.34882
14122	1.34884
14123	1.34887
14124	1.34889
14125	1.34892
14126	1.34894
14127	1.34897
14128	1.34899
14129	1.34901
14130	1.34904
14131	1.34906
14132	1.34909
14133	1.34911
14134	1.34914
14135	1.34916
14136	1.34919
14137	1.34921
14138	1.34923
14139	1.34926
14140	1.34928
14141	1.34931
14142	1.34933
14143	1.34936
14144	1.34938
14145	1.3494
14146	1.34943
14147	1.34945
14148	1.34948
14149	1.3495
14150	1.34952
14151	1.34955
14152	1.34957
14153	1.3496
14154	1.34962
14155	1.34964
14156	1.34967
14157	1.34969
14158	1.34971
14159	1.34974
14160	1.34976
14161	1.34978
14162	1.34981
14163	1.34983
14164	1.34985
14165	1.34988
14166	1.3499
14167	1.34992
14168	1.34995
14169	1.34997
14170	1.34999
14171	1.35002
14172	1.35004
14173	1.35006
14174	1.35008
14175	1.35011
14176	1.35013
14177	1.35015
14178	1.35018
14179	1.3502
14180	1.35022
14181	1.35024
14182	1.35027
14183	1.35029
14184	1.35031
14185	1.35033
14186	1.35035
14187	1.35038
14188	1.3504
14189	1.35042
14190	1.35044
14191	1.35046
14192	1.35049
14193	1.35051
14194	1.35053
14195	1.35055
14196	1.35057
14197	1.3506
14198	1.35062
14199	1.35064
14200	1.35066
14201	1.35068
14202	1.3507
14203	1.35072
14204	1.35074
14205	1.35077
14206	1.35079
14207	1.35081
14208	1.35083
14209	1.35085
14210	1.35087
14211	1.35089
14212	1.35091
14213	1.35093
14214	1.35095
14215	1.35097
14216	1.35099
14217	1.35101
14218	1.35103
14219	1.35105
14220	1.35108
14221	1.3511
14222	1.35112
14223	1.35114
14224	1.35116
14225	1.35118
14226	1.3512
14227	1.35121
14228	1.35123
14229	1.35125
14230	1.35127
14231	1.35129
14232	1.35131
14233	1.35133
14234	1.35135
14235	1.35137
14236	1.35139
14237	1.35141
14238	1.35143
14239	1.35145
14240	1.35147
14241	1.35149
14242	1.3515
14243	1.35152
14244	1.35154
14245	1.35156
14246	1.35158
14247	1.3516
14248	1.35162
14249	1.35163
14250	1.35165
14251	1.35167
14252	1.35169
14253	1.35171
14254	1.35173
14255	1.35174
14256	1.35176
14257	1.35178
14258	1.3518
14259	1.35182
14260	1.35183
14261	1.35185
14262	1.35187
14263	1.35189
14264	1.3519
14265	1.35192
14266	1.35194
14267	1.35196
14268	1.35197
14269	1.35199
14270	1.35201
14271	1.35202
14272	1.35204
14273	1.35206
14274	1.35207
14275	1.35209
14276	1.35211
14277	1.35212
14278	1.35214
14279	1.35216
14280	1.35217
14281	1.35219
14282	1.35221
14283	1.35222
14284	1.35224
14285	1.35226
14286	1.35227
14287	1.35229
14288	1.3523
14289	1.35232
14290	1.35234
14291	1.35235
14292	1.35237
14293	1.35238
14294	1.3524
14295	1.35242
14296	1.35243
14297	1.35245
14298	1.35246
14299	1.35248
14300	1.35249
14301	1.35251
14302	1.35252
14303	1.35254
14304	1.35255
14305	1.35257
14306	1.35258
14307	1.3526
14308	1.35261
14309	1.35263
14310	1.35264
14311	1.35266
14312	1.35267
14313	1.35269
14314	1.3527
14315	1.35272
14316	1.35273
14317	1.35275
14318	1.35276
14319	1.35278
14320	1.35279
14321	1.3528
14322	1.35282
14323	1.35283
14324	1.35285
14325	1.35286
14326	1.35288
14327	1.35289
14328	1.3529
14329	1.35292
14330	1.35293
14331	1.35295
14332	1.35296
14333	1.35297
14334	1.35299
14335	1.353
14336	1.35301
14337	1.35303
14338	1.35304
14339	1.35306
14340	1.35307
14341	1.35308
14342	1.3531
14343	1.35311
14344	1.35312
14345	1.35314
14346	1.35315
14347	1.35316
14348	1.35318
14349	1.35319
14350	1.3532
14351	1.35322
14352	1.35323
14353	1.35324
14354	1.35326
14355	1.35327
14356	1.35328
14357	1.3533
14358	1.35331
14359	1.35332
14360	1.35333
14361	1.35335
14362	1.35336
14363	1.35337
14364	1.35339
14365	1.3534
14366	1.35341
14367	1.35342
14368	1.35344
14369	1.35345
14370	1.35346
14371	1.35348
14372	1.35349
14373	1.3535
14374	1.35351
14375	1.35353
14376	1.35354
14377	1.35355
14378	1.35357
14379	1.35358
14380	1.35359
14381	1.3536
14382	1.35362
14383	1.35363
14384	1.35364
14385	1.35365
14386	1.35367
14387	1.35368
14388	1.35369
14389	1.3537
14390	1.35372
14391	1.35373
14392	1.35374
14393	1.35376
14394	1.35377
14395	1.35378
14396	1.35379
14397	1.35381
14398	1.35382
14399	1.35383
14400	1.35384
14401	1.35386
14402	1.35387
14403	1.35388
14404	1.35389
14405	1.35391
14406	1.35392
14407	1.35393
14408	1.35395
14409	1.35396
14410	1.35397
14411	1.35398
14412	1.354
14413	1.35401
14414	1.35402
14415	1.35404
14416	1.35405
14417	1.35406
14418	1.35407
14419	1.35409
14420	1.3541
14421	1.35411
14422	1.35413
14423	1.35414
14424	1.35415
14425	1.35417
14426	1.35418
14427	1.35419
14428	1.35421
14429	1.35422
14430	1.35423
14431	1.35425
14432	1.35426
14433	1.35427
14434	1.35429
14435	1.3543
14436	1.35431
14437	1.35433
14438	1.35434
14439	1.35435
14440	1.35437
14441	1.35438
14442	1.35439
14443	1.35441
14444	1.35442
14445	1.35444
14446	1.35445
14447	1.35446
14448	1.35448
14449	1.35449
14450	1.35451
14451	1.35452
14452	1.35453
14453	1.35455
14454	1.35456
14455	1.35458
14456	1.35459
14457	1.3546
14458	1.35462
14459	1.35463
14460	1.35465
14461	1.35466
14462	1.35468
14463	1.35469
14464	1.35471
14465	1.35472
14466	1.35474
14467	1.35475
14468	1.35477
14469	1.35478
14470	1.3548
14471	1.35481
14472	1.35483
14473	1.35484
14474	1.35486
14475	1.35487
14476	1.35489
14477	1.3549
14478	1.35492
14479	1.35493
14480	1.35495
14481	1.35496
14482	1.35498
14483	1.35499
14484	1.35501
14485	1.35503
14486	1.35504
14487	1.35506
14488	1.35507
14489	1.35509
14490	1.35511
14491	1.35512
14492	1.35514
14493	1.35515
14494	1.35517
14495	1.35519
14496	1.3552
14497	1.35522
14498	1.35524
14499	1.35525
14500	1.35527
14501	1.35529
14502	1.3553
14503	1.35532
14504	1.35534
14505	1.35535
14506	1.35537
14507	1.35539
14508	1.3554
14509	1.35542
14510	1.35544
14511	1.35546
14512	1.35547
14513	1.35549
14514	1.35551
14515	1.35552
14516	1.35554
14517	1.35556
14518	1.35558
14519	1.35559
14520	1.35561
14521	1.35563
14522	1.35565
14523	1.35567
14524	1.35568
14525	1.3557
14526	1.35572
14527	1.35574
14528	1.35576
14529	1.35577
14530	1.35579
14531	1.35581
14532	1.35583
14533	1.35585
14534	1.35587
14535	1.35588
14536	1.3559
14537	1.35592
14538	1.35594
14539	1.35596
14540	1.35598
14541	1.356
14542	1.35602
14543	1.35604
14544	1.35605
14545	1.35607
14546	1.35609
14547	1.35611
14548	1.35613
14549	1.35615
14550	1.35617
14551	1.35619
14552	1.35621
14553	1.35623
14554	1.35625
14555	1.35627
14556	1.35629
14557	1.35631
14558	1.35633
14559	1.35635
14560	1.35637
14561	1.35639
14562	1.3564
14563	1.35642
14564	1.35644
14565	1.35646
14566	1.35649
14567	1.35651
14568	1.35653
14569	1.35655
14570	1.35657
14571	1.35659
14572	1.35661
14573	1.35663
14574	1.35665
14575	1.35667
14576	1.35669
14577	1.35671
14578	1.35673
14579	1.35675
14580	1.35677
14581	1.35679
14582	1.35681
14583	1.35683
14584	1.35685
14585	1.35688
14586	1.3569
14587	1.35692
14588	1.35694
14589	1.35696
14590	1.35698
14591	1.357
14592	1.35702
14593	1.35704
14594	1.35707
14595	1.35709
14596	1.35711
14597	1.35713
14598	1.35715
14599	1.35717
14600	1.35719
14601	1.35721
14602	1.35724
14603	1.35726
14604	1.35728
14605	1.3573
14606	1.35732
14607	1.35734
14608	1.35737
14609	1.35739
14610	1.35741
14611	1.35743
14612	1.35745
14613	1.35748
14614	1.3575
14615	1.35752
14616	1.35754
14617	1.35756
14618	1.35758
14619	1.35761
14620	1.35763
14621	1.35765
14622	1.35767
14623	1.35769
14624	1.35772
14625	1.35774
14626	1.35776
14627	1.35778
14628	1.35781
14629	1.35783
14630	1.35785
14631	1.35787
14632	1.35789
14633	1.35792
14634	1.35794
14635	1.35796
14636	1.35798
14637	1.35801
14638	1.35803
14639	1.35805
14640	1.35807
14641	1.3581
14642	1.35812
14643	1.35814
14644	1.35816
14645	1.35819
14646	1.35821
14647	1.35823
14648	1.35825
14649	1.35828
14650	1.3583
14651	1.35832
14652	1.35834
14653	1.35837
14654	1.35839
14655	1.35841
14656	1.35843
14657	1.35846
14658	1.35848
14659	1.3585
14660	1.35852
14661	1.35855
14662	1.35857
14663	1.35859
14664	1.35861
14665	1.35864
14666	1.35866
14667	1.35868
14668	1.3587
14669	1.35873
14670	1.35875
14671	1.35877
14672	1.35879
14673	1.35881
14674	1.35884
14675	1.35886
14676	1.35888
14677	1.3589
14678	1.35893
14679	1.35895
14680	1.35897
14681	1.35899
14682	1.35902
14683	1.35904
14684	1.35906
14685	1.35908
14686	1.35911
14687	1.35913
14688	1.35915
14689	1.35917
14690	1.35919
14691	1.35922
14692	1.35924
14693	1.35926
14694	1.35928
14695	1.3593
14696	1.35933
14697	1.35935
14698	1.35937
14699	1.35939
14700	1.35941
14701	1.35944
14702	1.35946
14703	1.35948
14704	1.3595
14705	1.35952
14706	1.35955
14707	1.35957
14708	1.35959
14709	1.35961
14710	1.35963
14711	1.35965
14712	1.35967
14713	1.3597
14714	1.35972
14715	1.35974
14716	1.35976
14717	1.35978
14718	1.3598
14719	1.35982
14720	1.35984
14721	1.35987
14722	1.35989
14723	1.35991
14724	1.35993
14725	1.35995
14726	1.35997
14727	1.35999
14728	1.36001
14729	1.36003
14730	1.36005
14731	1.36007
14732	1.36009
14733	1.36012
14734	1.36014
14735	1.36016
14736	1.36018
14737	1.3602
14738	1.36022
14739	1.36024
14740	1.36026
14741	1.36028
14742	1.3603
14743	1.36032
14744	1.36034
14745	1.36036
14746	1.36038
14747	1.36039
14748	1.36041
14749	1.36043
14750	1.36045
14751	1.36047
14752	1.36049
14753	1.36051
14754	1.36053
14755	1.36055
14756	1.36057
14757	1.36059
14758	1.3606
14759	1.36062
14760	1.36064
14761	1.36066
14762	1.36068
14763	1.3607
14764	1.36072
14765	1.36073
14766	1.36075
14767	1.36077
14768	1.36079
14769	1.3608
14770	1.36082
14771	1.36084
14772	1.36086
14773	1.36087
14774	1.36089
14775	1.36091
14776	1.36093
14777	1.36094
14778	1.36096
14779	1.36098
14780	1.36099
14781	1.36101
14782	1.36103
14783	1.36104
14784	1.36106
14785	1.36108
14786	1.36109
14787	1.36111
14788	1.36112
14789	1.36114
14790	1.36115
14791	1.36117
14792	1.36119
14793	1.3612
14794	1.36122
14795	1.36123
14796	1.36125
14797	1.36126
14798	1.36127
14799	1.36129
14800	1.3613
14801	1.36132
14802	1.36133
14803	1.36135
14804	1.36136
14805	1.36137
14806	1.36139
14807	1.3614
14808	1.36141
14809	1.36143
14810	1.36144
14811	1.36145
14812	1.36147
14813	1.36148
14814	1.36149
14815	1.3615
14816	1.36152
14817	1.36153
14818	1.36154
14819	1.36155
14820	1.36157
14821	1.36158
14822	1.36159
14823	1.3616
14824	1.36161
14825	1.36162
14826	1.36163
14827	1.36164
14828	1.36165
14829	1.36166
14830	1.36167
14831	1.36169
14832	1.3617
14833	1.36171
14834	1.36171
14835	1.36172
14836	1.36173
14837	1.36174
14838	1.36175
14839	1.36176
14840	1.36177
14841	1.36178
14842	1.36179
14843	1.3618
14844	1.3618
14845	1.36181
14846	1.36182
14847	1.36183
14848	1.36183
14849	1.36184
14850	1.36185
14851	1.36186
14852	1.36186
14853	1.36187
14854	1.36188
14855	1.36188
14856	1.36189
14857	1.36189
14858	1.3619
14859	1.36191
14860	1.36191
14861	1.36192
14862	1.36192
14863	1.36193
14864	1.36193
14865	1.36194
14866	1.36194
14867	1.36194
14868	1.36195
14869	1.36195
14870	1.36196
14871	1.36196
14872	1.36196
14873	1.36197
14874	1.36197
14875	1.36197
14876	1.36197
14877	1.36198
14878	1.36198
14879	1.36198
14880	1.36198
14881	1.36199
14882	1.36199
14883	1.36199
14884	1.36199
14885	1.36199
14886	1.36199
14887	1.36199
14888	1.36199
14889	1.36199
14890	1.36199
14891	1.36199
14892	1.36199
14893	1.36199
14894	1.36199
14895	1.36199
14896	1.36199
14897	1.36199
14898	1.36199
14899	1.36198
14900	1.36198
14901	1.36198
14902	1.36198
14903	1.36197
14904	1.36197
14905	1.36197
14906	1.36197
14907	1.36196
14908	1.36196
14909	1.36196
14910	1.36195
14911	1.36195
14912	1.36194
14913	1.36194
14914	1.36193
14915	1.36193
14916	1.36192
14917	1.36192
14918	1.36191
14919	1.36191
14920	1.3619
14921	1.3619
14922	1.36189
14923	1.36188
14924	1.36188
14925	1.36187
14926	1.36186
14927	1.36186
14928	1.36185
14929	1.36184
14930	1.36183
14931	1.36183
14932	1.36182
14933	1.36181
14934	1.3618
14935	1.36179
14936	1.36178
14937	1.36177
14938	1.36176
14939	1.36175
14940	1.36174
14941	1.36173
14942	1.36172
14943	1.36171
14944	1.3617
14945	1.36169
14946	1.36168
14947	1.36167
14948	1.36166
14949	1.36165
14950	1.36163
14951	1.36162
14952	1.36161
14953	1.3616
14954	1.36159
14955	1.36157
14956	1.36156
14957	1.36155
14958	1.36153
14959	1.36152
14960	1.3615
14961	1.36149
14962	1.36148
14963	1.36146
14964	1.36145
14965	1.36143
14966	1.36142
14967	1.3614
14968	1.36139
14969	1.36137
14970	1.36135
14971	1.36134
14972	1.36132
14973	1.36131
14974	1.36129
14975	1.36127
14976	1.36126
14977	1.36124
14978	1.36122
14979	1.3612
14980	1.36118
14981	1.36117
14982	1.36115
14983	1.36113
14984	1.36111
14985	1.36109
14986	1.36107
14987	1.36105
14988	1.36103
14989	1.36101
14990	1.36099
14991	1.36097
14992	1.36095
14993	1.36093
14994	1.36091
14995	1.36089
14996	1.36087
14997	1.36085
14998	1.36083
14999	1.36081
15000	1.36078
15001	1.36076
15002	1.36074
15003	1.36072
15004	1.36069
15005	1.36067
15006	1.36065
15007	1.36062
15008	1.3606
15009	1.36058
15010	1.36055
15011	1.36053
15012	1.3605
15013	1.36048
15014	1.36045
15015	1.36043
15016	1.3604
15017	1.36038
15018	1.36035
15019	1.36033
15020	1.3603
15021	1.36027
15022	1.36025
15023	1.36022
15024	1.36019
15025	1.36017
15026	1.36014
15027	1.36011
15028	1.36008
15029	1.36006
15030	1.36003
15031	1.36
15032	1.35997
15033	1.35994
15034	1.35991
15035	1.35988
15036	1.35985
15037	1.35982
15038	1.35979
15039	1.35976
15040	1.35973
15041	1.3597
15042	1.35967
15043	1.35964
15044	1.35961
15045	1.35958
15046	1.35955
15047	1.35951
15048	1.35948
15049	1.35945
15050	1.35942
15051	1.35938
15052	1.35935
15053	1.35931
15054	1.35928
15055	1.35925
15056	1.35921
15057	1.35918
15058	1.35914
15059	1.35911
15060	1.35907
15061	1.35904
15062	1.359
15063	1.35896
15064	1.35893
15065	1.35889
15066	1.35885
15067	1.35882
15068	1.35878
15069	1.35874
15070	1.3587
15071	1.35866
15072	1.35862
15073	1.35858
15074	1.35855
15075	1.35851
15076	1.35847
15077	1.35842
15078	1.35838
15079	1.35834
15080	1.3583
15081	1.35826
15082	1.35822
15083	1.35817
15084	1.35813
15085	1.35809
15086	1.35805
15087	1.358
15088	1.35796
15089	1.35791
15090	1.35787
15091	1.35782
15092	1.35778
15093	1.35773
15094	1.35768
15095	1.35764
15096	1.35759
15097	1.35754
15098	1.35749
15099	1.35745
15100	1.3574
15101	1.35735
15102	1.3573
15103	1.35725
15104	1.3572
15105	1.35715
15106	1.3571
15107	1.35704
15108	1.35699
15109	1.35694
15110	1.35689
15111	1.35683
15112	1.35678
15113	1.35673
15114	1.35667
15115	1.35662
15116	1.35656
15117	1.35651
15118	1.35645
15119	1.35639
15120	1.35634
15121	1.35628
15122	1.35622
15123	1.35616
15124	1.3561
15125	1.35605
15126	1.35599
15127	1.35593
15128	1.35587
15129	1.35581
15130	1.35574
15131	1.35568
15132	1.35562
15133	1.35556
15134	1.3555
15135	1.35543
15136	1.35537
15137	1.35531
15138	1.35524
15139	1.35518
15140	1.35511
15141	1.35505
15142	1.35498
15143	1.35492
15144	1.35485
15145	1.35478
15146	1.35472
15147	1.35465
15148	1.35458
15149	1.35452
15150	1.35445
15151	1.35438
15152	1.35431
15153	1.35424
15154	1.35417
15155	1.35411
15156	1.35404
15157	1.35397
15158	1.3539
15159	1.35383
15160	1.35376
15161	1.35369
15162	1.35362
15163	1.35355
15164	1.35348
15165	1.35341
15166	1.35333
15167	1.35326
15168	1.35319
15169	1.35312
15170	1.35305
15171	1.35298
15172	1.35291
15173	1.35284
15174	1.35277
15175	1.3527
15176	1.35263
15177	1.35256
15178	1.35249
15179	1.35242
15180	1.35235
15181	1.35228
15182	1.35221
15183	1.35214
15184	1.35207
15185	1.352
15186	1.35193
15187	1.35186
15188	1.35179
15189	1.35173
15190	1.35166
15191	1.35159
15192	1.35152
15193	1.35146
15194	1.35139
15195	1.35133
15196	1.35126
15197	1.3512
15198	1.35113
15199	1.35107
15200	1.35101
15201	1.35094
15202	1.35088
15203	1.35082
15204	1.35076
15205	1.3507
15206	1.35064
15207	1.35058
15208	1.35052
15209	1.35046
15210	1.35041
15211	1.35035
15212	1.3503
15213	1.35024
15214	1.35019
15215	1.35014
15216	1.35008
15217	1.35003
15218	1.34998
15219	1.34993
15220	1.34988
15221	1.34984
15222	1.34979
15223	1.34974
15224	1.3497
15225	1.34965
15226	1.34961
15227	1.34957
15228	1.34953
15229	1.34949
15230	1.34945
15231	1.34941
15232	1.34937
15233	1.34933
15234	1.3493
15235	1.34926
15236	1.34923
15237	1.3492
15238	1.34917
15239	1.34914
15240	1.34911
15241	1.34908
15242	1.34905
15243	1.34903
15244	1.349
15245	1.34898
15246	1.34895
15247	1.34893
15248	1.34891
15249	1.34889
15250	1.34887
15251	1.34885
15252	1.34884
15253	1.34882
15254	1.34881
15255	1.34879
15256	1.34878
15257	1.34877
15258	1.34876
15259	1.34875
15260	1.34874
15261	1.34873
15262	1.34873
15263	1.34872
15264	1.34872
15265	1.34871
15266	1.34871
15267	1.34871
15268	1.34871
15269	1.34871
15270	1.34871
15271	1.34871
15272	1.34871
15273	1.34872
15274	1.34872
15275	1.34873
15276	1.34873
15277	1.34874
15278	1.34875
15279	1.34876
15280	1.34876
15281	1.34877
15282	1.34878
15283	1.3488
15284	1.34881
15285	1.34882
15286	1.34883
15287	1.34885
15288	1.34886
15289	1.34888
15290	1.3489
15291	1.34891
15292	1.34893
15293	1.34895
15294	1.34896
15295	1.34898
15296	1.349
15297	1.34902
15298	1.34904
15299	1.34906
15300	1.34908
15301	1.34911
15302	1.34913
15303	1.34915
15304	1.34917
15305	1.34919
15306	1.34922
15307	1.34924
15308	1.34927
15309	1.34929
15310	1.34931
15311	1.34934
15312	1.34936
15313	1.34939
15314	1.34941
15315	1.34944
15316	1.34946
15317	1.34949
15318	1.34952
15319	1.34954
15320	1.34957
15321	1.34959
15322	1.34962
15323	1.34965
15324	1.34967
15325	1.3497
15326	1.34972
15327	1.34975
15328	1.34978
15329	1.3498
15330	1.34983
15331	1.34986
15332	1.34988
15333	1.34991
15334	1.34994
15335	1.34996
15336	1.34999
15337	1.35001
15338	1.35004
15339	1.35007
15340	1.35009
15341	1.35012
15342	1.35014
15343	1.35017
15344	1.35019
15345	1.35022
15346	1.35024
15347	1.35027
15348	1.35029
15349	1.35032
15350	1.35034
15351	1.35037
15352	1.35039
15353	1.35041
15354	1.35044
15355	1.35046
15356	1.35049
15357	1.35051
15358	1.35053
15359	1.35056
15360	1.35058
15361	1.3506
15362	1.35062
15363	1.35065
15364	1.35067
15365	1.35069
15366	1.35071
15367	1.35073
15368	1.35076
15369	1.35078
15370	1.3508
15371	1.35082
15372	1.35084
15373	1.35086
15374	1.35088
15375	1.35091
15376	1.35093
15377	1.35095
15378	1.35097
15379	1.35099
15380	1.35101
15381	1.35103
15382	1.35105
15383	1.35107
15384	1.35109
15385	1.35111
15386	1.35113
15387	1.35115
15388	1.35117
15389	1.35119
15390	1.35121
15391	1.35123
15392	1.35125
15393	1.35127
15394	1.35128
15395	1.3513
15396	1.35132
15397	1.35134
15398	1.35136
15399	1.35138
15400	1.3514
15401	1.35142
15402	1.35144
15403	1.35146
15404	1.35148
15405	1.3515
15406	1.35152
15407	1.35154
15408	1.35156
15409	1.35158
15410	1.3516
15411	1.35162
15412	1.35164
15413	1.35166
15414	1.35168
15415	1.3517
15416	1.35172
15417	1.35174
15418	1.35176
15419	1.35178
15420	1.3518
15421	1.35182
15422	1.35184
15423	1.35186
15424	1.35188
15425	1.3519
15426	1.35192
15427	1.35194
15428	1.35196
15429	1.35199
15430	1.35201
15431	1.35203
15432	1.35205
15433	1.35207
15434	1.3521
15435	1.35212
15436	1.35214
15437	1.35216
15438	1.35218
15439	1.35221
15440	1.35223
15441	1.35225
15442	1.35228
15443	1.3523
15444	1.35232
15445	1.35235
15446	1.35237
15447	1.35239
15448	1.35242
15449	1.35244
15450	1.35247
15451	1.35249
15452	1.35252
15453	1.35254
15454	1.35257
15455	1.35259
15456	1.35262
15457	1.35264
15458	1.35267
15459	1.35269
15460	1.35272
15461	1.35274
15462	1.35277
15463	1.3528
15464	1.35282
15465	1.35285
15466	1.35288
15467	1.3529
15468	1.35293
15469	1.35296
15470	1.35298
15471	1.35301
15472	1.35304
15473	1.35307
15474	1.3531
15475	1.35312
15476	1.35315
15477	1.35318
15478	1.35321
15479	1.35324
15480	1.35327
15481	1.3533
15482	1.35333
15483	1.35336
15484	1.35339
15485	1.35342
15486	1.35345
15487	1.35348
15488	1.35351
15489	1.35354
15490	1.35357
15491	1.3536
15492	1.35363
15493	1.35366
15494	1.35369
15495	1.35372
15496	1.35375
15497	1.35379
15498	1.35382
15499	1.35385
15500	1.35388
15501	1.35392
15502	1.35395
15503	1.35398
15504	1.35401
15505	1.35405
15506	1.35408
15507	1.35411
15508	1.35415
15509	1.35418
15510	1.35421
15511	1.35425
15512	1.35428
15513	1.35432
15514	1.35435
15515	1.35439
15516	1.35442
15517	1.35446
15518	1.35449
15519	1.35453
15520	1.35456
15521	1.3546
15522	1.35464
15523	1.35467
15524	1.35471
15525	1.35474
15526	1.35478
15527	1.35482
15528	1.35486
15529	1.35489
15530	1.35493
15531	1.35497
15532	1.35501
15533	1.35504
15534	1.35508
15535	1.35512
15536	1.35516
15537	1.3552
15538	1.35524
15539	1.35527
15540	1.35531
15541	1.35535
15542	1.35539
15543	1.35543
15544	1.35547
15545	1.35551
15546	1.35555
15547	1.35559
15548	1.35563
15549	1.35567
15550	1.35572
15551	1.35576
15552	1.3558
15553	1.35584
15554	1.35588
15555	1.35592
15556	1.35596
15557	1.35601
15558	1.35605
15559	1.35609
15560	1.35613
15561	1.35618
15562	1.35622
15563	1.35626
15564	1.35631
15565	1.35635
15566	1.35639
15567	1.35644
15568	1.35648
15569	1.35652
15570	1.35657
15571	1.35661
15572	1.35666
15573	1.3567
15574	1.35675
15575	1.35679
15576	1.35684
15577	1.35688
15578	1.35693
15579	1.35697
15580	1.35702
15581	1.35707
15582	1.35711
15583	1.35716
15584	1.35721
15585	1.35725
15586	1.3573
15587	1.35735
15588	1.35739
15589	1.35744
15590	1.35749
15591	1.35753
15592	1.35758
15593	1.35763
15594	1.35768
15595	1.35773
15596	1.35777
15597	1.35782
15598	1.35787
15599	1.35792
15600	1.35797
15601	1.35802
15602	1.35807
15603	1.35811
15604	1.35816
15605	1.35821
15606	1.35826
15607	1.35831
15608	1.35836
15609	1.35841
15610	1.35846
15611	1.35851
15612	1.35856
15613	1.35861
15614	1.35866
15615	1.35871
15616	1.35876
15617	1.35881
15618	1.35886
15619	1.35892
15620	1.35897
15621	1.35902
15622	1.35907
15623	1.35912
15624	1.35917
15625	1.35922
15626	1.35927
15627	1.35933
15628	1.35938
15629	1.35943
15630	1.35948
15631	1.35953
15632	1.35959
15633	1.35964
15634	1.35969
15635	1.35974
15636	1.3598
15637	1.35985
15638	1.3599
15639	1.35995
15640	1.36001
15641	1.36006
15642	1.36011
15643	1.36016
15644	1.36022
15645	1.36027
15646	1.36032
15647	1.36038
15648	1.36043
15649	1.36048
15650	1.36054
15651	1.36059
15652	1.36064
15653	1.3607
15654	1.36075
15655	1.3608
15656	1.36086
15657	1.36091
15658	1.36096
15659	1.36102
15660	1.36107
15661	1.36113
15662	1.36118
15663	1.36123
15664	1.36129
15665	1.36134
15666	1.36139
15667	1.36145
15668	1.3615
15669	1.36156
15670	1.36161
15671	1.36166
15672	1.36172
15673	1.36177
15674	1.36183
15675	1.36188
15676	1.36193
15677	1.36199
15678	1.36204
15679	1.3621
15680	1.36215
15681	1.3622
15682	1.36226
15683	1.36231
15684	1.36236
15685	1.36242
15686	1.36247
15687	1.36253
15688	1.36258
15689	1.36263
15690	1.36269
15691	1.36274
15692	1.36279
15693	1.36285
15694	1.3629
15695	1.36295
15696	1.36301
15697	1.36306
15698	1.36311
15699	1.36317
15700	1.36322
15701	1.36327
15702	1.36333
15703	1.36338
15704	1.36343
15705	1.36349
15706	1.36354
15707	1.36359
15708	1.36364
15709	1.3637
15710	1.36375
15711	1.3638
15712	1.36385
15713	1.36391
15714	1.36396
15715	1.36401
15716	1.36406
15717	1.36411
15718	1.36416
15719	1.36422
15720	1.36427
15721	1.36432
15722	1.36437
15723	1.36442
15724	1.36447
15725	1.36452
15726	1.36457
15727	1.36462
15728	1.36467
15729	1.36472
15730	1.36478
15731	1.36483
15732	1.36488
15733	1.36493
15734	1.36497
15735	1.36502
15736	1.36507
15737	1.36512
15738	1.36517
15739	1.36522
15740	1.36527
15741	1.36532
15742	1.36537
15743	1.36542
15744	1.36546
15745	1.36551
15746	1.36556
15747	1.36561
15748	1.36565
15749	1.3657
15750	1.36575
15751	1.3658
15752	1.36584
15753	1.36589
15754	1.36594
15755	1.36598
15756	1.36603
15757	1.36607
15758	1.36612
15759	1.36617
15760	1.36621
15761	1.36626
15762	1.3663
15763	1.36635
15764	1.36639
15765	1.36644
15766	1.36648
15767	1.36652
15768	1.36657
15769	1.36661
15770	1.36665
15771	1.3667
15772	1.36674
15773	1.36678
15774	1.36683
15775	1.36687
15776	1.36691
15777	1.36695
15778	1.36699
15779	1.36704
15780	1.36708
15781	1.36712
15782	1.36716
15783	1.3672
15784	1.36724
15785	1.36728
15786	1.36732
15787	1.36736
15788	1.3674
15789	1.36744
15790	1.36748
15791	1.36752
15792	1.36756
15793	1.3676
15794	1.36763
15795	1.36767
15796	1.36771
15797	1.36775
15798	1.36779
15799	1.36782
15800	1.36786
15801	1.3679
15802	1.36793
15803	1.36797
15804	1.36801
15805	1.36804
15806	1.36808
15807	1.36811
15808	1.36815
15809	1.36818
15810	1.36822
15811	1.36825
15812	1.36829
15813	1.36832
15814	1.36835
15815	1.36839
15816	1.36842
15817	1.36845
15818	1.36849
15819	1.36852
15820	1.36855
15821	1.36858
15822	1.36862
15823	1.36865
15824	1.36868
15825	1.36871
15826	1.36874
15827	1.36877
15828	1.3688
15829	1.36883
15830	1.36886
15831	1.36889
15832	1.36892
15833	1.36895
15834	1.36898
15835	1.36901
15836	1.36904
15837	1.36907
15838	1.3691
15839	1.36913
15840	1.36915
15841	1.36918
15842	1.36921
15843	1.36923
15844	1.36926
15845	1.36929
15846	1.36931
15847	1.36934
15848	1.36937
15849	1.36939
15850	1.36942
15851	1.36944
15852	1.36947
15853	1.36949
15854	1.36952
15855	1.36954
15856	1.36957
15857	1.36959
15858	1.36961
15859	1.36964
15860	1.36966
15861	1.36968
15862	1.3697
15863	1.36973
15864	1.36975
15865	1.36977
15866	1.36979
15867	1.36981
15868	1.36983
15869	1.36986
15870	1.36988
15871	1.3699
15872	1.36992
15873	1.36994
15874	1.36996
15875	1.36998
15876	1.37
15877	1.37001
15878	1.37003
15879	1.37005
15880	1.37007
15881	1.37009
15882	1.3701
15883	1.37012
15884	1.37014
15885	1.37016
15886	1.37017
15887	1.37019
15888	1.37021
15889	1.37022
15890	1.37024
15891	1.37025
15892	1.37027
15893	1.37028
15894	1.3703
15895	1.37031
15896	1.37033
15897	1.37034
15898	1.37035
15899	1.37037
15900	1.37038
15901	1.37039
15902	1.37041
15903	1.37042
15904	1.37043
15905	1.37044
15906	1.37046
15907	1.37047
15908	1.37048
15909	1.37049
15910	1.3705
15911	1.37051
15912	1.37052
15913	1.37053
15914	1.37054
15915	1.37055
15916	1.37056
15917	1.37057
15918	1.37057
15919	1.37058
15920	1.37059
15921	1.3706
15922	1.37061
15923	1.37061
15924	1.37062
15925	1.37063
15926	1.37063
15927	1.37064
15928	1.37065
15929	1.37065
15930	1.37066
15931	1.37066
15932	1.37067
15933	1.37067
15934	1.37068
15935	1.37068
15936	1.37068
15937	1.37069
15938	1.37069
15939	1.37069
15940	1.3707
15941	1.3707
15942	1.3707
15943	1.3707
15944	1.3707
15945	1.37071
15946	1.37071
15947	1.37071
15948	1.37071
15949	1.37071
15950	1.37071
15951	1.37071
15952	1.37071
15953	1.37071
15954	1.37071
15955	1.3707
15956	1.3707
15957	1.3707
15958	1.3707
15959	1.3707
15960	1.37069
15961	1.37069
15962	1.37069
15963	1.37068
15964	1.37068
15965	1.37068
15966	1.37067
15967	1.37067
15968	1.37066
15969	1.37066
15970	1.37065
15971	1.37065
15972	1.37064
15973	1.37063
15974	1.37063
15975	1.37062
15976	1.37061
15977	1.37061
15978	1.3706
15979	1.37059
15980	1.37058
15981	1.37057
15982	1.37057
15983	1.37056
15984	1.37055
15985	1.37054
15986	1.37053
15987	1.37052
15988	1.37051
15989	1.3705
15990	1.37049
15991	1.37048
15992	1.37047
15993	1.37045
15994	1.37044
15995	1.37043
15996	1.37042
15997	1.37041
15998	1.37039
15999	1.37038
16000	1.37037
16001	1.37035
16002	1.37034
16003	1.37033
16004	1.37031
16005	1.3703
16006	1.37028
16007	1.37027
16008	1.37025
16009	1.37024
16010	1.37022
16011	1.3702
16012	1.37019
16013	1.37017
16014	1.37016
16015	1.37014
16016	1.37012
16017	1.3701
16018	1.37009
16019	1.37007
16020	1.37005
16021	1.37003
16022	1.37001
16023	1.36999
16024	1.36998
16025	1.36996
16026	1.36994
16027	1.36992
16028	1.3699
16029	1.36988
16030	1.36986
16031	1.36984
16032	1.36982
16033	1.36979
16034	1.36977
16035	1.36975
16036	1.36973
16037	1.36971
16038	1.36969
16039	1.36966
16040	1.36964
16041	1.36962
16042	1.3696
16043	1.36957
16044	1.36955
16045	1.36953
16046	1.3695
16047	1.36948
16048	1.36945
16049	1.36943
16050	1.36941
16051	1.36938
16052	1.36936
16053	1.36933
16054	1.36931
16055	1.36928
16056	1.36925
16057	1.36923
16058	1.3692
16059	1.36918
16060	1.36915
16061	1.36912
16062	1.3691
16063	1.36907
16064	1.36904
16065	1.36901
16066	1.36899
16067	1.36896
16068	1.36893
16069	1.3689
16070	1.36888
16071	1.36885
16072	1.36882
16073	1.36879
16074	1.36876
16075	1.36873
16076	1.3687
16077	1.36867
16078	1.36864
16079	1.36861
16080	1.36858
16081	1.36855
16082	1.36852
16083	1.36849
16084	1.36846
16085	1.36843
16086	1.3684
16087	1.36837
16088	1.36834
16089	1.36831
16090	1.36828
16091	1.36825
16092	1.36822
16093	1.36818
16094	1.36815
16095	1.36812
16096	1.36809
16097	1.36806
16098	1.36802
16099	1.36799
16100	1.36796
16101	1.36793
16102	1.36789
16103	1.36786
16104	1.36783
16105	1.36779
16106	1.36776
16107	1.36773
16108	1.36769
16109	1.36766
16110	1.36763
16111	1.36759
16112	1.36756
16113	1.36752
16114	1.36749
16115	1.36746
16116	1.36742
16117	1.36739
16118	1.36735
16119	1.36732
16120	1.36728
16121	1.36725
16122	1.36721
16123	1.36718
16124	1.36714
16125	1.36711
16126	1.36707
16127	1.36703
16128	1.367
16129	1.36696
16130	1.36693
16131	1.36689
16132	1.36686
16133	1.36682
16134	1.36678
16135	1.36675
16136	1.36671
16137	1.36667
16138	1.36664
16139	1.3666
16140	1.36656
16141	1.36653
16142	1.36649
16143	1.36645
16144	1.36642
16145	1.36638
16146	1.36634
16147	1.36631
16148	1.36627
16149	1.36623
16150	1.36619
16151	1.36616
16152	1.36612
16153	1.36608
16154	1.36604
16155	1.36601
16156	1.36597
16157	1.36593
16158	1.36589
16159	1.36586
16160	1.36582
16161	1.36578
16162	1.36574
16163	1.3657
16164	1.36567
16165	1.36563
16166	1.36559
16167	1.36555
16168	1.36551
16169	1.36547
16170	1.36544
16171	1.3654
16172	1.36536
16173	1.36532
16174	1.36528
16175	1.36524
16176	1.3652
16177	1.36517
16178	1.36513
16179	1.36509
16180	1.36505
16181	1.36501
16182	1.36497
16183	1.36493
16184	1.36489
16185	1.36485
16186	1.36482
16187	1.36478
16188	1.36474
16189	1.3647
16190	1.36466
16191	1.36462
16192	1.36458
16193	1.36454
16194	1.3645
16195	1.36446
16196	1.36442
16197	1.36438
16198	1.36434
16199	1.36431
16200	1.36427
16201	1.36423
16202	1.36419
16203	1.36415
16204	1.36411
16205	1.36407
16206	1.36403
16207	1.36399
16208	1.36395
16209	1.36391
16210	1.36387
16211	1.36383
16212	1.36379
16213	1.36375
16214	1.36371
16215	1.36367
16216	1.36363
16217	1.36359
16218	1.36355
16219	1.36351
16220	1.36347
16221	1.36343
16222	1.36339
16223	1.36335
16224	1.36331
16225	1.36328
16226	1.36324
16227	1.3632
16228	1.36316
16229	1.36312
16230	1.36308
16231	1.36304
16232	1.363
16233	1.36296
16234	1.36292
16235	1.36288
16236	1.36284
16237	1.3628
16238	1.36276
16239	1.36272
16240	1.36268
16241	1.36264
16242	1.3626
16243	1.36256
16244	1.36252
16245	1.36248
16246	1.36244
16247	1.3624
16248	1.36236
16249	1.36232
16250	1.36228
16251	1.36224
16252	1.3622
16253	1.36216
16254	1.36212
16255	1.36208
16256	1.36204
16257	1.362
16258	1.36196
16259	1.36192
16260	1.36188
16261	1.36184
16262	1.3618
16263	1.36176
16264	1.36173
16265	1.36169
16266	1.36165
16267	1.36161
16268	1.36157
16269	1.36153
16270	1.36149
16271	1.36145
16272	1.36141
16273	1.36137
16274	1.36133
16275	1.36129
16276	1.36125
16277	1.36121
16278	1.36117
16279	1.36113
16280	1.36109
16281	1.36105
16282	1.36101
16283	1.36098
16284	1.36094
16285	1.3609
16286	1.36086
16287	1.36082
16288	1.36078
16289	1.36074
16290	1.3607
16291	1.36066
16292	1.36062
16293	1.36058
16294	1.36054
16295	1.36051
16296	1.36047
16297	1.36043
16298	1.36039
16299	1.36035
16300	1.36031
16301	1.36027
16302	1.36023
16303	1.36019
16304	1.36016
16305	1.36012
16306	1.36008
16307	1.36004
16308	1.36
16309	1.35996
16310	1.35992
16311	1.35988
16312	1.35985
16313	1.35981
16314	1.35977
16315	1.35973
16316	1.35969
16317	1.35965
16318	1.35962
16319	1.35958
16320	1.35954
16321	1.3595
16322	1.35946
16323	1.35942
16324	1.35939
16325	1.35935
16326	1.35931
16327	1.35927
16328	1.35923
16329	1.3592
16330	1.35916
16331	1.35912
16332	1.35908
16333	1.35904
16334	1.35901
16335	1.35897
16336	1.35893
16337	1.35889
16338	1.35886
16339	1.35882
16340	1.35878
16341	1.35874
16342	1.35871
16343	1.35867
16344	1.35863
16345	1.35859
16346	1.35856
16347	1.35852
16348	1.35848
16349	1.35844
16350	1.35841
16351	1.35837
16352	1.35833
16353	1.3583
16354	1.35826
16355	1.35822
16356	1.35819
16357	1.35815
16358	1.35811
16359	1.35807
16360	1.35804
16361	1.358
16362	1.35796
16363	1.35793
16364	1.35789
16365	1.35785
16366	1.35782
16367	1.35778
16368	1.35775
16369	1.35771
16370	1.35767
16371	1.35764
16372	1.3576
16373	1.35756
16374	1.35753
16375	1.35749
16376	1.35746
16377	1.35742
16378	1.35738
16379	1.35735
16380	1.35731
16381	1.35728
16382	1.35724
16383	1.3572
16384	1.35717
16385	1.35713
16386	1.3571
16387	1.35706
16388	1.35703
16389	1.35699
16390	1.35695
16391	1.35692
16392	1.35688
16393	1.35685
16394	1.35681
16395	1.35678
16396	1.35674
16397	1.35671
16398	1.35667
16399	1.35664
16400	1.3566
16401	1.35657
16402	1.35653
16403	1.3565
16404	1.35646
16405	1.35643
16406	1.35639
16407	1.35636
16408	1.35632
16409	1.35629
16410	1.35625
16411	1.35622
16412	1.35618
16413	1.35615
16414	1.35612
16415	1.35608
16416	1.35605
16417	1.35601
16418	1.35598
16419	1.35594
16420	1.35591
16421	1.35587
16422	1.35584
16423	1.35581
16424	1.35577
16425	1.35574
16426	1.3557
16427	1.35567
16428	1.35564
16429	1.3556
16430	1.35557
16431	1.35553
16432	1.3555
16433	1.35547
16434	1.35543
16435	1.3554
16436	1.35537
16437	1.35533
16438	1.3553
16439	1.35527
16440	1.35523
16441	1.3552
16442	1.35516
16443	1.35513
16444	1.3551
16445	1.35506
16446	1.35503
16447	1.355
16448	1.35496
16449	1.35493
16450	1.3549
16451	1.35487
16452	1.35483
16453	1.3548
16454	1.35477
16455	1.35473
16456	1.3547
16457	1.35467
16458	1.35463
16459	1.3546
16460	1.35457
16461	1.35454
16462	1.3545
16463	1.35447
16464	1.35444
16465	1.3544
16466	1.35437
16467	1.35434
16468	1.35431
16469	1.35427
16470	1.35424
16471	1.35421
16472	1.35418
16473	1.35414
16474	1.35411
16475	1.35408
16476	1.35405
16477	1.35401
16478	1.35398
16479	1.35395
16480	1.35392
16481	1.35388
16482	1.35385
16483	1.35382
16484	1.35379
16485	1.35375
16486	1.35372
16487	1.35369
16488	1.35366
16489	1.35363
16490	1.35359
16491	1.35356
16492	1.35353
16493	1.3535
16494	1.35346
16495	1.35343
16496	1.3534
16497	1.35337
16498	1.35334
16499	1.3533
16500	1.35327
16501	1.35324
16502	1.35321
16503	1.35317
16504	1.35314
16505	1.35311
16506	1.35308
16507	1.35305
16508	1.35301
16509	1.35298
16510	1.35295
16511	1.35292
16512	1.35289
16513	1.35285
16514	1.35282
16515	1.35279
16516	1.35276
16517	1.35272
16518	1.35269
16519	1.35266
16520	1.35263
16521	1.3526
16522	1.35256
16523	1.35253
16524	1.3525
16525	1.35247
16526	1.35244
16527	1.3524
16528	1.35237
16529	1.35234
16530	1.35231
16531	1.35227
16532	1.35224
16533	1.35221
16534	1.35218
16535	1.35214
16536	1.35211
16537	1.35208
16538	1.35205
16539	1.35202
16540	1.35198
16541	1.35195
16542	1.35192
16543	1.35189
16544	1.35185
16545	1.35182
16546	1.35179
16547	1.35176
16548	1.35172
16549	1.35169
16550	1.35166
16551	1.35162
16552	1.35159
16553	1.35156
16554	1.35153
16555	1.35149
16556	1.35146
16557	1.35143
16558	1.35139
16559	1.35136
16560	1.35133
16561	1.3513
16562	1.35126
16563	1.35123
16564	1.3512
16565	1.35116
16566	1.35113
16567	1.3511
16568	1.35106
16569	1.35103
16570	1.351
16571	1.35096
16572	1.35093
16573	1.3509
16574	1.35086
16575	1.35083
16576	1.3508
16577	1.35076
16578	1.35073
16579	1.35069
16580	1.35066
16581	1.35063
16582	1.35059
16583	1.35056
16584	1.35052
16585	1.35049
16586	1.35046
16587	1.35042
16588	1.35039
16589	1.35035
16590	1.35032
16591	1.35028
16592	1.35025
16593	1.35022
16594	1.35018
16595	1.35015
16596	1.35011
16597	1.35008
16598	1.35004
16599	1.35001
16600	1.34997
16601	1.34994
16602	1.3499
16603	1.34987
16604	1.34983
16605	1.3498
16606	1.34976
16607	1.34973
16608	1.34969
16609	1.34965
16610	1.34962
16611	1.34958
16612	1.34955
16613	1.34951
16614	1.34948
16615	1.34944
16616	1.3494
16617	1.34937
16618	1.34933
16619	1.3493
16620	1.34926
16621	1.34922
16622	1.34919
16623	1.34915
16624	1.34911
16625	1.34908
16626	1.34904
16627	1.349
16628	1.34897
16629	1.34893
16630	1.34889
16631	1.34886
16632	1.34882
16633	1.34878
16634	1.34874
16635	1.34871
16636	1.34867
16637	1.34863
16638	1.34859
16639	1.34856
16640	1.34852
16641	1.34848
16642	1.34844
16643	1.3484
16644	1.34837
16645	1.34833
16646	1.34829
16647	1.34825
16648	1.34821
16649	1.34817
16650	1.34814
16651	1.3481
16652	1.34806
16653	1.34802
16654	1.34798
16655	1.34794
16656	1.3479
16657	1.34786
16658	1.34782
16659	1.34778
16660	1.34775
16661	1.34771
16662	1.34767
16663	1.34763
16664	1.34759
16665	1.34755
16666	1.34751
16667	1.34747
16668	1.34743
16669	1.34739
16670	1.34735
16671	1.34731
16672	1.34727
16673	1.34723
16674	1.34718
16675	1.34714
16676	1.3471
16677	1.34706
16678	1.34702
16679	1.34698
16680	1.34694
16681	1.3469
16682	1.34686
16683	1.34682
16684	1.34677
16685	1.34673
16686	1.34669
16687	1.34665
16688	1.34661
16689	1.34657
16690	1.34652
16691	1.34648
16692	1.34644
16693	1.3464
16694	1.34636
16695	1.34631
16696	1.34627
16697	1.34623
16698	1.34619
16699	1.34614
16700	1.3461
16701	1.34606
16702	1.34602
16703	1.34597
16704	1.34593
16705	1.34589
16706	1.34584
16707	1.3458
16708	1.34576
16709	1.34571
16710	1.34567
16711	1.34563
16712	1.34558
16713	1.34554
16714	1.3455
16715	1.34545
16716	1.34541
16717	1.34537
16718	1.34532
16719	1.34528
16720	1.34523
16721	1.34519
16722	1.34514
16723	1.3451
16724	1.34506
16725	1.34501
16726	1.34497
16727	1.34492
16728	1.34488
16729	1.34483
16730	1.34479
16731	1.34474
16732	1.3447
16733	1.34465
16734	1.34461
16735	1.34457
16736	1.34452
16737	1.34448
16738	1.34443
16739	1.34438
16740	1.34434
16741	1.34429
16742	1.34425
16743	1.3442
16744	1.34416
16745	1.34411
16746	1.34407
16747	1.34402
16748	1.34398
16749	1.34393
16750	1.34389
16751	1.34384
16752	1.34379
16753	1.34375
16754	1.3437
16755	1.34366
16756	1.34361
16757	1.34357
16758	1.34352
16759	1.34347
16760	1.34343
16761	1.34338
16762	1.34334
16763	1.34329
16764	1.34324
16765	1.3432
16766	1.34315
16767	1.34311
16768	1.34306
16769	1.34301
16770	1.34297
16771	1.34292
16772	1.34288
16773	1.34283
16774	1.34278
16775	1.34274
16776	1.34269
16777	1.34264
16778	1.3426
16779	1.34255
16780	1.34251
16781	1.34246
16782	1.34241
16783	1.34237
16784	1.34232
16785	1.34227
16786	1.34223
16787	1.34218
16788	1.34214
16789	1.34209
16790	1.34204
16791	1.342
16792	1.34195
16793	1.34191
16794	1.34186
16795	1.34181
16796	1.34177
16797	1.34172
16798	1.34168
16799	1.34163
16800	1.34158
16801	1.34154
16802	1.34149
16803	1.34145
16804	1.3414
16805	1.34135
16806	1.34131
16807	1.34126
16808	1.34122
16809	1.34117
16810	1.34113
16811	1.34108
16812	1.34103
16813	1.34099
16814	1.34094
16815	1.3409
16816	1.34085
16817	1.34081
16818	1.34076
16819	1.34072
16820	1.34067
16821	1.34063
16822	1.34058
16823	1.34054
16824	1.34049
16825	1.34045
16826	1.3404
16827	1.34036
16828	1.34031
16829	1.34027
16830	1.34022
16831	1.34018
16832	1.34013
16833	1.34009
16834	1.34005
16835	1.34
16836	1.33996
16837	1.33991
16838	1.33987
16839	1.33982
16840	1.33978
16841	1.33974
16842	1.33969
16843	1.33965
16844	1.33961
16845	1.33956
16846	1.33952
16847	1.33948
16848	1.33943
16849	1.33939
16850	1.33935
16851	1.3393
16852	1.33926
16853	1.33922
16854	1.33918
16855	1.33913
16856	1.33909
16857	1.33905
16858	1.33901
16859	1.33897
16860	1.33892
16861	1.33888
16862	1.33884
16863	1.3388
16864	1.33876
16865	1.33872
16866	1.33867
16867	1.33863
16868	1.33859
16869	1.33855
16870	1.33851
16871	1.33847
16872	1.33843
16873	1.33839
16874	1.33835
16875	1.33831
16876	1.33827
16877	1.33823
16878	1.33819
16879	1.33815
16880	1.33811
16881	1.33807
16882	1.33803
16883	1.33799
16884	1.33796
16885	1.33792
16886	1.33788
16887	1.33784
16888	1.3378
16889	1.33776
16890	1.33773
16891	1.33769
16892	1.33765
16893	1.33761
16894	1.33758
16895	1.33754
16896	1.3375
16897	1.33746
16898	1.33743
16899	1.33739
16900	1.33736
16901	1.33732
16902	1.33728
16903	1.33725
16904	1.33721
16905	1.33718
16906	1.33714
16907	1.33711
16908	1.33707
16909	1.33704
16910	1.337
16911	1.33697
16912	1.33693
16913	1.3369
16914	1.33686
16915	1.33683
16916	1.3368
16917	1.33676
16918	1.33673
16919	1.3367
16920	1.33667
16921	1.33663
16922	1.3366
16923	1.33657
16924	1.33654
16925	1.3365
16926	1.33647
16927	1.33644
16928	1.33641
16929	1.33638
16930	1.33635
16931	1.33632
16932	1.33629
16933	1.33626
16934	1.33623
16935	1.3362
16936	1.33617
16937	1.33614
16938	1.33611
16939	1.33608
16940	1.33605
16941	1.33602
16942	1.336
16943	1.33597
16944	1.33594
16945	1.33591
16946	1.33589
16947	1.33586
16948	1.33583
16949	1.3358
16950	1.33578
16951	1.33575
16952	1.33573
16953	1.3357
16954	1.33567
16955	1.33565
16956	1.33562
16957	1.3356
16958	1.33557
16959	1.33555
16960	1.33553
16961	1.3355
16962	1.33548
16963	1.33546
16964	1.33543
16965	1.33541
16966	1.33539
16967	1.33536
16968	1.33534
16969	1.33532
16970	1.3353
16971	1.33528
16972	1.33526
16973	1.33523
16974	1.33521
16975	1.33519
16976	1.33517
16977	1.33515
16978	1.33513
16979	1.33511
16980	1.3351
16981	1.33508
16982	1.33506
16983	1.33504
16984	1.33502
16985	1.335
16986	1.33499
16987	1.33497
16988	1.33495
16989	1.33493
16990	1.33492
16991	1.3349
16992	1.33489
16993	1.33487
16994	1.33485
16995	1.33484
16996	1.33482
16997	1.33481
16998	1.33479
16999	1.33478
17000	1.33477
17001	1.33475
17002	1.33474
17003	1.33473
17004	1.33471
17005	1.3347
17006	1.33469
17007	1.33468
17008	1.33466
17009	1.33465
17010	1.33464
17011	1.33463
17012	1.33462
17013	1.33461
17014	1.3346
17015	1.33459
17016	1.33458
17017	1.33457
17018	1.33456
17019	1.33455
17020	1.33454
17021	1.33454
17022	1.33453
17023	1.33452
17024	1.33451
17025	1.33451
17026	1.3345
17027	1.33449
17028	1.33449
17029	1.33448
17030	1.33447
17031	1.33447
17032	1.33446
17033	1.33446
17034	1.33445
17035	1.33445
17036	1.33445
17037	1.33444
17038	1.33444
17039	1.33444
17040	1.33443
17041	1.33443
17042	1.33443
17043	1.33443
17044	1.33442
17045	1.33442
17046	1.33442
17047	1.33442
17048	1.33442
17049	1.33442
17050	1.33442
17051	1.33442
17052	1.33442
17053	1.33442
17054	1.33442
17055	1.33442
17056	1.33442
17057	1.33443
17058	1.33443
17059	1.33443
17060	1.33443
17061	1.33444
17062	1.33444
17063	1.33444
17064	1.33445
17065	1.33445
17066	1.33445
17067	1.33446
17068	1.33446
17069	1.33447
17070	1.33448
17071	1.33448
17072	1.33449
17073	1.33449
17074	1.3345
17075	1.33451
17076	1.33451
17077	1.33452
17078	1.33453
17079	1.33454
17080	1.33455
17081	1.33455
17082	1.33456
17083	1.33457
17084	1.33458
17085	1.33459
17086	1.3346
17087	1.33461
17088	1.33462
17089	1.33463
17090	1.33464
17091	1.33465
17092	1.33467
17093	1.33468
17094	1.33469
17095	1.3347
17096	1.33471
17097	1.33473
17098	1.33474
17099	1.33475
17100	1.33477
17101	1.33478
17102	1.33479
17103	1.33481
17104	1.33482
17105	1.33484
17106	1.33485
17107	1.33487
17108	1.33489
17109	1.3349
17110	1.33492
17111	1.33493
17112	1.33495
17113	1.33497
17114	1.33499
17115	1.335
17116	1.33502
17117	1.33504
17118	1.33506
17119	1.33508
17120	1.33509
17121	1.33511
17122	1.33513
17123	1.33515
17124	1.33517
17125	1.33519
17126	1.33521
17127	1.33523
17128	1.33525
17129	1.33527
17130	1.3353
17131	1.33532
17132	1.33534
17133	1.33536
17134	1.33538
17135	1.33541
17136	1.33543
17137	1.33545
17138	1.33548
17139	1.3355
17140	1.33552
17141	1.33555
17142	1.33557
17143	1.33559
17144	1.33562
17145	1.33564
17146	1.33567
17147	1.33569
17148	1.33572
17149	1.33575
17150	1.33577
17151	1.3358
17152	1.33583
17153	1.33585
17154	1.33588
17155	1.33591
17156	1.33593
17157	1.33596
17158	1.33599
17159	1.33602
17160	1.33605
17161	1.33607
17162	1.3361
17163	1.33613
17164	1.33616
17165	1.33619
17166	1.33622
17167	1.33625
17168	1.33628
17169	1.33631
17170	1.33634
17171	1.33637
17172	1.3364
17173	1.33643
17174	1.33647
17175	1.3365
17176	1.33653
17177	1.33656
17178	1.33659
17179	1.33663
17180	1.33666
17181	1.33669
17182	1.33672
17183	1.33676
17184	1.33679
17185	1.33683
17186	1.33686
17187	1.33689
17188	1.33693
17189	1.33696
17190	1.337
17191	1.33703
17192	1.33707
17193	1.3371
17194	1.33714
17195	1.33718
17196	1.33721
17197	1.33725
17198	1.33729
17199	1.33732
17200	1.33736
17201	1.3374
17202	1.33743
17203	1.33747
17204	1.33751
17205	1.33755
17206	1.33759
17207	1.33763
17208	1.33767
17209	1.3377
17210	1.33774
17211	1.33778
17212	1.33782
17213	1.33786
17214	1.3379
17215	1.33794
17216	1.33798
17217	1.33803
17218	1.33807
17219	1.33811
17220	1.33815
17221	1.33819
17222	1.33823
17223	1.33828
17224	1.33832
17225	1.33836
17226	1.33841
17227	1.33845
17228	1.33849
17229	1.33854
17230	1.33858
17231	1.33863
17232	1.33867
17233	1.33872
17234	1.33876
17235	1.33881
17236	1.33885
17237	1.3389
17238	1.33894
17239	1.33899
17240	1.33904
17241	1.33908
17242	1.33913
17243	1.33918
17244	1.33923
17245	1.33928
17246	1.33932
17247	1.33937
17248	1.33942
17249	1.33947
17250	1.33952
17251	1.33957
17252	1.33962
17253	1.33967
17254	1.33972
17255	1.33977
17256	1.33983
17257	1.33988
17258	1.33993
17259	1.33998
17260	1.34003
17261	1.34009
17262	1.34014
17263	1.34019
17264	1.34025
17265	1.3403
17266	1.34036
17267	1.34041
17268	1.34047
17269	1.34052
17270	1.34058
17271	1.34063
17272	1.34069
17273	1.34075
17274	1.34081
17275	1.34086
17276	1.34092
17277	1.34098
17278	1.34104
17279	1.3411
17280	1.34116
17281	1.34122
17282	1.34128
17283	1.34134
17284	1.3414
17285	1.34146
17286	1.34152
17287	1.34158
17288	1.34164
17289	1.34171
17290	1.34177
17291	1.34183
17292	1.3419
17293	1.34196
17294	1.34203
17295	1.34209
17296	1.34216
17297	1.34222
17298	1.34229
17299	1.34235
17300	1.34242
17301	1.34249
17302	1.34255
17303	1.34262
17304	1.34269
17305	1.34276
17306	1.34283
17307	1.3429
17308	1.34297
17309	1.34304
17310	1.34311
17311	1.34318
17312	1.34325
17313	1.34332
17314	1.34339
17315	1.34347
17316	1.34354
17317	1.34361
17318	1.34369
17319	1.34376
17320	1.34383
17321	1.34391
17322	1.34398
17323	1.34406
17324	1.34413
17325	1.34421
17326	1.34429
17327	1.34436
17328	1.34444
17329	1.34452
17330	1.34459
17331	1.34467
17332	1.34475
17333	1.34483
17334	1.34491
17335	1.34499
17336	1.34506
17337	1.34514
17338	1.34522
17339	1.3453
17340	1.34538
17341	1.34546
17342	1.34554
17343	1.34563
17344	1.34571
17345	1.34579
17346	1.34587
17347	1.34595
17348	1.34603
17349	1.34612
17350	1.3462
17351	1.34628
17352	1.34636
17353	1.34645
17354	1.34653
17355	1.34661
17356	1.34669
17357	1.34678
17358	1.34686
17359	1.34694
17360	1.34703
17361	1.34711
17362	1.34719
17363	1.34728
17364	1.34736
17365	1.34744
17366	1.34752
17367	1.34761
17368	1.34769
17369	1.34777
17370	1.34786
17371	1.34794
17372	1.34802
17373	1.3481
17374	1.34818
17375	1.34827
17376	1.34835
17377	1.34843
17378	1.34851
17379	1.34859
17380	1.34867
17381	1.34875
17382	1.34883
17383	1.34891
17384	1.34899
17385	1.34907
17386	1.34915
17387	1.34923
17388	1.3493
17389	1.34938
17390	1.34946
17391	1.34953
17392	1.34961
17393	1.34968
17394	1.34976
17395	1.34983
17396	1.34991
17397	1.34998
17398	1.35005
17399	1.35012
17400	1.35019
17401	1.35026
17402	1.35033
17403	1.3504
17404	1.35047
17405	1.35054
17406	1.35061
17407	1.35067
17408	1.35074
17409	1.3508
17410	1.35087
17411	1.35093
17412	1.35099
17413	1.35105
17414	1.35111
17415	1.35117
17416	1.35123
17417	1.35129
17418	1.35134
17419	1.3514
17420	1.35145
17421	1.35151
17422	1.35156
17423	1.35161
17424	1.35166
17425	1.35171
17426	1.35176
17427	1.35181
17428	1.35186
17429	1.3519
17430	1.35195
17431	1.35199
17432	1.35203
17433	1.35207
17434	1.35211
17435	1.35215
17436	1.35219
17437	1.35223
17438	1.35226
17439	1.3523
17440	1.35233
17441	1.35237
17442	1.3524
17443	1.35243
17444	1.35246
17445	1.35249
17446	1.35251
17447	1.35254
17448	1.35256
17449	1.35259
17450	1.35261
17451	1.35263
17452	1.35266
17453	1.35268
17454	1.35269
17455	1.35271
17456	1.35273
17457	1.35275
17458	1.35276
17459	1.35277
17460	1.35279
17461	1.3528
17462	1.35281
17463	1.35282
17464	1.35283
17465	1.35284
17466	1.35284
17467	1.35285
17468	1.35286
17469	1.35286
17470	1.35287
17471	1.35287
17472	1.35287
17473	1.35287
17474	1.35287
17475	1.35287
17476	1.35287
17477	1.35287
17478	1.35287
17479	1.35287
17480	1.35286
17481	1.35286
17482	1.35285
17483	1.35285
17484	1.35284
17485	1.35284
17486	1.35283
17487	1.35282
17488	1.35281
17489	1.35281
17490	1.3528
17491	1.35279
17492	1.35278
17493	1.35277
17494	1.35276
17495	1.35275
17496	1.35274
17497	1.35272
17498	1.35271
17499	1.3527
17500	1.35269
17501	1.35268
17502	1.35266
17503	1.35265
17504	1.35264
17505	1.35263
17506	1.35261
17507	1.3526
17508	1.35259
17509	1.35257
17510	1.35256
17511	1.35254
17512	1.35253
17513	1.35252
17514	1.3525
17515	1.35249
17516	1.35248
17517	1.35246
17518	1.35245
17519	1.35244
17520	1.35242
17521	1.35241
17522	1.3524
17523	1.35239
17524	1.35237
17525	1.35236
17526	1.35235
17527	1.35234
17528	1.35233
17529	1.35232
17530	1.3523
17531	1.35229
17532	1.35228
17533	1.35227
17534	1.35226
17535	1.35225
17536	1.35224
17537	1.35223
17538	1.35223
17539	1.35222
17540	1.35221
17541	1.3522
17542	1.35219
17543	1.35219
17544	1.35218
17545	1.35217
17546	1.35217
17547	1.35216
17548	1.35215
17549	1.35215
17550	1.35214
17551	1.35214
17552	1.35214
17553	1.35213
17554	1.35213
17555	1.35213
17556	1.35212
17557	1.35212
17558	1.35212
17559	1.35212
17560	1.35212
17561	1.35211
17562	1.35211
17563	1.35211
17564	1.35211
17565	1.35211
17566	1.35211
17567	1.35211
17568	1.35212
17569	1.35212
17570	1.35212
17571	1.35212
17572	1.35212
17573	1.35213
17574	1.35213
17575	1.35213
17576	1.35214
17577	1.35214
17578	1.35214
17579	1.35215
17580	1.35215
17581	1.35216
17582	1.35216
17583	1.35217
17584	1.35217
17585	1.35218
17586	1.35219
17587	1.35219
17588	1.3522
17589	1.3522
17590	1.35221
17591	1.35222
17592	1.35223
17593	1.35223
17594	1.35224
17595	1.35225
17596	1.35226
17597	1.35226
17598	1.35227
17599	1.35228
17600	1.35229
17601	1.3523
17602	1.35231
17603	1.35231
17604	1.35232
17605	1.35233
17606	1.35234
17607	1.35235
17608	1.35236
17609	1.35237
17610	1.35238
17611	1.35239
17612	1.3524
17613	1.35241
17614	1.35242
17615	1.35243
17616	1.35244
17617	1.35245
17618	1.35246
17619	1.35246
17620	1.35247
17621	1.35248
17622	1.35249
17623	1.3525
17624	1.35251
17625	1.35252
17626	1.35253
17627	1.35254
17628	1.35255
17629	1.35256
17630	1.35257
17631	1.35258
17632	1.35259
17633	1.3526
17634	1.35261
17635	1.35262
17636	1.35263
17637	1.35264
17638	1.35265
17639	1.35266
17640	1.35267
17641	1.35268
17642	1.35269
17643	1.3527
17644	1.35271
17645	1.35272
17646	1.35273
17647	1.35274
17648	1.35275
17649	1.35276
17650	1.35277
17651	1.35278
17652	1.35279
17653	1.3528
17654	1.35281
17655	1.35281
17656	1.35282
17657	1.35283
17658	1.35284
17659	1.35285
17660	1.35286
17661	1.35286
17662	1.35287
17663	1.35288
17664	1.35289
17665	1.3529
17666	1.3529
17667	1.35291
17668	1.35292
17669	1.35293
17670	1.35293
17671	1.35294
17672	1.35295
17673	1.35295
17674	1.35296
17675	1.35296
17676	1.35297
17677	1.35298
17678	1.35298
17679	1.35299
17680	1.35299
17681	1.353
17682	1.353
17683	1.35301
17684	1.35301
17685	1.35302
17686	1.35302
17687	1.35302
17688	1.35303
17689	1.35303
17690	1.35303
17691	1.35304
17692	1.35304
17693	1.35304
17694	1.35304
17695	1.35304
17696	1.35305
17697	1.35305
17698	1.35305
17699	1.35305
17700	1.35305
17701	1.35305
17702	1.35305
17703	1.35305
17704	1.35305
17705	1.35305
17706	1.35304
17707	1.35304
17708	1.35304
17709	1.35304
17710	1.35303
17711	1.35303
17712	1.35303
17713	1.35302
17714	1.35302
17715	1.35302
17716	1.35301
17717	1.35301
17718	1.353
17719	1.35299
17720	1.35299
17721	1.35298
17722	1.35297
17723	1.35297
17724	1.35296
17725	1.35295
17726	1.35294
17727	1.35293
17728	1.35293
17729	1.35292
17730	1.35291
17731	1.3529
17732	1.35289
17733	1.35287
17734	1.35286
17735	1.35285
17736	1.35284
17737	1.35283
17738	1.35282
17739	1.3528
17740	1.35279
17741	1.35277
17742	1.35276
17743	1.35275
17744	1.35273
17745	1.35272
17746	1.3527
17747	1.35268
17748	1.35267
17749	1.35265
17750	1.35264
17751	1.35262
17752	1.3526
17753	1.35258
17754	1.35256
17755	1.35255
17756	1.35253
17757	1.35251
17758	1.35249
17759	1.35247
17760	1.35245
17761	1.35243
17762	1.35241
17763	1.35239
17764	1.35237
17765	1.35234
17766	1.35232
17767	1.3523
17768	1.35228
17769	1.35226
17770	1.35223
17771	1.35221
17772	1.35219
17773	1.35216
17774	1.35214
17775	1.35212
17776	1.35209
17777	1.35207
17778	1.35204
17779	1.35202
17780	1.352
17781	1.35197
17782	1.35195
17783	1.35192
17784	1.35189
17785	1.35187
17786	1.35184
17787	1.35182
17788	1.35179
17789	1.35177
17790	1.35174
17791	1.35171
17792	1.35169
17793	1.35166
17794	1.35164
17795	1.35161
17796	1.35158
17797	1.35156
17798	1.35153
17799	1.3515
17800	1.35148
17801	1.35145
17802	1.35142
17803	1.3514
17804	1.35137
17805	1.35134
17806	1.35132
17807	1.35129
17808	1.35126
17809	1.35124
17810	1.35121
17811	1.35118
17812	1.35116
17813	1.35113
17814	1.3511
17815	1.35108
17816	1.35105
17817	1.35102
17818	1.351
17819	1.35097
17820	1.35095
17821	1.35092
17822	1.3509
17823	1.35087
17824	1.35084
17825	1.35082
17826	1.35079
17827	1.35077
17828	1.35074
17829	1.35072
17830	1.3507
17831	1.35067
17832	1.35065
17833	1.35062
17834	1.3506
17835	1.35058
17836	1.35055
17837	1.35053
17838	1.35051
17839	1.35048
17840	1.35046
17841	1.35044
17842	1.35041
17843	1.35039
17844	1.35037
17845	1.35035
17846	1.35033
17847	1.35031
17848	1.35028
17849	1.35026
17850	1.35024
17851	1.35022
17852	1.3502
17853	1.35018
17854	1.35016
17855	1.35014
17856	1.35012
17857	1.3501
17858	1.35009
17859	1.35007
17860	1.35005
17861	1.35003
17862	1.35001
17863	1.34999
17864	1.34998
17865	1.34996
17866	1.34994
17867	1.34992
17868	1.34991
17869	1.34989
17870	1.34987
17871	1.34986
17872	1.34984
17873	1.34983
17874	1.34981
17875	1.34979
17876	1.34978
17877	1.34976
17878	1.34975
17879	1.34973
17880	1.34972
17881	1.34971
17882	1.34969
17883	1.34968
17884	1.34966
17885	1.34965
17886	1.34964
17887	1.34962
17888	1.34961
17889	1.3496
17890	1.34958
17891	1.34957
17892	1.34956
17893	1.34955
17894	1.34954
17895	1.34952
17896	1.34951
17897	1.3495
17898	1.34949
17899	1.34948
17900	1.34946
17901	1.34945
17902	1.34944
17903	1.34943
17904	1.34942
17905	1.34941
17906	1.3494
17907	1.34939
17908	1.34938
17909	1.34937
17910	1.34936
17911	1.34935
17912	1.34934
17913	1.34933
17914	1.34931
17915	1.3493
17916	1.34929
17917	1.34928
17918	1.34927
17919	1.34926
17920	1.34925
17921	1.34925
17922	1.34924
17923	1.34923
17924	1.34922
17925	1.34921
17926	1.3492
17927	1.34919
17928	1.34918
17929	1.34917
17930	1.34916
17931	1.34915
17932	1.34914
17933	1.34913
17934	1.34912
17935	1.34911
17936	1.3491
17937	1.34909
17938	1.34908
17939	1.34907
17940	1.34906
17941	1.34905
17942	1.34904
17943	1.34903
17944	1.34902
17945	1.34901
17946	1.349
17947	1.34899
17948	1.34898
17949	1.34897
17950	1.34896
17951	1.34895
17952	1.34894
17953	1.34893
17954	1.34892
17955	1.34891
17956	1.3489
17957	1.34889
17958	1.34888
17959	1.34887
17960	1.34886
17961	1.34885
17962	1.34884
17963	1.34883
17964	1.34882
17965	1.34881
17966	1.3488
17967	1.34879
17968	1.34878
17969	1.34877
17970	1.34876
17971	1.34875
17972	1.34874
17973	1.34873
17974	1.34872
17975	1.34871
17976	1.3487
17977	1.34869
17978	1.34868
17979	1.34867
17980	1.34866
17981	1.34865
17982	1.34864
17983	1.34863
17984	1.34862
17985	1.34861
17986	1.3486
17987	1.34859
17988	1.34858
17989	1.34857
17990	1.34856
17991	1.34855
17992	1.34854
17993	1.34853
17994	1.34852
17995	1.34851
17996	1.3485
17997	1.34849
17998	1.34848
17999	1.34847
18000	1.34846
18001	1.34845
18002	1.34844
18003	1.34843
18004	1.34842
18005	1.34841
18006	1.3484
18007	1.34839
18008	1.34838
18009	1.34837
18010	1.34836
18011	1.34836
18012	1.34835
18013	1.34834
18014	1.34833
18015	1.34832
18016	1.34831
18017	1.34831
18018	1.3483
18019	1.34829
18020	1.34828
18021	1.34828
18022	1.34827
18023	1.34826
18024	1.34826
18025	1.34825
18026	1.34824
18027	1.34824
18028	1.34823
18029	1.34822
18030	1.34822
18031	1.34821
18032	1.34821
18033	1.3482
18034	1.3482
18035	1.34819
18036	1.34819
18037	1.34818
18038	1.34818
18039	1.34817
18040	1.34817
18041	1.34817
18042	1.34816
18043	1.34816
18044	1.34816
18045	1.34816
18046	1.34815
18047	1.34815
18048	1.34815
18049	1.34815
18050	1.34815
18051	1.34814
18052	1.34814
18053	1.34814
18054	1.34814
18055	1.34814
18056	1.34814
18057	1.34814
18058	1.34814
18059	1.34814
18060	1.34814
18061	1.34815
18062	1.34815
18063	1.34815
18064	1.34815
18065	1.34815
18066	1.34816
18067	1.34816
18068	1.34816
18069	1.34816
18070	1.34817
18071	1.34817
18072	1.34818
18073	1.34818
18074	1.34819
18075	1.34819
18076	1.3482
18077	1.3482
18078	1.34821
18079	1.34821
18080	1.34822
18081	1.34822
18082	1.34823
18083	1.34824
18084	1.34825
18085	1.34825
18086	1.34826
18087	1.34827
18088	1.34828
18089	1.34829
18090	1.34829
18091	1.3483
18092	1.34831
18093	1.34832
18094	1.34833
18095	1.34834
18096	1.34835
18097	1.34836
18098	1.34837
18099	1.34838
18100	1.3484
18101	1.34841
18102	1.34842
18103	1.34843
18104	1.34844
18105	1.34846
18106	1.34847
18107	1.34848
18108	1.34849
18109	1.34851
18110	1.34852
18111	1.34853
18112	1.34855
18113	1.34856
18114	1.34858
18115	1.34859
18116	1.34861
18117	1.34862
18118	1.34864
18119	1.34865
18120	1.34867
18121	1.34868
18122	1.3487
18123	1.34872
18124	1.34873
18125	1.34875
18126	1.34877
18127	1.34878
18128	1.3488
18129	1.34882
18130	1.34884
18131	1.34885
18132	1.34887
18133	1.34889
18134	1.34891
18135	1.34893
18136	1.34895
18137	1.34896
18138	1.34898
18139	1.349
18140	1.34902
18141	1.34904
18142	1.34906
18143	1.34908
18144	1.3491
18145	1.34912
18146	1.34914
18147	1.34916
18148	1.34918
18149	1.3492
18150	1.34922
18151	1.34925
18152	1.34927
18153	1.34929
18154	1.34931
18155	1.34933
18156	1.34935
18157	1.34937
18158	1.3494
18159	1.34942
18160	1.34944
18161	1.34946
18162	1.34949
18163	1.34951
18164	1.34953
18165	1.34955
18166	1.34958
18167	1.3496
18168	1.34962
18169	1.34965
18170	1.34967
18171	1.3497
18172	1.34972
18173	1.34974
18174	1.34977
18175	1.34979
18176	1.34982
18177	1.34984
18178	1.34986
18179	1.34989
18180	1.34991
18181	1.34994
18182	1.34996
18183	1.34999
18184	1.35001
18185	1.35004
18186	1.35006
18187	1.35009
18188	1.35011
18189	1.35014
18190	1.35017
18191	1.35019
18192	1.35022
18193	1.35024
18194	1.35027
18195	1.3503
18196	1.35032
18197	1.35035
18198	1.35037
18199	1.3504
18200	1.35043
18201	1.35045
18202	1.35048
18203	1.35051
18204	1.35053
18205	1.35056
18206	1.35059
18207	1.35061
18208	1.35064
18209	1.35067
18210	1.3507
18211	1.35072
18212	1.35075
18213	1.35078
18214	1.35081
18215	1.35083
18216	1.35086
18217	1.35089
18218	1.35092
18219	1.35095
18220	1.35097
18221	1.351
18222	1.35103
18223	1.35106
18224	1.35109
18225	1.35111
18226	1.35114
18227	1.35117
18228	1.3512
18229	1.35123
18230	1.35126
18231	1.35128
18232	1.35131
18233	1.35134
18234	1.35137
18235	1.3514
18236	1.35143
18237	1.35146
18238	1.35149
18239	1.35152
18240	1.35154
18241	1.35157
18242	1.3516
18243	1.35163
18244	1.35166
18245	1.35169
18246	1.35172
18247	1.35175
18248	1.35178
18249	1.35181
18250	1.35184
18251	1.35187
18252	1.3519
18253	1.35193
18254	1.35196
18255	1.35199
18256	1.35202
18257	1.35204
18258	1.35207
18259	1.3521
18260	1.35213
18261	1.35216
18262	1.35219
18263	1.35222
18264	1.35225
18265	1.35228
18266	1.35231
18267	1.35234
18268	1.35237
18269	1.3524
18270	1.35243
18271	1.35246
18272	1.35249
18273	1.35252
18274	1.35255
18275	1.35258
18276	1.35261
18277	1.35264
18278	1.35267
18279	1.3527
18280	1.35273
18281	1.35277
18282	1.3528
18283	1.35283
18284	1.35286
18285	1.35289
18286	1.35292
18287	1.35295
18288	1.35298
18289	1.35301
18290	1.35304
18291	1.35307
18292	1.3531
18293	1.35313
18294	1.35316
18295	1.35319
18296	1.35322
18297	1.35325
18298	1.35328
18299	1.35331
18300	1.35334
18301	1.35337
18302	1.3534
18303	1.35343
18304	1.35346
18305	1.35349
18306	1.35352
18307	1.35355
18308	1.35358
18309	1.35361
18310	1.35364
18311	1.35367
18312	1.3537
18313	1.35373
18314	1.35376
18315	1.35379
18316	1.35382
18317	1.35385
18318	1.35388
18319	1.35391
18320	1.35394
18321	1.35397
18322	1.354
18323	1.35403
18324	1.35406
18325	1.35409
18326	1.35412
18327	1.35415
18328	1.35418
18329	1.35421
18330	1.35424
18331	1.35427
18332	1.3543
18333	1.35433
18334	1.35436
18335	1.35439
18336	1.35442
18337	1.35445
18338	1.35448
18339	1.3545
18340	1.35453
18341	1.35456
18342	1.35459
18343	1.35462
18344	1.35465
18345	1.35468
18346	1.35471
18347	1.35474
18348	1.35477
18349	1.3548
18350	1.35482
18351	1.35485
18352	1.35488
18353	1.35491
18354	1.35494
18355	1.35497
18356	1.355
18357	1.35502
18358	1.35505
18359	1.35508
18360	1.35511
18361	1.35514
18362	1.35517
18363	1.35519
18364	1.35522
18365	1.35525
18366	1.35528
18367	1.35531
18368	1.35533
18369	1.35536
18370	1.35539
18371	1.35542
18372	1.35544
18373	1.35547
18374	1.3555
18375	1.35553
18376	1.35555
18377	1.35558
18378	1.35561
18379	1.35564
18380	1.35566
18381	1.35569
18382	1.35572
18383	1.35574
18384	1.35577
18385	1.3558
18386	1.35582
18387	1.35585
18388	1.35588
18389	1.3559
18390	1.35593
18391	1.35595
18392	1.35598
18393	1.35601
18394	1.35603
18395	1.35606
18396	1.35608
18397	1.35611
18398	1.35614
18399	1.35616
18400	1.35619
18401	1.35621
18402	1.35624
18403	1.35626
18404	1.35629
18405	1.35631
18406	1.35634
18407	1.35636
18408	1.35639
18409	1.35641
18410	1.35644
18411	1.35646
18412	1.35649
18413	1.35651
18414	1.35654
18415	1.35656
18416	1.35658
18417	1.35661
18418	1.35663
18419	1.35666
18420	1.35668
18421	1.3567
18422	1.35673
18423	1.35675
18424	1.35677
18425	1.3568
18426	1.35682
18427	1.35684
18428	1.35687
18429	1.35689
18430	1.35691
18431	1.35694
18432	1.35696
18433	1.35698
18434	1.357
18435	1.35703
18436	1.35705
18437	1.35707
18438	1.35709
18439	1.35711
18440	1.35714
18441	1.35716
18442	1.35718
18443	1.3572
18444	1.35722
18445	1.35724
18446	1.35727
18447	1.35729
18448	1.35731
18449	1.35733
18450	1.35735
18451	1.35737
18452	1.35739
18453	1.35741
18454	1.35743
18455	1.35745
18456	1.35747
18457	1.35749
18458	1.35751
18459	1.35753
18460	1.35755
18461	1.35757
18462	1.35759
18463	1.35761
18464	1.35763
18465	1.35765
18466	1.35767
18467	1.35769
18468	1.35771
18469	1.35773
18470	1.35775
18471	1.35776
18472	1.35778
18473	1.3578
18474	1.35782
18475	1.35784
18476	1.35786
18477	1.35787
18478	1.35789
18479	1.35791
18480	1.35793
18481	1.35795
18482	1.35796
18483	1.35798
18484	1.358
18485	1.35802
18486	1.35803
18487	1.35805
18488	1.35807
18489	1.35808
18490	1.3581
18491	1.35812
18492	1.35813
18493	1.35815
18494	1.35817
18495	1.35818
18496	1.3582
18497	1.35821
18498	1.35823
18499	1.35825
18500	1.35826
18501	1.35828
18502	1.35829
18503	1.35831
18504	1.35832
18505	1.35834
18506	1.35835
18507	1.35837
18508	1.35838
18509	1.3584
18510	1.35841
18511	1.35842
18512	1.35844
18513	1.35845
18514	1.35847
18515	1.35848
18516	1.3585
18517	1.35851
18518	1.35852
18519	1.35854
18520	1.35855
18521	1.35856
18522	1.35858
18523	1.35859
18524	1.3586
18525	1.35861
18526	1.35863
18527	1.35864
18528	1.35865
18529	1.35866
18530	1.35868
18531	1.35869
18532	1.3587
18533	1.35871
18534	1.35872
18535	1.35874
18536	1.35875
18537	1.35876
18538	1.35877
18539	1.35878
18540	1.35879
18541	1.3588
18542	1.35882
18543	1.35883
18544	1.35884
18545	1.35885
18546	1.35886
18547	1.35887
18548	1.35888
18549	1.35889
18550	1.3589
18551	1.35891
18552	1.35892
18553	1.35893
18554	1.35894
18555	1.35895
18556	1.35896
18557	1.35897
18558	1.35898
18559	1.35898
18560	1.35899
18561	1.359
18562	1.35901
18563	1.35902
18564	1.35903
18565	1.35904
18566	1.35905
18567	1.35905
18568	1.35906
18569	1.35907
18570	1.35908
18571	1.35909
18572	1.35909
18573	1.3591
18574	1.35911
18575	1.35912
18576	1.35912
18577	1.35913
18578	1.35914
18579	1.35915
18580	1.35915
18581	1.35916
18582	1.35917
18583	1.35917
18584	1.35918
18585	1.35919
18586	1.35919
18587	1.3592
18588	1.3592
18589	1.35921
18590	1.35922
18591	1.35922
18592	1.35923
18593	1.35923
18594	1.35924
18595	1.35925
18596	1.35925
18597	1.35926
18598	1.35926
18599	1.35927
18600	1.35927
18601	1.35928
18602	1.35928
18603	1.35929
18604	1.35929
18605	1.3593
18606	1.3593
18607	1.3593
18608	1.35931
18609	1.35931
18610	1.35932
18611	1.35932
18612	1.35933
18613	1.35933
18614	1.35933
18615	1.35934
18616	1.35934
18617	1.35935
18618	1.35935
18619	1.35935
18620	1.35936
18621	1.35936
18622	1.35936
18623	1.35937
18624	1.35937
18625	1.35937
18626	1.35937
18627	1.35938
18628	1.35938
18629	1.35938
18630	1.35939
18631	1.35939
18632	1.35939
18633	1.35939
18634	1.3594
18635	1.3594
18636	1.3594
18637	1.3594
18638	1.3594
18639	1.35941
18640	1.35941
18641	1.35941
18642	1.35941
18643	1.35941
18644	1.35942
18645	1.35942
18646	1.35942
18647	1.35942
18648	1.35942
18649	1.35942
18650	1.35943
18651	1.35943
18652	1.35943
18653	1.35943
18654	1.35943
18655	1.35943
18656	1.35943
18657	1.35943
18658	1.35943
18659	1.35944
18660	1.35944
18661	1.35944
18662	1.35944
18663	1.35944
18664	1.35944
18665	1.35944
18666	1.35944
18667	1.35944
18668	1.35944
18669	1.35944
18670	1.35944
18671	1.35944
18672	1.35944
18673	1.35944
18674	1.35944
18675	1.35944
18676	1.35944
18677	1.35944
18678	1.35944
18679	1.35944
18680	1.35944
18681	1.35944
18682	1.35944
18683	1.35944
18684	1.35944
18685	1.35944
18686	1.35944
18687	1.35944
18688	1.35944
18689	1.35944
18690	1.35944
18691	1.35944
18692	1.35944
18693	1.35944
18694	1.35944
18695	1.35944
18696	1.35944
18697	1.35944
18698	1.35944
18699	1.35944
18700	1.35944
18701	1.35944
18702	1.35944
18703	1.35944
18704	1.35944
18705	1.35943
18706	1.35943
18707	1.35943
18708	1.35943
18709	1.35943
18710	1.35943
18711	1.35943
18712	1.35943
18713	1.35943
18714	1.35943
18715	1.35943
18716	1.35943
18717	1.35943
18718	1.35942
18719	1.35942
18720	1.35942
18721	1.35942
18722	1.35942
18723	1.35942
18724	1.35942
18725	1.35942
18726	1.35942
18727	1.35942
18728	1.35942
18729	1.35941
18730	1.35941
18731	1.35941
18732	1.35941
18733	1.35941
18734	1.35941
18735	1.35941
18736	1.35941
18737	1.35941
18738	1.35941
18739	1.35941
18740	1.35941
18741	1.3594
18742	1.3594
18743	1.3594
18744	1.3594
18745	1.3594
18746	1.3594
18747	1.3594
18748	1.3594
18749	1.3594
18750	1.3594
18751	1.3594
18752	1.3594
18753	1.3594
18754	1.35939
18755	1.35939
18756	1.35939
18757	1.35939
18758	1.35939
18759	1.35939
18760	1.35939
18761	1.35939
18762	1.35939
18763	1.35939
18764	1.35939
18765	1.35939
18766	1.35939
18767	1.35939
18768	1.35939
18769	1.35939
18770	1.35939
18771	1.35939
18772	1.35939
18773	1.35939
18774	1.35938
18775	1.35938
18776	1.35938
18777	1.35938
18778	1.35938
18779	1.35938
18780	1.35938
18781	1.35938
18782	1.35938
18783	1.35938
18784	1.35938
18785	1.35938
18786	1.35938
18787	1.35938
18788	1.35938
18789	1.35938
18790	1.35938
18791	1.35939
18792	1.35939
18793	1.35939
18794	1.35939
18795	1.35939
18796	1.35939
18797	1.35939
18798	1.35939
18799	1.35939
18800	1.35939
18801	1.35939
18802	1.35939
18803	1.35939
18804	1.35939
18805	1.35939
18806	1.35939
18807	1.35939
18808	1.3594
18809	1.3594
18810	1.3594
18811	1.3594
18812	1.3594
18813	1.3594
18814	1.3594
18815	1.3594
18816	1.3594
18817	1.35941
18818	1.35941
18819	1.35941
18820	1.35941
18821	1.35941
18822	1.35941
18823	1.35942
18824	1.35942
18825	1.35942
18826	1.35942
18827	1.35942
18828	1.35942
18829	1.35943
18830	1.35943
18831	1.35943
18832	1.35943
18833	1.35943
18834	1.35944
18835	1.35944
18836	1.35944
18837	1.35944
18838	1.35945
18839	1.35945
18840	1.35945
18841	1.35945
18842	1.35946
18843	1.35946
18844	1.35946
18845	1.35946
18846	1.35947
18847	1.35947
18848	1.35947
18849	1.35948
18850	1.35948
18851	1.35948
18852	1.35948
18853	1.35949
18854	1.35949
18855	1.35949
18856	1.3595
18857	1.3595
18858	1.3595
18859	1.35951
18860	1.35951
18861	1.35951
18862	1.35952
18863	1.35952
18864	1.35953
18865	1.35953
18866	1.35953
18867	1.35954
18868	1.35954
18869	1.35955
18870	1.35955
18871	1.35955
18872	1.35956
18873	1.35956
18874	1.35957
18875	1.35957
18876	1.35957
18877	1.35958
18878	1.35958
18879	1.35959
18880	1.35959
18881	1.3596
18882	1.3596
18883	1.35961
18884	1.35961
18885	1.35962
18886	1.35962
18887	1.35963
18888	1.35963
18889	1.35964
18890	1.35964
18891	1.35965
18892	1.35965
18893	1.35966
18894	1.35966
18895	1.35967
18896	1.35967
18897	1.35968
18898	1.35968
18899	1.35969
18900	1.3597
18901	1.3597
18902	1.35971
18903	1.35971
18904	1.35972
18905	1.35972
18906	1.35973
18907	1.35974
18908	1.35974
18909	1.35975
18910	1.35975
18911	1.35976
18912	1.35977
18913	1.35977
18914	1.35978
18915	1.35978
18916	1.35979
18917	1.3598
18918	1.3598
18919	1.35981
18920	1.35982
18921	1.35982
18922	1.35983
18923	1.35984
18924	1.35984
18925	1.35985
18926	1.35986
18927	1.35986
18928	1.35987
18929	1.35988
18930	1.35988
18931	1.35989
18932	1.3599
18933	1.35991
18934	1.35991
18935	1.35992
18936	1.35993
18937	1.35993
18938	1.35994
18939	1.35995
18940	1.35996
18941	1.35996
18942	1.35997
18943	1.35998
18944	1.35999
18945	1.35999
18946	1.36
18947	1.36001
18948	1.36002
18949	1.36002
18950	1.36003
18951	1.36004
18952	1.36005
18953	1.36005
18954	1.36006
18955	1.36007
18956	1.36008
18957	1.36009
18958	1.36009
18959	1.3601
18960	1.36011
18961	1.36012
18962	1.36013
18963	1.36013
18964	1.36014
18965	1.36015
18966	1.36016
18967	1.36017
18968	1.36017
18969	1.36018
18970	1.36019
18971	1.3602
18972	1.36021
18973	1.36021
18974	1.36022
18975	1.36023
18976	1.36024
18977	1.36025
18978	1.36026
18979	1.36026
18980	1.36027
18981	1.36028
18982	1.36029
18983	1.3603
18984	1.36031
18985	1.36031
18986	1.36032
18987	1.36033
18988	1.36034
18989	1.36035
18990	1.36036
18991	1.36036
18992	1.36037
18993	1.36038
18994	1.36039
18995	1.3604
18996	1.36041
18997	1.36041
18998	1.36042
18999	1.36043
19000	1.36044
19001	1.36045
19002	1.36046
19003	1.36046
19004	1.36047
19005	1.36048
19006	1.36049
19007	1.3605
19008	1.36051
19009	1.36051
19010	1.36052
19011	1.36053
19012	1.36054
19013	1.36055
19014	1.36055
19015	1.36056
19016	1.36057
19017	1.36058
19018	1.36059
19019	1.36059
19020	1.3606
19021	1.36061
19022	1.36062
19023	1.36063
19024	1.36063
19025	1.36064
19026	1.36065
19027	1.36066
19028	1.36067
19029	1.36067
19030	1.36068
19031	1.36069
19032	1.3607
19033	1.36071
19034	1.36071
19035	1.36072
19036	1.36073
19037	1.36074
19038	1.36074
19039	1.36075
19040	1.36076
19041	1.36077
19042	1.36077
19043	1.36078
19044	1.36079
19045	1.36079
19046	1.3608
19047	1.36081
19048	1.36082
19049	1.36082
19050	1.36083
19051	1.36084
19052	1.36084
19053	1.36085
19054	1.36086
19055	1.36086
19056	1.36087
19057	1.36088
19058	1.36088
19059	1.36089
19060	1.3609
19061	1.3609
19062	1.36091
19063	1.36091
19064	1.36092
19065	1.36093
19066	1.36093
19067	1.36094
19068	1.36094
19069	1.36095
19070	1.36095
19071	1.36096
19072	1.36097
19073	1.36097
19074	1.36098
19075	1.36098
19076	1.36099
19077	1.36099
19078	1.361
19079	1.361
19080	1.36101
19081	1.36101
19082	1.36102
19083	1.36102
19084	1.36103
19085	1.36103
19086	1.36104
19087	1.36104
19088	1.36104
19089	1.36105
19090	1.36105
19091	1.36106
19092	1.36106
19093	1.36106
19094	1.36107
19095	1.36107
19096	1.36107
19097	1.36108
19098	1.36108
19099	1.36108
19100	1.36109
19101	1.36109
19102	1.36109
19103	1.3611
19104	1.3611
19105	1.3611
19106	1.3611
19107	1.36111
19108	1.36111
19109	1.36111
19110	1.36111
19111	1.36112
19112	1.36112
19113	1.36112
19114	1.36112
19115	1.36112
19116	1.36112
19117	1.36112
19118	1.36113
19119	1.36113
19120	1.36113
19121	1.36113
19122	1.36113
19123	1.36113
19124	1.36113
19125	1.36113
19126	1.36113
19127	1.36113
19128	1.36113
19129	1.36113
19130	1.36113
19131	1.36113
19132	1.36113
19133	1.36113
19134	1.36113
19135	1.36113
19136	1.36113
19137	1.36113
19138	1.36113
19139	1.36112
19140	1.36112
19141	1.36112
19142	1.36112
19143	1.36112
19144	1.36112
19145	1.36111
19146	1.36111
19147	1.36111
19148	1.36111
19149	1.3611
19150	1.3611
19151	1.3611
19152	1.36109
19153	1.36109
19154	1.36109
19155	1.36108
19156	1.36108
19157	1.36108
19158	1.36107
19159	1.36107
19160	1.36106
19161	1.36106
19162	1.36106
19163	1.36105
19164	1.36105
19165	1.36104
19166	1.36104
19167	1.36103
19168	1.36103
19169	1.36102
19170	1.36102
19171	1.36101
19172	1.361
19173	1.361
19174	1.36099
19175	1.36098
19176	1.36098
19177	1.36097
19178	1.36096
19179	1.36096
19180	1.36095
19181	1.36094
19182	1.36094
19183	1.36093
19184	1.36092
19185	1.36091
19186	1.3609
19187	1.3609
19188	1.36089
19189	1.36088
19190	1.36087
19191	1.36086
19192	1.36085
19193	1.36084
19194	1.36083
19195	1.36082
19196	1.36081
19197	1.36081
19198	1.36079
19199	1.36078
19200	1.36077
19201	1.36076
19202	1.36075
19203	1.36074
19204	1.36073
19205	1.36072
19206	1.36071
19207	1.3607
19208	1.36069
19209	1.36067
19210	1.36066
19211	1.36065
19212	1.36064
19213	1.36062
19214	1.36061
19215	1.3606
19216	1.36059
19217	1.36057
19218	1.36056
19219	1.36055
19220	1.36053
19221	1.36052
19222	1.3605
19223	1.36049
19224	1.36048
19225	1.36046
19226	1.36045
19227	1.36043
19228	1.36042
19229	1.3604
19230	1.36038
19231	1.36037
19232	1.36035
19233	1.36034
19234	1.36032
19235	1.3603
19236	1.36029
19237	1.36027
19238	1.36025
19239	1.36024
19240	1.36022
19241	1.3602
19242	1.36018
19243	1.36017
19244	1.36015
19245	1.36013
19246	1.36011
19247	1.36009
19248	1.36007
19249	1.36006
19250	1.36004
19251	1.36002
19252	1.36
19253	1.35998
19254	1.35996
19255	1.35994
19256	1.35992
19257	1.3599
19258	1.35988
19259	1.35986
19260	1.35984
19261	1.35981
19262	1.35979
19263	1.35977
19264	1.35975
19265	1.35973
19266	1.35971
19267	1.35968
19268	1.35966
19269	1.35964
19270	1.35962
19271	1.35959
19272	1.35957
19273	1.35955
19274	1.35952
19275	1.3595
19276	1.35947
19277	1.35945
19278	1.35943
19279	1.3594
19280	1.35938
19281	1.35935
19282	1.35933
19283	1.3593
19284	1.35928
19285	1.35925
19286	1.35923
19287	1.3592
19288	1.35917
19289	1.35915
19290	1.35912
19291	1.35909
19292	1.35907
19293	1.35904
19294	1.35901
19295	1.35899
19296	1.35896
19297	1.35893
19298	1.3589
19299	1.35888
19300	1.35885
19301	1.35882
19302	1.35879
19303	1.35876
19304	1.35873
19305	1.3587
19306	1.35867
19307	1.35865
19308	1.35862
19309	1.35859
19310	1.35856
19311	1.35853
19312	1.3585
19313	1.35847
19314	1.35843
19315	1.3584
19316	1.35837
19317	1.35834
19318	1.35831
19319	1.35828
19320	1.35825
19321	1.35822
19322	1.35818
19323	1.35815
19324	1.35812
19325	1.35809
19326	1.35805
19327	1.35802
19328	1.35799
19329	1.35796
19330	1.35792
19331	1.35789
19332	1.35786
19333	1.35782
19334	1.35779
19335	1.35775
19336	1.35772
19337	1.35769
19338	1.35765
19339	1.35762
19340	1.35758
19341	1.35755
19342	1.35751
19343	1.35748
19344	1.35744
19345	1.3574
19346	1.35737
19347	1.35733
19348	1.3573
19349	1.35726
19350	1.35722
19351	1.35719
19352	1.35715
19353	1.35711
19354	1.35708
19355	1.35704
19356	1.357
19357	1.35696
19358	1.35693
19359	1.35689
19360	1.35685
19361	1.35681
19362	1.35678
19363	1.35674
19364	1.3567
19365	1.35666
19366	1.35662
19367	1.35658
19368	1.35654
19369	1.3565
19370	1.35646
19371	1.35642
19372	1.35638
19373	1.35634
19374	1.3563
19375	1.35626
19376	1.35622
19377	1.35618
19378	1.35614
19379	1.3561
19380	1.35606
19381	1.35602
19382	1.35598
19383	1.35594
19384	1.35589
19385	1.35585
19386	1.35581
19387	1.35577
19388	1.35573
19389	1.35568
19390	1.35564
19391	1.3556
19392	1.35556
19393	1.35551
19394	1.35547
19395	1.35543
19396	1.35538
19397	1.35534
19398	1.35529
19399	1.35525
19400	1.35521
19401	1.35516
19402	1.35512
19403	1.35507
19404	1.35503
19405	1.35498
19406	1.35494
19407	1.35489
19408	1.35485
19409	1.3548
19410	1.35476
19411	1.35471
19412	1.35466
19413	1.35462
19414	1.35457
19415	1.35452
19416	1.35448
19417	1.35443
19418	1.35438
19419	1.35434
19420	1.35429
19421	1.35424
19422	1.35419
19423	1.35414
19424	1.3541
19425	1.35405
19426	1.354
19427	1.35395
19428	1.3539
19429	1.35385
19430	1.3538
19431	1.35375
19432	1.3537
19433	1.35365
19434	1.3536
19435	1.35355
19436	1.3535
19437	1.35345
19438	1.3534
19439	1.35335
19440	1.3533
19441	1.35325
19442	1.35319
19443	1.35314
19444	1.35309
19445	1.35304
19446	1.35299
19447	1.35293
19448	1.35288
19449	1.35283
19450	1.35277
19451	1.35272
19452	1.35267
19453	1.35261
19454	1.35256
19455	1.35251
19456	1.35245
19457	1.3524
19458	1.35234
19459	1.35229
19460	1.35223
19461	1.35218
19462	1.35212
19463	1.35207
19464	1.35201
19465	1.35195
19466	1.3519
19467	1.35184
19468	1.35178
19469	1.35173
19470	1.35167
19471	1.35161
19472	1.35156
19473	1.3515
19474	1.35144
19475	1.35138
19476	1.35133
19477	1.35127
19478	1.35121
19479	1.35115
19480	1.35109
19481	1.35103
19482	1.35098
19483	1.35092
19484	1.35086
19485	1.3508
19486	1.35074
19487	1.35068
19488	1.35062
19489	1.35056
19490	1.3505
19491	1.35044
19492	1.35038
19493	1.35032
19494	1.35026
19495	1.3502
19496	1.35014
19497	1.35007
19498	1.35001
19499	1.34995
19500	1.34989
19501	1.34983
19502	1.34977
19503	1.34971
19504	1.34964
19505	1.34958
19506	1.34952
19507	1.34946
19508	1.3494
19509	1.34933
19510	1.34927
19511	1.34921
19512	1.34915
19513	1.34909
19514	1.34902
19515	1.34896
19516	1.3489
19517	1.34883
19518	1.34877
19519	1.34871
19520	1.34865
19521	1.34858
19522	1.34852
19523	1.34846
19524	1.3484
19525	1.34833
19526	1.34827
19527	1.34821
19528	1.34814
19529	1.34808
19530	1.34802
19531	1.34796
19532	1.34789
19533	1.34783
19534	1.34777
19535	1.3477
19536	1.34764
19537	1.34758
19538	1.34752
19539	1.34745
19540	1.34739
19541	1.34733
19542	1.34727
19543	1.3472
19544	1.34714
19545	1.34708
19546	1.34702
19547	1.34696
19548	1.34689
19549	1.34683
19550	1.34677
19551	1.34671
19552	1.34665
19553	1.34659
19554	1.34653
19555	1.34646
19556	1.3464
19557	1.34634
19558	1.34628
19559	1.34622
19560	1.34616
19561	1.3461
19562	1.34604
19563	1.34598
19564	1.34592
19565	1.34586
19566	1.3458
19567	1.34574
19568	1.34568
19569	1.34562
19570	1.34557
19571	1.34551
19572	1.34545
19573	1.34539
19574	1.34533
19575	1.34527
19576	1.34522
19577	1.34516
19578	1.3451
19579	1.34505
19580	1.34499
19581	1.34493
19582	1.34488
19583	1.34482
19584	1.34476
19585	1.34471
19586	1.34465
19587	1.3446
19588	1.34454
19589	1.34449
19590	1.34443
19591	1.34438
19592	1.34433
19593	1.34427
19594	1.34422
19595	1.34417
19596	1.34411
19597	1.34406
19598	1.34401
19599	1.34396
19600	1.3439
19601	1.34385
19602	1.3438
19603	1.34375
19604	1.3437
19605	1.34365
19606	1.3436
19607	1.34355
19608	1.3435
19609	1.34345
19610	1.3434
19611	1.34335
19612	1.3433
19613	1.34325
19614	1.34321
19615	1.34316
19616	1.34311
19617	1.34306
19618	1.34302
19619	1.34297
19620	1.34292
19621	1.34288
19622	1.34283
19623	1.34279
19624	1.34274
19625	1.3427
19626	1.34265
19627	1.34261
19628	1.34257
19629	1.34252
19630	1.34248
19631	1.34244
19632	1.34239
19633	1.34235
19634	1.34231
19635	1.34227
19636	1.34223
19637	1.34219
19638	1.34215
19639	1.3421
19640	1.34206
19641	1.34203
19642	1.34199
19643	1.34195
19644	1.34191
19645	1.34187
19646	1.34183
19647	1.34179
19648	1.34176
19649	1.34172
19650	1.34168
19651	1.34164
19652	1.34161
19653	1.34157
19654	1.34154
19655	1.3415
19656	1.34147
19657	1.34143
19658	1.3414
19659	1.34136
19660	1.34133
19661	1.3413
19662	1.34126
19663	1.34123
19664	1.3412
19665	1.34116
19666	1.34113
19667	1.3411
19668	1.34107
19669	1.34104
19670	1.34101
19671	1.34098
19672	1.34095
19673	1.34092
19674	1.34089
19675	1.34086
19676	1.34083
19677	1.3408
19678	1.34077
19679	1.34075
19680	1.34072
19681	1.34069
19682	1.34066
19683	1.34064
19684	1.34061
19685	1.34059
19686	1.34056
19687	1.34053
19688	1.34051
19689	1.34048
19690	1.34046
19691	1.34044
19692	1.34041
19693	1.34039
19694	1.34037
19695	1.34034
19696	1.34032
19697	1.3403
19698	1.34028
19699	1.34025
19700	1.34023
19701	1.34021
19702	1.34019
19703	1.34017
19704	1.34015
19705	1.34013
19706	1.34011
19707	1.34009
19708	1.34007
19709	1.34005
19710	1.34003
19711	1.34002
19712	1.34
19713	1.33998
19714	1.33996
19715	1.33995
19716	1.33993
19717	1.33991
19718	1.3399
19719	1.33988
19720	1.33987
19721	1.33985
19722	1.33984
19723	1.33982
19724	1.33981
19725	1.33979
19726	1.33978
19727	1.33976
19728	1.33975
19729	1.33974
19730	1.33973
19731	1.33971
19732	1.3397
19733	1.33969
19734	1.33968
19735	1.33966
19736	1.33965
19737	1.33964
19738	1.33963
19739	1.33962
19740	1.33961
19741	1.3396
19742	1.33959
19743	1.33958
19744	1.33957
19745	1.33956
19746	1.33956
19747	1.33955
19748	1.33954
19749	1.33953
19750	1.33952
19751	1.33952
19752	1.33951
19753	1.3395
19754	1.33949
19755	1.33949
19756	1.33948
19757	1.33948
19758	1.33947
19759	1.33946
19760	1.33946
19761	1.33945
19762	1.33945
19763	1.33944
19764	1.33944
19765	1.33943
19766	1.33943
19767	1.33943
19768	1.33942
19769	1.33942
19770	1.33942
19771	1.33941
19772	1.33941
19773	1.33941
19774	1.3394
19775	1.3394
19776	1.3394
19777	1.3394
19778	1.3394
19779	1.3394
19780	1.33939
19781	1.33939
19782	1.33939
19783	1.33939
19784	1.33939
19785	1.33939
19786	1.33939
19787	1.33939
19788	1.33939
19789	1.33939
19790	1.33939
19791	1.33939
19792	1.33939
19793	1.33939
19794	1.3394
19795	1.3394
19796	1.3394
19797	1.3394
19798	1.3394
19799	1.33941
19800	1.33941
19801	1.33941
19802	1.33941
19803	1.33942
19804	1.33942
19805	1.33942
19806	1.33943
19807	1.33943
19808	1.33943
19809	1.33944
19810	1.33944
19811	1.33944
19812	1.33945
19813	1.33945
19814	1.33946
19815	1.33946
19816	1.33947
19817	1.33947
19818	1.33948
19819	1.33948
19820	1.33949
19821	1.3395
19822	1.3395
19823	1.33951
19824	1.33951
19825	1.33952
19826	1.33953
19827	1.33953
19828	1.33954
19829	1.33955
19830	1.33956
19831	1.33956
19832	1.33957
19833	1.33958
19834	1.33959
19835	1.33959
19836	1.3396
19837	1.33961
19838	1.33962
19839	1.33963
19840	1.33964
19841	1.33965
19842	1.33965
19843	1.33966
19844	1.33967
19845	1.33968
19846	1.33969
19847	1.3397
19848	1.33971
19849	1.33972
19850	1.33973
19851	1.33974
19852	1.33975
19853	1.33977
19854	1.33978
19855	1.33979
19856	1.3398
19857	1.33981
19858	1.33982
19859	1.33983
19860	1.33985
19861	1.33986
19862	1.33987
19863	1.33988
19864	1.33989
19865	1.33991
19866	1.33992
19867	1.33993
19868	1.33995
19869	1.33996
19870	1.33997
19871	1.33999
19872	1.34
19873	1.34001
19874	1.34003
19875	1.34004
19876	1.34006
19877	1.34007
19878	1.34009
19879	1.3401
19880	1.34012
19881	1.34013
19882	1.34015
19883	1.34016
19884	1.34018
19885	1.34019
19886	1.34021
19887	1.34023
19888	1.34024
19889	1.34026
19890	1.34028
19891	1.34029
19892	1.34031
19893	1.34033
19894	1.34034
19895	1.34036
19896	1.34038
19897	1.3404
19898	1.34041
19899	1.34043
19900	1.34045
19901	1.34047
19902	1.34049
19903	1.3405
19904	1.34052
19905	1.34054
19906	1.34056
19907	1.34058
19908	1.3406
19909	1.34062
19910	1.34064
19911	1.34066
19912	1.34068
19913	1.3407
19914	1.34072
19915	1.34074
19916	1.34076
19917	1.34078
19918	1.3408
19919	1.34082
19920	1.34084
19921	1.34086
19922	1.34088
19923	1.3409
19924	1.34092
19925	1.34095
19926	1.34097
19927	1.34099
19928	1.34101
19929	1.34103
19930	1.34105
19931	1.34108
19932	1.3411
19933	1.34112
19934	1.34114
19935	1.34117
19936	1.34119
19937	1.34121
19938	1.34123
19939	1.34126
19940	1.34128
19941	1.3413
19942	1.34133
19943	1.34135
19944	1.34137
19945	1.3414
19946	1.34142
19947	1.34144
19948	1.34147
19949	1.34149
19950	1.34152
19951	1.34154
19952	1.34156
19953	1.34159
19954	1.34161
19955	1.34164
19956	1.34166
19957	1.34168
19958	1.34171
19959	1.34173
19960	1.34176
19961	1.34178
19962	1.34181
19963	1.34183
19964	1.34186
19965	1.34188
19966	1.34191
19967	1.34193
19968	1.34196
19969	1.34198
19970	1.34201
19971	1.34203
19972	1.34206
19973	1.34208
19974	1.34211
19975	1.34214
19976	1.34216
19977	1.34219
19978	1.34221
19979	1.34224
19980	1.34226
19981	1.34229
19982	1.34231
19983	1.34234
19984	1.34237
19985	1.34239
19986	1.34242
19987	1.34244
19988	1.34247
19989	1.3425
19990	1.34252
19991	1.34255
19992	1.34257
19993	1.3426
19994	1.34263
19995	1.34265
19996	1.34268
19997	1.3427
19998	1.34273
19999	1.34276
20000	1.34278
20001	1.34281
20002	1.34284
20003	1.34286
20004	1.34289
20005	1.34291
20006	1.34294
20007	1.34297
20008	1.34299
20009	1.34302
20010	1.34304
20011	1.34307
20012	1.3431
20013	1.34312
20014	1.34315
20015	1.34318
20016	1.3432
20017	1.34323
20018	1.34325
20019	1.34328
20020	1.34331
20021	1.34333
20022	1.34336
20023	1.34338
20024	1.34341
20025	1.34344
20026	1.34346
20027	1.34349
20028	1.34352
20029	1.34354
20030	1.34357
20031	1.34359
20032	1.34362
20033	1.34365
20034	1.34367
20035	1.3437
20036	1.34372
20037	1.34375
20038	1.34377
20039	1.3438
20040	1.34383
20041	1.34385
20042	1.34388
20043	1.3439
20044	1.34393
20045	1.34396
20046	1.34398
20047	1.34401
20048	1.34403
20049	1.34406
20050	1.34408
20051	1.34411
20052	1.34413
20053	1.34416
20054	1.34418
20055	1.34421
20056	1.34424
20057	1.34426
20058	1.34429
20059	1.34431
20060	1.34434
20061	1.34436
20062	1.34439
20063	1.34441
20064	1.34444
20065	1.34446
20066	1.34449
20067	1.34451
20068	1.34454
20069	1.34456
20070	1.34459
20071	1.34461
20072	1.34464
20073	1.34466
20074	1.34469
20075	1.34471
20076	1.34473
20077	1.34476
20078	1.34478
20079	1.34481
20080	1.34483
20081	1.34486
20082	1.34488
20083	1.3449
20084	1.34493
20085	1.34495
20086	1.34498
20087	1.345
20088	1.34502
20089	1.34505
20090	1.34507
20091	1.3451
20092	1.34512
20093	1.34514
20094	1.34517
20095	1.34519
20096	1.34521
20097	1.34524
20098	1.34526
20099	1.34528
20100	1.34531
20101	1.34533
20102	1.34535
20103	1.34537
20104	1.3454
20105	1.34542
20106	1.34544
20107	1.34546
20108	1.34549
20109	1.34551
20110	1.34553
20111	1.34555
20112	1.34558
20113	1.3456
20114	1.34562
20115	1.34564
20116	1.34566
20117	1.34569
20118	1.34571
20119	1.34573
20120	1.34575
20121	1.34577
20122	1.34579
20123	1.34581
20124	1.34583
20125	1.34586
20126	1.34588
20127	1.3459
20128	1.34592
20129	1.34594
20130	1.34596
20131	1.34598
20132	1.346
20133	1.34602
20134	1.34604
20135	1.34606
20136	1.34608
20137	1.3461
20138	1.34612
20139	1.34614
20140	1.34616
20141	1.34618
20142	1.3462
20143	1.34621
20144	1.34623
20145	1.34625
20146	1.34627
20147	1.34629
20148	1.34631
20149	1.34633
20150	1.34634
20151	1.34636
20152	1.34638
20153	1.3464
20154	1.34642
20155	1.34643
20156	1.34645
20157	1.34647
20158	1.34649
20159	1.3465
20160	1.34652
20161	1.34654
20162	1.34655
20163	1.34657
20164	1.34659
20165	1.3466
20166	1.34662
20167	1.34663
20168	1.34665
20169	1.34667
20170	1.34668
20171	1.3467
20172	1.34671
20173	1.34673
20174	1.34674
20175	1.34676
20176	1.34677
20177	1.34679
20178	1.3468
20179	1.34682
20180	1.34683
20181	1.34684
20182	1.34686
20183	1.34687
20184	1.34689
20185	1.3469
20186	1.34691
20187	1.34693
20188	1.34694
20189	1.34695
20190	1.34696
20191	1.34698
20192	1.34699
20193	1.347
20194	1.34701
20195	1.34702
20196	1.34704
20197	1.34705
20198	1.34706
20199	1.34707
20200	1.34708
20201	1.34709
20202	1.3471
20203	1.34712
20204	1.34713
20205	1.34714
20206	1.34715
20207	1.34716
20208	1.34717
20209	1.34718
20210	1.34719
20211	1.3472
20212	1.34721
20213	1.34721
20214	1.34722
20215	1.34723
20216	1.34724
20217	1.34725
20218	1.34726
20219	1.34727
20220	1.34727
20221	1.34728
20222	1.34729
20223	1.3473
20224	1.34731
20225	1.34731
20226	1.34732
20227	1.34733
20228	1.34733
20229	1.34734
20230	1.34735
20231	1.34735
20232	1.34736
20233	1.34737
20234	1.34737
20235	1.34738
20236	1.34738
20237	1.34739
20238	1.34739
20239	1.3474
20240	1.3474
20241	1.34741
20242	1.34741
20243	1.34742
20244	1.34742
20245	1.34743
20246	1.34743
20247	1.34744
20248	1.34744
20249	1.34744
20250	1.34745
20251	1.34745
20252	1.34745
20253	1.34746
20254	1.34746
20255	1.34746
20256	1.34746
20257	1.34747
20258	1.34747
20259	1.34747
20260	1.34747
20261	1.34748
20262	1.34748
20263	1.34748
20264	1.34748
20265	1.34748
20266	1.34748
20267	1.34748
20268	1.34748
20269	1.34748
20270	1.34749
20271	1.34749
20272	1.34749
20273	1.34749
20274	1.34749
20275	1.34749
20276	1.34748
20277	1.34748
20278	1.34748
20279	1.34748
20280	1.34748
20281	1.34748
20282	1.34748
20283	1.34748
20284	1.34748
20285	1.34747
20286	1.34747
20287	1.34747
20288	1.34747
20289	1.34747
20290	1.34746
20291	1.34746
20292	1.34746
20293	1.34745
20294	1.34745
20295	1.34745
20296	1.34745
20297	1.34744
20298	1.34744
20299	1.34743
20300	1.34743
20301	1.34743
20302	1.34742
20303	1.34742
20304	1.34741
20305	1.34741
20306	1.3474
20307	1.3474
20308	1.34739
20309	1.34739
20310	1.34738
20311	1.34738
20312	1.34737
20313	1.34737
20314	1.34736
20315	1.34735
20316	1.34735
20317	1.34734
20318	1.34734
20319	1.34733
20320	1.34732
20321	1.34731
20322	1.34731
20323	1.3473
20324	1.34729
20325	1.34729
20326	1.34728
20327	1.34727
20328	1.34726
20329	1.34725
20330	1.34725
20331	1.34724
20332	1.34723
20333	1.34722
20334	1.34721
20335	1.3472
20336	1.3472
20337	1.34719
20338	1.34718
20339	1.34717
20340	1.34716
20341	1.34715
20342	1.34714
20343	1.34713
20344	1.34712
20345	1.34711
20346	1.3471
20347	1.34709
20348	1.34708
20349	1.34707
20350	1.34706
20351	1.34705
20352	1.34704
20353	1.34702
20354	1.34701
20355	1.347
20356	1.34699
20357	1.34698
20358	1.34697
20359	1.34696
20360	1.34694
20361	1.34693
20362	1.34692
20363	1.34691
20364	1.3469
20365	1.34688
20366	1.34687
20367	1.34686
20368	1.34685
20369	1.34683
20370	1.34682
20371	1.34681
20372	1.34679
20373	1.34678
20374	1.34677
20375	1.34675
20376	1.34674
20377	1.34673
20378	1.34671
20379	1.3467
20380	1.34668
20381	1.34667
20382	1.34666
20383	1.34664
20384	1.34663
20385	1.34661
20386	1.3466
20387	1.34658
20388	1.34657
20389	1.34655
20390	1.34654
20391	1.34652
20392	1.34651
20393	1.34649
20394	1.34648
20395	1.34646
20396	1.34645
20397	1.34643
20398	1.34642
20399	1.3464
20400	1.34639
20401	1.34637
20402	1.34635
20403	1.34634
20404	1.34632
20405	1.34631
20406	1.34629
20407	1.34627
20408	1.34626
20409	1.34624
20410	1.34622
20411	1.34621
20412	1.34619
20413	1.34617
20414	1.34616
20415	1.34614
20416	1.34612
20417	1.34611
20418	1.34609
20419	1.34607
20420	1.34605
20421	1.34604
20422	1.34602
20423	1.346
20424	1.34599
20425	1.34597
20426	1.34595
20427	1.34593
20428	1.34591
20429	1.3459
20430	1.34588
20431	1.34586
20432	1.34584
20433	1.34583
20434	1.34581
20435	1.34579
20436	1.34577
20437	1.34575
20438	1.34573
20439	1.34572
20440	1.3457
20441	1.34568
20442	1.34566
20443	1.34564
20444	1.34562
20445	1.34561
20446	1.34559
20447	1.34557
20448	1.34555
20449	1.34553
20450	1.34551
20451	1.34549
20452	1.34548
20453	1.34546
20454	1.34544
20455	1.34542
20456	1.3454
20457	1.34538
20458	1.34536
20459	1.34534
20460	1.34532
20461	1.34531
20462	1.34529
20463	1.34527
20464	1.34525
20465	1.34523
20466	1.34521
20467	1.34519
20468	1.34517
20469	1.34515
20470	1.34513
20471	1.34511
20472	1.3451
20473	1.34508
20474	1.34506
20475	1.34504
20476	1.34502
20477	1.345
20478	1.34498
20479	1.34496
20480	1.34494
20481	1.34492
20482	1.3449
20483	1.34488
20484	1.34486
20485	1.34484
20486	1.34483
20487	1.34481
20488	1.34479
20489	1.34477
20490	1.34475
20491	1.34473
20492	1.34471
20493	1.34469
20494	1.34467
20495	1.34465
20496	1.34463
20497	1.34461
20498	1.34459
20499	1.34457
20500	1.34455
20501	1.34453
20502	1.34452
20503	1.3445
20504	1.34448
20505	1.34446
20506	1.34444
20507	1.34442
20508	1.3444
20509	1.34438
20510	1.34436
20511	1.34434
20512	1.34432
20513	1.3443
20514	1.34429
20515	1.34427
20516	1.34425
20517	1.34423
20518	1.34421
20519	1.34419
20520	1.34417
20521	1.34415
20522	1.34413
20523	1.34411
20524	1.3441
20525	1.34408
20526	1.34406
20527	1.34404
20528	1.34402
20529	1.344
20530	1.34398
20531	1.34396
20532	1.34395
20533	1.34393
20534	1.34391
20535	1.34389
20536	1.34387
20537	1.34385
20538	1.34383
20539	1.34382
20540	1.3438
20541	1.34378
20542	1.34376
20543	1.34374
20544	1.34373
20545	1.34371
20546	1.34369
20547	1.34367
20548	1.34365
20549	1.34364
20550	1.34362
20551	1.3436
20552	1.34358
20553	1.34356
20554	1.34355
20555	1.34353
20556	1.34351
20557	1.34349
20558	1.34348
20559	1.34346
20560	1.34344
20561	1.34342
20562	1.34341
20563	1.34339
20564	1.34337
20565	1.34336
20566	1.34334
20567	1.34332
20568	1.34331
20569	1.34329
20570	1.34327
20571	1.34325
20572	1.34324
20573	1.34322
20574	1.34321
20575	1.34319
20576	1.34317
20577	1.34316
20578	1.34314
20579	1.34312
20580	1.34311
20581	1.34309
20582	1.34308
20583	1.34306
20584	1.34304
20585	1.34303
20586	1.34301
20587	1.343
20588	1.34298
20589	1.34297
20590	1.34295
20591	1.34294
20592	1.34292
20593	1.34291
20594	1.34289
20595	1.34288
20596	1.34286
20597	1.34285
20598	1.34283
20599	1.34282
20600	1.3428
20601	1.34279
20602	1.34277
20603	1.34276
20604	1.34275
20605	1.34273
20606	1.34272
20607	1.3427
20608	1.34269
20609	1.34268
20610	1.34266
20611	1.34265
20612	1.34263
20613	1.34262
20614	1.34261
20615	1.34259
20616	1.34258
20617	1.34257
20618	1.34256
20619	1.34254
20620	1.34253
20621	1.34252
20622	1.3425
20623	1.34249
20624	1.34248
20625	1.34247
20626	1.34246
20627	1.34244
20628	1.34243
20629	1.34242
20630	1.34241
20631	1.3424
20632	1.34238
20633	1.34237
20634	1.34236
20635	1.34235
20636	1.34234
20637	1.34233
20638	1.34232
20639	1.34231
20640	1.34229
20641	1.34228
20642	1.34227
20643	1.34226
20644	1.34225
20645	1.34224
20646	1.34223
20647	1.34222
20648	1.34221
20649	1.3422
20650	1.34219
20651	1.34218
20652	1.34217
20653	1.34216
20654	1.34215
20655	1.34214
20656	1.34214
20657	1.34213
20658	1.34212
20659	1.34211
20660	1.3421
20661	1.34209
20662	1.34208
20663	1.34207
20664	1.34207
20665	1.34206
20666	1.34205
20667	1.34204
20668	1.34203
20669	1.34203
20670	1.34202
20671	1.34201
20672	1.342
20673	1.342
20674	1.34199
20675	1.34198
20676	1.34198
20677	1.34197
20678	1.34196
20679	1.34196
20680	1.34195
20681	1.34194
20682	1.34194
20683	1.34193
20684	1.34192
20685	1.34192
20686	1.34191
20687	1.34191
20688	1.3419
20689	1.3419
20690	1.34189
20691	1.34189
20692	1.34188
20693	1.34188
20694	1.34187
20695	1.34187
20696	1.34186
20697	1.34186
20698	1.34185
20699	1.34185
20700	1.34184
20701	1.34184
20702	1.34184
20703	1.34183
20704	1.34183
20705	1.34182
20706	1.34182
20707	1.34182
20708	1.34181
20709	1.34181
20710	1.34181
20711	1.3418
20712	1.3418
20713	1.3418
20714	1.3418
20715	1.34179
20716	1.34179
20717	1.34179
20718	1.34179
20719	1.34178
20720	1.34178
20721	1.34178
20722	1.34178
20723	1.34178
20724	1.34178
20725	1.34178
20726	1.34177
20727	1.34177
20728	1.34177
20729	1.34177
20730	1.34177
20731	1.34177
20732	1.34177
20733	1.34177
20734	1.34177
20735	1.34177
20736	1.34177
20737	1.34177
20738	1.34177
20739	1.34177
20740	1.34177
20741	1.34177
20742	1.34177
20743	1.34177
20744	1.34177
20745	1.34177
20746	1.34177
20747	1.34178
20748	1.34178
20749	1.34178
20750	1.34178
20751	1.34178
20752	1.34178
20753	1.34179
20754	1.34179
20755	1.34179
20756	1.34179
20757	1.34179
20758	1.3418
20759	1.3418
20760	1.3418
20761	1.3418
20762	1.34181
20763	1.34181
20764	1.34181
20765	1.34182
20766	1.34182
20767	1.34182
20768	1.34183
20769	1.34183
20770	1.34183
20771	1.34184
20772	1.34184
20773	1.34185
20774	1.34185
20775	1.34186
20776	1.34186
20777	1.34186
20778	1.34187
20779	1.34187
20780	1.34188
20781	1.34188
20782	1.34189
20783	1.34189
20784	1.3419
20785	1.34191
20786	1.34191
20787	1.34192
20788	1.34192
20789	1.34193
20790	1.34193
20791	1.34194
20792	1.34195
20793	1.34195
20794	1.34196
20795	1.34197
20796	1.34197
20797	1.34198
20798	1.34199
20799	1.34199
20800	1.342
20801	1.34201
20802	1.34201
20803	1.34202
20804	1.34203
20805	1.34204
20806	1.34204
20807	1.34205
20808	1.34206
20809	1.34207
20810	1.34208
20811	1.34208
20812	1.34209
20813	1.3421
20814	1.34211
20815	1.34212
20816	1.34213
20817	1.34213
20818	1.34214
20819	1.34215
20820	1.34216
20821	1.34217
20822	1.34218
20823	1.34219
20824	1.3422
20825	1.34221
20826	1.34222
20827	1.34223
20828	1.34224
20829	1.34225
20830	1.34226
20831	1.34227
20832	1.34228
20833	1.34229
20834	1.3423
20835	1.34231
20836	1.34232
20837	1.34233
20838	1.34234
20839	1.34235
20840	1.34236
20841	1.34237
20842	1.34238
20843	1.34239
20844	1.3424
20845	1.34241
20846	1.34242
20847	1.34244
20848	1.34245
20849	1.34246
20850	1.34247
20851	1.34248
20852	1.34249
20853	1.3425
20854	1.34252
20855	1.34253
20856	1.34254
20857	1.34255
20858	1.34256
20859	1.34258
20860	1.34259
20861	1.3426
20862	1.34261
20863	1.34263
20864	1.34264
20865	1.34265
20866	1.34266
20867	1.34268
20868	1.34269
20869	1.3427
20870	1.34271
20871	1.34273
20872	1.34274
20873	1.34275
20874	1.34277
20875	1.34278
20876	1.34279
20877	1.34281
20878	1.34282
20879	1.34283
20880	1.34285
20881	1.34286
20882	1.34287
20883	1.34289
20884	1.3429
20885	1.34291
20886	1.34293
20887	1.34294
20888	1.34296
20889	1.34297
20890	1.34298
20891	1.343
20892	1.34301
20893	1.34303
20894	1.34304
20895	1.34306
20896	1.34307
20897	1.34308
20898	1.3431
20899	1.34311
20900	1.34313
20901	1.34314
20902	1.34316
20903	1.34317
20904	1.34319
20905	1.3432
20906	1.34321
20907	1.34323
20908	1.34324
20909	1.34326
20910	1.34327
20911	1.34329
20912	1.3433
20913	1.34332
20914	1.34333
20915	1.34335
20916	1.34336
20917	1.34338
20918	1.34339
20919	1.34341
20920	1.34343
20921	1.34344
20922	1.34346
20923	1.34347
20924	1.34349
20925	1.3435
20926	1.34352
20927	1.34353
20928	1.34355
20929	1.34356
20930	1.34358
20931	1.3436
20932	1.34361
20933	1.34363
20934	1.34364
20935	1.34366
20936	1.34367
20937	1.34369
20938	1.3437
20939	1.34372
20940	1.34374
20941	1.34375
20942	1.34377
20943	1.34378
20944	1.3438
20945	1.34382
20946	1.34383
20947	1.34385
20948	1.34386
20949	1.34388
20950	1.3439
20951	1.34391
20952	1.34393
20953	1.34394
20954	1.34396
20955	1.34398
20956	1.34399
20957	1.34401
20958	1.34402
20959	1.34404
20960	1.34406
20961	1.34407
20962	1.34409
20963	1.3441
20964	1.34412
20965	1.34414
20966	1.34415
20967	1.34417
20968	1.34419
20969	1.3442
20970	1.34422
20971	1.34423
20972	1.34425
20973	1.34427
20974	1.34428
20975	1.3443
20976	1.34432
20977	1.34433
20978	1.34435
20979	1.34437
20980	1.34438
20981	1.3444
20982	1.34441
20983	1.34443
20984	1.34445
20985	1.34446
20986	1.34448
20987	1.3445
20988	1.34451
20989	1.34453
20990	1.34455
20991	1.34456
20992	1.34458
20993	1.34459
20994	1.34461
20995	1.34463
20996	1.34464
20997	1.34466
20998	1.34468
20999	1.34469
21000	1.34471
21001	1.34473
21002	1.34474
21003	1.34476
21004	1.34478
21005	1.34479
21006	1.34481
21007	1.34482
21008	1.34484
21009	1.34486
21010	1.34487
21011	1.34489
21012	1.34491
21013	1.34492
21014	1.34494
21015	1.34496
21016	1.34497
21017	1.34499
21018	1.34501
21019	1.34502
21020	1.34504
21021	1.34505
21022	1.34507
21023	1.34509
21024	1.3451
21025	1.34512
21026	1.34514
21027	1.34515
21028	1.34517
21029	1.34519
21030	1.3452
21031	1.34522
21032	1.34524
21033	1.34525
21034	1.34527
21035	1.34528
21036	1.3453
21037	1.34532
21038	1.34533
21039	1.34535
21040	1.34537
21041	1.34538
21042	1.3454
21043	1.34542
21044	1.34543
21045	1.34545
21046	1.34546
21047	1.34548
21048	1.3455
21049	1.34551
21050	1.34553
21051	1.34555
21052	1.34556
21053	1.34558
21054	1.3456
21055	1.34561
21056	1.34563
21057	1.34564
21058	1.34566
21059	1.34568
21060	1.34569
21061	1.34571
21062	1.34573
21063	1.34574
21064	1.34576
21065	1.34578
21066	1.34579
21067	1.34581
21068	1.34582
21069	1.34584
21070	1.34586
21071	1.34587
21072	1.34589
21073	1.34591
21074	1.34592
21075	1.34594
21076	1.34595
21077	1.34597
21078	1.34599
21079	1.346
21080	1.34602
21081	1.34604
21082	1.34605
21083	1.34607
21084	1.34608
21085	1.3461
21086	1.34612
21087	1.34613
21088	1.34615
21089	1.34617
21090	1.34618
21091	1.3462
21092	1.34622
21093	1.34623
21094	1.34625
21095	1.34626
21096	1.34628
21097	1.3463
21098	1.34631
21099	1.34633
21100	1.34635
21101	1.34636
21102	1.34638
21103	1.34639
21104	1.34641
21105	1.34643
21106	1.34644
21107	1.34646
21108	1.34648
21109	1.34649
21110	1.34651
21111	1.34653
21112	1.34654
21113	1.34656
21114	1.34657
21115	1.34659
21116	1.34661
21117	1.34662
21118	1.34664
21119	1.34666
21120	1.34667
21121	1.34669
21122	1.34671
21123	1.34672
21124	1.34674
21125	1.34676
21126	1.34677
21127	1.34679
21128	1.34681
21129	1.34682
21130	1.34684
21131	1.34686
21132	1.34687
21133	1.34689
21134	1.3469
21135	1.34692
21136	1.34694
21137	1.34695
21138	1.34697
21139	1.34699
21140	1.347
21141	1.34702
21142	1.34704
21143	1.34706
21144	1.34707
21145	1.34709
21146	1.34711
21147	1.34712
21148	1.34714
21149	1.34716
21150	1.34717
21151	1.34719
21152	1.34721
21153	1.34722
21154	1.34724
21155	1.34726
21156	1.34727
21157	1.34729
21158	1.34731
21159	1.34733
21160	1.34734
21161	1.34736
21162	1.34738
21163	1.34739
21164	1.34741
21165	1.34743
21166	1.34745
21167	1.34746
21168	1.34748
21169	1.3475
21170	1.34752
21171	1.34753
21172	1.34755
21173	1.34757
21174	1.34758
21175	1.3476
21176	1.34762
21177	1.34764
21178	1.34766
21179	1.34767
21180	1.34769
21181	1.34771
21182	1.34773
21183	1.34774
21184	1.34776
21185	1.34778
21186	1.3478
21187	1.34781
21188	1.34783
21189	1.34785
21190	1.34787
21191	1.34789
21192	1.34791
21193	1.34792
21194	1.34794
21195	1.34796
21196	1.34798
21197	1.348
21198	1.34801
21199	1.34803
21200	1.34805
21201	1.34807
21202	1.34809
21203	1.34811
21204	1.34813
21205	1.34814
21206	1.34816
21207	1.34818
21208	1.3482
21209	1.34822
21210	1.34824
21211	1.34826
21212	1.34828
21213	1.3483
21214	1.34831
21215	1.34833
21216	1.34835
21217	1.34837
21218	1.34839
21219	1.34841
21220	1.34843
21221	1.34845
21222	1.34847
21223	1.34849
21224	1.34851
21225	1.34853
21226	1.34855
21227	1.34857
21228	1.34859
21229	1.34861
21230	1.34863
21231	1.34865
21232	1.34867
21233	1.34869
21234	1.34871
21235	1.34873
21236	1.34875
21237	1.34877
21238	1.34879
21239	1.34881
21240	1.34883
21241	1.34885
21242	1.34887
21243	1.34889
21244	1.34892
21245	1.34894
21246	1.34896
21247	1.34898
21248	1.349
21249	1.34902
21250	1.34904
21251	1.34906
21252	1.34909
21253	1.34911
21254	1.34913
21255	1.34915
21256	1.34917
21257	1.3492
21258	1.34922
21259	1.34924
21260	1.34926
21261	1.34928
21262	1.34931
21263	1.34933
21264	1.34935
21265	1.34937
21266	1.3494
21267	1.34942
21268	1.34944
21269	1.34947
21270	1.34949
21271	1.34951
21272	1.34953
21273	1.34956
21274	1.34958
21275	1.34961
21276	1.34963
21277	1.34965
21278	1.34968
21279	1.3497
21280	1.34972
21281	1.34975
21282	1.34977
21283	1.3498
21284	1.34982
21285	1.34985
21286	1.34987
21287	1.34989
21288	1.34992
21289	1.34994
21290	1.34997
21291	1.34999
21292	1.35002
21293	1.35005
21294	1.35007
21295	1.3501
21296	1.35012
21297	1.35015
21298	1.35017
21299	1.3502
21300	1.35023
21301	1.35025
21302	1.35028
21303	1.3503
21304	1.35033
21305	1.35036
21306	1.35038
21307	1.35041
21308	1.35044
21309	1.35046
21310	1.35049
21311	1.35052
21312	1.35055
21313	1.35057
21314	1.3506
21315	1.35063
21316	1.35066
21317	1.35069
21318	1.35071
21319	1.35074
21320	1.35077
21321	1.3508
21322	1.35083
21323	1.35086
21324	1.35089
21325	1.35091
21326	1.35094
21327	1.35097
21328	1.351
21329	1.35103
21330	1.35106
21331	1.35109
21332	1.35112
21333	1.35115
21334	1.35118
21335	1.35121
21336	1.35124
21337	1.35127
21338	1.3513
21339	1.35133
21340	1.35137
21341	1.3514
21342	1.35143
21343	1.35146
21344	1.35149
21345	1.35152
21346	1.35155
21347	1.35159
21348	1.35162
21349	1.35165
21350	1.35168
21351	1.35171
21352	1.35175
21353	1.35178
21354	1.35181
21355	1.35185
21356	1.35188
21357	1.35191
21358	1.35195
21359	1.35198
21360	1.35201
21361	1.35205
21362	1.35208
21363	1.35211
21364	1.35215
21365	1.35218
21366	1.35222
21367	1.35225
21368	1.35229
21369	1.35232
21370	1.35236
21371	1.35239
21372	1.35243
21373	1.35246
21374	1.3525
21375	1.35253
21376	1.35257
21377	1.35261
21378	1.35264
21379	1.35268
21380	1.35272
21381	1.35275
21382	1.35279
21383	1.35283
21384	1.35286
21385	1.3529
21386	1.35294
21387	1.35298
21388	1.35301
21389	1.35305
21390	1.35309
21391	1.35313
21392	1.35317
21393	1.3532
21394	1.35324
21395	1.35328
21396	1.35332
21397	1.35336
21398	1.3534
21399	1.35344
21400	1.35348
21401	1.35352
21402	1.35356
21403	1.3536
21404	1.35364
21405	1.35368
21406	1.35372
21407	1.35376
21408	1.3538
21409	1.35384
21410	1.35388
21411	1.35392
21412	1.35396
21413	1.354
21414	1.35404
21415	1.35409
21416	1.35413
21417	1.35417
21418	1.35421
21419	1.35425
21420	1.3543
21421	1.35434
21422	1.35438
21423	1.35442
21424	1.35447
21425	1.35451
21426	1.35455
21427	1.3546
21428	1.35464
21429	1.35469
21430	1.35473
21431	1.35477
21432	1.35482
21433	1.35486
21434	1.35491
21435	1.35495
21436	1.355
21437	1.35504
21438	1.35509
21439	1.35513
21440	1.35518
21441	1.35522
21442	1.35527
21443	1.35531
21444	1.35536
21445	1.35541
21446	1.35545
21447	1.3555
21448	1.35555
21449	1.35559
21450	1.35564
21451	1.35569
21452	1.35573
21453	1.35578
21454	1.35583
21455	1.35588
21456	1.35592
21457	1.35597
21458	1.35602
21459	1.35607
21460	1.35612
21461	1.35617
21462	1.35622
21463	1.35626
21464	1.35631
21465	1.35636
21466	1.35641
21467	1.35646
21468	1.35651
21469	1.35656
21470	1.35661
21471	1.35666
21472	1.35671
21473	1.35676
21474	1.35681
21475	1.35687
21476	1.35692
21477	1.35697
21478	1.35702
21479	1.35707
21480	1.35712
21481	1.35717
21482	1.35723
21483	1.35728
21484	1.35733
21485	1.35738
21486	1.35744
21487	1.35749
21488	1.35754
21489	1.3576
21490	1.35765
21491	1.3577
21492	1.35776
21493	1.35781
21494	1.35787
21495	1.35792
21496	1.35797
21497	1.35803
21498	1.35808
21499	1.35814
21500	1.35819
21501	1.35825
21502	1.35831
21503	1.35836
21504	1.35842
21505	1.35847
21506	1.35853
21507	1.35859
21508	1.35864
21509	1.3587
21510	1.35876
21511	1.35881
21512	1.35887
21513	1.35893
21514	1.35899
21515	1.35905
21516	1.3591
21517	1.35916
21518	1.35922
21519	1.35928
21520	1.35934
21521	1.3594
21522	1.35946
21523	1.35952
21524	1.35958
21525	1.35964
21526	1.3597
21527	1.35976
21528	1.35982
21529	1.35988
21530	1.35994
21531	1.36
21532	1.36006
21533	1.36013
21534	1.36019
21535	1.36025
21536	1.36031
21537	1.36038
21538	1.36044
21539	1.3605
21540	1.36056
21541	1.36063
21542	1.36069
21543	1.36076
21544	1.36082
21545	1.36088
21546	1.36095
21547	1.36101
21548	1.36108
21549	1.36114
21550	1.36121
21551	1.36128
21552	1.36134
21553	1.36141
21554	1.36147
21555	1.36154
21556	1.36161
21557	1.36168
21558	1.36174
21559	1.36181
21560	1.36188
21561	1.36195
21562	1.36201
21563	1.36208
21564	1.36215
21565	1.36222
21566	1.36229
21567	1.36236
21568	1.36243
21569	1.3625
21570	1.36257
21571	1.36264
21572	1.36271
21573	1.36278
21574	1.36285
21575	1.36292
21576	1.36299
21577	1.36307
21578	1.36314
21579	1.36321
21580	1.36328
21581	1.36335
21582	1.36343
21583	1.3635
21584	1.36357
21585	1.36365
21586	1.36372
21587	1.36379
21588	1.36387
21589	1.36394
21590	1.36401
21591	1.36409
21592	1.36416
21593	1.36424
21594	1.36431
21595	1.36439
21596	1.36446
21597	1.36454
21598	1.36462
21599	1.36469
21600	1.36477
21601	1.36484
21602	1.36492
21603	1.365
21604	1.36507
21605	1.36515
21606	1.36523
21607	1.3653
21608	1.36538
21609	1.36546
21610	1.36554
21611	1.36561
21612	1.36569
21613	1.36577
21614	1.36585
21615	1.36592
21616	1.366
21617	1.36608
21618	1.36616
21619	1.36624
21620	1.36632
21621	1.36639
21622	1.36647
21623	1.36655
21624	1.36663
21625	1.36671
21626	1.36679
21627	1.36687
21628	1.36694
21629	1.36702
21630	1.3671
21631	1.36718
21632	1.36726
21633	1.36734
21634	1.36742
21635	1.36749
21636	1.36757
21637	1.36765
21638	1.36773
21639	1.36781
21640	1.36789
21641	1.36796
21642	1.36804
21643	1.36812
21644	1.3682
21645	1.36828
21646	1.36835
21647	1.36843
21648	1.36851
21649	1.36859
21650	1.36866
21651	1.36874
21652	1.36882
21653	1.36889
21654	1.36897
21655	1.36905
21656	1.36912
21657	1.3692
21658	1.36927
21659	1.36935
21660	1.36942
21661	1.3695
21662	1.36957
21663	1.36965
21664	1.36972
21665	1.3698
21666	1.36987
21667	1.36994
21668	1.37002
21669	1.37009
21670	1.37016
21671	1.37023
21672	1.3703
21673	1.37038
21674	1.37045
21675	1.37052
21676	1.37059
21677	1.37066
21678	1.37073
21679	1.3708
21680	1.37087
21681	1.37093
21682	1.371
21683	1.37107
21684	1.37114
21685	1.3712
21686	1.37127
21687	1.37134
21688	1.3714
21689	1.37147
21690	1.37153
21691	1.3716
21692	1.37166
21693	1.37172
21694	1.37179
21695	1.37185
21696	1.37191
21697	1.37197
21698	1.37203
21699	1.37209
21700	1.37215
21701	1.37221
21702	1.37227
21703	1.37233
21704	1.37239
21705	1.37244
21706	1.3725
21707	1.37256
21708	1.37261
21709	1.37267
21710	1.37272
21711	1.37278
21712	1.37283
21713	1.37289
21714	1.37294
21715	1.37299
21716	1.37304
21717	1.37309
21718	1.37314
21719	1.37319
21720	1.37324
21721	1.37329
21722	1.37334
21723	1.37339
21724	1.37344
21725	1.37348
21726	1.37353
21727	1.37357
21728	1.37362
21729	1.37366
21730	1.37371
21731	1.37375
21732	1.3738
21733	1.37384
21734	1.37388
21735	1.37392
21736	1.37396
21737	1.374
21738	1.37404
21739	1.37408
21740	1.37412
21741	1.37416
21742	1.3742
21743	1.37424
21744	1.37427
21745	1.37431
21746	1.37434
21747	1.37438
21748	1.37442
21749	1.37445
21750	1.37448
21751	1.37452
21752	1.37455
21753	1.37458
21754	1.37461
21755	1.37465
21756	1.37468
21757	1.37471
21758	1.37474
21759	1.37477
21760	1.3748
21761	1.37483
21762	1.37486
21763	1.37488
21764	1.37491
21765	1.37494
21766	1.37497
21767	1.37499
21768	1.37502
21769	1.37504
21770	1.37507
21771	1.37509
21772	1.37512
21773	1.37514
21774	1.37517
21775	1.37519
21776	1.37521
21777	1.37524
21778	1.37526
21779	1.37528
21780	1.3753
21781	1.37532
21782	1.37534
21783	1.37536
21784	1.37538
21785	1.3754
21786	1.37542
21787	1.37544
21788	1.37546
21789	1.37548
21790	1.3755
21791	1.37552
21792	1.37553
21793	1.37555
21794	1.37557
21795	1.37559
21796	1.3756
21797	1.37562
21798	1.37564
21799	1.37565
21800	1.37567
21801	1.37568
21802	1.3757
21803	1.37571
21804	1.37573
21805	1.37574
21806	1.37576
21807	1.37577
21808	1.37578
21809	1.3758
21810	1.37581
21811	1.37582
21812	1.37583
21813	1.37585
21814	1.37586
21815	1.37587
21816	1.37588
21817	1.37589
21818	1.37591
21819	1.37592
21820	1.37593
21821	1.37594
21822	1.37595
21823	1.37596
21824	1.37597
21825	1.37598
21826	1.37599
21827	1.376
21828	1.37601
21829	1.37602
21830	1.37603
21831	1.37603
21832	1.37604
21833	1.37605
21834	1.37606
21835	1.37607
21836	1.37608
21837	1.37608
21838	1.37609
21839	1.3761
21840	1.3761
21841	1.37611
21842	1.37612
21843	1.37613
21844	1.37613
21845	1.37614
21846	1.37614
21847	1.37615
21848	1.37616
21849	1.37616
21850	1.37617
21851	1.37617
21852	1.37618
21853	1.37618
21854	1.37619
21855	1.37619
21856	1.37619
21857	1.3762
21858	1.3762
21859	1.37621
21860	1.37621
21861	1.37621
21862	1.37622
21863	1.37622
21864	1.37622
21865	1.37622
21866	1.37623
21867	1.37623
21868	1.37623
21869	1.37623
21870	1.37623
21871	1.37624
21872	1.37624
21873	1.37624
21874	1.37624
21875	1.37624
21876	1.37624
21877	1.37624
21878	1.37624
21879	1.37624
21880	1.37624
21881	1.37624
21882	1.37624
21883	1.37624
21884	1.37624
21885	1.37624
21886	1.37624
21887	1.37624
21888	1.37624
21889	1.37624
21890	1.37623
21891	1.37623
21892	1.37623
21893	1.37623
21894	1.37623
21895	1.37622
21896	1.37622
21897	1.37622
21898	1.37622
21899	1.37621
21900	1.37621
21901	1.37621
21902	1.3762
21903	1.3762
21904	1.37619
21905	1.37619
21906	1.37619
21907	1.37618
21908	1.37618
21909	1.37617
21910	1.37617
21911	1.37616
21912	1.37616
21913	1.37615
21914	1.37615
21915	1.37614
21916	1.37613
21917	1.37613
21918	1.37612
21919	1.37612
21920	1.37611
21921	1.3761
21922	1.3761
21923	1.37609
21924	1.37608
21925	1.37608
21926	1.37607
21927	1.37606
21928	1.37605
21929	1.37604
21930	1.37604
21931	1.37603
21932	1.37602
21933	1.37601
21934	1.376
21935	1.37599
21936	1.37599
21937	1.37598
21938	1.37597
21939	1.37596
21940	1.37595
21941	1.37594
21942	1.37593
21943	1.37592
21944	1.37591
21945	1.3759
21946	1.37589
21947	1.37588
21948	1.37587
21949	1.37586
21950	1.37585
21951	1.37584
21952	1.37583
21953	1.37581
21954	1.3758
21955	1.37579
21956	1.37578
21957	1.37577
21958	1.37576
21959	1.37574
21960	1.37573
21961	1.37572
21962	1.37571
21963	1.37569
21964	1.37568
21965	1.37567
21966	1.37566
21967	1.37564
21968	1.37563
21969	1.37562
21970	1.3756
21971	1.37559
21972	1.37558
21973	1.37556
21974	1.37555
21975	1.37553
21976	1.37552
21977	1.3755
21978	1.37549
21979	1.37548
21980	1.37546
21981	1.37545
21982	1.37543
21983	1.37542
21984	1.3754
21985	1.37538
21986	1.37537
21987	1.37535
21988	1.37534
21989	1.37532
21990	1.3753
21991	1.37529
21992	1.37527
21993	1.37525
21994	1.37524
21995	1.37522
21996	1.3752
21997	1.37519
21998	1.37517
21999	1.37515
22000	1.37513
22001	1.37512
22002	1.3751
22003	1.37508
22004	1.37506
22005	1.37504
22006	1.37502
22007	1.375
22008	1.37499
22009	1.37497
22010	1.37495
22011	1.37493
22012	1.37491
22013	1.37489
22014	1.37487
22015	1.37485
22016	1.37483
22017	1.37481
22018	1.37479
22019	1.37476
22020	1.37474
22021	1.37472
22022	1.3747
22023	1.37468
22024	1.37466
22025	1.37464
22026	1.37461
22027	1.37459
22028	1.37457
22029	1.37455
22030	1.37452
22031	1.3745
22032	1.37448
22033	1.37445
22034	1.37443
22035	1.3744
22036	1.37438
22037	1.37436
22038	1.37433
22039	1.37431
22040	1.37428
22041	1.37426
22042	1.37423
22043	1.37421
22044	1.37418
22045	1.37415
22046	1.37413
22047	1.3741
22048	1.37408
22049	1.37405
22050	1.37402
22051	1.37399
22052	1.37397
22053	1.37394
22054	1.37391
22055	1.37388
22056	1.37386
22057	1.37383
22058	1.3738
22059	1.37377
22060	1.37374
22061	1.37371
22062	1.37368
22063	1.37365
22064	1.37362
22065	1.37359
22066	1.37356
22067	1.37353
22068	1.3735
22069	1.37347
22070	1.37344
22071	1.37341
22072	1.37337
22073	1.37334
22074	1.37331
22075	1.37328
22076	1.37325
22077	1.37321
22078	1.37318
22079	1.37315
22080	1.37311
22081	1.37308
22082	1.37304
22083	1.37301
22084	1.37298
22085	1.37294
22086	1.37291
22087	1.37287
22088	1.37284
22089	1.3728
22090	1.37277
22091	1.37273
22092	1.37269
22093	1.37266
22094	1.37262
22095	1.37258
22096	1.37255
22097	1.37251
22098	1.37247
22099	1.37243
22100	1.3724
22101	1.37236
22102	1.37232
22103	1.37228
22104	1.37224
22105	1.37221
22106	1.37217
22107	1.37213
22108	1.37209
22109	1.37205
22110	1.37201
22111	1.37197
22112	1.37193
22113	1.37189
22114	1.37185
22115	1.37181
22116	1.37177
22117	1.37173
22118	1.37168
22119	1.37164
22120	1.3716
22121	1.37156
22122	1.37152
22123	1.37148
22124	1.37143
22125	1.37139
22126	1.37135
22127	1.37131
22128	1.37126
22129	1.37122
22130	1.37118
22131	1.37113
22132	1.37109
22133	1.37105
22134	1.371
22135	1.37096
22136	1.37091
22137	1.37087
22138	1.37083
22139	1.37078
22140	1.37074
22141	1.37069
22142	1.37065
22143	1.3706
22144	1.37056
22145	1.37051
22146	1.37047
22147	1.37042
22148	1.37038
22149	1.37033
22150	1.37028
22151	1.37024
22152	1.37019
22153	1.37015
22154	1.3701
22155	1.37005
22156	1.37001
22157	1.36996
22158	1.36992
22159	1.36987
22160	1.36982
22161	1.36978
22162	1.36973
22163	1.36968
22164	1.36963
22165	1.36959
22166	1.36954
22167	1.36949
22168	1.36945
22169	1.3694
22170	1.36935
22171	1.3693
22172	1.36926
22173	1.36921
22174	1.36916
22175	1.36911
22176	1.36907
22177	1.36902
22178	1.36897
22179	1.36892
22180	1.36888
22181	1.36883
22182	1.36878
22183	1.36873
22184	1.36869
22185	1.36864
22186	1.36859
22187	1.36854
22188	1.36849
22189	1.36845
22190	1.3684
22191	1.36835
22192	1.3683
22193	1.36826
22194	1.36821
22195	1.36816
22196	1.36811
22197	1.36806
22198	1.36802
22199	1.36797
22200	1.36792
22201	1.36787
22202	1.36783
22203	1.36778
22204	1.36773
22205	1.36768
22206	1.36763
22207	1.36759
22208	1.36754
22209	1.36749
22210	1.36744
22211	1.3674
22212	1.36735
22213	1.3673
22214	1.36725
22215	1.36721
22216	1.36716
22217	1.36711
22218	1.36707
22219	1.36702
22220	1.36697
22221	1.36692
22222	1.36688
22223	1.36683
22224	1.36678
22225	1.36674
22226	1.36669
22227	1.36664
22228	1.3666
22229	1.36655
22230	1.3665
22231	1.36646
22232	1.36641
22233	1.36636
22234	1.36632
22235	1.36627
22236	1.36623
22237	1.36618
22238	1.36613
22239	1.36609
22240	1.36604
22241	1.366
22242	1.36595
22243	1.3659
22244	1.36586
22245	1.36581
22246	1.36577
22247	1.36572
22248	1.36568
22249	1.36563
22250	1.36559
22251	1.36554
22252	1.3655
22253	1.36545
22254	1.36541
22255	1.36536
22256	1.36532
22257	1.36528
22258	1.36523
22259	1.36519
22260	1.36514
22261	1.3651
22262	1.36506
22263	1.36501
22264	1.36497
22265	1.36492
22266	1.36488
22267	1.36484
22268	1.36479
22269	1.36475
22270	1.36471
22271	1.36466
22272	1.36462
22273	1.36458
22274	1.36454
22275	1.36449
22276	1.36445
22277	1.36441
22278	1.36437
22279	1.36432
22280	1.36428
22281	1.36424
22282	1.3642
22283	1.36416
22284	1.36412
22285	1.36407
22286	1.36403
22287	1.36399
22288	1.36395
22289	1.36391
22290	1.36387
22291	1.36383
22292	1.36379
22293	1.36375
22294	1.36371
22295	1.36367
22296	1.36363
22297	1.36358
22298	1.36355
22299	1.36351
22300	1.36347
22301	1.36343
22302	1.36339
22303	1.36335
22304	1.36331
22305	1.36327
22306	1.36323
22307	1.36319
22308	1.36315
22309	1.36311
22310	1.36308
22311	1.36304
22312	1.363
22313	1.36296
22314	1.36292
22315	1.36289
22316	1.36285
22317	1.36281
22318	1.36277
22319	1.36274
22320	1.3627
22321	1.36266
22322	1.36262
22323	1.36259
22324	1.36255
22325	1.36251
22326	1.36248
22327	1.36244
22328	1.36241
22329	1.36237
22330	1.36233
22331	1.3623
22332	1.36226
22333	1.36223
22334	1.36219
22335	1.36216
22336	1.36212
22337	1.36209
22338	1.36205
22339	1.36202
22340	1.36198
22341	1.36195
22342	1.36192
22343	1.36188
22344	1.36185
22345	1.36181
22346	1.36178
22347	1.36175
22348	1.36171
22349	1.36168
22350	1.36165
22351	1.36161
22352	1.36158
22353	1.36155
22354	1.36152
22355	1.36148
22356	1.36145
22357	1.36142
22358	1.36139
22359	1.36136
22360	1.36133
22361	1.36129
22362	1.36126
22363	1.36123
22364	1.3612
22365	1.36117
22366	1.36114
22367	1.36111
22368	1.36108
22369	1.36105
22370	1.36102
22371	1.36099
22372	1.36096
22373	1.36093
22374	1.3609
22375	1.36087
22376	1.36084
22377	1.36081
22378	1.36078
22379	1.36075
22380	1.36073
22381	1.3607
22382	1.36067
22383	1.36064
22384	1.36061
22385	1.36058
22386	1.36056
22387	1.36053
22388	1.3605
22389	1.36047
22390	1.36045
22391	1.36042
22392	1.36039
22393	1.36037
22394	1.36034
22395	1.36031
22396	1.36029
22397	1.36026
22398	1.36024
22399	1.36021
22400	1.36019
22401	1.36016
22402	1.36013
22403	1.36011
22404	1.36008
22405	1.36006
22406	1.36004
22407	1.36001
22408	1.35999
22409	1.35996
22410	1.35994
22411	1.35991
22412	1.35989
22413	1.35987
22414	1.35984
22415	1.35982
22416	1.3598
22417	1.35977
22418	1.35975
22419	1.35973
22420	1.35971
22421	1.35968
22422	1.35966
22423	1.35964
22424	1.35962
22425	1.3596
22426	1.35957
22427	1.35955
22428	1.35953
22429	1.35951
22430	1.35949
22431	1.35947
22432	1.35945
22433	1.35943
22434	1.35941
22435	1.35939
22436	1.35937
22437	1.35935
22438	1.35933
22439	1.35931
22440	1.35929
22441	1.35927
22442	1.35925
22443	1.35923
22444	1.35921
22445	1.35919
22446	1.35918
22447	1.35916
22448	1.35914
22449	1.35912
22450	1.3591
22451	1.35908
22452	1.35907
22453	1.35905
22454	1.35903
22455	1.35902
22456	1.359
22457	1.35898
22458	1.35896
22459	1.35895
22460	1.35893
22461	1.35892
22462	1.3589
22463	1.35888
22464	1.35887
22465	1.35885
22466	1.35884
22467	1.35882
22468	1.35881
22469	1.35879
22470	1.35877
22471	1.35876
22472	1.35875
22473	1.35873
22474	1.35872
22475	1.3587
22476	1.35869
22477	1.35867
22478	1.35866
22479	1.35865
22480	1.35863
22481	1.35862
22482	1.35861
22483	1.35859
22484	1.35858
22485	1.35857
22486	1.35855
22487	1.35854
22488	1.35853
22489	1.35852
22490	1.3585
22491	1.35849
22492	1.35848
22493	1.35847
22494	1.35846
22495	1.35844
22496	1.35843
22497	1.35842
22498	1.35841
22499	1.3584
22500	1.35839
22501	1.35838
22502	1.35837
22503	1.35836
22504	1.35835
22505	1.35834
22506	1.35833
22507	1.35832
22508	1.35831
22509	1.3583
22510	1.35829
22511	1.35828
22512	1.35827
22513	1.35826
22514	1.35825
22515	1.35824
22516	1.35823
22517	1.35822
22518	1.35821
22519	1.3582
22520	1.35819
22521	1.35819
22522	1.35818
22523	1.35817
22524	1.35816
22525	1.35815
22526	1.35815
22527	1.35814
22528	1.35813
22529	1.35812
22530	1.35811
22531	1.35811
22532	1.3581
22533	1.35809
22534	1.35809
22535	1.35808
22536	1.35807
22537	1.35806
22538	1.35806
22539	1.35805
22540	1.35804
22541	1.35804
22542	1.35803
22543	1.35803
22544	1.35802
22545	1.35801
22546	1.35801
22547	1.358
22548	1.35799
22549	1.35799
22550	1.35798
22551	1.35798
22552	1.35797
22553	1.35797
22554	1.35796
22555	1.35796
22556	1.35795
22557	1.35795
22558	1.35794
22559	1.35794
22560	1.35793
22561	1.35793
22562	1.35792
22563	1.35792
22564	1.35791
22565	1.35791
22566	1.3579
22567	1.3579
22568	1.35789
22569	1.35789
22570	1.35789
22571	1.35788
22572	1.35788
22573	1.35787
22574	1.35787
22575	1.35787
22576	1.35786
22577	1.35786
22578	1.35786
22579	1.35785
22580	1.35785
22581	1.35785
22582	1.35784
22583	1.35784
22584	1.35784
22585	1.35783
22586	1.35783
22587	1.35783
22588	1.35782
22589	1.35782
22590	1.35782
22591	1.35781
22592	1.35781
22593	1.35781
22594	1.35781
22595	1.3578
22596	1.3578
22597	1.3578
22598	1.3578
22599	1.35779
22600	1.35779
22601	1.35779
22602	1.35779
22603	1.35778
22604	1.35778
22605	1.35778
22606	1.35778
22607	1.35777
22608	1.35777
22609	1.35777
22610	1.35777
22611	1.35777
22612	1.35776
22613	1.35776
22614	1.35776
22615	1.35776
22616	1.35776
22617	1.35776
22618	1.35775
22619	1.35775
22620	1.35775
22621	1.35775
22622	1.35775
22623	1.35775
22624	1.35775
22625	1.35774
22626	1.35774
22627	1.35774
22628	1.35774
22629	1.35774
22630	1.35774
22631	1.35774
22632	1.35773
22633	1.35773
22634	1.35773
22635	1.35773
22636	1.35773
22637	1.35773
22638	1.35773
22639	1.35773
22640	1.35773
22641	1.35773
22642	1.35772
22643	1.35772
22644	1.35772
22645	1.35772
22646	1.35772
22647	1.35772
22648	1.35772
22649	1.35772
22650	1.35772
22651	1.35772
22652	1.35772
22653	1.35772
22654	1.35772
22655	1.35772
22656	1.35772
22657	1.35771
22658	1.35771
22659	1.35771
22660	1.35771
22661	1.35771
22662	1.35771
22663	1.35771
22664	1.35771
22665	1.35771
22666	1.35771
22667	1.35771
22668	1.35771
22669	1.35771
22670	1.35771
22671	1.35771
22672	1.35771
22673	1.35771
22674	1.35771
22675	1.35771
22676	1.35771
22677	1.35771
22678	1.35771
22679	1.35771
22680	1.35771
22681	1.35771
22682	1.35771
22683	1.35771
22684	1.35771
22685	1.35771
22686	1.35771
22687	1.3577
22688	1.3577
22689	1.3577
22690	1.3577
22691	1.3577
22692	1.3577
22693	1.3577
22694	1.3577
22695	1.3577
22696	1.3577
22697	1.3577
22698	1.3577
22699	1.3577
22700	1.3577
22701	1.3577
22702	1.3577
22703	1.3577
22704	1.3577
22705	1.3577
22706	1.3577
22707	1.3577
22708	1.3577
22709	1.3577
22710	1.3577
22711	1.3577
22712	1.3577
22713	1.3577
22714	1.3577
22715	1.3577
22716	1.3577
22717	1.3577
22718	1.3577
22719	1.3577
22720	1.3577
22721	1.3577
22722	1.3577
22723	1.3577
22724	1.3577
22725	1.3577
22726	1.3577
22727	1.3577
22728	1.3577
22729	1.3577
22730	1.35769
22731	1.35769
22732	1.35769
22733	1.35769
22734	1.35769
22735	1.35769
22736	1.35769
22737	1.35769
22738	1.35769
22739	1.35769
22740	1.35769
22741	1.35769
22742	1.35769
22743	1.35769
22744	1.35769
22745	1.35769
22746	1.35768
22747	1.35768
22748	1.35768
22749	1.35768
22750	1.35768
22751	1.35768
22752	1.35768
22753	1.35768
22754	1.35768
22755	1.35768
22756	1.35768
22757	1.35767
22758	1.35767
22759	1.35767
22760	1.35767
22761	1.35767
22762	1.35767
22763	1.35767
22764	1.35767
22765	1.35766
22766	1.35766
22767	1.35766
22768	1.35766
22769	1.35766
22770	1.35766
22771	1.35766
22772	1.35765
22773	1.35765
22774	1.35765
22775	1.35765
22776	1.35765
22777	1.35764
22778	1.35764
22779	1.35764
22780	1.35764
22781	1.35764
22782	1.35764
22783	1.35763
22784	1.35763
22785	1.35763
22786	1.35763
22787	1.35762
22788	1.35762
22789	1.35762
22790	1.35762
22791	1.35762
22792	1.35761
22793	1.35761
22794	1.35761
22795	1.35761
22796	1.3576
22797	1.3576
22798	1.3576
22799	1.35759
22800	1.35759
22801	1.35759
22802	1.35759
22803	1.35758
22804	1.35758
22805	1.35758
22806	1.35757
22807	1.35757
22808	1.35757
22809	1.35756
22810	1.35756
22811	1.35756
22812	1.35755
22813	1.35755
22814	1.35755
22815	1.35754
22816	1.35754
22817	1.35754
22818	1.35753
22819	1.35753
22820	1.35753
22821	1.35752
22822	1.35752
22823	1.35751
22824	1.35751
22825	1.35751
22826	1.3575
22827	1.3575
22828	1.35749
22829	1.35749
22830	1.35749
22831	1.35748
22832	1.35748
22833	1.35747
22834	1.35747
22835	1.35746
22836	1.35746
22837	1.35745
22838	1.35745
22839	1.35744
22840	1.35744
22841	1.35744
22842	1.35743
22843	1.35743
22844	1.35742
22845	1.35742
22846	1.35741
22847	1.35741
22848	1.3574
22849	1.35739
22850	1.35739
22851	1.35738
22852	1.35738
22853	1.35737
22854	1.35737
22855	1.35736
22856	1.35736
22857	1.35735
22858	1.35735
22859	1.35734
22860	1.35733
22861	1.35733
22862	1.35732
22863	1.35732
22864	1.35731
22865	1.3573
22866	1.3573
22867	1.35729
22868	1.35729
22869	1.35728
22870	1.35727
22871	1.35727
22872	1.35726
22873	1.35725
22874	1.35725
22875	1.35724
22876	1.35723
22877	1.35723
22878	1.35722
22879	1.35721
22880	1.35721
22881	1.3572
22882	1.35719
22883	1.35719
22884	1.35718
22885	1.35717
22886	1.35717
22887	1.35716
22888	1.35715
22889	1.35714
22890	1.35714
22891	1.35713
22892	1.35712
22893	1.35712
22894	1.35711
22895	1.3571
22896	1.35709
22897	1.35709
22898	1.35708
22899	1.35707
22900	1.35706
22901	1.35705
22902	1.35705
22903	1.35704
22904	1.35703
22905	1.35702
22906	1.35702
22907	1.35701
22908	1.357
22909	1.35699
22910	1.35698
22911	1.35698
22912	1.35697
22913	1.35696
22914	1.35695
22915	1.35694
22916	1.35693
22917	1.35693
22918	1.35692
22919	1.35691
22920	1.3569
22921	1.35689
22922	1.35688
22923	1.35687
22924	1.35687
22925	1.35686
22926	1.35685
22927	1.35684
22928	1.35683
22929	1.35682
22930	1.35681
22931	1.35681
22932	1.3568
22933	1.35679
22934	1.35678
22935	1.35677
22936	1.35676
22937	1.35675
22938	1.35674
22939	1.35673
22940	1.35672
22941	1.35672
22942	1.35671
22943	1.3567
22944	1.35669
22945	1.35668
22946	1.35667
22947	1.35666
22948	1.35665
22949	1.35664
22950	1.35663
22951	1.35662
22952	1.35661
22953	1.3566
22954	1.35659
22955	1.35658
22956	1.35658
22957	1.35657
22958	1.35656
22959	1.35655
22960	1.35654
22961	1.35653
22962	1.35652
22963	1.35651
22964	1.3565
22965	1.35649
22966	1.35648
22967	1.35647
22968	1.35646
22969	1.35645
22970	1.35644
22971	1.35643
22972	1.35642
22973	1.35641
22974	1.3564
22975	1.35639
22976	1.35638
22977	1.35637
22978	1.35636
22979	1.35635
22980	1.35634
22981	1.35633
22982	1.35632
22983	1.35631
22984	1.3563
22985	1.35629
22986	1.35628
22987	1.35628
22988	1.35627
22989	1.35626
22990	1.35625
22991	1.35624
22992	1.35623
22993	1.35622
22994	1.35621
22995	1.3562
22996	1.35619
22997	1.35618
22998	1.35617
22999	1.35616
23000	1.35615
23001	1.35614
23002	1.35613
23003	1.35612
23004	1.35611
23005	1.3561
23006	1.35609
23007	1.35608
23008	1.35607
23009	1.35606
23010	1.35605
23011	1.35604
23012	1.35603
23013	1.35602
23014	1.35601
23015	1.356
23016	1.35599
23017	1.35598
23018	1.35598
23019	1.35597
23020	1.35596
23021	1.35595
23022	1.35594
23023	1.35593
23024	1.35592
23025	1.35591
23026	1.3559
23027	1.35589
23028	1.35588
23029	1.35587
23030	1.35586
23031	1.35585
23032	1.35585
23033	1.35584
23034	1.35583
23035	1.35582
23036	1.35581
23037	1.3558
23038	1.35579
23039	1.35578
23040	1.35577
23041	1.35576
23042	1.35576
23043	1.35575
23044	1.35574
23045	1.35573
23046	1.35572
23047	1.35571
23048	1.3557
23049	1.3557
23050	1.35569
23051	1.35568
23052	1.35567
23053	1.35566
23054	1.35565
23055	1.35565
23056	1.35564
23057	1.35563
23058	1.35562
23059	1.35561
23060	1.3556
23061	1.3556
23062	1.35559
23063	1.35558
23064	1.35557
23065	1.35557
23066	1.35556
23067	1.35555
23068	1.35554
23069	1.35553
23070	1.35553
23071	1.35552
23072	1.35551
23073	1.3555
23074	1.3555
23075	1.35549
23076	1.35548
23077	1.35548
23078	1.35547
23079	1.35546
23080	1.35546
23081	1.35545
23082	1.35544
23083	1.35543
23084	1.35543
23085	1.35542
23086	1.35541
23087	1.35541
23088	1.3554
23089	1.3554
23090	1.35539
23091	1.35538
23092	1.35538
23093	1.35537
23094	1.35536
23095	1.35536
23096	1.35535
23097	1.35535
23098	1.35534
23099	1.35534
23100	1.35533
23101	1.35532
23102	1.35532
23103	1.35531
23104	1.35531
23105	1.3553
23106	1.3553
23107	1.35529
23108	1.35529
23109	1.35528
23110	1.35528
23111	1.35527
23112	1.35527
23113	1.35526
23114	1.35526
23115	1.35525
23116	1.35525
23117	1.35525
23118	1.35524
23119	1.35524
23120	1.35523
23121	1.35523
23122	1.35522
23123	1.35522
23124	1.35522
23125	1.35521
23126	1.35521
23127	1.35521
23128	1.3552
23129	1.3552
23130	1.3552
23131	1.35519
23132	1.35519
23133	1.35519
23134	1.35518
23135	1.35518
23136	1.35518
23137	1.35517
23138	1.35517
23139	1.35517
23140	1.35517
23141	1.35516
23142	1.35516
23143	1.35516
23144	1.35516
23145	1.35516
23146	1.35515
23147	1.35515
23148	1.35515
23149	1.35515
23150	1.35515
23151	1.35515
23152	1.35514
23153	1.35514
23154	1.35514
23155	1.35514
23156	1.35514
23157	1.35514
23158	1.35514
23159	1.35514
23160	1.35513
23161	1.35513
23162	1.35513
23163	1.35513
23164	1.35513
23165	1.35513
23166	1.35513
23167	1.35513
23168	1.35513
23169	1.35513
23170	1.35513
23171	1.35513
23172	1.35513
23173	1.35513
23174	1.35513
23175	1.35513
23176	1.35513
23177	1.35513
23178	1.35514
23179	1.35514
23180	1.35514
23181	1.35514
23182	1.35514
23183	1.35514
23184	1.35514
23185	1.35514
23186	1.35514
23187	1.35515
23188	1.35515
23189	1.35515
23190	1.35515
23191	1.35515
23192	1.35515
23193	1.35516
23194	1.35516
23195	1.35516
23196	1.35516
23197	1.35517
23198	1.35517
23199	1.35517
23200	1.35517
23201	1.35518
23202	1.35518
23203	1.35518
23204	1.35518
23205	1.35519
23206	1.35519
23207	1.35519
23208	1.3552
23209	1.3552
23210	1.3552
23211	1.35521
23212	1.35521
23213	1.35521
23214	1.35522
23215	1.35522
23216	1.35522
23217	1.35523
23218	1.35523
23219	1.35524
23220	1.35524
23221	1.35524
23222	1.35525
23223	1.35525
23224	1.35526
23225	1.35526
23226	1.35527
23227	1.35527
23228	1.35527
23229	1.35528
23230	1.35528
23231	1.35529
23232	1.35529
23233	1.3553
23234	1.3553
23235	1.35531
23236	1.35531
23237	1.35532
23238	1.35532
23239	1.35533
23240	1.35533
23241	1.35534
23242	1.35535
23243	1.35535
23244	1.35536
23245	1.35536
23246	1.35537
23247	1.35537
23248	1.35538
23249	1.35538
23250	1.35539
23251	1.3554
23252	1.3554
23253	1.35541
23254	1.35541
23255	1.35542
23256	1.35543
23257	1.35543
23258	1.35544
23259	1.35545
23260	1.35545
23261	1.35546
23262	1.35546
23263	1.35547
23264	1.35548
23265	1.35548
23266	1.35549
23267	1.3555
23268	1.3555
23269	1.35551
23270	1.35552
23271	1.35552
23272	1.35553
23273	1.35554
23274	1.35554
23275	1.35555
23276	1.35556
23277	1.35557
23278	1.35557
23279	1.35558
23280	1.35559
23281	1.35559
23282	1.3556
23283	1.35561
23284	1.35562
23285	1.35562
23286	1.35563
23287	1.35564
23288	1.35564
23289	1.35565
23290	1.35566
23291	1.35567
23292	1.35567
23293	1.35568
23294	1.35569
23295	1.3557
23296	1.3557
23297	1.35571
23298	1.35572
23299	1.35572
23300	1.35573
23301	1.35574
23302	1.35575
23303	1.35575
23304	1.35576
23305	1.35577
23306	1.35578
23307	1.35578
23308	1.35579
23309	1.3558
23310	1.35581
23311	1.35581
23312	1.35582
23313	1.35583
23314	1.35584
23315	1.35584
23316	1.35585
23317	1.35586
23318	1.35587
23319	1.35587
23320	1.35588
23321	1.35589
23322	1.3559
23323	1.3559
23324	1.35591
23325	1.35592
23326	1.35593
23327	1.35593
23328	1.35594
23329	1.35595
23330	1.35595
23331	1.35596
23332	1.35597
23333	1.35598
23334	1.35598
23335	1.35599
23336	1.356
23337	1.356
23338	1.35601
23339	1.35602
23340	1.35603
23341	1.35603
23342	1.35604
23343	1.35605
23344	1.35605
23345	1.35606
23346	1.35607
23347	1.35607
23348	1.35608
23349	1.35609
23350	1.35609
23351	1.3561
23352	1.35611
23353	1.35611
23354	1.35612
23355	1.35613
23356	1.35613
23357	1.35614
23358	1.35615
23359	1.35615
23360	1.35616
23361	1.35616
23362	1.35617
23363	1.35618
23364	1.35618
23365	1.35619
23366	1.35619
23367	1.3562
23368	1.35621
23369	1.35621
23370	1.35622
23371	1.35622
23372	1.35623
23373	1.35623
23374	1.35624
23375	1.35624
23376	1.35625
23377	1.35625
23378	1.35626
23379	1.35626
23380	1.35627
23381	1.35627
23382	1.35628
23383	1.35628
23384	1.35629
23385	1.35629
23386	1.3563
23387	1.3563
23388	1.35631
23389	1.35631
23390	1.35632
23391	1.35632
23392	1.35632
23393	1.35633
23394	1.35633
23395	1.35634
23396	1.35634
23397	1.35634
23398	1.35635
23399	1.35635
23400	1.35635
23401	1.35636
23402	1.35636
23403	1.35636
23404	1.35637
23405	1.35637
23406	1.35637
23407	1.35637
23408	1.35638
23409	1.35638
23410	1.35638
23411	1.35639
23412	1.35639
23413	1.35639
23414	1.35639
23415	1.35639
23416	1.3564
23417	1.3564
23418	1.3564
23419	1.3564
23420	1.3564
23421	1.3564
23422	1.3564
23423	1.35641
23424	1.35641
23425	1.35641
23426	1.35641
23427	1.35641
23428	1.35641
23429	1.35641
23430	1.35641
23431	1.35641
23432	1.35641
23433	1.35641
23434	1.35641
23435	1.35641
23436	1.35641
23437	1.35641
23438	1.35641
23439	1.35641
23440	1.35641
23441	1.35641
23442	1.35641
23443	1.35641
23444	1.3564
23445	1.3564
23446	1.3564
23447	1.3564
23448	1.3564
23449	1.3564
23450	1.35639
23451	1.35639
23452	1.35639
23453	1.35639
23454	1.35638
23455	1.35638
23456	1.35638
23457	1.35638
23458	1.35637
23459	1.35637
23460	1.35637
23461	1.35636
23462	1.35636
23463	1.35636
23464	1.35635
23465	1.35635
23466	1.35634
23467	1.35634
23468	1.35634
23469	1.35633
23470	1.35633
23471	1.35632
23472	1.35632
23473	1.35631
23474	1.35631
23475	1.3563
23476	1.3563
23477	1.35629
23478	1.35628
23479	1.35628
23480	1.35627
23481	1.35627
23482	1.35626
23483	1.35625
23484	1.35625
23485	1.35624
23486	1.35623
23487	1.35623
23488	1.35622
23489	1.35621
23490	1.3562
23491	1.3562
23492	1.35619
23493	1.35618
23494	1.35617
23495	1.35616
23496	1.35616
23497	1.35615
23498	1.35614
23499	1.35613
23500	1.35612
23501	1.35611
23502	1.3561
23503	1.35609
23504	1.35608
23505	1.35607
23506	1.35606
23507	1.35605
23508	1.35604
23509	1.35603
23510	1.35602
23511	1.35601
23512	1.356
23513	1.35599
23514	1.35598
23515	1.35597
23516	1.35596
23517	1.35595
23518	1.35594
23519	1.35592
23520	1.35591
23521	1.3559
23522	1.35589
23523	1.35588
23524	1.35586
23525	1.35585
23526	1.35584
23527	1.35582
23528	1.35581
23529	1.3558
23530	1.35578
23531	1.35577
23532	1.35576
23533	1.35574
23534	1.35573
23535	1.35572
23536	1.3557
23537	1.35569
23538	1.35567
23539	1.35566
23540	1.35564
23541	1.35563
23542	1.35561
23543	1.3556
23544	1.35558
23545	1.35557
23546	1.35555
23547	1.35553
23548	1.35552
23549	1.3555
23550	1.35549
23551	1.35547
23552	1.35545
23553	1.35544
23554	1.35542
23555	1.3554
23556	1.35539
23557	1.35537
23558	1.35535
23559	1.35533
23560	1.35532
23561	1.3553
23562	1.35528
23563	1.35526
23564	1.35524
23565	1.35522
23566	1.35521
23567	1.35519
23568	1.35517
23569	1.35515
23570	1.35513
23571	1.35511
23572	1.35509
23573	1.35507
23574	1.35505
23575	1.35503
23576	1.35501
23577	1.35499
23578	1.35497
23579	1.35495
23580	1.35493
23581	1.35491
23582	1.35489
23583	1.35487
23584	1.35485
23585	1.35483
23586	1.3548
23587	1.35478
23588	1.35476
23589	1.35474
23590	1.35472
23591	1.35469
23592	1.35467
23593	1.35465
23594	1.35463
23595	1.35461
23596	1.35458
23597	1.35456
23598	1.35454
23599	1.35451
23600	1.35449
23601	1.35447
23602	1.35444
23603	1.35442
23604	1.3544
23605	1.35437
23606	1.35435
23607	1.35432
23608	1.3543
23609	1.35427
23610	1.35425
23611	1.35423
23612	1.3542
23613	1.35418
23614	1.35415
23615	1.35413
23616	1.3541
23617	1.35407
23618	1.35405
23619	1.35402
23620	1.354
23621	1.35397
23622	1.35395
23623	1.35392
23624	1.35389
23625	1.35387
23626	1.35384
23627	1.35381
23628	1.35379
23629	1.35376
23630	1.35373
23631	1.3537
23632	1.35368
23633	1.35365
23634	1.35362
23635	1.35359
23636	1.35357
23637	1.35354
23638	1.35351
23639	1.35348
23640	1.35345
23641	1.35342
23642	1.3534
23643	1.35337
23644	1.35334
23645	1.35331
23646	1.35328
23647	1.35325
23648	1.35322
23649	1.35319
23650	1.35316
23651	1.35313
23652	1.3531
23653	1.35307
23654	1.35304
23655	1.35301
23656	1.35298
23657	1.35295
23658	1.35292
23659	1.35289
23660	1.35286
23661	1.35283
23662	1.35279
23663	1.35276
23664	1.35273
23665	1.3527
23666	1.35267
23667	1.35264
23668	1.3526
23669	1.35257
23670	1.35254
23671	1.35251
23672	1.35247
23673	1.35244
23674	1.35241
23675	1.35238
23676	1.35234
23677	1.35231
23678	1.35228
23679	1.35224
23680	1.35221
23681	1.35217
23682	1.35214
23683	1.35211
23684	1.35207
23685	1.35204
23686	1.352
23687	1.35197
23688	1.35193
23689	1.3519
23690	1.35186
23691	1.35183
23692	1.35179
23693	1.35176
23694	1.35172
23695	1.35168
23696	1.35165
23697	1.35161
23698	1.35157
23699	1.35154
23700	1.3515
23701	1.35146
23702	1.35143
23703	1.35139
23704	1.35135
23705	1.35131
23706	1.35128
23707	1.35124
23708	1.3512
23709	1.35116
23710	1.35112
23711	1.35109
23712	1.35105
23713	1.35101
23714	1.35097
23715	1.35093
23716	1.35089
23717	1.35085
23718	1.35081
23719	1.35077
23720	1.35073
23721	1.35069
23722	1.35065
23723	1.35061
23724	1.35057
23725	1.35053
23726	1.35049
23727	1.35044
23728	1.3504
23729	1.35036
23730	1.35032
23731	1.35028
23732	1.35023
23733	1.35019
23734	1.35015
23735	1.35011
23736	1.35006
23737	1.35002
23738	1.34998
23739	1.34993
23740	1.34989
23741	1.34984
23742	1.3498
23743	1.34975
23744	1.34971
23745	1.34966
23746	1.34962
23747	1.34957
23748	1.34953
23749	1.34948
23750	1.34944
23751	1.34939
23752	1.34935
23753	1.3493
23754	1.34925
23755	1.34921
23756	1.34916
23757	1.34911
23758	1.34906
23759	1.34902
23760	1.34897
23761	1.34892
23762	1.34887
23763	1.34882
23764	1.34878
23765	1.34873
23766	1.34868
23767	1.34863
23768	1.34858
23769	1.34853
23770	1.34848
23771	1.34843
23772	1.34838
23773	1.34833
23774	1.34828
23775	1.34823
23776	1.34818
23777	1.34813
23778	1.34808
23779	1.34802
23780	1.34797
23781	1.34792
23782	1.34787
23783	1.34782
23784	1.34777
23785	1.34771
23786	1.34766
23787	1.34761
23788	1.34756
23789	1.3475
23790	1.34745
23791	1.3474
23792	1.34734
23793	1.34729
23794	1.34724
23795	1.34718
23796	1.34713
23797	1.34708
23798	1.34702
23799	1.34697
23800	1.34692
23801	1.34686
23802	1.34681
23803	1.34675
23804	1.3467
23805	1.34664
23806	1.34659
23807	1.34654
23808	1.34648
23809	1.34643
23810	1.34637
23811	1.34632
23812	1.34626
23813	1.34621
23814	1.34615
23815	1.3461
23816	1.34604
23817	1.34599
23818	1.34593
23819	1.34588
23820	1.34582
23821	1.34577
23822	1.34571
23823	1.34566
23824	1.3456
23825	1.34555
23826	1.34549
23827	1.34544
23828	1.34539
23829	1.34533
23830	1.34528
23831	1.34522
23832	1.34517
23833	1.34512
23834	1.34506
23835	1.34501
23836	1.34495
23837	1.3449
23838	1.34485
23839	1.34479
23840	1.34474
23841	1.34469
23842	1.34464
23843	1.34458
23844	1.34453
23845	1.34448
23846	1.34443
23847	1.34438
23848	1.34433
23849	1.34427
23850	1.34422
23851	1.34417
23852	1.34412
23853	1.34407
23854	1.34402
23855	1.34397
23856	1.34392
23857	1.34388
23858	1.34383
23859	1.34378
23860	1.34373
23861	1.34368
23862	1.34364
23863	1.34359
23864	1.34354
23865	1.3435
23866	1.34345
23867	1.34341
23868	1.34336
23869	1.34332
23870	1.34327
23871	1.34323
23872	1.34319
23873	1.34314
23874	1.3431
23875	1.34306
23876	1.34302
23877	1.34298
23878	1.34294
23879	1.3429
23880	1.34286
23881	1.34282
23882	1.34278
23883	1.34274
23884	1.34271
23885	1.34267
23886	1.34263
23887	1.3426
23888	1.34256
23889	1.34253
23890	1.34249
23891	1.34246
23892	1.34243
23893	1.34239
23894	1.34236
23895	1.34233
23896	1.3423
23897	1.34227
23898	1.34224
23899	1.34221
23900	1.34218
23901	1.34215
23902	1.34213
23903	1.3421
23904	1.34207
23905	1.34205
23906	1.34202
23907	1.342
23908	1.34197
23909	1.34195
23910	1.34193
23911	1.34191
23912	1.34188
23913	1.34186
23914	1.34184
23915	1.34182
23916	1.3418
23917	1.34179
23918	1.34177
23919	1.34175
23920	1.34173
23921	1.34172
23922	1.3417
23923	1.34169
23924	1.34167
23925	1.34166
23926	1.34165
23927	1.34163
23928	1.34162
23929	1.34161
23930	1.3416
23931	1.34159
23932	1.34158
23933	1.34157
23934	1.34156
23935	1.34155
23936	1.34155
23937	1.34154
23938	1.34153
23939	1.34153
23940	1.34152
23941	1.34152
23942	1.34151
23943	1.34151
23944	1.34151
23945	1.3415
23946	1.3415
23947	1.3415
23948	1.3415
23949	1.3415
23950	1.3415
23951	1.3415
23952	1.3415
23953	1.3415
23954	1.3415
23955	1.3415
23956	1.34151
23957	1.34151
23958	1.34151
23959	1.34152
23960	1.34152
23961	1.34152
23962	1.34153
23963	1.34153
23964	1.34154
23965	1.34155
23966	1.34155
23967	1.34156
23968	1.34157
23969	1.34157
23970	1.34158
23971	1.34159
23972	1.3416
23973	1.34161
23974	1.34162
23975	1.34163
23976	1.34164
23977	1.34165
23978	1.34166
23979	1.34167
23980	1.34168
23981	1.34169
23982	1.3417
23983	1.34171
23984	1.34172
23985	1.34174
23986	1.34175
23987	1.34176
23988	1.34178
23989	1.34179
23990	1.3418
23991	1.34182
23992	1.34183
23993	1.34184
23994	1.34186
23995	1.34187
23996	1.34189
23997	1.3419
23998	1.34192
23999	1.34193
24000	1.34195
24001	1.34196
24002	1.34198
24003	1.34199
24004	1.34201
24005	1.34202
24006	1.34204
24007	1.34206
24008	1.34207
24009	1.34209
24010	1.3421
24011	1.34212
24012	1.34214
24013	1.34215
24014	1.34217
24015	1.34219
24016	1.3422
24017	1.34222
24018	1.34224
24019	1.34226
24020	1.34227
24021	1.34229
24022	1.34231
24023	1.34232
24024	1.34234
24025	1.34236
24026	1.34238
24027	1.3424
24028	1.34241
24029	1.34243
24030	1.34245
24031	1.34247
24032	1.34248
24033	1.3425
24034	1.34252
24035	1.34254
24036	1.34256
24037	1.34257
24038	1.34259
24039	1.34261
24040	1.34263
24041	1.34265
24042	1.34266
24043	1.34268
24044	1.3427
24045	1.34272
24046	1.34274
24047	1.34276
24048	1.34277
24049	1.34279
24050	1.34281
24051	1.34283
24052	1.34285
24053	1.34287
24054	1.34288
24055	1.3429
24056	1.34292
24057	1.34294
24058	1.34296
24059	1.34298
24060	1.343
24061	1.34301
24062	1.34303
24063	1.34305
24064	1.34307
24065	1.34309
24066	1.34311
24067	1.34312
24068	1.34314
24069	1.34316
24070	1.34318
24071	1.3432
24072	1.34322
24073	1.34324
24074	1.34325
24075	1.34327
24076	1.34329
24077	1.34331
24078	1.34333
24079	1.34335
24080	1.34337
24081	1.34339
24082	1.3434
24083	1.34342
24084	1.34344
24085	1.34346
24086	1.34348
24087	1.3435
24088	1.34352
24089	1.34354
24090	1.34356
24091	1.34357
24092	1.34359
24093	1.34361
24094	1.34363
24095	1.34365
24096	1.34367
24097	1.34369
24098	1.34371
24099	1.34373
24100	1.34375
24101	1.34377
24102	1.34378
24103	1.3438
24104	1.34382
24105	1.34384
24106	1.34386
24107	1.34388
24108	1.3439
24109	1.34392
24110	1.34394
24111	1.34396
24112	1.34398
24113	1.344
24114	1.34402
24115	1.34404
24116	1.34406
24117	1.34408
24118	1.3441
24119	1.34412
24120	1.34414
24121	1.34416
24122	1.34418
24123	1.3442
24124	1.34422
24125	1.34424
24126	1.34426
24127	1.34428
24128	1.3443
24129	1.34432
24130	1.34434
24131	1.34437
24132	1.34439
24133	1.34441
24134	1.34443
24135	1.34445
24136	1.34447
24137	1.34449
24138	1.34452
24139	1.34454
24140	1.34456
24141	1.34458
24142	1.3446
24143	1.34463
24144	1.34465
24145	1.34467
24146	1.34469
24147	1.34472
24148	1.34474
24149	1.34476
24150	1.34478
24151	1.34481
24152	1.34483
24153	1.34485
24154	1.34488
24155	1.3449
24156	1.34493
24157	1.34495
24158	1.34497
24159	1.345
24160	1.34502
24161	1.34505
24162	1.34507
24163	1.3451
24164	1.34512
24165	1.34515
24166	1.34518
24167	1.3452
24168	1.34523
24169	1.34525
24170	1.34528
24171	1.34531
24172	1.34533
24173	1.34536
24174	1.34539
24175	1.34541
24176	1.34544
24177	1.34547
24178	1.3455
24179	1.34553
24180	1.34555
24181	1.34558
24182	1.34561
24183	1.34564
24184	1.34567
24185	1.3457
24186	1.34573
24187	1.34576
24188	1.34579
24189	1.34582
24190	1.34585
24191	1.34588
24192	1.34591
24193	1.34594
24194	1.34598
24195	1.34601
24196	1.34604
24197	1.34607
24198	1.3461
24199	1.34614
24200	1.34617
24201	1.3462
24202	1.34624
24203	1.34627
24204	1.34631
24205	1.34634
24206	1.34638
24207	1.34641
24208	1.34645
24209	1.34648
24210	1.34652
24211	1.34655
24212	1.34659
24213	1.34662
24214	1.34666
24215	1.3467
24216	1.34674
24217	1.34677
24218	1.34681
24219	1.34685
24220	1.34689
24221	1.34693
24222	1.34696
24223	1.347
24224	1.34704
24225	1.34708
24226	1.34712
24227	1.34716
24228	1.3472
24229	1.34724
24230	1.34728
24231	1.34733
24232	1.34737
24233	1.34741
24234	1.34745
24235	1.34749
24236	1.34753
24237	1.34758
24238	1.34762
24239	1.34766
24240	1.34771
24241	1.34775
24242	1.34779
24243	1.34784
24244	1.34788
24245	1.34793
24246	1.34797
24247	1.34801
24248	1.34806
24249	1.34811
24250	1.34815
24251	1.3482
24252	1.34824
24253	1.34829
24254	1.34833
24255	1.34838
24256	1.34843
24257	1.34847
24258	1.34852
24259	1.34857
24260	1.34862
24261	1.34866
24262	1.34871
24263	1.34876
24264	1.34881
24265	1.34885
24266	1.3489
24267	1.34895
24268	1.349
24269	1.34905
24270	1.3491
24271	1.34915
24272	1.3492
24273	1.34925
24274	1.3493
24275	1.34934
24276	1.34939
24277	1.34944
24278	1.34949
24279	1.34954
24280	1.34959
24281	1.34964
24282	1.34969
24283	1.34975
24284	1.3498
24285	1.34985
24286	1.3499
24287	1.34995
24288	1.35
24289	1.35005
24290	1.3501
24291	1.35015
24292	1.3502
24293	1.35025
24294	1.35031
24295	1.35036
24296	1.35041
24297	1.35046
24298	1.35051
24299	1.35056
24300	1.35061
24301	1.35067
24302	1.35072
24303	1.35077
24304	1.35082
24305	1.35087
24306	1.35092
24307	1.35098
24308	1.35103
24309	1.35108
24310	1.35113
24311	1.35118
24312	1.35124
24313	1.35129
24314	1.35134
24315	1.35139
24316	1.35144
24317	1.35149
24318	1.35155
24319	1.3516
24320	1.35165
24321	1.3517
24322	1.35175
24323	1.35181
24324	1.35186
24325	1.35191
24326	1.35196
24327	1.35201
24328	1.35206
24329	1.35212
24330	1.35217
24331	1.35222
24332	1.35227
24333	1.35232
24334	1.35237
24335	1.35242
24336	1.35248
24337	1.35253
24338	1.35258
24339	1.35263
24340	1.35268
24341	1.35273
24342	1.35278
24343	1.35283
24344	1.35288
24345	1.35294
24346	1.35299
24347	1.35304
24348	1.35309
24349	1.35314
24350	1.35319
24351	1.35324
24352	1.35329
24353	1.35334
24354	1.35339
24355	1.35344
24356	1.35349
24357	1.35354
24358	1.35359
24359	1.35364
24360	1.35369
24361	1.35374
24362	1.35379
24363	1.35384
24364	1.35389
24365	1.35394
24366	1.35399
24367	1.35404
24368	1.35409
24369	1.35414
24370	1.35419
24371	1.35424
24372	1.35429
24373	1.35434
24374	1.35439
24375	1.35444
24376	1.35449
24377	1.35454
24378	1.35459
24379	1.35464
24380	1.35469
24381	1.35473
24382	1.35478
24383	1.35483
24384	1.35488
24385	1.35493
24386	1.35498
24387	1.35503
24388	1.35508
24389	1.35513
24390	1.35517
24391	1.35522
24392	1.35527
24393	1.35532
24394	1.35537
24395	1.35542
24396	1.35547
24397	1.35551
24398	1.35556
24399	1.35561
24400	1.35566
24401	1.35571
24402	1.35576
24403	1.3558
24404	1.35585
24405	1.3559
24406	1.35595
24407	1.356
24408	1.35604
24409	1.35609
24410	1.35614
24411	1.35619
24412	1.35624
24413	1.35628
24414	1.35633
24415	1.35638
24416	1.35643
24417	1.35647
24418	1.35652
24419	1.35657
24420	1.35662
24421	1.35666
24422	1.35671
24423	1.35676
24424	1.35681
24425	1.35685
24426	1.3569
24427	1.35695
24428	1.357
24429	1.35704
24430	1.35709
24431	1.35714
24432	1.35718
24433	1.35723
24434	1.35728
24435	1.35733
24436	1.35737
24437	1.35742
24438	1.35747
24439	1.35751
24440	1.35756
24441	1.35761
24442	1.35765
24443	1.3577
24444	1.35775
24445	1.35779
24446	1.35784
24447	1.35789
24448	1.35793
24449	1.35798
24450	1.35803
24451	1.35807
24452	1.35812
24453	1.35817
24454	1.35821
24455	1.35826
24456	1.3583
24457	1.35835
24458	1.3584
24459	1.35844
24460	1.35849
24461	1.35853
24462	1.35858
24463	1.35863
24464	1.35867
24465	1.35872
24466	1.35876
24467	1.35881
24468	1.35885
24469	1.3589
24470	1.35894
24471	1.35899
24472	1.35903
24473	1.35908
24474	1.35912
24475	1.35917
24476	1.35921
24477	1.35926
24478	1.3593
24479	1.35935
24480	1.35939
24481	1.35944
24482	1.35948
24483	1.35952
24484	1.35957
24485	1.35961
24486	1.35966
24487	1.3597
24488	1.35974
24489	1.35979
24490	1.35983
24491	1.35987
24492	1.35992
24493	1.35996
24494	1.36
24495	1.36004
24496	1.36009
24497	1.36013
24498	1.36017
24499	1.36022
24500	1.36026
24501	1.3603
24502	1.36034
24503	1.36038
24504	1.36043
24505	1.36047
24506	1.36051
24507	1.36055
24508	1.36059
24509	1.36063
24510	1.36067
24511	1.36071
24512	1.36075
24513	1.36079
24514	1.36083
24515	1.36088
24516	1.36092
24517	1.36096
24518	1.36099
24519	1.36103
24520	1.36107
24521	1.36111
24522	1.36115
24523	1.36119
24524	1.36123
24525	1.36127
24526	1.36131
24527	1.36135
24528	1.36138
24529	1.36142
24530	1.36146
24531	1.3615
24532	1.36154
24533	1.36157
24534	1.36161
24535	1.36165
24536	1.36168
24537	1.36172
24538	1.36176
24539	1.36179
24540	1.36183
24541	1.36187
24542	1.3619
24543	1.36194
24544	1.36197
24545	1.36201
24546	1.36204
24547	1.36208
24548	1.36211
24549	1.36215
24550	1.36218
24551	1.36222
24552	1.36225
24553	1.36228
24554	1.36232
24555	1.36235
24556	1.36238
24557	1.36242
24558	1.36245
24559	1.36248
24560	1.36252
24561	1.36255
24562	1.36258
24563	1.36261
24564	1.36264
24565	1.36268
24566	1.36271
24567	1.36274
24568	1.36277
24569	1.3628
24570	1.36283
24571	1.36286
24572	1.36289
24573	1.36292
24574	1.36295
24575	1.36298
24576	1.36301
24577	1.36304
24578	1.36307
24579	1.3631
24580	1.36313
24581	1.36316
24582	1.36319
24583	1.36322
24584	1.36325
24585	1.36328
24586	1.3633
24587	1.36333
24588	1.36336
24589	1.36339
24590	1.36341
24591	1.36344
24592	1.36347
24593	1.3635
24594	1.36352
24595	1.36355
24596	1.36358
24597	1.3636
24598	1.36363
24599	1.36366
24600	1.36368
24601	1.36371
24602	1.36373
24603	1.36376
24604	1.36378
24605	1.36381
24606	1.36383
24607	1.36386
24608	1.36388
24609	1.36391
24610	1.36393
24611	1.36396
24612	1.36398
24613	1.36401
24614	1.36403
24615	1.36405
24616	1.36408
24617	1.3641
24618	1.36413
24619	1.36415
24620	1.36417
24621	1.3642
24622	1.36422
24623	1.36424
24624	1.36426
24625	1.36429
24626	1.36431
24627	1.36433
24628	1.36435
24629	1.36438
24630	1.3644
24631	1.36442
24632	1.36444
24633	1.36446
24634	1.36448
24635	1.36451
24636	1.36453
24637	1.36455
24638	1.36457
24639	1.36459
24640	1.36461
24641	1.36463
24642	1.36465
24643	1.36467
24644	1.36469
24645	1.36472
24646	1.36474
24647	1.36476
24648	1.36478
24649	1.3648
24650	1.36482
24651	1.36484
24652	1.36486
24653	1.36488
24654	1.36489
24655	1.36491
24656	1.36493
24657	1.36495
24658	1.36497
24659	1.36499
24660	1.36501
24661	1.36503
24662	1.36505
24663	1.36507
24664	1.36509
24665	1.3651
24666	1.36512
24667	1.36514
24668	1.36516
24669	1.36518
24670	1.36519
24671	1.36521
24672	1.36523
24673	1.36525
24674	1.36527
24675	1.36528
24676	1.3653
24677	1.36532
24678	1.36534
24679	1.36535
24680	1.36537
24681	1.36539
24682	1.36541
24683	1.36542
24684	1.36544
24685	1.36546
24686	1.36547
24687	1.36549
24688	1.36551
24689	1.36552
24690	1.36554
24691	1.36555
24692	1.36557
24693	1.36559
24694	1.3656
24695	1.36562
24696	1.36563
24697	1.36565
24698	1.36567
24699	1.36568
24700	1.3657
24701	1.36571
24702	1.36573
24703	1.36574
24704	1.36576
24705	1.36577
24706	1.36579
24707	1.3658
24708	1.36582
24709	1.36583
24710	1.36585
24711	1.36586
24712	1.36588
24713	1.36589
24714	1.36591
24715	1.36592
24716	1.36593
24717	1.36595
24718	1.36596
24719	1.36598
24720	1.36599
24721	1.366
24722	1.36602
24723	1.36603
24724	1.36605
24725	1.36606
24726	1.36607
24727	1.36609
24728	1.3661
24729	1.36611
24730	1.36613
24731	1.36614
24732	1.36615
24733	1.36616
24734	1.36618
24735	1.36619
24736	1.3662
24737	1.36621
24738	1.36623
24739	1.36624
24740	1.36625
24741	1.36626
24742	1.36628
24743	1.36629
24744	1.3663
24745	1.36631
24746	1.36632
24747	1.36634
24748	1.36635
24749	1.36636
24750	1.36637
24751	1.36638
24752	1.36639
24753	1.3664
24754	1.36642
24755	1.36643
24756	1.36644
24757	1.36645
24758	1.36646
24759	1.36647
24760	1.36648
24761	1.36649
24762	1.3665
24763	1.36651
24764	1.36652
24765	1.36653
24766	1.36654
24767	1.36655
24768	1.36656
24769	1.36658
24770	1.36659
24771	1.3666
24772	1.36661
24773	1.36661
24774	1.36662
24775	1.36663
24776	1.36664
24777	1.36665
24778	1.36666
24779	1.36667
24780	1.36668
24781	1.36669
24782	1.3667
24783	1.36671
24784	1.36672
24785	1.36673
24786	1.36674
24787	1.36675
24788	1.36676
24789	1.36677
24790	1.36677
24791	1.36678
24792	1.36679
24793	1.3668
24794	1.36681
24795	1.36682
24796	1.36683
24797	1.36683
24798	1.36684
24799	1.36685
24800	1.36686
24801	1.36687
24802	1.36688
24803	1.36689
24804	1.36689
24805	1.3669
24806	1.36691
24807	1.36692
24808	1.36693
24809	1.36693
24810	1.36694
24811	1.36695
24812	1.36696
24813	1.36697
24814	1.36697
24815	1.36698
24816	1.36699
24817	1.367
24818	1.36701
24819	1.36701
24820	1.36702
24821	1.36703
24822	1.36704
24823	1.36704
24824	1.36705
24825	1.36706
24826	1.36707
24827	1.36707
24828	1.36708
24829	1.36709
24830	1.3671
24831	1.3671
24832	1.36711
24833	1.36712
24834	1.36713
24835	1.36713
24836	1.36714
24837	1.36715
24838	1.36716
24839	1.36716
24840	1.36717
24841	1.36718
24842	1.36719
24843	1.36719
24844	1.3672
24845	1.36721
24846	1.36721
24847	1.36722
24848	1.36723
24849	1.36724
24850	1.36724
24851	1.36725
24852	1.36726
24853	1.36727
24854	1.36727
24855	1.36728
24856	1.36729
24857	1.36729
24858	1.3673
24859	1.36731
24860	1.36732
24861	1.36732
24862	1.36733
24863	1.36734
24864	1.36735
24865	1.36735
24866	1.36736
24867	1.36737
24868	1.36738
24869	1.36738
24870	1.36739
24871	1.3674
24872	1.3674
24873	1.36741
24874	1.36742
24875	1.36743
24876	1.36743
24877	1.36744
24878	1.36745
24879	1.36746
24880	1.36746
24881	1.36747
24882	1.36748
24883	1.36749
24884	1.36749
24885	1.3675
24886	1.36751
24887	1.36752
24888	1.36752
24889	1.36753
24890	1.36754
24891	1.36755
24892	1.36755
24893	1.36756
24894	1.36757
24895	1.36758
24896	1.36759
24897	1.36759
24898	1.3676
24899	1.36761
24900	1.36762
24901	1.36763
24902	1.36763
24903	1.36764
24904	1.36765
24905	1.36766
24906	1.36766
24907	1.36767
24908	1.36768
24909	1.36769
24910	1.3677
24911	1.36771
24912	1.36771
24913	1.36772
24914	1.36773
24915	1.36774
24916	1.36775
24917	1.36776
24918	1.36776
24919	1.36777
24920	1.36778
24921	1.36779
24922	1.3678
24923	1.36781
24924	1.36781
24925	1.36782
24926	1.36783
24927	1.36784
24928	1.36785
24929	1.36786
24930	1.36787
24931	1.36788
24932	1.36788
24933	1.36789
24934	1.3679
24935	1.36791
24936	1.36792
24937	1.36793
24938	1.36794
24939	1.36795
24940	1.36796
24941	1.36797
24942	1.36797
24943	1.36798
24944	1.36799
24945	1.368
24946	1.36801
24947	1.36802
24948	1.36803
24949	1.36804
24950	1.36805
24951	1.36806
24952	1.36807
24953	1.36808
24954	1.36809
24955	1.3681
24956	1.36811
24957	1.36812
24958	1.36813
24959	1.36814
24960	1.36815
24961	1.36816
24962	1.36817
24963	1.36818
24964	1.36819
24965	1.3682
24966	1.36821
24967	1.36822
24968	1.36823
24969	1.36824
24970	1.36825
24971	1.36826
24972	1.36827
24973	1.36828
24974	1.36829
24975	1.3683
24976	1.36831
24977	1.36832
24978	1.36833
24979	1.36834
24980	1.36835
24981	1.36836
24982	1.36837
24983	1.36838
24984	1.36839
24985	1.3684
24986	1.36841
24987	1.36843
24988	1.36844
24989	1.36845
24990	1.36846
24991	1.36847
24992	1.36848
24993	1.36849
24994	1.3685
24995	1.36851
24996	1.36853
24997	1.36854
24998	1.36855
24999	1.36856
25000	1.36857
25001	1.36858
25002	1.36859
25003	1.3686
25004	1.36862
25005	1.36863
25006	1.36864
25007	1.36865
25008	1.36866
25009	1.36867
25010	1.36869
25011	1.3687
25012	1.36871
25013	1.36872
25014	1.36873
25015	1.36874
25016	1.36876
25017	1.36877
25018	1.36878
25019	1.36879
25020	1.3688
25021	1.36882
25022	1.36883
25023	1.36884
25024	1.36885
25025	1.36886
25026	1.36888
25027	1.36889
25028	1.3689
25029	1.36891
25030	1.36893
25031	1.36894
25032	1.36895
25033	1.36896
25034	1.36898
25035	1.36899
25036	1.369
25037	1.36901
25038	1.36903
25039	1.36904
25040	1.36905
25041	1.36906
25042	1.36908
25043	1.36909
25044	1.3691
25045	1.36911
25046	1.36913
25047	1.36914
25048	1.36915
25049	1.36917
25050	1.36918
25051	1.36919
25052	1.3692
25053	1.36922
25054	1.36923
25055	1.36924
25056	1.36926
25057	1.36927
25058	1.36928
25059	1.36929
25060	1.36931
25061	1.36932
25062	1.36933
25063	1.36935
25064	1.36936
25065	1.36937
25066	1.36939
25067	1.3694
25068	1.36941
25069	1.36943
25070	1.36944
25071	1.36945
25072	1.36947
25073	1.36948
25074	1.36949
25075	1.3695
25076	1.36952
25077	1.36953
25078	1.36954
25079	1.36956
25080	1.36957
25081	1.36958
25082	1.3696
25083	1.36961
25084	1.36962
25085	1.36964
25086	1.36965
25087	1.36966
25088	1.36968
25089	1.36969
25090	1.36971
25091	1.36972
25092	1.36973
25093	1.36975
25094	1.36976
25095	1.36977
25096	1.36979
25097	1.3698
25098	1.36981
25099	1.36983
25100	1.36984
25101	1.36985
25102	1.36987
25103	1.36988
25104	1.36989
25105	1.36991
25106	1.36992
25107	1.36993
25108	1.36995
25109	1.36996
25110	1.36997
25111	1.36999
25112	1.37
25113	1.37001
25114	1.37003
25115	1.37004
25116	1.37005
25117	1.37007
25118	1.37008
25119	1.3701
25120	1.37011
25121	1.37012
25122	1.37014
25123	1.37015
25124	1.37016
25125	1.37018
25126	1.37019
25127	1.3702
25128	1.37022
25129	1.37023
25130	1.37024
25131	1.37026
25132	1.37027
25133	1.37028
25134	1.37029
25135	1.37031
25136	1.37032
25137	1.37033
25138	1.37035
25139	1.37036
25140	1.37037
25141	1.37039
25142	1.3704
25143	1.37041
25144	1.37043
25145	1.37044
25146	1.37045
25147	1.37047
25148	1.37048
25149	1.37049
25150	1.3705
25151	1.37052
25152	1.37053
25153	1.37054
25154	1.37056
25155	1.37057
25156	1.37058
25157	1.37059
25158	1.37061
25159	1.37062
25160	1.37063
25161	1.37064
25162	1.37066
25163	1.37067
25164	1.37068
25165	1.37069
25166	1.37071
25167	1.37072
25168	1.37073
25169	1.37074
25170	1.37076
25171	1.37077
25172	1.37078
25173	1.37079
25174	1.3708
25175	1.37082
25176	1.37083
25177	1.37084
25178	1.37085
25179	1.37086
25180	1.37088
25181	1.37089
25182	1.3709
25183	1.37091
25184	1.37092
25185	1.37094
25186	1.37095
25187	1.37096
25188	1.37097
25189	1.37098
25190	1.37099
25191	1.371
25192	1.37102
25193	1.37103
25194	1.37104
25195	1.37105
25196	1.37106
25197	1.37107
25198	1.37108
25199	1.37109
25200	1.37111
25201	1.37112
25202	1.37113
25203	1.37114
25204	1.37115
25205	1.37116
25206	1.37117
25207	1.37118
25208	1.37119
25209	1.3712
25210	1.37121
25211	1.37122
25212	1.37123
25213	1.37124
25214	1.37125
25215	1.37126
25216	1.37127
25217	1.37128
25218	1.37129
25219	1.3713
25220	1.37131
25221	1.37132
25222	1.37133
25223	1.37134
25224	1.37135
25225	1.37136
25226	1.37137
25227	1.37138
25228	1.37139
25229	1.3714
25230	1.37141
25231	1.37142
25232	1.37142
25233	1.37143
25234	1.37144
25235	1.37145
25236	1.37146
25237	1.37147
25238	1.37148
25239	1.37148
25240	1.37149
25241	1.3715
25242	1.37151
25243	1.37152
25244	1.37153
25245	1.37153
25246	1.37154
25247	1.37155
25248	1.37156
25249	1.37156
25250	1.37157
25251	1.37158
25252	1.37159
25253	1.37159
25254	1.3716
25255	1.37161
25256	1.37162
25257	1.37162
25258	1.37163
25259	1.37164
25260	1.37164
25261	1.37165
25262	1.37166
25263	1.37166
25264	1.37167
25265	1.37168
25266	1.37168
25267	1.37169
25268	1.37169
25269	1.3717
25270	1.37171
25271	1.37171
25272	1.37172
25273	1.37172
25274	1.37173
25275	1.37173
25276	1.37174
25277	1.37174
25278	1.37175
25279	1.37175
25280	1.37176
25281	1.37176
25282	1.37177
25283	1.37177
25284	1.37178
25285	1.37178
25286	1.37179
25287	1.37179
25288	1.37179
25289	1.3718
25290	1.3718
25291	1.37181
25292	1.37181
25293	1.37181
25294	1.37182
25295	1.37182
25296	1.37182
25297	1.37183
25298	1.37183
25299	1.37183
25300	1.37184
25301	1.37184
25302	1.37184
25303	1.37184
25304	1.37185
25305	1.37185
25306	1.37185
25307	1.37185
25308	1.37185
25309	1.37186
25310	1.37186
25311	1.37186
25312	1.37186
25313	1.37186
25314	1.37186
25315	1.37187
25316	1.37187
25317	1.37187
25318	1.37187
25319	1.37187
25320	1.37187
25321	1.37187
25322	1.37187
25323	1.37187
25324	1.37187
25325	1.37187
25326	1.37187
25327	1.37187
25328	1.37187
25329	1.37187
25330	1.37187
25331	1.37187
25332	1.37187
25333	1.37187
25334	1.37187
25335	1.37187
25336	1.37187
25337	1.37187
25338	1.37187
25339	1.37186
25340	1.37186
25341	1.37186
25342	1.37186
25343	1.37186
25344	1.37186
25345	1.37185
25346	1.37185
25347	1.37185
25348	1.37185
25349	1.37185
25350	1.37184
25351	1.37184
25352	1.37184
25353	1.37183
25354	1.37183
25355	1.37183
25356	1.37183
25357	1.37182
25358	1.37182
25359	1.37182
25360	1.37181
25361	1.37181
25362	1.3718
25363	1.3718
25364	1.3718
25365	1.37179
25366	1.37179
25367	1.37178
25368	1.37178
25369	1.37177
25370	1.37177
25371	1.37176
25372	1.37176
25373	1.37175
25374	1.37175
25375	1.37174
25376	1.37174
25377	1.37173
25378	1.37173
25379	1.37172
25380	1.37172
25381	1.37171
25382	1.3717
25383	1.3717
25384	1.37169
25385	1.37168
25386	1.37168
25387	1.37167
25388	1.37166
25389	1.37166
25390	1.37165
25391	1.37164
25392	1.37164
25393	1.37163
25394	1.37162
25395	1.37161
25396	1.37161
25397	1.3716
25398	1.37159
25399	1.37158
25400	1.37158
25401	1.37157
25402	1.37156
25403	1.37155
25404	1.37154
25405	1.37153
25406	1.37152
25407	1.37152
25408	1.37151
25409	1.3715
25410	1.37149
25411	1.37148
25412	1.37147
25413	1.37146
25414	1.37145
25415	1.37144
25416	1.37143
25417	1.37142
25418	1.37141
25419	1.3714
25420	1.37139
25421	1.37138
25422	1.37137
25423	1.37136
25424	1.37135
25425	1.37134
25426	1.37133
25427	1.37132
25428	1.37131
25429	1.3713
25430	1.37129
25431	1.37127
25432	1.37126
25433	1.37125
25434	1.37124
25435	1.37123
25436	1.37122
25437	1.37121
25438	1.37119
25439	1.37118
25440	1.37117
25441	1.37116
25442	1.37115
25443	1.37113
25444	1.37112
25445	1.37111
25446	1.3711
25447	1.37108
25448	1.37107
25449	1.37106
25450	1.37104
25451	1.37103
25452	1.37102
25453	1.371
25454	1.37099
25455	1.37098
25456	1.37096
25457	1.37095
25458	1.37094
25459	1.37092
25460	1.37091
25461	1.3709
25462	1.37088
25463	1.37087
25464	1.37085
25465	1.37084
25466	1.37083
25467	1.37081
25468	1.3708
25469	1.37078
25470	1.37077
25471	1.37075
25472	1.37074
25473	1.37072
25474	1.37071
25475	1.37069
25476	1.37068
25477	1.37066
25478	1.37065
25479	1.37063
25480	1.37062
25481	1.3706
25482	1.37059
25483	1.37057
25484	1.37056
25485	1.37054
25486	1.37053
25487	1.37051
25488	1.37049
25489	1.37048
25490	1.37046
25491	1.37045
25492	1.37043
25493	1.37041
25494	1.3704
25495	1.37038
25496	1.37037
25497	1.37035
25498	1.37033
25499	1.37032
25500	1.3703
25501	1.37028
25502	1.37027
25503	1.37025
25504	1.37023
25505	1.37022
25506	1.3702
25507	1.37018
25508	1.37017
25509	1.37015
25510	1.37013
25511	1.37011
25512	1.3701
25513	1.37008
25514	1.37006
25515	1.37005
25516	1.37003
25517	1.37001
25518	1.36999
25519	1.36998
25520	1.36996
25521	1.36994
25522	1.36992
25523	1.36991
25524	1.36989
25525	1.36987
25526	1.36985
25527	1.36983
25528	1.36982
25529	1.3698
25530	1.36978
25531	1.36976
25532	1.36975
25533	1.36973
25534	1.36971
25535	1.36969
25536	1.36967
25537	1.36966
25538	1.36964
25539	1.36962
25540	1.3696
25541	1.36958
25542	1.36956
25543	1.36955
25544	1.36953
25545	1.36951
25546	1.36949
25547	1.36947
25548	1.36946
25549	1.36944
25550	1.36942
25551	1.3694
25552	1.36938
25553	1.36936
25554	1.36934
25555	1.36933
25556	1.36931
25557	1.36929
25558	1.36927
25559	1.36925
25560	1.36923
25561	1.36922
25562	1.3692
25563	1.36918
25564	1.36916
25565	1.36914
25566	1.36912
25567	1.3691
25568	1.36909
25569	1.36907
25570	1.36905
25571	1.36903
25572	1.36901
25573	1.36899
25574	1.36898
25575	1.36896
25576	1.36894
25577	1.36892
25578	1.3689
25579	1.36888
25580	1.36886
25581	1.36885
25582	1.36883
25583	1.36881
25584	1.36879
25585	1.36877
25586	1.36875
25587	1.36873
25588	1.36872
25589	1.3687
25590	1.36868
25591	1.36866
25592	1.36864
25593	1.36862
25594	1.36861
25595	1.36859
25596	1.36857
25597	1.36855
25598	1.36853
25599	1.36852
25600	1.3685
25601	1.36848
25602	1.36846
25603	1.36844
25604	1.36842
25605	1.36841
25606	1.36839
25607	1.36837
25608	1.36835
25609	1.36833
25610	1.36832
25611	1.3683
25612	1.36828
25613	1.36826
25614	1.36824
25615	1.36823
25616	1.36821
25617	1.36819
25618	1.36817
25619	1.36816
25620	1.36814
25621	1.36812
25622	1.3681
25623	1.36809
25624	1.36807
25625	1.36805
25626	1.36803
25627	1.36802
25628	1.368
25629	1.36798
25630	1.36796
25631	1.36795
25632	1.36793
25633	1.36791
25634	1.3679
25635	1.36788
25636	1.36786
25637	1.36785
25638	1.36783
25639	1.36781
25640	1.36779
25641	1.36778
25642	1.36776
25643	1.36774
25644	1.36773
25645	1.36771
25646	1.3677
25647	1.36768
25648	1.36766
25649	1.36765
25650	1.36763
25651	1.36761
25652	1.3676
25653	1.36758
25654	1.36757
25655	1.36755
25656	1.36753
25657	1.36752
25658	1.3675
25659	1.36749
25660	1.36747
25661	1.36746
25662	1.36744
25663	1.36742
25664	1.36741
25665	1.36739
25666	1.36738
25667	1.36736
25668	1.36735
25669	1.36733
25670	1.36732
25671	1.3673
25672	1.36729
25673	1.36727
25674	1.36726
25675	1.36724
25676	1.36723
25677	1.36721
25678	1.3672
25679	1.36719
25680	1.36717
25681	1.36716
25682	1.36714
25683	1.36713
25684	1.36711
25685	1.3671
25686	1.36709
25687	1.36707
25688	1.36706
25689	1.36705
25690	1.36703
25691	1.36702
25692	1.367
25693	1.36699
25694	1.36698
25695	1.36697
25696	1.36695
25697	1.36694
25698	1.36693
25699	1.36691
25700	1.3669
25701	1.36689
25702	1.36687
25703	1.36686
25704	1.36685
25705	1.36684
25706	1.36682
25707	1.36681
25708	1.3668
25709	1.36679
25710	1.36678
25711	1.36676
25712	1.36675
25713	1.36674
25714	1.36673
25715	1.36672
25716	1.36671
25717	1.36669
25718	1.36668
25719	1.36667
25720	1.36666
25721	1.36665
25722	1.36664
25723	1.36663
25724	1.36662
25725	1.36661
25726	1.3666
25727	1.36658
25728	1.36657
25729	1.36656
25730	1.36655
25731	1.36654
25732	1.36653
25733	1.36652
25734	1.36651
25735	1.3665
25736	1.36649
25737	1.36648
25738	1.36647
25739	1.36646
25740	1.36645
25741	1.36645
25742	1.36644
25743	1.36643
25744	1.36642
25745	1.36641
25746	1.3664
25747	1.36639
25748	1.36638
25749	1.36637
25750	1.36636
25751	1.36636
25752	1.36635
25753	1.36634
25754	1.36633
25755	1.36632
25756	1.36632
25757	1.36631
25758	1.3663
25759	1.36629
25760	1.36628
25761	1.36628
25762	1.36627
25763	1.36626
25764	1.36625
25765	1.36625
25766	1.36624
25767	1.36623
25768	1.36623
25769	1.36622
25770	1.36621
25771	1.36621
25772	1.3662
25773	1.36619
25774	1.36619
25775	1.36618
25776	1.36617
25777	1.36617
25778	1.36616
25779	1.36615
25780	1.36615
25781	1.36614
25782	1.36614
25783	1.36613
25784	1.36613
25785	1.36612
25786	1.36611
25787	1.36611
25788	1.3661
25789	1.3661
25790	1.36609
25791	1.36609
25792	1.36608
25793	1.36608
25794	1.36607
25795	1.36607
25796	1.36607
25797	1.36606
25798	1.36606
25799	1.36605
25800	1.36605
25801	1.36604
25802	1.36604
25803	1.36604
25804	1.36603
25805	1.36603
25806	1.36603
25807	1.36602
25808	1.36602
25809	1.36602
25810	1.36601
25811	1.36601
25812	1.36601
25813	1.366
25814	1.366
25815	1.366
25816	1.36599
25817	1.36599
25818	1.36599
25819	1.36599
25820	1.36598
25821	1.36598
25822	1.36598
25823	1.36598
25824	1.36598
25825	1.36597
25826	1.36597
25827	1.36597
25828	1.36597
25829	1.36597
25830	1.36597
25831	1.36596
25832	1.36596
25833	1.36596
25834	1.36596
25835	1.36596
25836	1.36596
25837	1.36596
25838	1.36596
25839	1.36596
25840	1.36596
25841	1.36596
25842	1.36596
25843	1.36596
25844	1.36596
25845	1.36596
25846	1.36596
25847	1.36596
25848	1.36596
25849	1.36596
25850	1.36596
25851	1.36596
25852	1.36596
25853	1.36596
25854	1.36596
25855	1.36596
25856	1.36596
25857	1.36596
25858	1.36597
25859	1.36597
25860	1.36597
25861	1.36597
25862	1.36597
25863	1.36597
25864	1.36598
25865	1.36598
25866	1.36598
25867	1.36598
25868	1.36598
25869	1.36599
25870	1.36599
25871	1.36599
25872	1.366
25873	1.366
25874	1.366
25875	1.366
25876	1.36601
25877	1.36601
25878	1.36602
25879	1.36602
25880	1.36602
25881	1.36603
25882	1.36603
25883	1.36603
25884	1.36604
25885	1.36604
25886	1.36605
25887	1.36605
25888	1.36606
25889	1.36606
25890	1.36607
25891	1.36607
25892	1.36608
25893	1.36608
25894	1.36609
25895	1.36609
25896	1.3661
25897	1.36611
25898	1.36611
25899	1.36612
25900	1.36612
25901	1.36613
25902	1.36614
25903	1.36614
25904	1.36615
25905	1.36616
25906	1.36616
25907	1.36617
25908	1.36618
25909	1.36619
25910	1.36619
25911	1.3662
25912	1.36621
25913	1.36622
25914	1.36622
25915	1.36623
25916	1.36624
25917	1.36625
25918	1.36626
25919	1.36627
25920	1.36627
25921	1.36628
25922	1.36629
25923	1.3663
25924	1.36631
25925	1.36632
25926	1.36633
25927	1.36634
25928	1.36635
25929	1.36636
25930	1.36637
25931	1.36638
25932	1.36639
25933	1.3664
25934	1.36641
25935	1.36642
25936	1.36643
25937	1.36644
25938	1.36646
25939	1.36647
25940	1.36648
25941	1.36649
25942	1.3665
25943	1.36651
25944	1.36652
25945	1.36654
25946	1.36655
25947	1.36656
25948	1.36657
25949	1.36659
25950	1.3666
25951	1.36661
25952	1.36662
25953	1.36664
25954	1.36665
25955	1.36666
25956	1.36668
25957	1.36669
25958	1.3667
25959	1.36672
25960	1.36673
25961	1.36674
25962	1.36676
25963	1.36677
25964	1.36679
25965	1.3668
25966	1.36681
25967	1.36683
25968	1.36684
25969	1.36686
25970	1.36687
25971	1.36689
25972	1.3669
25973	1.36692
25974	1.36693
25975	1.36695
25976	1.36696
25977	1.36698
25978	1.36699
25979	1.36701
25980	1.36702
25981	1.36704
25982	1.36705
25983	1.36707
25984	1.36708
25985	1.3671
25986	1.36712
25987	1.36713
25988	1.36715
25989	1.36716
25990	1.36718
25991	1.36719
25992	1.36721
25993	1.36723
25994	1.36724
25995	1.36726
25996	1.36727
25997	1.36729
25998	1.36731
25999	1.36732
26000	1.36734
26001	1.36736
26002	1.36737
26003	1.36739
26004	1.3674
26005	1.36742
26006	1.36744
26007	1.36745
26008	1.36747
26009	1.36748
26010	1.3675
26011	1.36752
26012	1.36753
26013	1.36755
26014	1.36757
26015	1.36758
26016	1.3676
26017	1.36761
26018	1.36763
26019	1.36765
26020	1.36766
26021	1.36768
26022	1.36769
26023	1.36771
26024	1.36773
26025	1.36774
26026	1.36776
26027	1.36777
26028	1.36779
26029	1.3678
26030	1.36782
26031	1.36783
26032	1.36785
26033	1.36786
26034	1.36788
26035	1.36789
26036	1.36791
26037	1.36792
26038	1.36794
26039	1.36795
26040	1.36797
26041	1.36798
26042	1.368
26043	1.36801
26044	1.36802
26045	1.36804
26046	1.36805
26047	1.36807
26048	1.36808
26049	1.36809
26050	1.36811
26051	1.36812
26052	1.36813
26053	1.36815
26054	1.36816
26055	1.36817
26056	1.36818
26057	1.3682
26058	1.36821
26059	1.36822
26060	1.36823
26061	1.36824
26062	1.36826
26063	1.36827
26064	1.36828
26065	1.36829
26066	1.3683
26067	1.36831
26068	1.36832
26069	1.36833
26070	1.36834
26071	1.36835
26072	1.36836
26073	1.36837
26074	1.36838
26075	1.36839
26076	1.3684
26077	1.36841
26078	1.36842
26079	1.36843
26080	1.36843
26081	1.36844
26082	1.36845
26083	1.36846
26084	1.36847
26085	1.36847
26086	1.36848
26087	1.36849
26088	1.36849
26089	1.3685
26090	1.36851
26091	1.36851
26092	1.36852
26093	1.36852
26094	1.36853
26095	1.36853
26096	1.36854
26097	1.36854
26098	1.36855
26099	1.36855
26100	1.36856
26101	1.36856
26102	1.36856
26103	1.36857
26104	1.36857
26105	1.36857
26106	1.36857
26107	1.36857
26108	1.36858
26109	1.36858
26110	1.36858
26111	1.36858
26112	1.36858
26113	1.36858
26114	1.36858
26115	1.36858
26116	1.36858
26117	1.36858
26118	1.36858
26119	1.36858
26120	1.36858
26121	1.36858
26122	1.36857
26123	1.36857
26124	1.36857
26125	1.36857
26126	1.36856
26127	1.36856
26128	1.36856
26129	1.36855
26130	1.36855
26131	1.36855
26132	1.36854
26133	1.36854
26134	1.36853
26135	1.36853
26136	1.36852
26137	1.36851
26138	1.36851
26139	1.3685
26140	1.36849
26141	1.36849
26142	1.36848
26143	1.36847
26144	1.36846
26145	1.36846
26146	1.36845
26147	1.36844
26148	1.36843
26149	1.36842
26150	1.36841
26151	1.3684
26152	1.36839
26153	1.36838
26154	1.36837
26155	1.36836
26156	1.36835
26157	1.36834
26158	1.36832
26159	1.36831
26160	1.3683
26161	1.36829
26162	1.36827
26163	1.36826
26164	1.36825
26165	1.36823
26166	1.36822
26167	1.36821
26168	1.36819
26169	1.36818
26170	1.36816
26171	1.36815
26172	1.36813
26173	1.36811
26174	1.3681
26175	1.36808
26176	1.36806
26177	1.36805
26178	1.36803
26179	1.36801
26180	1.36799
26181	1.36798
26182	1.36796
26183	1.36794
26184	1.36792
26185	1.3679
26186	1.36788
26187	1.36786
26188	1.36784
26189	1.36782
26190	1.3678
26191	1.36778
26192	1.36776
26193	1.36774
26194	1.36772
26195	1.3677
26196	1.36767
26197	1.36765
26198	1.36763
26199	1.36761
26200	1.36758
26201	1.36756
26202	1.36754
26203	1.36751
26204	1.36749
26205	1.36747
26206	1.36744
26207	1.36742
26208	1.36739
26209	1.36737
26210	1.36734
26211	1.36732
26212	1.36729
26213	1.36727
26214	1.36724
26215	1.36721
26216	1.36719
26217	1.36716
26218	1.36713
26219	1.36711
26220	1.36708
26221	1.36705
26222	1.36702
26223	1.367
26224	1.36697
26225	1.36694
26226	1.36691
26227	1.36688
26228	1.36685
26229	1.36682
26230	1.36679
26231	1.36676
26232	1.36673
26233	1.3667
26234	1.36667
26235	1.36664
26236	1.36661
26237	1.36658
26238	1.36655
26239	1.36652
26240	1.36649
26241	1.36646
26242	1.36643
26243	1.3664
26244	1.36636
26245	1.36633
26246	1.3663
26247	1.36627
26248	1.36623
26249	1.3662
26250	1.36617
26251	1.36614
26252	1.3661
26253	1.36607
26254	1.36604
26255	1.366
26256	1.36597
26257	1.36593
26258	1.3659
26259	1.36587
26260	1.36583
26261	1.3658
26262	1.36576
26263	1.36573
26264	1.36569
26265	1.36566
26266	1.36562
26267	1.36559
26268	1.36555
26269	1.36552
26270	1.36548
26271	1.36544
26272	1.36541
26273	1.36537
26274	1.36534
26275	1.3653
26276	1.36526
26277	1.36523
26278	1.36519
26279	1.36515
26280	1.36511
26281	1.36508
26282	1.36504
26283	1.365
26284	1.36496
26285	1.36493
26286	1.36489
26287	1.36485
26288	1.36481
26289	1.36477
26290	1.36474
26291	1.3647
26292	1.36466
26293	1.36462
26294	1.36458
26295	1.36454
26296	1.3645
26297	1.36446
26298	1.36443
26299	1.36439
26300	1.36435
26301	1.36431
26302	1.36427
26303	1.36423
26304	1.36419
26305	1.36415
26306	1.36411
26307	1.36407
26308	1.36403
26309	1.36399
26310	1.36395
26311	1.3639
26312	1.36386
26313	1.36382
26314	1.36378
26315	1.36374
26316	1.3637
26317	1.36366
26318	1.36362
26319	1.36357
26320	1.36353
26321	1.36349
26322	1.36345
26323	1.36341
26324	1.36337
26325	1.36332
26326	1.36328
26327	1.36324
26328	1.3632
26329	1.36315
26330	1.36311
26331	1.36307
26332	1.36302
26333	1.36298
26334	1.36294
26335	1.3629
26336	1.36285
26337	1.36281
26338	1.36276
26339	1.36272
26340	1.36268
26341	1.36263
26342	1.36259
26343	1.36255
26344	1.3625
26345	1.36246
26346	1.36241
26347	1.36237
26348	1.36232
26349	1.36228
26350	1.36223
26351	1.36219
26352	1.36214
26353	1.3621
26354	1.36205
26355	1.36201
26356	1.36196
26357	1.36192
26358	1.36187
26359	1.36183
26360	1.36178
26361	1.36174
26362	1.36169
26363	1.36164
26364	1.3616
26365	1.36155
26366	1.3615
26367	1.36146
26368	1.36141
26369	1.36137
26370	1.36132
26371	1.36127
26372	1.36123
26373	1.36118
26374	1.36113
26375	1.36108
26376	1.36104
26377	1.36099
26378	1.36094
26379	1.3609
26380	1.36085
26381	1.3608
26382	1.36075
26383	1.3607
26384	1.36066
26385	1.36061
26386	1.36056
26387	1.36051
26388	1.36046
26389	1.36042
26390	1.36037
26391	1.36032
26392	1.36027
26393	1.36022
26394	1.36017
26395	1.36012
26396	1.36008
26397	1.36003
26398	1.35998
26399	1.35993
26400	1.35988
26401	1.35983
26402	1.35978
26403	1.35973
26404	1.35968
26405	1.35963
26406	1.35958
26407	1.35953
26408	1.35948
26409	1.35943
26410	1.35938
26411	1.35933
26412	1.35929
26413	1.35924
26414	1.35919
26415	1.35913
26416	1.35908
26417	1.35903
26418	1.35898
26419	1.35893
26420	1.35888
26421	1.35883
26422	1.35878
26423	1.35873
26424	1.35868
26425	1.35863
26426	1.35858
26427	1.35853
26428	1.35848
26429	1.35843
26430	1.35838
26431	1.35833
26432	1.35828
26433	1.35822
26434	1.35817
26435	1.35812
26436	1.35807
26437	1.35802
26438	1.35797
26439	1.35792
26440	1.35787
26441	1.35781
26442	1.35776
26443	1.35771
26444	1.35766
26445	1.35761
26446	1.35756
26447	1.35751
26448	1.35745
26449	1.3574
26450	1.35735
26451	1.3573
26452	1.35725
26453	1.3572
26454	1.35715
26455	1.35709
26456	1.35704
26457	1.35699
26458	1.35694
26459	1.35689
26460	1.35684
26461	1.35678
26462	1.35673
26463	1.35668
26464	1.35663
26465	1.35658
26466	1.35652
26467	1.35647
26468	1.35642
26469	1.35637
26470	1.35632
26471	1.35627
26472	1.35621
26473	1.35616
26474	1.35611
26475	1.35606
26476	1.35601
26477	1.35595
26478	1.3559
26479	1.35585
26480	1.3558
26481	1.35575
26482	1.3557
26483	1.35564
26484	1.35559
26485	1.35554
26486	1.35549
26487	1.35544
26488	1.35539
26489	1.35533
26490	1.35528
26491	1.35523
26492	1.35518
26493	1.35513
26494	1.35508
26495	1.35502
26496	1.35497
26497	1.35492
26498	1.35487
26499	1.35482
26500	1.35477
26501	1.35471
26502	1.35466
26503	1.35461
26504	1.35456
26505	1.35451
26506	1.35446
26507	1.35441
26508	1.35436
26509	1.3543
26510	1.35425
26511	1.3542
26512	1.35415
26513	1.3541
26514	1.35405
26515	1.354
26516	1.35395
26517	1.3539
26518	1.35384
26519	1.35379
26520	1.35374
26521	1.35369
26522	1.35364
26523	1.35359
26524	1.35354
26525	1.35349
26526	1.35344
26527	1.35339
26528	1.35334
26529	1.35329
26530	1.35324
26531	1.35319
26532	1.35314
26533	1.35309
26534	1.35304
26535	1.35299
26536	1.35294
26537	1.35289
26538	1.35284
26539	1.35279
26540	1.35274
26541	1.35269
26542	1.35264
26543	1.35259
26544	1.35254
26545	1.35249
26546	1.35244
26547	1.35239
26548	1.35234
26549	1.3523
26550	1.35225
26551	1.3522
26552	1.35215
26553	1.3521
26554	1.35205
26555	1.352
26556	1.35195
26557	1.35191
26558	1.35186
26559	1.35181
26560	1.35176
26561	1.35171
26562	1.35167
26563	1.35162
26564	1.35157
26565	1.35152
26566	1.35147
26567	1.35143
26568	1.35138
26569	1.35133
26570	1.35128
26571	1.35124
26572	1.35119
26573	1.35114
26574	1.3511
26575	1.35105
26576	1.351
26577	1.35096
26578	1.35091
26579	1.35086
26580	1.35082
26581	1.35077
26582	1.35073
26583	1.35068
26584	1.35063
26585	1.35059
26586	1.35054
26587	1.3505
26588	1.35045
26589	1.35041
26590	1.35036
26591	1.35032
26592	1.35027
26593	1.35023
26594	1.35018
26595	1.35014
26596	1.35009
26597	1.35005
26598	1.35001
26599	1.34996
26600	1.34992
26601	1.34987
26602	1.34983
26603	1.34979
26604	1.34974
26605	1.3497
26606	1.34966
26607	1.34962
26608	1.34957
26609	1.34953
26610	1.34949
26611	1.34945
26612	1.3494
26613	1.34936
26614	1.34932
26615	1.34928
26616	1.34924
26617	1.34919
26618	1.34915
26619	1.34911
26620	1.34907
26621	1.34903
26622	1.34899
26623	1.34895
26624	1.34891
26625	1.34887
26626	1.34883
26627	1.34879
26628	1.34875
26629	1.34871
26630	1.34867
26631	1.34863
26632	1.34859
26633	1.34855
26634	1.34851
26635	1.34847
26636	1.34843
26637	1.3484
26638	1.34836
26639	1.34832
26640	1.34828
26641	1.34824
26642	1.34821
26643	1.34817
26644	1.34813
26645	1.3481
26646	1.34806
26647	1.34802
26648	1.34799
26649	1.34795
26650	1.34791
26651	1.34788
26652	1.34784
26653	1.34781
26654	1.34777
26655	1.34773
26656	1.3477
26657	1.34766
26658	1.34763
26659	1.34759
26660	1.34756
26661	1.34753
26662	1.34749
26663	1.34746
26664	1.34742
26665	1.34739
26666	1.34736
26667	1.34732
26668	1.34729
26669	1.34726
26670	1.34723
26671	1.34719
26672	1.34716
26673	1.34713
26674	1.3471
26675	1.34707
26676	1.34703
26677	1.347
26678	1.34697
26679	1.34694
26680	1.34691
26681	1.34688
26682	1.34685
26683	1.34682
26684	1.34679
26685	1.34676
26686	1.34673
26687	1.3467
26688	1.34667
26689	1.34664
26690	1.34661
26691	1.34658
26692	1.34656
26693	1.34653
26694	1.3465
26695	1.34647
26696	1.34644
26697	1.34642
26698	1.34639
26699	1.34636
26700	1.34633
26701	1.34631
26702	1.34628
26703	1.34626
26704	1.34623
26705	1.3462
26706	1.34618
26707	1.34615
26708	1.34613
26709	1.3461
26710	1.34608
26711	1.34605
26712	1.34603
26713	1.346
26714	1.34598
26715	1.34595
26716	1.34593
26717	1.34591
26718	1.34588
26719	1.34586
26720	1.34584
26721	1.34581
26722	1.34579
26723	1.34577
26724	1.34575
26725	1.34572
26726	1.3457
26727	1.34568
26728	1.34566
26729	1.34564
26730	1.34562
26731	1.34559
26732	1.34557
26733	1.34555
26734	1.34553
26735	1.34551
26736	1.34549
26737	1.34547
26738	1.34545
26739	1.34543
26740	1.34541
26741	1.3454
26742	1.34538
26743	1.34536
26744	1.34534
26745	1.34532
26746	1.3453
26747	1.34528
26748	1.34527
26749	1.34525
26750	1.34523
26751	1.34522
26752	1.3452
26753	1.34518
26754	1.34516
26755	1.34515
26756	1.34513
26757	1.34512
26758	1.3451
26759	1.34508
26760	1.34507
26761	1.34505
26762	1.34504
26763	1.34502
26764	1.34501
26765	1.34499
26766	1.34498
26767	1.34497
26768	1.34495
26769	1.34494
26770	1.34492
26771	1.34491
26772	1.3449
26773	1.34488
26774	1.34487
26775	1.34486
26776	1.34485
26777	1.34483
26778	1.34482
26779	1.34481
26780	1.3448
26781	1.34479
26782	1.34478
26783	1.34476
26784	1.34475
26785	1.34474
26786	1.34473
26787	1.34472
26788	1.34471
26789	1.3447
26790	1.34469
26791	1.34468
26792	1.34467
26793	1.34466
26794	1.34465
26795	1.34464
26796	1.34464
26797	1.34463
26798	1.34462
26799	1.34461
26800	1.3446
26801	1.34459
26802	1.34459
26803	1.34458
26804	1.34457
26805	1.34456
26806	1.34456
26807	1.34455
26808	1.34454
26809	1.34454
26810	1.34453
26811	1.34452
26812	1.34452
26813	1.34451
26814	1.34451
26815	1.3445
26816	1.3445
26817	1.34449
26818	1.34448
26819	1.34448
26820	1.34448
26821	1.34447
26822	1.34447
26823	1.34446
26824	1.34446
26825	1.34445
26826	1.34445
26827	1.34445
26828	1.34444
26829	1.34444
26830	1.34444
26831	1.34444
26832	1.34443
26833	1.34443
26834	1.34443
26835	1.34443
26836	1.34442
26837	1.34442
26838	1.34442
26839	1.34442
26840	1.34442
26841	1.34442
26842	1.34442
26843	1.34442
26844	1.34441
26845	1.34441
26846	1.34441
26847	1.34441
26848	1.34441
26849	1.34441
26850	1.34441
26851	1.34441
26852	1.34442
26853	1.34442
26854	1.34442
26855	1.34442
26856	1.34442
26857	1.34442
26858	1.34442
26859	1.34442
26860	1.34443
26861	1.34443
26862	1.34443
26863	1.34443
26864	1.34444
26865	1.34444
26866	1.34444
26867	1.34444
26868	1.34445
26869	1.34445
26870	1.34445
26871	1.34446
26872	1.34446
26873	1.34446
26874	1.34447
26875	1.34447
26876	1.34448
26877	1.34448
26878	1.34449
26879	1.34449
26880	1.3445
26881	1.3445
26882	1.34451
26883	1.34451
26884	1.34452
26885	1.34452
26886	1.34453
26887	1.34453
26888	1.34454
26889	1.34455
26890	1.34455
26891	1.34456
26892	1.34457
26893	1.34457
26894	1.34458
26895	1.34459
26896	1.34459
26897	1.3446
26898	1.34461
26899	1.34462
26900	1.34462
26901	1.34463
26902	1.34464
26903	1.34465
26904	1.34466
26905	1.34466
26906	1.34467
26907	1.34468
26908	1.34469
26909	1.3447
26910	1.34471
26911	1.34472
26912	1.34473
26913	1.34474
26914	1.34475
26915	1.34476
26916	1.34477
26917	1.34478
26918	1.34479
26919	1.3448
26920	1.34481
26921	1.34482
26922	1.34483
26923	1.34484
26924	1.34485
26925	1.34486
26926	1.34487
26927	1.34488
26928	1.34489
26929	1.3449
26930	1.34492
26931	1.34493
26932	1.34494
26933	1.34495
26934	1.34496
26935	1.34497
26936	1.34499
26937	1.345
26938	1.34501
26939	1.34502
26940	1.34504
26941	1.34505
26942	1.34506
26943	1.34508
26944	1.34509
26945	1.3451
26946	1.34511
26947	1.34513
26948	1.34514
26949	1.34516
26950	1.34517
26951	1.34518
26952	1.3452
26953	1.34521
26954	1.34522
26955	1.34524
26956	1.34525
26957	1.34527
26958	1.34528
26959	1.3453
26960	1.34531
26961	1.34533
26962	1.34534
26963	1.34536
26964	1.34537
26965	1.34539
26966	1.3454
26967	1.34542
26968	1.34543
26969	1.34545
26970	1.34546
26971	1.34548
26972	1.34549
26973	1.34551
26974	1.34553
26975	1.34554
26976	1.34556
26977	1.34557
26978	1.34559
26979	1.34561
26980	1.34562
26981	1.34564
26982	1.34566
26983	1.34567
26984	1.34569
26985	1.34571
26986	1.34572
26987	1.34574
26988	1.34576
26989	1.34578
26990	1.34579
26991	1.34581
26992	1.34583
26993	1.34584
26994	1.34586
26995	1.34588
26996	1.3459
26997	1.34591
26998	1.34593
26999	1.34595
27000	1.34597
27001	1.34599
27002	1.346
27003	1.34602
27004	1.34604
27005	1.34606
27006	1.34608
27007	1.3461
27008	1.34611
27009	1.34613
27010	1.34615
27011	1.34617
27012	1.34619
27013	1.34621
27014	1.34623
27015	1.34624
27016	1.34626
27017	1.34628
27018	1.3463
27019	1.34632
27020	1.34634
27021	1.34636
27022	1.34638
27023	1.3464
27024	1.34642
27025	1.34644
27026	1.34645
27027	1.34647
27028	1.34649
27029	1.34651
27030	1.34653
27031	1.34655
27032	1.34657
27033	1.34659
27034	1.34661
27035	1.34663
27036	1.34665
27037	1.34667
27038	1.34669
27039	1.34671
27040	1.34673
27041	1.34675
27042	1.34677
27043	1.34679
27044	1.34681
27045	1.34683
27046	1.34685
27047	1.34687
27048	1.34689
27049	1.34691
27050	1.34693
27051	1.34695
27052	1.34697
27053	1.34699
27054	1.34701
27055	1.34703
27056	1.34705
27057	1.34708
27058	1.3471
27059	1.34712
27060	1.34714
27061	1.34716
27062	1.34718
27063	1.3472
27064	1.34722
27065	1.34724
27066	1.34726
27067	1.34728
27068	1.3473
27069	1.34732
27070	1.34734
27071	1.34736
27072	1.34739
27073	1.34741
27074	1.34743
27075	1.34745
27076	1.34747
27077	1.34749
27078	1.34751
27079	1.34753
27080	1.34755
27081	1.34757
27082	1.34759
27083	1.34761
27084	1.34764
27085	1.34766
27086	1.34768
27087	1.3477
27088	1.34772
27089	1.34774
27090	1.34776
27091	1.34778
27092	1.3478
27093	1.34782
27094	1.34785
27095	1.34787
27096	1.34789
27097	1.34791
27098	1.34793
27099	1.34795
27100	1.34797
27101	1.34799
27102	1.34801
27103	1.34803
27104	1.34806
27105	1.34808
27106	1.3481
27107	1.34812
27108	1.34814
27109	1.34816
27110	1.34818
27111	1.3482
27112	1.34822
27113	1.34824
27114	1.34826
27115	1.34829
27116	1.34831
27117	1.34833
27118	1.34835
27119	1.34837
27120	1.34839
27121	1.34841
27122	1.34843
27123	1.34845
27124	1.34847
27125	1.34849
27126	1.34852
27127	1.34854
27128	1.34856
27129	1.34858
27130	1.3486
27131	1.34862
27132	1.34864
27133	1.34866
27134	1.34868
27135	1.3487
27136	1.34872
27137	1.34874
27138	1.34876
27139	1.34878
27140	1.34881
27141	1.34883
27142	1.34885
27143	1.34887
27144	1.34889
27145	1.34891
27146	1.34893
27147	1.34895
27148	1.34897
27149	1.34899
27150	1.34901
27151	1.34903
27152	1.34905
27153	1.34907
27154	1.34909
27155	1.34911
27156	1.34913
27157	1.34915
27158	1.34917
27159	1.34919
27160	1.34921
27161	1.34923
27162	1.34925
27163	1.34927
27164	1.34929
27165	1.34931
27166	1.34933
27167	1.34935
27168	1.34937
27169	1.34939
27170	1.34941
27171	1.34943
27172	1.34945
27173	1.34947
27174	1.34949
27175	1.34951
27176	1.34953
27177	1.34955
27178	1.34957
27179	1.34959
27180	1.34961
27181	1.34963
27182	1.34965
27183	1.34967
27184	1.34969
27185	1.34971
27186	1.34973
27187	1.34975
27188	1.34977
27189	1.34978
27190	1.3498
27191	1.34982
27192	1.34984
27193	1.34986
27194	1.34988
27195	1.3499
27196	1.34992
27197	1.34994
27198	1.34996
27199	1.34998
27200	1.35
27201	1.35001
27202	1.35003
27203	1.35005
27204	1.35007
27205	1.35009
27206	1.35011
27207	1.35013
27208	1.35015
27209	1.35016
27210	1.35018
27211	1.3502
27212	1.35022
27213	1.35024
27214	1.35026
27215	1.35028
27216	1.35029
27217	1.35031
27218	1.35033
27219	1.35035
27220	1.35037
27221	1.35039
27222	1.3504
27223	1.35042
27224	1.35044
27225	1.35046
27226	1.35048
27227	1.3505
27228	1.35051
27229	1.35053
27230	1.35055
27231	1.35057
27232	1.35059
27233	1.3506
27234	1.35062
27235	1.35064
27236	1.35066
27237	1.35067
27238	1.35069
27239	1.35071
27240	1.35073
27241	1.35075
27242	1.35076
27243	1.35078
27244	1.3508
27245	1.35082
27246	1.35083
27247	1.35085
27248	1.35087
27249	1.35088
27250	1.3509
27251	1.35092
27252	1.35094
27253	1.35095
27254	1.35097
27255	1.35099
27256	1.35101
27257	1.35102
27258	1.35104
27259	1.35106
27260	1.35107
27261	1.35109
27262	1.35111
27263	1.35112
27264	1.35114
27265	1.35116
27266	1.35117
27267	1.35119
27268	1.35121
27269	1.35122
27270	1.35124
27271	1.35126
27272	1.35127
27273	1.35129
27274	1.35131
27275	1.35132
27276	1.35134
27277	1.35136
27278	1.35137
27279	1.35139
27280	1.35141
27281	1.35142
27282	1.35144
27283	1.35146
27284	1.35147
27285	1.35149
27286	1.3515
27287	1.35152
27288	1.35154
27289	1.35155
27290	1.35157
27291	1.35159
27292	1.3516
27293	1.35162
27294	1.35163
27295	1.35165
27296	1.35167
27297	1.35168
27298	1.3517
27299	1.35171
27300	1.35173
27301	1.35175
27302	1.35176
27303	1.35178
27304	1.35179
27305	1.35181
27306	1.35182
27307	1.35184
27308	1.35186
27309	1.35187
27310	1.35189
27311	1.3519
27312	1.35192
27313	1.35193
27314	1.35195
27315	1.35197
27316	1.35198
27317	1.352
27318	1.35201
27319	1.35203
27320	1.35204
27321	1.35206
27322	1.35207
27323	1.35209
27324	1.35211
27325	1.35212
27326	1.35214
27327	1.35215
27328	1.35217
27329	1.35218
27330	1.3522
27331	1.35221
27332	1.35223
27333	1.35224
27334	1.35226
27335	1.35227
27336	1.35229
27337	1.35231
27338	1.35232
27339	1.35234
27340	1.35235
27341	1.35237
27342	1.35238
27343	1.3524
27344	1.35241
27345	1.35243
27346	1.35244
27347	1.35246
27348	1.35247
27349	1.35249
27350	1.3525
27351	1.35252
27352	1.35253
27353	1.35255
27354	1.35256
27355	1.35258
27356	1.3526
27357	1.35261
27358	1.35263
27359	1.35264
27360	1.35266
27361	1.35267
27362	1.35269
27363	1.3527
27364	1.35272
27365	1.35273
27366	1.35275
27367	1.35276
27368	1.35278
27369	1.35279
27370	1.35281
27371	1.35282
27372	1.35284
27373	1.35285
27374	1.35287
27375	1.35288
27376	1.3529
27377	1.35291
27378	1.35293
27379	1.35294
27380	1.35296
27381	1.35298
27382	1.35299
27383	1.35301
27384	1.35302
27385	1.35304
27386	1.35305
27387	1.35307
27388	1.35308
27389	1.3531
27390	1.35311
27391	1.35313
27392	1.35314
27393	1.35316
27394	1.35317
27395	1.35319
27396	1.3532
27397	1.35322
27398	1.35324
27399	1.35325
27400	1.35327
27401	1.35328
27402	1.3533
27403	1.35331
27404	1.35333
27405	1.35334
27406	1.35336
27407	1.35338
27408	1.35339
27409	1.35341
27410	1.35342
27411	1.35344
27412	1.35345
27413	1.35347
27414	1.35348
27415	1.3535
27416	1.35352
27417	1.35353
27418	1.35355
27419	1.35356
27420	1.35358
27421	1.35359
27422	1.35361
27423	1.35363
27424	1.35364
27425	1.35366
27426	1.35367
27427	1.35369
27428	1.35371
27429	1.35372
27430	1.35374
27431	1.35375
27432	1.35377
27433	1.35379
27434	1.3538
27435	1.35382
27436	1.35383
27437	1.35385
27438	1.35387
27439	1.35388
27440	1.3539
27441	1.35392
27442	1.35393
27443	1.35395
27444	1.35396
27445	1.35398
27446	1.354
27447	1.35401
27448	1.35403
27449	1.35405
27450	1.35406
27451	1.35408
27452	1.3541
27453	1.35411
27454	1.35413
27455	1.35415
27456	1.35416
27457	1.35418
27458	1.3542
27459	1.35421
27460	1.35423
27461	1.35425
27462	1.35426
27463	1.35428
27464	1.3543
27465	1.35431
27466	1.35433
27467	1.35435
27468	1.35436
27469	1.35438
27470	1.3544
27471	1.35442
27472	1.35443
27473	1.35445
27474	1.35447
27475	1.35448
27476	1.3545
27477	1.35452
27478	1.35454
27479	1.35455
27480	1.35457
27481	1.35459
27482	1.35461
27483	1.35462
27484	1.35464
27485	1.35466
27486	1.35468
27487	1.35469
27488	1.35471
27489	1.35473
27490	1.35475
27491	1.35477
27492	1.35478
27493	1.3548
27494	1.35482
27495	1.35484
27496	1.35485
27497	1.35487
27498	1.35489
27499	1.35491
27500	1.35493
27501	1.35495
27502	1.35496
27503	1.35498
27504	1.355
27505	1.35502
27506	1.35504
27507	1.35505
27508	1.35507
27509	1.35509
27510	1.35511
27511	1.35513
27512	1.35515
27513	1.35517
27514	1.35518
27515	1.3552
27516	1.35522
27517	1.35524
27518	1.35526
27519	1.35528
27520	1.3553
27521	1.35531
27522	1.35533
27523	1.35535
27524	1.35537
27525	1.35539
27526	1.35541
27527	1.35543
27528	1.35545
27529	1.35547
27530	1.35549
27531	1.3555
27532	1.35552
27533	1.35554
27534	1.35556
27535	1.35558
27536	1.3556
27537	1.35562
27538	1.35564
27539	1.35566
27540	1.35568
27541	1.3557
27542	1.35572
27543	1.35574
27544	1.35576
27545	1.35578
27546	1.3558
27547	1.35582
27548	1.35583
27549	1.35585
27550	1.35587
27551	1.35589
27552	1.35591
27553	1.35593
27554	1.35595
27555	1.35597
27556	1.35599
27557	1.35601
27558	1.35603
27559	1.35605
27560	1.35607
27561	1.35609
27562	1.35611
27563	1.35613
27564	1.35615
27565	1.35617
27566	1.35619
27567	1.35621
27568	1.35624
27569	1.35626
27570	1.35628
27571	1.3563
27572	1.35632
27573	1.35634
27574	1.35636
27575	1.35638
27576	1.3564
27577	1.35642
27578	1.35644
27579	1.35646
27580	1.35648
27581	1.3565
27582	1.35652
27583	1.35654
27584	1.35656
27585	1.35658
27586	1.3566
27587	1.35663
27588	1.35665
27589	1.35667
27590	1.35669
27591	1.35671
27592	1.35673
27593	1.35675
27594	1.35677
27595	1.35679
27596	1.35681
27597	1.35683
27598	1.35686
27599	1.35688
27600	1.3569
27601	1.35692
27602	1.35694
27603	1.35696
27604	1.35698
27605	1.357
27606	1.35702
27607	1.35704
27608	1.35707
27609	1.35709
27610	1.35711
27611	1.35713
27612	1.35715
27613	1.35717
27614	1.35719
27615	1.35721
27616	1.35724
27617	1.35726
27618	1.35728
27619	1.3573
27620	1.35732
27621	1.35734
27622	1.35736
27623	1.35739
27624	1.35741
27625	1.35743
27626	1.35745
27627	1.35747
27628	1.35749
27629	1.35751
27630	1.35754
27631	1.35756
27632	1.35758
27633	1.3576
27634	1.35762
27635	1.35764
27636	1.35766
27637	1.35769
27638	1.35771
27639	1.35773
27640	1.35775
27641	1.35777
27642	1.35779
27643	1.35781
27644	1.35784
27645	1.35786
27646	1.35788
27647	1.3579
27648	1.35792
27649	1.35794
27650	1.35796
27651	1.35799
27652	1.35801
27653	1.35803
27654	1.35805
27655	1.35807
27656	1.35809
27657	1.35811
27658	1.35814
27659	1.35816
27660	1.35818
27661	1.3582
27662	1.35822
27663	1.35824
27664	1.35826
27665	1.35829
27666	1.35831
27667	1.35833
27668	1.35835
27669	1.35837
27670	1.35839
27671	1.35841
27672	1.35844
27673	1.35846
27674	1.35848
27675	1.3585
27676	1.35852
27677	1.35854
27678	1.35856
27679	1.35858
27680	1.3586
27681	1.35863
27682	1.35865
27683	1.35867
27684	1.35869
27685	1.35871
27686	1.35873
27687	1.35875
27688	1.35877
27689	1.35879
27690	1.35882
27691	1.35884
27692	1.35886
27693	1.35888
27694	1.3589
27695	1.35892
27696	1.35894
27697	1.35896
27698	1.35898
27699	1.359
27700	1.35902
27701	1.35904
27702	1.35906
27703	1.35909
27704	1.35911
27705	1.35913
27706	1.35915
27707	1.35917
27708	1.35919
27709	1.35921
27710	1.35923
27711	1.35925
27712	1.35927
27713	1.35929
27714	1.35931
27715	1.35933
27716	1.35935
27717	1.35937
27718	1.35939
27719	1.35941
27720	1.35943
27721	1.35945
27722	1.35947
27723	1.35949
27724	1.35951
27725	1.35953
27726	1.35955
27727	1.35957
27728	1.35959
27729	1.35961
27730	1.35963
27731	1.35965
27732	1.35966
27733	1.35968
27734	1.3597
27735	1.35972
27736	1.35974
27737	1.35976
27738	1.35978
27739	1.3598
27740	1.35982
27741	1.35984
27742	1.35986
27743	1.35987
27744	1.35989
27745	1.35991
27746	1.35993
27747	1.35995
27748	1.35997
27749	1.35999
27750	1.36
27751	1.36002
27752	1.36004
27753	1.36006
27754	1.36008
27755	1.36009
27756	1.36011
27757	1.36013
27758	1.36015
27759	1.36017
27760	1.36018
27761	1.3602
27762	1.36022
27763	1.36024
27764	1.36025
27765	1.36027
27766	1.36029
27767	1.3603
27768	1.36032
27769	1.36034
27770	1.36035
27771	1.36037
27772	1.36039
27773	1.3604
27774	1.36042
27775	1.36044
27776	1.36045
27777	1.36047
27778	1.36049
27779	1.3605
27780	1.36052
27781	1.36054
27782	1.36055
27783	1.36057
27784	1.36058
27785	1.3606
27786	1.36061
27787	1.36063
27788	1.36064
27789	1.36066
27790	1.36067
27791	1.36069
27792	1.3607
27793	1.36072
27794	1.36073
27795	1.36075
27796	1.36076
27797	1.36078
27798	1.36079
27799	1.36081
27800	1.36082
27801	1.36084
27802	1.36085
27803	1.36086
27804	1.36088
27805	1.36089
27806	1.3609
27807	1.36092
27808	1.36093
27809	1.36094
27810	1.36096
27811	1.36097
27812	1.36098
27813	1.361
27814	1.36101
27815	1.36102
27816	1.36103
27817	1.36105
27818	1.36106
27819	1.36107
27820	1.36108
27821	1.3611
27822	1.36111
27823	1.36112
27824	1.36113
27825	1.36114
27826	1.36115
27827	1.36117
27828	1.36118
27829	1.36119
27830	1.3612
27831	1.36121
27832	1.36122
27833	1.36123
27834	1.36124
27835	1.36125
27836	1.36126
27837	1.36127
27838	1.36128
27839	1.36129
27840	1.3613
27841	1.36131
27842	1.36132
27843	1.36133
27844	1.36134
27845	1.36135
27846	1.36136
27847	1.36137
27848	1.36138
27849	1.36139
27850	1.36139
27851	1.3614
27852	1.36141
27853	1.36142
27854	1.36143
27855	1.36144
27856	1.36144
27857	1.36145
27858	1.36146
27859	1.36147
27860	1.36147
27861	1.36148
27862	1.36149
27863	1.3615
27864	1.3615
27865	1.36151
27866	1.36152
27867	1.36152
27868	1.36153
27869	1.36153
27870	1.36154
27871	1.36155
27872	1.36155
27873	1.36156
27874	1.36156
27875	1.36157
27876	1.36157
27877	1.36158
27878	1.36158
27879	1.36159
27880	1.36159
27881	1.3616
27882	1.3616
27883	1.36161
27884	1.36161
27885	1.36162
27886	1.36162
27887	1.36162
27888	1.36163
27889	1.36163
27890	1.36163
27891	1.36164
27892	1.36164
27893	1.36164
27894	1.36165
27895	1.36165
27896	1.36165
27897	1.36165
27898	1.36165
27899	1.36166
27900	1.36166
27901	1.36166
27902	1.36166
27903	1.36166
27904	1.36166
27905	1.36167
27906	1.36167
27907	1.36167
27908	1.36167
27909	1.36167
27910	1.36167
27911	1.36167
27912	1.36167
27913	1.36167
27914	1.36167
27915	1.36167
27916	1.36167
27917	1.36167
27918	1.36167
27919	1.36167
27920	1.36167
27921	1.36166
27922	1.36166
27923	1.36166
27924	1.36166
27925	1.36166
27926	1.36166
27927	1.36165
27928	1.36165
27929	1.36165
27930	1.36165
27931	1.36164
27932	1.36164
27933	1.36164
27934	1.36163
27935	1.36163
27936	1.36163
27937	1.36162
27938	1.36162
27939	1.36162
27940	1.36161
27941	1.36161
27942	1.3616
27943	1.3616
27944	1.36159
27945	1.36159
27946	1.36158
27947	1.36158
27948	1.36157
27949	1.36157
27950	1.36156
27951	1.36155
27952	1.36155
27953	1.36154
27954	1.36153
27955	1.36153
27956	1.36152
27957	1.36151
27958	1.36151
27959	1.3615
27960	1.36149
27961	1.36148
27962	1.36148
27963	1.36147
27964	1.36146
27965	1.36145
27966	1.36144
27967	1.36143
27968	1.36143
27969	1.36142
27970	1.36141
27971	1.3614
27972	1.36139
27973	1.36138
27974	1.36137
27975	1.36136
27976	1.36135
27977	1.36134
27978	1.36133
27979	1.36132
27980	1.3613
27981	1.36129
27982	1.36128
27983	1.36127
27984	1.36126
27985	1.36125
27986	1.36123
27987	1.36122
27988	1.36121
27989	1.3612
27990	1.36118
27991	1.36117
27992	1.36116
27993	1.36114
27994	1.36113
27995	1.36112
27996	1.3611
27997	1.36109
27998	1.36107
27999	1.36106
28000	1.36104
28001	1.36103
28002	1.36101
28003	1.361
28004	1.36098
28005	1.36097
28006	1.36095
28007	1.36093
28008	1.36092
28009	1.3609
28010	1.36089
28011	1.36087
28012	1.36085
28013	1.36083
28014	1.36082
28015	1.3608
28016	1.36078
28017	1.36076
28018	1.36074
28019	1.36073
28020	1.36071
28021	1.36069
28022	1.36067
28023	1.36065
28024	1.36063
28025	1.36061
28026	1.36059
28027	1.36057
28028	1.36055
28029	1.36053
28030	1.36051
28031	1.36049
28032	1.36047
28033	1.36045
28034	1.36043
28035	1.3604
28036	1.36038
28037	1.36036
28038	1.36034
28039	1.36032
28040	1.36029
28041	1.36027
28042	1.36025
28043	1.36023
28044	1.3602
28045	1.36018
28046	1.36016
28047	1.36013
28048	1.36011
28049	1.36008
28050	1.36006
28051	1.36004
28052	1.36001
28053	1.35999
28054	1.35996
28055	1.35994
28056	1.35991
28057	1.35989
28058	1.35986
28059	1.35984
28060	1.35981
28061	1.35978
28062	1.35976
28063	1.35973
28064	1.3597
28065	1.35968
28066	1.35965
28067	1.35962
28068	1.3596
28069	1.35957
28070	1.35954
28071	1.35951
28072	1.35949
28073	1.35946
28074	1.35943
28075	1.3594
28076	1.35938
28077	1.35935
28078	1.35932
28079	1.35929
28080	1.35926
28081	1.35923
28082	1.3592
28083	1.35918
28084	1.35915
28085	1.35912
28086	1.35909
28087	1.35906
28088	1.35903
28089	1.359
28090	1.35897
28091	1.35894
28092	1.35891
28093	1.35888
28094	1.35885
28095	1.35882
28096	1.35879
28097	1.35876
28098	1.35873
28099	1.3587
28100	1.35867
28101	1.35864
28102	1.35861
28103	1.35858
28104	1.35855
28105	1.35852
28106	1.35849
28107	1.35846
28108	1.35843
28109	1.3584
28110	1.35837
28111	1.35834
28112	1.35831
28113	1.35828
28114	1.35825
28115	1.35821
28116	1.35818
28117	1.35815
28118	1.35812
28119	1.35809
28120	1.35806
28121	1.35803
28122	1.358
28123	1.35797
28124	1.35794
28125	1.35791
28126	1.35788
28127	1.35785
28128	1.35782
28129	1.35779
28130	1.35776
28131	1.35773
28132	1.3577
28133	1.35767
28134	1.35764
28135	1.35761
28136	1.35758
28137	1.35755
28138	1.35752
28139	1.35749
28140	1.35746
28141	1.35744
28142	1.35741
28143	1.35738
28144	1.35735
28145	1.35732
28146	1.35729
28147	1.35726
28148	1.35724
28149	1.35721
28150	1.35718
28151	1.35715
28152	1.35712
28153	1.3571
28154	1.35707
28155	1.35704
28156	1.35702
28157	1.35699
28158	1.35696
28159	1.35694
28160	1.35691
28161	1.35688
28162	1.35686
28163	1.35683
28164	1.35681
28165	1.35678
28166	1.35676
28167	1.35673
28168	1.35671
28169	1.35668
28170	1.35666
28171	1.35663
28172	1.35661
28173	1.35659
28174	1.35656
28175	1.35654
28176	1.35652
28177	1.35649
28178	1.35647
28179	1.35645
28180	1.35642
28181	1.3564
28182	1.35638
28183	1.35636
28184	1.35634
28185	1.35632
28186	1.3563
28187	1.35628
28188	1.35626
28189	1.35624
28190	1.35622
28191	1.3562
28192	1.35618
28193	1.35616
28194	1.35614
28195	1.35612
28196	1.3561
28197	1.35608
28198	1.35607
28199	1.35605
28200	1.35603
28201	1.35601
28202	1.356
28203	1.35598
28204	1.35596
28205	1.35595
28206	1.35593
28207	1.35592
28208	1.3559
28209	1.35589
28210	1.35587
28211	1.35586
28212	1.35584
28213	1.35583
28214	1.35581
28215	1.3558
28216	1.35579
28217	1.35578
28218	1.35576
28219	1.35575
28220	1.35574
28221	1.35573
28222	1.35571
28223	1.3557
28224	1.35569
28225	1.35568
28226	1.35567
28227	1.35566
28228	1.35565
28229	1.35564
28230	1.35563
28231	1.35562
28232	1.35561
28233	1.3556
28234	1.35559
28235	1.35559
28236	1.35558
28237	1.35557
28238	1.35556
28239	1.35556
28240	1.35555
28241	1.35554
28242	1.35553
28243	1.35553
28244	1.35552
28245	1.35552
28246	1.35551
28247	1.35551
28248	1.3555
28249	1.35549
28250	1.35549
28251	1.35549
28252	1.35548
28253	1.35548
28254	1.35547
28255	1.35547
28256	1.35547
28257	1.35546
28258	1.35546
28259	1.35546
28260	1.35546
28261	1.35545
28262	1.35545
28263	1.35545
28264	1.35545
28265	1.35545
28266	1.35545
28267	1.35544
28268	1.35544
28269	1.35544
28270	1.35544
28271	1.35544
28272	1.35544
28273	1.35544
28274	1.35544
28275	1.35544
28276	1.35545
28277	1.35545
28278	1.35545
28279	1.35545
28280	1.35545
28281	1.35545
28282	1.35546
28283	1.35546
28284	1.35546
28285	1.35546
28286	1.35547
28287	1.35547
28288	1.35547
28289	1.35547
28290	1.35548
28291	1.35548
28292	1.35549
28293	1.35549
28294	1.35549
28295	1.3555
28296	1.3555
28297	1.35551
28298	1.35551
28299	1.35552
28300	1.35552
28301	1.35553
28302	1.35553
28303	1.35554
28304	1.35555
28305	1.35555
28306	1.35556
28307	1.35556
28308	1.35557
28309	1.35558
28310	1.35558
28311	1.35559
28312	1.3556
28313	1.3556
28314	1.35561
28315	1.35562
28316	1.35563
28317	1.35564
28318	1.35564
28319	1.35565
28320	1.35566
28321	1.35567
28322	1.35568
28323	1.35568
28324	1.35569
28325	1.3557
28326	1.35571
28327	1.35572
28328	1.35573
28329	1.35574
28330	1.35575
28331	1.35576
28332	1.35577
28333	1.35578
28334	1.35579
28335	1.3558
28336	1.35581
28337	1.35582
28338	1.35583
28339	1.35584
28340	1.35585
28341	1.35586
28342	1.35587
28343	1.35588
28344	1.35589
28345	1.3559
28346	1.35592
28347	1.35593
28348	1.35594
28349	1.35595
28350	1.35596
28351	1.35597
28352	1.35599
28353	1.356
28354	1.35601
28355	1.35602
28356	1.35604
28357	1.35605
28358	1.35606
28359	1.35607
28360	1.35609
28361	1.3561
28362	1.35611
28363	1.35612
28364	1.35614
28365	1.35615
28366	1.35616
28367	1.35618
28368	1.35619
28369	1.3562
28370	1.35622
28371	1.35623
28372	1.35624
28373	1.35626
28374	1.35627
28375	1.35629
28376	1.3563
28377	1.35631
28378	1.35633
28379	1.35634
28380	1.35636
28381	1.35637
28382	1.35639
28383	1.3564
28384	1.35641
28385	1.35643
28386	1.35644
28387	1.35646
28388	1.35647
28389	1.35649
28390	1.3565
28391	1.35652
28392	1.35653
28393	1.35655
28394	1.35657
28395	1.35658
28396	1.3566
28397	1.35661
28398	1.35663
28399	1.35664
28400	1.35666
28401	1.35667
28402	1.35669
28403	1.35671
28404	1.35672
28405	1.35674
28406	1.35675
28407	1.35677
28408	1.35679
28409	1.3568
28410	1.35682
28411	1.35684
28412	1.35685
28413	1.35687
28414	1.35688
28415	1.3569
28416	1.35692
28417	1.35693
28418	1.35695
28419	1.35697
28420	1.35699
28421	1.357
28422	1.35702
28423	1.35704
28424	1.35705
28425	1.35707
28426	1.35709
28427	1.35711
28428	1.35712
28429	1.35714
28430	1.35716
28431	1.35718
28432	1.35719
28433	1.35721
28434	1.35723
28435	1.35725
28436	1.35726
28437	1.35728
28438	1.3573
28439	1.35732
28440	1.35734
28441	1.35735
28442	1.35737
28443	1.35739
28444	1.35741
28445	1.35743
28446	1.35745
28447	1.35747
28448	1.35748
28449	1.3575
28450	1.35752
28451	1.35754
28452	1.35756
28453	1.35758
28454	1.3576
28455	1.35762
28456	1.35764
28457	1.35766
28458	1.35768
28459	1.35769
28460	1.35771
28461	1.35773
28462	1.35775
28463	1.35777
28464	1.35779
28465	1.35781
28466	1.35783
28467	1.35785
28468	1.35787
28469	1.35789
28470	1.35791
28471	1.35793
28472	1.35796
28473	1.35798
28474	1.358
28475	1.35802
28476	1.35804
28477	1.35806
28478	1.35808
28479	1.3581
28480	1.35812
28481	1.35814
28482	1.35817
28483	1.35819
28484	1.35821
28485	1.35823
28486	1.35825
28487	1.35827
28488	1.3583
28489	1.35832
28490	1.35834
28491	1.35836
28492	1.35838
28493	1.35841
28494	1.35843
28495	1.35845
28496	1.35847
28497	1.3585
28498	1.35852
28499	1.35854
28500	1.35857
28501	1.35859
28502	1.35861
28503	1.35864
28504	1.35866
28505	1.35868
28506	1.35871
28507	1.35873
28508	1.35876
28509	1.35878
28510	1.3588
28511	1.35883
28512	1.35885
28513	1.35888
28514	1.3589
28515	1.35893
28516	1.35895
28517	1.35898
28518	1.359
28519	1.35903
28520	1.35905
28521	1.35908
28522	1.3591
28523	1.35913
28524	1.35915
28525	1.35918
28526	1.3592
28527	1.35923
28528	1.35926
28529	1.35928
28530	1.35931
28531	1.35933
28532	1.35936
28533	1.35939
28534	1.35941
28535	1.35944
28536	1.35947
28537	1.3595
28538	1.35952
28539	1.35955
28540	1.35958
28541	1.3596
28542	1.35963
28543	1.35966
28544	1.35969
28545	1.35972
28546	1.35974
28547	1.35977
28548	1.3598
28549	1.35983
28550	1.35986
28551	1.35988
28552	1.35991
28553	1.35994
28554	1.35997
28555	1.36
28556	1.36003
28557	1.36006
28558	1.36009
28559	1.36012
28560	1.36015
28561	1.36018
28562	1.3602
28563	1.36023
28564	1.36026
28565	1.36029
28566	1.36032
28567	1.36035
28568	1.36038
28569	1.36041
28570	1.36044
28571	1.36048
28572	1.36051
28573	1.36054
28574	1.36057
28575	1.3606
28576	1.36063
28577	1.36066
28578	1.36069
28579	1.36072
28580	1.36075
28581	1.36078
28582	1.36081
28583	1.36085
28584	1.36088
28585	1.36091
28586	1.36094
28587	1.36097
28588	1.361
28589	1.36104
28590	1.36107
28591	1.3611
28592	1.36113
28593	1.36116
28594	1.3612
28595	1.36123
28596	1.36126
28597	1.36129
28598	1.36132
28599	1.36136
28600	1.36139
28601	1.36142
28602	1.36145
28603	1.36149
28604	1.36152
28605	1.36155
28606	1.36158
28607	1.36162
28608	1.36165
28609	1.36168
28610	1.36172
28611	1.36175
28612	1.36178
28613	1.36181
28614	1.36185
28615	1.36188
28616	1.36191
28617	1.36195
28618	1.36198
28619	1.36201
28620	1.36205
28621	1.36208
28622	1.36211
28623	1.36215
28624	1.36218
28625	1.36221
28626	1.36225
28627	1.36228
28628	1.36231
28629	1.36235
28630	1.36238
28631	1.36241
28632	1.36245
28633	1.36248
28634	1.36251
28635	1.36255
28636	1.36258
28637	1.36261
28638	1.36265
28639	1.36268
28640	1.36271
28641	1.36275
28642	1.36278
28643	1.36281
28644	1.36284
28645	1.36288
28646	1.36291
28647	1.36294
28648	1.36298
28649	1.36301
28650	1.36304
28651	1.36308
28652	1.36311
28653	1.36314
28654	1.36318
28655	1.36321
28656	1.36324
28657	1.36327
28658	1.36331
28659	1.36334
28660	1.36337
28661	1.36341
28662	1.36344
28663	1.36347
28664	1.3635
28665	1.36354
28666	1.36357
28667	1.3636
28668	1.36363
28669	1.36367
28670	1.3637
28671	1.36373
28672	1.36376
28673	1.36379
28674	1.36383
28675	1.36386
28676	1.36389
28677	1.36392
28678	1.36395
28679	1.36398
28680	1.36402
28681	1.36405
28682	1.36408
28683	1.36411
28684	1.36414
28685	1.36417
28686	1.3642
28687	1.36424
28688	1.36427
28689	1.3643
28690	1.36433
28691	1.36436
28692	1.36439
28693	1.36442
28694	1.36445
28695	1.36448
28696	1.36451
28697	1.36454
28698	1.36457
28699	1.3646
28700	1.36463
28701	1.36466
28702	1.36469
28703	1.36472
28704	1.36475
28705	1.36478
28706	1.36481
28707	1.36484
28708	1.36487
28709	1.3649
28710	1.36493
28711	1.36495
28712	1.36498
28713	1.36501
28714	1.36504
28715	1.36507
28716	1.3651
28717	1.36513
28718	1.36515
28719	1.36518
28720	1.36521
28721	1.36524
28722	1.36527
28723	1.36529
28724	1.36532
28725	1.36535
28726	1.36537
28727	1.3654
28728	1.36543
28729	1.36546
28730	1.36548
28731	1.36551
28732	1.36553
28733	1.36556
28734	1.36559
28735	1.36561
28736	1.36564
28737	1.36567
28738	1.36569
28739	1.36572
28740	1.36574
28741	1.36577
28742	1.36579
28743	1.36582
28744	1.36584
28745	1.36587
28746	1.36589
28747	1.36592
28748	1.36594
28749	1.36597
28750	1.36599
28751	1.36601
28752	1.36604
28753	1.36606
28754	1.36608
28755	1.36611
28756	1.36613
28757	1.36615
28758	1.36618
28759	1.3662
28760	1.36622
28761	1.36625
28762	1.36627
28763	1.36629
28764	1.36631
28765	1.36633
28766	1.36636
28767	1.36638
28768	1.3664
28769	1.36642
28770	1.36644
28771	1.36646
28772	1.36648
28773	1.36651
28774	1.36653
28775	1.36655
28776	1.36657
28777	1.36659
28778	1.36661
28779	1.36663
28780	1.36665
28781	1.36667
28782	1.36669
28783	1.36671
28784	1.36673
28785	1.36674
28786	1.36676
28787	1.36678
28788	1.3668
28789	1.36682
28790	1.36684
28791	1.36686
28792	1.36687
28793	1.36689
28794	1.36691
28795	1.36693
28796	1.36694
28797	1.36696
28798	1.36698
28799	1.367
28800	1.36701
28801	1.36703
28802	1.36705
28803	1.36706
28804	1.36708
28805	1.36709
28806	1.36711
28807	1.36713
28808	1.36714
28809	1.36716
28810	1.36717
28811	1.36719
28812	1.3672
28813	1.36722
28814	1.36723
28815	1.36725
28816	1.36726
28817	1.36727
28818	1.36729
28819	1.3673
28820	1.36731
28821	1.36733
28822	1.36734
28823	1.36735
28824	1.36737
28825	1.36738
28826	1.36739
28827	1.3674
28828	1.36742
28829	1.36743
28830	1.36744
28831	1.36745
28832	1.36746
28833	1.36748
28834	1.36749
28835	1.3675
28836	1.36751
28837	1.36752
28838	1.36753
28839	1.36754
28840	1.36755
28841	1.36756
28842	1.36757
28843	1.36758
28844	1.36759
28845	1.3676
28846	1.36761
28847	1.36762
28848	1.36763
28849	1.36763
28850	1.36764
28851	1.36765
28852	1.36766
28853	1.36767
28854	1.36767
28855	1.36768
28856	1.36769
28857	1.3677
28858	1.3677
28859	1.36771
28860	1.36772
28861	1.36772
28862	1.36773
28863	1.36774
28864	1.36774
28865	1.36775
28866	1.36775
28867	1.36776
28868	1.36777
28869	1.36777
28870	1.36778
28871	1.36778
28872	1.36778
28873	1.36779
28874	1.36779
28875	1.3678
28876	1.3678
28877	1.3678
28878	1.36781
28879	1.36781
28880	1.36781
28881	1.36782
28882	1.36782
28883	1.36782
28884	1.36783
28885	1.36783
28886	1.36783
28887	1.36783
28888	1.36783
28889	1.36784
28890	1.36784
28891	1.36784
28892	1.36784
28893	1.36784
28894	1.36784
28895	1.36784
28896	1.36784
28897	1.36784
28898	1.36784
28899	1.36784
28900	1.36784
28901	1.36784
28902	1.36784
28903	1.36784
28904	1.36784
28905	1.36784
28906	1.36783
28907	1.36783
28908	1.36783
28909	1.36783
28910	1.36783
28911	1.36782
28912	1.36782
28913	1.36782
28914	1.36781
28915	1.36781
28916	1.36781
28917	1.3678
28918	1.3678
28919	1.3678
28920	1.36779
28921	1.36779
28922	1.36778
28923	1.36778
28924	1.36777
28925	1.36777
28926	1.36776
28927	1.36776
28928	1.36775
28929	1.36775
28930	1.36774
28931	1.36774
28932	1.36773
28933	1.36772
28934	1.36772
28935	1.36771
28936	1.3677
28937	1.3677
28938	1.36769
28939	1.36768
28940	1.36767
28941	1.36767
28942	1.36766
28943	1.36765
28944	1.36764
28945	1.36763
28946	1.36762
28947	1.36761
28948	1.36761
28949	1.3676
28950	1.36759
28951	1.36758
28952	1.36757
28953	1.36756
28954	1.36755
28955	1.36754
28956	1.36753
28957	1.36752
28958	1.3675
28959	1.36749
28960	1.36748
28961	1.36747
28962	1.36746
28963	1.36745
28964	1.36744
28965	1.36742
28966	1.36741
28967	1.3674
28968	1.36739
28969	1.36737
28970	1.36736
28971	1.36735
28972	1.36733
28973	1.36732
28974	1.36731
28975	1.36729
28976	1.36728
28977	1.36727
28978	1.36725
28979	1.36724
28980	1.36722
28981	1.36721
28982	1.36719
28983	1.36718
28984	1.36716
28985	1.36715
28986	1.36713
28987	1.36712
28988	1.3671
28989	1.36708
28990	1.36707
28991	1.36705
28992	1.36704
28993	1.36702
28994	1.367
28995	1.36699
28996	1.36697
28997	1.36695
28998	1.36693
28999	1.36692
29000	1.3669
29001	1.36688
29002	1.36686
29003	1.36684
29004	1.36683
29005	1.36681
29006	1.36679
29007	1.36677
29008	1.36675
29009	1.36673
29010	1.36671
29011	1.36669
29012	1.36668
29013	1.36666
29014	1.36664
29015	1.36662
29016	1.3666
29017	1.36658
29018	1.36656
29019	1.36654
29020	1.36651
29021	1.36649
29022	1.36647
29023	1.36645
29024	1.36643
29025	1.36641
29026	1.36639
29027	1.36637
29028	1.36635
29029	1.36632
29030	1.3663
29031	1.36628
29032	1.36626
29033	1.36623
29034	1.36621
29035	1.36619
29036	1.36617
29037	1.36614
29038	1.36612
29039	1.3661
29040	1.36607
29041	1.36605
29042	1.36603
29043	1.366
29044	1.36598
29045	1.36596
29046	1.36593
29047	1.36591
29048	1.36588
29049	1.36586
29050	1.36584
29051	1.36581
29052	1.36579
29053	1.36576
29054	1.36574
29055	1.36571
29056	1.36569
29057	1.36566
29058	1.36564
29059	1.36561
29060	1.36559
29061	1.36556
29062	1.36553
29063	1.36551
29064	1.36548
29065	1.36546
29066	1.36543
29067	1.3654
29068	1.36538
29069	1.36535
29070	1.36532
29071	1.3653
29072	1.36527
29073	1.36524
29074	1.36522
29075	1.36519
29076	1.36516
29077	1.36513
29078	1.36511
29079	1.36508
29080	1.36505
29081	1.36502
29082	1.365
29083	1.36497
29084	1.36494
29085	1.36491
29086	1.36488
29087	1.36486
29088	1.36483
29089	1.3648
29090	1.36477
29091	1.36474
29092	1.36471
29093	1.36468
29094	1.36466
29095	1.36463
29096	1.3646
29097	1.36457
29098	1.36454
29099	1.36451
29100	1.36448
29101	1.36445
29102	1.36442
29103	1.36439
29104	1.36436
29105	1.36433
29106	1.3643
29107	1.36427
29108	1.36424
29109	1.36421
29110	1.36418
29111	1.36415
29112	1.36412
29113	1.36409
29114	1.36406
29115	1.36403
29116	1.364
29117	1.36397
29118	1.36394
29119	1.36391
29120	1.36387
29121	1.36384
29122	1.36381
29123	1.36378
29124	1.36375
29125	1.36372
29126	1.36369
29127	1.36366
29128	1.36362
29129	1.36359
29130	1.36356
29131	1.36353
29132	1.3635
29133	1.36347
29134	1.36343
29135	1.3634
29136	1.36337
29137	1.36334
29138	1.36331
29139	1.36327
29140	1.36324
29141	1.36321
29142	1.36318
29143	1.36314
29144	1.36311
29145	1.36308
29146	1.36305
29147	1.36301
29148	1.36298
29149	1.36295
29150	1.36292
29151	1.36288
29152	1.36285
29153	1.36282
29154	1.36278
29155	1.36275
29156	1.36272
29157	1.36268
29158	1.36265
29159	1.36262
29160	1.36258
29161	1.36255
29162	1.36252
29163	1.36248
29164	1.36245
29165	1.36242
29166	1.36238
29167	1.36235
29168	1.36232
29169	1.36228
29170	1.36225
29171	1.36222
29172	1.36218
29173	1.36215
29174	1.36211
29175	1.36208
29176	1.36205
29177	1.36201
29178	1.36198
29179	1.36194
29180	1.36191
29181	1.36188
29182	1.36184
29183	1.36181
29184	1.36177
29185	1.36174
29186	1.36171
29187	1.36167
29188	1.36164
29189	1.3616
29190	1.36157
29191	1.36153
29192	1.3615
29193	1.36146
29194	1.36143
29195	1.3614
29196	1.36136
29197	1.36133
29198	1.36129
29199	1.36126
29200	1.36122
29201	1.36119
29202	1.36115
29203	1.36112
29204	1.36108
29205	1.36105
29206	1.36102
29207	1.36098
29208	1.36095
29209	1.36091
29210	1.36088
29211	1.36084
29212	1.36081
29213	1.36077
29214	1.36074
29215	1.3607
29216	1.36067
29217	1.36063
29218	1.3606
29219	1.36056
29220	1.36053
29221	1.36049
29222	1.36046
29223	1.36042
29224	1.36039
29225	1.36035
29226	1.36032
29227	1.36028
29228	1.36025
29229	1.36021
29230	1.36018
29231	1.36014
29232	1.36011
29233	1.36007
29234	1.36004
29235	1.36
29236	1.35997
29237	1.35993
29238	1.3599
29239	1.35986
29240	1.35983
29241	1.35979
29242	1.35976
29243	1.35972
29244	1.35969
29245	1.35965
29246	1.35962
29247	1.35958
29248	1.35955
29249	1.35951
29250	1.35948
29251	1.35944
29252	1.35941
29253	1.35937
29254	1.35934
29255	1.3593
29256	1.35927
29257	1.35924
29258	1.3592
29259	1.35917
29260	1.35913
29261	1.3591
29262	1.35906
29263	1.35903
29264	1.35899
29265	1.35896
29266	1.35892
29267	1.35889
29268	1.35885
29269	1.35882
29270	1.35878
29271	1.35875
29272	1.35871
29273	1.35868
29274	1.35864
29275	1.35861
29276	1.35857
29277	1.35854
29278	1.35851
29279	1.35847
29280	1.35844
29281	1.3584
29282	1.35837
29283	1.35833
29284	1.3583
29285	1.35826
29286	1.35823
29287	1.35819
29288	1.35816
29289	1.35813
29290	1.35809
29291	1.35806
29292	1.35802
29293	1.35799
29294	1.35795
29295	1.35792
29296	1.35789
29297	1.35785
29298	1.35782
29299	1.35778
29300	1.35775
29301	1.35771
29302	1.35768
29303	1.35765
29304	1.35761
29305	1.35758
29306	1.35754
29307	1.35751
29308	1.35748
29309	1.35744
29310	1.35741
29311	1.35737
29312	1.35734
29313	1.35731
29314	1.35727
29315	1.35724
29316	1.3572
29317	1.35717
29318	1.35714
29319	1.3571
29320	1.35707
29321	1.35704
29322	1.357
29323	1.35697
29324	1.35693
29325	1.3569
29326	1.35687
29327	1.35683
29328	1.3568
29329	1.35677
29330	1.35673
29331	1.3567
29332	1.35667
29333	1.35663
29334	1.3566
29335	1.35657
29336	1.35653
29337	1.3565
29338	1.35647
29339	1.35643
29340	1.3564
29341	1.35637
29342	1.35633
29343	1.3563
29344	1.35627
29345	1.35624
29346	1.3562
29347	1.35617
29348	1.35614
29349	1.3561
29350	1.35607
29351	1.35604
29352	1.35601
29353	1.35597
29354	1.35594
29355	1.35591
29356	1.35587
29357	1.35584
29358	1.35581
29359	1.35578
29360	1.35574
29361	1.35571
29362	1.35568
29363	1.35565
29364	1.35561
29365	1.35558
29366	1.35555
29367	1.35552
29368	1.35548
29369	1.35545
29370	1.35542
29371	1.35539
29372	1.35536
29373	1.35532
29374	1.35529
29375	1.35526
29376	1.35523
29377	1.3552
29378	1.35516
29379	1.35513
29380	1.3551
29381	1.35507
29382	1.35504
29383	1.355
29384	1.35497
29385	1.35494
29386	1.35491
29387	1.35488
29388	1.35484
29389	1.35481
29390	1.35478
29391	1.35475
29392	1.35472
29393	1.35469
29394	1.35465
29395	1.35462
29396	1.35459
29397	1.35456
29398	1.35453
29399	1.3545
29400	1.35447
29401	1.35443
29402	1.3544
29403	1.35437
29404	1.35434
29405	1.35431
29406	1.35428
29407	1.35425
29408	1.35422
29409	1.35418
29410	1.35415
29411	1.35412
29412	1.35409
29413	1.35406
29414	1.35403
29415	1.354
29416	1.35397
29417	1.35394
29418	1.35391
29419	1.35387
29420	1.35384
29421	1.35381
29422	1.35378
29423	1.35375
29424	1.35372
29425	1.35369
29426	1.35366
29427	1.35363
29428	1.3536
29429	1.35357
29430	1.35354
29431	1.35351
29432	1.35348
29433	1.35344
29434	1.35341
29435	1.35338
29436	1.35335
29437	1.35332
29438	1.35329
29439	1.35326
29440	1.35323
29441	1.3532
29442	1.35317
29443	1.35314
29444	1.35311
29445	1.35308
29446	1.35305
29447	1.35302
29448	1.35299
29449	1.35296
29450	1.35293
29451	1.3529
29452	1.35287
29453	1.35284
29454	1.35281
29455	1.35278
29456	1.35275
29457	1.35272
29458	1.35269
29459	1.35266
29460	1.35263
29461	1.3526
29462	1.35257
29463	1.35254
29464	1.35251
29465	1.35248
29466	1.35245
29467	1.35242
29468	1.35239
29469	1.35236
29470	1.35233
29471	1.3523
29472	1.35227
29473	1.35224
29474	1.35221
29475	1.35218
29476	1.35215
29477	1.35212
29478	1.35209
29479	1.35206
29480	1.35203
29481	1.352
29482	1.35197
29483	1.35194
29484	1.35191
29485	1.35188
29486	1.35185
29487	1.35182
29488	1.35179
29489	1.35176
29490	1.35173
29491	1.3517
29492	1.35167
29493	1.35164
29494	1.35161
29495	1.35158
29496	1.35155
29497	1.35152
29498	1.3515
29499	1.35147
29500	1.35144
29501	1.35141
29502	1.35138
29503	1.35135
29504	1.35132
29505	1.35129
29506	1.35126
29507	1.35123
29508	1.3512
29509	1.35117
29510	1.35114
29511	1.35111
29512	1.35108
29513	1.35105
29514	1.35102
29515	1.35099
29516	1.35096
29517	1.35093
29518	1.3509
29519	1.35087
29520	1.35084
29521	1.35081
29522	1.35078
29523	1.35075
29524	1.35072
29525	1.35069
29526	1.35067
29527	1.35064
29528	1.35061
29529	1.35058
29530	1.35055
29531	1.35052
29532	1.35049
29533	1.35046
29534	1.35043
29535	1.3504
29536	1.35037
29537	1.35034
29538	1.35031
29539	1.35028
29540	1.35025
29541	1.35022
29542	1.35019
29543	1.35016
29544	1.35013
29545	1.3501
29546	1.35007
29547	1.35004
29548	1.35001
29549	1.34998
29550	1.34995
29551	1.34992
29552	1.34989
29553	1.34986
29554	1.34983
29555	1.3498
29556	1.34977
29557	1.34974
29558	1.34971
29559	1.34968
29560	1.34965
29561	1.34962
29562	1.34959
29563	1.34956
29564	1.34953
29565	1.3495
29566	1.34947
29567	1.34944
29568	1.34941
29569	1.34938
29570	1.34935
29571	1.34932
29572	1.34929
29573	1.34926
29574	1.34923
29575	1.3492
29576	1.34917
29577	1.34914
29578	1.34911
29579	1.34908
29580	1.34905
29581	1.34902
29582	1.34898
29583	1.34895
29584	1.34892
29585	1.34889
29586	1.34886
29587	1.34883
29588	1.3488
29589	1.34877
29590	1.34874
29591	1.34871
29592	1.34868
29593	1.34865
29594	1.34862
29595	1.34859
29596	1.34856
29597	1.34852
29598	1.34849
29599	1.34846
29600	1.34843
29601	1.3484
29602	1.34837
29603	1.34834
29604	1.34831
29605	1.34828
29606	1.34825
29607	1.34822
29608	1.34818
29609	1.34815
29610	1.34812
29611	1.34809
29612	1.34806
29613	1.34803
29614	1.348
29615	1.34797
29616	1.34793
29617	1.3479
29618	1.34787
29619	1.34784
29620	1.34781
29621	1.34778
29622	1.34775
29623	1.34771
29624	1.34768
29625	1.34765
29626	1.34762
29627	1.34759
29628	1.34756
29629	1.34752
29630	1.34749
29631	1.34746
29632	1.34743
29633	1.3474
29634	1.34737
29635	1.34733
29636	1.3473
29637	1.34727
29638	1.34724
29639	1.34721
29640	1.34717
29641	1.34714
29642	1.34711
29643	1.34708
29644	1.34705
29645	1.34701
29646	1.34698
29647	1.34695
29648	1.34692
29649	1.34689
29650	1.34685
29651	1.34682
29652	1.34679
29653	1.34676
29654	1.34672
29655	1.34669
29656	1.34666
29657	1.34663
29658	1.3466
29659	1.34656
29660	1.34653
29661	1.3465
29662	1.34647
29663	1.34643
29664	1.3464
29665	1.34637
29666	1.34634
29667	1.3463
29668	1.34627
29669	1.34624
29670	1.3462
29671	1.34617
29672	1.34614
29673	1.34611
29674	1.34607
29675	1.34604
29676	1.34601
29677	1.34598
29678	1.34594
29679	1.34591
29680	1.34588
29681	1.34584
29682	1.34581
29683	1.34578
29684	1.34575
29685	1.34571
29686	1.34568
29687	1.34565
29688	1.34561
29689	1.34558
29690	1.34555
29691	1.34551
29692	1.34548
29693	1.34545
29694	1.34542
29695	1.34538
29696	1.34535
29697	1.34532
29698	1.34528
29699	1.34525
29700	1.34522
29701	1.34518
29702	1.34515
29703	1.34512
29704	1.34508
29705	1.34505
29706	1.34502
29707	1.34498
29708	1.34495
29709	1.34492
29710	1.34489
29711	1.34485
29712	1.34482
29713	1.34479
29714	1.34475
29715	1.34472
29716	1.34469
29717	1.34465
29718	1.34462
29719	1.34459
29720	1.34455
29721	1.34452
29722	1.34449
29723	1.34445
29724	1.34442
29725	1.34439
29726	1.34435
29727	1.34432
29728	1.34429
29729	1.34425
29730	1.34422
29731	1.34419
29732	1.34416
29733	1.34412
29734	1.34409
29735	1.34406
29736	1.34402
29737	1.34399
29738	1.34396
29739	1.34392
29740	1.34389
29741	1.34386
29742	1.34382
29743	1.34379
29744	1.34376
29745	1.34373
29746	1.34369
29747	1.34366
29748	1.34363
29749	1.34359
29750	1.34356
29751	1.34353
29752	1.34349
29753	1.34346
29754	1.34343
29755	1.3434
29756	1.34336
29757	1.34333
29758	1.3433
29759	1.34327
29760	1.34323
29761	1.3432
29762	1.34317
29763	1.34313
29764	1.3431
29765	1.34307
29766	1.34304
29767	1.343
29768	1.34297
29769	1.34294
29770	1.34291
29771	1.34288
29772	1.34284
29773	1.34281
29774	1.34278
29775	1.34275
29776	1.34271
29777	1.34268
29778	1.34265
29779	1.34262
29780	1.34259
29781	1.34255
29782	1.34252
29783	1.34249
29784	1.34246
29785	1.34243
29786	1.3424
29787	1.34236
29788	1.34233
29789	1.3423
29790	1.34227
29791	1.34224
29792	1.34221
29793	1.34217
29794	1.34214
29795	1.34211
29796	1.34208
29797	1.34205
29798	1.34202
29799	1.34199
29800	1.34196
29801	1.34193
29802	1.34189
29803	1.34186
29804	1.34183
29805	1.3418
29806	1.34177
29807	1.34174
29808	1.34171
29809	1.34168
29810	1.34165
29811	1.34162
29812	1.34159
29813	1.34156
29814	1.34153
29815	1.3415
29816	1.34147
29817	1.34144
29818	1.34141
29819	1.34138
29820	1.34135
29821	1.34132
29822	1.34129
29823	1.34126
29824	1.34123
29825	1.3412
29826	1.34117
29827	1.34115
29828	1.34112
29829	1.34109
29830	1.34106
29831	1.34103
29832	1.341
29833	1.34097
29834	1.34094
29835	1.34092
29836	1.34089
29837	1.34086
29838	1.34083
29839	1.3408
29840	1.34078
29841	1.34075
29842	1.34072
29843	1.34069
29844	1.34066
29845	1.34064
29846	1.34061
29847	1.34058
29848	1.34055
29849	1.34053
29850	1.3405
29851	1.34047
29852	1.34045
29853	1.34042
29854	1.34039
29855	1.34037
29856	1.34034
29857	1.34031
29858	1.34029
29859	1.34026
29860	1.34024
29861	1.34021
29862	1.34018
29863	1.34016
29864	1.34013
29865	1.34011
29866	1.34008
29867	1.34006
29868	1.34003
29869	1.34001
29870	1.33998
29871	1.33996
29872	1.33993
29873	1.33991
29874	1.33988
29875	1.33986
29876	1.33984
29877	1.33981
29878	1.33979
29879	1.33977
29880	1.33974
29881	1.33972
29882	1.33969
29883	1.33967
29884	1.33965
29885	1.33963
29886	1.3396
29887	1.33958
29888	1.33956
29889	1.33953
29890	1.33951
29891	1.33949
29892	1.33947
29893	1.33945
29894	1.33942
29895	1.3394
29896	1.33938
29897	1.33936
29898	1.33934
29899	1.33932
29900	1.3393
29901	1.33928
29902	1.33925
29903	1.33923
29904	1.33921
29905	1.33919
29906	1.33917
29907	1.33915
29908	1.33913
29909	1.33911
29910	1.33909
29911	1.33907
29912	1.33906
29913	1.33904
29914	1.33902
29915	1.339
29916	1.33898
29917	1.33896
29918	1.33894
29919	1.33892
29920	1.33891
29921	1.33889
29922	1.33887
29923	1.33885
29924	1.33884
29925	1.33882
29926	1.3388
29927	1.33878
29928	1.33877
29929	1.33875
29930	1.33873
29931	1.33872
29932	1.3387
29933	1.33868
29934	1.33867
29935	1.33865
29936	1.33864
29937	1.33862
29938	1.33861
29939	1.33859
29940	1.33858
29941	1.33856
29942	1.33855
29943	1.33853
29944	1.33852
29945	1.3385
29946	1.33849
29947	1.33848
29948	1.33846
29949	1.33845
29950	1.33844
29951	1.33842
29952	1.33841
29953	1.3384
29954	1.33838
29955	1.33837
29956	1.33836
29957	1.33835
29958	1.33834
29959	1.33832
29960	1.33831
29961	1.3383
29962	1.33829
29963	1.33828
29964	1.33827
29965	1.33826
29966	1.33825
29967	1.33824
29968	1.33823
29969	1.33822
29970	1.33821
29971	1.3382
29972	1.33819
29973	1.33818
29974	1.33817
29975	1.33816
29976	1.33815
29977	1.33814
29978	1.33813
29979	1.33812
29980	1.33812
29981	1.33811
29982	1.3381
29983	1.33809
29984	1.33808
29985	1.33808
29986	1.33807
29987	1.33806
29988	1.33806
29989	1.33805
29990	1.33804
29991	1.33804
29992	1.33803
29993	1.33803
29994	1.33802
29995	1.33801
29996	1.33801
29997	1.338
29998	1.338
29999	1.33799
30000	1.33799
30001	1.33799
30002	1.33798
30003	1.33798
30004	1.33797
30005	1.33797
30006	1.33797
30007	1.33796
30008	1.33796
30009	1.33796
30010	1.33795
30011	1.33795
30012	1.33795
30013	1.33795
30014	1.33794
30015	1.33794
30016	1.33794
30017	1.33794
30018	1.33794
30019	1.33794
30020	1.33794
30021	1.33793
30022	1.33793
30023	1.33793
30024	1.33793
30025	1.33793
30026	1.33793
30027	1.33793
30028	1.33793
30029	1.33793
30030	1.33794
30031	1.33794
30032	1.33794
30033	1.33794
30034	1.33794
30035	1.33794
30036	1.33794
30037	1.33795
30038	1.33795
30039	1.33795
30040	1.33795
30041	1.33796
30042	1.33796
30043	1.33796
30044	1.33797
30045	1.33797
30046	1.33797
30047	1.33798
30048	1.33798
30049	1.33799
30050	1.33799
30051	1.338
30052	1.338
30053	1.33801
30054	1.33801
30055	1.33802
30056	1.33802
30057	1.33803
30058	1.33803
30059	1.33804
30060	1.33805
30061	1.33805
30062	1.33806
30063	1.33807
30064	1.33807
30065	1.33808
30066	1.33809
30067	1.3381
30068	1.3381
30069	1.33811
30070	1.33812
30071	1.33813
30072	1.33814
30073	1.33815
30074	1.33815
30075	1.33816
30076	1.33817
30077	1.33818
30078	1.33819
30079	1.3382
30080	1.33821
30081	1.33822
30082	1.33823
30083	1.33824
30084	1.33825
30085	1.33826
30086	1.33828
30087	1.33829
30088	1.3383
30089	1.33831
30090	1.33832
30091	1.33833
30092	1.33835
30093	1.33836
30094	1.33837
30095	1.33838
30096	1.3384
30097	1.33841
30098	1.33842
30099	1.33844
30100	1.33845
30101	1.33846
30102	1.33848
30103	1.33849
30104	1.33851
30105	1.33852
30106	1.33854
30107	1.33855
30108	1.33857
30109	1.33858
30110	1.3386
30111	1.33861
30112	1.33863
30113	1.33865
30114	1.33866
30115	1.33868
30116	1.33869
30117	1.33871
30118	1.33873
30119	1.33875
30120	1.33876
30121	1.33878
30122	1.3388
30123	1.33882
30124	1.33884
30125	1.33885
30126	1.33887
30127	1.33889
30128	1.33891
30129	1.33893
30130	1.33895
30131	1.33897
30132	1.33899
30133	1.33901
30134	1.33903
30135	1.33905
30136	1.33907
30137	1.33909
30138	1.33911
30139	1.33913
30140	1.33915
30141	1.33917
30142	1.3392
30143	1.33922
30144	1.33924
30145	1.33926
30146	1.33928
30147	1.33931
30148	1.33933
30149	1.33935
30150	1.33938
30151	1.3394
30152	1.33942
30153	1.33945
30154	1.33947
30155	1.3395
30156	1.33952
30157	1.33954
30158	1.33957
30159	1.33959
30160	1.33962
30161	1.33964
30162	1.33967
30163	1.3397
30164	1.33972
30165	1.33975
30166	1.33978
30167	1.3398
30168	1.33983
30169	1.33986
30170	1.33988
30171	1.33991
30172	1.33994
30173	1.33997
30174	1.34
30175	1.34002
30176	1.34005
30177	1.34008
30178	1.34011
30179	1.34014
30180	1.34017
30181	1.3402
30182	1.34023
30183	1.34026
30184	1.34029
30185	1.34032
30186	1.34035
30187	1.34038
30188	1.34041
30189	1.34044
30190	1.34048
30191	1.34051
30192	1.34054
30193	1.34057
30194	1.3406
30195	1.34064
30196	1.34067
30197	1.3407
30198	1.34074
30199	1.34077
30200	1.3408
30201	1.34084
30202	1.34087
30203	1.34091
30204	1.34094
30205	1.34098
30206	1.34101
30207	1.34105
30208	1.34108
30209	1.34112
30210	1.34115
30211	1.34119
30212	1.34123
30213	1.34126
30214	1.3413
30215	1.34134
30216	1.34137
30217	1.34141
30218	1.34145
30219	1.34149
30220	1.34153
30221	1.34156
30222	1.3416
30223	1.34164
30224	1.34168
30225	1.34172
30226	1.34176
30227	1.3418
30228	1.34184
30229	1.34188
30230	1.34192
30231	1.34196
30232	1.342
30233	1.34204
30234	1.34208
30235	1.34212
30236	1.34216
30237	1.34221
30238	1.34225
30239	1.34229
30240	1.34233
30241	1.34238
30242	1.34242
30243	1.34246
30244	1.3425
30245	1.34255
30246	1.34259
30247	1.34263
30248	1.34268
30249	1.34272
30250	1.34277
30251	1.34281
30252	1.34286
30253	1.3429
30254	1.34295
30255	1.34299
30256	1.34304
30257	1.34308
30258	1.34313
30259	1.34317
30260	1.34322
30261	1.34326
30262	1.34331
30263	1.34336
30264	1.3434
30265	1.34345
30266	1.3435
30267	1.34354
30268	1.34359
30269	1.34364
30270	1.34369
30271	1.34373
30272	1.34378
30273	1.34383
30274	1.34388
30275	1.34392
30276	1.34397
30277	1.34402
30278	1.34407
30279	1.34412
30280	1.34417
30281	1.34421
30282	1.34426
30283	1.34431
30284	1.34436
30285	1.34441
30286	1.34446
30287	1.34451
30288	1.34456
30289	1.34461
30290	1.34466
30291	1.34471
30292	1.34475
30293	1.3448
30294	1.34485
30295	1.3449
30296	1.34495
30297	1.345
30298	1.34505
30299	1.3451
30300	1.34515
30301	1.3452
30302	1.34525
30303	1.3453
30304	1.34535
30305	1.3454
30306	1.34545
30307	1.3455
30308	1.34555
30309	1.3456
30310	1.34565
30311	1.3457
30312	1.34575
30313	1.3458
30314	1.34585
30315	1.3459
30316	1.34594
30317	1.34599
30318	1.34604
30319	1.34609
30320	1.34614
30321	1.34619
30322	1.34624
30323	1.34629
30324	1.34634
30325	1.34639
30326	1.34643
30327	1.34648
30328	1.34653
30329	1.34658
30330	1.34663
30331	1.34668
30332	1.34672
30333	1.34677
30334	1.34682
30335	1.34687
30336	1.34691
30337	1.34696
30338	1.34701
30339	1.34705
30340	1.3471
30341	1.34715
30342	1.34719
30343	1.34724
30344	1.34729
30345	1.34733
30346	1.34738
30347	1.34742
30348	1.34747
30349	1.34751
30350	1.34756
30351	1.3476
30352	1.34765
30353	1.34769
30354	1.34773
30355	1.34778
30356	1.34782
30357	1.34787
30358	1.34791
30359	1.34795
30360	1.34799
30361	1.34804
30362	1.34808
30363	1.34812
30364	1.34816
30365	1.3482
30366	1.34824
30367	1.34828
30368	1.34833
30369	1.34837
30370	1.34841
30371	1.34845
30372	1.34848
30373	1.34852
30374	1.34856
30375	1.3486
30376	1.34864
30377	1.34868
30378	1.34872
30379	1.34875
30380	1.34879
30381	1.34883
30382	1.34887
30383	1.3489
30384	1.34894
30385	1.34897
30386	1.34901
30387	1.34904
30388	1.34908
30389	1.34911
30390	1.34915
30391	1.34918
30392	1.34922
30393	1.34925
30394	1.34928
30395	1.34932
30396	1.34935
30397	1.34938
30398	1.34941
30399	1.34945
30400	1.34948
30401	1.34951
30402	1.34954
30403	1.34957
30404	1.3496
30405	1.34963
30406	1.34966
30407	1.34969
30408	1.34972
30409	1.34975
30410	1.34978
30411	1.34981
30412	1.34983
30413	1.34986
30414	1.34989
30415	1.34992
30416	1.34994
30417	1.34997
30418	1.35
30419	1.35002
30420	1.35005
30421	1.35007
30422	1.3501
30423	1.35012
30424	1.35015
30425	1.35017
30426	1.3502
30427	1.35022
30428	1.35025
30429	1.35027
30430	1.35029
30431	1.35032
30432	1.35034
30433	1.35036
30434	1.35038
30435	1.35041
30436	1.35043
30437	1.35045
30438	1.35047
30439	1.35049
30440	1.35051
30441	1.35053
30442	1.35055
30443	1.35057
30444	1.35059
30445	1.35061
30446	1.35063
30447	1.35065
30448	1.35067
30449	1.35069
30450	1.35071
30451	1.35073
30452	1.35075
30453	1.35077
30454	1.35079
30455	1.3508
30456	1.35082
30457	1.35084
30458	1.35086
30459	1.35087
30460	1.35089
30461	1.35091
30462	1.35092
30463	1.35094
30464	1.35096
30465	1.35097
30466	1.35099
30467	1.35101
30468	1.35102
30469	1.35104
30470	1.35105
30471	1.35107
30472	1.35108
30473	1.3511
30474	1.35112
30475	1.35113
30476	1.35115
30477	1.35116
30478	1.35117
30479	1.35119
30480	1.3512
30481	1.35122
30482	1.35123
30483	1.35125
30484	1.35126
30485	1.35127
30486	1.35129
30487	1.3513
30488	1.35132
30489	1.35133
30490	1.35134
30491	1.35136
30492	1.35137
30493	1.35138
30494	1.3514
30495	1.35141
30496	1.35142
30497	1.35144
30498	1.35145
30499	1.35146
30500	1.35147
30501	1.35149
30502	1.3515
30503	1.35151
30504	1.35152
30505	1.35154
30506	1.35155
30507	1.35156
30508	1.35157
30509	1.35159
30510	1.3516
30511	1.35161
30512	1.35162
30513	1.35164
30514	1.35165
30515	1.35166
30516	1.35167
30517	1.35168
30518	1.3517
30519	1.35171
30520	1.35172
30521	1.35173
30522	1.35174
30523	1.35176
30524	1.35177
30525	1.35178
30526	1.35179
30527	1.3518
30528	1.35182
30529	1.35183
30530	1.35184
30531	1.35185
30532	1.35186
30533	1.35187
30534	1.35189
30535	1.3519
30536	1.35191
30537	1.35192
30538	1.35193
30539	1.35194
30540	1.35196
30541	1.35197
30542	1.35198
30543	1.35199
30544	1.352
30545	1.35201
30546	1.35203
30547	1.35204
30548	1.35205
30549	1.35206
30550	1.35207
30551	1.35208
30552	1.35209
30553	1.35211
30554	1.35212
30555	1.35213
30556	1.35214
30557	1.35215
30558	1.35216
30559	1.35218
30560	1.35219
30561	1.3522
30562	1.35221
30563	1.35222
30564	1.35223
30565	1.35224
30566	1.35226
30567	1.35227
30568	1.35228
30569	1.35229
30570	1.3523
30571	1.35231
30572	1.35232
30573	1.35234
30574	1.35235
30575	1.35236
30576	1.35237
30577	1.35238
30578	1.35239
30579	1.3524
30580	1.35242
30581	1.35243
30582	1.35244
30583	1.35245
30584	1.35246
30585	1.35247
30586	1.35248
30587	1.35249
30588	1.35251
30589	1.35252
30590	1.35253
30591	1.35254
30592	1.35255
30593	1.35256
30594	1.35257
30595	1.35258
30596	1.35259
30597	1.3526
30598	1.35262
30599	1.35263
30600	1.35264
30601	1.35265
30602	1.35266
30603	1.35267
30604	1.35268
30605	1.35269
30606	1.3527
30607	1.35271
30608	1.35272
30609	1.35273
30610	1.35274
30611	1.35275
30612	1.35276
30613	1.35277
30614	1.35278
30615	1.35279
30616	1.3528
30617	1.35281
30618	1.35282
30619	1.35283
30620	1.35284
30621	1.35285
30622	1.35286
30623	1.35287
30624	1.35288
30625	1.35289
30626	1.3529
30627	1.35291
30628	1.35292
30629	1.35292
30630	1.35293
30631	1.35294
30632	1.35295
30633	1.35296
30634	1.35297
30635	1.35298
30636	1.35298
30637	1.35299
30638	1.353
30639	1.35301
30640	1.35302
30641	1.35302
30642	1.35303
30643	1.35304
30644	1.35305
30645	1.35306
30646	1.35306
30647	1.35307
30648	1.35308
30649	1.35308
30650	1.35309
30651	1.3531
30652	1.3531
30653	1.35311
30654	1.35312
30655	1.35312
30656	1.35313
30657	1.35314
30658	1.35314
30659	1.35315
30660	1.35315
30661	1.35316
30662	1.35316
30663	1.35317
30664	1.35317
30665	1.35318
30666	1.35318
30667	1.35319
30668	1.35319
30669	1.3532
30670	1.3532
30671	1.35321
30672	1.35321
30673	1.35321
30674	1.35322
30675	1.35322
30676	1.35323
30677	1.35323
30678	1.35323
30679	1.35324
30680	1.35324
30681	1.35324
30682	1.35324
30683	1.35325
30684	1.35325
30685	1.35325
30686	1.35325
30687	1.35326
30688	1.35326
30689	1.35326
30690	1.35326
30691	1.35326
30692	1.35326
30693	1.35326
30694	1.35327
30695	1.35327
30696	1.35327
30697	1.35327
30698	1.35327
30699	1.35327
30700	1.35327
30701	1.35327
30702	1.35327
30703	1.35327
30704	1.35327
30705	1.35327
30706	1.35327
30707	1.35327
30708	1.35327
30709	1.35327
30710	1.35326
30711	1.35326
30712	1.35326
30713	1.35326
30714	1.35326
30715	1.35326
30716	1.35325
30717	1.35325
30718	1.35325
30719	1.35325
30720	1.35325
30721	1.35324
30722	1.35324
30723	1.35324
30724	1.35324
30725	1.35323
30726	1.35323
30727	1.35323
30728	1.35322
30729	1.35322
30730	1.35322
30731	1.35321
30732	1.35321
30733	1.35321
30734	1.3532
30735	1.3532
30736	1.35319
30737	1.35319
30738	1.35318
30739	1.35318
30740	1.35318
30741	1.35317
30742	1.35317
30743	1.35316
30744	1.35316
30745	1.35315
30746	1.35315
30747	1.35314
30748	1.35314
30749	1.35313
30750	1.35313
30751	1.35312
30752	1.35312
30753	1.35311
30754	1.3531
30755	1.3531
30756	1.35309
30757	1.35309
30758	1.35308
30759	1.35308
30760	1.35307
30761	1.35306
30762	1.35306
30763	1.35305
30764	1.35305
30765	1.35304
30766	1.35303
30767	1.35303
30768	1.35302
30769	1.35301
30770	1.35301
30771	1.353
30772	1.353
30773	1.35299
30774	1.35298
30775	1.35298
30776	1.35297
30777	1.35296
30778	1.35296
30779	1.35295
30780	1.35294
30781	1.35294
30782	1.35293
30783	1.35292
30784	1.35291
30785	1.35291
30786	1.3529
30787	1.35289
30788	1.35289
30789	1.35288
30790	1.35287
30791	1.35287
30792	1.35286
30793	1.35285
30794	1.35285
30795	1.35284
30796	1.35283
30797	1.35282
30798	1.35282
30799	1.35281
30800	1.3528
30801	1.3528
30802	1.35279
30803	1.35278
30804	1.35278
30805	1.35277
30806	1.35276
30807	1.35276
30808	1.35275
30809	1.35274
30810	1.35273
30811	1.35273
30812	1.35272
30813	1.35271
30814	1.35271
30815	1.3527
30816	1.35269
30817	1.35269
30818	1.35268
30819	1.35267
30820	1.35267
30821	1.35266
30822	1.35265
30823	1.35265
30824	1.35264
30825	1.35263
30826	1.35263
30827	1.35262
30828	1.35261
30829	1.35261
30830	1.3526
30831	1.35259
30832	1.35259
30833	1.35258
30834	1.35258
30835	1.35257
30836	1.35256
30837	1.35256
30838	1.35255
30839	1.35254
30840	1.35254
30841	1.35253
30842	1.35253
30843	1.35252
30844	1.35251
30845	1.35251
30846	1.3525
30847	1.3525
30848	1.35249
30849	1.35248
30850	1.35248
30851	1.35247
30852	1.35247
30853	1.35246
30854	1.35246
30855	1.35245
30856	1.35244
30857	1.35244
30858	1.35243
30859	1.35243
30860	1.35242
30861	1.35242
30862	1.35241
30863	1.35241
30864	1.3524
30865	1.3524
30866	1.35239
30867	1.35239
30868	1.35238
30869	1.35238
30870	1.35237
30871	1.35237
30872	1.35236
30873	1.35236
30874	1.35235
30875	1.35235
30876	1.35234
30877	1.35234
30878	1.35233
30879	1.35233
30880	1.35232
30881	1.35232
30882	1.35231
30883	1.35231
30884	1.35231
30885	1.3523
30886	1.3523
30887	1.35229
30888	1.35229
30889	1.35228
30890	1.35228
30891	1.35228
30892	1.35227
30893	1.35227
30894	1.35226
30895	1.35226
30896	1.35226
30897	1.35225
30898	1.35225
30899	1.35224
30900	1.35224
30901	1.35224
30902	1.35223
30903	1.35223
30904	1.35223
30905	1.35222
30906	1.35222
30907	1.35222
30908	1.35221
30909	1.35221
30910	1.35221
30911	1.3522
30912	1.3522
30913	1.3522
30914	1.35219
30915	1.35219
30916	1.35219
30917	1.35219
30918	1.35218
30919	1.35218
30920	1.35218
30921	1.35217
30922	1.35217
30923	1.35217
30924	1.35217
30925	1.35216
30926	1.35216
30927	1.35216
30928	1.35216
30929	1.35216
30930	1.35215
30931	1.35215
30932	1.35215
30933	1.35215
30934	1.35215
30935	1.35214
30936	1.35214
30937	1.35214
30938	1.35214
30939	1.35214
30940	1.35214
30941	1.35213
30942	1.35213
30943	1.35213
30944	1.35213
30945	1.35213
30946	1.35213
30947	1.35213
30948	1.35213
30949	1.35213
30950	1.35212
30951	1.35212
30952	1.35212
30953	1.35212
30954	1.35212
30955	1.35212
30956	1.35212
30957	1.35212
30958	1.35212
30959	1.35212
30960	1.35212
30961	1.35212
30962	1.35212
30963	1.35212
30964	1.35212
30965	1.35212
30966	1.35212
30967	1.35212
30968	1.35212
30969	1.35212
30970	1.35212
30971	1.35212
30972	1.35212
30973	1.35213
30974	1.35213
30975	1.35213
30976	1.35213
30977	1.35213
30978	1.35213
30979	1.35213
30980	1.35213
30981	1.35214
30982	1.35214
30983	1.35214
30984	1.35214
30985	1.35214
30986	1.35215
30987	1.35215
30988	1.35215
30989	1.35215
30990	1.35216
30991	1.35216
30992	1.35216
30993	1.35216
30994	1.35217
30995	1.35217
30996	1.35217
30997	1.35218
30998	1.35218
30999	1.35218
31000	1.35219
31001	1.35219
31002	1.35219
31003	1.3522
31004	1.3522
31005	1.3522
31006	1.35221
31007	1.35221
31008	1.35222
31009	1.35222
31010	1.35223
31011	1.35223
31012	1.35223
31013	1.35224
31014	1.35224
31015	1.35225
31016	1.35225
31017	1.35226
31018	1.35226
31019	1.35227
31020	1.35228
31021	1.35228
31022	1.35229
31023	1.35229
31024	1.3523
31025	1.3523
31026	1.35231
31027	1.35232
31028	1.35232
31029	1.35233
31030	1.35234
31031	1.35234
31032	1.35235
31033	1.35236
31034	1.35236
31035	1.35237
31036	1.35238
31037	1.35239
31038	1.35239
31039	1.3524
31040	1.35241
31041	1.35242
31042	1.35242
31043	1.35243
31044	1.35244
31045	1.35245
31046	1.35246
31047	1.35247
31048	1.35247
31049	1.35248
31050	1.35249
31051	1.3525
31052	1.35251
31053	1.35252
31054	1.35253
31055	1.35254
31056	1.35255
31057	1.35256
31058	1.35257
31059	1.35258
31060	1.35259
31061	1.3526
31062	1.35261
31063	1.35262
31064	1.35263
31065	1.35264
31066	1.35265
31067	1.35266
31068	1.35267
31069	1.35268
31070	1.35269
31071	1.3527
31072	1.35271
31073	1.35272
31074	1.35274
31075	1.35275
31076	1.35276
31077	1.35277
31078	1.35278
31079	1.3528
31080	1.35281
31081	1.35282
31082	1.35283
31083	1.35284
31084	1.35286
31085	1.35287
31086	1.35288
31087	1.35289
31088	1.35291
31089	1.35292
31090	1.35293
31091	1.35295
31092	1.35296
31093	1.35297
31094	1.35299
31095	1.353
31096	1.35301
31097	1.35303
31098	1.35304
31099	1.35306
31100	1.35307
31101	1.35308
31102	1.3531
31103	1.35311
31104	1.35313
31105	1.35314
31106	1.35316
31107	1.35317
31108	1.35319
31109	1.3532
31110	1.35322
31111	1.35323
31112	1.35325
31113	1.35326
31114	1.35328
31115	1.35329
31116	1.35331
31117	1.35332
31118	1.35334
31119	1.35336
31120	1.35337
31121	1.35339
31122	1.3534
31123	1.35342
31124	1.35344
31125	1.35345
31126	1.35347
31127	1.35349
31128	1.3535
31129	1.35352
31130	1.35354
31131	1.35355
31132	1.35357
31133	1.35359
31134	1.3536
31135	1.35362
31136	1.35364
31137	1.35366
31138	1.35367
31139	1.35369
31140	1.35371
31141	1.35373
31142	1.35374
31143	1.35376
31144	1.35378
31145	1.3538
31146	1.35382
31147	1.35383
31148	1.35385
31149	1.35387
31150	1.35389
31151	1.35391
31152	1.35393
31153	1.35394
31154	1.35396
31155	1.35398
31156	1.354
31157	1.35402
31158	1.35404
31159	1.35406
31160	1.35408
31161	1.3541
31162	1.35412
31163	1.35414
31164	1.35415
31165	1.35417
31166	1.35419
31167	1.35421
31168	1.35423
31169	1.35425
31170	1.35427
31171	1.35429
31172	1.35431
31173	1.35433
31174	1.35435
31175	1.35437
31176	1.35439
31177	1.35441
31178	1.35443
31179	1.35445
31180	1.35447
31181	1.3545
31182	1.35452
31183	1.35454
31184	1.35456
31185	1.35458
31186	1.3546
31187	1.35462
31188	1.35464
31189	1.35466
31190	1.35468
31191	1.3547
31192	1.35473
31193	1.35475
31194	1.35477
31195	1.35479
31196	1.35481
31197	1.35483
31198	1.35485
31199	1.35487
31200	1.3549
31201	1.35492
31202	1.35494
31203	1.35496
31204	1.35498
31205	1.35501
31206	1.35503
31207	1.35505
31208	1.35507
31209	1.35509
31210	1.35512
31211	1.35514
31212	1.35516
31213	1.35518
31214	1.3552
31215	1.35523
31216	1.35525
31217	1.35527
31218	1.35529
31219	1.35532
31220	1.35534
31221	1.35536
31222	1.35538
31223	1.35541
31224	1.35543
31225	1.35545
31226	1.35547
31227	1.3555
31228	1.35552
31229	1.35554
31230	1.35557
31231	1.35559
31232	1.35561
31233	1.35564
31234	1.35566
31235	1.35568
31236	1.3557
31237	1.35573
31238	1.35575
31239	1.35577
31240	1.3558
31241	1.35582
31242	1.35584
31243	1.35587
31244	1.35589
31245	1.35591
31246	1.35594
31247	1.35596
31248	1.35598
31249	1.35601
31250	1.35603
31251	1.35605
31252	1.35608
31253	1.3561
31254	1.35612
31255	1.35615
31256	1.35617
31257	1.3562
31258	1.35622
31259	1.35624
31260	1.35627
31261	1.35629
31262	1.35631
31263	1.35634
31264	1.35636
31265	1.35638
31266	1.35641
31267	1.35643
31268	1.35646
31269	1.35648
31270	1.3565
31271	1.35653
31272	1.35655
31273	1.35657
31274	1.3566
31275	1.35662
31276	1.35665
31277	1.35667
31278	1.35669
31279	1.35672
31280	1.35674
31281	1.35676
31282	1.35679
31283	1.35681
31284	1.35684
31285	1.35686
31286	1.35688
31287	1.35691
31288	1.35693
31289	1.35695
31290	1.35698
31291	1.357
31292	1.35703
31293	1.35705
31294	1.35707
31295	1.3571
31296	1.35712
31297	1.35714
31298	1.35717
31299	1.35719
31300	1.35722
31301	1.35724
31302	1.35726
31303	1.35729
31304	1.35731
31305	1.35733
31306	1.35736
31307	1.35738
31308	1.3574
31309	1.35743
31310	1.35745
31311	1.35747
31312	1.3575
31313	1.35752
31314	1.35754
31315	1.35757
31316	1.35759
31317	1.35761
31318	1.35764
31319	1.35766
31320	1.35768
31321	1.35771
31322	1.35773
31323	1.35775
31324	1.35778
31325	1.3578
31326	1.35782
31327	1.35784
31328	1.35787
31329	1.35789
31330	1.35791
31331	1.35794
31332	1.35796
31333	1.35798
31334	1.358
31335	1.35803
31336	1.35805
31337	1.35807
31338	1.35809
31339	1.35812
31340	1.35814
31341	1.35816
31342	1.35818
31343	1.35821
31344	1.35823
31345	1.35825
31346	1.35827
31347	1.35829
31348	1.35832
31349	1.35834
31350	1.35836
31351	1.35838
31352	1.3584
31353	1.35843
31354	1.35845
31355	1.35847
31356	1.35849
31357	1.35851
31358	1.35853
31359	1.35856
31360	1.35858
31361	1.3586
31362	1.35862
31363	1.35864
31364	1.35866
31365	1.35868
31366	1.35871
31367	1.35873
31368	1.35875
31369	1.35877
31370	1.35879
31371	1.35881
31372	1.35883
31373	1.35885
31374	1.35887
31375	1.35889
31376	1.35891
31377	1.35893
31378	1.35896
31379	1.35898
31380	1.359
31381	1.35902
31382	1.35904
31383	1.35906
31384	1.35908
31385	1.3591
31386	1.35912
31387	1.35914
31388	1.35916
31389	1.35918
31390	1.3592
31391	1.35922
31392	1.35923
31393	1.35925
31394	1.35927
31395	1.35929
31396	1.35931
31397	1.35933
31398	1.35935
31399	1.35937
31400	1.35939
31401	1.35941
31402	1.35943
31403	1.35945
31404	1.35946
31405	1.35948
31406	1.3595
31407	1.35952
31408	1.35954
31409	1.35956
31410	1.35958
31411	1.35959
31412	1.35961
31413	1.35963
31414	1.35965
31415	1.35967
31416	1.35968
31417	1.3597
31418	1.35972
31419	1.35974
31420	1.35976
31421	1.35977
31422	1.35979
31423	1.35981
31424	1.35983
31425	1.35984
31426	1.35986
31427	1.35988
31428	1.35989
31429	1.35991
31430	1.35993
31431	1.35995
31432	1.35996
31433	1.35998
31434	1.36
31435	1.36001
31436	1.36003
31437	1.36005
31438	1.36006
31439	1.36008
31440	1.36009
31441	1.36011
31442	1.36013
31443	1.36014
31444	1.36016
31445	1.36017
31446	1.36019
31447	1.36021
31448	1.36022
31449	1.36024
31450	1.36025
31451	1.36027
31452	1.36028
31453	1.3603
31454	1.36031
31455	1.36033
31456	1.36034
31457	1.36036
31458	1.36037
31459	1.36039
31460	1.3604
31461	1.36042
31462	1.36043
31463	1.36045
31464	1.36046
31465	1.36047
31466	1.36049
31467	1.3605
31468	1.36052
31469	1.36053
31470	1.36055
31471	1.36056
31472	1.36057
31473	1.36059
31474	1.3606
31475	1.36061
31476	1.36063
31477	1.36064
31478	1.36065
31479	1.36067
31480	1.36068
31481	1.36069
31482	1.36071
31483	1.36072
31484	1.36073
31485	1.36074
31486	1.36076
31487	1.36077
31488	1.36078
31489	1.3608
31490	1.36081
31491	1.36082
31492	1.36083
31493	1.36084
31494	1.36086
31495	1.36087
31496	1.36088
31497	1.36089
31498	1.3609
31499	1.36092
31500	1.36093
31501	1.36094
31502	1.36095
31503	1.36096
31504	1.36097
31505	1.36098
31506	1.361
31507	1.36101
31508	1.36102
31509	1.36103
31510	1.36104
31511	1.36105
31512	1.36106
31513	1.36107
31514	1.36108
31515	1.36109
31516	1.3611
31517	1.36111
31518	1.36112
31519	1.36113
31520	1.36114
31521	1.36115
31522	1.36116
31523	1.36117
31524	1.36118
31525	1.36119
31526	1.3612
31527	1.36121
31528	1.36122
31529	1.36123
31530	1.36124
31531	1.36125
31532	1.36126
31533	1.36127
31534	1.36128
31535	1.36128
31536	1.36129
31537	1.3613
31538	1.36131
31539	1.36132
31540	1.36133
31541	1.36134
31542	1.36135
31543	1.36135
31544	1.36136
31545	1.36137
31546	1.36138
31547	1.36139
31548	1.36139
31549	1.3614
31550	1.36141
31551	1.36142
31552	1.36143
31553	1.36143
31554	1.36144
31555	1.36145
31556	1.36146
31557	1.36146
31558	1.36147
31559	1.36148
31560	1.36148
31561	1.36149
31562	1.3615
31563	1.3615
31564	1.36151
31565	1.36152
31566	1.36152
31567	1.36153
31568	1.36154
31569	1.36154
31570	1.36155
31571	1.36156
31572	1.36156
31573	1.36157
31574	1.36158
31575	1.36158
31576	1.36159
31577	1.36159
31578	1.3616
31579	1.36161
31580	1.36161
31581	1.36162
31582	1.36162
31583	1.36163
31584	1.36163
31585	1.36164
31586	1.36164
31587	1.36165
31588	1.36165
31589	1.36166
31590	1.36166
31591	1.36167
31592	1.36167
31593	1.36168
31594	1.36168
31595	1.36169
31596	1.36169
31597	1.3617
31598	1.3617
31599	1.36171
31600	1.36171
31601	1.36172
31602	1.36172
31603	1.36172
31604	1.36173
31605	1.36173
31606	1.36174
31607	1.36174
31608	1.36174
31609	1.36175
31610	1.36175
31611	1.36176
31612	1.36176
31613	1.36176
31614	1.36177
31615	1.36177
31616	1.36177
31617	1.36178
31618	1.36178
31619	1.36178
31620	1.36179
31621	1.36179
31622	1.36179
31623	1.3618
31624	1.3618
31625	1.3618
31626	1.36181
31627	1.36181
31628	1.36181
31629	1.36181
31630	1.36182
31631	1.36182
31632	1.36182
31633	1.36182
31634	1.36183
31635	1.36183
31636	1.36183
31637	1.36183
31638	1.36184
31639	1.36184
31640	1.36184
31641	1.36184
31642	1.36185
31643	1.36185
31644	1.36185
31645	1.36185
31646	1.36185
31647	1.36186
31648	1.36186
31649	1.36186
31650	1.36186
31651	1.36186
31652	1.36186
31653	1.36187
31654	1.36187
31655	1.36187
31656	1.36187
31657	1.36187
31658	1.36187
31659	1.36187
31660	1.36188
31661	1.36188
31662	1.36188
31663	1.36188
31664	1.36188
31665	1.36188
31666	1.36188
31667	1.36188
31668	1.36189
31669	1.36189
31670	1.36189
31671	1.36189
31672	1.36189
31673	1.36189
31674	1.36189
31675	1.36189
31676	1.36189
31677	1.36189
31678	1.36189
31679	1.36189
31680	1.3619
31681	1.3619
31682	1.3619
31683	1.3619
31684	1.3619
31685	1.3619
31686	1.3619
31687	1.3619
31688	1.3619
31689	1.3619
31690	1.3619
31691	1.3619
31692	1.3619
31693	1.3619
31694	1.3619
31695	1.3619
31696	1.3619
31697	1.3619
31698	1.3619
31699	1.3619
31700	1.3619
31701	1.3619
31702	1.3619
31703	1.3619
31704	1.3619
31705	1.3619
31706	1.3619
31707	1.3619
31708	1.3619
31709	1.3619
31710	1.3619
31711	1.3619
31712	1.3619
31713	1.3619
31714	1.3619
31715	1.3619
31716	1.3619
31717	1.3619
31718	1.3619
31719	1.3619
31720	1.3619
31721	1.3619
31722	1.3619
31723	1.3619
31724	1.3619
31725	1.3619
31726	1.3619
31727	1.3619
31728	1.3619
31729	1.3619
31730	1.3619
31731	1.3619
31732	1.3619
31733	1.3619
31734	1.3619
31735	1.3619
31736	1.3619
31737	1.3619
31738	1.3619
31739	1.36189
31740	1.36189
31741	1.36189
31742	1.36189
31743	1.36189
31744	1.36189
31745	1.36189
31746	1.36189
31747	1.36189
31748	1.36189
31749	1.36189
31750	1.36189
31751	1.36189
31752	1.36189
31753	1.36189
31754	1.36189
31755	1.36189
31756	1.36189
31757	1.36189
31758	1.36189
31759	1.36189
31760	1.36189
31761	1.36189
31762	1.36188
31763	1.36188
31764	1.36188
31765	1.36188
31766	1.36188
31767	1.36188
31768	1.36188
31769	1.36188
31770	1.36188
31771	1.36188
31772	1.36188
31773	1.36188
31774	1.36188
31775	1.36188
31776	1.36188
31777	1.36188
31778	1.36188
31779	1.36188
31780	1.36188
31781	1.36188
31782	1.36188
31783	1.36188
31784	1.36188
31785	1.36188
31786	1.36188
31787	1.36188
31788	1.36188
31789	1.36188
31790	1.36188
31791	1.36188
31792	1.36187
31793	1.36187
31794	1.36187
31795	1.36187
31796	1.36187
31797	1.36187
31798	1.36187
31799	1.36187
31800	1.36187
31801	1.36187
31802	1.36187
31803	1.36187
31804	1.36187
31805	1.36187
31806	1.36187
31807	1.36187
31808	1.36187
31809	1.36187
31810	1.36187
31811	1.36187
31812	1.36187
31813	1.36187
31814	1.36187
31815	1.36187
31816	1.36187
31817	1.36187
31818	1.36187
31819	1.36187
31820	1.36187
31821	1.36187
31822	1.36187
31823	1.36188
31824	1.36188
31825	1.36188
31826	1.36188
31827	1.36188
31828	1.36188
31829	1.36188
31830	1.36188
31831	1.36188
31832	1.36188
31833	1.36188
31834	1.36188
31835	1.36188
31836	1.36188
31837	1.36188
31838	1.36188
31839	1.36188
31840	1.36188
31841	1.36188
31842	1.36188
31843	1.36188
31844	1.36188
31845	1.36188
31846	1.36189
31847	1.36189
31848	1.36189
31849	1.36189
31850	1.36189
31851	1.36189
31852	1.36189
31853	1.36189
31854	1.36189
31855	1.36189
31856	1.36189
31857	1.36189
31858	1.36189
31859	1.36189
31860	1.3619
31861	1.3619
31862	1.3619
31863	1.3619
31864	1.3619
31865	1.3619
31866	1.3619
31867	1.3619
31868	1.3619
31869	1.3619
31870	1.36191
31871	1.36191
31872	1.36191
31873	1.36191
31874	1.36191
31875	1.36191
31876	1.36191
31877	1.36191
31878	1.36191
31879	1.36192
31880	1.36192
31881	1.36192
31882	1.36192
31883	1.36192
31884	1.36192
31885	1.36192
31886	1.36192
31887	1.36193
31888	1.36193
31889	1.36193
31890	1.36193
31891	1.36193
31892	1.36193
31893	1.36193
31894	1.36194
31895	1.36194
31896	1.36194
31897	1.36194
31898	1.36194
31899	1.36194
31900	1.36194
31901	1.36195
31902	1.36195
31903	1.36195
31904	1.36195
31905	1.36195
31906	1.36195
31907	1.36195
31908	1.36196
31909	1.36196
31910	1.36196
31911	1.36196
31912	1.36196
31913	1.36196
31914	1.36197
31915	1.36197
31916	1.36197
31917	1.36197
31918	1.36197
31919	1.36197
31920	1.36198
31921	1.36198
31922	1.36198
31923	1.36198
31924	1.36198
31925	1.36198
31926	1.36199
31927	1.36199
31928	1.36199
31929	1.36199
31930	1.36199
31931	1.36199
31932	1.362
31933	1.362
31934	1.362
31935	1.362
31936	1.362
31937	1.362
31938	1.36201
31939	1.36201
31940	1.36201
31941	1.36201
31942	1.36201
31943	1.36202
31944	1.36202
31945	1.36202
31946	1.36202
31947	1.36202
31948	1.36202
31949	1.36203
31950	1.36203
31951	1.36203
31952	1.36203
31953	1.36203
31954	1.36203
31955	1.36204
31956	1.36204
31957	1.36204
31958	1.36204
31959	1.36204
31960	1.36204
31961	1.36205
31962	1.36205
31963	1.36205
31964	1.36205
31965	1.36205
31966	1.36205
31967	1.36206
31968	1.36206
31969	1.36206
31970	1.36206
31971	1.36206
31972	1.36206
31973	1.36206
31974	1.36207
31975	1.36207
31976	1.36207
31977	1.36207
31978	1.36207
31979	1.36207
31980	1.36207
31981	1.36208
31982	1.36208
31983	1.36208
31984	1.36208
31985	1.36208
31986	1.36208
31987	1.36208
31988	1.36208
31989	1.36209
31990	1.36209
31991	1.36209
31992	1.36209
31993	1.36209
31994	1.36209
31995	1.36209
31996	1.36209
31997	1.36209
31998	1.3621
31999	1.3621
32000	1.3621
32001	1.3621
32002	1.3621
32003	1.3621
32004	1.3621
32005	1.3621
32006	1.3621
32007	1.3621
32008	1.3621
32009	1.3621
32010	1.3621
32011	1.36211
32012	1.36211
32013	1.36211
32014	1.36211
32015	1.36211
32016	1.36211
32017	1.36211
32018	1.36211
32019	1.36211
32020	1.36211
32021	1.36211
32022	1.36211
32023	1.36211
32024	1.36211
32025	1.36211
32026	1.36211
32027	1.36211
32028	1.36211
32029	1.36211
32030	1.36211
32031	1.36211
32032	1.36211
32033	1.36211
32034	1.36211
32035	1.36211
32036	1.36211
32037	1.36211
32038	1.3621
32039	1.3621
32040	1.3621
32041	1.3621
32042	1.3621
32043	1.3621
32044	1.3621
32045	1.3621
32046	1.3621
32047	1.3621
32048	1.3621
32049	1.36209
32050	1.36209
32051	1.36209
32052	1.36209
32053	1.36209
32054	1.36209
32055	1.36209
32056	1.36208
32057	1.36208
32058	1.36208
32059	1.36208
32060	1.36208
32061	1.36208
32062	1.36207
32063	1.36207
32064	1.36207
32065	1.36207
32066	1.36206
32067	1.36206
32068	1.36206
32069	1.36206
32070	1.36205
32071	1.36205
32072	1.36205
32073	1.36205
32074	1.36204
32075	1.36204
32076	1.36204
32077	1.36204
32078	1.36203
32079	1.36203
32080	1.36203
32081	1.36202
32082	1.36202
32083	1.36202
32084	1.36201
32085	1.36201
32086	1.362
32087	1.362
32088	1.362
32089	1.36199
32090	1.36199
32091	1.36198
32092	1.36198
32093	1.36198
32094	1.36197
32095	1.36197
32096	1.36196
32097	1.36196
32098	1.36195
32099	1.36195
32100	1.36194
32101	1.36194
32102	1.36193
32103	1.36193
32104	1.36192
32105	1.36192
32106	1.36191
32107	1.36191
32108	1.3619
32109	1.3619
32110	1.36189
32111	1.36189
32112	1.36188
32113	1.36187
32114	1.36187
32115	1.36186
32116	1.36186
32117	1.36185
32118	1.36184
32119	1.36184
32120	1.36183
32121	1.36182
32122	1.36182
32123	1.36181
32124	1.3618
32125	1.36179
32126	1.36179
32127	1.36178
32128	1.36177
32129	1.36176
32130	1.36176
32131	1.36175
32132	1.36174
32133	1.36173
32134	1.36173
32135	1.36172
32136	1.36171
32137	1.3617
32138	1.36169
32139	1.36168
32140	1.36168
32141	1.36167
32142	1.36166
32143	1.36165
32144	1.36164
32145	1.36163
32146	1.36162
32147	1.36161
32148	1.3616
32149	1.36159
32150	1.36158
32151	1.36157
32152	1.36156
32153	1.36155
32154	1.36154
32155	1.36153
32156	1.36152
32157	1.36151
32158	1.3615
32159	1.36149
32160	1.36148
32161	1.36147
32162	1.36146
32163	1.36145
32164	1.36144
32165	1.36143
32166	1.36141
32167	1.3614
32168	1.36139
32169	1.36138
32170	1.36137
32171	1.36136
32172	1.36134
32173	1.36133
32174	1.36132
32175	1.36131
32176	1.36129
32177	1.36128
32178	1.36127
32179	1.36126
32180	1.36124
32181	1.36123
32182	1.36122
32183	1.3612
32184	1.36119
32185	1.36118
32186	1.36116
32187	1.36115
32188	1.36114
32189	1.36112
32190	1.36111
32191	1.36109
32192	1.36108
32193	1.36106
32194	1.36105
32195	1.36104
32196	1.36102
32197	1.36101
32198	1.36099
32199	1.36098
32200	1.36096
32201	1.36095
32202	1.36093
32203	1.36091
32204	1.3609
32205	1.36088
32206	1.36087
32207	1.36085
32208	1.36083
32209	1.36082
32210	1.3608
32211	1.36078
32212	1.36077
32213	1.36075
32214	1.36073
32215	1.36072
32216	1.3607
32217	1.36068
32218	1.36067
32219	1.36065
32220	1.36063
32221	1.36061
32222	1.3606
32223	1.36058
32224	1.36056
32225	1.36054
32226	1.36052
32227	1.3605
32228	1.36049
32229	1.36047
32230	1.36045
32231	1.36043
32232	1.36041
32233	1.36039
32234	1.36037
32235	1.36035
32236	1.36033
32237	1.36031
32238	1.36029
32239	1.36027
32240	1.36025
32241	1.36023
32242	1.36021
32243	1.36019
32244	1.36017
32245	1.36015
32246	1.36013
32247	1.36011
32248	1.36009
32249	1.36007
32250	1.36005
32251	1.36003
32252	1.36
32253	1.35998
32254	1.35996
32255	1.35994
32256	1.35992
32257	1.35989
32258	1.35987
32259	1.35985
32260	1.35983
32261	1.35981
32262	1.35978
32263	1.35976
32264	1.35974
32265	1.35971
32266	1.35969
32267	1.35967
32268	1.35964
32269	1.35962
32270	1.3596
32271	1.35957
32272	1.35955
32273	1.35953
32274	1.3595
32275	1.35948
32276	1.35945
32277	1.35943
32278	1.3594
32279	1.35938
32280	1.35935
32281	1.35933
32282	1.3593
32283	1.35928
32284	1.35925
32285	1.35923
32286	1.3592
32287	1.35918
32288	1.35915
32289	1.35913
32290	1.3591
32291	1.35907
32292	1.35905
32293	1.35902
32294	1.35899
32295	1.35897
32296	1.35894
32297	1.35891
32298	1.35889
32299	1.35886
32300	1.35883
32301	1.3588
32302	1.35878
32303	1.35875
32304	1.35872
32305	1.35869
32306	1.35867
32307	1.35864
32308	1.35861
32309	1.35858
32310	1.35855
32311	1.35852
32312	1.35849
32313	1.35847
32314	1.35844
32315	1.35841
32316	1.35838
32317	1.35835
32318	1.35832
32319	1.35829
32320	1.35826
32321	1.35823
32322	1.3582
32323	1.35817
32324	1.35814
32325	1.35811
32326	1.35808
32327	1.35805
32328	1.35801
32329	1.35798
32330	1.35795
32331	1.35792
32332	1.35789
32333	1.35786
32334	1.35783
32335	1.35779
32336	1.35776
32337	1.35773
32338	1.3577
32339	1.35767
32340	1.35763
32341	1.3576
32342	1.35757
32343	1.35753
32344	1.3575
32345	1.35747
32346	1.35743
32347	1.3574
32348	1.35737
32349	1.35733
32350	1.3573
32351	1.35726
32352	1.35723
32353	1.3572
32354	1.35716
32355	1.35713
32356	1.35709
32357	1.35706
32358	1.35702
32359	1.35699
32360	1.35695
32361	1.35692
32362	1.35688
32363	1.35684
32364	1.35681
32365	1.35677
32366	1.35674
32367	1.3567
32368	1.35666
32369	1.35663
32370	1.35659
32371	1.35655
32372	1.35651
32373	1.35648
32374	1.35644
32375	1.3564
32376	1.35636
32377	1.35633
32378	1.35629
32379	1.35625
32380	1.35621
32381	1.35617
32382	1.35613
32383	1.3561
32384	1.35606
32385	1.35602
32386	1.35598
32387	1.35594
32388	1.3559
32389	1.35586
32390	1.35582
32391	1.35578
32392	1.35574
32393	1.3557
32394	1.35566
32395	1.35562
32396	1.35558
32397	1.35554
32398	1.3555
32399	1.35545
32400	1.35541
32401	1.35537
32402	1.35533
32403	1.35529
32404	1.35525
32405	1.3552
32406	1.35516
32407	1.35512
32408	1.35508
32409	1.35504
32410	1.35499
32411	1.35495
32412	1.35491
32413	1.35486
32414	1.35482
32415	1.35478
32416	1.35473
32417	1.35469
32418	1.35465
32419	1.3546
32420	1.35456
32421	1.35451
32422	1.35447
32423	1.35442
32424	1.35438
32425	1.35434
32426	1.35429
32427	1.35425
32428	1.3542
32429	1.35416
32430	1.35411
32431	1.35406
32432	1.35402
32433	1.35397
32434	1.35393
32435	1.35388
32436	1.35384
32437	1.35379
32438	1.35374
32439	1.3537
32440	1.35365
32441	1.3536
32442	1.35356
32443	1.35351
32444	1.35346
32445	1.35342
32446	1.35337
32447	1.35332
32448	1.35327
32449	1.35323
32450	1.35318
32451	1.35313
32452	1.35308
32453	1.35304
32454	1.35299
32455	1.35294
32456	1.35289
32457	1.35284
32458	1.3528
32459	1.35275
32460	1.3527
32461	1.35265
32462	1.3526
32463	1.35255
32464	1.3525
32465	1.35245
32466	1.35241
32467	1.35236
32468	1.35231
32469	1.35226
32470	1.35221
32471	1.35216
32472	1.35211
32473	1.35206
32474	1.35201
32475	1.35196
32476	1.35191
32477	1.35186
32478	1.35181
32479	1.35177
32480	1.35172
32481	1.35167
32482	1.35162
32483	1.35157
32484	1.35152
32485	1.35147
32486	1.35142
32487	1.35137
32488	1.35132
32489	1.35127
32490	1.35122
32491	1.35117
32492	1.35112
32493	1.35107
32494	1.35102
32495	1.35097
32496	1.35092
32497	1.35087
32498	1.35082
32499	1.35077
32500	1.35072
32501	1.35067
32502	1.35062
32503	1.35057
32504	1.35052
32505	1.35047
32506	1.35042
32507	1.35037
32508	1.35032
32509	1.35027
32510	1.35022
32511	1.35017
32512	1.35012
32513	1.35007
32514	1.35002
32515	1.34997
32516	1.34992
32517	1.34987
32518	1.34982
32519	1.34977
32520	1.34973
32521	1.34968
32522	1.34963
32523	1.34958
32524	1.34953
32525	1.34948
32526	1.34943
32527	1.34938
32528	1.34933
32529	1.34928
32530	1.34924
32531	1.34919
32532	1.34914
32533	1.34909
32534	1.34904
32535	1.34899
32536	1.34895
32537	1.3489
32538	1.34885
32539	1.3488
32540	1.34875
32541	1.34871
32542	1.34866
32543	1.34861
32544	1.34857
32545	1.34852
32546	1.34847
32547	1.34842
32548	1.34838
32549	1.34833
32550	1.34828
32551	1.34824
32552	1.34819
32553	1.34815
32554	1.3481
32555	1.34805
32556	1.34801
32557	1.34796
32558	1.34792
32559	1.34787
32560	1.34783
32561	1.34778
32562	1.34774
32563	1.34769
32564	1.34765
32565	1.3476
32566	1.34756
32567	1.34751
32568	1.34747
32569	1.34743
32570	1.34738
32571	1.34734
32572	1.3473
32573	1.34725
32574	1.34721
32575	1.34717
32576	1.34713
32577	1.34708
32578	1.34704
32579	1.347
32580	1.34696
32581	1.34692
32582	1.34687
32583	1.34683
32584	1.34679
32585	1.34675
32586	1.34671
32587	1.34667
32588	1.34663
32589	1.34659
32590	1.34655
32591	1.34651
32592	1.34647
32593	1.34643
32594	1.34639
32595	1.34635
32596	1.34631
32597	1.34627
32598	1.34624
32599	1.3462
32600	1.34616
32601	1.34612
32602	1.34608
32603	1.34605
32604	1.34601
32605	1.34597
32606	1.34594
32607	1.3459
32608	1.34586
32609	1.34583
32610	1.34579
32611	1.34575
32612	1.34572
32613	1.34568
32614	1.34565
32615	1.34561
32616	1.34558
32617	1.34554
32618	1.34551
32619	1.34548
32620	1.34544
32621	1.34541
32622	1.34538
32623	1.34534
32624	1.34531
32625	1.34528
32626	1.34524
32627	1.34521
32628	1.34518
32629	1.34515
32630	1.34512
32631	1.34508
32632	1.34505
32633	1.34502
32634	1.34499
32635	1.34496
32636	1.34493
32637	1.3449
32638	1.34487
32639	1.34484
32640	1.34481
32641	1.34478
32642	1.34475
32643	1.34472
32644	1.3447
32645	1.34467
32646	1.34464
32647	1.34461
32648	1.34458
32649	1.34456
32650	1.34453
32651	1.3445
32652	1.34448
32653	1.34445
32654	1.34442
32655	1.3444
32656	1.34437
32657	1.34434
32658	1.34432
32659	1.34429
32660	1.34427
32661	1.34424
32662	1.34422
32663	1.34419
32664	1.34417
32665	1.34415
32666	1.34412
32667	1.3441
32668	1.34407
32669	1.34405
32670	1.34403
32671	1.34401
32672	1.34398
32673	1.34396
32674	1.34394
32675	1.34392
32676	1.34389
32677	1.34387
32678	1.34385
32679	1.34383
32680	1.34381
32681	1.34379
32682	1.34377
32683	1.34375
32684	1.34373
32685	1.34371
32686	1.34369
32687	1.34367
32688	1.34365
32689	1.34363
32690	1.34361
32691	1.34359
32692	1.34357
32693	1.34355
32694	1.34354
32695	1.34352
32696	1.3435
32697	1.34348
32698	1.34346
32699	1.34345
32700	1.34343
32701	1.34341
32702	1.3434
32703	1.34338
32704	1.34336
32705	1.34335
32706	1.34333
32707	1.34331
32708	1.3433
32709	1.34328
32710	1.34327
32711	1.34325
32712	1.34324
32713	1.34322
32714	1.34321
32715	1.34319
32716	1.34318
32717	1.34317
32718	1.34315
32719	1.34314
32720	1.34312
32721	1.34311
32722	1.3431
32723	1.34308
32724	1.34307
32725	1.34306
32726	1.34305
32727	1.34303
32728	1.34302
32729	1.34301
32730	1.343
32731	1.34298
32732	1.34297
32733	1.34296
32734	1.34295
32735	1.34294
32736	1.34293
32737	1.34292
32738	1.34291
32739	1.3429
32740	1.34288
32741	1.34287
32742	1.34286
32743	1.34285
32744	1.34284
32745	1.34283
32746	1.34283
32747	1.34282
32748	1.34281
32749	1.3428
32750	1.34279
32751	1.34278
32752	1.34277
32753	1.34276
32754	1.34275
32755	1.34275
32756	1.34274
32757	1.34273
32758	1.34272
32759	1.34271
32760	1.34271
32761	1.3427
32762	1.34269
32763	1.34269
32764	1.34268
32765	1.34267
32766	1.34266
32767	1.34266
32768	1.34265
32769	1.34265
32770	1.34264
32771	1.34263
32772	1.34263
32773	1.34262
32774	1.34262
32775	1.34261
32776	1.34261
32777	1.3426
32778	1.3426
32779	1.34259
32780	1.34259
32781	1.34258
32782	1.34258
32783	1.34257
32784	1.34257
32785	1.34256
32786	1.34256
32787	1.34256
32788	1.34255
32789	1.34255
32790	1.34254
32791	1.34254
32792	1.34254
32793	1.34253
32794	1.34253
32795	1.34253
32796	1.34253
32797	1.34252
32798	1.34252
32799	1.34252
32800	1.34252
32801	1.34251
32802	1.34251
32803	1.34251
32804	1.34251
32805	1.34251
32806	1.34251
32807	1.3425
32808	1.3425
32809	1.3425
32810	1.3425
32811	1.3425
32812	1.3425
32813	1.3425
32814	1.3425
32815	1.3425
32816	1.3425
32817	1.3425
32818	1.3425
32819	1.3425
32820	1.3425
32821	1.3425
32822	1.3425
32823	1.3425
32824	1.3425
32825	1.3425
32826	1.3425
32827	1.3425
32828	1.3425
32829	1.3425
32830	1.3425
32831	1.34251
32832	1.34251
32833	1.34251
32834	1.34251
32835	1.34251
32836	1.34251
32837	1.34252
32838	1.34252
32839	1.34252
32840	1.34252
32841	1.34253
32842	1.34253
32843	1.34253
32844	1.34253
32845	1.34254
32846	1.34254
32847	1.34254
32848	1.34255
32849	1.34255
32850	1.34255
32851	1.34256
32852	1.34256
32853	1.34257
32854	1.34257
32855	1.34257
32856	1.34258
32857	1.34258
32858	1.34259
32859	1.34259
32860	1.3426
32861	1.3426
32862	1.34261
32863	1.34261
32864	1.34262
32865	1.34262
32866	1.34263
32867	1.34263
32868	1.34264
32869	1.34264
32870	1.34265
32871	1.34265
32872	1.34266
32873	1.34267
32874	1.34267
32875	1.34268
32876	1.34268
32877	1.34269
32878	1.3427
32879	1.3427
32880	1.34271
32881	1.34272
32882	1.34272
32883	1.34273
32884	1.34274
32885	1.34274
32886	1.34275
32887	1.34276
32888	1.34277
32889	1.34277
32890	1.34278
32891	1.34279
32892	1.3428
32893	1.34281
32894	1.34281
32895	1.34282
32896	1.34283
32897	1.34284
32898	1.34285
32899	1.34285
32900	1.34286
32901	1.34287
32902	1.34288
32903	1.34289
32904	1.3429
32905	1.34291
32906	1.34292
32907	1.34292
32908	1.34293
32909	1.34294
32910	1.34295
32911	1.34296
32912	1.34297
32913	1.34298
32914	1.34299
32915	1.343
32916	1.34301
32917	1.34302
32918	1.34303
32919	1.34304
32920	1.34305
32921	1.34306
32922	1.34307
32923	1.34308
32924	1.34309
32925	1.3431
32926	1.34311
32927	1.34312
32928	1.34313
32929	1.34315
32930	1.34316
32931	1.34317
32932	1.34318
32933	1.34319
32934	1.3432
32935	1.34321
32936	1.34322
32937	1.34323
32938	1.34325
32939	1.34326
32940	1.34327
32941	1.34328
32942	1.34329
32943	1.3433
32944	1.34332
32945	1.34333
32946	1.34334
32947	1.34335
32948	1.34336
32949	1.34338
32950	1.34339
32951	1.3434
32952	1.34341
32953	1.34342
32954	1.34344
32955	1.34345
32956	1.34346
32957	1.34347
32958	1.34349
32959	1.3435
32960	1.34351
32961	1.34353
32962	1.34354
32963	1.34355
32964	1.34356
32965	1.34358
32966	1.34359
32967	1.3436
32968	1.34362
32969	1.34363
32970	1.34364
32971	1.34366
32972	1.34367
32973	1.34368
32974	1.3437
32975	1.34371
32976	1.34372
32977	1.34374
32978	1.34375
32979	1.34376
32980	1.34378
32981	1.34379
32982	1.3438
32983	1.34382
32984	1.34383
32985	1.34384
32986	1.34386
32987	1.34387
32988	1.34389
32989	1.3439
32990	1.34391
32991	1.34393
32992	1.34394
32993	1.34396
32994	1.34397
32995	1.34398
32996	1.344
32997	1.34401
32998	1.34403
32999	1.34404
33000	1.34405
33001	1.34407
33002	1.34408
33003	1.3441
33004	1.34411
33005	1.34412
33006	1.34414
33007	1.34415
33008	1.34417
33009	1.34418
33010	1.3442
33011	1.34421
33012	1.34422
33013	1.34424
33014	1.34425
33015	1.34427
33016	1.34428
33017	1.3443
33018	1.34431
33019	1.34433
33020	1.34434
33021	1.34435
33022	1.34437
33023	1.34438
33024	1.3444
33025	1.34441
33026	1.34443
33027	1.34444
33028	1.34445
33029	1.34447
33030	1.34448
33031	1.3445
33032	1.34451
33033	1.34453
33034	1.34454
33035	1.34456
33036	1.34457
33037	1.34458
33038	1.3446
33039	1.34461
33040	1.34463
33041	1.34464
33042	1.34466
33043	1.34467
33044	1.34468
33045	1.3447
33046	1.34471
33047	1.34473
33048	1.34474
33049	1.34476
33050	1.34477
33051	1.34478
33052	1.3448
33053	1.34481
33054	1.34483
33055	1.34484
33056	1.34485
33057	1.34487
33058	1.34488
33059	1.3449
33060	1.34491
33061	1.34492
33062	1.34494
33063	1.34495
33064	1.34497
33065	1.34498
33066	1.34499
33067	1.34501
33068	1.34502
33069	1.34503
33070	1.34505
33071	1.34506
33072	1.34508
33073	1.34509
33074	1.3451
33075	1.34512
33076	1.34513
33077	1.34514
33078	1.34516
33079	1.34517
33080	1.34518
33081	1.3452
33082	1.34521
33083	1.34522
33084	1.34524
33085	1.34525
33086	1.34526
33087	1.34527
33088	1.34529
33089	1.3453
33090	1.34531
33091	1.34533
33092	1.34534
33093	1.34535
33094	1.34536
33095	1.34538
33096	1.34539
33097	1.3454
33098	1.34541
33099	1.34543
33100	1.34544
33101	1.34545
33102	1.34546
33103	1.34548
33104	1.34549
33105	1.3455
33106	1.34551
33107	1.34552
33108	1.34554
33109	1.34555
33110	1.34556
33111	1.34557
33112	1.34558
33113	1.3456
33114	1.34561
33115	1.34562
33116	1.34563
33117	1.34564
33118	1.34565
33119	1.34566
33120	1.34568
33121	1.34569
33122	1.3457
33123	1.34571
33124	1.34572
33125	1.34573
33126	1.34574
33127	1.34575
33128	1.34576
33129	1.34577
33130	1.34578
33131	1.34579
33132	1.34581
33133	1.34582
33134	1.34583
33135	1.34584
33136	1.34585
33137	1.34586
33138	1.34587
33139	1.34588
33140	1.34589
33141	1.3459
33142	1.34591
33143	1.34592
33144	1.34593
33145	1.34594
33146	1.34594
33147	1.34595
33148	1.34596
33149	1.34597
33150	1.34598
33151	1.34599
33152	1.346
33153	1.34601
33154	1.34602
33155	1.34603
33156	1.34604
33157	1.34604
33158	1.34605
33159	1.34606
33160	1.34607
33161	1.34608
33162	1.34609
33163	1.34609
33164	1.3461
33165	1.34611
33166	1.34612
33167	1.34613
33168	1.34613
33169	1.34614
33170	1.34615
33171	1.34616
33172	1.34617
33173	1.34617
33174	1.34618
33175	1.34619
33176	1.34619
33177	1.3462
33178	1.34621
33179	1.34622
33180	1.34622
33181	1.34623
33182	1.34624
33183	1.34624
33184	1.34625
33185	1.34626
33186	1.34626
33187	1.34627
33188	1.34627
33189	1.34628
33190	1.34629
33191	1.34629
33192	1.3463
33193	1.3463
33194	1.34631
33195	1.34632
33196	1.34632
33197	1.34633
33198	1.34633
33199	1.34634
33200	1.34634
33201	1.34635
33202	1.34635
33203	1.34636
33204	1.34636
33205	1.34637
33206	1.34637
33207	1.34638
33208	1.34638
33209	1.34639
33210	1.34639
33211	1.34639
33212	1.3464
33213	1.3464
33214	1.34641
33215	1.34641
33216	1.34641
33217	1.34642
33218	1.34642
33219	1.34643
33220	1.34643
33221	1.34643
33222	1.34644
33223	1.34644
33224	1.34644
33225	1.34645
33226	1.34645
33227	1.34645
33228	1.34645
33229	1.34646
33230	1.34646
33231	1.34646
33232	1.34647
33233	1.34647
33234	1.34647
33235	1.34647
33236	1.34647
33237	1.34648
33238	1.34648
33239	1.34648
33240	1.34648
33241	1.34648
33242	1.34649
33243	1.34649
33244	1.34649
33245	1.34649
33246	1.34649
33247	1.34649
33248	1.34649
33249	1.3465
33250	1.3465
33251	1.3465
33252	1.3465
33253	1.3465
33254	1.3465
33255	1.3465
33256	1.3465
33257	1.3465
33258	1.3465
33259	1.3465
33260	1.3465
33261	1.3465
33262	1.3465
33263	1.3465
33264	1.3465
33265	1.3465
33266	1.3465
33267	1.3465
33268	1.3465
33269	1.3465
33270	1.3465
33271	1.3465
33272	1.3465
33273	1.3465
33274	1.3465
33275	1.3465
33276	1.34649
33277	1.34649
33278	1.34649
33279	1.34649
33280	1.34649
33281	1.34649
33282	1.34649
33283	1.34648
33284	1.34648
33285	1.34648
33286	1.34648
33287	1.34648
33288	1.34647
33289	1.34647
33290	1.34647
33291	1.34647
33292	1.34647
33293	1.34646
33294	1.34646
33295	1.34646
33296	1.34645
33297	1.34645
33298	1.34645
33299	1.34645
33300	1.34644
33301	1.34644
33302	1.34644
33303	1.34643
33304	1.34643
33305	1.34643
33306	1.34642
33307	1.34642
33308	1.34642
33309	1.34641
33310	1.34641
33311	1.3464
33312	1.3464
33313	1.3464
33314	1.34639
33315	1.34639
33316	1.34638
33317	1.34638
33318	1.34638
33319	1.34637
33320	1.34637
33321	1.34636
33322	1.34636
33323	1.34635
33324	1.34635
33325	1.34634
33326	1.34634
33327	1.34633
33328	1.34633
33329	1.34632
33330	1.34632
33331	1.34631
33332	1.34631
33333	1.3463
33334	1.3463
33335	1.34629
33336	1.34629
33337	1.34628
33338	1.34627
33339	1.34627
33340	1.34626
33341	1.34626
33342	1.34625
33343	1.34625
33344	1.34624
33345	1.34623
33346	1.34623
33347	1.34622
33348	1.34621
33349	1.34621
33350	1.3462
33351	1.34619
33352	1.34619
33353	1.34618
33354	1.34617
33355	1.34617
33356	1.34616
33357	1.34615
33358	1.34615
33359	1.34614
33360	1.34613
33361	1.34613
33362	1.34612
33363	1.34611
33364	1.3461
33365	1.3461
33366	1.34609
33367	1.34608
33368	1.34608
33369	1.34607
33370	1.34606
33371	1.34605
33372	1.34604
33373	1.34604
33374	1.34603
33375	1.34602
33376	1.34601
33377	1.34601
33378	1.346
33379	1.34599
33380	1.34598
33381	1.34597
33382	1.34597
33383	1.34596
33384	1.34595
33385	1.34594
33386	1.34593
33387	1.34592
33388	1.34592
33389	1.34591
33390	1.3459
33391	1.34589
33392	1.34588
33393	1.34587
33394	1.34586
33395	1.34586
33396	1.34585
33397	1.34584
33398	1.34583
33399	1.34582
33400	1.34581
33401	1.3458
33402	1.34579
33403	1.34579
33404	1.34578
33405	1.34577
33406	1.34576
33407	1.34575
33408	1.34574
33409	1.34573
33410	1.34572
33411	1.34571
33412	1.3457
33413	1.34569
33414	1.34568
33415	1.34568
33416	1.34567
33417	1.34566
33418	1.34565
33419	1.34564
33420	1.34563
33421	1.34562
33422	1.34561
33423	1.3456
33424	1.34559
33425	1.34558
33426	1.34557
33427	1.34556
33428	1.34555
33429	1.34554
33430	1.34553
33431	1.34552
33432	1.34551
33433	1.3455
33434	1.34549
33435	1.34548
33436	1.34547
33437	1.34547
33438	1.34546
33439	1.34545
33440	1.34544
33441	1.34543
33442	1.34542
33443	1.34541
33444	1.3454
33445	1.34539
33446	1.34538
33447	1.34537
33448	1.34536
33449	1.34535
33450	1.34534
33451	1.34533
33452	1.34532
33453	1.34531
33454	1.3453
33455	1.34529
33456	1.34528
33457	1.34527
33458	1.34526
33459	1.34525
33460	1.34524
33461	1.34523
33462	1.34522
33463	1.34521
33464	1.3452
33465	1.34519
33466	1.34518
33467	1.34517
33468	1.34516
33469	1.34515
33470	1.34514
33471	1.34513
33472	1.34512
33473	1.34511
33474	1.3451
33475	1.34509
33476	1.34508
33477	1.34507
33478	1.34506
33479	1.34505
33480	1.34504
33481	1.34503
33482	1.34502
33483	1.34501
33484	1.345
33485	1.345
33486	1.34499
33487	1.34498
33488	1.34497
33489	1.34496
33490	1.34495
33491	1.34494
33492	1.34493
33493	1.34492
33494	1.34491
33495	1.3449
33496	1.34489
33497	1.34488
33498	1.34487
33499	1.34486
33500	1.34485
33501	1.34484
33502	1.34484
33503	1.34483
33504	1.34482
33505	1.34481
33506	1.3448
33507	1.34479
33508	1.34478
33509	1.34477
33510	1.34476
33511	1.34475
33512	1.34474
33513	1.34474
33514	1.34473
33515	1.34472
33516	1.34471
33517	1.3447
33518	1.34469
33519	1.34468
33520	1.34467
33521	1.34467
33522	1.34466
33523	1.34465
33524	1.34464
33525	1.34463
33526	1.34462
33527	1.34462
33528	1.34461
33529	1.3446
33530	1.34459
33531	1.34458
33532	1.34457
33533	1.34457
33534	1.34456
33535	1.34455
33536	1.34454
33537	1.34453
33538	1.34453
33539	1.34452
33540	1.34451
33541	1.3445
33542	1.3445
33543	1.34449
33544	1.34448
33545	1.34447
33546	1.34447
33547	1.34446
33548	1.34445
33549	1.34444
33550	1.34444
33551	1.34443
33552	1.34442
33553	1.34442
33554	1.34441
33555	1.3444
33556	1.34439
33557	1.34439
33558	1.34438
33559	1.34437
33560	1.34437
33561	1.34436
33562	1.34435
33563	1.34435
33564	1.34434
33565	1.34434
33566	1.34433
33567	1.34432
33568	1.34432
33569	1.34431
33570	1.3443
33571	1.3443
33572	1.34429
33573	1.34429
33574	1.34428
33575	1.34427
33576	1.34427
33577	1.34426
33578	1.34426
33579	1.34425
33580	1.34425
33581	1.34424
33582	1.34424
33583	1.34423
33584	1.34423
33585	1.34422
33586	1.34422
33587	1.34421
33588	1.34421
33589	1.3442
33590	1.3442
33591	1.34419
33592	1.34419
33593	1.34418
33594	1.34418
33595	1.34417
33596	1.34417
33597	1.34417
33598	1.34416
33599	1.34416
33600	1.34415
33601	1.34415
33602	1.34414
33603	1.34414
33604	1.34414
33605	1.34413
33606	1.34413
33607	1.34413
33608	1.34412
33609	1.34412
33610	1.34412
33611	1.34411
33612	1.34411
33613	1.34411
33614	1.3441
33615	1.3441
33616	1.3441
33617	1.3441
33618	1.34409
33619	1.34409
33620	1.34409
33621	1.34409
33622	1.34408
33623	1.34408
33624	1.34408
33625	1.34408
33626	1.34407
33627	1.34407
33628	1.34407
33629	1.34407
33630	1.34407
33631	1.34406
33632	1.34406
33633	1.34406
33634	1.34406
33635	1.34406
33636	1.34406
33637	1.34406
33638	1.34406
33639	1.34405
33640	1.34405
33641	1.34405
33642	1.34405
33643	1.34405
33644	1.34405
33645	1.34405
33646	1.34405
33647	1.34405
33648	1.34405
33649	1.34405
33650	1.34405
33651	1.34405
33652	1.34405
33653	1.34405
33654	1.34405
33655	1.34405
33656	1.34405
33657	1.34405
33658	1.34405
33659	1.34405
33660	1.34405
33661	1.34405
33662	1.34405
33663	1.34406
33664	1.34406
33665	1.34406
33666	1.34406
33667	1.34406
33668	1.34406
33669	1.34406
33670	1.34406
33671	1.34407
33672	1.34407
33673	1.34407
33674	1.34407
33675	1.34407
33676	1.34408
33677	1.34408
33678	1.34408
33679	1.34408
33680	1.34409
33681	1.34409
33682	1.34409
33683	1.34409
33684	1.3441
33685	1.3441
33686	1.3441
33687	1.34411
33688	1.34411
33689	1.34411
33690	1.34411
33691	1.34412
33692	1.34412
33693	1.34413
33694	1.34413
33695	1.34413
33696	1.34414
33697	1.34414
33698	1.34414
33699	1.34415
33700	1.34415
33701	1.34416
33702	1.34416
33703	1.34417
33704	1.34417
33705	1.34418
33706	1.34418
33707	1.34418
33708	1.34419
33709	1.34419
33710	1.3442
33711	1.3442
33712	1.34421
33713	1.34422
33714	1.34422
33715	1.34423
33716	1.34423
33717	1.34424
33718	1.34424
33719	1.34425
33720	1.34426
33721	1.34426
33722	1.34427
33723	1.34427
33724	1.34428
33725	1.34429
33726	1.34429
33727	1.3443
33728	1.34431
33729	1.34431
33730	1.34432
33731	1.34433
33732	1.34433
33733	1.34434
33734	1.34435
33735	1.34435
33736	1.34436
33737	1.34437
33738	1.34438
33739	1.34438
33740	1.34439
33741	1.3444
33742	1.34441
33743	1.34442
33744	1.34442
33745	1.34443
33746	1.34444
33747	1.34445
33748	1.34446
33749	1.34446
33750	1.34447
33751	1.34448
33752	1.34449
33753	1.3445
33754	1.34451
33755	1.34452
33756	1.34452
33757	1.34453
33758	1.34454
33759	1.34455
33760	1.34456
33761	1.34457
33762	1.34458
33763	1.34459
33764	1.3446
33765	1.34461
33766	1.34462
33767	1.34463
33768	1.34464
33769	1.34465
33770	1.34466
33771	1.34467
33772	1.34468
33773	1.34469
33774	1.3447
33775	1.34471
33776	1.34472
33777	1.34473
33778	1.34474
33779	1.34475
33780	1.34476
33781	1.34477
33782	1.34478
33783	1.3448
33784	1.34481
33785	1.34482
33786	1.34483
33787	1.34484
33788	1.34485
33789	1.34486
33790	1.34488
33791	1.34489
33792	1.3449
33793	1.34491
33794	1.34492
33795	1.34493
33796	1.34495
33797	1.34496
33798	1.34497
33799	1.34498
33800	1.34499
33801	1.34501
33802	1.34502
33803	1.34503
33804	1.34504
33805	1.34506
33806	1.34507
33807	1.34508
33808	1.34509
33809	1.34511
33810	1.34512
33811	1.34513
33812	1.34515
33813	1.34516
33814	1.34517
33815	1.34519
33816	1.3452
33817	1.34521
33818	1.34523
33819	1.34524
33820	1.34525
33821	1.34527
33822	1.34528
33823	1.34529
33824	1.34531
33825	1.34532
33826	1.34534
33827	1.34535
33828	1.34536
33829	1.34538
33830	1.34539
33831	1.34541
33832	1.34542
33833	1.34543
33834	1.34545
33835	1.34546
33836	1.34548
33837	1.34549
33838	1.34551
33839	1.34552
33840	1.34554
33841	1.34555
33842	1.34557
33843	1.34558
33844	1.3456
33845	1.34561
33846	1.34563
33847	1.34564
33848	1.34566
33849	1.34567
33850	1.34569
33851	1.3457
33852	1.34572
33853	1.34573
33854	1.34575
33855	1.34576
33856	1.34578
33857	1.34579
33858	1.34581
33859	1.34582
33860	1.34584
33861	1.34586
33862	1.34587
33863	1.34589
33864	1.3459
33865	1.34592
33866	1.34594
33867	1.34595
33868	1.34597
33869	1.34598
33870	1.346
33871	1.34602
33872	1.34603
33873	1.34605
33874	1.34606
33875	1.34608
33876	1.3461
33877	1.34611
33878	1.34613
33879	1.34615
33880	1.34616
33881	1.34618
33882	1.3462
33883	1.34621
33884	1.34623
33885	1.34625
33886	1.34626
33887	1.34628
33888	1.3463
33889	1.34631
33890	1.34633
33891	1.34635
33892	1.34636
33893	1.34638
33894	1.3464
33895	1.34642
33896	1.34643
33897	1.34645
33898	1.34647
33899	1.34648
33900	1.3465
33901	1.34652
33902	1.34654
33903	1.34655
33904	1.34657
33905	1.34659
33906	1.34661
33907	1.34662
33908	1.34664
33909	1.34666
33910	1.34668
33911	1.34669
33912	1.34671
33913	1.34673
33914	1.34675
33915	1.34676
33916	1.34678
33917	1.3468
33918	1.34682
33919	1.34683
33920	1.34685
33921	1.34687
33922	1.34689
33923	1.34691
33924	1.34692
33925	1.34694
33926	1.34696
33927	1.34698
33928	1.34699
33929	1.34701
33930	1.34703
33931	1.34705
33932	1.34707
33933	1.34708
33934	1.3471
33935	1.34712
33936	1.34714
33937	1.34716
33938	1.34717
33939	1.34719
33940	1.34721
33941	1.34723
33942	1.34725
33943	1.34727
33944	1.34728
33945	1.3473
33946	1.34732
33947	1.34734
33948	1.34736
33949	1.34738
33950	1.34739
33951	1.34741
33952	1.34743
33953	1.34745
33954	1.34747
33955	1.34749
33956	1.3475
33957	1.34752
33958	1.34754
33959	1.34756
33960	1.34758
33961	1.3476
33962	1.34761
33963	1.34763
33964	1.34765
33965	1.34767
33966	1.34769
33967	1.34771
33968	1.34773
33969	1.34774
33970	1.34776
33971	1.34778
33972	1.3478
33973	1.34782
33974	1.34784
33975	1.34785
33976	1.34787
33977	1.34789
33978	1.34791
33979	1.34793
33980	1.34795
33981	1.34797
33982	1.34799
33983	1.348
33984	1.34802
33985	1.34804
33986	1.34806
33987	1.34808
33988	1.3481
33989	1.34812
33990	1.34813
33991	1.34815
33992	1.34817
33993	1.34819
33994	1.34821
33995	1.34823
33996	1.34825
33997	1.34826
33998	1.34828
33999	1.3483
34000	1.34832
34001	1.34834
34002	1.34836
34003	1.34838
34004	1.3484
34005	1.34841
34006	1.34843
34007	1.34845
34008	1.34847
34009	1.34849
34010	1.34851
34011	1.34853
34012	1.34855
34013	1.34856
34014	1.34858
34015	1.3486
34016	1.34862
34017	1.34864
34018	1.34866
34019	1.34868
34020	1.34869
34021	1.34871
34022	1.34873
34023	1.34875
34024	1.34877
34025	1.34879
34026	1.34881
34027	1.34883
34028	1.34884
34029	1.34886
34030	1.34888
34031	1.3489
34032	1.34892
34033	1.34894
34034	1.34896
34035	1.34898
34036	1.34899
34037	1.34901
34038	1.34903
34039	1.34905
34040	1.34907
34041	1.34909
34042	1.34911
34043	1.34912
34044	1.34914
34045	1.34916
34046	1.34918
34047	1.3492
34048	1.34922
34049	1.34924
34050	1.34926
34051	1.34927
34052	1.34929
34053	1.34931
34054	1.34933
34055	1.34935
34056	1.34937
34057	1.34939
34058	1.34941
34059	1.34942
34060	1.34944
34061	1.34946
34062	1.34948
34063	1.3495
34064	1.34952
34065	1.34954
34066	1.34955
34067	1.34957
34068	1.34959
34069	1.34961
34070	1.34963
34071	1.34965
34072	1.34967
34073	1.34969
34074	1.3497
34075	1.34972
34076	1.34974
34077	1.34976
34078	1.34978
34079	1.3498
34080	1.34982
34081	1.34983
34082	1.34985
34083	1.34987
34084	1.34989
34085	1.34991
34086	1.34993
34087	1.34995
34088	1.34997
34089	1.34998
34090	1.35
34091	1.35002
34092	1.35004
34093	1.35006
34094	1.35008
34095	1.3501
34096	1.35011
34097	1.35013
34098	1.35015
34099	1.35017
34100	1.35019
34101	1.35021
34102	1.35023
34103	1.35025
34104	1.35026
34105	1.35028
34106	1.3503
34107	1.35032
34108	1.35034
34109	1.35036
34110	1.35038
34111	1.3504
34112	1.35041
34113	1.35043
34114	1.35045
34115	1.35047
34116	1.35049
34117	1.35051
34118	1.35053
34119	1.35055
34120	1.35056
34121	1.35058
34122	1.3506
34123	1.35062
34124	1.35064
34125	1.35066
34126	1.35068
34127	1.3507
34128	1.35071
34129	1.35073
34130	1.35075
34131	1.35077
34132	1.35079
34133	1.35081
34134	1.35083
34135	1.35085
34136	1.35087
34137	1.35088
34138	1.3509
34139	1.35092
34140	1.35094
34141	1.35096
34142	1.35098
34143	1.351
34144	1.35102
34145	1.35104
34146	1.35106
34147	1.35108
34148	1.35109
34149	1.35111
34150	1.35113
34151	1.35115
34152	1.35117
34153	1.35119
34154	1.35121
34155	1.35123
34156	1.35125
34157	1.35127
34158	1.35129
34159	1.35131
34160	1.35132
34161	1.35134
34162	1.35136
34163	1.35138
34164	1.3514
34165	1.35142
34166	1.35144
34167	1.35146
34168	1.35148
34169	1.3515
34170	1.35152
34171	1.35154
34172	1.35156
34173	1.35158
34174	1.3516
34175	1.35162
34176	1.35164
34177	1.35165
34178	1.35167
34179	1.35169
34180	1.35171
34181	1.35173
34182	1.35175
34183	1.35177
34184	1.35179
34185	1.35181
34186	1.35183
34187	1.35185
34188	1.35187
34189	1.35189
34190	1.35191
34191	1.35193
34192	1.35195
34193	1.35197
34194	1.35199
34195	1.35201
34196	1.35203
34197	1.35205
34198	1.35207
34199	1.35209
34200	1.35211
34201	1.35213
34202	1.35215
34203	1.35217
34204	1.3522
34205	1.35222
34206	1.35224
34207	1.35226
34208	1.35228
34209	1.3523
34210	1.35232
34211	1.35234
34212	1.35236
34213	1.35238
34214	1.3524
34215	1.35242
34216	1.35244
34217	1.35246
34218	1.35248
34219	1.35251
34220	1.35253
34221	1.35255
34222	1.35257
34223	1.35259
34224	1.35261
34225	1.35263
34226	1.35265
34227	1.35267
34228	1.3527
34229	1.35272
34230	1.35274
34231	1.35276
34232	1.35278
34233	1.3528
34234	1.35283
34235	1.35285
34236	1.35287
34237	1.35289
34238	1.35291
34239	1.35293
34240	1.35296
34241	1.35298
34242	1.353
34243	1.35302
34244	1.35304
34245	1.35307
34246	1.35309
34247	1.35311
34248	1.35313
34249	1.35316
34250	1.35318
34251	1.3532
34252	1.35322
34253	1.35325
34254	1.35327
34255	1.35329
34256	1.35331
34257	1.35334
34258	1.35336
34259	1.35338
34260	1.35341
34261	1.35343
34262	1.35345
34263	1.35347
34264	1.3535
34265	1.35352
34266	1.35354
34267	1.35357
34268	1.35359
34269	1.35362
34270	1.35364
34271	1.35366
34272	1.35369
34273	1.35371
34274	1.35373
34275	1.35376
34276	1.35378
34277	1.35381
34278	1.35383
34279	1.35385
34280	1.35388
34281	1.3539
34282	1.35393
34283	1.35395
34284	1.35398
34285	1.354
34286	1.35403
34287	1.35405
34288	1.35407
34289	1.3541
34290	1.35412
34291	1.35415
34292	1.35417
34293	1.3542
34294	1.35422
34295	1.35425
34296	1.35428
34297	1.3543
34298	1.35433
34299	1.35435
34300	1.35438
34301	1.3544
34302	1.35443
34303	1.35446
34304	1.35448
34305	1.35451
34306	1.35453
34307	1.35456
34308	1.35459
34309	1.35461
34310	1.35464
34311	1.35466
34312	1.35469
34313	1.35472
34314	1.35474
34315	1.35477
34316	1.3548
34317	1.35483
34318	1.35485
34319	1.35488
34320	1.35491
34321	1.35493
34322	1.35496
34323	1.35499
34324	1.35502
34325	1.35504
34326	1.35507
34327	1.3551
34328	1.35513
34329	1.35516
34330	1.35518
34331	1.35521
34332	1.35524
34333	1.35527
34334	1.3553
34335	1.35532
34336	1.35535
34337	1.35538
34338	1.35541
34339	1.35544
34340	1.35547
34341	1.3555
34342	1.35553
34343	1.35556
34344	1.35558
34345	1.35561
34346	1.35564
34347	1.35567
34348	1.3557
34349	1.35573
34350	1.35576
34351	1.35579
34352	1.35582
34353	1.35585
34354	1.35588
34355	1.35591
34356	1.35594
34357	1.35597
34358	1.356
34359	1.35603
34360	1.35606
34361	1.3561
34362	1.35613
34363	1.35616
34364	1.35619
34365	1.35622
34366	1.35625
34367	1.35628
34368	1.35631
34369	1.35634
34370	1.35638
34371	1.35641
34372	1.35644
34373	1.35647
34374	1.3565
34375	1.35654
34376	1.35657
34377	1.3566
34378	1.35663
34379	1.35667
34380	1.3567
34381	1.35673
34382	1.35676
34383	1.3568
34384	1.35683
34385	1.35686
34386	1.3569
34387	1.35693
34388	1.35696
34389	1.357
34390	1.35703
34391	1.35706
34392	1.3571
34393	1.35713
34394	1.35716
34395	1.3572
34396	1.35723
34397	1.35727
34398	1.3573
34399	1.35734
34400	1.35737
34401	1.3574
34402	1.35744
34403	1.35747
34404	1.35751
34405	1.35754
34406	1.35758
34407	1.35761
34408	1.35765
34409	1.35769
34410	1.35772
34411	1.35776
34412	1.35779
34413	1.35783
34414	1.35786
34415	1.3579
34416	1.35794
34417	1.35797
34418	1.35801
34419	1.35805
34420	1.35808
34421	1.35812
34422	1.35816
34423	1.35819
34424	1.35823
34425	1.35827
34426	1.3583
34427	1.35834
34428	1.35838
34429	1.35842
34430	1.35845
34431	1.35849
34432	1.35853
34433	1.35857
34434	1.35861
34435	1.35864
34436	1.35868
34437	1.35872
34438	1.35876
34439	1.3588
34440	1.35884
34441	1.35888
34442	1.35892
34443	1.35895
34444	1.35899
34445	1.35903
34446	1.35907
34447	1.35911
34448	1.35915
34449	1.35919
34450	1.35923
34451	1.35927
34452	1.35931
34453	1.35935
34454	1.35939
34455	1.35943
34456	1.35947
34457	1.35951
34458	1.35955
34459	1.3596
34460	1.35964
34461	1.35968
34462	1.35972
34463	1.35976
34464	1.3598
34465	1.35984
34466	1.35988
34467	1.35993
34468	1.35997
34469	1.36001
34470	1.36005
34471	1.36009
34472	1.36014
34473	1.36018
34474	1.36022
34475	1.36026
34476	1.36031
34477	1.36035
34478	1.36039
34479	1.36044
34480	1.36048
34481	1.36052
34482	1.36057
34483	1.36061
34484	1.36065
34485	1.3607
34486	1.36074
34487	1.36079
34488	1.36083
34489	1.36087
34490	1.36092
34491	1.36096
34492	1.36101
34493	1.36105
34494	1.3611
34495	1.36114
34496	1.36119
34497	1.36123
34498	1.36128
34499	1.36132
34500	1.36137
34501	1.36141
34502	1.36146
34503	1.3615
34504	1.36155
34505	1.3616
34506	1.36164
34507	1.36169
34508	1.36173
34509	1.36178
34510	1.36183
34511	1.36187
34512	1.36192
34513	1.36197
34514	1.36201
34515	1.36206
34516	1.36211
34517	1.36215
34518	1.3622
34519	1.36225
34520	1.3623
34521	1.36234
34522	1.36239
34523	1.36244
34524	1.36249
34525	1.36253
34526	1.36258
34527	1.36263
34528	1.36268
34529	1.36273
34530	1.36277
34531	1.36282
34532	1.36287
34533	1.36292
34534	1.36297
34535	1.36302
34536	1.36307
34537	1.36311
34538	1.36316
34539	1.36321
34540	1.36326
34541	1.36331
34542	1.36336
34543	1.36341
34544	1.36346
34545	1.36351
34546	1.36355
34547	1.3636
34548	1.36365
34549	1.3637
34550	1.36375
34551	1.3638
34552	1.36385
34553	1.3639
34554	1.36395
34555	1.364
34556	1.36405
34557	1.3641
34558	1.36415
34559	1.3642
34560	1.36425
34561	1.3643
34562	1.36435
34563	1.3644
34564	1.36445
34565	1.3645
34566	1.36455
34567	1.3646
34568	1.36465
34569	1.3647
34570	1.36475
34571	1.3648
34572	1.36485
34573	1.3649
34574	1.36495
34575	1.365
34576	1.36505
34577	1.3651
34578	1.36515
34579	1.3652
34580	1.36525
34581	1.3653
34582	1.36535
34583	1.3654
34584	1.36545
34585	1.3655
34586	1.36555
34587	1.3656
34588	1.36565
34589	1.3657
34590	1.36575
34591	1.3658
34592	1.36585
34593	1.3659
34594	1.36595
34595	1.366
34596	1.36605
34597	1.3661
34598	1.36615
34599	1.3662
34600	1.36625
34601	1.3663
34602	1.36634
34603	1.36639
34604	1.36644
34605	1.36649
34606	1.36654
34607	1.36659
34608	1.36664
34609	1.36669
34610	1.36674
34611	1.36678
34612	1.36683
34613	1.36688
34614	1.36693
34615	1.36698
34616	1.36703
34617	1.36707
34618	1.36712
34619	1.36717
34620	1.36722
34621	1.36727
34622	1.36731
34623	1.36736
34624	1.36741
34625	1.36745
34626	1.3675
34627	1.36755
34628	1.3676
34629	1.36764
34630	1.36769
34631	1.36774
34632	1.36778
34633	1.36783
34634	1.36787
34635	1.36792
34636	1.36797
34637	1.36801
34638	1.36806
34639	1.3681
34640	1.36815
34641	1.36819
34642	1.36824
34643	1.36828
34644	1.36833
34645	1.36837
34646	1.36841
34647	1.36846
34648	1.3685
34649	1.36855
34650	1.36859
34651	1.36863
34652	1.36868
34653	1.36872
34654	1.36876
34655	1.36881
34656	1.36885
34657	1.36889
34658	1.36893
34659	1.36897
34660	1.36902
34661	1.36906
34662	1.3691
34663	1.36914
34664	1.36918
34665	1.36922
34666	1.36926
34667	1.3693
34668	1.36934
34669	1.36938
34670	1.36942
34671	1.36946
34672	1.3695
34673	1.36954
34674	1.36958
34675	1.36962
34676	1.36966
34677	1.3697
34678	1.36974
34679	1.36977
34680	1.36981
34681	1.36985
34682	1.36989
34683	1.36992
34684	1.36996
34685	1.37
34686	1.37004
34687	1.37007
34688	1.37011
34689	1.37014
34690	1.37018
34691	1.37022
34692	1.37025
34693	1.37029
34694	1.37032
34695	1.37036
34696	1.37039
34697	1.37042
34698	1.37046
34699	1.37049
34700	1.37053
34701	1.37056
34702	1.37059
34703	1.37063
34704	1.37066
34705	1.37069
34706	1.37072
34707	1.37075
34708	1.37079
34709	1.37082
34710	1.37085
34711	1.37088
34712	1.37091
34713	1.37094
34714	1.37097
34715	1.371
34716	1.37103
34717	1.37106
34718	1.37109
34719	1.37112
34720	1.37115
34721	1.37118
34722	1.37121
34723	1.37124
34724	1.37127
34725	1.37129
34726	1.37132
34727	1.37135
34728	1.37138
34729	1.3714
34730	1.37143
34731	1.37146
34732	1.37148
34733	1.37151
34734	1.37154
34735	1.37156
34736	1.37159
34737	1.37161
34738	1.37164
34739	1.37166
34740	1.37169
34741	1.37171
34742	1.37174
34743	1.37176
34744	1.37178
34745	1.37181
34746	1.37183
34747	1.37185
34748	1.37188
34749	1.3719
34750	1.37192
34751	1.37194
34752	1.37197
34753	1.37199
34754	1.37201
34755	1.37203
34756	1.37205
34757	1.37207
34758	1.3721
34759	1.37212
34760	1.37214
34761	1.37216
34762	1.37218
34763	1.3722
34764	1.37222
34765	1.37224
34766	1.37225
34767	1.37227
34768	1.37229
34769	1.37231
34770	1.37233
34771	1.37235
34772	1.37237
34773	1.37238
34774	1.3724
34775	1.37242
34776	1.37243
34777	1.37245
34778	1.37247
34779	1.37249
34780	1.3725
34781	1.37252
34782	1.37253
34783	1.37255
34784	1.37257
34785	1.37258
34786	1.3726
34787	1.37261
34788	1.37263
34789	1.37264
34790	1.37265
34791	1.37267
34792	1.37268
34793	1.3727
34794	1.37271
34795	1.37272
34796	1.37274
34797	1.37275
34798	1.37276
34799	1.37278
34800	1.37279
34801	1.3728
34802	1.37281
34803	1.37283
34804	1.37284
34805	1.37285
34806	1.37286
34807	1.37287
34808	1.37288
34809	1.37289
34810	1.3729
34811	1.37292
34812	1.37293
34813	1.37294
34814	1.37295
34815	1.37296
34816	1.37297
34817	1.37298
34818	1.37298
34819	1.37299
34820	1.373
34821	1.37301
34822	1.37302
34823	1.37303
34824	1.37304
34825	1.37305
34826	1.37305
34827	1.37306
34828	1.37307
34829	1.37308
34830	1.37308
34831	1.37309
34832	1.3731
34833	1.37311
34834	1.37311
34835	1.37312
34836	1.37313
34837	1.37313
34838	1.37314
34839	1.37314
34840	1.37315
34841	1.37315
34842	1.37316
34843	1.37317
34844	1.37317
34845	1.37318
34846	1.37318
34847	1.37319
34848	1.37319
34849	1.37319
34850	1.3732
34851	1.3732
34852	1.37321
34853	1.37321
34854	1.37321
34855	1.37322
34856	1.37322
34857	1.37322
34858	1.37323
34859	1.37323
34860	1.37323
34861	1.37324
34862	1.37324
34863	1.37324
34864	1.37324
34865	1.37324
34866	1.37325
34867	1.37325
34868	1.37325
34869	1.37325
34870	1.37325
34871	1.37325
34872	1.37325
34873	1.37325
34874	1.37325
34875	1.37326
34876	1.37326
34877	1.37326
34878	1.37326
34879	1.37326
34880	1.37326
34881	1.37326
34882	1.37325
34883	1.37325
34884	1.37325
34885	1.37325
34886	1.37325
34887	1.37325
34888	1.37325
34889	1.37325
34890	1.37325
34891	1.37324
34892	1.37324
34893	1.37324
34894	1.37324
34895	1.37323
34896	1.37323
34897	1.37323
34898	1.37323
34899	1.37322
34900	1.37322
34901	1.37322
34902	1.37321
34903	1.37321
34904	1.37321
34905	1.3732
34906	1.3732
34907	1.3732
34908	1.37319
34909	1.37319
34910	1.37318
34911	1.37318
34912	1.37317
34913	1.37317
34914	1.37316
34915	1.37316
34916	1.37315
34917	1.37315
34918	1.37314
34919	1.37313
34920	1.37313
34921	1.37312
34922	1.37312
34923	1.37311
34924	1.3731
34925	1.3731
34926	1.37309
34927	1.37308
34928	1.37308
34929	1.37307
34930	1.37306
34931	1.37305
34932	1.37305
34933	1.37304
34934	1.37303
34935	1.37302
34936	1.37301
34937	1.373
34938	1.373
34939	1.37299
34940	1.37298
34941	1.37297
34942	1.37296
34943	1.37295
34944	1.37294
34945	1.37293
34946	1.37292
34947	1.37291
34948	1.3729
34949	1.37289
34950	1.37288
34951	1.37287
34952	1.37286
34953	1.37285
34954	1.37284
34955	1.37283
34956	1.37281
34957	1.3728
34958	1.37279
34959	1.37278
34960	1.37277
34961	1.37276
34962	1.37274
34963	1.37273
34964	1.37272
34965	1.37271
34966	1.37269
34967	1.37268
34968	1.37267
34969	1.37265
34970	1.37264
34971	1.37263
34972	1.37261
34973	1.3726
34974	1.37258
34975	1.37257
34976	1.37256
34977	1.37254
34978	1.37253
34979	1.37251
34980	1.3725
34981	1.37248
34982	1.37247
34983	1.37245
34984	1.37244
34985	1.37242
34986	1.3724
34987	1.37239
34988	1.37237
34989	1.37236
34990	1.37234
34991	1.37232
34992	1.37231
34993	1.37229
34994	1.37227
34995	1.37225
34996	1.37224
34997	1.37222
34998	1.3722
34999	1.37218
35000	1.37217
35001	1.37215
35002	1.37213
35003	1.37211
35004	1.37209
35005	1.37207
35006	1.37205
35007	1.37203
35008	1.37202
35009	1.372
35010	1.37198
35011	1.37196
35012	1.37194
35013	1.37192
35014	1.3719
35015	1.37188
35016	1.37186
35017	1.37183
35018	1.37181
35019	1.37179
35020	1.37177
35021	1.37175
35022	1.37173
35023	1.37171
35024	1.37169
35025	1.37166
35026	1.37164
35027	1.37162
35028	1.3716
35029	1.37158
35030	1.37155
35031	1.37153
35032	1.37151
35033	1.37149
35034	1.37146
35035	1.37144
35036	1.37142
35037	1.37139
35038	1.37137
35039	1.37134
35040	1.37132
35041	1.3713
35042	1.37127
35043	1.37125
35044	1.37122
35045	1.3712
35046	1.37117
35047	1.37115
35048	1.37112
35049	1.3711
35050	1.37107
35051	1.37105
35052	1.37102
35053	1.371
35054	1.37097
35055	1.37095
35056	1.37092
35057	1.37089
35058	1.37087
35059	1.37084
35060	1.37081
35061	1.37079
35062	1.37076
35063	1.37073
35064	1.37071
35065	1.37068
35066	1.37065
35067	1.37062
35068	1.3706
35069	1.37057
35070	1.37054
35071	1.37051
35072	1.37049
35073	1.37046
35074	1.37043
35075	1.3704
35076	1.37037
35077	1.37034
35078	1.37031
35079	1.37029
35080	1.37026
35081	1.37023
35082	1.3702
35083	1.37017
35084	1.37014
35085	1.37011
35086	1.37008
35087	1.37005
35088	1.37002
35089	1.36999
35090	1.36996
35091	1.36993
35092	1.3699
35093	1.36987
35094	1.36984
35095	1.36981
35096	1.36978
35097	1.36975
35098	1.36972
35099	1.36969
35100	1.36966
35101	1.36963
35102	1.3696
35103	1.36956
35104	1.36953
35105	1.3695
35106	1.36947
35107	1.36944
35108	1.36941
35109	1.36938
35110	1.36934
35111	1.36931
35112	1.36928
35113	1.36925
35114	1.36922
35115	1.36919
35116	1.36915
35117	1.36912
35118	1.36909
35119	1.36906
35120	1.36902
35121	1.36899
35122	1.36896
35123	1.36893
35124	1.36889
35125	1.36886
35126	1.36883
35127	1.3688
35128	1.36876
35129	1.36873
35130	1.3687
35131	1.36866
35132	1.36863
35133	1.3686
35134	1.36856
35135	1.36853
35136	1.3685
35137	1.36846
35138	1.36843
35139	1.3684
35140	1.36836
35141	1.36833
35142	1.3683
35143	1.36826
35144	1.36823
35145	1.36819
35146	1.36816
35147	1.36813
35148	1.36809
35149	1.36806
35150	1.36803
35151	1.36799
35152	1.36796
35153	1.36792
35154	1.36789
35155	1.36785
35156	1.36782
35157	1.36779
35158	1.36775
35159	1.36772
35160	1.36768
35161	1.36765
35162	1.36762
35163	1.36758
35164	1.36755
35165	1.36751
35166	1.36748
35167	1.36744
35168	1.36741
35169	1.36737
35170	1.36734
35171	1.36731
35172	1.36727
35173	1.36724
35174	1.3672
35175	1.36717
35176	1.36713
35177	1.3671
35178	1.36706
35179	1.36703
35180	1.36699
35181	1.36696
35182	1.36693
35183	1.36689
35184	1.36686
35185	1.36682
35186	1.36679
35187	1.36675
35188	1.36672
35189	1.36668
35190	1.36665
35191	1.36661
35192	1.36658
35193	1.36654
35194	1.36651
35195	1.36648
35196	1.36644
35197	1.36641
35198	1.36637
35199	1.36634
35200	1.3663
35201	1.36627
35202	1.36623
35203	1.3662
35204	1.36616
35205	1.36613
35206	1.3661
35207	1.36606
35208	1.36603
35209	1.36599
35210	1.36596
35211	1.36592
35212	1.36589
35213	1.36585
35214	1.36582
35215	1.36579
35216	1.36575
35217	1.36572
35218	1.36568
35219	1.36565
35220	1.36561
35221	1.36558
35222	1.36555
35223	1.36551
35224	1.36548
35225	1.36544
35226	1.36541
35227	1.36537
35228	1.36534
35229	1.36531
35230	1.36527
35231	1.36524
35232	1.3652
35233	1.36517
35234	1.36514
35235	1.3651
35236	1.36507
35237	1.36504
35238	1.365
35239	1.36497
35240	1.36493
35241	1.3649
35242	1.36487
35243	1.36483
35244	1.3648
35245	1.36477
35246	1.36473
35247	1.3647
35248	1.36467
35249	1.36463
35250	1.3646
35251	1.36457
35252	1.36453
35253	1.3645
35254	1.36447
35255	1.36444
35256	1.3644
35257	1.36437
35258	1.36434
35259	1.3643
35260	1.36427
35261	1.36424
35262	1.36421
35263	1.36417
35264	1.36414
35265	1.36411
35266	1.36408
35267	1.36404
35268	1.36401
35269	1.36398
35270	1.36395
35271	1.36391
35272	1.36388
35273	1.36385
35274	1.36382
35275	1.36379
35276	1.36375
35277	1.36372
35278	1.36369
35279	1.36366
35280	1.36363
35281	1.36359
35282	1.36356
35283	1.36353
35284	1.3635
35285	1.36347
35286	1.36344
35287	1.36341
35288	1.36337
35289	1.36334
35290	1.36331
35291	1.36328
35292	1.36325
35293	1.36322
35294	1.36319
35295	1.36316
35296	1.36313
35297	1.3631
35298	1.36307
35299	1.36304
35300	1.363
35301	1.36297
35302	1.36294
35303	1.36291
35304	1.36288
35305	1.36285
35306	1.36282
35307	1.36279
35308	1.36276
35309	1.36273
35310	1.3627
35311	1.36267
35312	1.36264
35313	1.36262
35314	1.36259
35315	1.36256
35316	1.36253
35317	1.3625
35318	1.36247
35319	1.36244
35320	1.36241
35321	1.36238
35322	1.36235
35323	1.36232
35324	1.3623
35325	1.36227
35326	1.36224
35327	1.36221
35328	1.36218
35329	1.36215
35330	1.36212
35331	1.3621
35332	1.36207
35333	1.36204
35334	1.36201
35335	1.36198
35336	1.36196
35337	1.36193
35338	1.3619
35339	1.36187
35340	1.36185
35341	1.36182
35342	1.36179
35343	1.36176
35344	1.36174
35345	1.36171
35346	1.36168
35347	1.36166
35348	1.36163
35349	1.3616
35350	1.36158
35351	1.36155
35352	1.36152
35353	1.3615
35354	1.36147
35355	1.36145
35356	1.36142
35357	1.36139
35358	1.36137
35359	1.36134
35360	1.36132
35361	1.36129
35362	1.36126
35363	1.36124
35364	1.36121
35365	1.36119
35366	1.36116
35367	1.36114
35368	1.36111
35369	1.36109
35370	1.36106
35371	1.36104
35372	1.36101
35373	1.36099
35374	1.36097
35375	1.36094
35376	1.36092
35377	1.36089
35378	1.36087
35379	1.36084
35380	1.36082
35381	1.3608
35382	1.36077
35383	1.36075
35384	1.36073
35385	1.3607
35386	1.36068
35387	1.36066
35388	1.36063
35389	1.36061
35390	1.36059
35391	1.36056
35392	1.36054
35393	1.36052
35394	1.3605
35395	1.36047
35396	1.36045
35397	1.36043
35398	1.36041
35399	1.36038
35400	1.36036
35401	1.36034
35402	1.36032
35403	1.3603
35404	1.36027
35405	1.36025
35406	1.36023
35407	1.36021
35408	1.36019
35409	1.36017
35410	1.36015
35411	1.36013
35412	1.3601
35413	1.36008
35414	1.36006
35415	1.36004
35416	1.36002
35417	1.36
35418	1.35998
35419	1.35996
35420	1.35994
35421	1.35992
35422	1.3599
35423	1.35988
35424	1.35986
35425	1.35984
35426	1.35982
35427	1.3598
35428	1.35978
35429	1.35976
35430	1.35974
35431	1.35973
35432	1.35971
35433	1.35969
35434	1.35967
35435	1.35965
35436	1.35963
35437	1.35961
35438	1.35959
35439	1.35958
35440	1.35956
35441	1.35954
35442	1.35952
35443	1.3595
35444	1.35948
35445	1.35947
35446	1.35945
35447	1.35943
35448	1.35941
35449	1.3594
35450	1.35938
35451	1.35936
35452	1.35934
35453	1.35933
35454	1.35931
35455	1.35929
35456	1.35928
35457	1.35926
35458	1.35924
35459	1.35923
35460	1.35921
35461	1.35919
35462	1.35918
35463	1.35916
35464	1.35914
35465	1.35913
35466	1.35911
35467	1.3591
35468	1.35908
35469	1.35906
35470	1.35905
35471	1.35903
35472	1.35902
35473	1.359
35474	1.35899
35475	1.35897
35476	1.35896
35477	1.35894
35478	1.35893
35479	1.35891
35480	1.3589
35481	1.35888
35482	1.35887
35483	1.35885
35484	1.35884
35485	1.35882
35486	1.35881
35487	1.35879
35488	1.35878
35489	1.35876
35490	1.35875
35491	1.35874
35492	1.35872
35493	1.35871
35494	1.35869
35495	1.35868
35496	1.35867
35497	1.35865
35498	1.35864
35499	1.35863
35500	1.35861
35501	1.3586
35502	1.35859
35503	1.35857
35504	1.35856
35505	1.35855
35506	1.35853
35507	1.35852
35508	1.35851
35509	1.3585
35510	1.35848
35511	1.35847
35512	1.35846
35513	1.35845
35514	1.35843
35515	1.35842
35516	1.35841
35517	1.3584
35518	1.35838
35519	1.35837
35520	1.35836
35521	1.35835
35522	1.35834
35523	1.35832
35524	1.35831
35525	1.3583
35526	1.35829
35527	1.35828
35528	1.35827
35529	1.35825
35530	1.35824
35531	1.35823
35532	1.35822
35533	1.35821
35534	1.3582
35535	1.35819
35536	1.35818
35537	1.35816
35538	1.35815
35539	1.35814
35540	1.35813
35541	1.35812
35542	1.35811
35543	1.3581
35544	1.35809
35545	1.35808
35546	1.35807
35547	1.35806
35548	1.35805
35549	1.35804
35550	1.35803
35551	1.35802
35552	1.35801
35553	1.358
35554	1.35799
35555	1.35798
35556	1.35797
35557	1.35796
35558	1.35795
35559	1.35794
35560	1.35793
35561	1.35792
35562	1.35791
35563	1.3579
35564	1.35789
35565	1.35788
35566	1.35787
35567	1.35786
35568	1.35785
35569	1.35784
35570	1.35783
35571	1.35782
35572	1.35781
35573	1.3578
35574	1.35779
35575	1.35778
35576	1.35777
35577	1.35777
35578	1.35776
35579	1.35775
35580	1.35774
35581	1.35773
35582	1.35772
35583	1.35771
35584	1.3577
35585	1.35769
35586	1.35769
35587	1.35768
35588	1.35767
35589	1.35766
35590	1.35765
35591	1.35764
35592	1.35763
35593	1.35763
35594	1.35762
35595	1.35761
35596	1.3576
35597	1.35759
35598	1.35758
35599	1.35758
35600	1.35757
35601	1.35756
35602	1.35755
35603	1.35754
35604	1.35753
35605	1.35753
35606	1.35752
35607	1.35751
35608	1.3575
35609	1.35749
35610	1.35749
35611	1.35748
35612	1.35747
35613	1.35746
35614	1.35746
35615	1.35745
35616	1.35744
35617	1.35743
35618	1.35742
35619	1.35742
35620	1.35741
35621	1.3574
35622	1.35739
35623	1.35739
35624	1.35738
35625	1.35737
35626	1.35736
35627	1.35736
35628	1.35735
35629	1.35734
35630	1.35733
35631	1.35733
35632	1.35732
35633	1.35731
35634	1.3573
35635	1.3573
35636	1.35729
35637	1.35728
35638	1.35727
35639	1.35727
35640	1.35726
35641	1.35725
35642	1.35724
35643	1.35724
35644	1.35723
35645	1.35722
35646	1.35722
35647	1.35721
35648	1.3572
35649	1.35719
35650	1.35719
35651	1.35718
35652	1.35717
35653	1.35717
35654	1.35716
35655	1.35715
35656	1.35714
35657	1.35714
35658	1.35713
35659	1.35712
35660	1.35712
35661	1.35711
35662	1.3571
35663	1.35709
35664	1.35709
35665	1.35708
35666	1.35707
35667	1.35707
35668	1.35706
35669	1.35705
35670	1.35705
35671	1.35704
35672	1.35703
35673	1.35702
35674	1.35702
35675	1.35701
35676	1.357
35677	1.357
35678	1.35699
35679	1.35698
35680	1.35698
35681	1.35697
35682	1.35696
35683	1.35695
35684	1.35695
35685	1.35694
35686	1.35693
35687	1.35693
35688	1.35692
35689	1.35691
35690	1.35691
35691	1.3569
35692	1.35689
35693	1.35689
35694	1.35688
35695	1.35687
35696	1.35686
35697	1.35686
35698	1.35685
35699	1.35684
35700	1.35684
35701	1.35683
35702	1.35682
35703	1.35682
35704	1.35681
35705	1.3568
35706	1.35679
35707	1.35679
35708	1.35678
35709	1.35677
35710	1.35677
35711	1.35676
35712	1.35675
35713	1.35674
35714	1.35674
35715	1.35673
35716	1.35672
35717	1.35672
35718	1.35671
35719	1.3567
35720	1.35669
35721	1.35669
35722	1.35668
35723	1.35667
35724	1.35667
35725	1.35666
35726	1.35665
35727	1.35664
35728	1.35664
35729	1.35663
35730	1.35662
35731	1.35661
35732	1.35661
35733	1.3566
35734	1.35659
35735	1.35659
35736	1.35658
35737	1.35657
35738	1.35656
35739	1.35656
35740	1.35655
35741	1.35654
35742	1.35653
35743	1.35653
35744	1.35652
35745	1.35651
35746	1.3565
35747	1.3565
35748	1.35649
35749	1.35648
35750	1.35647
35751	1.35647
35752	1.35646
35753	1.35645
35754	1.35644
35755	1.35643
35756	1.35643
35757	1.35642
35758	1.35641
35759	1.3564
35760	1.3564
35761	1.35639
35762	1.35638
35763	1.35637
35764	1.35636
35765	1.35636
35766	1.35635
35767	1.35634
35768	1.35633
35769	1.35632
35770	1.35632
35771	1.35631
35772	1.3563
35773	1.35629
35774	1.35628
35775	1.35628
35776	1.35627
35777	1.35626
35778	1.35625
35779	1.35624
35780	1.35624
35781	1.35623
35782	1.35622
35783	1.35621
35784	1.3562
35785	1.35619
35786	1.35619
35787	1.35618
35788	1.35617
35789	1.35616
35790	1.35615
35791	1.35614
35792	1.35613
35793	1.35613
35794	1.35612
35795	1.35611
35796	1.3561
35797	1.35609
35798	1.35608
35799	1.35607
35800	1.35607
35801	1.35606
35802	1.35605
35803	1.35604
35804	1.35603
35805	1.35602
35806	1.35601
35807	1.356
35808	1.356
35809	1.35599
35810	1.35598
35811	1.35597
35812	1.35596
35813	1.35595
35814	1.35594
35815	1.35593
35816	1.35592
35817	1.35591
35818	1.35591
35819	1.3559
35820	1.35589
35821	1.35588
35822	1.35587
35823	1.35586
35824	1.35585
35825	1.35584
35826	1.35583
35827	1.35582
35828	1.35581
35829	1.3558
35830	1.35579
35831	1.35578
35832	1.35577
35833	1.35577
35834	1.35576
35835	1.35575
35836	1.35574
35837	1.35573
35838	1.35572
35839	1.35571
35840	1.3557
35841	1.35569
35842	1.35568
35843	1.35567
35844	1.35566
35845	1.35565
35846	1.35564
35847	1.35563
35848	1.35562
35849	1.35561
35850	1.3556
35851	1.35559
35852	1.35558
35853	1.35557
35854	1.35556
35855	1.35555
35856	1.35554
35857	1.35553
35858	1.35552
35859	1.35551
35860	1.3555
35861	1.35549
35862	1.35548
35863	1.35547
35864	1.35546
35865	1.35545
35866	1.35544
35867	1.35543
35868	1.35542
35869	1.35541
35870	1.3554
35871	1.35539
35872	1.35538
35873	1.35537
35874	1.35536
35875	1.35534
35876	1.35533
35877	1.35532
35878	1.35531
35879	1.3553
35880	1.35529
35881	1.35528
35882	1.35527
35883	1.35526
35884	1.35525
35885	1.35524
35886	1.35523
35887	1.35522
35888	1.35521
35889	1.3552
35890	1.35519
35891	1.35518
35892	1.35516
35893	1.35515
35894	1.35514
35895	1.35513
35896	1.35512
35897	1.35511
35898	1.3551
35899	1.35509
35900	1.35508
35901	1.35507
35902	1.35506
35903	1.35505
35904	1.35503
35905	1.35502
35906	1.35501
35907	1.355
35908	1.35499
35909	1.35498
35910	1.35497
35911	1.35496
35912	1.35495
35913	1.35494
35914	1.35492
35915	1.35491
35916	1.3549
35917	1.35489
35918	1.35488
35919	1.35487
35920	1.35486
35921	1.35485
35922	1.35484
35923	1.35482
35924	1.35481
35925	1.3548
35926	1.35479
35927	1.35478
35928	1.35477
35929	1.35476
35930	1.35475
35931	1.35474
35932	1.35472
35933	1.35471
35934	1.3547
35935	1.35469
35936	1.35468
35937	1.35467
35938	1.35466
35939	1.35465
35940	1.35463
35941	1.35462
35942	1.35461
35943	1.3546
35944	1.35459
35945	1.35458
35946	1.35457
35947	1.35456
35948	1.35454
35949	1.35453
35950	1.35452
35951	1.35451
35952	1.3545
35953	1.35449
35954	1.35448
35955	1.35447
35956	1.35446
35957	1.35444
35958	1.35443
35959	1.35442
35960	1.35441
35961	1.3544
35962	1.35439
35963	1.35438
35964	1.35437
35965	1.35435
35966	1.35434
35967	1.35433
35968	1.35432
35969	1.35431
35970	1.3543
35971	1.35429
35972	1.35428
35973	1.35427
35974	1.35425
35975	1.35424
35976	1.35423
35977	1.35422
35978	1.35421
35979	1.3542
35980	1.35419
35981	1.35418
35982	1.35417
35983	1.35416
35984	1.35414
35985	1.35413
35986	1.35412
35987	1.35411
35988	1.3541
35989	1.35409
35990	1.35408
35991	1.35407
35992	1.35406
35993	1.35405
35994	1.35404
35995	1.35403
35996	1.35401
35997	1.354
35998	1.35399
35999	1.35398
36000	1.35397
36001	1.35396
36002	1.35395
36003	1.35394
36004	1.35393
36005	1.35392
36006	1.35391
36007	1.3539
36008	1.35389
36009	1.35388
36010	1.35387
36011	1.35386
36012	1.35385
36013	1.35383
36014	1.35382
36015	1.35381
36016	1.3538
36017	1.35379
36018	1.35378
36019	1.35377
36020	1.35376
36021	1.35375
36022	1.35374
36023	1.35373
36024	1.35372
36025	1.35371
36026	1.3537
36027	1.35369
36028	1.35368
36029	1.35367
36030	1.35366
36031	1.35365
36032	1.35364
36033	1.35363
36034	1.35362
36035	1.35361
36036	1.3536
36037	1.35359
36038	1.35358
36039	1.35358
36040	1.35357
36041	1.35356
36042	1.35355
36043	1.35354
36044	1.35353
36045	1.35352
36046	1.35351
36047	1.3535
36048	1.35349
36049	1.35348
36050	1.35347
36051	1.35346
36052	1.35345
36053	1.35344
36054	1.35344
36055	1.35343
36056	1.35342
36057	1.35341
36058	1.3534
36059	1.35339
36060	1.35338
36061	1.35337
36062	1.35336
36063	1.35336
36064	1.35335
36065	1.35334
36066	1.35333
36067	1.35332
36068	1.35331
36069	1.35331
36070	1.3533
36071	1.35329
36072	1.35328
36073	1.35327
36074	1.35326
36075	1.35326
36076	1.35325
36077	1.35324
36078	1.35323
36079	1.35322
36080	1.35322
36081	1.35321
36082	1.3532
36083	1.35319
36084	1.35318
36085	1.35318
36086	1.35317
36087	1.35316
36088	1.35315
36089	1.35315
36090	1.35314
36091	1.35313
36092	1.35313
36093	1.35312
36094	1.35311
36095	1.3531
36096	1.3531
36097	1.35309
36098	1.35308
36099	1.35308
36100	1.35307
36101	1.35306
36102	1.35305
36103	1.35305
36104	1.35304
36105	1.35303
36106	1.35303
36107	1.35302
36108	1.35301
36109	1.35301
36110	1.353
36111	1.353
36112	1.35299
36113	1.35298
36114	1.35298
36115	1.35297
36116	1.35296
36117	1.35296
36118	1.35295
36119	1.35295
36120	1.35294
36121	1.35294
36122	1.35293
36123	1.35292
36124	1.35292
36125	1.35291
36126	1.35291
36127	1.3529
36128	1.3529
36129	1.35289
36130	1.35289
36131	1.35288
36132	1.35288
36133	1.35287
36134	1.35286
36135	1.35286
36136	1.35285
36137	1.35285
36138	1.35284
36139	1.35284
36140	1.35284
36141	1.35283
36142	1.35283
36143	1.35282
36144	1.35282
36145	1.35281
36146	1.35281
36147	1.3528
36148	1.3528
36149	1.35279
36150	1.35279
36151	1.35279
36152	1.35278
36153	1.35278
36154	1.35277
36155	1.35277
36156	1.35277
36157	1.35276
36158	1.35276
36159	1.35275
36160	1.35275
36161	1.35275
36162	1.35274
36163	1.35274
36164	1.35274
36165	1.35273
36166	1.35273
36167	1.35273
36168	1.35272
36169	1.35272
36170	1.35272
36171	1.35271
36172	1.35271
36173	1.35271
36174	1.3527
36175	1.3527
36176	1.3527
36177	1.3527
36178	1.35269
36179	1.35269
36180	1.35269
36181	1.35268
36182	1.35268
36183	1.35268
36184	1.35268
36185	1.35267
36186	1.35267
36187	1.35267
36188	1.35267
36189	1.35266
36190	1.35266
36191	1.35266
36192	1.35266
36193	1.35266
36194	1.35265
36195	1.35265
36196	1.35265
36197	1.35265
36198	1.35265
36199	1.35264
36200	1.35264
36201	1.35264
36202	1.35264
36203	1.35264
36204	1.35264
36205	1.35263
36206	1.35263
36207	1.35263
36208	1.35263
36209	1.35263
36210	1.35263
36211	1.35263
36212	1.35262
36213	1.35262
36214	1.35262
36215	1.35262
36216	1.35262
36217	1.35262
36218	1.35262
36219	1.35262
36220	1.35262
36221	1.35262
36222	1.35261
36223	1.35261
36224	1.35261
36225	1.35261
36226	1.35261
36227	1.35261
36228	1.35261
36229	1.35261
36230	1.35261
36231	1.35261
36232	1.35261
36233	1.35261
36234	1.35261
36235	1.35261
36236	1.35261
36237	1.35261
36238	1.35261
36239	1.3526
36240	1.3526
36241	1.3526
36242	1.3526
36243	1.3526
36244	1.3526
36245	1.3526
36246	1.3526
36247	1.3526
36248	1.3526
36249	1.3526
36250	1.3526
36251	1.3526
36252	1.3526
36253	1.3526
36254	1.3526
36255	1.3526
36256	1.3526
36257	1.3526
36258	1.3526
36259	1.3526
36260	1.3526
36261	1.3526
36262	1.35261
36263	1.35261
36264	1.35261
36265	1.35261
36266	1.35261
36267	1.35261
36268	1.35261
36269	1.35261
36270	1.35261
36271	1.35261
36272	1.35261
36273	1.35261
36274	1.35261
36275	1.35261
36276	1.35261
36277	1.35261
36278	1.35261
36279	1.35261
36280	1.35261
36281	1.35261
36282	1.35261
36283	1.35261
36284	1.35262
36285	1.35262
36286	1.35262
36287	1.35262
36288	1.35262
36289	1.35262
36290	1.35262
36291	1.35262
36292	1.35262
36293	1.35262
36294	1.35262
36295	1.35262
36296	1.35262
36297	1.35262
36298	1.35262
36299	1.35262
36300	1.35263
36301	1.35263
36302	1.35263
36303	1.35263
36304	1.35263
36305	1.35263
36306	1.35263
36307	1.35263
36308	1.35263
36309	1.35263
36310	1.35263
36311	1.35263
36312	1.35263
36313	1.35263
36314	1.35263
36315	1.35264
36316	1.35264
36317	1.35264
36318	1.35264
36319	1.35264
36320	1.35264
36321	1.35264
36322	1.35264
36323	1.35264
36324	1.35264
36325	1.35264
36326	1.35264
36327	1.35264
36328	1.35264
36329	1.35264
36330	1.35264
36331	1.35264
36332	1.35264
36333	1.35264
36334	1.35264
36335	1.35264
36336	1.35265
36337	1.35265
36338	1.35265
36339	1.35265
36340	1.35265
36341	1.35265
36342	1.35265
36343	1.35265
36344	1.35265
36345	1.35265
36346	1.35265
36347	1.35265
36348	1.35265
36349	1.35265
36350	1.35265
36351	1.35265
36352	1.35265
36353	1.35265
36354	1.35265
36355	1.35265
36356	1.35265
36357	1.35265
36358	1.35265
36359	1.35265
36360	1.35265
36361	1.35265
36362	1.35265
36363	1.35265
36364	1.35264
36365	1.35264
36366	1.35264
36367	1.35264
36368	1.35264
36369	1.35264
36370	1.35264
36371	1.35264
36372	1.35264
36373	1.35264
36374	1.35264
36375	1.35264
36376	1.35264
36377	1.35264
36378	1.35264
36379	1.35263
36380	1.35263
36381	1.35263
36382	1.35263
36383	1.35263
36384	1.35263
36385	1.35263
36386	1.35263
36387	1.35263
36388	1.35262
36389	1.35262
36390	1.35262
36391	1.35262
36392	1.35262
36393	1.35262
36394	1.35262
36395	1.35261
36396	1.35261
36397	1.35261
36398	1.35261
36399	1.35261
36400	1.3526
36401	1.3526
36402	1.3526
36403	1.3526
36404	1.3526
36405	1.35259
36406	1.35259
36407	1.35259
36408	1.35259
36409	1.35259
36410	1.35258
36411	1.35258
36412	1.35258
36413	1.35258
36414	1.35257
36415	1.35257
36416	1.35257
36417	1.35257
36418	1.35256
36419	1.35256
36420	1.35256
36421	1.35255
36422	1.35255
36423	1.35255
36424	1.35254
36425	1.35254
36426	1.35254
36427	1.35253
36428	1.35253
36429	1.35253
36430	1.35252
36431	1.35252
36432	1.35252
36433	1.35251
36434	1.35251
36435	1.35251
36436	1.3525
36437	1.3525
36438	1.35249
36439	1.35249
36440	1.35249
36441	1.35248
36442	1.35248
36443	1.35247
36444	1.35247
36445	1.35246
36446	1.35246
36447	1.35246
36448	1.35245
36449	1.35245
36450	1.35244
36451	1.35244
36452	1.35243
36453	1.35243
36454	1.35242
36455	1.35242
36456	1.35241
36457	1.35241
36458	1.3524
36459	1.3524
36460	1.35239
36461	1.35238
36462	1.35238
36463	1.35237
36464	1.35237
36465	1.35236
36466	1.35236
36467	1.35235
36468	1.35234
36469	1.35234
36470	1.35233
36471	1.35233
36472	1.35232
36473	1.35231
36474	1.35231
36475	1.3523
36476	1.35229
36477	1.35229
36478	1.35228
36479	1.35227
36480	1.35227
36481	1.35226
36482	1.35225
36483	1.35225
36484	1.35224
36485	1.35223
36486	1.35223
36487	1.35222
36488	1.35221
36489	1.3522
36490	1.3522
36491	1.35219
36492	1.35218
36493	1.35217
36494	1.35217
36495	1.35216
36496	1.35215
36497	1.35214
36498	1.35213
36499	1.35213
36500	1.35212
36501	1.35211
36502	1.3521
36503	1.35209
36504	1.35208
36505	1.35207
36506	1.35207
36507	1.35206
36508	1.35205
36509	1.35204
36510	1.35203
36511	1.35202
36512	1.35201
36513	1.352
36514	1.35199
36515	1.35198
36516	1.35198
36517	1.35197
36518	1.35196
36519	1.35195
36520	1.35194
36521	1.35193
36522	1.35192
36523	1.35191
36524	1.3519
36525	1.35189
36526	1.35188
36527	1.35187
36528	1.35186
36529	1.35185
36530	1.35184
36531	1.35183
36532	1.35181
36533	1.3518
36534	1.35179
36535	1.35178
36536	1.35177
36537	1.35176
36538	1.35175
36539	1.35174
36540	1.35173
36541	1.35172
36542	1.3517
36543	1.35169
36544	1.35168
36545	1.35167
36546	1.35166
36547	1.35165
36548	1.35163
36549	1.35162
36550	1.35161
36551	1.3516
36552	1.35159
36553	1.35157
36554	1.35156
36555	1.35155
36556	1.35154
36557	1.35152
36558	1.35151
36559	1.3515
36560	1.35149
36561	1.35147
36562	1.35146
36563	1.35145
36564	1.35144
36565	1.35142
36566	1.35141
36567	1.3514
36568	1.35138
36569	1.35137
36570	1.35135
36571	1.35134
36572	1.35133
36573	1.35131
36574	1.3513
36575	1.35129
36576	1.35127
36577	1.35126
36578	1.35124
36579	1.35123
36580	1.35121
36581	1.3512
36582	1.35119
36583	1.35117
36584	1.35116
36585	1.35114
36586	1.35113
36587	1.35111
36588	1.3511
36589	1.35108
36590	1.35107
36591	1.35105
36592	1.35104
36593	1.35102
36594	1.351
36595	1.35099
36596	1.35097
36597	1.35096
36598	1.35094
36599	1.35093
36600	1.35091
36601	1.35089
36602	1.35088
36603	1.35086
36604	1.35084
36605	1.35083
36606	1.35081
36607	1.35079
36608	1.35078
36609	1.35076
36610	1.35074
36611	1.35073
36612	1.35071
36613	1.35069
36614	1.35068
36615	1.35066
36616	1.35064
36617	1.35062
36618	1.35061
36619	1.35059
36620	1.35057
36621	1.35055
36622	1.35053
36623	1.35052
36624	1.3505
36625	1.35048
36626	1.35046
36627	1.35044
36628	1.35042
36629	1.3504
36630	1.35039
36631	1.35037
36632	1.35035
36633	1.35033
36634	1.35031
36635	1.35029
36636	1.35027
36637	1.35025
36638	1.35023
36639	1.35021
36640	1.35019
36641	1.35017
36642	1.35015
36643	1.35013
36644	1.35011
36645	1.35009
36646	1.35007
36647	1.35005
36648	1.35003
36649	1.35001
36650	1.34999
36651	1.34997
36652	1.34995
36653	1.34993
36654	1.34991
36655	1.34988
36656	1.34986
36657	1.34984
36658	1.34982
36659	1.3498
36660	1.34978
36661	1.34975
36662	1.34973
36663	1.34971
36664	1.34969
36665	1.34967
36666	1.34964
36667	1.34962
36668	1.3496
36669	1.34958
36670	1.34955
36671	1.34953
36672	1.34951
36673	1.34948
36674	1.34946
36675	1.34944
36676	1.34941
36677	1.34939
36678	1.34937
36679	1.34934
36680	1.34932
36681	1.3493
36682	1.34927
36683	1.34925
36684	1.34922
36685	1.3492
36686	1.34918
36687	1.34915
36688	1.34913
36689	1.3491
36690	1.34908
36691	1.34905
36692	1.34903
36693	1.349
36694	1.34898
36695	1.34895
36696	1.34893
36697	1.3489
36698	1.34888
36699	1.34885
36700	1.34882
36701	1.3488
36702	1.34877
36703	1.34875
36704	1.34872
36705	1.34869
36706	1.34867
36707	1.34864
36708	1.34862
36709	1.34859
36710	1.34856
36711	1.34854
36712	1.34851
36713	1.34848
36714	1.34846
36715	1.34843
36716	1.3484
36717	1.34838
36718	1.34835
36719	1.34832
36720	1.34829
36721	1.34827
36722	1.34824
36723	1.34821
36724	1.34818
36725	1.34816
36726	1.34813
36727	1.3481
36728	1.34807
36729	1.34805
36730	1.34802
36731	1.34799
36732	1.34796
36733	1.34793
36734	1.34791
36735	1.34788
36736	1.34785
36737	1.34782
36738	1.34779
36739	1.34777
36740	1.34774
36741	1.34771
36742	1.34768
36743	1.34765
36744	1.34762
36745	1.3476
36746	1.34757
36747	1.34754
36748	1.34751
36749	1.34748
36750	1.34745
36751	1.34743
36752	1.3474
36753	1.34737
36754	1.34734
36755	1.34731
36756	1.34728
36757	1.34725
36758	1.34723
36759	1.3472
36760	1.34717
36761	1.34714
36762	1.34711
36763	1.34708
36764	1.34705
36765	1.34703
36766	1.347
36767	1.34697
36768	1.34694
36769	1.34691
36770	1.34688
36771	1.34686
36772	1.34683
36773	1.3468
36774	1.34677
36775	1.34674
36776	1.34672
36777	1.34669
36778	1.34666
36779	1.34663
36780	1.3466
36781	1.34658
36782	1.34655
36783	1.34652
36784	1.34649
36785	1.34647
36786	1.34644
36787	1.34641
36788	1.34638
36789	1.34636
36790	1.34633
36791	1.3463
36792	1.34628
36793	1.34625
36794	1.34622
36795	1.3462
36796	1.34617
36797	1.34614
36798	1.34612
36799	1.34609
36800	1.34607
36801	1.34604
36802	1.34601
36803	1.34599
36804	1.34596
36805	1.34594
36806	1.34591
36807	1.34589
36808	1.34586
36809	1.34584
36810	1.34581
36811	1.34579
36812	1.34576
36813	1.34574
36814	1.34572
36815	1.34569
36816	1.34567
36817	1.34565
36818	1.34562
36819	1.3456
36820	1.34558
36821	1.34555
36822	1.34553
36823	1.34551
36824	1.34549
36825	1.34546
36826	1.34544
36827	1.34542
36828	1.3454
36829	1.34538
36830	1.34535
36831	1.34533
36832	1.34531
36833	1.34529
36834	1.34527
36835	1.34525
36836	1.34523
36837	1.34521
36838	1.34519
36839	1.34517
36840	1.34515
36841	1.34513
36842	1.34511
36843	1.3451
36844	1.34508
36845	1.34506
36846	1.34504
36847	1.34502
36848	1.345
36849	1.34499
36850	1.34497
36851	1.34495
36852	1.34494
36853	1.34492
36854	1.3449
36855	1.34489
36856	1.34487
36857	1.34486
36858	1.34484
36859	1.34483
36860	1.34481
36861	1.3448
36862	1.34478
36863	1.34477
36864	1.34475
36865	1.34474
36866	1.34473
36867	1.34471
36868	1.3447
36869	1.34469
36870	1.34467
36871	1.34466
36872	1.34465
36873	1.34464
36874	1.34463
36875	1.34461
36876	1.3446
36877	1.34459
36878	1.34458
36879	1.34457
36880	1.34456
36881	1.34455
36882	1.34454
36883	1.34453
36884	1.34452
36885	1.34451
36886	1.3445
36887	1.3445
36888	1.34449
36889	1.34448
36890	1.34447
36891	1.34446
36892	1.34446
36893	1.34445
36894	1.34444
36895	1.34444
36896	1.34443
36897	1.34442
36898	1.34442
36899	1.34441
36900	1.34441
36901	1.3444
36902	1.34439
36903	1.34439
36904	1.34439
36905	1.34438
36906	1.34438
36907	1.34437
36908	1.34437
36909	1.34437
36910	1.34436
36911	1.34436
36912	1.34436
36913	1.34435
36914	1.34435
36915	1.34435
36916	1.34435
36917	1.34434
36918	1.34434
36919	1.34434
36920	1.34434
36921	1.34434
36922	1.34434
36923	1.34434
36924	1.34434
36925	1.34434
36926	1.34434
36927	1.34434
36928	1.34434
36929	1.34434
36930	1.34434
36931	1.34434
36932	1.34434
36933	1.34434
36934	1.34434
36935	1.34435
36936	1.34435
36937	1.34435
36938	1.34435
36939	1.34436
36940	1.34436
36941	1.34436
36942	1.34436
36943	1.34437
36944	1.34437
36945	1.34437
36946	1.34438
36947	1.34438
36948	1.34439
36949	1.34439
36950	1.34439
36951	1.3444
36952	1.3444
36953	1.34441
36954	1.34441
36955	1.34442
36956	1.34442
36957	1.34443
36958	1.34444
36959	1.34444
36960	1.34445
36961	1.34445
36962	1.34446
36963	1.34447
36964	1.34447
36965	1.34448
36966	1.34449
36967	1.34449
36968	1.3445
36969	1.34451
36970	1.34452
36971	1.34452
36972	1.34453
36973	1.34454
36974	1.34455
36975	1.34456
36976	1.34456
36977	1.34457
36978	1.34458
36979	1.34459
36980	1.3446
36981	1.34461
36982	1.34462
36983	1.34463
36984	1.34464
36985	1.34465
36986	1.34466
36987	1.34467
36988	1.34467
36989	1.34468
36990	1.34469
36991	1.34471
36992	1.34472
36993	1.34473
36994	1.34474
36995	1.34475
36996	1.34476
36997	1.34477
36998	1.34478
36999	1.34479
37000	1.3448
37001	1.34481
37002	1.34483
37003	1.34484
37004	1.34485
37005	1.34486
37006	1.34487
37007	1.34488
37008	1.3449
37009	1.34491
37010	1.34492
37011	1.34493
37012	1.34495
37013	1.34496
37014	1.34497
37015	1.34498
37016	1.345
37017	1.34501
37018	1.34502
37019	1.34504
37020	1.34505
37021	1.34506
37022	1.34508
37023	1.34509
37024	1.3451
37025	1.34512
37026	1.34513
37027	1.34515
37028	1.34516
37029	1.34517
37030	1.34519
37031	1.3452
37032	1.34522
37033	1.34523
37034	1.34525
37035	1.34526
37036	1.34528
37037	1.34529
37038	1.34531
37039	1.34532
37040	1.34534
37041	1.34535
37042	1.34537
37043	1.34538
37044	1.3454
37045	1.34541
37046	1.34543
37047	1.34544
37048	1.34546
37049	1.34548
37050	1.34549
37051	1.34551
37052	1.34553
37053	1.34554
37054	1.34556
37055	1.34558
37056	1.34559
37057	1.34561
37058	1.34563
37059	1.34564
37060	1.34566
37061	1.34568
37062	1.34569
37063	1.34571
37064	1.34573
37065	1.34575
37066	1.34577
37067	1.34578
37068	1.3458
37069	1.34582
37070	1.34584
37071	1.34586
37072	1.34587
37073	1.34589
37074	1.34591
37075	1.34593
37076	1.34595
37077	1.34597
37078	1.34599
37079	1.346
37080	1.34602
37081	1.34604
37082	1.34606
37083	1.34608
37084	1.3461
37085	1.34612
37086	1.34614
37087	1.34616
37088	1.34618
37089	1.3462
37090	1.34622
37091	1.34624
37092	1.34626
37093	1.34628
37094	1.3463
37095	1.34632
37096	1.34635
37097	1.34637
37098	1.34639
37099	1.34641
37100	1.34643
37101	1.34645
37102	1.34647
37103	1.3465
37104	1.34652
37105	1.34654
37106	1.34656
37107	1.34658
37108	1.34661
37109	1.34663
37110	1.34665
37111	1.34667
37112	1.3467
37113	1.34672
37114	1.34674
37115	1.34677
37116	1.34679
37117	1.34681
37118	1.34684
37119	1.34686
37120	1.34688
37121	1.34691
37122	1.34693
37123	1.34696
37124	1.34698
37125	1.347
37126	1.34703
37127	1.34705
37128	1.34708
37129	1.3471
37130	1.34713
37131	1.34715
37132	1.34718
37133	1.3472
37134	1.34723
37135	1.34726
37136	1.34728
37137	1.34731
37138	1.34733
37139	1.34736
37140	1.34739
37141	1.34741
37142	1.34744
37143	1.34747
37144	1.34749
37145	1.34752
37146	1.34755
37147	1.34757
37148	1.3476
37149	1.34763
37150	1.34766
37151	1.34768
37152	1.34771
37153	1.34774
37154	1.34777
37155	1.3478
37156	1.34783
37157	1.34785
37158	1.34788
37159	1.34791
37160	1.34794
37161	1.34797
37162	1.348
37163	1.34803
37164	1.34806
37165	1.34809
37166	1.34812
37167	1.34815
37168	1.34818
37169	1.34821
37170	1.34824
37171	1.34827
37172	1.3483
37173	1.34833
37174	1.34836
37175	1.34839
37176	1.34842
37177	1.34845
37178	1.34849
37179	1.34852
37180	1.34855
37181	1.34858
37182	1.34861
37183	1.34864
37184	1.34868
37185	1.34871
37186	1.34874
37187	1.34877
37188	1.34881
37189	1.34884
37190	1.34887
37191	1.3489
37192	1.34894
37193	1.34897
37194	1.349
37195	1.34904
37196	1.34907
37197	1.34911
37198	1.34914
37199	1.34917
37200	1.34921
37201	1.34924
37202	1.34928
37203	1.34931
37204	1.34934
37205	1.34938
37206	1.34941
37207	1.34945
37208	1.34948
37209	1.34952
37210	1.34955
37211	1.34959
37212	1.34962
37213	1.34966
37214	1.34969
37215	1.34973
37216	1.34977
37217	1.3498
37218	1.34984
37219	1.34987
37220	1.34991
37221	1.34995
37222	1.34998
37223	1.35002
37224	1.35006
37225	1.35009
37226	1.35013
37227	1.35017
37228	1.3502
37229	1.35024
37230	1.35028
37231	1.35031
37232	1.35035
37233	1.35039
37234	1.35043
37235	1.35046
37236	1.3505
37237	1.35054
37238	1.35058
37239	1.35061
37240	1.35065
37241	1.35069
37242	1.35073
37243	1.35077
37244	1.3508
37245	1.35084
37246	1.35088
37247	1.35092
37248	1.35096
37249	1.351
37250	1.35104
37251	1.35107
37252	1.35111
37253	1.35115
37254	1.35119
37255	1.35123
37256	1.35127
37257	1.35131
37258	1.35135
37259	1.35139
37260	1.35143
37261	1.35146
37262	1.3515
37263	1.35154
37264	1.35158
37265	1.35162
37266	1.35166
37267	1.3517
37268	1.35174
37269	1.35178
37270	1.35182
37271	1.35186
37272	1.3519
37273	1.35194
37274	1.35198
37275	1.35202
37276	1.35206
37277	1.3521
37278	1.35214
37279	1.35218
37280	1.35222
37281	1.35226
37282	1.3523
37283	1.35234
37284	1.35238
37285	1.35242
37286	1.35246
37287	1.3525
37288	1.35254
37289	1.35258
37290	1.35263
37291	1.35267
37292	1.35271
37293	1.35275
37294	1.35279
37295	1.35283
37296	1.35287
37297	1.35291
37298	1.35295
37299	1.35299
37300	1.35303
37301	1.35307
37302	1.35311
37303	1.35316
37304	1.3532
37305	1.35324
37306	1.35328
37307	1.35332
37308	1.35336
37309	1.3534
37310	1.35344
37311	1.35348
37312	1.35352
37313	1.35357
37314	1.35361
37315	1.35365
37316	1.35369
37317	1.35373
37318	1.35377
37319	1.35381
37320	1.35385
37321	1.35389
37322	1.35394
37323	1.35398
37324	1.35402
37325	1.35406
37326	1.3541
37327	1.35414
37328	1.35418
37329	1.35422
37330	1.35426
37331	1.35431
37332	1.35435
37333	1.35439
37334	1.35443
37335	1.35447
37336	1.35451
37337	1.35455
37338	1.35459
37339	1.35464
37340	1.35468
37341	1.35472
37342	1.35476
37343	1.3548
37344	1.35484
37345	1.35488
37346	1.35492
37347	1.35497
37348	1.35501
37349	1.35505
37350	1.35509
37351	1.35513
37352	1.35517
37353	1.35521
37354	1.35525
37355	1.35529
37356	1.35534
37357	1.35538
37358	1.35542
37359	1.35546
37360	1.3555
37361	1.35554
37362	1.35558
37363	1.35562
37364	1.35566
37365	1.3557
37366	1.35575
37367	1.35579
37368	1.35583
37369	1.35587
37370	1.35591
37371	1.35595
37372	1.35599
37373	1.35603
37374	1.35607
37375	1.35611
37376	1.35615
37377	1.35619
37378	1.35623
37379	1.35628
37380	1.35632
37381	1.35636
37382	1.3564
37383	1.35644
37384	1.35648
37385	1.35652
37386	1.35656
37387	1.3566
37388	1.35664
37389	1.35668
37390	1.35672
37391	1.35676
37392	1.3568
37393	1.35684
37394	1.35688
37395	1.35692
37396	1.35696
37397	1.357
37398	1.35704
37399	1.35708
37400	1.35712
37401	1.35716
37402	1.3572
37403	1.35724
37404	1.35728
37405	1.35732
37406	1.35736
37407	1.3574
37408	1.35744
37409	1.35748
37410	1.35752
37411	1.35756
37412	1.3576
37413	1.35764
37414	1.35768
37415	1.35772
37416	1.35776
37417	1.35779
37418	1.35783
37419	1.35787
37420	1.35791
37421	1.35795
37422	1.35799
37423	1.35803
37424	1.35807
37425	1.35811
37426	1.35815
37427	1.35818
37428	1.35822
37429	1.35826
37430	1.3583
37431	1.35834
37432	1.35838
37433	1.35842
37434	1.35845
37435	1.35849
37436	1.35853
37437	1.35857
37438	1.35861
37439	1.35865
37440	1.35868
37441	1.35872
37442	1.35876
37443	1.3588
37444	1.35883
37445	1.35887
37446	1.35891
37447	1.35895
37448	1.35899
37449	1.35902
37450	1.35906
37451	1.3591
37452	1.35913
37453	1.35917
37454	1.35921
37455	1.35925
37456	1.35928
37457	1.35932
37458	1.35936
37459	1.35939
37460	1.35943
37461	1.35947
37462	1.3595
37463	1.35954
37464	1.35958
37465	1.35961
37466	1.35965
37467	1.35969
37468	1.35972
37469	1.35976
37470	1.35979
37471	1.35983
37472	1.35986
37473	1.3599
37474	1.35994
37475	1.35997
37476	1.36001
37477	1.36004
37478	1.36008
37479	1.36011
37480	1.36015
37481	1.36018
37482	1.36022
37483	1.36025
37484	1.36029
37485	1.36032
37486	1.36036
37487	1.36039
37488	1.36043
37489	1.36046
37490	1.3605
37491	1.36053
37492	1.36056
37493	1.3606
37494	1.36063
37495	1.36067
37496	1.3607
37497	1.36073
37498	1.36077
37499	1.3608
37500	1.36083
37501	1.36087
37502	1.3609
37503	1.36093
37504	1.36097
37505	1.361
37506	1.36103
37507	1.36107
37508	1.3611
37509	1.36113
37510	1.36116
37511	1.3612
37512	1.36123
37513	1.36126
37514	1.36129
37515	1.36132
37516	1.36136
37517	1.36139
37518	1.36142
37519	1.36145
37520	1.36148
37521	1.36151
37522	1.36155
37523	1.36158
37524	1.36161
37525	1.36164
37526	1.36167
37527	1.3617
37528	1.36173
37529	1.36176
37530	1.36179
37531	1.36182
37532	1.36185
37533	1.36188
37534	1.36191
37535	1.36194
37536	1.36197
37537	1.362
37538	1.36203
37539	1.36206
37540	1.36209
37541	1.36212
37542	1.36215
37543	1.36218
37544	1.36221
37545	1.36224
37546	1.36227
37547	1.3623
37548	1.36233
37549	1.36236
37550	1.36238
37551	1.36241
37552	1.36244
37553	1.36247
37554	1.3625
37555	1.36253
37556	1.36255
37557	1.36258
37558	1.36261
37559	1.36264
37560	1.36266
37561	1.36269
37562	1.36272
37563	1.36275
37564	1.36277
37565	1.3628
37566	1.36283
37567	1.36285
37568	1.36288
37569	1.36291
37570	1.36293
37571	1.36296
37572	1.36299
37573	1.36301
37574	1.36304
37575	1.36307
37576	1.36309
37577	1.36312
37578	1.36314
37579	1.36317
37580	1.36319
37581	1.36322
37582	1.36324
37583	1.36327
37584	1.36329
37585	1.36332
37586	1.36334
37587	1.36337
37588	1.36339
37589	1.36342
37590	1.36344
37591	1.36347
37592	1.36349
37593	1.36352
37594	1.36354
37595	1.36356
37596	1.36359
37597	1.36361
37598	1.36364
37599	1.36366
37600	1.36368
37601	1.36371
37602	1.36373
37603	1.36375
37604	1.36378
37605	1.3638
37606	1.36382
37607	1.36384
37608	1.36387
37609	1.36389
37610	1.36391
37611	1.36394
37612	1.36396
37613	1.36398
37614	1.364
37615	1.36402
37616	1.36405
37617	1.36407
37618	1.36409
37619	1.36411
37620	1.36413
37621	1.36415
37622	1.36418
37623	1.3642
37624	1.36422
37625	1.36424
37626	1.36426
37627	1.36428
37628	1.3643
37629	1.36432
37630	1.36434
37631	1.36436
37632	1.36438
37633	1.3644
37634	1.36443
37635	1.36445
37636	1.36447
37637	1.36449
37638	1.36451
37639	1.36453
37640	1.36454
37641	1.36456
37642	1.36458
37643	1.3646
37644	1.36462
37645	1.36464
37646	1.36466
37647	1.36468
37648	1.3647
37649	1.36472
37650	1.36474
37651	1.36476
37652	1.36477
37653	1.36479
37654	1.36481
37655	1.36483
37656	1.36485
37657	1.36487
37658	1.36488
37659	1.3649
37660	1.36492
37661	1.36494
37662	1.36496
37663	1.36497
37664	1.36499
37665	1.36501
37666	1.36503
37667	1.36504
37668	1.36506
37669	1.36508
37670	1.3651
37671	1.36511
37672	1.36513
37673	1.36515
37674	1.36516
37675	1.36518
37676	1.3652
37677	1.36521
37678	1.36523
37679	1.36525
37680	1.36526
37681	1.36528
37682	1.3653
37683	1.36531
37684	1.36533
37685	1.36534
37686	1.36536
37687	1.36538
37688	1.36539
37689	1.36541
37690	1.36542
37691	1.36544
37692	1.36545
37693	1.36547
37694	1.36548
37695	1.3655
37696	1.36551
37697	1.36553
37698	1.36554
37699	1.36556
37700	1.36557
37701	1.36559
37702	1.3656
37703	1.36562
37704	1.36563
37705	1.36565
37706	1.36566
37707	1.36568
37708	1.36569
37709	1.36571
37710	1.36572
37711	1.36573
37712	1.36575
37713	1.36576
37714	1.36578
37715	1.36579
37716	1.3658
37717	1.36582
37718	1.36583
37719	1.36585
37720	1.36586
37721	1.36587
37722	1.36589
37723	1.3659
37724	1.36591
37725	1.36593
37726	1.36594
37727	1.36595
37728	1.36597
37729	1.36598
37730	1.36599
37731	1.366
37732	1.36602
37733	1.36603
37734	1.36604
37735	1.36606
37736	1.36607
37737	1.36608
37738	1.36609
37739	1.36611
37740	1.36612
37741	1.36613
37742	1.36614
37743	1.36615
37744	1.36617
37745	1.36618
37746	1.36619
37747	1.3662
37748	1.36622
37749	1.36623
37750	1.36624
37751	1.36625
37752	1.36626
37753	1.36627
37754	1.36629
37755	1.3663
37756	1.36631
37757	1.36632
37758	1.36633
37759	1.36634
37760	1.36636
37761	1.36637
37762	1.36638
37763	1.36639
37764	1.3664
37765	1.36641
37766	1.36642
37767	1.36643
37768	1.36645
37769	1.36646
37770	1.36647
37771	1.36648
37772	1.36649
37773	1.3665
37774	1.36651
37775	1.36652
37776	1.36653
37777	1.36654
37778	1.36655
37779	1.36656
37780	1.36657
37781	1.36659
37782	1.3666
37783	1.36661
37784	1.36662
37785	1.36663
37786	1.36664
37787	1.36665
37788	1.36666
37789	1.36667
37790	1.36668
37791	1.36669
37792	1.3667
37793	1.36671
37794	1.36672
37795	1.36673
37796	1.36674
37797	1.36675
37798	1.36676
37799	1.36677
37800	1.36678
37801	1.36679
37802	1.3668
37803	1.36681
37804	1.36682
37805	1.36683
37806	1.36684
37807	1.36685
37808	1.36686
37809	1.36687
37810	1.36688
37811	1.36689
37812	1.3669
37813	1.3669
37814	1.36691
37815	1.36692
37816	1.36693
37817	1.36694
37818	1.36695
37819	1.36696
37820	1.36697
37821	1.36698
37822	1.36699
37823	1.367
37824	1.36701
37825	1.36702
37826	1.36703
37827	1.36704
37828	1.36704
37829	1.36705
37830	1.36706
37831	1.36707
37832	1.36708
37833	1.36709
37834	1.3671
37835	1.36711
37836	1.36712
37837	1.36713
37838	1.36713
37839	1.36714
37840	1.36715
37841	1.36716
37842	1.36717
37843	1.36718
37844	1.36719
37845	1.3672
37846	1.36721
37847	1.36721
37848	1.36722
37849	1.36723
37850	1.36724
37851	1.36725
37852	1.36726
37853	1.36727
37854	1.36728
37855	1.36728
37856	1.36729
37857	1.3673
37858	1.36731
37859	1.36732
37860	1.36733
37861	1.36734
37862	1.36734
37863	1.36735
37864	1.36736
37865	1.36737
37866	1.36738
37867	1.36739
37868	1.3674
37869	1.3674
37870	1.36741
37871	1.36742
37872	1.36743
37873	1.36744
37874	1.36745
37875	1.36745
37876	1.36746
37877	1.36747
37878	1.36748
37879	1.36749
37880	1.3675
37881	1.36751
37882	1.36751
37883	1.36752
37884	1.36753
37885	1.36754
37886	1.36755
37887	1.36756
37888	1.36756
37889	1.36757
37890	1.36758
37891	1.36759
37892	1.3676
37893	1.36761
37894	1.36761
37895	1.36762
37896	1.36763
37897	1.36764
37898	1.36765
37899	1.36766
37900	1.36766
37901	1.36767
37902	1.36768
37903	1.36769
37904	1.3677
37905	1.3677
37906	1.36771
37907	1.36772
37908	1.36773
37909	1.36774
37910	1.36775
37911	1.36775
37912	1.36776
37913	1.36777
37914	1.36778
37915	1.36779
37916	1.3678
37917	1.3678
37918	1.36781
37919	1.36782
37920	1.36783
37921	1.36784
37922	1.36785
37923	1.36785
37924	1.36786
37925	1.36787
37926	1.36788
37927	1.36789
37928	1.36789
37929	1.3679
37930	1.36791
37931	1.36792
37932	1.36793
37933	1.36794
37934	1.36794
37935	1.36795
37936	1.36796
37937	1.36797
37938	1.36798
37939	1.36798
37940	1.36799
37941	1.368
37942	1.36801
37943	1.36802
37944	1.36803
37945	1.36803
37946	1.36804
37947	1.36805
37948	1.36806
37949	1.36807
37950	1.36808
37951	1.36808
37952	1.36809
37953	1.3681
37954	1.36811
37955	1.36812
37956	1.36812
37957	1.36813
37958	1.36814
37959	1.36815
37960	1.36816
37961	1.36817
37962	1.36817
37963	1.36818
37964	1.36819
37965	1.3682
37966	1.36821
37967	1.36822
37968	1.36822
37969	1.36823
37970	1.36824
37971	1.36825
37972	1.36826
37973	1.36827
37974	1.36827
37975	1.36828
37976	1.36829
37977	1.3683
37978	1.36831
37979	1.36831
37980	1.36832
37981	1.36833
37982	1.36834
37983	1.36835
37984	1.36836
37985	1.36836
37986	1.36837
37987	1.36838
37988	1.36839
37989	1.3684
37990	1.36841
37991	1.36841
37992	1.36842
37993	1.36843
37994	1.36844
37995	1.36845
37996	1.36846
37997	1.36846
37998	1.36847
37999	1.36848
38000	1.36849
38001	1.3685
38002	1.36851
38003	1.36851
38004	1.36852
38005	1.36853
38006	1.36854
38007	1.36855
38008	1.36856
38009	1.36856
38010	1.36857
38011	1.36858
38012	1.36859
38013	1.3686
38014	1.36861
38015	1.36861
38016	1.36862
38017	1.36863
38018	1.36864
38019	1.36865
38020	1.36866
38021	1.36866
38022	1.36867
38023	1.36868
38024	1.36869
38025	1.3687
38026	1.36871
38027	1.36871
38028	1.36872
38029	1.36873
38030	1.36874
38031	1.36875
38032	1.36875
38033	1.36876
38034	1.36877
38035	1.36878
38036	1.36879
38037	1.3688
38038	1.3688
38039	1.36881
38040	1.36882
38041	1.36883
38042	1.36884
38043	1.36885
38044	1.36885
38045	1.36886
38046	1.36887
38047	1.36888
38048	1.36889
38049	1.36889
38050	1.3689
38051	1.36891
38052	1.36892
38053	1.36893
38054	1.36894
38055	1.36894
38056	1.36895
38057	1.36896
38058	1.36897
38059	1.36898
38060	1.36898
38061	1.36899
38062	1.369
38063	1.36901
38064	1.36902
38065	1.36902
38066	1.36903
38067	1.36904
38068	1.36905
38069	1.36906
38070	1.36906
38071	1.36907
38072	1.36908
38073	1.36909
38074	1.3691
38075	1.3691
38076	1.36911
38077	1.36912
38078	1.36913
38079	1.36914
38080	1.36914
38081	1.36915
38082	1.36916
38083	1.36917
38084	1.36917
38085	1.36918
38086	1.36919
38087	1.3692
38088	1.36921
38089	1.36921
38090	1.36922
38091	1.36923
38092	1.36924
38093	1.36924
38094	1.36925
38095	1.36926
38096	1.36927
38097	1.36927
38098	1.36928
38099	1.36929
38100	1.3693
38101	1.3693
38102	1.36931
38103	1.36932
38104	1.36933
38105	1.36933
38106	1.36934
38107	1.36935
38108	1.36936
38109	1.36936
38110	1.36937
38111	1.36938
38112	1.36939
38113	1.36939
38114	1.3694
38115	1.36941
38116	1.36941
38117	1.36942
38118	1.36943
38119	1.36944
38120	1.36944
38121	1.36945
38122	1.36946
38123	1.36946
38124	1.36947
38125	1.36948
38126	1.36948
38127	1.36949
38128	1.3695
38129	1.3695
38130	1.36951
38131	1.36952
38132	1.36953
38133	1.36953
38134	1.36954
38135	1.36954
38136	1.36955
38137	1.36956
38138	1.36956
38139	1.36957
38140	1.36958
38141	1.36958
38142	1.36959
38143	1.3696
38144	1.3696
38145	1.36961
38146	1.36962
38147	1.36962
38148	1.36963
38149	1.36963
38150	1.36964
38151	1.36965
38152	1.36965
38153	1.36966
38154	1.36966
38155	1.36967
38156	1.36968
38157	1.36968
38158	1.36969
38159	1.36969
38160	1.3697
38161	1.3697
38162	1.36971
38163	1.36972
38164	1.36972
38165	1.36973
38166	1.36973
38167	1.36974
38168	1.36974
38169	1.36975
38170	1.36975
38171	1.36976
38172	1.36976
38173	1.36977
38174	1.36977
38175	1.36978
38176	1.36978
38177	1.36979
38178	1.36979
38179	1.3698
38180	1.3698
38181	1.36981
38182	1.36981
38183	1.36982
38184	1.36982
38185	1.36983
38186	1.36983
38187	1.36983
38188	1.36984
38189	1.36984
38190	1.36985
38191	1.36985
38192	1.36986
38193	1.36986
38194	1.36986
38195	1.36987
38196	1.36987
38197	1.36988
38198	1.36988
38199	1.36988
38200	1.36989
38201	1.36989
38202	1.36989
38203	1.3699
38204	1.3699
38205	1.3699
38206	1.36991
38207	1.36991
38208	1.36991
38209	1.36992
38210	1.36992
38211	1.36992
38212	1.36993
38213	1.36993
38214	1.36993
38215	1.36994
38216	1.36994
38217	1.36994
38218	1.36994
38219	1.36995
38220	1.36995
38221	1.36995
38222	1.36995
38223	1.36996
38224	1.36996
38225	1.36996
38226	1.36996
38227	1.36996
38228	1.36997
38229	1.36997
38230	1.36997
38231	1.36997
38232	1.36997
38233	1.36998
38234	1.36998
38235	1.36998
38236	1.36998
38237	1.36998
38238	1.36998
38239	1.36998
38240	1.36999
38241	1.36999
38242	1.36999
38243	1.36999
38244	1.36999
38245	1.36999
38246	1.36999
38247	1.36999
38248	1.36999
38249	1.36999
38250	1.36999
38251	1.36999
38252	1.37
38253	1.37
38254	1.37
38255	1.37
38256	1.37
38257	1.37
38258	1.37
38259	1.37
38260	1.37
38261	1.37
38262	1.37
38263	1.36999
38264	1.36999
38265	1.36999
38266	1.36999
38267	1.36999
38268	1.36999
38269	1.36999
38270	1.36999
38271	1.36999
38272	1.36999
38273	1.36999
38274	1.36999
38275	1.36998
38276	1.36998
38277	1.36998
38278	1.36998
38279	1.36998
38280	1.36998
38281	1.36997
38282	1.36997
38283	1.36997
38284	1.36997
38285	1.36997
38286	1.36996
38287	1.36996
38288	1.36996
38289	1.36996
38290	1.36995
38291	1.36995
38292	1.36995
38293	1.36995
38294	1.36994
38295	1.36994
38296	1.36994
38297	1.36994
38298	1.36993
38299	1.36993
38300	1.36993
38301	1.36992
38302	1.36992
38303	1.36992
38304	1.36991
38305	1.36991
38306	1.3699
38307	1.3699
38308	1.3699
38309	1.36989
38310	1.36989
38311	1.36988
38312	1.36988
38313	1.36988
38314	1.36987
38315	1.36987
38316	1.36986
38317	1.36986
38318	1.36985
38319	1.36985
38320	1.36984
38321	1.36984
38322	1.36983
38323	1.36983
38324	1.36982
38325	1.36982
38326	1.36981
38327	1.36981
38328	1.3698
38329	1.36979
38330	1.36979
38331	1.36978
38332	1.36978
38333	1.36977
38334	1.36977
38335	1.36976
38336	1.36975
38337	1.36975
38338	1.36974
38339	1.36973
38340	1.36973
38341	1.36972
38342	1.36971
38343	1.36971
38344	1.3697
38345	1.36969
38346	1.36969
38347	1.36968
38348	1.36967
38349	1.36966
38350	1.36966
38351	1.36965
38352	1.36964
38353	1.36963
38354	1.36963
38355	1.36962
38356	1.36961
38357	1.3696
38358	1.3696
38359	1.36959
38360	1.36958
38361	1.36957
38362	1.36956
38363	1.36955
38364	1.36955
38365	1.36954
38366	1.36953
38367	1.36952
38368	1.36951
38369	1.3695
38370	1.36949
38371	1.36948
38372	1.36947
38373	1.36947
38374	1.36946
38375	1.36945
38376	1.36944
38377	1.36943
38378	1.36942
38379	1.36941
38380	1.3694
38381	1.36939
38382	1.36938
38383	1.36937
38384	1.36936
38385	1.36935
38386	1.36934
38387	1.36933
38388	1.36932
38389	1.36931
38390	1.3693
38391	1.36929
38392	1.36928
38393	1.36926
38394	1.36925
38395	1.36924
38396	1.36923
38397	1.36922
38398	1.36921
38399	1.3692
38400	1.36919
38401	1.36918
38402	1.36916
38403	1.36915
38404	1.36914
38405	1.36913
38406	1.36912
38407	1.36911
38408	1.36909
38409	1.36908
38410	1.36907
38411	1.36906
38412	1.36905
38413	1.36903
38414	1.36902
38415	1.36901
38416	1.369
38417	1.36898
38418	1.36897
38419	1.36896
38420	1.36895
38421	1.36893
38422	1.36892
38423	1.36891
38424	1.36889
38425	1.36888
38426	1.36887
38427	1.36885
38428	1.36884
38429	1.36883
38430	1.36881
38431	1.3688
38432	1.36879
38433	1.36877
38434	1.36876
38435	1.36875
38436	1.36873
38437	1.36872
38438	1.36871
38439	1.36869
38440	1.36868
38441	1.36866
38442	1.36865
38443	1.36863
38444	1.36862
38445	1.36861
38446	1.36859
38447	1.36858
38448	1.36856
38449	1.36855
38450	1.36853
38451	1.36852
38452	1.3685
38453	1.36849
38454	1.36847
38455	1.36846
38456	1.36844
38457	1.36843
38458	1.36841
38459	1.3684
38460	1.36838
38461	1.36837
38462	1.36835
38463	1.36834
38464	1.36832
38465	1.36831
38466	1.36829
38467	1.36828
38468	1.36826
38469	1.36825
38470	1.36823
38471	1.36821
38472	1.3682
38473	1.36818
38474	1.36817
38475	1.36815
38476	1.36813
38477	1.36812
38478	1.3681
38479	1.36809
38480	1.36807
38481	1.36805
38482	1.36804
38483	1.36802
38484	1.368
38485	1.36799
38486	1.36797
38487	1.36796
38488	1.36794
38489	1.36792
38490	1.36791
38491	1.36789
38492	1.36787
38493	1.36786
38494	1.36784
38495	1.36782
38496	1.3678
38497	1.36779
38498	1.36777
38499	1.36775
38500	1.36774
38501	1.36772
38502	1.3677
38503	1.36769
38504	1.36767
38505	1.36765
38506	1.36763
38507	1.36762
38508	1.3676
38509	1.36758
38510	1.36757
38511	1.36755
38512	1.36753
38513	1.36751
38514	1.3675
38515	1.36748
38516	1.36746
38517	1.36744
38518	1.36743
38519	1.36741
38520	1.36739
38521	1.36737
38522	1.36736
38523	1.36734
38524	1.36732
38525	1.3673
38526	1.36728
38527	1.36727
38528	1.36725
38529	1.36723
38530	1.36721
38531	1.3672
38532	1.36718
38533	1.36716
38534	1.36714
38535	1.36712
38536	1.36711
38537	1.36709
38538	1.36707
38539	1.36705
38540	1.36703
38541	1.36702
38542	1.367
38543	1.36698
38544	1.36696
38545	1.36694
38546	1.36693
38547	1.36691
38548	1.36689
38549	1.36687
38550	1.36685
38551	1.36684
38552	1.36682
38553	1.3668
38554	1.36678
38555	1.36676
38556	1.36675
38557	1.36673
38558	1.36671
38559	1.36669
38560	1.36667
38561	1.36665
38562	1.36664
38563	1.36662
38564	1.3666
38565	1.36658
38566	1.36656
38567	1.36655
38568	1.36653
38569	1.36651
38570	1.36649
38571	1.36647
38572	1.36645
38573	1.36644
38574	1.36642
38575	1.3664
38576	1.36638
38577	1.36636
38578	1.36635
38579	1.36633
38580	1.36631
38581	1.36629
38582	1.36627
38583	1.36625
38584	1.36624
38585	1.36622
38586	1.3662
38587	1.36618
38588	1.36616
38589	1.36615
38590	1.36613
38591	1.36611
38592	1.36609
38593	1.36607
38594	1.36606
38595	1.36604
38596	1.36602
38597	1.366
38598	1.36598
38599	1.36597
38600	1.36595
38601	1.36593
38602	1.36591
38603	1.36589
38604	1.36588
38605	1.36586
38606	1.36584
38607	1.36582
38608	1.3658
38609	1.36579
38610	1.36577
38611	1.36575
38612	1.36573
38613	1.36572
38614	1.3657
38615	1.36568
38616	1.36566
38617	1.36565
38618	1.36563
38619	1.36561
38620	1.36559
38621	1.36557
38622	1.36556
38623	1.36554
38624	1.36552
38625	1.3655
38626	1.36549
38627	1.36547
38628	1.36545
38629	1.36544
38630	1.36542
38631	1.3654
38632	1.36538
38633	1.36537
38634	1.36535
38635	1.36533
38636	1.36531
38637	1.3653
38638	1.36528
38639	1.36526
38640	1.36525
38641	1.36523
38642	1.36521
38643	1.36519
38644	1.36518
38645	1.36516
38646	1.36514
38647	1.36513
38648	1.36511
38649	1.36509
38650	1.36508
38651	1.36506
38652	1.36504
38653	1.36503
38654	1.36501
38655	1.36499
38656	1.36498
38657	1.36496
38658	1.36494
38659	1.36493
38660	1.36491
38661	1.3649
38662	1.36488
38663	1.36486
38664	1.36485
38665	1.36483
38666	1.36481
38667	1.3648
38668	1.36478
38669	1.36477
38670	1.36475
38671	1.36473
38672	1.36472
38673	1.3647
38674	1.36469
38675	1.36467
38676	1.36465
38677	1.36464
38678	1.36462
38679	1.36461
38680	1.36459
38681	1.36458
38682	1.36456
38683	1.36455
38684	1.36453
38685	1.36451
38686	1.3645
38687	1.36448
38688	1.36447
38689	1.36445
38690	1.36444
38691	1.36442
38692	1.36441
38693	1.36439
38694	1.36438
38695	1.36436
38696	1.36435
38697	1.36433
38698	1.36432
38699	1.3643
38700	1.36429
38701	1.36427
38702	1.36426
38703	1.36424
38704	1.36423
38705	1.36422
38706	1.3642
38707	1.36419
38708	1.36417
38709	1.36416
38710	1.36414
38711	1.36413
38712	1.36412
38713	1.3641
38714	1.36409
38715	1.36407
38716	1.36406
38717	1.36405
38718	1.36403
38719	1.36402
38720	1.364
38721	1.36399
38722	1.36398
38723	1.36396
38724	1.36395
38725	1.36394
38726	1.36392
38727	1.36391
38728	1.3639
38729	1.36388
38730	1.36387
38731	1.36386
38732	1.36384
38733	1.36383
38734	1.36382
38735	1.3638
38736	1.36379
38737	1.36378
38738	1.36377
38739	1.36375
38740	1.36374
38741	1.36373
38742	1.36371
38743	1.3637
38744	1.36369
38745	1.36368
38746	1.36367
38747	1.36365
38748	1.36364
38749	1.36363
38750	1.36362
38751	1.3636
38752	1.36359
38753	1.36358
38754	1.36357
38755	1.36356
38756	1.36355
38757	1.36353
38758	1.36352
38759	1.36351
38760	1.3635
38761	1.36349
38762	1.36348
38763	1.36347
38764	1.36345
38765	1.36344
38766	1.36343
38767	1.36342
38768	1.36341
38769	1.3634
38770	1.36339
38771	1.36338
38772	1.36337
38773	1.36336
38774	1.36335
38775	1.36334
38776	1.36332
38777	1.36331
38778	1.3633
38779	1.36329
38780	1.36328
38781	1.36327
38782	1.36326
38783	1.36325
38784	1.36324
38785	1.36323
38786	1.36322
38787	1.36321
38788	1.36321
38789	1.3632
38790	1.36319
38791	1.36318
38792	1.36317
38793	1.36316
38794	1.36315
38795	1.36314
38796	1.36313
38797	1.36312
38798	1.36311
38799	1.36311
38800	1.3631
38801	1.36309
38802	1.36308
38803	1.36307
38804	1.36306
38805	1.36306
38806	1.36305
38807	1.36304
38808	1.36303
38809	1.36302
38810	1.36302
38811	1.36301
38812	1.363
38813	1.36299
38814	1.36298
38815	1.36298
38816	1.36297
38817	1.36296
38818	1.36296
38819	1.36295
38820	1.36294
38821	1.36294
38822	1.36293
38823	1.36292
38824	1.36292
38825	1.36291
38826	1.3629
38827	1.3629
38828	1.36289
38829	1.36288
38830	1.36288
38831	1.36287
38832	1.36287
38833	1.36286
38834	1.36285
38835	1.36285
38836	1.36284
38837	1.36284
38838	1.36283
38839	1.36283
38840	1.36282
38841	1.36282
38842	1.36281
38843	1.36281
38844	1.3628
38845	1.3628
38846	1.36279
38847	1.36279
38848	1.36278
38849	1.36278
38850	1.36278
38851	1.36277
38852	1.36277
38853	1.36276
38854	1.36276
38855	1.36276
38856	1.36275
38857	1.36275
38858	1.36275
38859	1.36274
38860	1.36274
38861	1.36274
38862	1.36273
38863	1.36273
38864	1.36273
38865	1.36272
38866	1.36272
38867	1.36272
38868	1.36272
38869	1.36271
38870	1.36271
38871	1.36271
38872	1.36271
38873	1.36271
38874	1.3627
38875	1.3627
38876	1.3627
38877	1.3627
38878	1.3627
38879	1.3627
38880	1.36269
38881	1.36269
38882	1.36269
38883	1.36269
38884	1.36269
38885	1.36269
38886	1.36269
38887	1.36269
38888	1.36269
38889	1.36269
38890	1.36269
38891	1.36269
38892	1.36269
38893	1.36269
38894	1.36269
38895	1.36269
38896	1.36269
38897	1.36269
38898	1.36269
38899	1.36269
38900	1.36269
38901	1.36269
38902	1.36269
38903	1.36269
38904	1.36269
38905	1.36269
38906	1.36269
38907	1.36269
38908	1.36269
38909	1.3627
38910	1.3627
38911	1.3627
38912	1.3627
38913	1.3627
38914	1.3627
38915	1.3627
38916	1.36271
38917	1.36271
38918	1.36271
38919	1.36271
38920	1.36271
38921	1.36272
38922	1.36272
38923	1.36272
38924	1.36272
38925	1.36272
38926	1.36273
38927	1.36273
38928	1.36273
38929	1.36273
38930	1.36274
38931	1.36274
38932	1.36274
38933	1.36275
38934	1.36275
38935	1.36275
38936	1.36275
38937	1.36276
38938	1.36276
38939	1.36276
38940	1.36277
38941	1.36277
38942	1.36277
38943	1.36278
38944	1.36278
38945	1.36278
38946	1.36279
38947	1.36279
38948	1.36279
38949	1.3628
38950	1.3628
38951	1.36281
38952	1.36281
38953	1.36281
38954	1.36282
38955	1.36282
38956	1.36282
38957	1.36283
38958	1.36283
38959	1.36284
38960	1.36284
38961	1.36284
38962	1.36285
38963	1.36285
38964	1.36285
38965	1.36286
38966	1.36286
38967	1.36287
38968	1.36287
38969	1.36287
38970	1.36288
38971	1.36288
38972	1.36289
38973	1.36289
38974	1.36289
38975	1.3629
38976	1.3629
38977	1.36291
38978	1.36291
38979	1.36291
38980	1.36292
38981	1.36292
38982	1.36293
38983	1.36293
38984	1.36293
38985	1.36294
38986	1.36294
38987	1.36294
38988	1.36295
38989	1.36295
38990	1.36296
38991	1.36296
38992	1.36296
38993	1.36297
38994	1.36297
38995	1.36297
38996	1.36298
38997	1.36298
38998	1.36298
38999	1.36299
39000	1.36299
39001	1.36299
39002	1.363
39003	1.363
39004	1.363
39005	1.36301
39006	1.36301
39007	1.36301
39008	1.36301
39009	1.36302
39010	1.36302
39011	1.36302
39012	1.36303
39013	1.36303
39014	1.36303
39015	1.36303
39016	1.36304
39017	1.36304
39018	1.36304
39019	1.36304
39020	1.36304
39021	1.36305
39022	1.36305
39023	1.36305
39024	1.36305
39025	1.36305
39026	1.36305
39027	1.36306
39028	1.36306
39029	1.36306
39030	1.36306
39031	1.36306
39032	1.36306
39033	1.36306
39034	1.36306
39035	1.36306
39036	1.36306
39037	1.36306
39038	1.36306
39039	1.36306
39040	1.36306
39041	1.36306
39042	1.36306
39043	1.36306
39044	1.36306
39045	1.36306
39046	1.36306
39047	1.36306
39048	1.36306
39049	1.36306
39050	1.36306
39051	1.36306
39052	1.36306
39053	1.36306
39054	1.36305
39055	1.36305
39056	1.36305
39057	1.36305
39058	1.36305
39059	1.36304
39060	1.36304
39061	1.36304
39062	1.36304
39063	1.36303
39064	1.36303
39065	1.36303
39066	1.36303
39067	1.36302
39068	1.36302
39069	1.36301
39070	1.36301
39071	1.36301
39072	1.363
39073	1.363
39074	1.363
39075	1.36299
39076	1.36299
39077	1.36298
39078	1.36298
39079	1.36297
39080	1.36297
39081	1.36296
39082	1.36296
39083	1.36295
39084	1.36294
39085	1.36294
39086	1.36293
39087	1.36293
39088	1.36292
39089	1.36291
39090	1.36291
39091	1.3629
39092	1.36289
39093	1.36289
39094	1.36288
39095	1.36287
39096	1.36286
39097	1.36286
39098	1.36285
39099	1.36284
39100	1.36283
39101	1.36282
39102	1.36281
39103	1.36281
39104	1.3628
39105	1.36279
39106	1.36278
39107	1.36277
39108	1.36276
39109	1.36275
39110	1.36274
39111	1.36273
39112	1.36272
39113	1.36271
39114	1.3627
39115	1.36269
39116	1.36268
39117	1.36267
39118	1.36266
39119	1.36264
39120	1.36263
39121	1.36262
39122	1.36261
39123	1.3626
39124	1.36259
39125	1.36257
39126	1.36256
39127	1.36255
39128	1.36254
39129	1.36252
39130	1.36251
39131	1.3625
39132	1.36248
39133	1.36247
39134	1.36246
39135	1.36244
39136	1.36243
39137	1.36241
39138	1.3624
39139	1.36238
39140	1.36237
39141	1.36236
39142	1.36234
39143	1.36232
39144	1.36231
39145	1.36229
39146	1.36228
39147	1.36226
39148	1.36225
39149	1.36223
39150	1.36221
39151	1.3622
39152	1.36218
39153	1.36216
39154	1.36215
39155	1.36213
39156	1.36211
39157	1.3621
39158	1.36208
39159	1.36206
39160	1.36204
39161	1.36203
39162	1.36201
39163	1.36199
39164	1.36197
39165	1.36195
39166	1.36193
39167	1.36192
39168	1.3619
39169	1.36188
39170	1.36186
39171	1.36184
39172	1.36182
39173	1.3618
39174	1.36178
39175	1.36176
39176	1.36174
39177	1.36172
39178	1.3617
39179	1.36168
39180	1.36166
39181	1.36164
39182	1.36162
39183	1.36159
39184	1.36157
39185	1.36155
39186	1.36153
39187	1.36151
39188	1.36149
39189	1.36147
39190	1.36144
39191	1.36142
39192	1.3614
39193	1.36138
39194	1.36135
39195	1.36133
39196	1.36131
39197	1.36129
39198	1.36126
39199	1.36124
39200	1.36122
39201	1.36119
39202	1.36117
39203	1.36115
39204	1.36112
39205	1.3611
39206	1.36107
39207	1.36105
39208	1.36102
39209	1.361
39210	1.36098
39211	1.36095
39212	1.36093
39213	1.3609
39214	1.36088
39215	1.36085
39216	1.36083
39217	1.3608
39218	1.36078
39219	1.36075
39220	1.36072
39221	1.3607
39222	1.36067
39223	1.36065
39224	1.36062
39225	1.36059
39226	1.36057
39227	1.36054
39228	1.36051
39229	1.36049
39230	1.36046
39231	1.36043
39232	1.36041
39233	1.36038
39234	1.36035
39235	1.36032
39236	1.3603
39237	1.36027
39238	1.36024
39239	1.36021
39240	1.36019
39241	1.36016
39242	1.36013
39243	1.3601
39244	1.36007
39245	1.36005
39246	1.36002
39247	1.35999
39248	1.35996
39249	1.35993
39250	1.3599
39251	1.35987
39252	1.35984
39253	1.35982
39254	1.35979
39255	1.35976
39256	1.35973
39257	1.3597
39258	1.35967
39259	1.35964
39260	1.35961
39261	1.35958
39262	1.35955
39263	1.35952
39264	1.35949
39265	1.35946
39266	1.35943
39267	1.3594
39268	1.35937
39269	1.35934
39270	1.35931
39271	1.35928
39272	1.35925
39273	1.35922
39274	1.35918
39275	1.35915
39276	1.35912
39277	1.35909
39278	1.35906
39279	1.35903
39280	1.359
39281	1.35897
39282	1.35893
39283	1.3589
39284	1.35887
39285	1.35884
39286	1.35881
39287	1.35878
39288	1.35874
39289	1.35871
39290	1.35868
39291	1.35865
39292	1.35861
39293	1.35858
39294	1.35855
39295	1.35852
39296	1.35849
39297	1.35845
39298	1.35842
39299	1.35839
39300	1.35835
39301	1.35832
39302	1.35829
39303	1.35826
39304	1.35822
39305	1.35819
39306	1.35816
39307	1.35812
39308	1.35809
39309	1.35806
39310	1.35802
39311	1.35799
39312	1.35796
39313	1.35792
39314	1.35789
39315	1.35785
39316	1.35782
39317	1.35779
39318	1.35775
39319	1.35772
39320	1.35768
39321	1.35765
39322	1.35762
39323	1.35758
39324	1.35755
39325	1.35751
39326	1.35748
39327	1.35744
39328	1.35741
39329	1.35737
39330	1.35734
39331	1.3573
39332	1.35727
39333	1.35724
39334	1.3572
39335	1.35717
39336	1.35713
39337	1.3571
39338	1.35706
39339	1.35703
39340	1.35699
39341	1.35695
39342	1.35692
39343	1.35688
39344	1.35685
39345	1.35681
39346	1.35678
39347	1.35674
39348	1.35671
39349	1.35667
39350	1.35664
39351	1.3566
39352	1.35656
39353	1.35653
39354	1.35649
39355	1.35646
39356	1.35642
39357	1.35638
39358	1.35635
39359	1.35631
39360	1.35628
39361	1.35624
39362	1.3562
39363	1.35617
39364	1.35613
39365	1.35609
39366	1.35606
39367	1.35602
39368	1.35599
39369	1.35595
39370	1.35591
39371	1.35588
39372	1.35584
39373	1.3558
39374	1.35577
39375	1.35573
39376	1.35569
39377	1.35566
39378	1.35562
39379	1.35558
39380	1.35554
39381	1.35551
39382	1.35547
39383	1.35543
39384	1.3554
39385	1.35536
39386	1.35532
39387	1.35529
39388	1.35525
39389	1.35521
39390	1.35517
39391	1.35514
39392	1.3551
39393	1.35506
39394	1.35502
39395	1.35499
39396	1.35495
39397	1.35491
39398	1.35488
39399	1.35484
39400	1.3548
39401	1.35476
39402	1.35473
39403	1.35469
39404	1.35465
39405	1.35461
39406	1.35458
39407	1.35454
39408	1.3545
39409	1.35446
39410	1.35442
39411	1.35439
39412	1.35435
39413	1.35431
39414	1.35427
39415	1.35424
39416	1.3542
39417	1.35416
39418	1.35412
39419	1.35409
39420	1.35405
39421	1.35401
39422	1.35397
39423	1.35393
39424	1.3539
39425	1.35386
39426	1.35382
39427	1.35378
39428	1.35374
39429	1.35371
39430	1.35367
39431	1.35363
39432	1.35359
39433	1.35356
39434	1.35352
39435	1.35348
39436	1.35344
39437	1.3534
39438	1.35337
39439	1.35333
39440	1.35329
39441	1.35325
39442	1.35321
39443	1.35318
39444	1.35314
39445	1.3531
39446	1.35306
39447	1.35302
39448	1.35299
39449	1.35295
39450	1.35291
39451	1.35287
39452	1.35284
39453	1.3528
39454	1.35276
39455	1.35272
39456	1.35268
39457	1.35265
39458	1.35261
39459	1.35257
39460	1.35253
39461	1.3525
39462	1.35246
39463	1.35242
39464	1.35238
39465	1.35235
39466	1.35231
39467	1.35227
39468	1.35223
39469	1.35219
39470	1.35216
39471	1.35212
39472	1.35208
39473	1.35204
39474	1.35201
39475	1.35197
39476	1.35193
39477	1.3519
39478	1.35186
39479	1.35182
39480	1.35178
39481	1.35175
39482	1.35171
39483	1.35167
39484	1.35163
39485	1.3516
39486	1.35156
39487	1.35152
39488	1.35149
39489	1.35145
39490	1.35141
39491	1.35138
39492	1.35134
39493	1.3513
39494	1.35126
39495	1.35123
39496	1.35119
39497	1.35115
39498	1.35112
39499	1.35108
39500	1.35104
39501	1.35101
39502	1.35097
39503	1.35094
39504	1.3509
39505	1.35086
39506	1.35083
39507	1.35079
39508	1.35075
39509	1.35072
39510	1.35068
39511	1.35065
39512	1.35061
39513	1.35057
39514	1.35054
39515	1.3505
39516	1.35047
39517	1.35043
39518	1.3504
39519	1.35036
39520	1.35032
39521	1.35029
39522	1.35025
39523	1.35022
39524	1.35018
39525	1.35015
39526	1.35011
39527	1.35008
39528	1.35004
39529	1.35001
39530	1.34997
39531	1.34994
39532	1.3499
39533	1.34987
39534	1.34983
39535	1.3498
39536	1.34976
39537	1.34973
39538	1.3497
39539	1.34966
39540	1.34963
39541	1.34959
39542	1.34956
39543	1.34952
39544	1.34949
39545	1.34946
39546	1.34942
39547	1.34939
39548	1.34936
39549	1.34932
39550	1.34929
39551	1.34926
39552	1.34922
39553	1.34919
39554	1.34916
39555	1.34912
39556	1.34909
39557	1.34906
39558	1.34902
39559	1.34899
39560	1.34896
39561	1.34893
39562	1.34889
39563	1.34886
39564	1.34883
39565	1.3488
39566	1.34876
39567	1.34873
39568	1.3487
39569	1.34867
39570	1.34864
39571	1.34861
39572	1.34857
39573	1.34854
39574	1.34851
39575	1.34848
39576	1.34845
39577	1.34842
39578	1.34839
39579	1.34836
39580	1.34832
39581	1.34829
39582	1.34826
39583	1.34823
39584	1.3482
39585	1.34817
39586	1.34814
39587	1.34811
39588	1.34808
39589	1.34805
39590	1.34802
39591	1.34799
39592	1.34796
39593	1.34793
39594	1.3479
39595	1.34787
39596	1.34784
39597	1.34782
39598	1.34779
39599	1.34776
39600	1.34773
39601	1.3477
39602	1.34767
39603	1.34764
39604	1.34762
39605	1.34759
39606	1.34756
39607	1.34753
39608	1.3475
39609	1.34748
39610	1.34745
39611	1.34742
39612	1.34739
39613	1.34737
39614	1.34734
39615	1.34731
39616	1.34728
39617	1.34726
39618	1.34723
39619	1.3472
39620	1.34718
39621	1.34715
39622	1.34712
39623	1.3471
39624	1.34707
39625	1.34705
39626	1.34702
39627	1.347
39628	1.34697
39629	1.34694
39630	1.34692
39631	1.34689
39632	1.34687
39633	1.34684
39634	1.34682
39635	1.34679
39636	1.34677
39637	1.34674
39638	1.34672
39639	1.3467
39640	1.34667
39641	1.34665
39642	1.34662
39643	1.3466
39644	1.34658
39645	1.34655
39646	1.34653
39647	1.34651
39648	1.34648
39649	1.34646
39650	1.34644
39651	1.34642
39652	1.34639
39653	1.34637
39654	1.34635
39655	1.34633
39656	1.3463
39657	1.34628
39658	1.34626
39659	1.34624
39660	1.34622
39661	1.3462
39662	1.34617
39663	1.34615
39664	1.34613
39665	1.34611
39666	1.34609
39667	1.34607
39668	1.34605
39669	1.34603
39670	1.34601
39671	1.34599
39672	1.34597
39673	1.34595
39674	1.34593
39675	1.34591
39676	1.34589
39677	1.34587
39678	1.34585
39679	1.34583
39680	1.34582
39681	1.3458
39682	1.34578
39683	1.34576
39684	1.34574
39685	1.34572
39686	1.34571
39687	1.34569
39688	1.34567
39689	1.34565
39690	1.34563
39691	1.34562
39692	1.3456
39693	1.34558
39694	1.34557
39695	1.34555
39696	1.34553
39697	1.34552
39698	1.3455
39699	1.34548
39700	1.34547
39701	1.34545
39702	1.34544
39703	1.34542
39704	1.34541
39705	1.34539
39706	1.34537
39707	1.34536
39708	1.34534
39709	1.34533
39710	1.34532
39711	1.3453
39712	1.34529
39713	1.34527
39714	1.34526
39715	1.34524
39716	1.34523
39717	1.34522
39718	1.3452
39719	1.34519
39720	1.34518
39721	1.34516
39722	1.34515
39723	1.34514
39724	1.34512
39725	1.34511
39726	1.3451
39727	1.34509
39728	1.34508
39729	1.34506
39730	1.34505
39731	1.34504
39732	1.34503
39733	1.34502
39734	1.34501
39735	1.345
39736	1.34498
39737	1.34497
39738	1.34496
39739	1.34495
39740	1.34494
39741	1.34493
39742	1.34492
39743	1.34491
39744	1.3449
39745	1.34489
39746	1.34488
39747	1.34487
39748	1.34486
39749	1.34485
39750	1.34485
39751	1.34484
39752	1.34483
39753	1.34482
39754	1.34481
39755	1.3448
39756	1.34479
39757	1.34479
39758	1.34478
39759	1.34477
39760	1.34476
39761	1.34476
39762	1.34475
39763	1.34474
39764	1.34473
39765	1.34473
39766	1.34472
39767	1.34471
39768	1.34471
39769	1.3447
39770	1.3447
39771	1.34469
39772	1.34468
39773	1.34468
39774	1.34467
39775	1.34467
39776	1.34466
39777	1.34466
39778	1.34465
39779	1.34465
39780	1.34464
39781	1.34464
39782	1.34463
39783	1.34463
39784	1.34462
39785	1.34462
39786	1.34462
39787	1.34461
39788	1.34461
39789	1.34461
39790	1.3446
39791	1.3446
39792	1.3446
39793	1.34459
39794	1.34459
39795	1.34459
39796	1.34458
39797	1.34458
39798	1.34458
39799	1.34458
39800	1.34458
39801	1.34457
39802	1.34457
39803	1.34457
39804	1.34457
39805	1.34457
39806	1.34457
39807	1.34456
39808	1.34456
39809	1.34456
39810	1.34456
39811	1.34456
39812	1.34456
39813	1.34456
39814	1.34456
39815	1.34456
39816	1.34456
39817	1.34456
39818	1.34456
39819	1.34456
39820	1.34456
39821	1.34456
39822	1.34456
39823	1.34456
39824	1.34457
39825	1.34457
39826	1.34457
39827	1.34457
39828	1.34457
39829	1.34457
39830	1.34458
39831	1.34458
39832	1.34458
39833	1.34458
39834	1.34458
39835	1.34459
39836	1.34459
39837	1.34459
39838	1.34459
39839	1.3446
39840	1.3446
39841	1.3446
39842	1.34461
39843	1.34461
39844	1.34461
39845	1.34462
39846	1.34462
39847	1.34463
39848	1.34463
39849	1.34463
39850	1.34464
39851	1.34464
39852	1.34465
39853	1.34465
39854	1.34466
39855	1.34466
39856	1.34467
39857	1.34467
39858	1.34468
39859	1.34468
39860	1.34469
39861	1.34469
39862	1.3447
39863	1.3447
39864	1.34471
39865	1.34472
39866	1.34472
39867	1.34473
39868	1.34474
39869	1.34474
39870	1.34475
39871	1.34475
39872	1.34476
39873	1.34477
39874	1.34478
39875	1.34478
39876	1.34479
39877	1.3448
39878	1.3448
39879	1.34481
39880	1.34482
39881	1.34483
39882	1.34484
39883	1.34484
39884	1.34485
39885	1.34486
39886	1.34487
39887	1.34488
39888	1.34488
39889	1.34489
39890	1.3449
39891	1.34491
39892	1.34492
39893	1.34493
39894	1.34494
39895	1.34495
39896	1.34496
39897	1.34497
39898	1.34498
39899	1.34498
39900	1.34499
39901	1.345
39902	1.34501
39903	1.34502
39904	1.34503
39905	1.34504
39906	1.34505
39907	1.34506
39908	1.34508
39909	1.34509
39910	1.3451
39911	1.34511
39912	1.34512
39913	1.34513
39914	1.34514
39915	1.34515
39916	1.34516
39917	1.34517
39918	1.34518
39919	1.3452
39920	1.34521
39921	1.34522
39922	1.34523
39923	1.34524
39924	1.34525
39925	1.34527
39926	1.34528
39927	1.34529
39928	1.3453
39929	1.34531
39930	1.34533
39931	1.34534
39932	1.34535
39933	1.34536
39934	1.34538
39935	1.34539
39936	1.3454
39937	1.34542
39938	1.34543
39939	1.34544
39940	1.34545
39941	1.34547
39942	1.34548
39943	1.34549
39944	1.34551
39945	1.34552
39946	1.34554
39947	1.34555
39948	1.34556
39949	1.34558
39950	1.34559
39951	1.3456
39952	1.34562
39953	1.34563
39954	1.34565
39955	1.34566
39956	1.34567
39957	1.34569
39958	1.3457
39959	1.34572
39960	1.34573
39961	1.34575
39962	1.34576
39963	1.34578
39964	1.34579
39965	1.34581
39966	1.34582
39967	1.34584
39968	1.34585
39969	1.34587
39970	1.34588
39971	1.3459
39972	1.34591
39973	1.34593
39974	1.34594
39975	1.34596
39976	1.34597
39977	1.34599
39978	1.34601
39979	1.34602
39980	1.34604
39981	1.34605
39982	1.34607
39983	1.34608
39984	1.3461
39985	1.34612
39986	1.34613
39987	1.34615
39988	1.34617
39989	1.34618
39990	1.3462
39991	1.34621
39992	1.34623
39993	1.34625
39994	1.34626
39995	1.34628
39996	1.3463
39997	1.34631
39998	1.34633
39999	1.34635
40000	1.34636
40001	1.34638
40002	1.3464
40003	1.34641
40004	1.34643
40005	1.34645
40006	1.34647
40007	1.34648
40008	1.3465
40009	1.34652
40010	1.34653
40011	1.34655
40012	1.34657
40013	1.34659
40014	1.3466
40015	1.34662
40016	1.34664
40017	1.34666
40018	1.34667
40019	1.34669
40020	1.34671
40021	1.34673
40022	1.34674
40023	1.34676
40024	1.34678
40025	1.3468
40026	1.34681
40027	1.34683
40028	1.34685
40029	1.34687
40030	1.34689
40031	1.3469
40032	1.34692
40033	1.34694
40034	1.34696
40035	1.34698
40036	1.34699
40037	1.34701
40038	1.34703
40039	1.34705
40040	1.34707
40041	1.34709
40042	1.3471
40043	1.34712
40044	1.34714
40045	1.34716
40046	1.34718
40047	1.3472
40048	1.34721
40049	1.34723
40050	1.34725
40051	1.34727
40052	1.34729
40053	1.34731
40054	1.34733
40055	1.34734
40056	1.34736
40057	1.34738
40058	1.3474
40059	1.34742
40060	1.34744
40061	1.34746
40062	1.34748
40063	1.34749
40064	1.34751
40065	1.34753
40066	1.34755
40067	1.34757
40068	1.34759
40069	1.34761
40070	1.34763
40071	1.34764
40072	1.34766
40073	1.34768
40074	1.3477
40075	1.34772
40076	1.34774
40077	1.34776
40078	1.34778
40079	1.3478
40080	1.34782
40081	1.34783
40082	1.34785
40083	1.34787
40084	1.34789
40085	1.34791
40086	1.34793
40087	1.34795
40088	1.34797
40089	1.34799
40090	1.34801
40091	1.34803
40092	1.34804
40093	1.34806
40094	1.34808
40095	1.3481
40096	1.34812
40097	1.34814
40098	1.34816
40099	1.34818
40100	1.3482
40101	1.34822
40102	1.34824
40103	1.34826
40104	1.34827
40105	1.34829
40106	1.34831
40107	1.34833
40108	1.34835
40109	1.34837
40110	1.34839
40111	1.34841
40112	1.34843
40113	1.34845
40114	1.34847
40115	1.34849
40116	1.34851
40117	1.34852
40118	1.34854
40119	1.34856
40120	1.34858
40121	1.3486
40122	1.34862
40123	1.34864
40124	1.34866
40125	1.34868
40126	1.3487
40127	1.34872
40128	1.34874
40129	1.34876
40130	1.34877
40131	1.34879
40132	1.34881
40133	1.34883
40134	1.34885
40135	1.34887
40136	1.34889
40137	1.34891
40138	1.34893
40139	1.34895
40140	1.34897
40141	1.34899
40142	1.349
40143	1.34902
40144	1.34904
40145	1.34906
40146	1.34908
40147	1.3491
40148	1.34912
40149	1.34914
40150	1.34916
40151	1.34918
40152	1.3492
40153	1.34921
40154	1.34923
40155	1.34925
40156	1.34927
40157	1.34929
40158	1.34931
40159	1.34933
40160	1.34935
40161	1.34937
40162	1.34939
40163	1.3494
40164	1.34942
40165	1.34944
40166	1.34946
40167	1.34948
40168	1.3495
40169	1.34952
40170	1.34954
40171	1.34956
40172	1.34957
40173	1.34959
40174	1.34961
40175	1.34963
40176	1.34965
40177	1.34967
40178	1.34969
40179	1.34971
40180	1.34972
40181	1.34974
40182	1.34976
40183	1.34978
40184	1.3498
40185	1.34982
40186	1.34984
40187	1.34986
40188	1.34987
40189	1.34989
40190	1.34991
40191	1.34993
40192	1.34995
40193	1.34997
40194	1.34999
40195	1.35
40196	1.35002
40197	1.35004
40198	1.35006
40199	1.35008
40200	1.3501
40201	1.35012
40202	1.35013
40203	1.35015
40204	1.35017
40205	1.35019
40206	1.35021
40207	1.35023
40208	1.35024
40209	1.35026
40210	1.35028
40211	1.3503
40212	1.35032
40213	1.35034
40214	1.35035
40215	1.35037
40216	1.35039
40217	1.35041
40218	1.35043
40219	1.35045
40220	1.35046
40221	1.35048
40222	1.3505
40223	1.35052
40224	1.35054
40225	1.35055
40226	1.35057
40227	1.35059
40228	1.35061
40229	1.35063
40230	1.35064
40231	1.35066
40232	1.35068
40233	1.3507
40234	1.35072
40235	1.35073
40236	1.35075
40237	1.35077
40238	1.35079
40239	1.35081
40240	1.35082
40241	1.35084
40242	1.35086
40243	1.35088
40244	1.3509
40245	1.35091
40246	1.35093
40247	1.35095
40248	1.35097
40249	1.35098
40250	1.351
40251	1.35102
40252	1.35104
40253	1.35106
40254	1.35107
40255	1.35109
40256	1.35111
40257	1.35113
40258	1.35114
40259	1.35116
40260	1.35118
40261	1.3512
40262	1.35121
40263	1.35123
40264	1.35125
40265	1.35127
40266	1.35128
40267	1.3513
40268	1.35132
40269	1.35134
40270	1.35136
40271	1.35137
40272	1.35139
40273	1.35141
40274	1.35143
40275	1.35144
40276	1.35146
40277	1.35148
40278	1.35149
40279	1.35151
40280	1.35153
40281	1.35155
40282	1.35156
40283	1.35158
40284	1.3516
40285	1.35162
40286	1.35163
40287	1.35165
40288	1.35167
40289	1.35169
40290	1.3517
40291	1.35172
40292	1.35174
40293	1.35176
40294	1.35177
40295	1.35179
40296	1.35181
40297	1.35182
40298	1.35184
40299	1.35186
40300	1.35188
40301	1.35189
40302	1.35191
40303	1.35193
40304	1.35194
40305	1.35196
40306	1.35198
40307	1.352
40308	1.35201
40309	1.35203
40310	1.35205
40311	1.35207
40312	1.35208
40313	1.3521
40314	1.35212
40315	1.35213
40316	1.35215
40317	1.35217
40318	1.35219
40319	1.3522
40320	1.35222
40321	1.35224
40322	1.35225
40323	1.35227
40324	1.35229
40325	1.35231
40326	1.35232
40327	1.35234
40328	1.35236
40329	1.35237
40330	1.35239
40331	1.35241
40332	1.35243
40333	1.35244
40334	1.35246
40335	1.35248
40336	1.35249
40337	1.35251
40338	1.35253
40339	1.35255
40340	1.35256
40341	1.35258
40342	1.3526
40343	1.35261
40344	1.35263
40345	1.35265
40346	1.35267
40347	1.35268
40348	1.3527
40349	1.35272
40350	1.35273
40351	1.35275
40352	1.35277
40353	1.35279
40354	1.3528
40355	1.35282
40356	1.35284
40357	1.35285
40358	1.35287
40359	1.35289
40360	1.35291
40361	1.35292
40362	1.35294
40363	1.35296
40364	1.35297
40365	1.35299
40366	1.35301
40367	1.35303
40368	1.35304
40369	1.35306
40370	1.35308
40371	1.3531
40372	1.35311
40373	1.35313
40374	1.35315
40375	1.35316
40376	1.35318
40377	1.3532
40378	1.35322
40379	1.35323
40380	1.35325
40381	1.35327
40382	1.35329
40383	1.3533
40384	1.35332
40385	1.35334
40386	1.35336
40387	1.35337
40388	1.35339
40389	1.35341
40390	1.35342
40391	1.35344
40392	1.35346
40393	1.35348
40394	1.35349
40395	1.35351
40396	1.35353
40397	1.35355
40398	1.35356
40399	1.35358
40400	1.3536
40401	1.35362
40402	1.35364
40403	1.35365
40404	1.35367
40405	1.35369
40406	1.35371
40407	1.35372
40408	1.35374
40409	1.35376
40410	1.35378
40411	1.35379
40412	1.35381
40413	1.35383
40414	1.35385
40415	1.35387
40416	1.35388
40417	1.3539
40418	1.35392
40419	1.35394
40420	1.35395
40421	1.35397
40422	1.35399
40423	1.35401
40424	1.35403
40425	1.35404
40426	1.35406
40427	1.35408
40428	1.3541
40429	1.35412
40430	1.35413
40431	1.35415
40432	1.35417
40433	1.35419
40434	1.35421
40435	1.35422
40436	1.35424
40437	1.35426
40438	1.35428
40439	1.3543
40440	1.35431
40441	1.35433
40442	1.35435
40443	1.35437
40444	1.35439
40445	1.35441
40446	1.35442
40447	1.35444
40448	1.35446
40449	1.35448
40450	1.3545
40451	1.35452
40452	1.35453
40453	1.35455
40454	1.35457
40455	1.35459
40456	1.35461
40457	1.35463
40458	1.35465
40459	1.35466
40460	1.35468
40461	1.3547
40462	1.35472
40463	1.35474
40464	1.35476
40465	1.35478
40466	1.35479
40467	1.35481
40468	1.35483
40469	1.35485
40470	1.35487
40471	1.35489
40472	1.35491
40473	1.35493
40474	1.35494
40475	1.35496
40476	1.35498
40477	1.355
40478	1.35502
40479	1.35504
40480	1.35506
40481	1.35508
40482	1.3551
40483	1.35512
40484	1.35513
40485	1.35515
40486	1.35517
40487	1.35519
40488	1.35521
40489	1.35523
40490	1.35525
40491	1.35527
40492	1.35529
40493	1.35531
40494	1.35533
40495	1.35535
40496	1.35536
40497	1.35538
40498	1.3554
40499	1.35542
40500	1.35544
40501	1.35546
40502	1.35548
40503	1.3555
40504	1.35552
40505	1.35554
40506	1.35556
40507	1.35558
40508	1.3556
40509	1.35562
40510	1.35564
40511	1.35566
40512	1.35568
40513	1.3557
40514	1.35572
40515	1.35574
40516	1.35576
40517	1.35578
40518	1.3558
40519	1.35582
40520	1.35583
40521	1.35585
40522	1.35587
40523	1.35589
40524	1.35591
40525	1.35593
40526	1.35595
40527	1.35597
40528	1.35599
40529	1.35601
40530	1.35603
40531	1.35605
40532	1.35607
40533	1.35609
40534	1.35611
40535	1.35613
40536	1.35615
40537	1.35617
40538	1.35619
40539	1.35622
40540	1.35624
40541	1.35626
40542	1.35628
40543	1.3563
40544	1.35632
40545	1.35634
40546	1.35636
40547	1.35638
40548	1.3564
40549	1.35642
40550	1.35644
40551	1.35646
40552	1.35648
40553	1.3565
40554	1.35652
40555	1.35654
40556	1.35656
40557	1.35658
40558	1.3566
40559	1.35662
40560	1.35664
40561	1.35666
40562	1.35668
40563	1.3567
40564	1.35672
40565	1.35675
40566	1.35677
40567	1.35679
40568	1.35681
40569	1.35683
40570	1.35685
40571	1.35687
40572	1.35689
40573	1.35691
40574	1.35693
40575	1.35695
40576	1.35697
40577	1.35699
40578	1.35701
40579	1.35703
40580	1.35706
40581	1.35708
40582	1.3571
40583	1.35712
40584	1.35714
40585	1.35716
40586	1.35718
40587	1.3572
40588	1.35722
40589	1.35724
40590	1.35726
40591	1.35728
40592	1.35731
40593	1.35733
40594	1.35735
40595	1.35737
40596	1.35739
40597	1.35741
40598	1.35743
40599	1.35745
40600	1.35747
40601	1.35749
40602	1.35751
40603	1.35754
40604	1.35756
40605	1.35758
40606	1.3576
40607	1.35762
40608	1.35764
40609	1.35766
40610	1.35768
40611	1.3577
40612	1.35772
40613	1.35775
40614	1.35777
40615	1.35779
40616	1.35781
40617	1.35783
40618	1.35785
40619	1.35787
40620	1.35789
40621	1.35791
40622	1.35793
40623	1.35795
40624	1.35798
40625	1.358
40626	1.35802
40627	1.35804
40628	1.35806
40629	1.35808
40630	1.3581
40631	1.35812
40632	1.35814
40633	1.35816
40634	1.35819
40635	1.35821
40636	1.35823
40637	1.35825
40638	1.35827
40639	1.35829
40640	1.35831
40641	1.35833
40642	1.35835
40643	1.35837
40644	1.35839
40645	1.35841
40646	1.35844
40647	1.35846
40648	1.35848
40649	1.3585
40650	1.35852
40651	1.35854
40652	1.35856
40653	1.35858
40654	1.3586
40655	1.35862
40656	1.35864
40657	1.35866
40658	1.35868
40659	1.3587
40660	1.35873
40661	1.35875
40662	1.35877
40663	1.35879
40664	1.35881
40665	1.35883
40666	1.35885
40667	1.35887
40668	1.35889
40669	1.35891
40670	1.35893
40671	1.35895
40672	1.35897
40673	1.35899
40674	1.35901
40675	1.35903
40676	1.35905
40677	1.35907
40678	1.35909
40679	1.35911
40680	1.35913
40681	1.35915
40682	1.35917
40683	1.35919
40684	1.35921
40685	1.35923
40686	1.35925
40687	1.35927
40688	1.35929
40689	1.35931
40690	1.35933
40691	1.35935
40692	1.35937
40693	1.35939
40694	1.35941
40695	1.35943
40696	1.35945
40697	1.35947
40698	1.35949
40699	1.35951
40700	1.35953
40701	1.35955
40702	1.35957
40703	1.35959
40704	1.35961
40705	1.35963
40706	1.35965
40707	1.35967
40708	1.35969
40709	1.35971
40710	1.35972
40711	1.35974
40712	1.35976
40713	1.35978
40714	1.3598
40715	1.35982
40716	1.35984
40717	1.35986
40718	1.35988
40719	1.3599
40720	1.35991
40721	1.35993
40722	1.35995
40723	1.35997
40724	1.35999
40725	1.36001
40726	1.36003
40727	1.36004
40728	1.36006
40729	1.36008
40730	1.3601
40731	1.36012
40732	1.36014
40733	1.36015
40734	1.36017
40735	1.36019
40736	1.36021
40737	1.36023
40738	1.36024
40739	1.36026
40740	1.36028
40741	1.3603
40742	1.36032
40743	1.36033
40744	1.36035
40745	1.36037
40746	1.36039
40747	1.3604
40748	1.36042
40749	1.36044
40750	1.36045
40751	1.36047
40752	1.36049
40753	1.36051
40754	1.36052
40755	1.36054
40756	1.36056
40757	1.36057
40758	1.36059
40759	1.36061
40760	1.36062
40761	1.36064
40762	1.36066
40763	1.36067
40764	1.36069
40765	1.36071
40766	1.36072
40767	1.36074
40768	1.36075
40769	1.36077
40770	1.36079
40771	1.3608
40772	1.36082
40773	1.36083
40774	1.36085
40775	1.36086
40776	1.36088
40777	1.3609
40778	1.36091
40779	1.36093
40780	1.36094
40781	1.36096
40782	1.36097
40783	1.36099
40784	1.361
40785	1.36102
40786	1.36103
40787	1.36105
40788	1.36106
40789	1.36107
40790	1.36109
40791	1.3611
40792	1.36112
40793	1.36113
40794	1.36115
40795	1.36116
40796	1.36117
40797	1.36119
40798	1.3612
40799	1.36122
40800	1.36123
40801	1.36124
40802	1.36126
40803	1.36127
40804	1.36128
40805	1.3613
40806	1.36131
40807	1.36132
40808	1.36134
40809	1.36135
40810	1.36136
40811	1.36137
40812	1.36139
40813	1.3614
40814	1.36141
40815	1.36142
40816	1.36144
40817	1.36145
40818	1.36146
40819	1.36147
40820	1.36149
40821	1.3615
40822	1.36151
40823	1.36152
40824	1.36153
40825	1.36154
40826	1.36156
40827	1.36157
40828	1.36158
40829	1.36159
40830	1.3616
40831	1.36161
40832	1.36162
40833	1.36163
40834	1.36164
40835	1.36165
40836	1.36166
40837	1.36167
40838	1.36169
40839	1.3617
40840	1.36171
40841	1.36172
40842	1.36173
40843	1.36174
40844	1.36174
40845	1.36175
40846	1.36176
40847	1.36177
40848	1.36178
40849	1.36179
40850	1.3618
40851	1.36181
40852	1.36182
40853	1.36183
40854	1.36184
40855	1.36185
40856	1.36185
40857	1.36186
40858	1.36187
40859	1.36188
40860	1.36189
40861	1.36189
40862	1.3619
40863	1.36191
40864	1.36192
40865	1.36193
40866	1.36193
40867	1.36194
40868	1.36195
40869	1.36195
40870	1.36196
40871	1.36197
40872	1.36198
40873	1.36198
40874	1.36199
40875	1.362
40876	1.362
40877	1.36201
40878	1.36201
40879	1.36202
40880	1.36203
40881	1.36203
40882	1.36204
40883	1.36204
40884	1.36205
40885	1.36205
40886	1.36206
40887	1.36207
40888	1.36207
40889	1.36208
40890	1.36208
40891	1.36208
40892	1.36209
40893	1.36209
40894	1.3621
40895	1.3621
40896	1.36211
40897	1.36211
40898	1.36211
40899	1.36212
40900	1.36212
40901	1.36213
40902	1.36213
40903	1.36213
40904	1.36214
40905	1.36214
40906	1.36214
40907	1.36214
40908	1.36215
40909	1.36215
40910	1.36215
40911	1.36216
40912	1.36216
40913	1.36216
40914	1.36216
40915	1.36216
40916	1.36217
40917	1.36217
40918	1.36217
40919	1.36217
40920	1.36217
40921	1.36217
40922	1.36217
40923	1.36218
40924	1.36218
40925	1.36218
40926	1.36218
40927	1.36218
40928	1.36218
40929	1.36218
40930	1.36218
40931	1.36218
40932	1.36218
40933	1.36218
40934	1.36218
40935	1.36218
40936	1.36218
40937	1.36218
40938	1.36218
40939	1.36217
40940	1.36217
40941	1.36217
40942	1.36217
40943	1.36217
40944	1.36217
40945	1.36217
40946	1.36217
40947	1.36216
40948	1.36216
40949	1.36216
40950	1.36216
40951	1.36215
40952	1.36215
40953	1.36215
40954	1.36215
40955	1.36214
40956	1.36214
40957	1.36214
40958	1.36213
40959	1.36213
40960	1.36213
40961	1.36212
40962	1.36212
40963	1.36212
40964	1.36211
40965	1.36211
40966	1.3621
40967	1.3621
40968	1.3621
40969	1.36209
40970	1.36209
40971	1.36208
40972	1.36208
40973	1.36207
40974	1.36207
40975	1.36206
40976	1.36206
40977	1.36205
40978	1.36204
40979	1.36204
40980	1.36203
40981	1.36203
40982	1.36202
40983	1.36202
40984	1.36201
40985	1.362
40986	1.362
40987	1.36199
40988	1.36198
40989	1.36198
40990	1.36197
40991	1.36196
40992	1.36195
40993	1.36195
40994	1.36194
40995	1.36193
40996	1.36192
40997	1.36192
40998	1.36191
40999	1.3619
41000	1.36189
41001	1.36189
41002	1.36188
41003	1.36187
41004	1.36186
41005	1.36185
41006	1.36184
41007	1.36183
41008	1.36183
41009	1.36182
41010	1.36181
41011	1.3618
41012	1.36179
41013	1.36178
41014	1.36177
41015	1.36176
41016	1.36175
41017	1.36174
41018	1.36173
41019	1.36172
41020	1.36171
41021	1.3617
41022	1.36169
41023	1.36168
41024	1.36167
41025	1.36166
41026	1.36165
41027	1.36164
41028	1.36163
41029	1.36162
41030	1.36161
41031	1.3616
41032	1.36159
41033	1.36158
41034	1.36156
41035	1.36155
41036	1.36154
41037	1.36153
41038	1.36152
41039	1.36151
41040	1.3615
41041	1.36149
41042	1.36147
41043	1.36146
41044	1.36145
41045	1.36144
41046	1.36143
41047	1.36141
41048	1.3614
41049	1.36139
41050	1.36138
41051	1.36137
41052	1.36135
41053	1.36134
41054	1.36133
41055	1.36132
41056	1.3613
41057	1.36129
41058	1.36128
41059	1.36127
41060	1.36125
41061	1.36124
41062	1.36123
41063	1.36122
41064	1.3612
41065	1.36119
41066	1.36118
41067	1.36117
41068	1.36115
41069	1.36114
41070	1.36113
41071	1.36111
41072	1.3611
41073	1.36109
41074	1.36108
41075	1.36106
41076	1.36105
41077	1.36104
41078	1.36102
41079	1.36101
41080	1.361
41081	1.36098
41082	1.36097
41083	1.36096
41084	1.36094
41085	1.36093
41086	1.36092
41087	1.3609
41088	1.36089
41089	1.36088
41090	1.36087
41091	1.36085
41092	1.36084
41093	1.36083
41094	1.36081
41095	1.3608
41096	1.36079
41097	1.36077
41098	1.36076
41099	1.36075
41100	1.36073
41101	1.36072
41102	1.36071
41103	1.36069
41104	1.36068
41105	1.36067
41106	1.36066
41107	1.36064
41108	1.36063
41109	1.36062
41110	1.3606
41111	1.36059
41112	1.36058
41113	1.36057
41114	1.36055
41115	1.36054
41116	1.36053
41117	1.36051
41118	1.3605
41119	1.36049
41120	1.36048
41121	1.36046
41122	1.36045
41123	1.36044
41124	1.36043
41125	1.36041
41126	1.3604
41127	1.36039
41128	1.36038
41129	1.36037
41130	1.36035
41131	1.36034
41132	1.36033
41133	1.36032
41134	1.36031
41135	1.36029
41136	1.36028
41137	1.36027
41138	1.36026
41139	1.36025
41140	1.36024
41141	1.36022
41142	1.36021
41143	1.3602
41144	1.36019
41145	1.36018
41146	1.36017
41147	1.36016
41148	1.36015
41149	1.36014
41150	1.36012
41151	1.36011
41152	1.3601
41153	1.36009
41154	1.36008
41155	1.36007
41156	1.36006
41157	1.36005
41158	1.36004
41159	1.36003
41160	1.36002
41161	1.36001
41162	1.36
41163	1.35999
41164	1.35998
41165	1.35997
41166	1.35996
41167	1.35995
41168	1.35994
41169	1.35993
41170	1.35992
41171	1.35991
41172	1.35991
41173	1.3599
41174	1.35989
41175	1.35988
41176	1.35987
41177	1.35986
41178	1.35985
41179	1.35984
41180	1.35984
41181	1.35983
41182	1.35982
41183	1.35981
41184	1.3598
41185	1.3598
41186	1.35979
41187	1.35978
41188	1.35977
41189	1.35976
41190	1.35976
41191	1.35975
41192	1.35974
41193	1.35974
41194	1.35973
41195	1.35972
41196	1.35971
41197	1.35971
41198	1.3597
41199	1.35969
41200	1.35969
41201	1.35968
41202	1.35968
41203	1.35967
41204	1.35966
41205	1.35966
41206	1.35965
41207	1.35965
41208	1.35964
41209	1.35963
41210	1.35963
41211	1.35962
41212	1.35962
41213	1.35961
41214	1.35961
41215	1.3596
41216	1.3596
41217	1.35959
41218	1.35959
41219	1.35958
41220	1.35958
41221	1.35957
41222	1.35957
41223	1.35957
41224	1.35956
41225	1.35956
41226	1.35955
41227	1.35955
41228	1.35955
41229	1.35954
41230	1.35954
41231	1.35954
41232	1.35953
41233	1.35953
41234	1.35953
41235	1.35952
41236	1.35952
41237	1.35952
41238	1.35951
41239	1.35951
41240	1.35951
41241	1.35951
41242	1.3595
41243	1.3595
41244	1.3595
41245	1.3595
41246	1.3595
41247	1.35949
41248	1.35949
41249	1.35949
41250	1.35949
41251	1.35949
41252	1.35949
41253	1.35948
41254	1.35948
41255	1.35948
41256	1.35948
41257	1.35948
41258	1.35948
41259	1.35948
41260	1.35948
41261	1.35948
41262	1.35948
41263	1.35948
41264	1.35948
41265	1.35948
41266	1.35948
41267	1.35948
41268	1.35948
41269	1.35948
41270	1.35948
41271	1.35948
41272	1.35948
41273	1.35948
41274	1.35948
41275	1.35948
41276	1.35948
41277	1.35948
41278	1.35948
41279	1.35948
41280	1.35948
41281	1.35949
41282	1.35949
41283	1.35949
41284	1.35949
41285	1.35949
41286	1.35949
41287	1.35949
41288	1.3595
41289	1.3595
41290	1.3595
41291	1.3595
41292	1.35951
41293	1.35951
41294	1.35951
41295	1.35951
41296	1.35951
41297	1.35952
41298	1.35952
41299	1.35952
41300	1.35953
41301	1.35953
41302	1.35953
41303	1.35953
41304	1.35954
41305	1.35954
41306	1.35954
41307	1.35955
41308	1.35955
41309	1.35955
41310	1.35956
41311	1.35956
41312	1.35957
41313	1.35957
41314	1.35957
41315	1.35958
41316	1.35958
41317	1.35959
41318	1.35959
41319	1.35959
41320	1.3596
41321	1.3596
41322	1.35961
41323	1.35961
41324	1.35962
41325	1.35962
41326	1.35963
41327	1.35963
41328	1.35964
41329	1.35964
41330	1.35965
41331	1.35965
41332	1.35966
41333	1.35966
41334	1.35967
41335	1.35967
41336	1.35968
41337	1.35969
41338	1.35969
41339	1.3597
41340	1.3597
41341	1.35971
41342	1.35971
41343	1.35972
41344	1.35973
41345	1.35973
41346	1.35974
41347	1.35975
41348	1.35975
41349	1.35976
41350	1.35976
41351	1.35977
41352	1.35978
41353	1.35978
41354	1.35979
41355	1.3598
41356	1.35981
41357	1.35981
41358	1.35982
41359	1.35983
41360	1.35983
41361	1.35984
41362	1.35985
41363	1.35986
41364	1.35986
41365	1.35987
41366	1.35988
41367	1.35989
41368	1.35989
41369	1.3599
41370	1.35991
41371	1.35992
41372	1.35992
41373	1.35993
41374	1.35994
41375	1.35995
41376	1.35996
41377	1.35997
41378	1.35997
41379	1.35998
41380	1.35999
41381	1.36
41382	1.36001
41383	1.36002
41384	1.36003
41385	1.36003
41386	1.36004
41387	1.36005
41388	1.36006
41389	1.36007
41390	1.36008
41391	1.36009
41392	1.3601
41393	1.36011
41394	1.36012
41395	1.36012
41396	1.36013
41397	1.36014
41398	1.36015
41399	1.36016
41400	1.36017
41401	1.36018
41402	1.36019
41403	1.3602
41404	1.36021
41405	1.36022
41406	1.36023
41407	1.36024
41408	1.36025
41409	1.36026
41410	1.36027
41411	1.36028
41412	1.36029
41413	1.3603
41414	1.36031
41415	1.36033
41416	1.36034
41417	1.36035
41418	1.36036
41419	1.36037
41420	1.36038
41421	1.36039
41422	1.3604
41423	1.36041
41424	1.36042
41425	1.36043
41426	1.36045
41427	1.36046
41428	1.36047
41429	1.36048
41430	1.36049
41431	1.3605
41432	1.36051
41433	1.36053
41434	1.36054
41435	1.36055
41436	1.36056
41437	1.36057
41438	1.36059
41439	1.3606
41440	1.36061
41441	1.36062
41442	1.36063
41443	1.36065
41444	1.36066
41445	1.36067
41446	1.36068
41447	1.3607
41448	1.36071
41449	1.36072
41450	1.36073
41451	1.36075
41452	1.36076
41453	1.36077
41454	1.36078
41455	1.3608
41456	1.36081
41457	1.36082
41458	1.36084
41459	1.36085
41460	1.36086
41461	1.36088
41462	1.36089
41463	1.3609
41464	1.36092
41465	1.36093
41466	1.36094
41467	1.36096
41468	1.36097
41469	1.36098
41470	1.361
41471	1.36101
41472	1.36103
41473	1.36104
41474	1.36105
41475	1.36107
41476	1.36108
41477	1.3611
41478	1.36111
41479	1.36112
41480	1.36114
41481	1.36115
41482	1.36117
41483	1.36118
41484	1.3612
41485	1.36121
41486	1.36123
41487	1.36124
41488	1.36126
41489	1.36127
41490	1.36129
41491	1.3613
41492	1.36132
41493	1.36133
41494	1.36135
41495	1.36136
41496	1.36138
41497	1.36139
41498	1.36141
41499	1.36142
41500	1.36144
41501	1.36145
41502	1.36147
41503	1.36148
41504	1.3615
41505	1.36151
41506	1.36153
41507	1.36155
41508	1.36156
41509	1.36158
41510	1.36159
41511	1.36161
41512	1.36162
41513	1.36164
41514	1.36166
41515	1.36167
41516	1.36169
41517	1.36171
41518	1.36172
41519	1.36174
41520	1.36175
41521	1.36177
41522	1.36179
41523	1.3618
41524	1.36182
41525	1.36184
41526	1.36185
41527	1.36187
41528	1.36189
41529	1.3619
41530	1.36192
41531	1.36194
41532	1.36195
41533	1.36197
41534	1.36199
41535	1.362
41536	1.36202
41537	1.36204
41538	1.36205
41539	1.36207
41540	1.36209
41541	1.3621
41542	1.36212
41543	1.36214
41544	1.36216
41545	1.36217
41546	1.36219
41547	1.36221
41548	1.36223
41549	1.36224
41550	1.36226
41551	1.36228
41552	1.36229
41553	1.36231
41554	1.36233
41555	1.36235
41556	1.36236
41557	1.36238
41558	1.3624
41559	1.36242
41560	1.36243
41561	1.36245
41562	1.36247
41563	1.36249
41564	1.3625
41565	1.36252
41566	1.36254
41567	1.36256
41568	1.36258
41569	1.36259
41570	1.36261
41571	1.36263
41572	1.36265
41573	1.36266
41574	1.36268
41575	1.3627
41576	1.36272
41577	1.36273
41578	1.36275
41579	1.36277
41580	1.36279
41581	1.36281
41582	1.36282
41583	1.36284
41584	1.36286
41585	1.36288
41586	1.3629
41587	1.36291
41588	1.36293
41589	1.36295
41590	1.36297
41591	1.36298
41592	1.363
41593	1.36302
41594	1.36304
41595	1.36306
41596	1.36307
41597	1.36309
41598	1.36311
41599	1.36313
41600	1.36314
41601	1.36316
41602	1.36318
41603	1.3632
41604	1.36322
41605	1.36323
41606	1.36325
41607	1.36327
41608	1.36329
41609	1.3633
41610	1.36332
41611	1.36334
41612	1.36336
41613	1.36337
41614	1.36339
41615	1.36341
41616	1.36343
41617	1.36345
41618	1.36346
41619	1.36348
41620	1.3635
41621	1.36351
41622	1.36353
41623	1.36355
41624	1.36357
41625	1.36358
41626	1.3636
41627	1.36362
41628	1.36364
41629	1.36365
41630	1.36367
41631	1.36369
41632	1.36371
41633	1.36372
41634	1.36374
41635	1.36376
41636	1.36377
41637	1.36379
41638	1.36381
41639	1.36382
41640	1.36384
41641	1.36386
41642	1.36387
41643	1.36389
41644	1.36391
41645	1.36392
41646	1.36394
41647	1.36396
41648	1.36397
41649	1.36399
41650	1.36401
41651	1.36402
41652	1.36404
41653	1.36406
41654	1.36407
41655	1.36409
41656	1.3641
41657	1.36412
41658	1.36414
41659	1.36415
41660	1.36417
41661	1.36418
41662	1.3642
41663	1.36422
41664	1.36423
41665	1.36425
41666	1.36426
41667	1.36428
41668	1.36429
41669	1.36431
41670	1.36433
41671	1.36434
41672	1.36436
41673	1.36437
41674	1.36439
41675	1.3644
41676	1.36442
41677	1.36443
41678	1.36445
41679	1.36446
41680	1.36448
41681	1.36449
41682	1.36451
41683	1.36452
41684	1.36453
41685	1.36455
41686	1.36456
41687	1.36458
41688	1.36459
41689	1.36461
41690	1.36462
41691	1.36463
41692	1.36465
41693	1.36466
41694	1.36468
41695	1.36469
41696	1.3647
41697	1.36472
41698	1.36473
41699	1.36474
41700	1.36476
41701	1.36477
41702	1.36478
41703	1.3648
41704	1.36481
41705	1.36482
41706	1.36484
41707	1.36485
41708	1.36486
41709	1.36487
41710	1.36489
41711	1.3649
41712	1.36491
41713	1.36492
41714	1.36494
41715	1.36495
41716	1.36496
41717	1.36497
41718	1.36498
41719	1.365
41720	1.36501
41721	1.36502
41722	1.36503
41723	1.36504
41724	1.36505
41725	1.36507
41726	1.36508
41727	1.36509
41728	1.3651
41729	1.36511
41730	1.36512
41731	1.36513
41732	1.36514
41733	1.36515
41734	1.36516
41735	1.36517
41736	1.36518
41737	1.36519
41738	1.3652
41739	1.36521
41740	1.36522
41741	1.36523
41742	1.36524
41743	1.36525
41744	1.36526
41745	1.36527
41746	1.36528
41747	1.36529
41748	1.3653
41749	1.36531
41750	1.36532
41751	1.36533
41752	1.36534
41753	1.36535
41754	1.36535
41755	1.36536
41756	1.36537
41757	1.36538
41758	1.36539
41759	1.36539
41760	1.3654
41761	1.36541
41762	1.36542
41763	1.36543
41764	1.36543
41765	1.36544
41766	1.36545
41767	1.36546
41768	1.36546
41769	1.36547
41770	1.36548
41771	1.36548
41772	1.36549
41773	1.3655
41774	1.3655
41775	1.36551
41776	1.36552
41777	1.36552
41778	1.36553
41779	1.36553
41780	1.36554
41781	1.36554
41782	1.36555
41783	1.36556
41784	1.36556
41785	1.36557
41786	1.36557
41787	1.36558
41788	1.36558
41789	1.36559
41790	1.36559
41791	1.3656
41792	1.3656
41793	1.3656
41794	1.36561
41795	1.36561
41796	1.36562
41797	1.36562
41798	1.36562
41799	1.36563
41800	1.36563
41801	1.36563
41802	1.36564
41803	1.36564
41804	1.36564
41805	1.36565
41806	1.36565
41807	1.36565
41808	1.36565
41809	1.36566
41810	1.36566
41811	1.36566
41812	1.36566
41813	1.36567
41814	1.36567
41815	1.36567
41816	1.36567
41817	1.36567
41818	1.36567
41819	1.36567
41820	1.36568
41821	1.36568
41822	1.36568
41823	1.36568
41824	1.36568
41825	1.36568
41826	1.36568
41827	1.36568
41828	1.36568
41829	1.36568
41830	1.36568
41831	1.36568
41832	1.36568
41833	1.36568
41834	1.36568
41835	1.36568
41836	1.36568
41837	1.36568
41838	1.36567
41839	1.36567
41840	1.36567
41841	1.36567
41842	1.36567
41843	1.36567
41844	1.36567
41845	1.36566
41846	1.36566
41847	1.36566
41848	1.36566
41849	1.36565
41850	1.36565
41851	1.36565
41852	1.36565
41853	1.36564
41854	1.36564
41855	1.36564
41856	1.36563
41857	1.36563
41858	1.36563
41859	1.36562
41860	1.36562
41861	1.36561
41862	1.36561
41863	1.36561
41864	1.3656
41865	1.3656
41866	1.36559
41867	1.36559
41868	1.36558
41869	1.36558
41870	1.36557
41871	1.36557
41872	1.36556
41873	1.36556
41874	1.36555
41875	1.36554
41876	1.36554
41877	1.36553
41878	1.36553
41879	1.36552
41880	1.36551
41881	1.36551
41882	1.3655
41883	1.36549
41884	1.36549
41885	1.36548
41886	1.36547
41887	1.36546
41888	1.36546
41889	1.36545
41890	1.36544
41891	1.36543
41892	1.36543
41893	1.36542
41894	1.36541
41895	1.3654
41896	1.36539
41897	1.36538
41898	1.36538
41899	1.36537
41900	1.36536
41901	1.36535
41902	1.36534
41903	1.36533
41904	1.36532
41905	1.36531
41906	1.3653
41907	1.36529
41908	1.36528
41909	1.36527
41910	1.36526
41911	1.36525
41912	1.36524
41913	1.36523
41914	1.36522
41915	1.36521
41916	1.3652
41917	1.36519
41918	1.36518
41919	1.36516
41920	1.36515
41921	1.36514
41922	1.36513
41923	1.36512
41924	1.36511
41925	1.36509
41926	1.36508
41927	1.36507
41928	1.36506
41929	1.36504
41930	1.36503
41931	1.36502
41932	1.36501
41933	1.36499
41934	1.36498
41935	1.36497
41936	1.36495
41937	1.36494
41938	1.36493
41939	1.36491
41940	1.3649
41941	1.36488
41942	1.36487
41943	1.36486
41944	1.36484
41945	1.36483
41946	1.36481
41947	1.3648
41948	1.36478
41949	1.36477
41950	1.36475
41951	1.36474
41952	1.36472
41953	1.36471
41954	1.36469
41955	1.36468
41956	1.36466
41957	1.36465
41958	1.36463
41959	1.36461
41960	1.3646
41961	1.36458
41962	1.36457
41963	1.36455
41964	1.36453
41965	1.36452
41966	1.3645
41967	1.36448
41968	1.36446
41969	1.36445
41970	1.36443
41971	1.36441
41972	1.3644
41973	1.36438
41974	1.36436
41975	1.36434
41976	1.36432
41977	1.36431
41978	1.36429
41979	1.36427
41980	1.36425
41981	1.36423
41982	1.36422
41983	1.3642
41984	1.36418
41985	1.36416
41986	1.36414
41987	1.36412
41988	1.3641
41989	1.36408
41990	1.36406
41991	1.36404
41992	1.36403
41993	1.36401
41994	1.36399
41995	1.36397
41996	1.36395
41997	1.36393
41998	1.36391
41999	1.36389
42000	1.36387
42001	1.36385
42002	1.36382
42003	1.3638
42004	1.36378
42005	1.36376
42006	1.36374
42007	1.36372
42008	1.3637
42009	1.36368
42010	1.36366
42011	1.36364
42012	1.36361
42013	1.36359
42014	1.36357
42015	1.36355
42016	1.36353
42017	1.36351
42018	1.36348
42019	1.36346
42020	1.36344
42021	1.36342
42022	1.3634
42023	1.36337
42024	1.36335
42025	1.36333
42026	1.3633
42027	1.36328
42028	1.36326
42029	1.36324
42030	1.36321
42031	1.36319
42032	1.36317
42033	1.36314
42034	1.36312
42035	1.3631
42036	1.36307
42037	1.36305
42038	1.36303
42039	1.363
42040	1.36298
42041	1.36295
42042	1.36293
42043	1.36291
42044	1.36288
42045	1.36286
42046	1.36283
42047	1.36281
42048	1.36278
42049	1.36276
42050	1.36274
42051	1.36271
42052	1.36269
42053	1.36266
42054	1.36264
42055	1.36261
42056	1.36259
42057	1.36256
42058	1.36254
42059	1.36251
42060	1.36248
42061	1.36246
42062	1.36243
42063	1.36241
42064	1.36238
42065	1.36236
42066	1.36233
42067	1.36231
42068	1.36228
42069	1.36225
42070	1.36223
42071	1.3622
42072	1.36217
42073	1.36215
42074	1.36212
42075	1.3621
42076	1.36207
42077	1.36204
42078	1.36202
42079	1.36199
42080	1.36196
42081	1.36194
42082	1.36191
42083	1.36188
42084	1.36186
42085	1.36183
42086	1.3618
42087	1.36177
42088	1.36175
42089	1.36172
42090	1.36169
42091	1.36166
42092	1.36164
42093	1.36161
42094	1.36158
42095	1.36155
42096	1.36153
42097	1.3615
42098	1.36147
42099	1.36144
42100	1.36142
42101	1.36139
42102	1.36136
42103	1.36133
42104	1.3613
42105	1.36128
42106	1.36125
42107	1.36122
42108	1.36119
42109	1.36116
42110	1.36113
42111	1.36111
42112	1.36108
42113	1.36105
42114	1.36102
42115	1.36099
42116	1.36096
42117	1.36093
42118	1.36091
42119	1.36088
42120	1.36085
42121	1.36082
42122	1.36079
42123	1.36076
42124	1.36073
42125	1.3607
42126	1.36067
42127	1.36064
42128	1.36061
42129	1.36059
42130	1.36056
42131	1.36053
42132	1.3605
42133	1.36047
42134	1.36044
42135	1.36041
42136	1.36038
42137	1.36035
42138	1.36032
42139	1.36029
42140	1.36026
42141	1.36023
42142	1.3602
42143	1.36017
42144	1.36014
42145	1.36011
42146	1.36008
42147	1.36005
42148	1.36002
42149	1.35999
42150	1.35996
42151	1.35993
42152	1.3599
42153	1.35987
42154	1.35984
42155	1.35981
42156	1.35978
42157	1.35975
42158	1.35972
42159	1.35969
42160	1.35966
42161	1.35963
42162	1.3596
42163	1.35957
42164	1.35954
42165	1.35951
42166	1.35948
42167	1.35945
42168	1.35942
42169	1.35939
42170	1.35936
42171	1.35933
42172	1.3593
42173	1.35927
42174	1.35923
42175	1.3592
42176	1.35917
42177	1.35914
42178	1.35911
42179	1.35908
42180	1.35905
42181	1.35902
42182	1.35899
42183	1.35896
42184	1.35893
42185	1.3589
42186	1.35887
42187	1.35884
42188	1.3588
42189	1.35877
42190	1.35874
42191	1.35871
42192	1.35868
42193	1.35865
42194	1.35862
42195	1.35859
42196	1.35856
42197	1.35853
42198	1.3585
42199	1.35846
42200	1.35843
42201	1.3584
42202	1.35837
42203	1.35834
42204	1.35831
42205	1.35828
42206	1.35825
42207	1.35822
42208	1.35819
42209	1.35815
42210	1.35812
42211	1.35809
42212	1.35806
42213	1.35803
42214	1.358
42215	1.35797
42216	1.35794
42217	1.35791
42218	1.35787
42219	1.35784
42220	1.35781
42221	1.35778
42222	1.35775
42223	1.35772
42224	1.35769
42225	1.35766
42226	1.35763
42227	1.35759
42228	1.35756
42229	1.35753
42230	1.3575
42231	1.35747
42232	1.35744
42233	1.35741
42234	1.35738
42235	1.35735
42236	1.35731
42237	1.35728
42238	1.35725
42239	1.35722
42240	1.35719
42241	1.35716
42242	1.35713
42243	1.3571
42244	1.35707
42245	1.35703
42246	1.357
42247	1.35697
42248	1.35694
42249	1.35691
42250	1.35688
42251	1.35685
42252	1.35682
42253	1.35679
42254	1.35676
42255	1.35672
42256	1.35669
42257	1.35666
42258	1.35663
42259	1.3566
42260	1.35657
42261	1.35654
42262	1.35651
42263	1.35648
42264	1.35645
42265	1.35642
42266	1.35638
42267	1.35635
42268	1.35632
42269	1.35629
42270	1.35626
42271	1.35623
42272	1.3562
42273	1.35617
42274	1.35614
42275	1.35611
42276	1.35608
42277	1.35605
42278	1.35602
42279	1.35598
42280	1.35595
42281	1.35592
42282	1.35589
42283	1.35586
42284	1.35583
42285	1.3558
42286	1.35577
42287	1.35574
42288	1.35571
42289	1.35568
42290	1.35565
42291	1.35562
42292	1.35559
42293	1.35556
42294	1.35553
42295	1.3555
42296	1.35547
42297	1.35544
42298	1.3554
42299	1.35537
42300	1.35534
42301	1.35531
42302	1.35528
42303	1.35525
42304	1.35522
42305	1.35519
42306	1.35516
42307	1.35513
42308	1.3551
42309	1.35507
42310	1.35504
42311	1.35501
42312	1.35498
42313	1.35495
42314	1.35492
42315	1.35489
42316	1.35486
42317	1.35483
42318	1.3548
42319	1.35477
42320	1.35474
42321	1.35471
42322	1.35468
42323	1.35465
42324	1.35462
42325	1.35459
42326	1.35456
42327	1.35453
42328	1.3545
42329	1.35447
42330	1.35444
42331	1.35441
42332	1.35438
42333	1.35435
42334	1.35432
42335	1.3543
42336	1.35427
42337	1.35424
42338	1.35421
42339	1.35418
42340	1.35415
42341	1.35412
42342	1.35409
42343	1.35406
42344	1.35403
42345	1.354
42346	1.35397
42347	1.35394
42348	1.35391
42349	1.35388
42350	1.35385
42351	1.35382
42352	1.3538
42353	1.35377
42354	1.35374
42355	1.35371
42356	1.35368
42357	1.35365
42358	1.35362
42359	1.35359
42360	1.35356
42361	1.35353
42362	1.35351
42363	1.35348
42364	1.35345
42365	1.35342
42366	1.35339
42367	1.35336
42368	1.35333
42369	1.3533
42370	1.35327
42371	1.35325
42372	1.35322
42373	1.35319
42374	1.35316
42375	1.35313
42376	1.3531
42377	1.35307
42378	1.35305
42379	1.35302
42380	1.35299
42381	1.35296
42382	1.35293
42383	1.3529
42384	1.35287
42385	1.35285
42386	1.35282
42387	1.35279
42388	1.35276
42389	1.35273
42390	1.3527
42391	1.35268
42392	1.35265
42393	1.35262
42394	1.35259
42395	1.35256
42396	1.35254
42397	1.35251
42398	1.35248
42399	1.35245
42400	1.35242
42401	1.3524
42402	1.35237
42403	1.35234
42404	1.35231
42405	1.35228
42406	1.35226
42407	1.35223
42408	1.3522
42409	1.35217
42410	1.35214
42411	1.35212
42412	1.35209
42413	1.35206
42414	1.35203
42415	1.35201
42416	1.35198
42417	1.35195
42418	1.35192
42419	1.35189
42420	1.35187
42421	1.35184
42422	1.35181
42423	1.35178
42424	1.35176
42425	1.35173
42426	1.3517
42427	1.35167
42428	1.35165
42429	1.35162
42430	1.35159
42431	1.35157
42432	1.35154
42433	1.35151
42434	1.35148
42435	1.35146
42436	1.35143
42437	1.3514
42438	1.35137
42439	1.35135
42440	1.35132
42441	1.35129
42442	1.35127
42443	1.35124
42444	1.35121
42445	1.35118
42446	1.35116
42447	1.35113
42448	1.3511
42449	1.35108
42450	1.35105
42451	1.35102
42452	1.35099
42453	1.35097
42454	1.35094
42455	1.35091
42456	1.35089
42457	1.35086
42458	1.35083
42459	1.35081
42460	1.35078
42461	1.35075
42462	1.35073
42463	1.3507
42464	1.35067
42465	1.35065
42466	1.35062
42467	1.35059
42468	1.35057
42469	1.35054
42470	1.35051
42471	1.35049
42472	1.35046
42473	1.35043
42474	1.35041
42475	1.35038
42476	1.35035
42477	1.35033
42478	1.3503
42479	1.35027
42480	1.35025
42481	1.35022
42482	1.35019
42483	1.35017
42484	1.35014
42485	1.35011
42486	1.35009
42487	1.35006
42488	1.35004
42489	1.35001
42490	1.34998
42491	1.34996
42492	1.34993
42493	1.3499
42494	1.34988
42495	1.34985
42496	1.34982
42497	1.3498
42498	1.34977
42499	1.34975
42500	1.34972
42501	1.34969
42502	1.34967
42503	1.34964
42504	1.34961
42505	1.34959
42506	1.34956
42507	1.34954
42508	1.34951
42509	1.34948
42510	1.34946
42511	1.34943
42512	1.3494
42513	1.34938
42514	1.34935
42515	1.34933
42516	1.3493
42517	1.34927
42518	1.34925
42519	1.34922
42520	1.3492
42521	1.34917
42522	1.34914
42523	1.34912
42524	1.34909
42525	1.34907
42526	1.34904
42527	1.34901
42528	1.34899
42529	1.34896
42530	1.34894
42531	1.34891
42532	1.34888
42533	1.34886
42534	1.34883
42535	1.34881
42536	1.34878
42537	1.34875
42538	1.34873
42539	1.3487
42540	1.34868
42541	1.34865
42542	1.34862
42543	1.3486
42544	1.34857
42545	1.34855
42546	1.34852
42547	1.34849
42548	1.34847
42549	1.34844
42550	1.34842
42551	1.34839
42552	1.34837
42553	1.34834
42554	1.34831
42555	1.34829
42556	1.34826
42557	1.34824
42558	1.34821
42559	1.34818
42560	1.34816
42561	1.34813
42562	1.34811
42563	1.34808
42564	1.34806
42565	1.34803
42566	1.348
42567	1.34798
42568	1.34795
42569	1.34793
42570	1.3479
42571	1.34787
42572	1.34785
42573	1.34782
42574	1.3478
42575	1.34777
42576	1.34775
42577	1.34772
42578	1.34769
42579	1.34767
42580	1.34764
42581	1.34762
42582	1.34759
42583	1.34757
42584	1.34754
42585	1.34751
42586	1.34749
42587	1.34746
42588	1.34744
42589	1.34741
42590	1.34739
42591	1.34736
42592	1.34733
42593	1.34731
42594	1.34728
42595	1.34726
42596	1.34723
42597	1.34721
42598	1.34718
42599	1.34715
42600	1.34713
42601	1.3471
42602	1.34708
42603	1.34705
42604	1.34703
42605	1.347
42606	1.34698
42607	1.34695
42608	1.34692
42609	1.3469
42610	1.34687
42611	1.34685
42612	1.34682
42613	1.3468
42614	1.34677
42615	1.34675
42616	1.34672
42617	1.34669
42618	1.34667
42619	1.34664
42620	1.34662
42621	1.34659
42622	1.34657
42623	1.34654
42624	1.34652
42625	1.34649
42626	1.34646
42627	1.34644
42628	1.34641
42629	1.34639
42630	1.34636
42631	1.34634
42632	1.34631
42633	1.34629
42634	1.34626
42635	1.34624
42636	1.34621
42637	1.34618
42638	1.34616
42639	1.34613
42640	1.34611
42641	1.34608
42642	1.34606
42643	1.34603
42644	1.34601
42645	1.34598
42646	1.34596
42647	1.34593
42648	1.34591
42649	1.34588
42650	1.34585
42651	1.34583
42652	1.3458
42653	1.34578
42654	1.34575
42655	1.34573
42656	1.3457
42657	1.34568
42658	1.34565
42659	1.34563
42660	1.3456
42661	1.34558
42662	1.34555
42663	1.34553
42664	1.3455
42665	1.34548
42666	1.34545
42667	1.34543
42668	1.3454
42669	1.34538
42670	1.34535
42671	1.34533
42672	1.3453
42673	1.34528
42674	1.34525
42675	1.34523
42676	1.3452
42677	1.34518
42678	1.34515
42679	1.34513
42680	1.3451
42681	1.34508
42682	1.34505
42683	1.34503
42684	1.345
42685	1.34498
42686	1.34495
42687	1.34493
42688	1.3449
42689	1.34488
42690	1.34486
42691	1.34483
42692	1.34481
42693	1.34478
42694	1.34476
42695	1.34473
42696	1.34471
42697	1.34468
42698	1.34466
42699	1.34463
42700	1.34461
42701	1.34459
42702	1.34456
42703	1.34454
42704	1.34451
42705	1.34449
42706	1.34446
42707	1.34444
42708	1.34442
42709	1.34439
42710	1.34437
42711	1.34434
42712	1.34432
42713	1.34429
42714	1.34427
42715	1.34425
42716	1.34422
42717	1.3442
42718	1.34418
42719	1.34415
42720	1.34413
42721	1.3441
42722	1.34408
42723	1.34406
42724	1.34403
42725	1.34401
42726	1.34398
42727	1.34396
42728	1.34394
42729	1.34391
42730	1.34389
42731	1.34387
42732	1.34384
42733	1.34382
42734	1.3438
42735	1.34377
42736	1.34375
42737	1.34373
42738	1.3437
42739	1.34368
42740	1.34366
42741	1.34363
42742	1.34361
42743	1.34359
42744	1.34357
42745	1.34354
42746	1.34352
42747	1.3435
42748	1.34347
42749	1.34345
42750	1.34343
42751	1.34341
42752	1.34338
42753	1.34336
42754	1.34334
42755	1.34332
42756	1.34329
42757	1.34327
42758	1.34325
42759	1.34323
42760	1.3432
42761	1.34318
42762	1.34316
42763	1.34314
42764	1.34312
42765	1.34309
42766	1.34307
42767	1.34305
42768	1.34303
42769	1.34301
42770	1.34298
42771	1.34296
42772	1.34294
42773	1.34292
42774	1.3429
42775	1.34288
42776	1.34286
42777	1.34283
42778	1.34281
42779	1.34279
42780	1.34277
42781	1.34275
42782	1.34273
42783	1.34271
42784	1.34269
42785	1.34267
42786	1.34265
42787	1.34262
42788	1.3426
42789	1.34258
42790	1.34256
42791	1.34254
42792	1.34252
42793	1.3425
42794	1.34248
42795	1.34246
42796	1.34244
42797	1.34242
42798	1.3424
42799	1.34238
42800	1.34236
42801	1.34234
42802	1.34232
42803	1.3423
42804	1.34228
42805	1.34226
42806	1.34224
42807	1.34222
42808	1.3422
42809	1.34218
42810	1.34217
42811	1.34215
42812	1.34213
42813	1.34211
42814	1.34209
42815	1.34207
42816	1.34205
42817	1.34203
42818	1.34201
42819	1.342
42820	1.34198
42821	1.34196
42822	1.34194
42823	1.34192
42824	1.3419
42825	1.34189
42826	1.34187
42827	1.34185
42828	1.34183
42829	1.34181
42830	1.3418
42831	1.34178
42832	1.34176
42833	1.34174
42834	1.34173
42835	1.34171
42836	1.34169
42837	1.34168
42838	1.34166
42839	1.34164
42840	1.34162
42841	1.34161
42842	1.34159
42843	1.34157
42844	1.34156
42845	1.34154
42846	1.34153
42847	1.34151
42848	1.34149
42849	1.34148
42850	1.34146
42851	1.34145
42852	1.34143
42853	1.34141
42854	1.3414
42855	1.34138
42856	1.34137
42857	1.34135
42858	1.34134
42859	1.34132
42860	1.34131
42861	1.34129
42862	1.34128
42863	1.34126
42864	1.34125
42865	1.34123
42866	1.34122
42867	1.3412
42868	1.34119
42869	1.34118
42870	1.34116
42871	1.34115
42872	1.34113
42873	1.34112
42874	1.34111
42875	1.34109
42876	1.34108
42877	1.34107
42878	1.34105
42879	1.34104
42880	1.34103
42881	1.34101
42882	1.341
42883	1.34099
42884	1.34097
42885	1.34096
42886	1.34095
42887	1.34094
42888	1.34092
42889	1.34091
42890	1.3409
42891	1.34089
42892	1.34088
42893	1.34087
42894	1.34085
42895	1.34084
42896	1.34083
42897	1.34082
42898	1.34081
42899	1.3408
42900	1.34079
42901	1.34078
42902	1.34076
42903	1.34075
42904	1.34074
42905	1.34073
42906	1.34072
42907	1.34071
42908	1.3407
42909	1.34069
42910	1.34068
42911	1.34067
42912	1.34066
42913	1.34065
42914	1.34064
42915	1.34063
42916	1.34063
42917	1.34062
42918	1.34061
42919	1.3406
42920	1.34059
42921	1.34058
42922	1.34057
42923	1.34056
42924	1.34056
42925	1.34055
42926	1.34054
42927	1.34053
42928	1.34052
42929	1.34052
42930	1.34051
42931	1.3405
42932	1.34049
42933	1.34049
42934	1.34048
42935	1.34047
42936	1.34047
42937	1.34046
42938	1.34045
42939	1.34045
42940	1.34044
42941	1.34043
42942	1.34043
42943	1.34042
42944	1.34042
42945	1.34041
42946	1.3404
42947	1.3404
42948	1.34039
42949	1.34039
42950	1.34038
42951	1.34038
42952	1.34037
42953	1.34037
42954	1.34036
42955	1.34036
42956	1.34035
42957	1.34035
42958	1.34035
42959	1.34034
42960	1.34034
42961	1.34033
42962	1.34033
42963	1.34033
42964	1.34032
42965	1.34032
42966	1.34032
42967	1.34031
42968	1.34031
42969	1.34031
42970	1.3403
42971	1.3403
42972	1.3403
42973	1.3403
42974	1.3403
42975	1.34029
42976	1.34029
42977	1.34029
42978	1.34029
42979	1.34029
42980	1.34028
42981	1.34028
42982	1.34028
42983	1.34028
42984	1.34028
42985	1.34028
42986	1.34028
42987	1.34028
42988	1.34028
42989	1.34028
42990	1.34028
42991	1.34028
42992	1.34028
42993	1.34028
42994	1.34028
42995	1.34028
42996	1.34028
42997	1.34028
42998	1.34028
42999	1.34028
43000	1.34028
43001	1.34028
43002	1.34029
43003	1.34029
43004	1.34029
43005	1.34029
43006	1.34029
43007	1.3403
43008	1.3403
43009	1.3403
43010	1.3403
43011	1.34031
43012	1.34031
43013	1.34031
43014	1.34031
43015	1.34032
43016	1.34032
43017	1.34032
43018	1.34033
43019	1.34033
43020	1.34034
43021	1.34034
43022	1.34034
43023	1.34035
43024	1.34035
43025	1.34036
43026	1.34036
43027	1.34037
43028	1.34037
43029	1.34038
43030	1.34038
43031	1.34039
43032	1.34039
43033	1.3404
43034	1.3404
43035	1.34041
43036	1.34042
43037	1.34042
43038	1.34043
43039	1.34043
43040	1.34044
43041	1.34045
43042	1.34045
43043	1.34046
43044	1.34047
43045	1.34048
43046	1.34048
43047	1.34049
43048	1.3405
43049	1.34051
43050	1.34051
43051	1.34052
43052	1.34053
43053	1.34054
43054	1.34055
43055	1.34056
43056	1.34057
43057	1.34057
43058	1.34058
43059	1.34059
43060	1.3406
43061	1.34061
43062	1.34062
43063	1.34063
43064	1.34064
43065	1.34065
43066	1.34066
43067	1.34067
43068	1.34068
43069	1.34069
43070	1.3407
43071	1.34072
43072	1.34073
43073	1.34074
43074	1.34075
43075	1.34076
43076	1.34077
43077	1.34078
43078	1.3408
43079	1.34081
43080	1.34082
43081	1.34083
43082	1.34085
43083	1.34086
43084	1.34087
43085	1.34088
43086	1.3409
43087	1.34091
43088	1.34092
43089	1.34094
43090	1.34095
43091	1.34097
43092	1.34098
43093	1.34099
43094	1.34101
43095	1.34102
43096	1.34104
43097	1.34105
43098	1.34107
43099	1.34108
43100	1.3411
43101	1.34111
43102	1.34113
43103	1.34115
43104	1.34116
43105	1.34118
43106	1.34119
43107	1.34121
43108	1.34123
43109	1.34124
43110	1.34126
43111	1.34128
43112	1.34129
43113	1.34131
43114	1.34133
43115	1.34135
43116	1.34136
43117	1.34138
43118	1.3414
43119	1.34142
43120	1.34144
43121	1.34145
43122	1.34147
43123	1.34149
43124	1.34151
43125	1.34153
43126	1.34155
43127	1.34157
43128	1.34159
43129	1.34161
43130	1.34163
43131	1.34165
43132	1.34167
43133	1.34169
43134	1.34171
43135	1.34173
43136	1.34175
43137	1.34177
43138	1.34179
43139	1.34181
43140	1.34183
43141	1.34186
43142	1.34188
43143	1.3419
43144	1.34192
43145	1.34194
43146	1.34197
43147	1.34199
43148	1.34201
43149	1.34203
43150	1.34206
43151	1.34208
43152	1.3421
43153	1.34213
43154	1.34215
43155	1.34217
43156	1.3422
43157	1.34222
43158	1.34224
43159	1.34227
43160	1.34229
43161	1.34232
43162	1.34234
43163	1.34237
43164	1.34239
43165	1.34242
43166	1.34244
43167	1.34247
43168	1.34249
43169	1.34252
43170	1.34254
43171	1.34257
43172	1.3426
43173	1.34262
43174	1.34265
43175	1.34267
43176	1.3427
43177	1.34273
43178	1.34275
43179	1.34278
43180	1.34281
43181	1.34284
43182	1.34286
43183	1.34289
43184	1.34292
43185	1.34295
43186	1.34297
43187	1.343
43188	1.34303
43189	1.34306
43190	1.34309
43191	1.34312
43192	1.34314
43193	1.34317
43194	1.3432
43195	1.34323
43196	1.34326
43197	1.34329
43198	1.34332
43199	1.34335
43200	1.34338
43201	1.34341
43202	1.34344
43203	1.34347
43204	1.3435
43205	1.34353
43206	1.34356
43207	1.34359
43208	1.34362
43209	1.34365
43210	1.34368
43211	1.34371
43212	1.34374
43213	1.34377
43214	1.3438
43215	1.34383
43216	1.34387
43217	1.3439
43218	1.34393
43219	1.34396
43220	1.34399
43221	1.34402
43222	1.34406
43223	1.34409
43224	1.34412
43225	1.34415
43226	1.34418
43227	1.34422
43228	1.34425
43229	1.34428
43230	1.34431
43231	1.34435
43232	1.34438
43233	1.34441
43234	1.34444
43235	1.34448
43236	1.34451
43237	1.34454
43238	1.34457
43239	1.34461
43240	1.34464
43241	1.34467
43242	1.34471
43243	1.34474
43244	1.34477
43245	1.34481
43246	1.34484
43247	1.34487
43248	1.34491
43249	1.34494
43250	1.34497
43251	1.34501
43252	1.34504
43253	1.34508
43254	1.34511
43255	1.34514
43256	1.34518
43257	1.34521
43258	1.34524
43259	1.34528
43260	1.34531
43261	1.34535
43262	1.34538
43263	1.34541
43264	1.34545
43265	1.34548
43266	1.34552
43267	1.34555
43268	1.34558
43269	1.34562
43270	1.34565
43271	1.34569
43272	1.34572
43273	1.34575
43274	1.34579
43275	1.34582
43276	1.34586
43277	1.34589
43278	1.34592
43279	1.34596
43280	1.34599
43281	1.34603
43282	1.34606
43283	1.34609
43284	1.34613
43285	1.34616
43286	1.34619
43287	1.34623
43288	1.34626
43289	1.3463
43290	1.34633
43291	1.34636
43292	1.3464
43293	1.34643
43294	1.34646
43295	1.3465
43296	1.34653
43297	1.34657
43298	1.3466
43299	1.34663
43300	1.34667
43301	1.3467
43302	1.34673
43303	1.34677
43304	1.3468
43305	1.34683
43306	1.34686
43307	1.3469
43308	1.34693
43309	1.34696
43310	1.347
43311	1.34703
43312	1.34706
43313	1.3471
43314	1.34713
43315	1.34716
43316	1.34719
43317	1.34723
43318	1.34726
43319	1.34729
43320	1.34732
43321	1.34735
43322	1.34739
43323	1.34742
43324	1.34745
43325	1.34748
43326	1.34751
43327	1.34755
43328	1.34758
43329	1.34761
43330	1.34764
43331	1.34767
43332	1.3477
43333	1.34773
43334	1.34777
43335	1.3478
43336	1.34783
43337	1.34786
43338	1.34789
43339	1.34792
43340	1.34795
43341	1.34798
43342	1.34801
43343	1.34804
43344	1.34807
43345	1.3481
43346	1.34813
43347	1.34816
43348	1.34819
43349	1.34822
43350	1.34825
43351	1.34828
43352	1.34831
43353	1.34834
43354	1.34837
43355	1.3484
43356	1.34843
43357	1.34846
43358	1.34849
43359	1.34852
43360	1.34855
43361	1.34858
43362	1.3486
43363	1.34863
43364	1.34866
43365	1.34869
43366	1.34872
43367	1.34875
43368	1.34877
43369	1.3488
43370	1.34883
43371	1.34886
43372	1.34889
43373	1.34891
43374	1.34894
43375	1.34897
43376	1.349
43377	1.34902
43378	1.34905
43379	1.34908
43380	1.3491
43381	1.34913
43382	1.34916
43383	1.34918
43384	1.34921
43385	1.34924
43386	1.34926
43387	1.34929
43388	1.34932
43389	1.34934
43390	1.34937
43391	1.34939
43392	1.34942
43393	1.34945
43394	1.34947
43395	1.3495
43396	1.34952
43397	1.34955
43398	1.34957
43399	1.3496
43400	1.34962
43401	1.34965
43402	1.34967
43403	1.3497
43404	1.34972
43405	1.34975
43406	1.34977
43407	1.3498
43408	1.34982
43409	1.34984
43410	1.34987
43411	1.34989
43412	1.34992
43413	1.34994
43414	1.34996
43415	1.34999
43416	1.35001
43417	1.35003
43418	1.35006
43419	1.35008
43420	1.3501
43421	1.35013
43422	1.35015
43423	1.35017
43424	1.3502
43425	1.35022
43426	1.35024
43427	1.35027
43428	1.35029
43429	1.35031
43430	1.35033
43431	1.35036
43432	1.35038
43433	1.3504
43434	1.35042
43435	1.35044
43436	1.35047
43437	1.35049
43438	1.35051
43439	1.35053
43440	1.35055
43441	1.35057
43442	1.3506
43443	1.35062
43444	1.35064
43445	1.35066
43446	1.35068
43447	1.3507
43448	1.35072
43449	1.35075
43450	1.35077
43451	1.35079
43452	1.35081
43453	1.35083
43454	1.35085
43455	1.35087
43456	1.35089
43457	1.35091
43458	1.35093
43459	1.35095
43460	1.35097
43461	1.35099
43462	1.35101
43463	1.35103
43464	1.35105
43465	1.35107
43466	1.35109
43467	1.35111
43468	1.35113
43469	1.35115
43470	1.35117
43471	1.35119
43472	1.35121
43473	1.35123
43474	1.35125
43475	1.35127
43476	1.35129
43477	1.35131
43478	1.35133
43479	1.35135
43480	1.35137
43481	1.35139
43482	1.3514
43483	1.35142
43484	1.35144
43485	1.35146
43486	1.35148
43487	1.3515
43488	1.35152
43489	1.35154
43490	1.35155
43491	1.35157
43492	1.35159
43493	1.35161
43494	1.35163
43495	1.35165
43496	1.35167
43497	1.35168
43498	1.3517
43499	1.35172
43500	1.35174
43501	1.35176
43502	1.35177
43503	1.35179
43504	1.35181
43505	1.35183
43506	1.35185
43507	1.35186
43508	1.35188
43509	1.3519
43510	1.35192
43511	1.35193
43512	1.35195
43513	1.35197
43514	1.35199
43515	1.352
43516	1.35202
43517	1.35204
43518	1.35205
43519	1.35207
43520	1.35209
43521	1.35211
43522	1.35212
43523	1.35214
43524	1.35216
43525	1.35217
43526	1.35219
43527	1.35221
43528	1.35222
43529	1.35224
43530	1.35226
43531	1.35227
43532	1.35229
43533	1.35231
43534	1.35232
43535	1.35234
43536	1.35235
43537	1.35237
43538	1.35239
43539	1.3524
43540	1.35242
43541	1.35243
43542	1.35245
43543	1.35247
43544	1.35248
43545	1.3525
43546	1.35251
43547	1.35253
43548	1.35254
43549	1.35256
43550	1.35258
43551	1.35259
43552	1.35261
43553	1.35262
43554	1.35264
43555	1.35265
43556	1.35267
43557	1.35268
43558	1.3527
43559	1.35271
43560	1.35273
43561	1.35274
43562	1.35276
43563	1.35277
43564	1.35279
43565	1.3528
43566	1.35282
43567	1.35283
43568	1.35284
43569	1.35286
43570	1.35287
43571	1.35289
43572	1.3529
43573	1.35292
43574	1.35293
43575	1.35294
43576	1.35296
43577	1.35297
43578	1.35299
43579	1.353
43580	1.35301
43581	1.35303
43582	1.35304
43583	1.35305
43584	1.35307
43585	1.35308
43586	1.35309
43587	1.35311
43588	1.35312
43589	1.35313
43590	1.35315
43591	1.35316
43592	1.35317
43593	1.35319
43594	1.3532
43595	1.35321
43596	1.35322
43597	1.35324
43598	1.35325
43599	1.35326
43600	1.35327
43601	1.35329
43602	1.3533
43603	1.35331
43604	1.35332
43605	1.35334
43606	1.35335
43607	1.35336
43608	1.35337
43609	1.35338
43610	1.35339
43611	1.35341
43612	1.35342
43613	1.35343
43614	1.35344
43615	1.35345
43616	1.35346
43617	1.35348
43618	1.35349
43619	1.3535
43620	1.35351
43621	1.35352
43622	1.35353
43623	1.35354
43624	1.35355
43625	1.35356
43626	1.35357
43627	1.35358
43628	1.35359
43629	1.35361
43630	1.35362
43631	1.35363
43632	1.35364
43633	1.35365
43634	1.35366
43635	1.35367
43636	1.35368
43637	1.35369
43638	1.3537
43639	1.35371
43640	1.35372
43641	1.35372
43642	1.35373
43643	1.35374
43644	1.35375
43645	1.35376
43646	1.35377
43647	1.35378
43648	1.35379
43649	1.3538
43650	1.35381
43651	1.35382
43652	1.35383
43653	1.35383
43654	1.35384
43655	1.35385
43656	1.35386
43657	1.35387
43658	1.35388
43659	1.35388
43660	1.35389
43661	1.3539
43662	1.35391
43663	1.35392
43664	1.35393
43665	1.35393
43666	1.35394
43667	1.35395
43668	1.35396
43669	1.35396
43670	1.35397
43671	1.35398
43672	1.35399
43673	1.35399
43674	1.354
43675	1.35401
43676	1.35402
43677	1.35402
43678	1.35403
43679	1.35404
43680	1.35404
43681	1.35405
43682	1.35406
43683	1.35406
43684	1.35407
43685	1.35408
43686	1.35408
43687	1.35409
43688	1.3541
43689	1.3541
43690	1.35411
43691	1.35411
43692	1.35412
43693	1.35413
43694	1.35413
43695	1.35414
43696	1.35415
43697	1.35415
43698	1.35416
43699	1.35416
43700	1.35417
43701	1.35417
43702	1.35418
43703	1.35418
43704	1.35419
43705	1.3542
43706	1.3542
43707	1.35421
43708	1.35421
43709	1.35422
43710	1.35422
43711	1.35423
43712	1.35423
43713	1.35424
43714	1.35424
43715	1.35425
43716	1.35425
43717	1.35426
43718	1.35426
43719	1.35427
43720	1.35427
43721	1.35428
43722	1.35428
43723	1.35428
43724	1.35429
43725	1.35429
43726	1.3543
43727	1.3543
43728	1.35431
43729	1.35431
43730	1.35431
43731	1.35432
43732	1.35432
43733	1.35433
43734	1.35433
43735	1.35434
43736	1.35434
43737	1.35434
43738	1.35435
43739	1.35435
43740	1.35435
43741	1.35436
43742	1.35436
43743	1.35437
43744	1.35437
43745	1.35437
43746	1.35438
43747	1.35438
43748	1.35438
43749	1.35439
43750	1.35439
43751	1.35439
43752	1.3544
43753	1.3544
43754	1.3544
43755	1.35441
43756	1.35441
43757	1.35441
43758	1.35442
43759	1.35442
43760	1.35442
43761	1.35443
43762	1.35443
43763	1.35443
43764	1.35444
43765	1.35444
43766	1.35444
43767	1.35445
43768	1.35445
43769	1.35445
43770	1.35445
43771	1.35446
43772	1.35446
43773	1.35446
43774	1.35447
43775	1.35447
43776	1.35447
43777	1.35448
43778	1.35448
43779	1.35448
43780	1.35448
43781	1.35449
43782	1.35449
43783	1.35449
43784	1.35449
43785	1.3545
43786	1.3545
43787	1.3545
43788	1.35451
43789	1.35451
43790	1.35451
43791	1.35451
43792	1.35452
43793	1.35452
43794	1.35452
43795	1.35452
43796	1.35453
43797	1.35453
43798	1.35453
43799	1.35453
43800	1.35454
43801	1.35454
43802	1.35454
43803	1.35454
43804	1.35455
43805	1.35455
43806	1.35455
43807	1.35456
43808	1.35456
43809	1.35456
43810	1.35456
43811	1.35457
43812	1.35457
43813	1.35457
43814	1.35457
43815	1.35458
43816	1.35458
43817	1.35458
43818	1.35458
43819	1.35459
43820	1.35459
43821	1.35459
43822	1.35459
43823	1.3546
43824	1.3546
43825	1.3546
43826	1.3546
43827	1.35461
43828	1.35461
43829	1.35461
43830	1.35461
43831	1.35462
43832	1.35462
43833	1.35462
43834	1.35463
43835	1.35463
43836	1.35463
43837	1.35463
43838	1.35464
43839	1.35464
43840	1.35464
43841	1.35464
43842	1.35465
43843	1.35465
43844	1.35465
43845	1.35466
43846	1.35466
43847	1.35466
43848	1.35466
43849	1.35467
43850	1.35467
43851	1.35467
43852	1.35468
43853	1.35468
43854	1.35468
43855	1.35468
43856	1.35469
43857	1.35469
43858	1.35469
43859	1.3547
43860	1.3547
43861	1.3547
43862	1.35471
43863	1.35471
43864	1.35471
43865	1.35471
43866	1.35472
43867	1.35472
43868	1.35472
43869	1.35473
43870	1.35473
43871	1.35473
43872	1.35474
43873	1.35474
43874	1.35474
43875	1.35475
43876	1.35475
43877	1.35475
43878	1.35476
43879	1.35476
43880	1.35476
43881	1.35477
43882	1.35477
43883	1.35478
43884	1.35478
43885	1.35478
43886	1.35479
43887	1.35479
43888	1.35479
43889	1.3548
43890	1.3548
43891	1.35481
43892	1.35481
43893	1.35481
43894	1.35482
43895	1.35482
43896	1.35483
43897	1.35483
43898	1.35483
43899	1.35484
43900	1.35484
43901	1.35485
43902	1.35485
43903	1.35485
43904	1.35486
43905	1.35486
43906	1.35487
43907	1.35487
43908	1.35488
43909	1.35488
43910	1.35488
43911	1.35489
43912	1.35489
43913	1.3549
43914	1.3549
43915	1.35491
43916	1.35491
43917	1.35492
43918	1.35492
43919	1.35493
43920	1.35493
43921	1.35494
43922	1.35494
43923	1.35495
43924	1.35495
43925	1.35496
43926	1.35496
43927	1.35497
43928	1.35497
43929	1.35498
43930	1.35498
43931	1.35499
43932	1.35499
43933	1.355
43934	1.35501
43935	1.35501
43936	1.35502
43937	1.35502
43938	1.35503
43939	1.35503
43940	1.35504
43941	1.35504
43942	1.35505
43943	1.35506
43944	1.35506
43945	1.35507
43946	1.35507
43947	1.35508
43948	1.35509
43949	1.35509
43950	1.3551
43951	1.35511
43952	1.35511
43953	1.35512
43954	1.35513
43955	1.35513
43956	1.35514
43957	1.35514
43958	1.35515
43959	1.35516
43960	1.35516
43961	1.35517
43962	1.35518
43963	1.35519
43964	1.35519
43965	1.3552
43966	1.35521
43967	1.35521
43968	1.35522
43969	1.35523
43970	1.35524
43971	1.35524
43972	1.35525
43973	1.35526
43974	1.35527
43975	1.35527
43976	1.35528
43977	1.35529
43978	1.3553
43979	1.3553
43980	1.35531
43981	1.35532
43982	1.35533
43983	1.35534
43984	1.35534
43985	1.35535
43986	1.35536
43987	1.35537
43988	1.35538
43989	1.35538
43990	1.35539
43991	1.3554
43992	1.35541
43993	1.35542
43994	1.35543
43995	1.35544
43996	1.35545
43997	1.35545
43998	1.35546
43999	1.35547
44000	1.35548
44001	1.35549
44002	1.3555
44003	1.35551
44004	1.35552
44005	1.35553
44006	1.35554
44007	1.35555
44008	1.35556
44009	1.35556
44010	1.35557
44011	1.35558
44012	1.35559
44013	1.3556
44014	1.35561
44015	1.35562
44016	1.35563
44017	1.35564
44018	1.35565
44019	1.35566
44020	1.35567
44021	1.35568
44022	1.35569
44023	1.3557
44024	1.35572
44025	1.35573
44026	1.35574
44027	1.35575
44028	1.35576
44029	1.35577
44030	1.35578
44031	1.35579
44032	1.3558
44033	1.35581
44034	1.35582
44035	1.35583
44036	1.35585
44037	1.35586
44038	1.35587
44039	1.35588
44040	1.35589
44041	1.3559
44042	1.35591
44043	1.35593
44044	1.35594
44045	1.35595
44046	1.35596
44047	1.35597
44048	1.35598
44049	1.356
44050	1.35601
44051	1.35602
44052	1.35603
44053	1.35604
44054	1.35606
44055	1.35607
44056	1.35608
44057	1.35609
44058	1.35611
44059	1.35612
44060	1.35613
44061	1.35614
44062	1.35616
44063	1.35617
44064	1.35618
44065	1.3562
44066	1.35621
44067	1.35622
44068	1.35623
44069	1.35625
44070	1.35626
44071	1.35627
44072	1.35629
44073	1.3563
44074	1.35631
44075	1.35633
44076	1.35634
44077	1.35635
44078	1.35637
44079	1.35638
44080	1.3564
44081	1.35641
44082	1.35642
44083	1.35644
44084	1.35645
44085	1.35646
44086	1.35648
44087	1.35649
44088	1.35651
44089	1.35652
44090	1.35654
44091	1.35655
44092	1.35656
44093	1.35658
44094	1.35659
44095	1.35661
44096	1.35662
44097	1.35664
44098	1.35665
44099	1.35667
44100	1.35668
44101	1.3567
44102	1.35671
44103	1.35673
44104	1.35674
44105	1.35676
44106	1.35677
44107	1.35679
44108	1.3568
44109	1.35682
44110	1.35683
44111	1.35685
44112	1.35686
44113	1.35688
44114	1.35689
44115	1.35691
44116	1.35692
44117	1.35694
44118	1.35696
44119	1.35697
44120	1.35699
44121	1.357
44122	1.35702
44123	1.35704
44124	1.35705
44125	1.35707
44126	1.35708
44127	1.3571
44128	1.35712
44129	1.35713
44130	1.35715
44131	1.35716
44132	1.35718
44133	1.3572
44134	1.35721
44135	1.35723
44136	1.35725
44137	1.35726
44138	1.35728
44139	1.3573
44140	1.35731
44141	1.35733
44142	1.35735
44143	1.35736
44144	1.35738
44145	1.3574
44146	1.35741
44147	1.35743
44148	1.35745
44149	1.35746
44150	1.35748
44151	1.3575
44152	1.35751
44153	1.35753
44154	1.35755
44155	1.35757
44156	1.35758
44157	1.3576
44158	1.35762
44159	1.35763
44160	1.35765
44161	1.35767
44162	1.35769
44163	1.3577
44164	1.35772
44165	1.35774
44166	1.35776
44167	1.35777
44168	1.35779
44169	1.35781
44170	1.35783
44171	1.35784
44172	1.35786
44173	1.35788
44174	1.3579
44175	1.35792
44176	1.35793
44177	1.35795
44178	1.35797
44179	1.35799
44180	1.358
44181	1.35802
44182	1.35804
44183	1.35806
44184	1.35808
44185	1.35809
44186	1.35811
44187	1.35813
44188	1.35815
44189	1.35817
44190	1.35818
44191	1.3582
44192	1.35822
44193	1.35824
44194	1.35826
44195	1.35828
44196	1.35829
44197	1.35831
44198	1.35833
44199	1.35835
44200	1.35837
44201	1.35839
44202	1.3584
44203	1.35842
44204	1.35844
44205	1.35846
44206	1.35848
44207	1.3585
44208	1.35851
44209	1.35853
44210	1.35855
44211	1.35857
44212	1.35859
44213	1.35861
44214	1.35862
44215	1.35864
44216	1.35866
44217	1.35868
44218	1.3587
44219	1.35872
44220	1.35874
44221	1.35875
44222	1.35877
44223	1.35879
44224	1.35881
44225	1.35883
44226	1.35885
44227	1.35887
44228	1.35888
44229	1.3589
44230	1.35892
44231	1.35894
44232	1.35896
44233	1.35898
44234	1.359
44235	1.35902
44236	1.35903
44237	1.35905
44238	1.35907
44239	1.35909
44240	1.35911
44241	1.35913
44242	1.35915
44243	1.35916
44244	1.35918
44245	1.3592
44246	1.35922
44247	1.35924
44248	1.35926
44249	1.35928
44250	1.35929
44251	1.35931
44252	1.35933
44253	1.35935
44254	1.35937
44255	1.35939
44256	1.35941
44257	1.35943
44258	1.35944
44259	1.35946
44260	1.35948
44261	1.3595
44262	1.35952
44263	1.35954
44264	1.35956
44265	1.35957
44266	1.35959
44267	1.35961
44268	1.35963
44269	1.35965
44270	1.35967
44271	1.35968
44272	1.3597
44273	1.35972
44274	1.35974
44275	1.35976
44276	1.35978
44277	1.3598
44278	1.35981
44279	1.35983
44280	1.35985
44281	1.35987
44282	1.35989
44283	1.35991
44284	1.35992
44285	1.35994
44286	1.35996
44287	1.35998
44288	1.36
44289	1.36001
44290	1.36003
44291	1.36005
44292	1.36007
44293	1.36009
44294	1.3601
44295	1.36012
44296	1.36014
44297	1.36016
44298	1.36018
44299	1.36019
44300	1.36021
44301	1.36023
44302	1.36025
44303	1.36027
44304	1.36028
44305	1.3603
44306	1.36032
44307	1.36034
44308	1.36036
44309	1.36037
44310	1.36039
44311	1.36041
44312	1.36043
44313	1.36044
44314	1.36046
44315	1.36048
44316	1.3605
44317	1.36051
44318	1.36053
44319	1.36055
44320	1.36057
44321	1.36058
44322	1.3606
44323	1.36062
44324	1.36064
44325	1.36065
44326	1.36067
44327	1.36069
44328	1.3607
44329	1.36072
44330	1.36074
44331	1.36076
44332	1.36077
44333	1.36079
44334	1.36081
44335	1.36082
44336	1.36084
44337	1.36086
44338	1.36087
44339	1.36089
44340	1.36091
44341	1.36092
44342	1.36094
44343	1.36096
44344	1.36097
44345	1.36099
44346	1.36101
44347	1.36102
44348	1.36104
44349	1.36106
44350	1.36107
44351	1.36109
44352	1.3611
44353	1.36112
44354	1.36114
44355	1.36115
44356	1.36117
44357	1.36119
44358	1.3612
44359	1.36122
44360	1.36123
44361	1.36125
44362	1.36126
44363	1.36128
44364	1.3613
44365	1.36131
44366	1.36133
44367	1.36134
44368	1.36136
44369	1.36137
44370	1.36139
44371	1.3614
44372	1.36142
44373	1.36144
44374	1.36145
44375	1.36147
44376	1.36148
44377	1.3615
44378	1.36151
44379	1.36153
44380	1.36154
44381	1.36156
44382	1.36157
44383	1.36159
44384	1.3616
44385	1.36162
44386	1.36163
44387	1.36164
44388	1.36166
44389	1.36167
44390	1.36169
44391	1.3617
44392	1.36172
44393	1.36173
44394	1.36175
44395	1.36176
44396	1.36177
44397	1.36179
44398	1.3618
44399	1.36182
44400	1.36183
44401	1.36184
44402	1.36186
44403	1.36187
44404	1.36189
44405	1.3619
44406	1.36191
44407	1.36193
44408	1.36194
44409	1.36195
44410	1.36197
44411	1.36198
44412	1.36199
44413	1.36201
44414	1.36202
44415	1.36203
44416	1.36205
44417	1.36206
44418	1.36207
44419	1.36208
44420	1.3621
44421	1.36211
44422	1.36212
44423	1.36214
44424	1.36215
44425	1.36216
44426	1.36217
44427	1.36219
44428	1.3622
44429	1.36221
44430	1.36222
44431	1.36223
44432	1.36225
44433	1.36226
44434	1.36227
44435	1.36228
44436	1.36229
44437	1.36231
44438	1.36232
44439	1.36233
44440	1.36234
44441	1.36235
44442	1.36236
44443	1.36238
44444	1.36239
44445	1.3624
44446	1.36241
44447	1.36242
44448	1.36243
44449	1.36244
44450	1.36245
44451	1.36247
44452	1.36248
44453	1.36249
44454	1.3625
44455	1.36251
44456	1.36252
44457	1.36253
44458	1.36254
44459	1.36255
44460	1.36256
44461	1.36257
44462	1.36258
44463	1.36259
44464	1.3626
44465	1.36261
44466	1.36262
44467	1.36263
44468	1.36264
44469	1.36265
44470	1.36266
44471	1.36267
44472	1.36268
44473	1.36269
44474	1.3627
44475	1.36271
44476	1.36272
44477	1.36273
44478	1.36274
44479	1.36275
44480	1.36276
44481	1.36277
44482	1.36278
44483	1.36278
44484	1.36279
44485	1.3628
44486	1.36281
44487	1.36282
44488	1.36283
44489	1.36284
44490	1.36285
44491	1.36285
44492	1.36286
44493	1.36287
44494	1.36288
44495	1.36289
44496	1.3629
44497	1.3629
44498	1.36291
44499	1.36292
44500	1.36293
44501	1.36294
44502	1.36294
44503	1.36295
44504	1.36296
44505	1.36297
44506	1.36297
44507	1.36298
44508	1.36299
44509	1.363
44510	1.363
44511	1.36301
44512	1.36302
44513	1.36303
44514	1.36303
44515	1.36304
44516	1.36305
44517	1.36305
44518	1.36306
44519	1.36307
44520	1.36307
44521	1.36308
44522	1.36309
44523	1.36309
44524	1.3631
44525	1.36311
44526	1.36311
44527	1.36312
44528	1.36313
44529	1.36313
44530	1.36314
44531	1.36314
44532	1.36315
44533	1.36316
44534	1.36316
44535	1.36317
44536	1.36317
44537	1.36318
44538	1.36319
44539	1.36319
44540	1.3632
44541	1.3632
44542	1.36321
44543	1.36321
44544	1.36322
44545	1.36322
44546	1.36323
44547	1.36323
44548	1.36324
44549	1.36324
44550	1.36325
44551	1.36325
44552	1.36326
44553	1.36326
44554	1.36327
44555	1.36327
44556	1.36328
44557	1.36328
44558	1.36329
44559	1.36329
44560	1.3633
44561	1.3633
44562	1.3633
44563	1.36331
44564	1.36331
44565	1.36332
44566	1.36332
44567	1.36332
44568	1.36333
44569	1.36333
44570	1.36334
44571	1.36334
44572	1.36334
44573	1.36335
44574	1.36335
44575	1.36335
44576	1.36336
44577	1.36336
44578	1.36336
44579	1.36337
44580	1.36337
44581	1.36337
44582	1.36338
44583	1.36338
44584	1.36338
44585	1.36339
44586	1.36339
44587	1.36339
44588	1.3634
44589	1.3634
44590	1.3634
44591	1.3634
44592	1.36341
44593	1.36341
44594	1.36341
44595	1.36341
44596	1.36342
44597	1.36342
44598	1.36342
44599	1.36342
44600	1.36343
44601	1.36343
44602	1.36343
44603	1.36343
44604	1.36344
44605	1.36344
44606	1.36344
44607	1.36344
44608	1.36344
44609	1.36345
44610	1.36345
44611	1.36345
44612	1.36345
44613	1.36345
44614	1.36345
44615	1.36346
44616	1.36346
44617	1.36346
44618	1.36346
44619	1.36346
44620	1.36346
44621	1.36346
44622	1.36347
44623	1.36347
44624	1.36347
44625	1.36347
44626	1.36347
44627	1.36347
44628	1.36347
44629	1.36347
44630	1.36347
44631	1.36348
44632	1.36348
44633	1.36348
44634	1.36348
44635	1.36348
44636	1.36348
44637	1.36348
44638	1.36348
44639	1.36348
44640	1.36348
44641	1.36348
44642	1.36348
44643	1.36348
44644	1.36348
44645	1.36348
44646	1.36348
44647	1.36348
44648	1.36349
44649	1.36349
44650	1.36349
44651	1.36349
44652	1.36349
44653	1.36349
44654	1.36349
44655	1.36349
44656	1.36349
44657	1.36349
44658	1.36349
44659	1.36349
44660	1.36349
44661	1.36349
44662	1.36348
44663	1.36348
44664	1.36348
44665	1.36348
44666	1.36348
44667	1.36348
44668	1.36348
44669	1.36348
44670	1.36348
44671	1.36348
44672	1.36348
44673	1.36348
44674	1.36348
44675	1.36348
44676	1.36348
44677	1.36348
44678	1.36348
44679	1.36348
44680	1.36348
44681	1.36347
44682	1.36347
44683	1.36347
44684	1.36347
44685	1.36347
44686	1.36347
44687	1.36347
44688	1.36347
44689	1.36347
44690	1.36347
44691	1.36346
44692	1.36346
44693	1.36346
44694	1.36346
44695	1.36346
44696	1.36346
44697	1.36346
44698	1.36346
44699	1.36346
44700	1.36345
44701	1.36345
44702	1.36345
44703	1.36345
44704	1.36345
44705	1.36345
44706	1.36345
44707	1.36344
44708	1.36344
44709	1.36344
44710	1.36344
44711	1.36344
44712	1.36344
44713	1.36343
44714	1.36343
44715	1.36343
44716	1.36343
44717	1.36343
44718	1.36343
44719	1.36342
44720	1.36342
44721	1.36342
44722	1.36342
44723	1.36342
44724	1.36342
44725	1.36341
44726	1.36341
44727	1.36341
44728	1.36341
44729	1.36341
44730	1.3634
44731	1.3634
44732	1.3634
44733	1.3634
44734	1.3634
44735	1.36339
44736	1.36339
44737	1.36339
44738	1.36339
44739	1.36339
44740	1.36338
44741	1.36338
44742	1.36338
44743	1.36338
44744	1.36338
44745	1.36337
44746	1.36337
44747	1.36337
44748	1.36337
44749	1.36337
44750	1.36336
44751	1.36336
44752	1.36336
44753	1.36336
44754	1.36335
44755	1.36335
44756	1.36335
44757	1.36335
44758	1.36334
44759	1.36334
44760	1.36334
44761	1.36334
44762	1.36334
44763	1.36333
44764	1.36333
44765	1.36333
44766	1.36333
44767	1.36332
44768	1.36332
44769	1.36332
44770	1.36332
44771	1.36331
44772	1.36331
44773	1.36331
44774	1.36331
44775	1.3633
44776	1.3633
44777	1.3633
44778	1.3633
44779	1.36329
44780	1.36329
44781	1.36329
44782	1.36329
44783	1.36328
44784	1.36328
44785	1.36328
44786	1.36328
44787	1.36327
44788	1.36327
44789	1.36327
44790	1.36327
44791	1.36326
44792	1.36326
44793	1.36326
44794	1.36326
44795	1.36325
44796	1.36325
44797	1.36325
44798	1.36325
44799	1.36324
44800	1.36324
44801	1.36324
44802	1.36323
44803	1.36323
44804	1.36323
44805	1.36323
44806	1.36322
44807	1.36322
44808	1.36322
44809	1.36322
44810	1.36321
44811	1.36321
44812	1.36321
44813	1.36321
44814	1.3632
44815	1.3632
44816	1.3632
44817	1.36319
44818	1.36319
44819	1.36319
44820	1.36319
44821	1.36318
44822	1.36318
44823	1.36318
44824	1.36318
44825	1.36317
44826	1.36317
44827	1.36317
44828	1.36316
44829	1.36316
44830	1.36316
44831	1.36316
44832	1.36315
44833	1.36315
44834	1.36315
44835	1.36314
44836	1.36314
44837	1.36314
44838	1.36314
44839	1.36313
44840	1.36313
44841	1.36313
44842	1.36312
44843	1.36312
44844	1.36312
44845	1.36312
44846	1.36311
44847	1.36311
44848	1.36311
44849	1.3631
44850	1.3631
44851	1.3631
44852	1.3631
44853	1.36309
44854	1.36309
44855	1.36309
44856	1.36308
44857	1.36308
44858	1.36308
44859	1.36308
44860	1.36307
44861	1.36307
44862	1.36307
44863	1.36306
44864	1.36306
44865	1.36306
44866	1.36306
44867	1.36305
44868	1.36305
44869	1.36305
44870	1.36304
44871	1.36304
44872	1.36304
44873	1.36303
44874	1.36303
44875	1.36303
44876	1.36303
44877	1.36302
44878	1.36302
44879	1.36302
44880	1.36301
44881	1.36301
44882	1.36301
44883	1.363
44884	1.363
44885	1.363
44886	1.363
44887	1.36299
44888	1.36299
44889	1.36299
44890	1.36298
44891	1.36298
44892	1.36298
44893	1.36297
44894	1.36297
44895	1.36297
44896	1.36296
44897	1.36296
44898	1.36296
44899	1.36295
44900	1.36295
44901	1.36295
44902	1.36294
44903	1.36294
44904	1.36294
44905	1.36293
44906	1.36293
44907	1.36293
44908	1.36293
44909	1.36292
44910	1.36292
44911	1.36292
44912	1.36291
44913	1.36291
44914	1.3629
44915	1.3629
44916	1.3629
44917	1.36289
44918	1.36289
44919	1.36289
44920	1.36288
44921	1.36288
44922	1.36288
44923	1.36287
44924	1.36287
44925	1.36287
44926	1.36286
44927	1.36286
44928	1.36286
44929	1.36285
44930	1.36285
44931	1.36285
44932	1.36284
44933	1.36284
44934	1.36283
44935	1.36283
44936	1.36283
44937	1.36282
44938	1.36282
44939	1.36282
44940	1.36281
44941	1.36281
44942	1.3628
44943	1.3628
44944	1.3628
44945	1.36279
44946	1.36279
44947	1.36279
44948	1.36278
44949	1.36278
44950	1.36277
44951	1.36277
44952	1.36277
44953	1.36276
44954	1.36276
44955	1.36275
44956	1.36275
44957	1.36274
44958	1.36274
44959	1.36274
44960	1.36273
44961	1.36273
44962	1.36272
44963	1.36272
44964	1.36271
44965	1.36271
44966	1.36271
44967	1.3627
44968	1.3627
44969	1.36269
44970	1.36269
44971	1.36268
44972	1.36268
44973	1.36267
44974	1.36267
44975	1.36267
44976	1.36266
44977	1.36266
44978	1.36265
44979	1.36265
44980	1.36264
44981	1.36264
44982	1.36263
44983	1.36263
44984	1.36262
44985	1.36262
44986	1.36261
44987	1.36261
44988	1.3626
44989	1.3626
44990	1.36259
44991	1.36259
44992	1.36258
44993	1.36258
44994	1.36257
44995	1.36257
44996	1.36256
44997	1.36256
44998	1.36255
44999	1.36254
45000	1.36254
45001	1.36253
45002	1.36253
45003	1.36252
45004	1.36252
45005	1.36251
45006	1.36251
45007	1.3625
45008	1.36249
45009	1.36249
45010	1.36248
45011	1.36248
45012	1.36247
45013	1.36246
45014	1.36246
45015	1.36245
45016	1.36245
45017	1.36244
45018	1.36243
45019	1.36243
45020	1.36242
45021	1.36241
45022	1.36241
45023	1.3624
45024	1.3624
45025	1.36239
45026	1.36238
45027	1.36238
45028	1.36237
45029	1.36236
45030	1.36236
45031	1.36235
45032	1.36234
45033	1.36234
45034	1.36233
45035	1.36232
45036	1.36231
45037	1.36231
45038	1.3623
45039	1.36229
45040	1.36229
45041	1.36228
45042	1.36227
45043	1.36226
45044	1.36226
45045	1.36225
45046	1.36224
45047	1.36223
45048	1.36223
45049	1.36222
45050	1.36221
45051	1.3622
45052	1.36219
45053	1.36219
45054	1.36218
45055	1.36217
45056	1.36216
45057	1.36215
45058	1.36215
45059	1.36214
45060	1.36213
45061	1.36212
45062	1.36211
45063	1.3621
45064	1.3621
45065	1.36209
45066	1.36208
45067	1.36207
45068	1.36206
45069	1.36205
45070	1.36204
45071	1.36203
45072	1.36203
45073	1.36202
45074	1.36201
45075	1.362
45076	1.36199
45077	1.36198
45078	1.36197
45079	1.36196
45080	1.36195
45081	1.36194
45082	1.36193
45083	1.36192
45084	1.36191
45085	1.3619
45086	1.36189
45087	1.36188
45088	1.36187
45089	1.36186
45090	1.36185
45091	1.36184
45092	1.36183
45093	1.36182
45094	1.36181
45095	1.3618
45096	1.36179
45097	1.36178
45098	1.36177
45099	1.36176
45100	1.36175
45101	1.36174
45102	1.36173
45103	1.36171
45104	1.3617
45105	1.36169
45106	1.36168
45107	1.36167
45108	1.36166
45109	1.36165
45110	1.36164
45111	1.36162
45112	1.36161
45113	1.3616
45114	1.36159
45115	1.36158
45116	1.36157
45117	1.36155
45118	1.36154
45119	1.36153
45120	1.36152
45121	1.3615
45122	1.36149
45123	1.36148
45124	1.36147
45125	1.36145
45126	1.36144
45127	1.36143
45128	1.36142
45129	1.3614
45130	1.36139
45131	1.36138
45132	1.36136
45133	1.36135
45134	1.36134
45135	1.36133
45136	1.36131
45137	1.3613
45138	1.36128
45139	1.36127
45140	1.36126
45141	1.36124
45142	1.36123
45143	1.36122
45144	1.3612
45145	1.36119
45146	1.36117
45147	1.36116
45148	1.36115
45149	1.36113
45150	1.36112
45151	1.3611
45152	1.36109
45153	1.36107
45154	1.36106
45155	1.36104
45156	1.36103
45157	1.36101
45158	1.361
45159	1.36098
45160	1.36097
45161	1.36095
45162	1.36094
45163	1.36092
45164	1.36091
45165	1.36089
45166	1.36088
45167	1.36086
45168	1.36084
45169	1.36083
45170	1.36081
45171	1.3608
45172	1.36078
45173	1.36076
45174	1.36075
45175	1.36073
45176	1.36071
45177	1.3607
45178	1.36068
45179	1.36066
45180	1.36065
45181	1.36063
45182	1.36061
45183	1.3606
45184	1.36058
45185	1.36056
45186	1.36054
45187	1.36053
45188	1.36051
45189	1.36049
45190	1.36047
45191	1.36046
45192	1.36044
45193	1.36042
45194	1.3604
45195	1.36038
45196	1.36037
45197	1.36035
45198	1.36033
45199	1.36031
45200	1.36029
45201	1.36027
45202	1.36026
45203	1.36024
45204	1.36022
45205	1.3602
45206	1.36018
45207	1.36016
45208	1.36014
45209	1.36012
45210	1.3601
45211	1.36008
45212	1.36006
45213	1.36004
45214	1.36003
45215	1.36001
45216	1.35999
45217	1.35997
45218	1.35995
45219	1.35993
45220	1.3599
45221	1.35988
45222	1.35986
45223	1.35984
45224	1.35982
45225	1.3598
45226	1.35978
45227	1.35976
45228	1.35974
45229	1.35972
45230	1.3597
45231	1.35968
45232	1.35965
45233	1.35963
45234	1.35961
45235	1.35959
45236	1.35957
45237	1.35955
45238	1.35952
45239	1.3595
45240	1.35948
45241	1.35946
45242	1.35944
45243	1.35941
45244	1.35939
45245	1.35937
45246	1.35935
45247	1.35932
45248	1.3593
45249	1.35928
45250	1.35925
45251	1.35923
45252	1.35921
45253	1.35918
45254	1.35916
45255	1.35914
45256	1.35911
45257	1.35909
45258	1.35907
45259	1.35904
45260	1.35902
45261	1.35899
45262	1.35897
45263	1.35895
45264	1.35892
45265	1.3589
45266	1.35887
45267	1.35885
45268	1.35882
45269	1.3588
45270	1.35877
45271	1.35875
45272	1.35872
45273	1.3587
45274	1.35867
45275	1.35865
45276	1.35862
45277	1.3586
45278	1.35857
45279	1.35854
45280	1.35852
45281	1.35849
45282	1.35847
45283	1.35844
45284	1.35841
45285	1.35839
45286	1.35836
45287	1.35833
45288	1.35831
45289	1.35828
45290	1.35825
45291	1.35822
45292	1.3582
45293	1.35817
45294	1.35814
45295	1.35811
45296	1.35809
45297	1.35806
45298	1.35803
45299	1.358
45300	1.35797
45301	1.35795
45302	1.35792
45303	1.35789
45304	1.35786
45305	1.35783
45306	1.3578
45307	1.35777
45308	1.35775
45309	1.35772
45310	1.35769
45311	1.35766
45312	1.35763
45313	1.3576
45314	1.35757
45315	1.35754
45316	1.35751
45317	1.35748
45318	1.35745
45319	1.35742
45320	1.35739
45321	1.35736
45322	1.35733
45323	1.3573
45324	1.35727
45325	1.35724
45326	1.35721
45327	1.35717
45328	1.35714
45329	1.35711
45330	1.35708
45331	1.35705
45332	1.35702
45333	1.35699
45334	1.35695
45335	1.35692
45336	1.35689
45337	1.35686
45338	1.35683
45339	1.35679
45340	1.35676
45341	1.35673
45342	1.3567
45343	1.35666
45344	1.35663
45345	1.3566
45346	1.35657
45347	1.35653
45348	1.3565
45349	1.35647
45350	1.35643
45351	1.3564
45352	1.35636
45353	1.35633
45354	1.3563
45355	1.35626
45356	1.35623
45357	1.35619
45358	1.35616
45359	1.35613
45360	1.35609
45361	1.35606
45362	1.35602
45363	1.35599
45364	1.35595
45365	1.35592
45366	1.35588
45367	1.35585
45368	1.35581
45369	1.35578
45370	1.35574
45371	1.35571
45372	1.35567
45373	1.35563
45374	1.3556
45375	1.35556
45376	1.35553
45377	1.35549
45378	1.35545
45379	1.35542
45380	1.35538
45381	1.35535
45382	1.35531
45383	1.35527
45384	1.35524
45385	1.3552
45386	1.35516
45387	1.35512
45388	1.35509
45389	1.35505
45390	1.35501
45391	1.35498
45392	1.35494
45393	1.3549
45394	1.35486
45395	1.35483
45396	1.35479
45397	1.35475
45398	1.35471
45399	1.35467
45400	1.35464
45401	1.3546
45402	1.35456
45403	1.35452
45404	1.35448
45405	1.35445
45406	1.35441
45407	1.35437
45408	1.35433
45409	1.35429
45410	1.35425
45411	1.35421
45412	1.35418
45413	1.35414
45414	1.3541
45415	1.35406
45416	1.35402
45417	1.35398
45418	1.35394
45419	1.3539
45420	1.35386
45421	1.35382
45422	1.35378
45423	1.35374
45424	1.35371
45425	1.35367
45426	1.35363
45427	1.35359
45428	1.35355
45429	1.35351
45430	1.35347
45431	1.35343
45432	1.35339
45433	1.35335
45434	1.35331
45435	1.35327
45436	1.35323
45437	1.35319
45438	1.35315
45439	1.35311
45440	1.35307
45441	1.35303
45442	1.35299
45443	1.35295
45444	1.35291
45445	1.35287
45446	1.35283
45447	1.35279
45448	1.35275
45449	1.35271
45450	1.35267
45451	1.35263
45452	1.35259
45453	1.35254
45454	1.3525
45455	1.35246
45456	1.35242
45457	1.35238
45458	1.35234
45459	1.3523
45460	1.35226
45461	1.35222
45462	1.35218
45463	1.35214
45464	1.3521
45465	1.35206
45466	1.35202
45467	1.35198
45468	1.35194
45469	1.3519
45470	1.35186
45471	1.35182
45472	1.35178
45473	1.35174
45474	1.3517
45475	1.35166
45476	1.35162
45477	1.35158
45478	1.35154
45479	1.3515
45480	1.35146
45481	1.35142
45482	1.35138
45483	1.35134
45484	1.3513
45485	1.35126
45486	1.35122
45487	1.35118
45488	1.35114
45489	1.3511
45490	1.35106
45491	1.35102
45492	1.35098
45493	1.35094
45494	1.3509
45495	1.35086
45496	1.35082
45497	1.35078
45498	1.35074
45499	1.3507
45500	1.35066
45501	1.35062
45502	1.35058
45503	1.35054
45504	1.3505
45505	1.35046
45506	1.35043
45507	1.35039
45508	1.35035
45509	1.35031
45510	1.35027
45511	1.35023
45512	1.35019
45513	1.35015
45514	1.35012
45515	1.35008
45516	1.35004
45517	1.35
45518	1.34996
45519	1.34992
45520	1.34989
45521	1.34985
45522	1.34981
45523	1.34977
45524	1.34973
45525	1.3497
45526	1.34966
45527	1.34962
45528	1.34958
45529	1.34955
45530	1.34951
45531	1.34947
45532	1.34944
45533	1.3494
45534	1.34936
45535	1.34933
45536	1.34929
45537	1.34925
45538	1.34922
45539	1.34918
45540	1.34914
45541	1.34911
45542	1.34907
45543	1.34903
45544	1.349
45545	1.34896
45546	1.34893
45547	1.34889
45548	1.34886
45549	1.34882
45550	1.34879
45551	1.34875
45552	1.34872
45553	1.34868
45554	1.34865
45555	1.34861
45556	1.34858
45557	1.34854
45558	1.34851
45559	1.34847
45560	1.34844
45561	1.34841
45562	1.34837
45563	1.34834
45564	1.3483
45565	1.34827
45566	1.34824
45567	1.3482
45568	1.34817
45569	1.34814
45570	1.34811
45571	1.34807
45572	1.34804
45573	1.34801
45574	1.34798
45575	1.34794
45576	1.34791
45577	1.34788
45578	1.34785
45579	1.34782
45580	1.34778
45581	1.34775
45582	1.34772
45583	1.34769
45584	1.34766
45585	1.34763
45586	1.3476
45587	1.34757
45588	1.34754
45589	1.3475
45590	1.34747
45591	1.34744
45592	1.34741
45593	1.34738
45594	1.34735
45595	1.34732
45596	1.3473
45597	1.34727
45598	1.34724
45599	1.34721
45600	1.34718
45601	1.34715
45602	1.34712
45603	1.34709
45604	1.34706
45605	1.34704
45606	1.34701
45607	1.34698
45608	1.34695
45609	1.34692
45610	1.3469
45611	1.34687
45612	1.34684
45613	1.34681
45614	1.34679
45615	1.34676
45616	1.34673
45617	1.34671
45618	1.34668
45619	1.34665
45620	1.34663
45621	1.3466
45622	1.34658
45623	1.34655
45624	1.34652
45625	1.3465
45626	1.34647
45627	1.34645
45628	1.34642
45629	1.3464
45630	1.34637
45631	1.34635
45632	1.34632
45633	1.3463
45634	1.34628
45635	1.34625
45636	1.34623
45637	1.3462
45638	1.34618
45639	1.34616
45640	1.34613
45641	1.34611
45642	1.34609
45643	1.34606
45644	1.34604
45645	1.34602
45646	1.346
45647	1.34597
45648	1.34595
45649	1.34593
45650	1.34591
45651	1.34588
45652	1.34586
45653	1.34584
45654	1.34582
45655	1.3458
45656	1.34578
45657	1.34576
45658	1.34574
45659	1.34571
45660	1.34569
45661	1.34567
45662	1.34565
45663	1.34563
45664	1.34561
45665	1.34559
45666	1.34557
45667	1.34555
45668	1.34553
45669	1.34551
45670	1.34549
45671	1.34548
45672	1.34546
45673	1.34544
45674	1.34542
45675	1.3454
45676	1.34538
45677	1.34536
45678	1.34534
45679	1.34533
45680	1.34531
45681	1.34529
45682	1.34527
45683	1.34525
45684	1.34524
45685	1.34522
45686	1.3452
45687	1.34519
45688	1.34517
45689	1.34515
45690	1.34513
45691	1.34512
45692	1.3451
45693	1.34508
45694	1.34507
45695	1.34505
45696	1.34504
45697	1.34502
45698	1.345
45699	1.34499
45700	1.34497
45701	1.34496
45702	1.34494
45703	1.34493
45704	1.34491
45705	1.3449
45706	1.34488
45707	1.34487
45708	1.34485
45709	1.34484
45710	1.34482
45711	1.34481
45712	1.3448
45713	1.34478
45714	1.34477
45715	1.34475
45716	1.34474
45717	1.34473
45718	1.34471
45719	1.3447
45720	1.34469
45721	1.34467
45722	1.34466
45723	1.34465
45724	1.34464
45725	1.34462
45726	1.34461
45727	1.3446
45728	1.34459
45729	1.34457
45730	1.34456
45731	1.34455
45732	1.34454
45733	1.34453
45734	1.34452
45735	1.3445
45736	1.34449
45737	1.34448
45738	1.34447
45739	1.34446
45740	1.34445
45741	1.34444
45742	1.34443
45743	1.34442
45744	1.34441
45745	1.34439
45746	1.34438
45747	1.34437
45748	1.34436
45749	1.34435
45750	1.34434
45751	1.34433
45752	1.34433
45753	1.34432
45754	1.34431
45755	1.3443
45756	1.34429
45757	1.34428
45758	1.34427
45759	1.34426
45760	1.34425
45761	1.34424
45762	1.34423
45763	1.34423
45764	1.34422
45765	1.34421
45766	1.3442
45767	1.34419
45768	1.34418
45769	1.34418
45770	1.34417
45771	1.34416
45772	1.34415
45773	1.34415
45774	1.34414
45775	1.34413
45776	1.34412
45777	1.34412
45778	1.34411
45779	1.3441
45780	1.3441
45781	1.34409
45782	1.34408
45783	1.34408
45784	1.34407
45785	1.34406
45786	1.34406
45787	1.34405
45788	1.34405
45789	1.34404
45790	1.34403
45791	1.34403
45792	1.34402
45793	1.34402
45794	1.34401
45795	1.34401
45796	1.344
45797	1.344
45798	1.34399
45799	1.34399
45800	1.34398
45801	1.34398
45802	1.34397
45803	1.34397
45804	1.34396
45805	1.34396
45806	1.34395
45807	1.34395
45808	1.34395
45809	1.34394
45810	1.34394
45811	1.34393
45812	1.34393
45813	1.34393
45814	1.34392
45815	1.34392
45816	1.34392
45817	1.34391
45818	1.34391
45819	1.34391
45820	1.3439
45821	1.3439
45822	1.3439
45823	1.34389
45824	1.34389
45825	1.34389
45826	1.34389
45827	1.34388
45828	1.34388
45829	1.34388
45830	1.34388
45831	1.34387
45832	1.34387
45833	1.34387
45834	1.34387
45835	1.34387
45836	1.34387
45837	1.34386
45838	1.34386
45839	1.34386
45840	1.34386
45841	1.34386
45842	1.34386
45843	1.34386
45844	1.34385
45845	1.34385
45846	1.34385
45847	1.34385
45848	1.34385
45849	1.34385
45850	1.34385
45851	1.34385
45852	1.34385
45853	1.34385
45854	1.34385
45855	1.34385
45856	1.34385
45857	1.34385
45858	1.34385
45859	1.34385
45860	1.34385
45861	1.34385
45862	1.34385
45863	1.34385
45864	1.34385
45865	1.34385
45866	1.34385
45867	1.34385
45868	1.34385
45869	1.34386
45870	1.34386
45871	1.34386
45872	1.34386
45873	1.34386
45874	1.34386
45875	1.34386
45876	1.34387
45877	1.34387
45878	1.34387
45879	1.34387
45880	1.34387
45881	1.34387
45882	1.34388
45883	1.34388
45884	1.34388
45885	1.34388
45886	1.34388
45887	1.34389
45888	1.34389
45889	1.34389
45890	1.34389
45891	1.3439
45892	1.3439
45893	1.3439
45894	1.3439
45895	1.34391
45896	1.34391
45897	1.34391
45898	1.34392
45899	1.34392
45900	1.34392
45901	1.34393
45902	1.34393
45903	1.34393
45904	1.34394
45905	1.34394
45906	1.34394
45907	1.34395
45908	1.34395
45909	1.34395
45910	1.34396
45911	1.34396
45912	1.34397
45913	1.34397
45914	1.34397
45915	1.34398
45916	1.34398
45917	1.34399
45918	1.34399
45919	1.344
45920	1.344
45921	1.344
45922	1.34401
45923	1.34401
45924	1.34402
45925	1.34402
45926	1.34403
45927	1.34403
45928	1.34404
45929	1.34404
45930	1.34405
45931	1.34405
45932	1.34406
45933	1.34406
45934	1.34407
45935	1.34407
45936	1.34408
45937	1.34408
45938	1.34409
45939	1.34409
45940	1.3441
45941	1.34411
45942	1.34411
45943	1.34412
45944	1.34412
45945	1.34413
45946	1.34413
45947	1.34414
45948	1.34415
45949	1.34415
45950	1.34416
45951	1.34416
45952	1.34417
45953	1.34418
45954	1.34418
45955	1.34419
45956	1.34419
45957	1.3442
45958	1.34421
45959	1.34421
45960	1.34422
45961	1.34423
45962	1.34423
45963	1.34424
45964	1.34424
45965	1.34425
45966	1.34426
45967	1.34426
45968	1.34427
45969	1.34428
45970	1.34428
45971	1.34429
45972	1.3443
45973	1.3443
45974	1.34431
45975	1.34432
45976	1.34433
45977	1.34433
45978	1.34434
45979	1.34435
45980	1.34435
45981	1.34436
45982	1.34437
45983	1.34437
45984	1.34438
45985	1.34439
45986	1.3444
45987	1.3444
45988	1.34441
45989	1.34442
45990	1.34443
45991	1.34443
45992	1.34444
45993	1.34445
45994	1.34445
45995	1.34446
45996	1.34447
45997	1.34448
45998	1.34448
45999	1.34449
46000	1.3445
46001	1.34451
46002	1.34451
46003	1.34452
46004	1.34453
46005	1.34454
46006	1.34454
46007	1.34455
46008	1.34456
46009	1.34457
46010	1.34458
46011	1.34458
46012	1.34459
46013	1.3446
46014	1.34461
46015	1.34461
46016	1.34462
46017	1.34463
46018	1.34464
46019	1.34465
46020	1.34465
46021	1.34466
46022	1.34467
46023	1.34468
46024	1.34468
46025	1.34469
46026	1.3447
46027	1.34471
46028	1.34472
46029	1.34472
46030	1.34473
46031	1.34474
46032	1.34475
46033	1.34475
46034	1.34476
46035	1.34477
46036	1.34478
46037	1.34479
46038	1.34479
46039	1.3448
46040	1.34481
46041	1.34482
46042	1.34483
46043	1.34483
46044	1.34484
46045	1.34485
46046	1.34486
46047	1.34487
46048	1.34487
46049	1.34488
46050	1.34489
46051	1.3449
46052	1.3449
46053	1.34491
46054	1.34492
46055	1.34493
46056	1.34494
46057	1.34494
46058	1.34495
46059	1.34496
46060	1.34497
46061	1.34497
46062	1.34498
46063	1.34499
46064	1.345
46065	1.34501
46066	1.34501
46067	1.34502
46068	1.34503
46069	1.34504
46070	1.34504
46071	1.34505
46072	1.34506
46073	1.34507
46074	1.34507
46075	1.34508
46076	1.34509
46077	1.3451
46078	1.34511
46079	1.34511
46080	1.34512
46081	1.34513
46082	1.34514
46083	1.34514
46084	1.34515
46085	1.34516
46086	1.34517
46087	1.34517
46088	1.34518
46089	1.34519
46090	1.34519
46091	1.3452
46092	1.34521
46093	1.34522
46094	1.34522
46095	1.34523
46096	1.34524
46097	1.34525
46098	1.34525
46099	1.34526
46100	1.34527
46101	1.34527
46102	1.34528
46103	1.34529
46104	1.3453
46105	1.3453
46106	1.34531
46107	1.34532
46108	1.34532
46109	1.34533
46110	1.34534
46111	1.34534
46112	1.34535
46113	1.34536
46114	1.34536
46115	1.34537
46116	1.34538
46117	1.34538
46118	1.34539
46119	1.3454
46120	1.3454
46121	1.34541
46122	1.34542
46123	1.34542
46124	1.34543
46125	1.34544
46126	1.34544
46127	1.34545
46128	1.34546
46129	1.34546
46130	1.34547
46131	1.34547
46132	1.34548
46133	1.34549
46134	1.34549
46135	1.3455
46136	1.34551
46137	1.34551
46138	1.34552
46139	1.34552
46140	1.34553
46141	1.34554
46142	1.34554
46143	1.34555
46144	1.34555
46145	1.34556
46146	1.34556
46147	1.34557
46148	1.34558
46149	1.34558
46150	1.34559
46151	1.34559
46152	1.3456
46153	1.3456
46154	1.34561
46155	1.34561
46156	1.34562
46157	1.34563
46158	1.34563
46159	1.34564
46160	1.34564
46161	1.34565
46162	1.34565
46163	1.34566
46164	1.34566
46165	1.34567
46166	1.34567
46167	1.34568
46168	1.34568
46169	1.34569
46170	1.34569
46171	1.3457
46172	1.3457
46173	1.34571
46174	1.34571
46175	1.34571
46176	1.34572
46177	1.34572
46178	1.34573
46179	1.34573
46180	1.34574
46181	1.34574
46182	1.34575
46183	1.34575
46184	1.34575
46185	1.34576
46186	1.34576
46187	1.34577
46188	1.34577
46189	1.34578
46190	1.34578
46191	1.34578
46192	1.34579
46193	1.34579
46194	1.34579
46195	1.3458
46196	1.3458
46197	1.34581
46198	1.34581
46199	1.34581
46200	1.34582
46201	1.34582
46202	1.34582
46203	1.34583
46204	1.34583
46205	1.34583
46206	1.34584
46207	1.34584
46208	1.34584
46209	1.34585
46210	1.34585
46211	1.34585
46212	1.34586
46213	1.34586
46214	1.34586
46215	1.34587
46216	1.34587
46217	1.34587
46218	1.34587
46219	1.34588
46220	1.34588
46221	1.34588
46222	1.34589
46223	1.34589
46224	1.34589
46225	1.34589
46226	1.3459
46227	1.3459
46228	1.3459
46229	1.3459
46230	1.3459
46231	1.34591
46232	1.34591
46233	1.34591
46234	1.34591
46235	1.34592
46236	1.34592
46237	1.34592
46238	1.34592
46239	1.34592
46240	1.34593
46241	1.34593
46242	1.34593
46243	1.34593
46244	1.34593
46245	1.34593
46246	1.34594
46247	1.34594
46248	1.34594
46249	1.34594
46250	1.34594
46251	1.34594
46252	1.34594
46253	1.34595
46254	1.34595
46255	1.34595
46256	1.34595
46257	1.34595
46258	1.34595
46259	1.34595
46260	1.34595
46261	1.34596
46262	1.34596
46263	1.34596
46264	1.34596
46265	1.34596
46266	1.34596
46267	1.34596
46268	1.34596
46269	1.34596
46270	1.34596
46271	1.34596
46272	1.34596
46273	1.34596
46274	1.34596
46275	1.34597
46276	1.34597
46277	1.34597
46278	1.34597
46279	1.34597
46280	1.34597
46281	1.34597
46282	1.34597
46283	1.34597
46284	1.34597
46285	1.34597
46286	1.34597
46287	1.34597
46288	1.34597
46289	1.34597
46290	1.34597
46291	1.34597
46292	1.34597
46293	1.34597
46294	1.34597
46295	1.34597
46296	1.34597
46297	1.34597
46298	1.34597
46299	1.34597
46300	1.34596
46301	1.34596
46302	1.34596
46303	1.34596
46304	1.34596
46305	1.34596
46306	1.34596
46307	1.34596
46308	1.34596
46309	1.34596
46310	1.34596
46311	1.34596
46312	1.34596
46313	1.34596
46314	1.34596
46315	1.34595
46316	1.34595
46317	1.34595
46318	1.34595
46319	1.34595
46320	1.34595
46321	1.34595
46322	1.34595
46323	1.34595
46324	1.34594
46325	1.34594
46326	1.34594
46327	1.34594
46328	1.34594
46329	1.34594
46330	1.34594
46331	1.34594
46332	1.34593
46333	1.34593
46334	1.34593
46335	1.34593
46336	1.34593
46337	1.34593
46338	1.34593
46339	1.34592
46340	1.34592
46341	1.34592
46342	1.34592
46343	1.34592
46344	1.34592
46345	1.34591
46346	1.34591
46347	1.34591
46348	1.34591
46349	1.34591
46350	1.3459
46351	1.3459
46352	1.3459
46353	1.3459
46354	1.3459
46355	1.3459
46356	1.34589
46357	1.34589
46358	1.34589
46359	1.34589
46360	1.34589
46361	1.34588
46362	1.34588
46363	1.34588
46364	1.34588
46365	1.34587
46366	1.34587
46367	1.34587
46368	1.34587
46369	1.34587
46370	1.34586
46371	1.34586
46372	1.34586
46373	1.34586
46374	1.34586
46375	1.34585
46376	1.34585
46377	1.34585
46378	1.34585
46379	1.34584
46380	1.34584
46381	1.34584
46382	1.34584
46383	1.34583
46384	1.34583
46385	1.34583
46386	1.34583
46387	1.34582
46388	1.34582
46389	1.34582
46390	1.34582
46391	1.34582
46392	1.34581
46393	1.34581
46394	1.34581
46395	1.34581
46396	1.3458
46397	1.3458
46398	1.3458
46399	1.3458
46400	1.34579
46401	1.34579
46402	1.34579
46403	1.34579
46404	1.34578
46405	1.34578
46406	1.34578
46407	1.34578
46408	1.34577
46409	1.34577
46410	1.34577
46411	1.34577
46412	1.34576
46413	1.34576
46414	1.34576
46415	1.34576
46416	1.34575
46417	1.34575
46418	1.34575
46419	1.34575
46420	1.34574
46421	1.34574
46422	1.34574
46423	1.34574
46424	1.34573
46425	1.34573
46426	1.34573
46427	1.34573
46428	1.34572
46429	1.34572
46430	1.34572
46431	1.34572
46432	1.34572
46433	1.34571
46434	1.34571
46435	1.34571
46436	1.34571
46437	1.3457
46438	1.3457
46439	1.3457
46440	1.3457
46441	1.34569
46442	1.34569
46443	1.34569
46444	1.34569
46445	1.34569
46446	1.34568
46447	1.34568
46448	1.34568
46449	1.34568
46450	1.34567
46451	1.34567
46452	1.34567
46453	1.34567
46454	1.34567
46455	1.34566
46456	1.34566
46457	1.34566
46458	1.34566
46459	1.34566
46460	1.34565
46461	1.34565
46462	1.34565
46463	1.34565
46464	1.34565
46465	1.34564
46466	1.34564
46467	1.34564
46468	1.34564
46469	1.34564
46470	1.34564
46471	1.34563
46472	1.34563
46473	1.34563
46474	1.34563
46475	1.34563
46476	1.34563
46477	1.34562
46478	1.34562
46479	1.34562
46480	1.34562
46481	1.34562
46482	1.34562
46483	1.34561
46484	1.34561
46485	1.34561
46486	1.34561
46487	1.34561
46488	1.34561
46489	1.34561
46490	1.34561
46491	1.3456
46492	1.3456
46493	1.3456
46494	1.3456
46495	1.3456
46496	1.3456
46497	1.3456
46498	1.3456
46499	1.3456
46500	1.34559
46501	1.34559
46502	1.34559
46503	1.34559
46504	1.34559
46505	1.34559
46506	1.34559
46507	1.34559
46508	1.34559
46509	1.34559
46510	1.34559
46511	1.34559
46512	1.34559
46513	1.34559
46514	1.34559
46515	1.34559
46516	1.34558
46517	1.34558
46518	1.34558
46519	1.34558
46520	1.34558
46521	1.34558
46522	1.34558
46523	1.34558
46524	1.34558
46525	1.34558
46526	1.34558
46527	1.34558
46528	1.34558
46529	1.34558
46530	1.34558
46531	1.34558
46532	1.34559
46533	1.34559
46534	1.34559
46535	1.34559
46536	1.34559
46537	1.34559
46538	1.34559
46539	1.34559
46540	1.34559
46541	1.34559
46542	1.34559
46543	1.34559
46544	1.34559
46545	1.34559
46546	1.34559
46547	1.3456
46548	1.3456
46549	1.3456
46550	1.3456
46551	1.3456
46552	1.3456
46553	1.3456
46554	1.3456
46555	1.34561
46556	1.34561
46557	1.34561
46558	1.34561
46559	1.34561
46560	1.34561
46561	1.34562
46562	1.34562
46563	1.34562
46564	1.34562
46565	1.34562
46566	1.34563
46567	1.34563
46568	1.34563
46569	1.34563
46570	1.34563
46571	1.34564
46572	1.34564
46573	1.34564
46574	1.34564
46575	1.34565
46576	1.34565
46577	1.34565
46578	1.34565
46579	1.34566
46580	1.34566
46581	1.34566
46582	1.34566
46583	1.34567
46584	1.34567
46585	1.34567
46586	1.34568
46587	1.34568
46588	1.34568
46589	1.34569
46590	1.34569
46591	1.34569
46592	1.3457
46593	1.3457
46594	1.3457
46595	1.34571
46596	1.34571
46597	1.34571
46598	1.34572
46599	1.34572
46600	1.34573
46601	1.34573
46602	1.34573
46603	1.34574
46604	1.34574
46605	1.34575
46606	1.34575
46607	1.34576
46608	1.34576
46609	1.34576
46610	1.34577
46611	1.34577
46612	1.34578
46613	1.34578
46614	1.34579
46615	1.34579
46616	1.3458
46617	1.3458
46618	1.34581
46619	1.34581
46620	1.34582
46621	1.34582
46622	1.34583
46623	1.34583
46624	1.34584
46625	1.34584
46626	1.34585
46627	1.34586
46628	1.34586
46629	1.34587
46630	1.34587
46631	1.34588
46632	1.34589
46633	1.34589
46634	1.3459
46635	1.3459
46636	1.34591
46637	1.34592
46638	1.34592
46639	1.34593
46640	1.34593
46641	1.34594
46642	1.34595
46643	1.34595
46644	1.34596
46645	1.34597
46646	1.34597
46647	1.34598
46648	1.34599
46649	1.346
46650	1.346
46651	1.34601
46652	1.34602
46653	1.34602
46654	1.34603
46655	1.34604
46656	1.34605
46657	1.34605
46658	1.34606
46659	1.34607
46660	1.34608
46661	1.34608
46662	1.34609
46663	1.3461
46664	1.34611
46665	1.34612
46666	1.34612
46667	1.34613
46668	1.34614
46669	1.34615
46670	1.34616
46671	1.34617
46672	1.34617
46673	1.34618
46674	1.34619
46675	1.3462
46676	1.34621
46677	1.34622
46678	1.34623
46679	1.34624
46680	1.34625
46681	1.34625
46682	1.34626
46683	1.34627
46684	1.34628
46685	1.34629
46686	1.3463
46687	1.34631
46688	1.34632
46689	1.34633
46690	1.34634
46691	1.34635
46692	1.34636
46693	1.34637
46694	1.34638
46695	1.34639
46696	1.3464
46697	1.34641
46698	1.34642
46699	1.34643
46700	1.34644
46701	1.34645
46702	1.34646
46703	1.34647
46704	1.34648
46705	1.34649
46706	1.3465
46707	1.34651
46708	1.34652
46709	1.34654
46710	1.34655
46711	1.34656
46712	1.34657
46713	1.34658
46714	1.34659
46715	1.3466
46716	1.34661
46717	1.34662
46718	1.34664
46719	1.34665
46720	1.34666
46721	1.34667
46722	1.34668
46723	1.34669
46724	1.34671
46725	1.34672
46726	1.34673
46727	1.34674
46728	1.34675
46729	1.34677
46730	1.34678
46731	1.34679
46732	1.3468
46733	1.34682
46734	1.34683
46735	1.34684
46736	1.34685
46737	1.34687
46738	1.34688
46739	1.34689
46740	1.3469
46741	1.34692
46742	1.34693
46743	1.34694
46744	1.34695
46745	1.34697
46746	1.34698
46747	1.34699
46748	1.34701
46749	1.34702
46750	1.34703
46751	1.34705
46752	1.34706
46753	1.34707
46754	1.34709
46755	1.3471
46756	1.34712
46757	1.34713
46758	1.34714
46759	1.34716
46760	1.34717
46761	1.34718
46762	1.3472
46763	1.34721
46764	1.34723
46765	1.34724
46766	1.34725
46767	1.34727
46768	1.34728
46769	1.3473
46770	1.34731
46771	1.34733
46772	1.34734
46773	1.34736
46774	1.34737
46775	1.34739
46776	1.3474
46777	1.34741
46778	1.34743
46779	1.34744
46780	1.34746
46781	1.34747
46782	1.34749
46783	1.3475
46784	1.34752
46785	1.34753
46786	1.34755
46787	1.34757
46788	1.34758
46789	1.3476
46790	1.34761
46791	1.34763
46792	1.34764
46793	1.34766
46794	1.34767
46795	1.34769
46796	1.34771
46797	1.34772
46798	1.34774
46799	1.34775
46800	1.34777
46801	1.34778
46802	1.3478
46803	1.34782
46804	1.34783
46805	1.34785
46806	1.34786
46807	1.34788
46808	1.3479
46809	1.34791
46810	1.34793
46811	1.34795
46812	1.34796
46813	1.34798
46814	1.348
46815	1.34801
46816	1.34803
46817	1.34805
46818	1.34806
46819	1.34808
46820	1.3481
46821	1.34811
46822	1.34813
46823	1.34815
46824	1.34816
46825	1.34818
46826	1.3482
46827	1.34821
46828	1.34823
46829	1.34825
46830	1.34827
46831	1.34828
46832	1.3483
46833	1.34832
46834	1.34833
46835	1.34835
46836	1.34837
46837	1.34839
46838	1.3484
46839	1.34842
46840	1.34844
46841	1.34846
46842	1.34847
46843	1.34849
46844	1.34851
46845	1.34853
46846	1.34854
46847	1.34856
46848	1.34858
46849	1.3486
46850	1.34862
46851	1.34863
46852	1.34865
46853	1.34867
46854	1.34869
46855	1.3487
46856	1.34872
46857	1.34874
46858	1.34876
46859	1.34878
46860	1.3488
46861	1.34881
46862	1.34883
46863	1.34885
46864	1.34887
46865	1.34889
46866	1.3489
46867	1.34892
46868	1.34894
46869	1.34896
46870	1.34898
46871	1.349
46872	1.34901
46873	1.34903
46874	1.34905
46875	1.34907
46876	1.34909
46877	1.34911
46878	1.34913
46879	1.34914
46880	1.34916
46881	1.34918
46882	1.3492
46883	1.34922
46884	1.34924
46885	1.34926
46886	1.34928
46887	1.34929
46888	1.34931
46889	1.34933
46890	1.34935
46891	1.34937
46892	1.34939
46893	1.34941
46894	1.34943
46895	1.34945
46896	1.34946
46897	1.34948
46898	1.3495
46899	1.34952
46900	1.34954
46901	1.34956
46902	1.34958
46903	1.3496
46904	1.34962
46905	1.34964
46906	1.34966
46907	1.34968
46908	1.34969
46909	1.34971
46910	1.34973
46911	1.34975
46912	1.34977
46913	1.34979
46914	1.34981
46915	1.34983
46916	1.34985
46917	1.34987
46918	1.34989
46919	1.34991
46920	1.34993
46921	1.34995
46922	1.34996
46923	1.34998
46924	1.35
46925	1.35002
46926	1.35004
46927	1.35006
46928	1.35008
46929	1.3501
46930	1.35012
46931	1.35014
46932	1.35016
46933	1.35018
46934	1.3502
46935	1.35022
46936	1.35024
46937	1.35026
46938	1.35028
46939	1.3503
46940	1.35032
46941	1.35034
46942	1.35036
46943	1.35038
46944	1.35039
46945	1.35041
46946	1.35043
46947	1.35045
46948	1.35047
46949	1.35049
46950	1.35051
46951	1.35053
46952	1.35055
46953	1.35057
46954	1.35059
46955	1.35061
46956	1.35063
46957	1.35065
46958	1.35067
46959	1.35069
46960	1.35071
46961	1.35073
46962	1.35075
46963	1.35077
46964	1.35079
46965	1.35081
46966	1.35083
46967	1.35085
46968	1.35087
46969	1.35089
46970	1.35091
46971	1.35093
46972	1.35095
46973	1.35097
46974	1.35099
46975	1.35101
46976	1.35103
46977	1.35105
46978	1.35107
46979	1.35109
46980	1.35111
46981	1.35113
46982	1.35115
46983	1.35117
46984	1.35119
46985	1.35121
46986	1.35123
46987	1.35125
46988	1.35126
46989	1.35128
46990	1.3513
46991	1.35132
46992	1.35134
46993	1.35136
46994	1.35138
46995	1.3514
46996	1.35142
46997	1.35144
46998	1.35146
46999	1.35148
47000	1.3515
47001	1.35152
47002	1.35154
47003	1.35156
47004	1.35158
47005	1.3516
47006	1.35162
47007	1.35164
47008	1.35166
47009	1.35168
47010	1.3517
47011	1.35172
47012	1.35174
47013	1.35176
47014	1.35178
47015	1.3518
47016	1.35182
47017	1.35184
47018	1.35186
47019	1.35188
47020	1.3519
47021	1.35192
47022	1.35194
47023	1.35196
47024	1.35198
47025	1.352
47026	1.35202
47027	1.35204
47028	1.35206
47029	1.35208
47030	1.3521
47031	1.35212
47032	1.35214
47033	1.35216
47034	1.35218
47035	1.3522
47036	1.35222
47037	1.35224
47038	1.35226
47039	1.35228
47040	1.3523
47041	1.35232
47042	1.35233
47043	1.35235
47044	1.35237
47045	1.35239
47046	1.35241
47047	1.35243
47048	1.35245
47049	1.35247
47050	1.35249
47051	1.35251
47052	1.35253
47053	1.35255
47054	1.35257
47055	1.35259
47056	1.35261
47057	1.35263
47058	1.35265
47059	1.35267
47060	1.35269
47061	1.35271
47062	1.35273
47063	1.35275
47064	1.35277
47065	1.35279
47066	1.35281
47067	1.35283
47068	1.35285
47069	1.35287
47070	1.35289
47071	1.35291
47072	1.35293
47073	1.35295
47074	1.35297
47075	1.35299
47076	1.35301
47077	1.35303
47078	1.35304
47079	1.35306
47080	1.35308
47081	1.3531
47082	1.35312
47083	1.35314
47084	1.35316
47085	1.35318
47086	1.3532
47087	1.35322
47088	1.35324
47089	1.35326
47090	1.35328
47091	1.3533
47092	1.35332
47093	1.35334
47094	1.35336
47095	1.35338
47096	1.3534
47097	1.35342
47098	1.35344
47099	1.35346
47100	1.35348
47101	1.3535
47102	1.35352
47103	1.35354
47104	1.35356
47105	1.35358
47106	1.3536
47107	1.35362
47108	1.35364
47109	1.35365
47110	1.35367
47111	1.35369
47112	1.35371
47113	1.35373
47114	1.35375
47115	1.35377
47116	1.35379
47117	1.35381
47118	1.35383
47119	1.35385
47120	1.35387
47121	1.35389
47122	1.35391
47123	1.35393
47124	1.35395
47125	1.35397
47126	1.35399
47127	1.35401
47128	1.35403
47129	1.35405
47130	1.35407
47131	1.35409
47132	1.35411
47133	1.35413
47134	1.35415
47135	1.35417
47136	1.35419
47137	1.35421
47138	1.35423
47139	1.35425
47140	1.35427
47141	1.35429
47142	1.35431
47143	1.35433
47144	1.35435
47145	1.35437
47146	1.35439
47147	1.35441
47148	1.35443
47149	1.35445
47150	1.35447
47151	1.35449
47152	1.35451
47153	1.35453
47154	1.35455
47155	1.35457
47156	1.35459
47157	1.35461
47158	1.35463
47159	1.35465
47160	1.35467
47161	1.35469
47162	1.35471
47163	1.35473
47164	1.35475
47165	1.35477
47166	1.35479
47167	1.35481
47168	1.35483
47169	1.35485
47170	1.35487
47171	1.35489
47172	1.35491
47173	1.35493
47174	1.35495
47175	1.35497
47176	1.35499
47177	1.35501
47178	1.35503
47179	1.35505
47180	1.35507
47181	1.35509
47182	1.35511
47183	1.35513
47184	1.35515
47185	1.35517
47186	1.35519
47187	1.35521
47188	1.35523
47189	1.35525
47190	1.35527
47191	1.35529
47192	1.35532
47193	1.35534
47194	1.35536
47195	1.35538
47196	1.3554
47197	1.35542
47198	1.35544
47199	1.35546
47200	1.35548
47201	1.3555
47202	1.35552
47203	1.35554
47204	1.35556
47205	1.35558
47206	1.35561
47207	1.35563
47208	1.35565
47209	1.35567
47210	1.35569
47211	1.35571
47212	1.35573
47213	1.35575
47214	1.35577
47215	1.35579
47216	1.35581
47217	1.35584
47218	1.35586
47219	1.35588
47220	1.3559
47221	1.35592
47222	1.35594
47223	1.35596
47224	1.35598
47225	1.35601
47226	1.35603
47227	1.35605
47228	1.35607
47229	1.35609
47230	1.35611
47231	1.35613
47232	1.35616
47233	1.35618
47234	1.3562
47235	1.35622
47236	1.35624
47237	1.35626
47238	1.35629
47239	1.35631
47240	1.35633
47241	1.35635
47242	1.35637
47243	1.3564
47244	1.35642
47245	1.35644
47246	1.35646
47247	1.35648
47248	1.35651
47249	1.35653
47250	1.35655
47251	1.35657
47252	1.35659
47253	1.35662
47254	1.35664
47255	1.35666
47256	1.35668
47257	1.35671
47258	1.35673
47259	1.35675
47260	1.35677
47261	1.3568
47262	1.35682
47263	1.35684
47264	1.35686
47265	1.35689
47266	1.35691
47267	1.35693
47268	1.35695
47269	1.35698
47270	1.357
47271	1.35702
47272	1.35705
47273	1.35707
47274	1.35709
47275	1.35711
47276	1.35714
47277	1.35716
47278	1.35718
47279	1.35721
47280	1.35723
47281	1.35725
47282	1.35728
47283	1.3573
47284	1.35732
47285	1.35735
47286	1.35737
47287	1.35739
47288	1.35742
47289	1.35744
47290	1.35747
47291	1.35749
47292	1.35751
47293	1.35754
47294	1.35756
47295	1.35759
47296	1.35761
47297	1.35763
47298	1.35766
47299	1.35768
47300	1.35771
47301	1.35773
47302	1.35775
47303	1.35778
47304	1.3578
47305	1.35783
47306	1.35785
47307	1.35788
47308	1.3579
47309	1.35792
47310	1.35795
47311	1.35797
47312	1.358
47313	1.35802
47314	1.35805
47315	1.35807
47316	1.3581
47317	1.35812
47318	1.35815
47319	1.35817
47320	1.3582
47321	1.35822
47322	1.35825
47323	1.35827
47324	1.3583
47325	1.35832
47326	1.35835
47327	1.35838
47328	1.3584
47329	1.35843
47330	1.35845
47331	1.35848
47332	1.3585
47333	1.35853
47334	1.35856
47335	1.35858
47336	1.35861
47337	1.35863
47338	1.35866
47339	1.35868
47340	1.35871
47341	1.35874
47342	1.35876
47343	1.35879
47344	1.35882
47345	1.35884
47346	1.35887
47347	1.3589
47348	1.35892
47349	1.35895
47350	1.35898
47351	1.359
47352	1.35903
47353	1.35906
47354	1.35908
47355	1.35911
47356	1.35914
47357	1.35916
47358	1.35919
47359	1.35922
47360	1.35924
47361	1.35927
47362	1.3593
47363	1.35933
47364	1.35935
47365	1.35938
47366	1.35941
47367	1.35944
47368	1.35946
47369	1.35949
47370	1.35952
47371	1.35955
47372	1.35958
47373	1.3596
47374	1.35963
47375	1.35966
47376	1.35969
47377	1.35972
47378	1.35974
47379	1.35977
47380	1.3598
47381	1.35983
47382	1.35986
47383	1.35989
47384	1.35991
47385	1.35994
47386	1.35997
47387	1.36
47388	1.36003
47389	1.36006
47390	1.36009
47391	1.36012
47392	1.36014
47393	1.36017
47394	1.3602
47395	1.36023
47396	1.36026
47397	1.36029
47398	1.36032
47399	1.36035
47400	1.36038
47401	1.36041
47402	1.36044
47403	1.36047
47404	1.3605
47405	1.36053
47406	1.36056
47407	1.36059
47408	1.36062
47409	1.36065
47410	1.36068
47411	1.36071
47412	1.36074
47413	1.36077
47414	1.3608
47415	1.36083
47416	1.36086
47417	1.36089
47418	1.36092
47419	1.36095
47420	1.36098
47421	1.36101
47422	1.36104
47423	1.36107
47424	1.3611
47425	1.36113
47426	1.36116
47427	1.3612
47428	1.36123
47429	1.36126
47430	1.36129
47431	1.36132
47432	1.36135
47433	1.36138
47434	1.36141
47435	1.36144
47436	1.36148
47437	1.36151
47438	1.36154
47439	1.36157
47440	1.3616
47441	1.36163
47442	1.36167
47443	1.3617
47444	1.36173
47445	1.36176
47446	1.36179
47447	1.36183
47448	1.36186
47449	1.36189
47450	1.36192
47451	1.36195
47452	1.36199
47453	1.36202
47454	1.36205
47455	1.36208
47456	1.36212
47457	1.36215
47458	1.36218
47459	1.36221
47460	1.36225
47461	1.36228
47462	1.36231
47463	1.36234
47464	1.36238
47465	1.36241
47466	1.36244
47467	1.36247
47468	1.36251
47469	1.36254
47470	1.36257
47471	1.36261
47472	1.36264
47473	1.36267
47474	1.36271
47475	1.36274
47476	1.36277
47477	1.36281
47478	1.36284
47479	1.36287
47480	1.36291
47481	1.36294
47482	1.36297
47483	1.36301
47484	1.36304
47485	1.36307
47486	1.36311
47487	1.36314
47488	1.36317
47489	1.36321
47490	1.36324
47491	1.36327
47492	1.36331
47493	1.36334
47494	1.36338
47495	1.36341
47496	1.36344
47497	1.36348
47498	1.36351
47499	1.36355
47500	1.36358
47501	1.36361
47502	1.36365
47503	1.36368
47504	1.36372
47505	1.36375
47506	1.36378
47507	1.36382
47508	1.36385
47509	1.36389
47510	1.36392
47511	1.36395
47512	1.36399
47513	1.36402
47514	1.36406
47515	1.36409
47516	1.36412
47517	1.36416
47518	1.36419
47519	1.36423
47520	1.36426
47521	1.3643
47522	1.36433
47523	1.36436
47524	1.3644
47525	1.36443
47526	1.36447
47527	1.3645
47528	1.36453
47529	1.36457
47530	1.3646
47531	1.36464
47532	1.36467
47533	1.36471
47534	1.36474
47535	1.36477
47536	1.36481
47537	1.36484
47538	1.36488
47539	1.36491
47540	1.36494
47541	1.36498
47542	1.36501
47543	1.36505
47544	1.36508
47545	1.36511
47546	1.36515
47547	1.36518
47548	1.36522
47549	1.36525
47550	1.36528
47551	1.36532
47552	1.36535
47553	1.36539
47554	1.36542
47555	1.36545
47556	1.36549
47557	1.36552
47558	1.36555
47559	1.36559
47560	1.36562
47561	1.36566
47562	1.36569
47563	1.36572
47564	1.36576
47565	1.36579
47566	1.36582
47567	1.36586
47568	1.36589
47569	1.36592
47570	1.36596
47571	1.36599
47572	1.36602
47573	1.36606
47574	1.36609
47575	1.36612
47576	1.36615
47577	1.36619
47578	1.36622
47579	1.36625
47580	1.36629
47581	1.36632
47582	1.36635
47583	1.36638
47584	1.36642
47585	1.36645
47586	1.36648
47587	1.36651
47588	1.36655
47589	1.36658
47590	1.36661
47591	1.36664
47592	1.36668
47593	1.36671
47594	1.36674
47595	1.36677
47596	1.3668
47597	1.36683
47598	1.36687
47599	1.3669
47600	1.36693
47601	1.36696
47602	1.36699
47603	1.36702
47604	1.36705
47605	1.36709
47606	1.36712
47607	1.36715
47608	1.36718
47609	1.36721
47610	1.36724
47611	1.36727
47612	1.3673
47613	1.36733
47614	1.36736
47615	1.36739
47616	1.36742
47617	1.36745
47618	1.36748
47619	1.36751
47620	1.36754
47621	1.36757
47622	1.3676
47623	1.36763
47624	1.36766
47625	1.36769
47626	1.36772
47627	1.36775
47628	1.36778
47629	1.36781
47630	1.36784
47631	1.36787
47632	1.36789
47633	1.36792
47634	1.36795
47635	1.36798
47636	1.36801
47637	1.36804
47638	1.36807
47639	1.36809
47640	1.36812
47641	1.36815
47642	1.36818
47643	1.3682
47644	1.36823
47645	1.36826
47646	1.36829
47647	1.36831
47648	1.36834
47649	1.36837
47650	1.3684
47651	1.36842
47652	1.36845
47653	1.36848
47654	1.3685
47655	1.36853
47656	1.36855
47657	1.36858
47658	1.36861
47659	1.36863
47660	1.36866
47661	1.36868
47662	1.36871
47663	1.36873
47664	1.36876
47665	1.36878
47666	1.36881
47667	1.36883
47668	1.36886
47669	1.36888
47670	1.36891
47671	1.36893
47672	1.36896
47673	1.36898
47674	1.36901
47675	1.36903
47676	1.36905
47677	1.36908
47678	1.3691
47679	1.36912
47680	1.36915
47681	1.36917
47682	1.36919
47683	1.36922
47684	1.36924
47685	1.36926
47686	1.36929
47687	1.36931
47688	1.36933
47689	1.36935
47690	1.36937
47691	1.3694
47692	1.36942
47693	1.36944
47694	1.36946
47695	1.36948
47696	1.3695
47697	1.36952
47698	1.36955
47699	1.36957
47700	1.36959
47701	1.36961
47702	1.36963
47703	1.36965
47704	1.36967
47705	1.36969
47706	1.36971
47707	1.36973
47708	1.36975
47709	1.36977
47710	1.36979
47711	1.36981
47712	1.36983
47713	1.36985
47714	1.36986
47715	1.36988
47716	1.3699
47717	1.36992
47718	1.36994
47719	1.36996
47720	1.36997
47721	1.36999
47722	1.37001
47723	1.37003
47724	1.37005
47725	1.37006
47726	1.37008
47727	1.3701
47728	1.37011
47729	1.37013
47730	1.37015
47731	1.37016
47732	1.37018
47733	1.3702
47734	1.37021
47735	1.37023
47736	1.37025
47737	1.37026
47738	1.37028
47739	1.37029
47740	1.37031
47741	1.37032
47742	1.37034
47743	1.37035
47744	1.37037
47745	1.37038
47746	1.3704
47747	1.37041
47748	1.37043
47749	1.37044
47750	1.37045
47751	1.37047
47752	1.37048
47753	1.37049
47754	1.37051
47755	1.37052
47756	1.37053
47757	1.37055
47758	1.37056
47759	1.37057
47760	1.37059
47761	1.3706
47762	1.37061
47763	1.37062
47764	1.37063
47765	1.37065
47766	1.37066
47767	1.37067
47768	1.37068
47769	1.37069
47770	1.3707
47771	1.37072
47772	1.37073
47773	1.37074
47774	1.37075
47775	1.37076
47776	1.37077
47777	1.37078
47778	1.37079
47779	1.3708
47780	1.37081
47781	1.37082
47782	1.37083
47783	1.37084
47784	1.37085
47785	1.37086
47786	1.37087
47787	1.37087
47788	1.37088
47789	1.37089
47790	1.3709
47791	1.37091
47792	1.37092
47793	1.37093
47794	1.37093
47795	1.37094
47796	1.37095
47797	1.37096
47798	1.37096
47799	1.37097
47800	1.37098
47801	1.37099
47802	1.37099
47803	1.371
47804	1.37101
47805	1.37101
47806	1.37102
47807	1.37102
47808	1.37103
47809	1.37104
47810	1.37104
47811	1.37105
47812	1.37105
47813	1.37106
47814	1.37106
47815	1.37107
47816	1.37107
47817	1.37108
47818	1.37108
47819	1.37109
47820	1.37109
47821	1.3711
47822	1.3711
47823	1.37111
47824	1.37111
47825	1.37111
47826	1.37112
47827	1.37112
47828	1.37112
47829	1.37113
47830	1.37113
47831	1.37113
47832	1.37114
47833	1.37114
47834	1.37114
47835	1.37115
47836	1.37115
47837	1.37115
47838	1.37115
47839	1.37115
47840	1.37116
47841	1.37116
47842	1.37116
47843	1.37116
47844	1.37116
47845	1.37116
47846	1.37116
47847	1.37117
47848	1.37117
47849	1.37117
47850	1.37117
47851	1.37117
47852	1.37117
47853	1.37117
47854	1.37117
47855	1.37117
47856	1.37117
47857	1.37117
47858	1.37117
47859	1.37117
47860	1.37117
47861	1.37117
47862	1.37117
47863	1.37116
47864	1.37116
47865	1.37116
47866	1.37116
47867	1.37116
47868	1.37116
47869	1.37115
47870	1.37115
47871	1.37115
47872	1.37115
47873	1.37115
47874	1.37114
47875	1.37114
47876	1.37114
47877	1.37114
47878	1.37113
47879	1.37113
47880	1.37113
47881	1.37112
47882	1.37112
47883	1.37112
47884	1.37111
47885	1.37111
47886	1.3711
47887	1.3711
47888	1.3711
47889	1.37109
47890	1.37109
47891	1.37108
47892	1.37108
47893	1.37107
47894	1.37107
47895	1.37106
47896	1.37106
47897	1.37105
47898	1.37105
47899	1.37104
47900	1.37104
47901	1.37103
47902	1.37102
47903	1.37102
47904	1.37101
47905	1.371
47906	1.371
47907	1.37099
47908	1.37098
47909	1.37098
47910	1.37097
47911	1.37096
47912	1.37096
47913	1.37095
47914	1.37094
47915	1.37093
47916	1.37093
47917	1.37092
47918	1.37091
47919	1.3709
47920	1.37089
47921	1.37089
47922	1.37088
47923	1.37087
47924	1.37086
47925	1.37085
47926	1.37084
47927	1.37083
47928	1.37082
47929	1.37081
47930	1.3708
47931	1.3708
47932	1.37079
47933	1.37078
47934	1.37077
47935	1.37076
47936	1.37075
47937	1.37074
47938	1.37072
47939	1.37071
47940	1.3707
47941	1.37069
47942	1.37068
47943	1.37067
47944	1.37066
47945	1.37065
47946	1.37064
47947	1.37063
47948	1.37061
47949	1.3706
47950	1.37059
47951	1.37058
47952	1.37057
47953	1.37055
47954	1.37054
47955	1.37053
47956	1.37052
47957	1.3705
47958	1.37049
47959	1.37048
47960	1.37046
47961	1.37045
47962	1.37044
47963	1.37042
47964	1.37041
47965	1.3704
47966	1.37038
47967	1.37037
47968	1.37036
47969	1.37034
47970	1.37033
47971	1.37031
47972	1.3703
47973	1.37028
47974	1.37027
47975	1.37025
47976	1.37024
47977	1.37022
47978	1.37021
47979	1.37019
47980	1.37018
47981	1.37016
47982	1.37015
47983	1.37013
47984	1.37012
47985	1.3701
47986	1.37008
47987	1.37007
47988	1.37005
47989	1.37004
47990	1.37002
47991	1.37
47992	1.36999
47993	1.36997
47994	1.36995
47995	1.36994
47996	1.36992
47997	1.3699
47998	1.36988
47999	1.36987
48000	1.36985
48001	1.36983
48002	1.36981
48003	1.3698
48004	1.36978
48005	1.36976
48006	1.36974
48007	1.36972
48008	1.3697
48009	1.36969
48010	1.36967
48011	1.36965
48012	1.36963
48013	1.36961
48014	1.36959
48015	1.36957
48016	1.36955
48017	1.36953
48018	1.36952
48019	1.3695
48020	1.36948
48021	1.36946
48022	1.36944
48023	1.36942
48024	1.3694
48025	1.36938
48026	1.36936
48027	1.36934
48028	1.36932
48029	1.3693
48030	1.36928
48031	1.36925
48032	1.36923
48033	1.36921
48034	1.36919
48035	1.36917
48036	1.36915
48037	1.36913
48038	1.36911
48039	1.36909
48040	1.36906
48041	1.36904
48042	1.36902
48043	1.369
48044	1.36898
48045	1.36896
48046	1.36893
48047	1.36891
48048	1.36889
48049	1.36887
48050	1.36885
48051	1.36882
48052	1.3688
48053	1.36878
48054	1.36876
48055	1.36873
48056	1.36871
48057	1.36869
48058	1.36866
48059	1.36864
48060	1.36862
48061	1.3686
48062	1.36857
48063	1.36855
48064	1.36853
48065	1.3685
48066	1.36848
48067	1.36845
48068	1.36843
48069	1.36841
48070	1.36838
48071	1.36836
48072	1.36834
48073	1.36831
48074	1.36829
48075	1.36826
48076	1.36824
48077	1.36822
48078	1.36819
48079	1.36817
48080	1.36814
48081	1.36812
48082	1.36809
48083	1.36807
48084	1.36804
48085	1.36802
48086	1.36799
48087	1.36797
48088	1.36794
48089	1.36792
48090	1.36789
48091	1.36787
48092	1.36784
48093	1.36782
48094	1.36779
48095	1.36777
48096	1.36774
48097	1.36772
48098	1.36769
48099	1.36766
48100	1.36764
48101	1.36761
48102	1.36759
48103	1.36756
48104	1.36754
48105	1.36751
48106	1.36748
48107	1.36746
48108	1.36743
48109	1.36741
48110	1.36738
48111	1.36735
48112	1.36733
48113	1.3673
48114	1.36727
48115	1.36725
48116	1.36722
48117	1.36719
48118	1.36717
48119	1.36714
48120	1.36712
48121	1.36709
48122	1.36706
48123	1.36703
48124	1.36701
48125	1.36698
48126	1.36695
48127	1.36693
48128	1.3669
48129	1.36687
48130	1.36685
48131	1.36682
48132	1.36679
48133	1.36677
48134	1.36674
48135	1.36671
48136	1.36668
48137	1.36666
48138	1.36663
48139	1.3666
48140	1.36657
48141	1.36655
48142	1.36652
48143	1.36649
48144	1.36646
48145	1.36644
48146	1.36641
48147	1.36638
48148	1.36635
48149	1.36633
48150	1.3663
48151	1.36627
48152	1.36624
48153	1.36622
48154	1.36619
48155	1.36616
48156	1.36613
48157	1.36611
48158	1.36608
48159	1.36605
48160	1.36602
48161	1.36599
48162	1.36597
48163	1.36594
48164	1.36591
48165	1.36588
48166	1.36585
48167	1.36583
48168	1.3658
48169	1.36577
48170	1.36574
48171	1.36572
48172	1.36569
48173	1.36566
48174	1.36563
48175	1.3656
48176	1.36557
48177	1.36555
48178	1.36552
48179	1.36549
48180	1.36546
48181	1.36543
48182	1.36541
48183	1.36538
48184	1.36535
48185	1.36532
48186	1.36529
48187	1.36527
48188	1.36524
48189	1.36521
48190	1.36518
48191	1.36515
48192	1.36513
48193	1.3651
48194	1.36507
48195	1.36504
48196	1.36501
48197	1.36498
48198	1.36496
48199	1.36493
48200	1.3649
48201	1.36487
48202	1.36484
48203	1.36482
48204	1.36479
48205	1.36476
48206	1.36473
48207	1.3647
48208	1.36467
48209	1.36465
48210	1.36462
48211	1.36459
48212	1.36456
48213	1.36453
48214	1.36451
48215	1.36448
48216	1.36445
48217	1.36442
48218	1.36439
48219	1.36437
48220	1.36434
48221	1.36431
48222	1.36428
48223	1.36425
48224	1.36423
48225	1.3642
48226	1.36417
48227	1.36414
48228	1.36411
48229	1.36409
48230	1.36406
48231	1.36403
48232	1.364
48233	1.36398
48234	1.36395
48235	1.36392
48236	1.36389
48237	1.36386
48238	1.36384
48239	1.36381
48240	1.36378
48241	1.36375
48242	1.36373
48243	1.3637
48244	1.36367
48245	1.36364
48246	1.36362
48247	1.36359
48248	1.36356
48249	1.36353
48250	1.36351
48251	1.36348
48252	1.36345
48253	1.36342
48254	1.3634
48255	1.36337
48256	1.36334
48257	1.36331
48258	1.36329
48259	1.36326
48260	1.36323
48261	1.3632
48262	1.36318
48263	1.36315
48264	1.36312
48265	1.3631
48266	1.36307
48267	1.36304
48268	1.36302
48269	1.36299
48270	1.36296
48271	1.36293
48272	1.36291
48273	1.36288
48274	1.36285
48275	1.36283
48276	1.3628
48277	1.36277
48278	1.36275
48279	1.36272
48280	1.36269
48281	1.36267
48282	1.36264
48283	1.36261
48284	1.36259
48285	1.36256
48286	1.36254
48287	1.36251
48288	1.36248
48289	1.36246
48290	1.36243
48291	1.3624
48292	1.36238
48293	1.36235
48294	1.36233
48295	1.3623
48296	1.36227
48297	1.36225
48298	1.36222
48299	1.3622
48300	1.36217
48301	1.36215
48302	1.36212
48303	1.36209
48304	1.36207
48305	1.36204
48306	1.36202
48307	1.36199
48308	1.36197
48309	1.36194
48310	1.36192
48311	1.36189
48312	1.36186
48313	1.36184
48314	1.36181
48315	1.36179
48316	1.36176
48317	1.36174
48318	1.36171
48319	1.36169
48320	1.36166
48321	1.36164
48322	1.36161
48323	1.36159
48324	1.36156
48325	1.36154
48326	1.36152
48327	1.36149
48328	1.36147
48329	1.36144
48330	1.36142
48331	1.36139
48332	1.36137
48333	1.36134
48334	1.36132
48335	1.3613
48336	1.36127
48337	1.36125
48338	1.36122
48339	1.3612
48340	1.36118
48341	1.36115
48342	1.36113
48343	1.3611
48344	1.36108
48345	1.36106
48346	1.36103
48347	1.36101
48348	1.36099
48349	1.36096
48350	1.36094
48351	1.36092
48352	1.36089
48353	1.36087
48354	1.36085
48355	1.36082
48356	1.3608
48357	1.36078
48358	1.36075
48359	1.36073
48360	1.36071
48361	1.36068
48362	1.36066
48363	1.36064
48364	1.36062
48365	1.36059
48366	1.36057
48367	1.36055
48368	1.36053
48369	1.3605
48370	1.36048
48371	1.36046
48372	1.36044
48373	1.36041
48374	1.36039
48375	1.36037
48376	1.36035
48377	1.36033
48378	1.3603
48379	1.36028
48380	1.36026
48381	1.36024
48382	1.36022
48383	1.36019
48384	1.36017
48385	1.36015
48386	1.36013
48387	1.36011
48388	1.36009
48389	1.36007
48390	1.36004
48391	1.36002
48392	1.36
48393	1.35998
48394	1.35996
48395	1.35994
48396	1.35992
48397	1.3599
48398	1.35988
48399	1.35986
48400	1.35983
48401	1.35981
48402	1.35979
48403	1.35977
48404	1.35975
48405	1.35973
48406	1.35971
48407	1.35969
48408	1.35967
48409	1.35965
48410	1.35963
48411	1.35961
48412	1.35959
48413	1.35957
48414	1.35955
48415	1.35953
48416	1.35951
48417	1.35949
48418	1.35947
48419	1.35945
48420	1.35943
48421	1.35941
48422	1.35939
48423	1.35937
48424	1.35935
48425	1.35933
48426	1.35931
48427	1.35929
48428	1.35928
48429	1.35926
48430	1.35924
48431	1.35922
48432	1.3592
48433	1.35918
48434	1.35916
48435	1.35914
48436	1.35912
48437	1.3591
48438	1.35909
48439	1.35907
48440	1.35905
48441	1.35903
48442	1.35901
48443	1.35899
48444	1.35897
48445	1.35896
48446	1.35894
48447	1.35892
48448	1.3589
48449	1.35888
48450	1.35887
48451	1.35885
48452	1.35883
48453	1.35881
48454	1.35879
48455	1.35878
48456	1.35876
48457	1.35874
48458	1.35872
48459	1.3587
48460	1.35869
48461	1.35867
48462	1.35865
48463	1.35863
48464	1.35862
48465	1.3586
48466	1.35858
48467	1.35857
48468	1.35855
48469	1.35853
48470	1.35851
48471	1.3585
48472	1.35848
48473	1.35846
48474	1.35845
48475	1.35843
48476	1.35841
48477	1.3584
48478	1.35838
48479	1.35836
48480	1.35835
48481	1.35833
48482	1.35831
48483	1.3583
48484	1.35828
48485	1.35826
48486	1.35825
48487	1.35823
48488	1.35821
48489	1.3582
48490	1.35818
48491	1.35817
48492	1.35815
48493	1.35813
48494	1.35812
48495	1.3581
48496	1.35809
48497	1.35807
48498	1.35805
48499	1.35804
48500	1.35802
48501	1.35801
48502	1.35799
48503	1.35798
48504	1.35796
48505	1.35795
48506	1.35793
48507	1.35791
48508	1.3579
48509	1.35788
48510	1.35787
48511	1.35785
48512	1.35784
48513	1.35782
48514	1.35781
48515	1.35779
48516	1.35778
48517	1.35776
48518	1.35775
48519	1.35773
48520	1.35772
48521	1.3577
48522	1.35769
48523	1.35767
48524	1.35766
48525	1.35764
48526	1.35763
48527	1.35761
48528	1.3576
48529	1.35759
48530	1.35757
48531	1.35756
48532	1.35754
48533	1.35753
48534	1.35751
48535	1.3575
48536	1.35749
48537	1.35747
48538	1.35746
48539	1.35744
48540	1.35743
48541	1.35741
48542	1.3574
48543	1.35739
48544	1.35737
48545	1.35736
48546	1.35734
48547	1.35733
48548	1.35732
48549	1.3573
48550	1.35729
48551	1.35728
48552	1.35726
48553	1.35725
48554	1.35723
48555	1.35722
48556	1.35721
48557	1.35719
48558	1.35718
48559	1.35717
48560	1.35715
48561	1.35714
48562	1.35713
48563	1.35711
48564	1.3571
48565	1.35709
48566	1.35707
48567	1.35706
48568	1.35705
48569	1.35703
48570	1.35702
48571	1.35701
48572	1.35699
48573	1.35698
48574	1.35697
48575	1.35695
48576	1.35694
48577	1.35693
48578	1.35692
48579	1.3569
48580	1.35689
48581	1.35688
48582	1.35686
48583	1.35685
48584	1.35684
48585	1.35683
48586	1.35681
48587	1.3568
48588	1.35679
48589	1.35678
48590	1.35676
48591	1.35675
48592	1.35674
48593	1.35672
48594	1.35671
48595	1.3567
48596	1.35669
48597	1.35667
48598	1.35666
48599	1.35665
48600	1.35664
48601	1.35662
48602	1.35661
48603	1.3566
48604	1.35659
48605	1.35658
48606	1.35656
48607	1.35655
48608	1.35654
48609	1.35653
48610	1.35651
48611	1.3565
48612	1.35649
48613	1.35648
48614	1.35647
48615	1.35645
48616	1.35644
48617	1.35643
48618	1.35642
48619	1.3564
48620	1.35639
48621	1.35638
48622	1.35637
48623	1.35636
48624	1.35634
48625	1.35633
48626	1.35632
48627	1.35631
48628	1.3563
48629	1.35628
48630	1.35627
48631	1.35626
48632	1.35625
48633	1.35624
48634	1.35622
48635	1.35621
48636	1.3562
48637	1.35619
48638	1.35618
48639	1.35617
48640	1.35615
48641	1.35614
48642	1.35613
48643	1.35612
48644	1.35611
48645	1.3561
48646	1.35608
48647	1.35607
48648	1.35606
48649	1.35605
48650	1.35604
48651	1.35602
48652	1.35601
48653	1.356
48654	1.35599
48655	1.35598
48656	1.35597
48657	1.35596
48658	1.35594
48659	1.35593
48660	1.35592
48661	1.35591
48662	1.3559
48663	1.35589
48664	1.35587
48665	1.35586
48666	1.35585
48667	1.35584
48668	1.35583
48669	1.35582
48670	1.3558
48671	1.35579
48672	1.35578
48673	1.35577
48674	1.35576
48675	1.35575
48676	1.35574
48677	1.35572
48678	1.35571
48679	1.3557
48680	1.35569
48681	1.35568
48682	1.35567
48683	1.35565
48684	1.35564
48685	1.35563
48686	1.35562
48687	1.35561
48688	1.3556
48689	1.35559
48690	1.35557
48691	1.35556
48692	1.35555
48693	1.35554
48694	1.35553
48695	1.35552
48696	1.35551
48697	1.35549
48698	1.35548
48699	1.35547
48700	1.35546
48701	1.35545
48702	1.35544
48703	1.35542
48704	1.35541
48705	1.3554
48706	1.35539
48707	1.35538
48708	1.35537
48709	1.35536
48710	1.35534
48711	1.35533
48712	1.35532
48713	1.35531
48714	1.3553
48715	1.35529
48716	1.35528
48717	1.35526
48718	1.35525
48719	1.35524
48720	1.35523
48721	1.35522
48722	1.35521
48723	1.35519
48724	1.35518
48725	1.35517
48726	1.35516
48727	1.35515
48728	1.35514
48729	1.35513
48730	1.35511
48731	1.3551
48732	1.35509
48733	1.35508
48734	1.35507
48735	1.35506
48736	1.35504
48737	1.35503
48738	1.35502
48739	1.35501
48740	1.355
48741	1.35499
48742	1.35497
48743	1.35496
48744	1.35495
48745	1.35494
48746	1.35493
48747	1.35492
48748	1.3549
48749	1.35489
48750	1.35488
48751	1.35487
48752	1.35486
48753	1.35485
48754	1.35483
48755	1.35482
48756	1.35481
48757	1.3548
48758	1.35479
48759	1.35478
48760	1.35476
48761	1.35475
48762	1.35474
48763	1.35473
48764	1.35472
48765	1.35471
48766	1.35469
48767	1.35468
48768	1.35467
48769	1.35466
48770	1.35465
48771	1.35463
48772	1.35462
48773	1.35461
48774	1.3546
48775	1.35459
48776	1.35458
48777	1.35456
48778	1.35455
48779	1.35454
48780	1.35453
48781	1.35452
48782	1.3545
48783	1.35449
48784	1.35448
48785	1.35447
48786	1.35446
48787	1.35444
48788	1.35443
48789	1.35442
48790	1.35441
48791	1.3544
48792	1.35439
48793	1.35437
48794	1.35436
48795	1.35435
48796	1.35434
48797	1.35433
48798	1.35431
48799	1.3543
48800	1.35429
48801	1.35428
48802	1.35427
48803	1.35425
48804	1.35424
48805	1.35423
48806	1.35422
48807	1.3542
48808	1.35419
48809	1.35418
48810	1.35417
48811	1.35416
48812	1.35414
48813	1.35413
48814	1.35412
48815	1.35411
48816	1.3541
48817	1.35408
48818	1.35407
48819	1.35406
48820	1.35405
48821	1.35404
48822	1.35402
48823	1.35401
48824	1.354
48825	1.35399
48826	1.35397
48827	1.35396
48828	1.35395
48829	1.35394
48830	1.35393
48831	1.35391
48832	1.3539
48833	1.35389
48834	1.35388
48835	1.35386
48836	1.35385
48837	1.35384
48838	1.35383
48839	1.35382
48840	1.3538
48841	1.35379
48842	1.35378
48843	1.35377
48844	1.35375
48845	1.35374
48846	1.35373
48847	1.35372
48848	1.3537
48849	1.35369
48850	1.35368
48851	1.35367
48852	1.35366
48853	1.35364
48854	1.35363
48855	1.35362
48856	1.35361
48857	1.35359
48858	1.35358
48859	1.35357
48860	1.35356
48861	1.35354
48862	1.35353
48863	1.35352
48864	1.35351
48865	1.35349
48866	1.35348
48867	1.35347
48868	1.35346
48869	1.35345
48870	1.35343
48871	1.35342
48872	1.35341
48873	1.3534
48874	1.35338
48875	1.35337
48876	1.35336
48877	1.35335
48878	1.35333
48879	1.35332
48880	1.35331
48881	1.3533
48882	1.35328
48883	1.35327
48884	1.35326
48885	1.35325
48886	1.35324
48887	1.35322
48888	1.35321
48889	1.3532
48890	1.35319
48891	1.35317
48892	1.35316
48893	1.35315
48894	1.35314
48895	1.35312
48896	1.35311
48897	1.3531
48898	1.35309
48899	1.35307
48900	1.35306
48901	1.35305
48902	1.35304
48903	1.35303
48904	1.35301
48905	1.353
48906	1.35299
48907	1.35298
48908	1.35296
48909	1.35295
48910	1.35294
48911	1.35293
48912	1.35291
48913	1.3529
48914	1.35289
48915	1.35288
48916	1.35287
48917	1.35285
48918	1.35284
48919	1.35283
48920	1.35282
48921	1.3528
48922	1.35279
48923	1.35278
48924	1.35277
48925	1.35276
48926	1.35274
48927	1.35273
48928	1.35272
48929	1.35271
48930	1.3527
48931	1.35268
48932	1.35267
48933	1.35266
48934	1.35265
48935	1.35263
48936	1.35262
48937	1.35261
48938	1.3526
48939	1.35259
48940	1.35257
48941	1.35256
48942	1.35255
48943	1.35254
48944	1.35253
48945	1.35251
48946	1.3525
48947	1.35249
48948	1.35248
48949	1.35247
48950	1.35246
48951	1.35244
48952	1.35243
48953	1.35242
48954	1.35241
48955	1.3524
48956	1.35238
48957	1.35237
48958	1.35236
48959	1.35235
48960	1.35234
48961	1.35233
48962	1.35231
48963	1.3523
48964	1.35229
48965	1.35228
48966	1.35227
48967	1.35226
48968	1.35224
48969	1.35223
48970	1.35222
48971	1.35221
48972	1.3522
48973	1.35219
48974	1.35218
48975	1.35216
48976	1.35215
48977	1.35214
48978	1.35213
48979	1.35212
48980	1.35211
48981	1.3521
48982	1.35208
48983	1.35207
48984	1.35206
48985	1.35205
48986	1.35204
48987	1.35203
48988	1.35202
48989	1.35201
48990	1.35199
48991	1.35198
48992	1.35197
48993	1.35196
48994	1.35195
48995	1.35194
48996	1.35193
48997	1.35192
48998	1.35191
48999	1.3519
49000	1.35188
49001	1.35187
49002	1.35186
49003	1.35185
49004	1.35184
49005	1.35183
49006	1.35182
49007	1.35181
49008	1.3518
49009	1.35179
49010	1.35178
49011	1.35177
49012	1.35176
49013	1.35175
49014	1.35174
49015	1.35173
49016	1.35171
49017	1.3517
49018	1.35169
49019	1.35168
49020	1.35167
49021	1.35166
49022	1.35165
49023	1.35164
49024	1.35163
49025	1.35162
49026	1.35161
49027	1.3516
49028	1.35159
49029	1.35158
49030	1.35157
49031	1.35156
49032	1.35155
49033	1.35154
49034	1.35153
49035	1.35152
49036	1.35151
49037	1.3515
49038	1.35149
49039	1.35148
49040	1.35147
49041	1.35146
49042	1.35145
49043	1.35144
49044	1.35144
49045	1.35143
49046	1.35142
49047	1.35141
49048	1.3514
49049	1.35139
49050	1.35138
49051	1.35137
49052	1.35136
49053	1.35135
49054	1.35134
49055	1.35133
49056	1.35132
49057	1.35131
49058	1.35131
49059	1.3513
49060	1.35129
49061	1.35128
49062	1.35127
49063	1.35126
49064	1.35125
49065	1.35124
49066	1.35123
49067	1.35123
49068	1.35122
49069	1.35121
49070	1.3512
49071	1.35119
49072	1.35118
49073	1.35117
49074	1.35116
49075	1.35116
49076	1.35115
49077	1.35114
49078	1.35113
49079	1.35112
49080	1.35111
49081	1.35111
49082	1.3511
49083	1.35109
49084	1.35108
49085	1.35107
49086	1.35107
49087	1.35106
49088	1.35105
49089	1.35104
49090	1.35103
49091	1.35103
49092	1.35102
49093	1.35101
49094	1.351
49095	1.351
49096	1.35099
49097	1.35098
49098	1.35097
49099	1.35097
49100	1.35096
49101	1.35095
49102	1.35094
49103	1.35094
49104	1.35093
49105	1.35092
49106	1.35091
49107	1.35091
49108	1.3509
49109	1.35089
49110	1.35089
49111	1.35088
49112	1.35087
49113	1.35086
49114	1.35086
49115	1.35085
49116	1.35084
49117	1.35084
49118	1.35083
49119	1.35082
49120	1.35082
49121	1.35081
49122	1.3508
49123	1.3508
49124	1.35079
49125	1.35078
49126	1.35078
49127	1.35077
49128	1.35076
49129	1.35076
49130	1.35075
49131	1.35075
49132	1.35074
49133	1.35073
49134	1.35073
49135	1.35072
49136	1.35072
49137	1.35071
49138	1.3507
49139	1.3507
49140	1.35069
49141	1.35069
49142	1.35068
49143	1.35067
49144	1.35067
49145	1.35066
49146	1.35066
49147	1.35065
49148	1.35065
49149	1.35064
49150	1.35063
49151	1.35063
49152	1.35062
49153	1.35062
49154	1.35061
49155	1.35061
49156	1.3506
49157	1.3506
49158	1.35059
49159	1.35059
49160	1.35058
49161	1.35058
49162	1.35057
49163	1.35057
49164	1.35056
49165	1.35056
49166	1.35055
49167	1.35055
49168	1.35054
49169	1.35054
49170	1.35053
49171	1.35053
49172	1.35052
49173	1.35052
49174	1.35051
49175	1.35051
49176	1.3505
49177	1.3505
49178	1.3505
49179	1.35049
49180	1.35049
49181	1.35048
49182	1.35048
49183	1.35047
49184	1.35047
49185	1.35046
49186	1.35046
49187	1.35046
49188	1.35045
49189	1.35045
49190	1.35044
49191	1.35044
49192	1.35044
49193	1.35043
49194	1.35043
49195	1.35042
49196	1.35042
49197	1.35042
49198	1.35041
49199	1.35041
49200	1.35041
49201	1.3504
49202	1.3504
49203	1.35039
49204	1.35039
49205	1.35039
49206	1.35038
49207	1.35038
49208	1.35038
49209	1.35037
49210	1.35037
49211	1.35037
49212	1.35036
49213	1.35036
49214	1.35036
49215	1.35035
49216	1.35035
49217	1.35035
49218	1.35034
49219	1.35034
49220	1.35034
49221	1.35033
49222	1.35033
49223	1.35033
49224	1.35032
49225	1.35032
49226	1.35032
49227	1.35032
49228	1.35031
49229	1.35031
49230	1.35031
49231	1.3503
49232	1.3503
49233	1.3503
49234	1.3503
49235	1.35029
49236	1.35029
49237	1.35029
49238	1.35028
49239	1.35028
49240	1.35028
49241	1.35028
49242	1.35027
49243	1.35027
49244	1.35027
49245	1.35027
49246	1.35026
49247	1.35026
49248	1.35026
49249	1.35026
49250	1.35025
49251	1.35025
49252	1.35025
49253	1.35025
49254	1.35024
49255	1.35024
49256	1.35024
49257	1.35024
49258	1.35024
49259	1.35023
49260	1.35023
49261	1.35023
49262	1.35023
49263	1.35022
49264	1.35022
49265	1.35022
49266	1.35022
49267	1.35022
49268	1.35021
49269	1.35021
49270	1.35021
49271	1.35021
49272	1.35021
49273	1.3502
49274	1.3502
49275	1.3502
49276	1.3502
49277	1.35019
49278	1.35019
49279	1.35019
49280	1.35019
49281	1.35019
49282	1.35019
49283	1.35018
49284	1.35018
49285	1.35018
49286	1.35018
49287	1.35018
49288	1.35017
49289	1.35017
49290	1.35017
49291	1.35017
49292	1.35017
49293	1.35016
49294	1.35016
49295	1.35016
49296	1.35016
49297	1.35016
49298	1.35016
49299	1.35015
49300	1.35015
49301	1.35015
49302	1.35015
49303	1.35015
49304	1.35015
49305	1.35014
49306	1.35014
49307	1.35014
49308	1.35014
49309	1.35014
49310	1.35014
49311	1.35013
49312	1.35013
49313	1.35013
49314	1.35013
49315	1.35013
49316	1.35013
49317	1.35012
49318	1.35012
49319	1.35012
49320	1.35012
49321	1.35012
49322	1.35012
49323	1.35011
49324	1.35011
49325	1.35011
49326	1.35011
49327	1.35011
49328	1.35011
49329	1.3501
49330	1.3501
49331	1.3501
49332	1.3501
49333	1.3501
49334	1.3501
49335	1.35009
49336	1.35009
49337	1.35009
49338	1.35009
49339	1.35009
49340	1.35009
49341	1.35008
49342	1.35008
49343	1.35008
49344	1.35008
49345	1.35008
49346	1.35008
49347	1.35007
49348	1.35007
49349	1.35007
49350	1.35007
49351	1.35007
49352	1.35006
49353	1.35006
49354	1.35006
49355	1.35006
49356	1.35006
49357	1.35006
49358	1.35005
49359	1.35005
49360	1.35005
49361	1.35005
49362	1.35005
49363	1.35004
49364	1.35004
49365	1.35004
49366	1.35004
49367	1.35004
49368	1.35004
49369	1.35003
49370	1.35003
49371	1.35003
49372	1.35003
49373	1.35003
49374	1.35002
49375	1.35002
49376	1.35002
49377	1.35002
49378	1.35002
49379	1.35001
49380	1.35001
49381	1.35001
49382	1.35001
49383	1.35001
49384	1.35
49385	1.35
49386	1.35
49387	1.35
49388	1.34999
49389	1.34999
49390	1.34999
49391	1.34999
49392	1.34999
49393	1.34998
49394	1.34998
49395	1.34998
49396	1.34998
49397	1.34997
49398	1.34997
49399	1.34997
49400	1.34997
49401	1.34997
49402	1.34996
49403	1.34996
49404	1.34996
49405	1.34996
49406	1.34995
49407	1.34995
49408	1.34995
49409	1.34995
49410	1.34994
49411	1.34994
49412	1.34994
49413	1.34994
49414	1.34993
49415	1.34993
49416	1.34993
49417	1.34992
49418	1.34992
49419	1.34992
49420	1.34992
49421	1.34991
49422	1.34991
49423	1.34991
49424	1.3499
49425	1.3499
49426	1.3499
49427	1.3499
49428	1.34989
49429	1.34989
49430	1.34989
49431	1.34988
49432	1.34988
49433	1.34988
49434	1.34987
49435	1.34987
49436	1.34987
49437	1.34987
49438	1.34986
49439	1.34986
49440	1.34986
49441	1.34985
49442	1.34985
49443	1.34985
49444	1.34984
49445	1.34984
49446	1.34984
49447	1.34983
49448	1.34983
49449	1.34983
49450	1.34982
49451	1.34982
49452	1.34981
49453	1.34981
49454	1.34981
49455	1.3498
49456	1.3498
49457	1.3498
49458	1.34979
49459	1.34979
49460	1.34979
49461	1.34978
49462	1.34978
49463	1.34977
49464	1.34977
49465	1.34977
49466	1.34976
49467	1.34976
49468	1.34975
49469	1.34975
49470	1.34975
49471	1.34974
49472	1.34974
49473	1.34973
49474	1.34973
49475	1.34972
49476	1.34972
49477	1.34972
49478	1.34971
49479	1.34971
49480	1.3497
49481	1.3497
49482	1.34969
49483	1.34969
49484	1.34968
49485	1.34968
49486	1.34968
49487	1.34967
49488	1.34967
49489	1.34966
49490	1.34966
49491	1.34965
49492	1.34965
49493	1.34964
49494	1.34964
49495	1.34963
49496	1.34963
49497	1.34962
49498	1.34962
49499	1.34961
49500	1.34961
49501	1.3496
49502	1.3496
49503	1.34959
49504	1.34959
49505	1.34958
49506	1.34958
49507	1.34957
49508	1.34956
49509	1.34956
49510	1.34955
49511	1.34955
49512	1.34954
49513	1.34954
49514	1.34953
49515	1.34953
49516	1.34952
49517	1.34951
49518	1.34951
49519	1.3495
49520	1.3495
49521	1.34949
49522	1.34948
49523	1.34948
49524	1.34947
49525	1.34947
49526	1.34946
49527	1.34945
49528	1.34945
49529	1.34944
49530	1.34944
49531	1.34943
49532	1.34942
49533	1.34942
49534	1.34941
49535	1.3494
49536	1.3494
49537	1.34939
49538	1.34938
49539	1.34938
49540	1.34937
49541	1.34936
49542	1.34936
49543	1.34935
49544	1.34934
49545	1.34934
49546	1.34933
49547	1.34932
49548	1.34932
49549	1.34931
49550	1.3493
49551	1.34929
49552	1.34929
49553	1.34928
49554	1.34927
49555	1.34926
49556	1.34926
49557	1.34925
49558	1.34924
49559	1.34923
49560	1.34923
49561	1.34922
49562	1.34921
49563	1.3492
49564	1.3492
49565	1.34919
49566	1.34918
49567	1.34917
49568	1.34916
49569	1.34916
49570	1.34915
49571	1.34914
49572	1.34913
49573	1.34912
49574	1.34912
49575	1.34911
49576	1.3491
49577	1.34909
49578	1.34908
49579	1.34907
49580	1.34906
49581	1.34906
49582	1.34905
49583	1.34904
49584	1.34903
49585	1.34902
49586	1.34901
49587	1.349
49588	1.34899
49589	1.34899
49590	1.34898
49591	1.34897
49592	1.34896
49593	1.34895
49594	1.34894
49595	1.34893
49596	1.34892
49597	1.34891
49598	1.3489
49599	1.34889
49600	1.34888
49601	1.34887
49602	1.34886
49603	1.34885
49604	1.34884
49605	1.34883
49606	1.34882
49607	1.34882
49608	1.34881
49609	1.3488
49610	1.34879
49611	1.34878
49612	1.34876
49613	1.34875
49614	1.34874
49615	1.34873
49616	1.34872
49617	1.34871
49618	1.3487
49619	1.34869
49620	1.34868
49621	1.34867
49622	1.34866
49623	1.34865
49624	1.34864
49625	1.34863
49626	1.34862
49627	1.34861
49628	1.3486
49629	1.34859
49630	1.34857
49631	1.34856
49632	1.34855
49633	1.34854
49634	1.34853
49635	1.34852
49636	1.34851
49637	1.3485
49638	1.34849
49639	1.34847
49640	1.34846
49641	1.34845
49642	1.34844
49643	1.34843
49644	1.34842
49645	1.34841
49646	1.34839
49647	1.34838
49648	1.34837
49649	1.34836
49650	1.34835
49651	1.34834
49652	1.34832
49653	1.34831
49654	1.3483
49655	1.34829
49656	1.34828
49657	1.34826
49658	1.34825
49659	1.34824
49660	1.34823
49661	1.34822
49662	1.3482
49663	1.34819
49664	1.34818
49665	1.34817
49666	1.34815
49667	1.34814
49668	1.34813
49669	1.34812
49670	1.3481
49671	1.34809
49672	1.34808
49673	1.34807
49674	1.34806
49675	1.34804
49676	1.34803
49677	1.34802
49678	1.348
49679	1.34799
49680	1.34798
49681	1.34797
49682	1.34795
49683	1.34794
49684	1.34793
49685	1.34792
49686	1.3479
49687	1.34789
49688	1.34788
49689	1.34787
49690	1.34785
49691	1.34784
49692	1.34783
49693	1.34781
49694	1.3478
49695	1.34779
49696	1.34778
49697	1.34776
49698	1.34775
49699	1.34774
49700	1.34773
49701	1.34771
49702	1.3477
49703	1.34769
49704	1.34767
49705	1.34766
49706	1.34765
49707	1.34764
49708	1.34762
49709	1.34761
49710	1.3476
49711	1.34758
49712	1.34757
49713	1.34756
49714	1.34755
49715	1.34753
49716	1.34752
49717	1.34751
49718	1.3475
49719	1.34748
49720	1.34747
49721	1.34746
49722	1.34745
49723	1.34743
49724	1.34742
49725	1.34741
49726	1.3474
49727	1.34738
49728	1.34737
49729	1.34736
49730	1.34735
49731	1.34733
49732	1.34732
49733	1.34731
49734	1.3473
49735	1.34729
49736	1.34727
49737	1.34726
49738	1.34725
49739	1.34724
49740	1.34723
49741	1.34721
49742	1.3472
49743	1.34719
49744	1.34718
49745	1.34717
49746	1.34715
49747	1.34714
49748	1.34713
49749	1.34712
49750	1.34711
49751	1.3471
49752	1.34709
49753	1.34707
49754	1.34706
49755	1.34705
49756	1.34704
49757	1.34703
49758	1.34702
49759	1.34701
49760	1.347
49761	1.34699
49762	1.34697
49763	1.34696
49764	1.34695
49765	1.34694
49766	1.34693
49767	1.34692
49768	1.34691
49769	1.3469
49770	1.34689
49771	1.34688
49772	1.34687
49773	1.34686
49774	1.34685
49775	1.34684
49776	1.34683
49777	1.34682
49778	1.34681
49779	1.3468
49780	1.34679
49781	1.34678
49782	1.34677
49783	1.34676
49784	1.34675
49785	1.34675
49786	1.34674
49787	1.34673
49788	1.34672
49789	1.34671
49790	1.3467
49791	1.34669
49792	1.34668
49793	1.34668
49794	1.34667
49795	1.34666
49796	1.34665
49797	1.34664
49798	1.34664
49799	1.34663
49800	1.34662
49801	1.34661
49802	1.34661
49803	1.3466
49804	1.34659
49805	1.34658
49806	1.34658
49807	1.34657
49808	1.34656
49809	1.34656
49810	1.34655
49811	1.34654
49812	1.34654
49813	1.34653
49814	1.34652
49815	1.34652
49816	1.34651
49817	1.34651
49818	1.3465
49819	1.34649
49820	1.34649
49821	1.34648
49822	1.34648
49823	1.34647
49824	1.34647
49825	1.34646
49826	1.34646
49827	1.34645
49828	1.34645
49829	1.34644
49830	1.34644
49831	1.34643
49832	1.34643
49833	1.34642
49834	1.34642
49835	1.34642
49836	1.34641
49837	1.34641
49838	1.34641
49839	1.3464
49840	1.3464
49841	1.3464
49842	1.34639
49843	1.34639
49844	1.34639
49845	1.34638
49846	1.34638
49847	1.34638
49848	1.34638
49849	1.34637
49850	1.34637
49851	1.34637
49852	1.34637
49853	1.34637
49854	1.34636
49855	1.34636
49856	1.34636
49857	1.34636
49858	1.34636
49859	1.34636
49860	1.34636
49861	1.34636
49862	1.34635
49863	1.34635
49864	1.34635
49865	1.34635
49866	1.34635
49867	1.34635
49868	1.34635
49869	1.34635
49870	1.34635
49871	1.34635
49872	1.34635
49873	1.34635
49874	1.34635
49875	1.34636
49876	1.34636
49877	1.34636
49878	1.34636
49879	1.34636
49880	1.34636
49881	1.34636
49882	1.34636
49883	1.34637
49884	1.34637
49885	1.34637
49886	1.34637
49887	1.34637
49888	1.34638
49889	1.34638
49890	1.34638
49891	1.34638
49892	1.34639
49893	1.34639
49894	1.34639
49895	1.3464
49896	1.3464
49897	1.3464
49898	1.34641
49899	1.34641
49900	1.34641
49901	1.34642
49902	1.34642
49903	1.34643
49904	1.34643
49905	1.34643
49906	1.34644
49907	1.34644
49908	1.34645
49909	1.34645
49910	1.34646
49911	1.34646
49912	1.34647
49913	1.34647
49914	1.34648
49915	1.34648
49916	1.34649
49917	1.34649
49918	1.3465
49919	1.34651
49920	1.34651
49921	1.34652
49922	1.34652
49923	1.34653
49924	1.34654
49925	1.34654
49926	1.34655
49927	1.34656
49928	1.34656
49929	1.34657
49930	1.34658
49931	1.34658
49932	1.34659
49933	1.3466
49934	1.34661
49935	1.34661
49936	1.34662
49937	1.34663
49938	1.34664
49939	1.34665
49940	1.34665
49941	1.34666
49942	1.34667
49943	1.34668
49944	1.34669
49945	1.3467
49946	1.34671
49947	1.34671
49948	1.34672
49949	1.34673
49950	1.34674
49951	1.34675
49952	1.34676
49953	1.34677
49954	1.34678
49955	1.34679
49956	1.3468
49957	1.34681
49958	1.34682
49959	1.34683
49960	1.34684
49961	1.34685
49962	1.34686
49963	1.34687
49964	1.34688
49965	1.34689
49966	1.3469
49967	1.34691
49968	1.34692
49969	1.34694
49970	1.34695
49971	1.34696
49972	1.34697
49973	1.34698
49974	1.34699
49975	1.347
49976	1.34702
49977	1.34703
49978	1.34704
49979	1.34705
49980	1.34707
49981	1.34708
49982	1.34709
49983	1.3471
49984	1.34711
49985	1.34713
49986	1.34714
49987	1.34715
49988	1.34717
49989	1.34718
49990	1.34719
49991	1.34721
49992	1.34722
49993	1.34723
49994	1.34725
49995	1.34726
49996	1.34727
49997	1.34729
49998	1.3473
49999	1.34732
50000	1.34733
50001	1.34734
50002	1.34736
50003	1.34737
50004	1.34739
50005	1.3474
50006	1.34742
50007	1.34743
50008	1.34745
50009	1.34746
50010	1.34748
50011	1.34749
50012	1.34751
50013	1.34752
50014	1.34754
50015	1.34755
50016	1.34757
50017	1.34758
50018	1.3476
50019	1.34762
50020	1.34763
50021	1.34765
50022	1.34766
50023	1.34768
50024	1.3477
50025	1.34771
50026	1.34773
50027	1.34775
50028	1.34776
50029	1.34778
50030	1.3478
50031	1.34781
50032	1.34783
50033	1.34785
50034	1.34787
50035	1.34788
50036	1.3479
50037	1.34792
50038	1.34794
50039	1.34795
50040	1.34797
50041	1.34799
50042	1.34801
50043	1.34803
50044	1.34804
50045	1.34806
50046	1.34808
50047	1.3481
50048	1.34812
50049	1.34814
50050	1.34816
50051	1.34817
50052	1.34819
50053	1.34821
50054	1.34823
50055	1.34825
50056	1.34827
50057	1.34829
50058	1.34831
50059	1.34833
50060	1.34835
50061	1.34837
50062	1.34839
50063	1.34841
50064	1.34843
50065	1.34845
50066	1.34847
50067	1.34849
50068	1.34851
50069	1.34853
50070	1.34855
50071	1.34857
50072	1.34859
50073	1.34861
50074	1.34863
50075	1.34866
50076	1.34868
50077	1.3487
50078	1.34872
50079	1.34874
50080	1.34876
50081	1.34878
50082	1.34881
50083	1.34883
50084	1.34885
50085	1.34887
50086	1.34889
50087	1.34892
50088	1.34894
50089	1.34896
50090	1.34898
50091	1.34901
50092	1.34903
50093	1.34905
50094	1.34907
50095	1.3491
50096	1.34912
50097	1.34914
50098	1.34917
50099	1.34919
50100	1.34921
50101	1.34924
50102	1.34926
50103	1.34928
50104	1.34931
50105	1.34933
50106	1.34936
50107	1.34938
50108	1.3494
50109	1.34943
50110	1.34945
50111	1.34948
50112	1.3495
50113	1.34953
50114	1.34955
50115	1.34958
50116	1.3496
50117	1.34963
50118	1.34965
50119	1.34968
50120	1.3497
50121	1.34973
50122	1.34975
50123	1.34978
50124	1.3498
50125	1.34983
50126	1.34985
50127	1.34988
50128	1.34991
50129	1.34993
50130	1.34996
50131	1.34998
50132	1.35001
50133	1.35004
50134	1.35006
50135	1.35009
50136	1.35012
50137	1.35014
50138	1.35017
50139	1.3502
50140	1.35022
50141	1.35025
50142	1.35028
50143	1.35031
50144	1.35033
50145	1.35036
50146	1.35039
50147	1.35041
50148	1.35044
50149	1.35047
50150	1.3505
50151	1.35053
50152	1.35055
50153	1.35058
50154	1.35061
50155	1.35064
50156	1.35067
50157	1.35069
50158	1.35072
50159	1.35075
50160	1.35078
50161	1.35081
50162	1.35084
50163	1.35087
50164	1.3509
50165	1.35092
50166	1.35095
50167	1.35098
50168	1.35101
50169	1.35104
50170	1.35107
50171	1.3511
50172	1.35113
50173	1.35116
50174	1.35119
50175	1.35122
50176	1.35125
50177	1.35128
50178	1.35131
50179	1.35134
50180	1.35137
50181	1.3514
50182	1.35143
50183	1.35146
50184	1.35149
50185	1.35152
50186	1.35155
50187	1.35158
50188	1.35161
50189	1.35164
50190	1.35167
50191	1.3517
50192	1.35173
50193	1.35176
50194	1.35179
50195	1.35183
50196	1.35186
50197	1.35189
50198	1.35192
50199	1.35195
50200	1.35198
50201	1.35201
50202	1.35204
50203	1.35208
50204	1.35211
50205	1.35214
50206	1.35217
50207	1.3522
50208	1.35223
50209	1.35227
50210	1.3523
50211	1.35233
50212	1.35236
50213	1.35239
50214	1.35243
50215	1.35246
50216	1.35249
50217	1.35252
50218	1.35256
50219	1.35259
50220	1.35262
50221	1.35265
50222	1.35269
50223	1.35272
50224	1.35275
50225	1.35278
50226	1.35282
50227	1.35285
50228	1.35288
50229	1.35291
50230	1.35295
50231	1.35298
50232	1.35301
50233	1.35305
50234	1.35308
50235	1.35311
50236	1.35315
50237	1.35318
50238	1.35321
50239	1.35325
50240	1.35328
50241	1.35331
50242	1.35335
50243	1.35338
50244	1.35341
50245	1.35345
50246	1.35348
50247	1.35351
50248	1.35355
50249	1.35358
50250	1.35361
50251	1.35365
50252	1.35368
50253	1.35372
50254	1.35375
50255	1.35378
50256	1.35382
50257	1.35385
50258	1.35388
50259	1.35392
50260	1.35395
50261	1.35399
50262	1.35402
50263	1.35405
50264	1.35409
50265	1.35412
50266	1.35416
50267	1.35419
50268	1.35423
50269	1.35426
50270	1.35429
50271	1.35433
50272	1.35436
50273	1.3544
50274	1.35443
50275	1.35447
50276	1.3545
50277	1.35453
50278	1.35457
50279	1.3546
50280	1.35464
50281	1.35467
50282	1.35471
50283	1.35474
50284	1.35478
50285	1.35481
50286	1.35485
50287	1.35488
50288	1.35491
50289	1.35495
50290	1.35498
50291	1.35502
50292	1.35505
50293	1.35509
50294	1.35512
50295	1.35516
50296	1.35519
50297	1.35523
50298	1.35526
50299	1.3553
50300	1.35533
50301	1.35537
50302	1.3554
50303	1.35543
50304	1.35547
50305	1.3555
50306	1.35554
50307	1.35557
50308	1.35561
50309	1.35564
50310	1.35568
50311	1.35571
50312	1.35575
50313	1.35578
50314	1.35582
50315	1.35585
50316	1.35589
50317	1.35592
50318	1.35596
50319	1.35599
50320	1.35603
50321	1.35606
50322	1.3561
50323	1.35613
50324	1.35617
50325	1.3562
50326	1.35623
50327	1.35627
50328	1.3563
50329	1.35634
50330	1.35637
50331	1.35641
50332	1.35644
50333	1.35648
50334	1.35651
50335	1.35655
50336	1.35658
50337	1.35662
50338	1.35665
50339	1.35669
50340	1.35672
50341	1.35676
50342	1.35679
50343	1.35682
50344	1.35686
50345	1.35689
50346	1.35693
50347	1.35696
50348	1.357
50349	1.35703
50350	1.35707
50351	1.3571
50352	1.35714
50353	1.35717
50354	1.3572
50355	1.35724
50356	1.35727
50357	1.35731
50358	1.35734
50359	1.35738
50360	1.35741
50361	1.35745
50362	1.35748
50363	1.35751
50364	1.35755
50365	1.35758
50366	1.35762
50367	1.35765
50368	1.35768
50369	1.35772
50370	1.35775
50371	1.35779
50372	1.35782
50373	1.35786
50374	1.35789
50375	1.35792
50376	1.35796
50377	1.35799
50378	1.35802
50379	1.35806
50380	1.35809
50381	1.35813
50382	1.35816
50383	1.35819
50384	1.35823
50385	1.35826
50386	1.35829
50387	1.35833
50388	1.35836
50389	1.3584
50390	1.35843
50391	1.35846
50392	1.3585
50393	1.35853
50394	1.35856
50395	1.3586
50396	1.35863
50397	1.35866
50398	1.3587
50399	1.35873
50400	1.35876
50401	1.3588
50402	1.35883
50403	1.35886
50404	1.35889
50405	1.35893
50406	1.35896
50407	1.35899
50408	1.35903
50409	1.35906
50410	1.35909
50411	1.35912
50412	1.35916
50413	1.35919
50414	1.35922
50415	1.35925
50416	1.35929
50417	1.35932
50418	1.35935
50419	1.35938
50420	1.35942
50421	1.35945
50422	1.35948
50423	1.35951
50424	1.35955
50425	1.35958
50426	1.35961
50427	1.35964
50428	1.35967
50429	1.3597
50430	1.35974
50431	1.35977
50432	1.3598
50433	1.35983
50434	1.35986
50435	1.3599
50436	1.35993
50437	1.35996
50438	1.35999
50439	1.36002
50440	1.36005
50441	1.36008
50442	1.36011
50443	1.36015
50444	1.36018
50445	1.36021
50446	1.36024
50447	1.36027
50448	1.3603
50449	1.36033
50450	1.36036
50451	1.36039
50452	1.36042
50453	1.36045
50454	1.36048
50455	1.36052
50456	1.36055
50457	1.36058
50458	1.36061
50459	1.36064
50460	1.36067
50461	1.3607
50462	1.36073
50463	1.36076
50464	1.36079
50465	1.36082
50466	1.36085
50467	1.36088
50468	1.36091
50469	1.36094
50470	1.36097
50471	1.36099
50472	1.36102
50473	1.36105
50474	1.36108
50475	1.36111
50476	1.36114
50477	1.36117
50478	1.3612
50479	1.36123
50480	1.36126
50481	1.36129
50482	1.36132
50483	1.36134
50484	1.36137
50485	1.3614
50486	1.36143
50487	1.36146
50488	1.36149
50489	1.36152
50490	1.36154
50491	1.36157
50492	1.3616
50493	1.36163
50494	1.36166
50495	1.36168
50496	1.36171
50497	1.36174
50498	1.36177
50499	1.3618
50500	1.36182
50501	1.36185
50502	1.36188
50503	1.36191
50504	1.36193
50505	1.36196
50506	1.36199
50507	1.36201
50508	1.36204
50509	1.36207
50510	1.3621
50511	1.36212
50512	1.36215
50513	1.36218
50514	1.3622
50515	1.36223
50516	1.36226
50517	1.36228
50518	1.36231
50519	1.36233
50520	1.36236
50521	1.36239
50522	1.36241
50523	1.36244
50524	1.36246
50525	1.36249
50526	1.36252
50527	1.36254
50528	1.36257
50529	1.36259
50530	1.36262
50531	1.36264
50532	1.36267
50533	1.36269
50534	1.36272
50535	1.36274
50536	1.36277
50537	1.36279
50538	1.36282
50539	1.36284
50540	1.36287
50541	1.36289
50542	1.36292
50543	1.36294
50544	1.36297
50545	1.36299
50546	1.36302
50547	1.36304
50548	1.36306
50549	1.36309
50550	1.36311
50551	1.36314
50552	1.36316
50553	1.36318
50554	1.36321
50555	1.36323
50556	1.36325
50557	1.36328
50558	1.3633
50559	1.36332
50560	1.36335
50561	1.36337
50562	1.36339
50563	1.36342
50564	1.36344
50565	1.36346
50566	1.36349
50567	1.36351
50568	1.36353
50569	1.36355
50570	1.36358
50571	1.3636
50572	1.36362
50573	1.36364
50574	1.36367
50575	1.36369
50576	1.36371
50577	1.36373
50578	1.36375
50579	1.36378
50580	1.3638
50581	1.36382
50582	1.36384
50583	1.36386
50584	1.36388
50585	1.3639
50586	1.36393
50587	1.36395
50588	1.36397
50589	1.36399
50590	1.36401
50591	1.36403
50592	1.36405
50593	1.36407
50594	1.36409
50595	1.36411
50596	1.36414
50597	1.36416
50598	1.36418
50599	1.3642
50600	1.36422
50601	1.36424
50602	1.36426
50603	1.36428
50604	1.3643
50605	1.36432
50606	1.36434
50607	1.36436
50608	1.36438
50609	1.3644
50610	1.36442
50611	1.36443
50612	1.36445
50613	1.36447
50614	1.36449
50615	1.36451
50616	1.36453
50617	1.36455
50618	1.36457
50619	1.36459
50620	1.36461
50621	1.36463
50622	1.36464
50623	1.36466
50624	1.36468
50625	1.3647
50626	1.36472
50627	1.36474
50628	1.36475
50629	1.36477
50630	1.36479
50631	1.36481
50632	1.36483
50633	1.36484
50634	1.36486
50635	1.36488
50636	1.3649
50637	1.36492
50638	1.36493
50639	1.36495
50640	1.36497
50641	1.36499
50642	1.365
50643	1.36502
50644	1.36504
50645	1.36505
50646	1.36507
50647	1.36509
50648	1.3651
50649	1.36512
50650	1.36514
50651	1.36515
50652	1.36517
50653	1.36519
50654	1.3652
50655	1.36522
50656	1.36524
50657	1.36525
50658	1.36527
50659	1.36529
50660	1.3653
50661	1.36532
50662	1.36533
50663	1.36535
50664	1.36537
50665	1.36538
50666	1.3654
50667	1.36541
50668	1.36543
50669	1.36544
50670	1.36546
50671	1.36547
50672	1.36549
50673	1.36551
50674	1.36552
50675	1.36554
50676	1.36555
50677	1.36557
50678	1.36558
50679	1.3656
50680	1.36561
50681	1.36562
50682	1.36564
50683	1.36565
50684	1.36567
50685	1.36568
50686	1.3657
50687	1.36571
50688	1.36573
50689	1.36574
50690	1.36575
50691	1.36577
50692	1.36578
50693	1.3658
50694	1.36581
50695	1.36582
50696	1.36584
50697	1.36585
50698	1.36587
50699	1.36588
50700	1.36589
50701	1.36591
50702	1.36592
50703	1.36593
50704	1.36595
50705	1.36596
50706	1.36597
50707	1.36599
50708	1.366
50709	1.36601
50710	1.36603
50711	1.36604
50712	1.36605
50713	1.36607
50714	1.36608
50715	1.36609
50716	1.3661
50717	1.36612
50718	1.36613
50719	1.36614
50720	1.36615
50721	1.36617
50722	1.36618
50723	1.36619
50724	1.3662
50725	1.36622
50726	1.36623
50727	1.36624
50728	1.36625
50729	1.36627
50730	1.36628
50731	1.36629
50732	1.3663
50733	1.36631
50734	1.36632
50735	1.36634
50736	1.36635
50737	1.36636
50738	1.36637
50739	1.36638
50740	1.36639
50741	1.36641
50742	1.36642
50743	1.36643
50744	1.36644
50745	1.36645
50746	1.36646
50747	1.36647
50748	1.36649
50749	1.3665
50750	1.36651
50751	1.36652
50752	1.36653
50753	1.36654
50754	1.36655
50755	1.36656
50756	1.36657
50757	1.36658
50758	1.36659
50759	1.36661
50760	1.36662
50761	1.36663
50762	1.36664
50763	1.36665
50764	1.36666
50765	1.36667
50766	1.36668
50767	1.36669
50768	1.3667
50769	1.36671
50770	1.36672
50771	1.36673
50772	1.36674
50773	1.36675
50774	1.36676
50775	1.36677
50776	1.36678
50777	1.36679
50778	1.3668
50779	1.36681
50780	1.36682
50781	1.36683
50782	1.36684
50783	1.36685
50784	1.36686
50785	1.36687
50786	1.36688
50787	1.36689
50788	1.3669
50789	1.36691
50790	1.36692
50791	1.36692
50792	1.36693
50793	1.36694
50794	1.36695
50795	1.36696
50796	1.36697
50797	1.36698
50798	1.36699
50799	1.367
50800	1.36701
50801	1.36702
50802	1.36703
50803	1.36703
50804	1.36704
50805	1.36705
50806	1.36706
50807	1.36707
50808	1.36708
50809	1.36709
50810	1.3671
50811	1.36711
50812	1.36711
50813	1.36712
50814	1.36713
50815	1.36714
50816	1.36715
50817	1.36716
50818	1.36717
50819	1.36717
50820	1.36718
50821	1.36719
50822	1.3672
50823	1.36721
50824	1.36722
50825	1.36722
50826	1.36723
50827	1.36724
50828	1.36725
50829	1.36726
50830	1.36726
50831	1.36727
50832	1.36728
50833	1.36729
50834	1.3673
50835	1.36731
50836	1.36731
50837	1.36732
50838	1.36733
50839	1.36734
50840	1.36734
50841	1.36735
50842	1.36736
50843	1.36737
50844	1.36738
50845	1.36738
50846	1.36739
50847	1.3674
50848	1.36741
50849	1.36741
50850	1.36742
50851	1.36743
50852	1.36744
50853	1.36744
50854	1.36745
50855	1.36746
50856	1.36747
50857	1.36747
50858	1.36748
50859	1.36749
50860	1.3675
50861	1.3675
50862	1.36751
50863	1.36752
50864	1.36753
50865	1.36753
50866	1.36754
50867	1.36755
50868	1.36755
50869	1.36756
50870	1.36757
50871	1.36758
50872	1.36758
50873	1.36759
50874	1.3676
50875	1.3676
50876	1.36761
50877	1.36762
50878	1.36762
50879	1.36763
50880	1.36764
50881	1.36764
50882	1.36765
50883	1.36766
50884	1.36767
50885	1.36767
50886	1.36768
50887	1.36769
50888	1.36769
50889	1.3677
50890	1.36771
50891	1.36771
50892	1.36772
50893	1.36773
50894	1.36773
50895	1.36774
50896	1.36775
50897	1.36775
50898	1.36776
50899	1.36777
50900	1.36777
50901	1.36778
50902	1.36778
50903	1.36779
50904	1.3678
50905	1.3678
50906	1.36781
50907	1.36782
50908	1.36782
50909	1.36783
50910	1.36784
50911	1.36784
50912	1.36785
50913	1.36785
50914	1.36786
50915	1.36787
50916	1.36787
50917	1.36788
50918	1.36789
50919	1.36789
50920	1.3679
50921	1.3679
50922	1.36791
50923	1.36792
50924	1.36792
50925	1.36793
50926	1.36793
50927	1.36794
50928	1.36795
50929	1.36795
50930	1.36796
50931	1.36796
50932	1.36797
50933	1.36798
50934	1.36798
50935	1.36799
50936	1.36799
50937	1.368
50938	1.368
50939	1.36801
50940	1.36802
50941	1.36802
50942	1.36803
50943	1.36803
50944	1.36804
50945	1.36804
50946	1.36805
50947	1.36806
50948	1.36806
50949	1.36807
50950	1.36807
50951	1.36808
50952	1.36808
50953	1.36809
50954	1.36809
50955	1.3681
50956	1.36811
50957	1.36811
50958	1.36812
50959	1.36812
50960	1.36813
50961	1.36813
50962	1.36814
50963	1.36814
50964	1.36815
50965	1.36815
50966	1.36816
50967	1.36817
50968	1.36817
50969	1.36818
50970	1.36818
50971	1.36819
50972	1.36819
50973	1.3682
50974	1.3682
50975	1.36821
50976	1.36821
50977	1.36822
50978	1.36822
50979	1.36823
50980	1.36823
50981	1.36824
50982	1.36824
50983	1.36825
50984	1.36825
50985	1.36826
50986	1.36826
50987	1.36827
50988	1.36827
50989	1.36828
50990	1.36828
50991	1.36829
50992	1.36829
50993	1.3683
50994	1.3683
50995	1.36831
50996	1.36831
50997	1.36832
50998	1.36832
50999	1.36833
51000	1.36833
51001	1.36834
51002	1.36834
51003	1.36834
51004	1.36835
51005	1.36835
51006	1.36836
51007	1.36836
51008	1.36837
51009	1.36837
51010	1.36838
51011	1.36838
51012	1.36839
51013	1.36839
51014	1.36839
51015	1.3684
51016	1.3684
51017	1.36841
51018	1.36841
51019	1.36842
51020	1.36842
51021	1.36842
51022	1.36843
51023	1.36843
51024	1.36844
51025	1.36844
51026	1.36845
51027	1.36845
51028	1.36845
51029	1.36846
51030	1.36846
51031	1.36847
51032	1.36847
51033	1.36847
51034	1.36848
51035	1.36848
51036	1.36849
51037	1.36849
51038	1.36849
51039	1.3685
51040	1.3685
51041	1.36851
51042	1.36851
51043	1.36851
51044	1.36852
51045	1.36852
51046	1.36853
51047	1.36853
51048	1.36853
51049	1.36854
51050	1.36854
51051	1.36854
51052	1.36855
51053	1.36855
51054	1.36855
51055	1.36856
51056	1.36856
51057	1.36856
51058	1.36857
51059	1.36857
51060	1.36858
51061	1.36858
51062	1.36858
51063	1.36859
51064	1.36859
51065	1.36859
51066	1.3686
51067	1.3686
51068	1.3686
51069	1.3686
51070	1.36861
51071	1.36861
51072	1.36861
51073	1.36862
51074	1.36862
51075	1.36862
51076	1.36863
51077	1.36863
51078	1.36863
51079	1.36863
51080	1.36864
51081	1.36864
51082	1.36864
51083	1.36865
51084	1.36865
51085	1.36865
51086	1.36865
51087	1.36866
51088	1.36866
51089	1.36866
51090	1.36866
51091	1.36867
51092	1.36867
51093	1.36867
51094	1.36867
51095	1.36868
51096	1.36868
51097	1.36868
51098	1.36868
51099	1.36869
51100	1.36869
51101	1.36869
51102	1.36869
51103	1.36869
51104	1.3687
51105	1.3687
51106	1.3687
51107	1.3687
51108	1.3687
51109	1.36871
51110	1.36871
51111	1.36871
51112	1.36871
51113	1.36871
51114	1.36872
51115	1.36872
51116	1.36872
51117	1.36872
51118	1.36872
51119	1.36872
51120	1.36873
51121	1.36873
51122	1.36873
51123	1.36873
51124	1.36873
51125	1.36873
51126	1.36873
51127	1.36874
51128	1.36874
51129	1.36874
51130	1.36874
51131	1.36874
51132	1.36874
51133	1.36874
51134	1.36874
51135	1.36874
51136	1.36874
51137	1.36875
51138	1.36875
51139	1.36875
51140	1.36875
51141	1.36875
51142	1.36875
51143	1.36875
51144	1.36875
51145	1.36875
51146	1.36875
51147	1.36875
51148	1.36875
51149	1.36875
51150	1.36875
51151	1.36875
51152	1.36875
51153	1.36875
51154	1.36875
51155	1.36875
51156	1.36875
51157	1.36875
51158	1.36875
51159	1.36875
51160	1.36875
51161	1.36875
51162	1.36875
51163	1.36875
51164	1.36875
51165	1.36875
51166	1.36875
51167	1.36875
51168	1.36875
51169	1.36875
51170	1.36875
51171	1.36875
51172	1.36875
51173	1.36875
51174	1.36875
51175	1.36875
51176	1.36875
51177	1.36875
51178	1.36874
51179	1.36874
51180	1.36874
51181	1.36874
51182	1.36874
51183	1.36874
51184	1.36874
51185	1.36874
51186	1.36874
51187	1.36873
51188	1.36873
51189	1.36873
51190	1.36873
51191	1.36873
51192	1.36873
51193	1.36872
51194	1.36872
51195	1.36872
51196	1.36872
51197	1.36872
51198	1.36872
51199	1.36871
51200	1.36871
51201	1.36871
51202	1.36871
51203	1.3687
51204	1.3687
51205	1.3687
51206	1.3687
51207	1.3687
51208	1.36869
51209	1.36869
51210	1.36869
51211	1.36868
51212	1.36868
51213	1.36868
51214	1.36868
51215	1.36867
51216	1.36867
51217	1.36867
51218	1.36866
51219	1.36866
51220	1.36866
51221	1.36866
51222	1.36865
51223	1.36865
51224	1.36865
51225	1.36864
51226	1.36864
51227	1.36864
51228	1.36863
51229	1.36863
51230	1.36862
51231	1.36862
51232	1.36862
51233	1.36861
51234	1.36861
51235	1.3686
51236	1.3686
51237	1.3686
51238	1.36859
51239	1.36859
51240	1.36858
51241	1.36858
51242	1.36857
51243	1.36857
51244	1.36857
51245	1.36856
51246	1.36856
51247	1.36855
51248	1.36855
51249	1.36854
51250	1.36854
51251	1.36853
51252	1.36853
51253	1.36852
51254	1.36852
51255	1.36851
51256	1.36851
51257	1.3685
51258	1.3685
51259	1.36849
51260	1.36849
51261	1.36848
51262	1.36847
51263	1.36847
51264	1.36846
51265	1.36846
51266	1.36845
51267	1.36844
51268	1.36844
51269	1.36843
51270	1.36843
51271	1.36842
51272	1.36841
51273	1.36841
51274	1.3684
51275	1.3684
51276	1.36839
51277	1.36838
51278	1.36838
51279	1.36837
51280	1.36836
51281	1.36836
51282	1.36835
51283	1.36834
51284	1.36833
51285	1.36833
51286	1.36832
51287	1.36831
51288	1.36831
51289	1.3683
51290	1.36829
51291	1.36828
51292	1.36828
51293	1.36827
51294	1.36826
51295	1.36825
51296	1.36825
51297	1.36824
51298	1.36823
51299	1.36822
51300	1.36821
51301	1.36821
51302	1.3682
51303	1.36819
51304	1.36818
51305	1.36817
51306	1.36816
51307	1.36816
51308	1.36815
51309	1.36814
51310	1.36813
51311	1.36812
51312	1.36811
51313	1.3681
51314	1.3681
51315	1.36809
51316	1.36808
51317	1.36807
51318	1.36806
51319	1.36805
51320	1.36804
51321	1.36803
51322	1.36802
51323	1.36801
51324	1.368
51325	1.36799
51326	1.36798
51327	1.36797
51328	1.36796
51329	1.36795
51330	1.36794
51331	1.36793
51332	1.36792
51333	1.36791
51334	1.3679
51335	1.36789
51336	1.36788
51337	1.36787
51338	1.36786
51339	1.36785
51340	1.36784
51341	1.36783
51342	1.36782
51343	1.36781
51344	1.3678
51345	1.36779
51346	1.36778
51347	1.36777
51348	1.36776
51349	1.36774
51350	1.36773
51351	1.36772
51352	1.36771
51353	1.3677
51354	1.36769
51355	1.36768
51356	1.36767
51357	1.36765
51358	1.36764
51359	1.36763
51360	1.36762
51361	1.36761
51362	1.3676
51363	1.36758
51364	1.36757
51365	1.36756
51366	1.36755
51367	1.36754
51368	1.36752
51369	1.36751
51370	1.3675
51371	1.36749
51372	1.36747
51373	1.36746
51374	1.36745
51375	1.36744
51376	1.36742
51377	1.36741
51378	1.3674
51379	1.36739
51380	1.36737
51381	1.36736
51382	1.36735
51383	1.36733
51384	1.36732
51385	1.36731
51386	1.36729
51387	1.36728
51388	1.36727
51389	1.36725
51390	1.36724
51391	1.36723
51392	1.36721
51393	1.3672
51394	1.36719
51395	1.36717
51396	1.36716
51397	1.36714
51398	1.36713
51399	1.36712
51400	1.3671
51401	1.36709
51402	1.36707
51403	1.36706
51404	1.36705
51405	1.36703
51406	1.36702
51407	1.367
51408	1.36699
51409	1.36697
51410	1.36696
51411	1.36695
51412	1.36693
51413	1.36692
51414	1.3669
51415	1.36689
51416	1.36687
51417	1.36686
51418	1.36684
51419	1.36683
51420	1.36681
51421	1.3668
51422	1.36678
51423	1.36677
51424	1.36675
51425	1.36674
51426	1.36672
51427	1.36671
51428	1.36669
51429	1.36667
51430	1.36666
51431	1.36664
51432	1.36663
51433	1.36661
51434	1.3666
51435	1.36658
51436	1.36657
51437	1.36655
51438	1.36653
51439	1.36652
51440	1.3665
51441	1.36649
51442	1.36647
51443	1.36645
51444	1.36644
51445	1.36642
51446	1.36641
51447	1.36639
51448	1.36637
51449	1.36636
51450	1.36634
51451	1.36632
51452	1.36631
51453	1.36629
51454	1.36628
51455	1.36626
51456	1.36624
51457	1.36623
51458	1.36621
51459	1.36619
51460	1.36618
51461	1.36616
51462	1.36614
51463	1.36613
51464	1.36611
51465	1.36609
51466	1.36607
51467	1.36606
51468	1.36604
51469	1.36602
51470	1.36601
51471	1.36599
51472	1.36597
51473	1.36596
51474	1.36594
51475	1.36592
51476	1.3659
51477	1.36589
51478	1.36587
51479	1.36585
51480	1.36583
51481	1.36582
51482	1.3658
51483	1.36578
51484	1.36576
51485	1.36575
51486	1.36573
51487	1.36571
51488	1.36569
51489	1.36568
51490	1.36566
51491	1.36564
51492	1.36562
51493	1.36561
51494	1.36559
51495	1.36557
51496	1.36555
51497	1.36553
51498	1.36552
51499	1.3655
51500	1.36548
51501	1.36546
51502	1.36545
51503	1.36543
51504	1.36541
51505	1.36539
51506	1.36537
51507	1.36536
51508	1.36534
51509	1.36532
51510	1.3653
51511	1.36528
51512	1.36526
51513	1.36525
51514	1.36523
51515	1.36521
51516	1.36519
51517	1.36517
51518	1.36516
51519	1.36514
51520	1.36512
51521	1.3651
51522	1.36508
51523	1.36506
51524	1.36505
51525	1.36503
51526	1.36501
51527	1.36499
51528	1.36497
51529	1.36495
51530	1.36493
51531	1.36492
51532	1.3649
51533	1.36488
51534	1.36486
51535	1.36484
51536	1.36482
51537	1.3648
51538	1.36479
51539	1.36477
51540	1.36475
51541	1.36473
51542	1.36471
51543	1.36469
51544	1.36467
51545	1.36466
51546	1.36464
51547	1.36462
51548	1.3646
51549	1.36458
51550	1.36456
51551	1.36454
51552	1.36453
51553	1.36451
51554	1.36449
51555	1.36447
51556	1.36445
51557	1.36443
51558	1.36441
51559	1.36439
51560	1.36438
51561	1.36436
51562	1.36434
51563	1.36432
51564	1.3643
51565	1.36428
51566	1.36426
51567	1.36424
51568	1.36423
51569	1.36421
51570	1.36419
51571	1.36417
51572	1.36415
51573	1.36413
51574	1.36411
51575	1.36409
51576	1.36408
51577	1.36406
51578	1.36404
51579	1.36402
51580	1.364
51581	1.36398
51582	1.36396
51583	1.36394
51584	1.36393
51585	1.36391
51586	1.36389
51587	1.36387
51588	1.36385
51589	1.36383
51590	1.36381
51591	1.36379
51592	1.36378
51593	1.36376
51594	1.36374
51595	1.36372
51596	1.3637
51597	1.36368
51598	1.36366
51599	1.36364
51600	1.36363
51601	1.36361
51602	1.36359
51603	1.36357
51604	1.36355
51605	1.36353
51606	1.36351
51607	1.3635
51608	1.36348
51609	1.36346
51610	1.36344
51611	1.36342
51612	1.3634
51613	1.36338
51614	1.36337
51615	1.36335
51616	1.36333
51617	1.36331
51618	1.36329
51619	1.36327
51620	1.36325
51621	1.36324
51622	1.36322
51623	1.3632
51624	1.36318
51625	1.36316
51626	1.36314
51627	1.36313
51628	1.36311
51629	1.36309
51630	1.36307
51631	1.36305
51632	1.36303
51633	1.36302
51634	1.363
51635	1.36298
51636	1.36296
51637	1.36294
51638	1.36293
51639	1.36291
51640	1.36289
51641	1.36287
51642	1.36285
51643	1.36284
51644	1.36282
51645	1.3628
51646	1.36278
51647	1.36276
51648	1.36275
51649	1.36273
51650	1.36271
51651	1.36269
51652	1.36267
51653	1.36266
51654	1.36264
51655	1.36262
51656	1.3626
51657	1.36258
51658	1.36257
51659	1.36255
51660	1.36253
51661	1.36251
51662	1.3625
51663	1.36248
51664	1.36246
51665	1.36244
51666	1.36243
51667	1.36241
51668	1.36239
51669	1.36237
51670	1.36236
51671	1.36234
51672	1.36232
51673	1.3623
51674	1.36229
51675	1.36227
51676	1.36225
51677	1.36224
51678	1.36222
51679	1.3622
51680	1.36218
51681	1.36217
51682	1.36215
51683	1.36213
51684	1.36212
51685	1.3621
51686	1.36208
51687	1.36207
51688	1.36205
51689	1.36203
51690	1.36202
51691	1.362
51692	1.36198
51693	1.36197
51694	1.36195
51695	1.36193
51696	1.36192
51697	1.3619
51698	1.36188
51699	1.36187
51700	1.36185
51701	1.36183
51702	1.36182
51703	1.3618
51704	1.36178
51705	1.36177
51706	1.36175
51707	1.36174
51708	1.36172
51709	1.3617
51710	1.36169
51711	1.36167
51712	1.36166
51713	1.36164
51714	1.36162
51715	1.36161
51716	1.36159
51717	1.36158
51718	1.36156
51719	1.36155
51720	1.36153
51721	1.36152
51722	1.3615
51723	1.36148
51724	1.36147
51725	1.36145
51726	1.36144
51727	1.36142
51728	1.36141
51729	1.36139
51730	1.36138
51731	1.36136
51732	1.36135
51733	1.36133
51734	1.36132
51735	1.3613
51736	1.36129
51737	1.36127
51738	1.36126
51739	1.36124
51740	1.36123
51741	1.36122
51742	1.3612
51743	1.36119
51744	1.36117
51745	1.36116
51746	1.36114
51747	1.36113
51748	1.36112
51749	1.3611
51750	1.36109
51751	1.36107
51752	1.36106
51753	1.36105
51754	1.36103
51755	1.36102
51756	1.361
51757	1.36099
51758	1.36098
51759	1.36096
51760	1.36095
51761	1.36094
51762	1.36092
51763	1.36091
51764	1.3609
51765	1.36088
51766	1.36087
51767	1.36086
51768	1.36084
51769	1.36083
51770	1.36082
51771	1.36081
51772	1.36079
51773	1.36078
51774	1.36077
51775	1.36075
51776	1.36074
51777	1.36073
51778	1.36072
51779	1.3607
51780	1.36069
51781	1.36068
51782	1.36067
51783	1.36066
51784	1.36064
51785	1.36063
51786	1.36062
51787	1.36061
51788	1.3606
51789	1.36058
51790	1.36057
51791	1.36056
51792	1.36055
51793	1.36054
51794	1.36053
51795	1.36052
51796	1.3605
51797	1.36049
51798	1.36048
51799	1.36047
51800	1.36046
51801	1.36045
51802	1.36044
51803	1.36043
51804	1.36042
51805	1.36041
51806	1.3604
51807	1.36038
51808	1.36037
51809	1.36036
51810	1.36035
51811	1.36034
51812	1.36033
51813	1.36032
51814	1.36031
51815	1.3603
51816	1.36029
51817	1.36028
51818	1.36027
51819	1.36026
51820	1.36025
51821	1.36024
51822	1.36023
51823	1.36023
51824	1.36022
51825	1.36021
51826	1.3602
51827	1.36019
51828	1.36018
51829	1.36017
51830	1.36016
51831	1.36015
51832	1.36014
51833	1.36013
51834	1.36013
51835	1.36012
51836	1.36011
51837	1.3601
51838	1.36009
51839	1.36008
51840	1.36007
51841	1.36007
51842	1.36006
51843	1.36005
51844	1.36004
51845	1.36003
51846	1.36002
51847	1.36002
51848	1.36001
51849	1.36
51850	1.35999
51851	1.35999
51852	1.35998
51853	1.35997
51854	1.35996
51855	1.35996
51856	1.35995
51857	1.35994
51858	1.35993
51859	1.35993
51860	1.35992
51861	1.35991
51862	1.3599
51863	1.3599
51864	1.35989
51865	1.35988
51866	1.35988
51867	1.35987
51868	1.35986
51869	1.35986
51870	1.35985
51871	1.35984
51872	1.35984
51873	1.35983
51874	1.35982
51875	1.35982
51876	1.35981
51877	1.3598
51878	1.3598
51879	1.35979
51880	1.35979
51881	1.35978
51882	1.35977
51883	1.35977
51884	1.35976
51885	1.35976
51886	1.35975
51887	1.35974
51888	1.35974
51889	1.35973
51890	1.35973
51891	1.35972
51892	1.35972
51893	1.35971
51894	1.3597
51895	1.3597
51896	1.35969
51897	1.35969
51898	1.35968
51899	1.35968
51900	1.35967
51901	1.35967
51902	1.35966
51903	1.35966
51904	1.35965
51905	1.35965
51906	1.35964
51907	1.35964
51908	1.35963
51909	1.35963
51910	1.35962
51911	1.35962
51912	1.35961
51913	1.35961
51914	1.3596
51915	1.3596
51916	1.35959
51917	1.35959
51918	1.35958
51919	1.35958
51920	1.35957
51921	1.35957
51922	1.35956
51923	1.35956
51924	1.35955
51925	1.35955
51926	1.35954
51927	1.35954
51928	1.35953
51929	1.35953
51930	1.35953
51931	1.35952
51932	1.35952
51933	1.35951
51934	1.35951
51935	1.3595
51936	1.3595
51937	1.35949
51938	1.35949
51939	1.35948
51940	1.35948
51941	1.35947
51942	1.35947
51943	1.35947
51944	1.35946
51945	1.35946
51946	1.35945
51947	1.35945
51948	1.35944
51949	1.35944
51950	1.35943
51951	1.35943
51952	1.35942
51953	1.35942
51954	1.35942
51955	1.35941
51956	1.35941
51957	1.3594
51958	1.3594
51959	1.35939
51960	1.35939
51961	1.35938
51962	1.35938
51963	1.35937
51964	1.35937
51965	1.35936
51966	1.35936
51967	1.35935
51968	1.35935
51969	1.35934
51970	1.35934
51971	1.35933
51972	1.35933
51973	1.35932
51974	1.35932
51975	1.35931
51976	1.35931
51977	1.3593
51978	1.3593
51979	1.35929
51980	1.35929
51981	1.35928
51982	1.35928
51983	1.35927
51984	1.35927
51985	1.35926
51986	1.35926
51987	1.35925
51988	1.35924
51989	1.35924
51990	1.35923
51991	1.35923
51992	1.35922
51993	1.35922
51994	1.35921
51995	1.3592
51996	1.3592
51997	1.35919
51998	1.35919
51999	1.35918
52000	1.35917
52001	1.35917
52002	1.35916
52003	1.35916
52004	1.35915
52005	1.35914
52006	1.35914
52007	1.35913
52008	1.35912
52009	1.35912
52010	1.35911
52011	1.3591
52012	1.3591
52013	1.35909
52014	1.35908
52015	1.35908
52016	1.35907
52017	1.35906
52018	1.35906
52019	1.35905
52020	1.35904
52021	1.35903
52022	1.35903
52023	1.35902
52024	1.35901
52025	1.359
52026	1.359
52027	1.35899
52028	1.35898
52029	1.35897
52030	1.35897
52031	1.35896
52032	1.35895
52033	1.35894
52034	1.35893
52035	1.35892
52036	1.35892
52037	1.35891
52038	1.3589
52039	1.35889
52040	1.35888
52041	1.35887
52042	1.35886
52043	1.35886
52044	1.35885
52045	1.35884
52046	1.35883
52047	1.35882
52048	1.35881
52049	1.3588
52050	1.35879
52051	1.35878
52052	1.35877
52053	1.35876
52054	1.35875
52055	1.35874
52056	1.35873
52057	1.35872
52058	1.35871
52059	1.3587
52060	1.35869
52061	1.35868
52062	1.35867
52063	1.35866
52064	1.35865
52065	1.35864
52066	1.35863
52067	1.35862
52068	1.35861
52069	1.3586
52070	1.35859
52071	1.35857
52072	1.35856
52073	1.35855
52074	1.35854
52075	1.35853
52076	1.35852
52077	1.35851
52078	1.35849
52079	1.35848
52080	1.35847
52081	1.35846
52082	1.35845
52083	1.35843
52084	1.35842
52085	1.35841
52086	1.3584
52087	1.35838
52088	1.35837
52089	1.35836
52090	1.35835
52091	1.35833
52092	1.35832
52093	1.35831
52094	1.35829
52095	1.35828
52096	1.35827
52097	1.35825
52098	1.35824
52099	1.35823
52100	1.35821
52101	1.3582
52102	1.35818
52103	1.35817
52104	1.35816
52105	1.35814
52106	1.35813
52107	1.35811
52108	1.3581
52109	1.35808
52110	1.35807
52111	1.35805
52112	1.35804
52113	1.35803
52114	1.35801
52115	1.358
52116	1.35798
52117	1.35796
52118	1.35795
52119	1.35793
52120	1.35792
52121	1.3579
52122	1.35789
52123	1.35787
52124	1.35786
52125	1.35784
52126	1.35782
52127	1.35781
52128	1.35779
52129	1.35777
52130	1.35776
52131	1.35774
52132	1.35773
52133	1.35771
52134	1.35769
52135	1.35768
52136	1.35766
52137	1.35764
52138	1.35762
52139	1.35761
52140	1.35759
52141	1.35757
52142	1.35756
52143	1.35754
52144	1.35752
52145	1.3575
52146	1.35749
52147	1.35747
52148	1.35745
52149	1.35743
52150	1.35741
52151	1.3574
52152	1.35738
52153	1.35736
52154	1.35734
52155	1.35732
52156	1.3573
52157	1.35728
52158	1.35727
52159	1.35725
52160	1.35723
52161	1.35721
52162	1.35719
52163	1.35717
52164	1.35715
52165	1.35713
52166	1.35711
52167	1.35709
52168	1.35708
52169	1.35706
52170	1.35704
52171	1.35702
52172	1.357
52173	1.35698
52174	1.35696
52175	1.35694
52176	1.35692
52177	1.3569
52178	1.35688
52179	1.35686
52180	1.35684
52181	1.35682
52182	1.3568
52183	1.35677
52184	1.35675
52185	1.35673
52186	1.35671
52187	1.35669
52188	1.35667
52189	1.35665
52190	1.35663
52191	1.35661
52192	1.35659
52193	1.35657
52194	1.35654
52195	1.35652
52196	1.3565
52197	1.35648
52198	1.35646
52199	1.35644
52200	1.35641
52201	1.35639
52202	1.35637
52203	1.35635
52204	1.35633
52205	1.35631
52206	1.35628
52207	1.35626
52208	1.35624
52209	1.35622
52210	1.35619
52211	1.35617
52212	1.35615
52213	1.35613
52214	1.3561
52215	1.35608
52216	1.35606
52217	1.35604
52218	1.35601
52219	1.35599
52220	1.35597
52221	1.35595
52222	1.35592
52223	1.3559
52224	1.35588
52225	1.35585
52226	1.35583
52227	1.35581
52228	1.35578
52229	1.35576
52230	1.35574
52231	1.35571
52232	1.35569
52233	1.35567
52234	1.35564
52235	1.35562
52236	1.35559
52237	1.35557
52238	1.35555
52239	1.35552
52240	1.3555
52241	1.35547
52242	1.35545
52243	1.35543
52244	1.3554
52245	1.35538
52246	1.35535
52247	1.35533
52248	1.3553
52249	1.35528
52250	1.35526
52251	1.35523
52252	1.35521
52253	1.35518
52254	1.35516
52255	1.35513
52256	1.35511
52257	1.35508
52258	1.35506
52259	1.35503
52260	1.35501
52261	1.35498
52262	1.35496
52263	1.35493
52264	1.35491
52265	1.35488
52266	1.35486
52267	1.35483
52268	1.35481
52269	1.35478
52270	1.35476
52271	1.35473
52272	1.35471
52273	1.35468
52274	1.35465
52275	1.35463
52276	1.3546
52277	1.35458
52278	1.35455
52279	1.35453
52280	1.3545
52281	1.35447
52282	1.35445
52283	1.35442
52284	1.3544
52285	1.35437
52286	1.35435
52287	1.35432
52288	1.35429
52289	1.35427
52290	1.35424
52291	1.35421
52292	1.35419
52293	1.35416
52294	1.35414
52295	1.35411
52296	1.35408
52297	1.35406
52298	1.35403
52299	1.354
52300	1.35398
52301	1.35395
52302	1.35392
52303	1.3539
52304	1.35387
52305	1.35385
52306	1.35382
52307	1.35379
52308	1.35377
52309	1.35374
52310	1.35371
52311	1.35368
52312	1.35366
52313	1.35363
52314	1.3536
52315	1.35358
52316	1.35355
52317	1.35352
52318	1.3535
52319	1.35347
52320	1.35344
52321	1.35342
52322	1.35339
52323	1.35336
52324	1.35333
52325	1.35331
52326	1.35328
52327	1.35325
52328	1.35323
52329	1.3532
52330	1.35317
52331	1.35314
52332	1.35312
52333	1.35309
52334	1.35306
52335	1.35303
52336	1.35301
52337	1.35298
52338	1.35295
52339	1.35292
52340	1.3529
52341	1.35287
52342	1.35284
52343	1.35281
52344	1.35279
52345	1.35276
52346	1.35273
52347	1.3527
52348	1.35268
52349	1.35265
52350	1.35262
52351	1.35259
52352	1.35257
52353	1.35254
52354	1.35251
52355	1.35248
52356	1.35246
52357	1.35243
52358	1.3524
52359	1.35237
52360	1.35234
52361	1.35232
52362	1.35229
52363	1.35226
52364	1.35223
52365	1.35221
52366	1.35218
52367	1.35215
52368	1.35212
52369	1.35209
52370	1.35207
52371	1.35204
52372	1.35201
52373	1.35198
52374	1.35195
52375	1.35193
52376	1.3519
52377	1.35187
52378	1.35184
52379	1.35182
52380	1.35179
52381	1.35176
52382	1.35173
52383	1.3517
52384	1.35168
52385	1.35165
52386	1.35162
52387	1.35159
52388	1.35156
52389	1.35154
52390	1.35151
52391	1.35148
52392	1.35145
52393	1.35142
52394	1.3514
52395	1.35137
52396	1.35134
52397	1.35131
52398	1.35128
52399	1.35126
52400	1.35123
52401	1.3512
52402	1.35117
52403	1.35115
52404	1.35112
52405	1.35109
52406	1.35106
52407	1.35103
52408	1.35101
52409	1.35098
52410	1.35095
52411	1.35092
52412	1.35089
52413	1.35087
52414	1.35084
52415	1.35081
52416	1.35078
52417	1.35076
52418	1.35073
52419	1.3507
52420	1.35067
52421	1.35065
52422	1.35062
52423	1.35059
52424	1.35056
52425	1.35053
52426	1.35051
52427	1.35048
52428	1.35045
52429	1.35042
52430	1.3504
52431	1.35037
52432	1.35034
52433	1.35031
52434	1.35029
52435	1.35026
52436	1.35023
52437	1.3502
52438	1.35018
52439	1.35015
52440	1.35012
52441	1.3501
52442	1.35007
52443	1.35004
52444	1.35001
52445	1.34999
52446	1.34996
52447	1.34993
52448	1.34991
52449	1.34988
52450	1.34985
52451	1.34982
52452	1.3498
52453	1.34977
52454	1.34974
52455	1.34972
52456	1.34969
52457	1.34966
52458	1.34964
52459	1.34961
52460	1.34958
52461	1.34956
52462	1.34953
52463	1.3495
52464	1.34948
52465	1.34945
52466	1.34942
52467	1.3494
52468	1.34937
52469	1.34934
52470	1.34932
52471	1.34929
52472	1.34926
52473	1.34924
52474	1.34921
52475	1.34919
52476	1.34916
52477	1.34913
52478	1.34911
52479	1.34908
52480	1.34906
52481	1.34903
52482	1.349
52483	1.34898
52484	1.34895
52485	1.34893
52486	1.3489
52487	1.34887
52488	1.34885
52489	1.34882
52490	1.3488
52491	1.34877
52492	1.34875
52493	1.34872
52494	1.3487
52495	1.34867
52496	1.34865
52497	1.34862
52498	1.3486
52499	1.34857
52500	1.34855
52501	1.34852
52502	1.3485
52503	1.34847
52504	1.34845
52505	1.34842
52506	1.3484
52507	1.34837
52508	1.34835
52509	1.34832
52510	1.3483
52511	1.34827
52512	1.34825
52513	1.34822
52514	1.3482
52515	1.34818
52516	1.34815
52517	1.34813
52518	1.3481
52519	1.34808
52520	1.34806
52521	1.34803
52522	1.34801
52523	1.34798
52524	1.34796
52525	1.34794
52526	1.34791
52527	1.34789
52528	1.34787
52529	1.34784
52530	1.34782
52531	1.3478
52532	1.34777
52533	1.34775
52534	1.34773
52535	1.34771
52536	1.34768
52537	1.34766
52538	1.34764
52539	1.34761
52540	1.34759
52541	1.34757
52542	1.34755
52543	1.34752
52544	1.3475
52545	1.34748
52546	1.34746
52547	1.34744
52548	1.34741
52549	1.34739
52550	1.34737
52551	1.34735
52552	1.34733
52553	1.3473
52554	1.34728
52555	1.34726
52556	1.34724
52557	1.34722
52558	1.3472
52559	1.34718
52560	1.34716
52561	1.34713
52562	1.34711
52563	1.34709
52564	1.34707
52565	1.34705
52566	1.34703
52567	1.34701
52568	1.34699
52569	1.34697
52570	1.34695
52571	1.34693
52572	1.34691
52573	1.34689
52574	1.34687
52575	1.34685
52576	1.34683
52577	1.34681
52578	1.34679
52579	1.34677
52580	1.34675
52581	1.34673
52582	1.34671
52583	1.34669
52584	1.34667
52585	1.34665
52586	1.34663
52587	1.34662
52588	1.3466
52589	1.34658
52590	1.34656
52591	1.34654
52592	1.34652
52593	1.3465
52594	1.34649
52595	1.34647
52596	1.34645
52597	1.34643
52598	1.34641
52599	1.3464
52600	1.34638
52601	1.34636
52602	1.34634
52603	1.34633
52604	1.34631
52605	1.34629
52606	1.34627
52607	1.34626
52608	1.34624
52609	1.34622
52610	1.34621
52611	1.34619
52612	1.34617
52613	1.34616
52614	1.34614
52615	1.34612
52616	1.34611
52617	1.34609
52618	1.34608
52619	1.34606
52620	1.34604
52621	1.34603
52622	1.34601
52623	1.346
52624	1.34598
52625	1.34597
52626	1.34595
52627	1.34594
52628	1.34592
52629	1.34591
52630	1.34589
52631	1.34588
52632	1.34586
52633	1.34585
52634	1.34583
52635	1.34582
52636	1.3458
52637	1.34579
52638	1.34577
52639	1.34576
52640	1.34575
52641	1.34573
52642	1.34572
52643	1.34571
52644	1.34569
52645	1.34568
52646	1.34567
52647	1.34565
52648	1.34564
52649	1.34563
52650	1.34561
52651	1.3456
52652	1.34559
52653	1.34558
52654	1.34556
52655	1.34555
52656	1.34554
52657	1.34553
52658	1.34551
52659	1.3455
52660	1.34549
52661	1.34548
52662	1.34547
52663	1.34546
52664	1.34544
52665	1.34543
52666	1.34542
52667	1.34541
52668	1.3454
52669	1.34539
52670	1.34538
52671	1.34537
52672	1.34536
52673	1.34535
52674	1.34534
52675	1.34533
52676	1.34532
52677	1.34531
52678	1.3453
52679	1.34529
52680	1.34528
52681	1.34527
52682	1.34526
52683	1.34525
52684	1.34524
52685	1.34523
52686	1.34522
52687	1.34521
52688	1.3452
52689	1.34519
52690	1.34519
52691	1.34518
52692	1.34517
52693	1.34516
52694	1.34515
52695	1.34514
52696	1.34514
52697	1.34513
52698	1.34512
52699	1.34511
52700	1.3451
52701	1.3451
52702	1.34509
52703	1.34508
52704	1.34508
52705	1.34507
52706	1.34506
52707	1.34505
52708	1.34505
52709	1.34504
52710	1.34504
52711	1.34503
52712	1.34502
52713	1.34502
52714	1.34501
52715	1.345
52716	1.345
52717	1.34499
52718	1.34499
52719	1.34498
52720	1.34498
52721	1.34497
52722	1.34497
52723	1.34496
52724	1.34496
52725	1.34495
52726	1.34495
52727	1.34494
52728	1.34494
52729	1.34493
52730	1.34493
52731	1.34492
52732	1.34492
52733	1.34492
52734	1.34491
52735	1.34491
52736	1.3449
52737	1.3449
52738	1.3449
52739	1.34489
52740	1.34489
52741	1.34489
52742	1.34488
52743	1.34488
52744	1.34488
52745	1.34488
52746	1.34487
52747	1.34487
52748	1.34487
52749	1.34487
52750	1.34486
52751	1.34486
52752	1.34486
52753	1.34486
52754	1.34486
52755	1.34486
52756	1.34485
52757	1.34485
52758	1.34485
52759	1.34485
52760	1.34485
52761	1.34485
52762	1.34485
52763	1.34485
52764	1.34485
52765	1.34484
52766	1.34484
52767	1.34484
52768	1.34484
52769	1.34484
52770	1.34484
52771	1.34484
52772	1.34484
52773	1.34484
52774	1.34484
52775	1.34484
52776	1.34485
52777	1.34485
52778	1.34485
52779	1.34485
52780	1.34485
52781	1.34485
52782	1.34485
52783	1.34485
52784	1.34485
52785	1.34486
52786	1.34486
52787	1.34486
52788	1.34486
52789	1.34486
52790	1.34486
52791	1.34487
52792	1.34487
52793	1.34487
52794	1.34487
52795	1.34488
52796	1.34488
52797	1.34488
52798	1.34488
52799	1.34489
52800	1.34489
52801	1.34489
52802	1.3449
52803	1.3449
52804	1.3449
52805	1.34491
52806	1.34491
52807	1.34491
52808	1.34492
52809	1.34492
52810	1.34493
52811	1.34493
52812	1.34493
52813	1.34494
52814	1.34494
52815	1.34495
52816	1.34495
52817	1.34496
52818	1.34496
52819	1.34497
52820	1.34497
52821	1.34498
52822	1.34498
52823	1.34499
52824	1.34499
52825	1.345
52826	1.345
52827	1.34501
52828	1.34501
52829	1.34502
52830	1.34503
52831	1.34503
52832	1.34504
52833	1.34504
52834	1.34505
52835	1.34506
52836	1.34506
52837	1.34507
52838	1.34508
52839	1.34508
52840	1.34509
52841	1.3451
52842	1.3451
52843	1.34511
52844	1.34512
52845	1.34512
52846	1.34513
52847	1.34514
52848	1.34515
52849	1.34515
52850	1.34516
52851	1.34517
52852	1.34518
52853	1.34519
52854	1.34519
52855	1.3452
52856	1.34521
52857	1.34522
52858	1.34523
52859	1.34524
52860	1.34524
52861	1.34525
52862	1.34526
52863	1.34527
52864	1.34528
52865	1.34529
52866	1.3453
52867	1.34531
52868	1.34532
52869	1.34532
52870	1.34533
52871	1.34534
52872	1.34535
52873	1.34536
52874	1.34537
52875	1.34538
52876	1.34539
52877	1.3454
52878	1.34541
52879	1.34542
52880	1.34543
52881	1.34544
52882	1.34545
52883	1.34546
52884	1.34547
52885	1.34548
52886	1.34549
52887	1.34551
52888	1.34552
52889	1.34553
52890	1.34554
52891	1.34555
52892	1.34556
52893	1.34557
52894	1.34558
52895	1.34559
52896	1.3456
52897	1.34562
52898	1.34563
52899	1.34564
52900	1.34565
52901	1.34566
52902	1.34567
52903	1.34569
52904	1.3457
52905	1.34571
52906	1.34572
52907	1.34573
52908	1.34575
52909	1.34576
52910	1.34577
52911	1.34578
52912	1.3458
52913	1.34581
52914	1.34582
52915	1.34583
52916	1.34585
52917	1.34586
52918	1.34587
52919	1.34589
52920	1.3459
52921	1.34591
52922	1.34592
52923	1.34594
52924	1.34595
52925	1.34596
52926	1.34598
52927	1.34599
52928	1.346
52929	1.34602
52930	1.34603
52931	1.34604
52932	1.34606
52933	1.34607
52934	1.34609
52935	1.3461
52936	1.34611
52937	1.34613
52938	1.34614
52939	1.34616
52940	1.34617
52941	1.34618
52942	1.3462
52943	1.34621
52944	1.34623
52945	1.34624
52946	1.34626
52947	1.34627
52948	1.34629
52949	1.3463
52950	1.34632
52951	1.34633
52952	1.34634
52953	1.34636
52954	1.34637
52955	1.34639
52956	1.3464
52957	1.34642
52958	1.34643
52959	1.34645
52960	1.34647
52961	1.34648
52962	1.3465
52963	1.34651
52964	1.34653
52965	1.34654
52966	1.34656
52967	1.34657
52968	1.34659
52969	1.3466
52970	1.34662
52971	1.34664
52972	1.34665
52973	1.34667
52974	1.34668
52975	1.3467
52976	1.34672
52977	1.34673
52978	1.34675
52979	1.34676
52980	1.34678
52981	1.3468
52982	1.34681
52983	1.34683
52984	1.34684
52985	1.34686
52986	1.34688
52987	1.34689
52988	1.34691
52989	1.34693
52990	1.34694
52991	1.34696
52992	1.34698
52993	1.34699
52994	1.34701
52995	1.34703
52996	1.34704
52997	1.34706
52998	1.34708
52999	1.34709
53000	1.34711
53001	1.34713
53002	1.34714
53003	1.34716
53004	1.34718
53005	1.3472
53006	1.34721
53007	1.34723
53008	1.34725
53009	1.34726
53010	1.34728
53011	1.3473
53012	1.34732
53013	1.34733
53014	1.34735
53015	1.34737
53016	1.34739
53017	1.3474
53018	1.34742
53019	1.34744
53020	1.34746
53021	1.34747
53022	1.34749
53023	1.34751
53024	1.34753
53025	1.34754
53026	1.34756
53027	1.34758
53028	1.3476
53029	1.34761
53030	1.34763
53031	1.34765
53032	1.34767
53033	1.34769
53034	1.3477
53035	1.34772
53036	1.34774
53037	1.34776
53038	1.34778
53039	1.34779
53040	1.34781
53041	1.34783
53042	1.34785
53043	1.34787
53044	1.34788
53045	1.3479
53046	1.34792
53047	1.34794
53048	1.34796
53049	1.34798
53050	1.34799
53051	1.34801
53052	1.34803
53053	1.34805
53054	1.34807
53055	1.34808
53056	1.3481
53057	1.34812
53058	1.34814
53059	1.34816
53060	1.34818
53061	1.3482
53062	1.34821
53063	1.34823
53064	1.34825
53065	1.34827
53066	1.34829
53067	1.34831
53068	1.34832
53069	1.34834
53070	1.34836
53071	1.34838
53072	1.3484
53073	1.34842
53074	1.34844
53075	1.34846
53076	1.34847
53077	1.34849
53078	1.34851
53079	1.34853
53080	1.34855
53081	1.34857
53082	1.34859
53083	1.34861
53084	1.34862
53085	1.34864
53086	1.34866
53087	1.34868
53088	1.3487
53089	1.34872
53090	1.34874
53091	1.34876
53092	1.34877
53093	1.34879
53094	1.34881
53095	1.34883
53096	1.34885
53097	1.34887
53098	1.34889
53099	1.34891
53100	1.34893
53101	1.34894
53102	1.34896
53103	1.34898
53104	1.349
53105	1.34902
53106	1.34904
53107	1.34906
53108	1.34908
53109	1.3491
53110	1.34912
53111	1.34913
53112	1.34915
53113	1.34917
53114	1.34919
53115	1.34921
53116	1.34923
53117	1.34925
53118	1.34927
53119	1.34929
53120	1.34931
53121	1.34932
53122	1.34934
53123	1.34936
53124	1.34938
53125	1.3494
53126	1.34942
53127	1.34944
53128	1.34946
53129	1.34948
53130	1.3495
53131	1.34951
53132	1.34953
53133	1.34955
53134	1.34957
53135	1.34959
53136	1.34961
53137	1.34963
53138	1.34965
53139	1.34967
53140	1.34969
53141	1.34971
53142	1.34972
53143	1.34974
53144	1.34976
53145	1.34978
53146	1.3498
53147	1.34982
53148	1.34984
53149	1.34986
53150	1.34988
53151	1.3499
53152	1.34992
53153	1.34993
53154	1.34995
53155	1.34997
53156	1.34999
53157	1.35001
53158	1.35003
53159	1.35005
53160	1.35007
53161	1.35009
53162	1.35011
53163	1.35013
53164	1.35014
53165	1.35016
53166	1.35018
53167	1.3502
53168	1.35022
53169	1.35024
53170	1.35026
53171	1.35028
53172	1.3503
53173	1.35032
53174	1.35033
53175	1.35035
53176	1.35037
53177	1.35039
53178	1.35041
53179	1.35043
53180	1.35045
53181	1.35047
53182	1.35049
53183	1.35051
53184	1.35053
53185	1.35054
53186	1.35056
53187	1.35058
53188	1.3506
53189	1.35062
53190	1.35064
53191	1.35066
53192	1.35068
53193	1.3507
53194	1.35071
53195	1.35073
53196	1.35075
53197	1.35077
53198	1.35079
53199	1.35081
53200	1.35083
53201	1.35085
53202	1.35087
53203	1.35089
53204	1.3509
53205	1.35092
53206	1.35094
53207	1.35096
53208	1.35098
53209	1.351
53210	1.35102
53211	1.35104
53212	1.35106
53213	1.35107
53214	1.35109
53215	1.35111
53216	1.35113
53217	1.35115
53218	1.35117
53219	1.35119
53220	1.35121
53221	1.35123
53222	1.35124
53223	1.35126
53224	1.35128
53225	1.3513
53226	1.35132
53227	1.35134
53228	1.35136
53229	1.35138
53230	1.3514
53231	1.35141
53232	1.35143
53233	1.35145
53234	1.35147
53235	1.35149
53236	1.35151
53237	1.35153
53238	1.35155
53239	1.35156
53240	1.35158
53241	1.3516
53242	1.35162
53243	1.35164
53244	1.35166
53245	1.35168
53246	1.3517
53247	1.35172
53248	1.35173
53249	1.35175
53250	1.35177
53251	1.35179
53252	1.35181
53253	1.35183
53254	1.35185
53255	1.35187
53256	1.35188
53257	1.3519
53258	1.35192
53259	1.35194
53260	1.35196
53261	1.35198
53262	1.352
53263	1.35201
53264	1.35203
53265	1.35205
53266	1.35207
53267	1.35209
53268	1.35211
53269	1.35213
53270	1.35215
53271	1.35216
53272	1.35218
53273	1.3522
53274	1.35222
53275	1.35224
53276	1.35226
53277	1.35228
53278	1.3523
53279	1.35231
53280	1.35233
53281	1.35235
53282	1.35237
53283	1.35239
53284	1.35241
53285	1.35243
53286	1.35244
53287	1.35246
53288	1.35248
53289	1.3525
53290	1.35252
53291	1.35254
53292	1.35256
53293	1.35258
53294	1.35259
53295	1.35261
53296	1.35263
53297	1.35265
53298	1.35267
53299	1.35269
53300	1.35271
53301	1.35272
53302	1.35274
53303	1.35276
53304	1.35278
53305	1.3528
53306	1.35282
53307	1.35284
53308	1.35286
53309	1.35287
53310	1.35289
53311	1.35291
53312	1.35293
53313	1.35295
53314	1.35297
53315	1.35299
53316	1.353
53317	1.35302
53318	1.35304
53319	1.35306
53320	1.35308
53321	1.3531
53322	1.35312
53323	1.35314
53324	1.35315
53325	1.35317
53326	1.35319
53327	1.35321
53328	1.35323
53329	1.35325
53330	1.35327
53331	1.35328
53332	1.3533
53333	1.35332
53334	1.35334
53335	1.35336
53336	1.35338
53337	1.3534
53338	1.35342
53339	1.35343
53340	1.35345
53341	1.35347
53342	1.35349
53343	1.35351
53344	1.35353
53345	1.35355
53346	1.35357
53347	1.35358
53348	1.3536
53349	1.35362
53350	1.35364
53351	1.35366
53352	1.35368
53353	1.3537
53354	1.35372
53355	1.35374
53356	1.35375
53357	1.35377
53358	1.35379
53359	1.35381
53360	1.35383
53361	1.35385
53362	1.35387
53363	1.35389
53364	1.3539
53365	1.35392
53366	1.35394
53367	1.35396
53368	1.35398
53369	1.354
53370	1.35402
53371	1.35404
53372	1.35406
53373	1.35407
53374	1.35409
53375	1.35411
53376	1.35413
53377	1.35415
53378	1.35417
53379	1.35419
53380	1.35421
53381	1.35423
53382	1.35424
53383	1.35426
53384	1.35428
53385	1.3543
53386	1.35432
53387	1.35434
53388	1.35436
53389	1.35438
53390	1.3544
53391	1.35442
53392	1.35444
53393	1.35445
53394	1.35447
53395	1.35449
53396	1.35451
53397	1.35453
53398	1.35455
53399	1.35457
53400	1.35459
53401	1.35461
53402	1.35463
53403	1.35465
53404	1.35466
53405	1.35468
53406	1.3547
53407	1.35472
53408	1.35474
53409	1.35476
53410	1.35478
53411	1.3548
53412	1.35482
53413	1.35484
53414	1.35486
53415	1.35488
53416	1.3549
53417	1.35491
53418	1.35493
53419	1.35495
53420	1.35497
53421	1.35499
53422	1.35501
53423	1.35503
53424	1.35505
53425	1.35507
53426	1.35509
53427	1.35511
53428	1.35513
53429	1.35515
53430	1.35517
53431	1.35519
53432	1.3552
53433	1.35522
53434	1.35524
53435	1.35526
53436	1.35528
53437	1.3553
53438	1.35532
53439	1.35534
53440	1.35536
53441	1.35538
53442	1.3554
53443	1.35542
53444	1.35544
53445	1.35546
53446	1.35548
53447	1.3555
53448	1.35552
53449	1.35554
53450	1.35556
53451	1.35558
53452	1.3556
53453	1.35562
53454	1.35564
53455	1.35566
53456	1.35567
53457	1.35569
53458	1.35571
53459	1.35573
53460	1.35575
53461	1.35577
53462	1.35579
53463	1.35581
53464	1.35583
53465	1.35585
53466	1.35587
53467	1.35589
53468	1.35591
53469	1.35593
53470	1.35595
53471	1.35597
53472	1.35599
53473	1.35601
53474	1.35603
53475	1.35605
53476	1.35607
53477	1.35609
53478	1.35611
53479	1.35613
53480	1.35615
53481	1.35617
53482	1.35619
53483	1.35621
53484	1.35623
53485	1.35625
53486	1.35627
53487	1.35629
53488	1.35631
53489	1.35633
53490	1.35635
53491	1.35637
53492	1.35639
53493	1.35641
53494	1.35643
53495	1.35645
53496	1.35647
53497	1.35649
53498	1.35651
53499	1.35653
53500	1.35655
53501	1.35657
53502	1.35659
53503	1.35661
53504	1.35663
53505	1.35665
53506	1.35667
53507	1.35669
53508	1.35671
53509	1.35673
53510	1.35675
53511	1.35677
53512	1.3568
53513	1.35682
53514	1.35684
53515	1.35686
53516	1.35688
53517	1.3569
53518	1.35692
53519	1.35694
53520	1.35696
53521	1.35698
53522	1.357
53523	1.35702
53524	1.35704
53525	1.35706
53526	1.35708
53527	1.3571
53528	1.35712
53529	1.35714
53530	1.35716
53531	1.35718
53532	1.3572
53533	1.35722
53534	1.35724
53535	1.35726
53536	1.35728
53537	1.3573
53538	1.35732
53539	1.35735
53540	1.35737
53541	1.35739
53542	1.35741
53543	1.35743
53544	1.35745
53545	1.35747
53546	1.35749
53547	1.35751
53548	1.35753
53549	1.35755
53550	1.35757
53551	1.35759
53552	1.35761
53553	1.35763
53554	1.35765
53555	1.35767
53556	1.35769
53557	1.35771
53558	1.35773
53559	1.35775
53560	1.35778
53561	1.3578
53562	1.35782
53563	1.35784
53564	1.35786
53565	1.35788
53566	1.3579
53567	1.35792
53568	1.35794
53569	1.35796
53570	1.35798
53571	1.358
53572	1.35802
53573	1.35804
53574	1.35806
53575	1.35808
53576	1.3581
53577	1.35812
53578	1.35814
53579	1.35817
53580	1.35819
53581	1.35821
53582	1.35823
53583	1.35825
53584	1.35827
53585	1.35829
53586	1.35831
53587	1.35833
53588	1.35835
53589	1.35837
53590	1.35839
53591	1.35841
53592	1.35843
53593	1.35845
53594	1.35847
53595	1.35849
53596	1.35851
53597	1.35853
53598	1.35855
53599	1.35857
53600	1.3586
53601	1.35862
53602	1.35864
53603	1.35866
53604	1.35868
53605	1.3587
53606	1.35872
53607	1.35874
53608	1.35876
53609	1.35878
53610	1.3588
53611	1.35882
53612	1.35884
53613	1.35886
53614	1.35888
53615	1.3589
53616	1.35892
53617	1.35894
53618	1.35896
53619	1.35898
53620	1.359
53621	1.35902
53622	1.35904
53623	1.35906
53624	1.35908
53625	1.3591
53626	1.35912
53627	1.35914
53628	1.35916
53629	1.35918
53630	1.3592
53631	1.35922
53632	1.35924
53633	1.35926
53634	1.35928
53635	1.3593
53636	1.35932
53637	1.35934
53638	1.35936
53639	1.35938
53640	1.3594
53641	1.35942
53642	1.35944
53643	1.35946
53644	1.35948
53645	1.3595
53646	1.35952
53647	1.35954
53648	1.35956
53649	1.35958
53650	1.3596
53651	1.35962
53652	1.35964
53653	1.35966
53654	1.35968
53655	1.3597
53656	1.35972
53657	1.35974
53658	1.35976
53659	1.35978
53660	1.3598
53661	1.35981
53662	1.35983
53663	1.35985
53664	1.35987
53665	1.35989
53666	1.35991
53667	1.35993
53668	1.35995
53669	1.35997
53670	1.35999
53671	1.36001
53672	1.36003
53673	1.36005
53674	1.36006
53675	1.36008
53676	1.3601
53677	1.36012
53678	1.36014
53679	1.36016
53680	1.36018
53681	1.3602
53682	1.36022
53683	1.36023
53684	1.36025
53685	1.36027
53686	1.36029
53687	1.36031
53688	1.36033
53689	1.36035
53690	1.36037
53691	1.36038
53692	1.3604
53693	1.36042
53694	1.36044
53695	1.36046
53696	1.36048
53697	1.36049
53698	1.36051
53699	1.36053
53700	1.36055
53701	1.36057
53702	1.36058
53703	1.3606
53704	1.36062
53705	1.36064
53706	1.36066
53707	1.36067
53708	1.36069
53709	1.36071
53710	1.36073
53711	1.36075
53712	1.36076
53713	1.36078
53714	1.3608
53715	1.36082
53716	1.36083
53717	1.36085
53718	1.36087
53719	1.36089
53720	1.3609
53721	1.36092
53722	1.36094
53723	1.36095
53724	1.36097
53725	1.36099
53726	1.36101
53727	1.36102
53728	1.36104
53729	1.36106
53730	1.36107
53731	1.36109
53732	1.36111
53733	1.36112
53734	1.36114
53735	1.36116
53736	1.36117
53737	1.36119
53738	1.36121
53739	1.36122
53740	1.36124
53741	1.36126
53742	1.36127
53743	1.36129
53744	1.3613
53745	1.36132
53746	1.36134
53747	1.36135
53748	1.36137
53749	1.36138
53750	1.3614
53751	1.36142
53752	1.36143
53753	1.36145
53754	1.36146
53755	1.36148
53756	1.36149
53757	1.36151
53758	1.36153
53759	1.36154
53760	1.36156
53761	1.36157
53762	1.36159
53763	1.3616
53764	1.36162
53765	1.36163
53766	1.36165
53767	1.36166
53768	1.36168
53769	1.36169
53770	1.3617
53771	1.36172
53772	1.36173
53773	1.36175
53774	1.36176
53775	1.36178
53776	1.36179
53777	1.36181
53778	1.36182
53779	1.36183
53780	1.36185
53781	1.36186
53782	1.36188
53783	1.36189
53784	1.3619
53785	1.36192
53786	1.36193
53787	1.36194
53788	1.36196
53789	1.36197
53790	1.36199
53791	1.362
53792	1.36201
53793	1.36203
53794	1.36204
53795	1.36205
53796	1.36206
53797	1.36208
53798	1.36209
53799	1.3621
53800	1.36212
53801	1.36213
53802	1.36214
53803	1.36215
53804	1.36217
53805	1.36218
53806	1.36219
53807	1.3622
53808	1.36221
53809	1.36223
53810	1.36224
53811	1.36225
53812	1.36226
53813	1.36227
53814	1.36229
53815	1.3623
53816	1.36231
53817	1.36232
53818	1.36233
53819	1.36234
53820	1.36236
53821	1.36237
53822	1.36238
53823	1.36239
53824	1.3624
53825	1.36241
53826	1.36242
53827	1.36243
53828	1.36244
53829	1.36245
53830	1.36246
53831	1.36247
53832	1.36248
53833	1.3625
53834	1.36251
53835	1.36252
53836	1.36253
53837	1.36254
53838	1.36255
53839	1.36256
53840	1.36257
53841	1.36258
53842	1.36258
53843	1.36259
53844	1.3626
53845	1.36261
53846	1.36262
53847	1.36263
53848	1.36264
53849	1.36265
53850	1.36266
53851	1.36267
53852	1.36268
53853	1.36269
53854	1.36269
53855	1.3627
53856	1.36271
53857	1.36272
53858	1.36273
53859	1.36274
53860	1.36274
53861	1.36275
53862	1.36276
53863	1.36277
53864	1.36278
53865	1.36278
53866	1.36279
53867	1.3628
53868	1.36281
53869	1.36281
53870	1.36282
53871	1.36283
53872	1.36284
53873	1.36284
53874	1.36285
53875	1.36286
53876	1.36286
53877	1.36287
53878	1.36288
53879	1.36288
53880	1.36289
53881	1.3629
53882	1.3629
53883	1.36291
53884	1.36292
53885	1.36292
53886	1.36293
53887	1.36293
53888	1.36294
53889	1.36295
53890	1.36295
53891	1.36296
53892	1.36296
53893	1.36297
53894	1.36297
53895	1.36298
53896	1.36298
53897	1.36299
53898	1.36299
53899	1.363
53900	1.363
53901	1.36301
53902	1.36301
53903	1.36302
53904	1.36302
53905	1.36303
53906	1.36303
53907	1.36304
53908	1.36304
53909	1.36304
53910	1.36305
53911	1.36305
53912	1.36306
53913	1.36306
53914	1.36306
53915	1.36307
53916	1.36307
53917	1.36307
53918	1.36308
53919	1.36308
53920	1.36308
53921	1.36309
53922	1.36309
53923	1.36309
53924	1.3631
53925	1.3631
53926	1.3631
53927	1.3631
53928	1.36311
53929	1.36311
53930	1.36311
53931	1.36311
53932	1.36312
53933	1.36312
53934	1.36312
53935	1.36312
53936	1.36313
53937	1.36313
53938	1.36313
53939	1.36313
53940	1.36313
53941	1.36313
53942	1.36313
53943	1.36314
53944	1.36314
53945	1.36314
53946	1.36314
53947	1.36314
53948	1.36314
53949	1.36314
53950	1.36314
53951	1.36314
53952	1.36315
53953	1.36315
53954	1.36315
53955	1.36315
53956	1.36315
53957	1.36315
53958	1.36315
53959	1.36315
53960	1.36315
53961	1.36315
53962	1.36315
53963	1.36315
53964	1.36315
53965	1.36315
53966	1.36315
53967	1.36315
53968	1.36315
53969	1.36315
53970	1.36314
53971	1.36314
53972	1.36314
53973	1.36314
53974	1.36314
53975	1.36314
53976	1.36314
53977	1.36314
53978	1.36314
53979	1.36314
53980	1.36313
53981	1.36313
53982	1.36313
53983	1.36313
53984	1.36313
53985	1.36313
53986	1.36312
53987	1.36312
53988	1.36312
53989	1.36312
53990	1.36312
53991	1.36312
53992	1.36311
53993	1.36311
53994	1.36311
53995	1.36311
53996	1.3631
53997	1.3631
53998	1.3631
53999	1.3631
54000	1.36309
54001	1.36309
54002	1.36309
54003	1.36309
54004	1.36308
54005	1.36308
54006	1.36308
54007	1.36307
54008	1.36307
54009	1.36307
54010	1.36307
54011	1.36306
54012	1.36306
54013	1.36306
54014	1.36305
54015	1.36305
54016	1.36305
54017	1.36304
54018	1.36304
54019	1.36303
54020	1.36303
54021	1.36303
54022	1.36302
54023	1.36302
54024	1.36302
54025	1.36301
54026	1.36301
54027	1.363
54028	1.363
54029	1.363
54030	1.36299
54031	1.36299
54032	1.36298
54033	1.36298
54034	1.36298
54035	1.36297
54036	1.36297
54037	1.36296
54038	1.36296
54039	1.36295
54040	1.36295
54041	1.36294
54042	1.36294
54043	1.36294
54044	1.36293
54045	1.36293
54046	1.36292
54047	1.36292
54048	1.36291
54049	1.36291
54050	1.3629
54051	1.3629
54052	1.36289
54053	1.36289
54054	1.36288
54055	1.36288
54056	1.36287
54057	1.36287
54058	1.36286
54059	1.36286
54060	1.36285
54061	1.36285
54062	1.36284
54063	1.36284
54064	1.36283
54065	1.36283
54066	1.36282
54067	1.36282
54068	1.36281
54069	1.36281
54070	1.3628
54071	1.3628
54072	1.36279
54073	1.36279
54074	1.36278
54075	1.36278
54076	1.36277
54077	1.36276
54078	1.36276
54079	1.36275
54080	1.36275
54081	1.36274
54082	1.36274
54083	1.36273
54084	1.36273
54085	1.36272
54086	1.36272
54087	1.36271
54088	1.36271
54089	1.3627
54090	1.36269
54091	1.36269
54092	1.36268
54093	1.36268
54094	1.36267
54095	1.36267
54096	1.36266
54097	1.36266
54098	1.36265
54099	1.36264
54100	1.36264
54101	1.36263
54102	1.36263
54103	1.36262
54104	1.36262
54105	1.36261
54106	1.36261
54107	1.3626
54108	1.3626
54109	1.36259
54110	1.36258
54111	1.36258
54112	1.36257
54113	1.36257
54114	1.36256
54115	1.36256
54116	1.36255
54117	1.36255
54118	1.36254
54119	1.36254
54120	1.36253
54121	1.36252
54122	1.36252
54123	1.36251
54124	1.36251
54125	1.3625
54126	1.3625
54127	1.36249
54128	1.36249
54129	1.36248
54130	1.36248
54131	1.36247
54132	1.36247
54133	1.36246
54134	1.36246
54135	1.36245
54136	1.36245
54137	1.36244
54138	1.36244
54139	1.36243
54140	1.36243
54141	1.36242
54142	1.36242
54143	1.36241
54144	1.36241
54145	1.3624
54146	1.3624
54147	1.36239
54148	1.36239
54149	1.36238
54150	1.36238
54151	1.36237
54152	1.36237
54153	1.36236
54154	1.36236
54155	1.36235
54156	1.36235
54157	1.36234
54158	1.36234
54159	1.36233
54160	1.36233
54161	1.36232
54162	1.36232
54163	1.36232
54164	1.36231
54165	1.36231
54166	1.3623
54167	1.3623
54168	1.36229
54169	1.36229
54170	1.36228
54171	1.36228
54172	1.36228
54173	1.36227
54174	1.36227
54175	1.36226
54176	1.36226
54177	1.36225
54178	1.36225
54179	1.36225
54180	1.36224
54181	1.36224
54182	1.36223
54183	1.36223
54184	1.36223
54185	1.36222
54186	1.36222
54187	1.36222
54188	1.36221
54189	1.36221
54190	1.3622
54191	1.3622
54192	1.3622
54193	1.36219
54194	1.36219
54195	1.36219
54196	1.36218
54197	1.36218
54198	1.36218
54199	1.36217
54200	1.36217
54201	1.36217
54202	1.36216
54203	1.36216
54204	1.36216
54205	1.36215
54206	1.36215
54207	1.36215
54208	1.36215
54209	1.36214
54210	1.36214
54211	1.36214
54212	1.36213
54213	1.36213
54214	1.36213
54215	1.36213
54216	1.36212
54217	1.36212
54218	1.36212
54219	1.36211
54220	1.36211
54221	1.36211
54222	1.36211
54223	1.36211
54224	1.3621
54225	1.3621
54226	1.3621
54227	1.3621
54228	1.36209
54229	1.36209
54230	1.36209
54231	1.36209
54232	1.36209
54233	1.36208
54234	1.36208
54235	1.36208
54236	1.36208
54237	1.36208
54238	1.36207
54239	1.36207
54240	1.36207
54241	1.36207
54242	1.36207
54243	1.36207
54244	1.36206
54245	1.36206
54246	1.36206
54247	1.36206
54248	1.36206
54249	1.36206
54250	1.36206
54251	1.36205
54252	1.36205
54253	1.36205
54254	1.36205
54255	1.36205
54256	1.36205
54257	1.36205
54258	1.36205
54259	1.36205
54260	1.36205
54261	1.36204
54262	1.36204
54263	1.36204
54264	1.36204
54265	1.36204
54266	1.36204
54267	1.36204
54268	1.36204
54269	1.36204
54270	1.36204
54271	1.36204
54272	1.36204
54273	1.36204
54274	1.36204
54275	1.36204
54276	1.36204
54277	1.36204
54278	1.36204
54279	1.36204
54280	1.36204
54281	1.36204
54282	1.36204
54283	1.36204
54284	1.36204
54285	1.36204
54286	1.36204
54287	1.36204
54288	1.36204
54289	1.36204
54290	1.36204
54291	1.36204
54292	1.36204
54293	1.36204
54294	1.36204
54295	1.36204
54296	1.36204
54297	1.36204
54298	1.36204
54299	1.36204
54300	1.36205
54301	1.36205
54302	1.36205
54303	1.36205
54304	1.36205
54305	1.36205
54306	1.36205
54307	1.36205
54308	1.36205
54309	1.36205
54310	1.36206
54311	1.36206
54312	1.36206
54313	1.36206
54314	1.36206
54315	1.36206
54316	1.36206
54317	1.36207
54318	1.36207
54319	1.36207
54320	1.36207
54321	1.36207
54322	1.36207
54323	1.36208
54324	1.36208
54325	1.36208
54326	1.36208
54327	1.36208
54328	1.36208
54329	1.36209
54330	1.36209
54331	1.36209
54332	1.36209
54333	1.36209
54334	1.3621
54335	1.3621
54336	1.3621
54337	1.3621
54338	1.36211
54339	1.36211
54340	1.36211
54341	1.36211
54342	1.36212
54343	1.36212
54344	1.36212
54345	1.36212
54346	1.36213
54347	1.36213
54348	1.36213
54349	1.36213
54350	1.36214
54351	1.36214
54352	1.36214
54353	1.36215
54354	1.36215
54355	1.36215
54356	1.36215
54357	1.36216
54358	1.36216
54359	1.36216
54360	1.36217
54361	1.36217
54362	1.36217
54363	1.36218
54364	1.36218
54365	1.36218
54366	1.36219
54367	1.36219
54368	1.36219
54369	1.3622
54370	1.3622
54371	1.3622
54372	1.36221
54373	1.36221
54374	1.36222
54375	1.36222
54376	1.36222
54377	1.36223
54378	1.36223
54379	1.36223
54380	1.36224
54381	1.36224
54382	1.36225
54383	1.36225
54384	1.36225
54385	1.36226
54386	1.36226
54387	1.36227
54388	1.36227
54389	1.36228
54390	1.36228
54391	1.36228
54392	1.36229
54393	1.36229
54394	1.3623
54395	1.3623
54396	1.36231
54397	1.36231
54398	1.36231
54399	1.36232
54400	1.36232
54401	1.36233
54402	1.36233
54403	1.36234
54404	1.36234
54405	1.36235
54406	1.36235
54407	1.36236
54408	1.36236
54409	1.36237
54410	1.36237
54411	1.36238
54412	1.36238
54413	1.36239
54414	1.36239
54415	1.3624
54416	1.3624
54417	1.36241
54418	1.36241
54419	1.36242
54420	1.36242
54421	1.36243
54422	1.36243
54423	1.36244
54424	1.36244
54425	1.36245
54426	1.36246
54427	1.36246
54428	1.36247
54429	1.36247
54430	1.36248
54431	1.36248
54432	1.36249
54433	1.36249
54434	1.3625
54435	1.36251
54436	1.36251
54437	1.36252
54438	1.36252
54439	1.36253
54440	1.36253
54441	1.36254
54442	1.36255
54443	1.36255
54444	1.36256
54445	1.36256
54446	1.36257
54447	1.36258
54448	1.36258
54449	1.36259
54450	1.3626
54451	1.3626
54452	1.36261
54453	1.36261
54454	1.36262
54455	1.36263
54456	1.36263
54457	1.36264
54458	1.36265
54459	1.36265
54460	1.36266
54461	1.36266
54462	1.36267
54463	1.36268
54464	1.36268
54465	1.36269
54466	1.3627
54467	1.3627
54468	1.36271
54469	1.36272
54470	1.36272
54471	1.36273
54472	1.36274
54473	1.36274
54474	1.36275
54475	1.36276
54476	1.36276
54477	1.36277
54478	1.36278
54479	1.36278
54480	1.36279
54481	1.3628
54482	1.3628
54483	1.36281
54484	1.36282
54485	1.36282
54486	1.36283
54487	1.36284
54488	1.36285
54489	1.36285
54490	1.36286
54491	1.36287
54492	1.36287
54493	1.36288
54494	1.36289
54495	1.36289
54496	1.3629
54497	1.36291
54498	1.36292
54499	1.36292
54500	1.36293
54501	1.36294
54502	1.36294
54503	1.36295
54504	1.36296
54505	1.36297
54506	1.36297
54507	1.36298
54508	1.36299
54509	1.36299
54510	1.363
54511	1.36301
54512	1.36302
54513	1.36302
54514	1.36303
54515	1.36304
54516	1.36305
54517	1.36305
54518	1.36306
54519	1.36307
54520	1.36307
54521	1.36308
54522	1.36309
54523	1.3631
54524	1.3631
54525	1.36311
54526	1.36312
54527	1.36313
54528	1.36313
54529	1.36314
54530	1.36315
54531	1.36315
54532	1.36316
54533	1.36317
54534	1.36318
54535	1.36318
54536	1.36319
54537	1.3632
54538	1.36321
54539	1.36321
54540	1.36322
54541	1.36323
54542	1.36324
54543	1.36324
54544	1.36325
54545	1.36326
54546	1.36326
54547	1.36327
54548	1.36328
54549	1.36329
54550	1.36329
54551	1.3633
54552	1.36331
54553	1.36332
54554	1.36332
54555	1.36333
54556	1.36334
54557	1.36334
54558	1.36335
54559	1.36336
54560	1.36337
54561	1.36337
54562	1.36338
54563	1.36339
54564	1.3634
54565	1.3634
54566	1.36341
54567	1.36342
54568	1.36342
54569	1.36343
54570	1.36344
54571	1.36345
54572	1.36345
54573	1.36346
54574	1.36347
54575	1.36347
54576	1.36348
54577	1.36349
54578	1.36349
54579	1.3635
54580	1.36351
54581	1.36351
54582	1.36352
54583	1.36353
54584	1.36354
54585	1.36354
54586	1.36355
54587	1.36356
54588	1.36356
54589	1.36357
54590	1.36358
54591	1.36358
54592	1.36359
54593	1.3636
54594	1.3636
54595	1.36361
54596	1.36362
54597	1.36362
54598	1.36363
54599	1.36364
54600	1.36364
54601	1.36365
54602	1.36366
54603	1.36366
54604	1.36367
54605	1.36367
54606	1.36368
54607	1.36369
54608	1.36369
54609	1.3637
54610	1.36371
54611	1.36371
54612	1.36372
54613	1.36372
54614	1.36373
54615	1.36374
54616	1.36374
54617	1.36375
54618	1.36375
54619	1.36376
54620	1.36377
54621	1.36377
54622	1.36378
54623	1.36378
54624	1.36379
54625	1.36379
54626	1.3638
54627	1.36381
54628	1.36381
54629	1.36382
54630	1.36382
54631	1.36383
54632	1.36383
54633	1.36384
54634	1.36384
54635	1.36385
54636	1.36385
54637	1.36386
54638	1.36387
54639	1.36387
54640	1.36388
54641	1.36388
54642	1.36389
54643	1.36389
54644	1.3639
54645	1.3639
54646	1.36391
54647	1.36391
54648	1.36391
54649	1.36392
54650	1.36392
54651	1.36393
54652	1.36393
54653	1.36394
54654	1.36394
54655	1.36395
54656	1.36395
54657	1.36396
54658	1.36396
54659	1.36396
54660	1.36397
54661	1.36397
54662	1.36398
54663	1.36398
54664	1.36398
54665	1.36399
54666	1.36399
54667	1.364
54668	1.364
54669	1.364
54670	1.36401
54671	1.36401
54672	1.36401
54673	1.36402
54674	1.36402
54675	1.36402
54676	1.36403
54677	1.36403
54678	1.36403
54679	1.36404
54680	1.36404
54681	1.36404
54682	1.36405
54683	1.36405
54684	1.36405
54685	1.36406
54686	1.36406
54687	1.36406
54688	1.36406
54689	1.36407
54690	1.36407
54691	1.36407
54692	1.36407
54693	1.36408
54694	1.36408
54695	1.36408
54696	1.36408
54697	1.36408
54698	1.36409
54699	1.36409
54700	1.36409
54701	1.36409
54702	1.36409
54703	1.3641
54704	1.3641
54705	1.3641
54706	1.3641
54707	1.3641
54708	1.3641
54709	1.36411
54710	1.36411
54711	1.36411
54712	1.36411
54713	1.36411
54714	1.36411
54715	1.36411
54716	1.36411
54717	1.36411
54718	1.36411
54719	1.36411
54720	1.36412
54721	1.36412
54722	1.36412
54723	1.36412
54724	1.36412
54725	1.36412
54726	1.36412
54727	1.36412
54728	1.36412
54729	1.36412
54730	1.36412
54731	1.36412
54732	1.36412
54733	1.36412
54734	1.36412
54735	1.36412
54736	1.36411
54737	1.36411
54738	1.36411
54739	1.36411
54740	1.36411
54741	1.36411
54742	1.36411
54743	1.36411
54744	1.36411
54745	1.36411
54746	1.3641
54747	1.3641
54748	1.3641
54749	1.3641
54750	1.3641
54751	1.3641
54752	1.3641
54753	1.36409
54754	1.36409
54755	1.36409
54756	1.36409
54757	1.36409
54758	1.36408
54759	1.36408
54760	1.36408
54761	1.36408
54762	1.36407
54763	1.36407
54764	1.36407
54765	1.36406
54766	1.36406
54767	1.36406
54768	1.36406
54769	1.36405
54770	1.36405
54771	1.36405
54772	1.36404
54773	1.36404
54774	1.36404
54775	1.36403
54776	1.36403
54777	1.36402
54778	1.36402
54779	1.36402
54780	1.36401
54781	1.36401
54782	1.364
54783	1.364
54784	1.364
54785	1.36399
54786	1.36399
54787	1.36398
54788	1.36398
54789	1.36397
54790	1.36397
54791	1.36396
54792	1.36396
54793	1.36395
54794	1.36395
54795	1.36394
54796	1.36394
54797	1.36393
54798	1.36393
54799	1.36392
54800	1.36392
54801	1.36391
54802	1.3639
54803	1.3639
54804	1.36389
54805	1.36389
54806	1.36388
54807	1.36387
54808	1.36387
54809	1.36386
54810	1.36385
54811	1.36385
54812	1.36384
54813	1.36383
54814	1.36383
54815	1.36382
54816	1.36381
54817	1.3638
54818	1.3638
54819	1.36379
54820	1.36378
54821	1.36378
54822	1.36377
54823	1.36376
54824	1.36375
54825	1.36374
54826	1.36374
54827	1.36373
54828	1.36372
54829	1.36371
54830	1.3637
54831	1.3637
54832	1.36369
54833	1.36368
54834	1.36367
54835	1.36366
54836	1.36365
54837	1.36364
54838	1.36363
54839	1.36362
54840	1.36362
54841	1.36361
54842	1.3636
54843	1.36359
54844	1.36358
54845	1.36357
54846	1.36356
54847	1.36355
54848	1.36354
54849	1.36353
54850	1.36352
54851	1.36351
54852	1.3635
54853	1.36349
54854	1.36348
54855	1.36347
54856	1.36346
54857	1.36345
54858	1.36344
54859	1.36342
54860	1.36341
54861	1.3634
54862	1.36339
54863	1.36338
54864	1.36337
54865	1.36336
54866	1.36335
54867	1.36333
54868	1.36332
54869	1.36331
54870	1.3633
54871	1.36329
54872	1.36328
54873	1.36326
54874	1.36325
54875	1.36324
54876	1.36323
54877	1.36321
54878	1.3632
54879	1.36319
54880	1.36318
54881	1.36316
54882	1.36315
54883	1.36314
54884	1.36312
54885	1.36311
54886	1.3631
54887	1.36309
54888	1.36307
54889	1.36306
54890	1.36304
54891	1.36303
54892	1.36302
54893	1.363
54894	1.36299
54895	1.36298
54896	1.36296
54897	1.36295
54898	1.36293
54899	1.36292
54900	1.3629
54901	1.36289
54902	1.36288
54903	1.36286
54904	1.36285
54905	1.36283
54906	1.36282
54907	1.3628
54908	1.36279
54909	1.36277
54910	1.36276
54911	1.36274
54912	1.36273
54913	1.36271
54914	1.36269
54915	1.36268
54916	1.36266
54917	1.36265
54918	1.36263
54919	1.36262
54920	1.3626
54921	1.36258
54922	1.36257
54923	1.36255
54924	1.36253
54925	1.36252
54926	1.3625
54927	1.36248
54928	1.36247
54929	1.36245
54930	1.36243
54931	1.36242
54932	1.3624
54933	1.36238
54934	1.36237
54935	1.36235
54936	1.36233
54937	1.36231
54938	1.3623
54939	1.36228
54940	1.36226
54941	1.36224
54942	1.36223
54943	1.36221
54944	1.36219
54945	1.36217
54946	1.36215
54947	1.36214
54948	1.36212
54949	1.3621
54950	1.36208
54951	1.36206
54952	1.36204
54953	1.36203
54954	1.36201
54955	1.36199
54956	1.36197
54957	1.36195
54958	1.36193
54959	1.36191
54960	1.36189
54961	1.36187
54962	1.36185
54963	1.36184
54964	1.36182
54965	1.3618
54966	1.36178
54967	1.36176
54968	1.36174
54969	1.36172
54970	1.3617
54971	1.36168
54972	1.36166
54973	1.36164
54974	1.36162
54975	1.3616
54976	1.36158
54977	1.36156
54978	1.36154
54979	1.36152
54980	1.3615
54981	1.36147
54982	1.36145
54983	1.36143
54984	1.36141
54985	1.36139
54986	1.36137
54987	1.36135
54988	1.36133
54989	1.36131
54990	1.36129
54991	1.36126
54992	1.36124
54993	1.36122
54994	1.3612
54995	1.36118
54996	1.36116
54997	1.36114
54998	1.36111
54999	1.36109
55000	1.36107
55001	1.36105
55002	1.36103
55003	1.361
55004	1.36098
55005	1.36096
55006	1.36094
55007	1.36092
55008	1.36089
55009	1.36087
55010	1.36085
55011	1.36083
55012	1.3608
55013	1.36078
55014	1.36076
55015	1.36073
55016	1.36071
55017	1.36069
55018	1.36067
55019	1.36064
55020	1.36062
55021	1.3606
55022	1.36057
55023	1.36055
55024	1.36053
55025	1.3605
55026	1.36048
55027	1.36046
55028	1.36043
55029	1.36041
55030	1.36039
55031	1.36036
55032	1.36034
55033	1.36032
55034	1.36029
55035	1.36027
55036	1.36024
55037	1.36022
55038	1.3602
55039	1.36017
55040	1.36015
55041	1.36012
55042	1.3601
55043	1.36007
55044	1.36005
55045	1.36003
55046	1.36
55047	1.35998
55048	1.35995
55049	1.35993
55050	1.3599
55051	1.35988
55052	1.35985
55053	1.35983
55054	1.3598
55055	1.35978
55056	1.35975
55057	1.35973
55058	1.3597
55059	1.35968
55060	1.35965
55061	1.35963
55062	1.3596
55063	1.35958
55064	1.35955
55065	1.35953
55066	1.3595
55067	1.35948
55068	1.35945
55069	1.35943
55070	1.3594
55071	1.35938
55072	1.35935
55073	1.35932
55074	1.3593
55075	1.35927
55076	1.35925
55077	1.35922
55078	1.3592
55079	1.35917
55080	1.35914
55081	1.35912
55082	1.35909
55083	1.35907
55084	1.35904
55085	1.35901
55086	1.35899
55087	1.35896
55088	1.35894
55089	1.35891
55090	1.35888
55091	1.35886
55092	1.35883
55093	1.3588
55094	1.35878
55095	1.35875
55096	1.35873
55097	1.3587
55098	1.35867
55099	1.35865
55100	1.35862
55101	1.35859
55102	1.35857
55103	1.35854
55104	1.35851
55105	1.35849
55106	1.35846
55107	1.35843
55108	1.35841
55109	1.35838
55110	1.35835
55111	1.35833
55112	1.3583
55113	1.35827
55114	1.35824
55115	1.35822
55116	1.35819
55117	1.35816
55118	1.35814
55119	1.35811
55120	1.35808
55121	1.35806
55122	1.35803
55123	1.358
55124	1.35797
55125	1.35795
55126	1.35792
55127	1.35789
55128	1.35786
55129	1.35784
55130	1.35781
55131	1.35778
55132	1.35776
55133	1.35773
55134	1.3577
55135	1.35767
55136	1.35765
55137	1.35762
55138	1.35759
55139	1.35756
55140	1.35754
55141	1.35751
55142	1.35748
55143	1.35745
55144	1.35743
55145	1.3574
55146	1.35737
55147	1.35734
55148	1.35732
55149	1.35729
55150	1.35726
55151	1.35723
55152	1.3572
55153	1.35718
55154	1.35715
55155	1.35712
55156	1.35709
55157	1.35707
55158	1.35704
55159	1.35701
55160	1.35698
55161	1.35695
55162	1.35693
55163	1.3569
55164	1.35687
55165	1.35684
55166	1.35682
55167	1.35679
55168	1.35676
55169	1.35673
55170	1.3567
55171	1.35668
55172	1.35665
55173	1.35662
55174	1.35659
55175	1.35656
55176	1.35654
55177	1.35651
55178	1.35648
55179	1.35645
55180	1.35642
55181	1.3564
55182	1.35637
55183	1.35634
55184	1.35631
55185	1.35628
55186	1.35626
55187	1.35623
55188	1.3562
55189	1.35617
55190	1.35614
55191	1.35612
55192	1.35609
55193	1.35606
55194	1.35603
55195	1.356
55196	1.35598
55197	1.35595
55198	1.35592
55199	1.35589
55200	1.35586
55201	1.35584
55202	1.35581
55203	1.35578
55204	1.35575
55205	1.35572
55206	1.3557
55207	1.35567
55208	1.35564
55209	1.35561
55210	1.35558
55211	1.35556
55212	1.35553
55213	1.3555
55214	1.35547
55215	1.35544
55216	1.35542
55217	1.35539
55218	1.35536
55219	1.35533
55220	1.35531
55221	1.35528
55222	1.35525
55223	1.35522
55224	1.35519
55225	1.35517
55226	1.35514
55227	1.35511
55228	1.35508
55229	1.35505
55230	1.35503
55231	1.355
55232	1.35497
55233	1.35494
55234	1.35491
55235	1.35489
55236	1.35486
55237	1.35483
55238	1.3548
55239	1.35478
55240	1.35475
55241	1.35472
55242	1.35469
55243	1.35466
55244	1.35464
55245	1.35461
55246	1.35458
55247	1.35455
55248	1.35453
55249	1.3545
55250	1.35447
55251	1.35444
55252	1.35442
55253	1.35439
55254	1.35436
55255	1.35433
55256	1.3543
55257	1.35428
55258	1.35425
55259	1.35422
55260	1.35419
55261	1.35417
55262	1.35414
55263	1.35411
55264	1.35408
55265	1.35406
55266	1.35403
55267	1.354
55268	1.35397
55269	1.35395
55270	1.35392
55271	1.35389
55272	1.35386
55273	1.35384
55274	1.35381
55275	1.35378
55276	1.35376
55277	1.35373
55278	1.3537
55279	1.35367
55280	1.35365
55281	1.35362
55282	1.35359
55283	1.35356
55284	1.35354
55285	1.35351
55286	1.35348
55287	1.35346
55288	1.35343
55289	1.3534
55290	1.35337
55291	1.35335
55292	1.35332
55293	1.35329
55294	1.35327
55295	1.35324
55296	1.35321
55297	1.35319
55298	1.35316
55299	1.35313
55300	1.35311
55301	1.35308
55302	1.35305
55303	1.35302
55304	1.353
55305	1.35297
55306	1.35294
55307	1.35292
55308	1.35289
55309	1.35286
55310	1.35284
55311	1.35281
55312	1.35278
55313	1.35276
55314	1.35273
55315	1.3527
55316	1.35268
55317	1.35265
55318	1.35263
55319	1.3526
55320	1.35257
55321	1.35255
55322	1.35252
55323	1.35249
55324	1.35247
55325	1.35244
55326	1.35241
55327	1.35239
55328	1.35236
55329	1.35234
55330	1.35231
55331	1.35228
55332	1.35226
55333	1.35223
55334	1.3522
55335	1.35218
55336	1.35215
55337	1.35213
55338	1.3521
55339	1.35207
55340	1.35205
55341	1.35202
55342	1.352
55343	1.35197
55344	1.35194
55345	1.35192
55346	1.35189
55347	1.35187
55348	1.35184
55349	1.35181
55350	1.35179
55351	1.35176
55352	1.35174
55353	1.35171
55354	1.35169
55355	1.35166
55356	1.35164
55357	1.35161
55358	1.35158
55359	1.35156
55360	1.35153
55361	1.35151
55362	1.35148
55363	1.35146
55364	1.35143
55365	1.35141
55366	1.35138
55367	1.35135
55368	1.35133
55369	1.3513
55370	1.35128
55371	1.35125
55372	1.35123
55373	1.3512
55374	1.35118
55375	1.35115
55376	1.35113
55377	1.3511
55378	1.35108
55379	1.35105
55380	1.35103
55381	1.351
55382	1.35098
55383	1.35095
55384	1.35093
55385	1.3509
55386	1.35088
55387	1.35085
55388	1.35083
55389	1.3508
55390	1.35078
55391	1.35075
55392	1.35073
55393	1.3507
55394	1.35068
55395	1.35065
55396	1.35063
55397	1.35061
55398	1.35058
55399	1.35056
55400	1.35053
55401	1.35051
55402	1.35048
55403	1.35046
55404	1.35043
55405	1.35041
55406	1.35039
55407	1.35036
55408	1.35034
55409	1.35031
55410	1.35029
55411	1.35026
55412	1.35024
55413	1.35022
55414	1.35019
55415	1.35017
55416	1.35014
55417	1.35012
55418	1.35009
55419	1.35007
55420	1.35005
55421	1.35002
55422	1.35
55423	1.34997
55424	1.34995
55425	1.34993
55426	1.3499
55427	1.34988
55428	1.34985
55429	1.34983
55430	1.34981
55431	1.34978
55432	1.34976
55433	1.34974
55434	1.34971
55435	1.34969
55436	1.34966
55437	1.34964
55438	1.34962
55439	1.34959
55440	1.34957
55441	1.34955
55442	1.34952
55443	1.3495
55444	1.34948
55445	1.34945
55446	1.34943
55447	1.34941
55448	1.34938
55449	1.34936
55450	1.34934
55451	1.34931
55452	1.34929
55453	1.34927
55454	1.34924
55455	1.34922
55456	1.3492
55457	1.34917
55458	1.34915
55459	1.34913
55460	1.3491
55461	1.34908
55462	1.34906
55463	1.34903
55464	1.34901
55465	1.34899
55466	1.34897
55467	1.34894
55468	1.34892
55469	1.3489
55470	1.34887
55471	1.34885
55472	1.34883
55473	1.34881
55474	1.34878
55475	1.34876
55476	1.34874
55477	1.34871
55478	1.34869
55479	1.34867
55480	1.34865
55481	1.34862
55482	1.3486
55483	1.34858
55484	1.34856
55485	1.34853
55486	1.34851
55487	1.34849
55488	1.34847
55489	1.34844
55490	1.34842
55491	1.3484
55492	1.34838
55493	1.34835
55494	1.34833
55495	1.34831
55496	1.34829
55497	1.34826
55498	1.34824
55499	1.34822
55500	1.3482
55501	1.34818
55502	1.34815
55503	1.34813
55504	1.34811
55505	1.34809
55506	1.34806
55507	1.34804
55508	1.34802
55509	1.348
55510	1.34798
55511	1.34795
55512	1.34793
55513	1.34791
55514	1.34789
55515	1.34787
55516	1.34785
55517	1.34782
55518	1.3478
55519	1.34778
55520	1.34776
55521	1.34774
55522	1.34771
55523	1.34769
55524	1.34767
55525	1.34765
55526	1.34763
55527	1.34761
55528	1.34758
55529	1.34756
55530	1.34754
55531	1.34752
55532	1.3475
55533	1.34748
55534	1.34746
55535	1.34743
55536	1.34741
55537	1.34739
55538	1.34737
55539	1.34735
55540	1.34733
55541	1.34731
55542	1.34728
55543	1.34726
55544	1.34724
55545	1.34722
55546	1.3472
55547	1.34718
55548	1.34716
55549	1.34714
55550	1.34711
55551	1.34709
55552	1.34707
55553	1.34705
55554	1.34703
55555	1.34701
55556	1.34699
55557	1.34697
55558	1.34695
55559	1.34692
55560	1.3469
55561	1.34688
55562	1.34686
55563	1.34684
55564	1.34682
55565	1.3468
55566	1.34678
55567	1.34676
55568	1.34674
55569	1.34672
55570	1.3467
55571	1.34668
55572	1.34665
55573	1.34663
55574	1.34661
55575	1.34659
55576	1.34657
55577	1.34655
55578	1.34653
55579	1.34651
55580	1.34649
55581	1.34647
55582	1.34645
55583	1.34643
55584	1.34641
55585	1.34639
55586	1.34637
55587	1.34635
55588	1.34633
55589	1.34631
55590	1.34629
55591	1.34627
55592	1.34625
55593	1.34623
55594	1.34621
55595	1.34619
55596	1.34617
55597	1.34615
55598	1.34613
55599	1.34611
55600	1.34609
55601	1.34607
55602	1.34605
55603	1.34603
55604	1.34601
55605	1.34599
55606	1.34597
55607	1.34595
55608	1.34593
55609	1.34591
55610	1.34589
55611	1.34587
55612	1.34585
55613	1.34583
55614	1.34581
55615	1.34579
55616	1.34577
55617	1.34575
55618	1.34573
55619	1.34571
55620	1.34569
55621	1.34567
55622	1.34565
55623	1.34563
55624	1.34561
55625	1.34559
55626	1.34557
55627	1.34555
55628	1.34554
55629	1.34552
55630	1.3455
55631	1.34548
55632	1.34546
55633	1.34544
55634	1.34542
55635	1.3454
55636	1.34538
55637	1.34536
55638	1.34534
55639	1.34533
55640	1.34531
55641	1.34529
55642	1.34527
55643	1.34525
55644	1.34523
55645	1.34521
55646	1.34519
55647	1.34517
55648	1.34516
55649	1.34514
55650	1.34512
55651	1.3451
55652	1.34508
55653	1.34506
55654	1.34504
55655	1.34503
55656	1.34501
55657	1.34499
55658	1.34497
55659	1.34495
55660	1.34493
55661	1.34492
55662	1.3449
55663	1.34488
55664	1.34486
55665	1.34484
55666	1.34482
55667	1.34481
55668	1.34479
55669	1.34477
55670	1.34475
55671	1.34473
55672	1.34472
55673	1.3447
55674	1.34468
55675	1.34466
55676	1.34465
55677	1.34463
55678	1.34461
55679	1.34459
55680	1.34457
55681	1.34456
55682	1.34454
55683	1.34452
55684	1.3445
55685	1.34449
55686	1.34447
55687	1.34445
55688	1.34443
55689	1.34442
55690	1.3444
55691	1.34438
55692	1.34437
55693	1.34435
55694	1.34433
55695	1.34431
55696	1.3443
55697	1.34428
55698	1.34426
55699	1.34425
55700	1.34423
55701	1.34421
55702	1.3442
55703	1.34418
55704	1.34416
55705	1.34415
55706	1.34413
55707	1.34411
55708	1.3441
55709	1.34408
55710	1.34406
55711	1.34405
55712	1.34403
55713	1.34401
55714	1.344
55715	1.34398
55716	1.34397
55717	1.34395
55718	1.34393
55719	1.34392
55720	1.3439
55721	1.34389
55722	1.34387
55723	1.34385
55724	1.34384
55725	1.34382
55726	1.34381
55727	1.34379
55728	1.34377
55729	1.34376
55730	1.34374
55731	1.34373
55732	1.34371
55733	1.3437
55734	1.34368
55735	1.34367
55736	1.34365
55737	1.34364
55738	1.34362
55739	1.34361
55740	1.34359
55741	1.34358
55742	1.34356
55743	1.34355
55744	1.34353
55745	1.34352
55746	1.3435
55747	1.34349
55748	1.34347
55749	1.34346
55750	1.34344
55751	1.34343
55752	1.34341
55753	1.3434
55754	1.34339
55755	1.34337
55756	1.34336
55757	1.34334
55758	1.34333
55759	1.34331
55760	1.3433
55761	1.34329
55762	1.34327
55763	1.34326
55764	1.34325
55765	1.34323
55766	1.34322
55767	1.3432
55768	1.34319
55769	1.34318
55770	1.34316
55771	1.34315
55772	1.34314
55773	1.34312
55774	1.34311
55775	1.3431
55776	1.34308
55777	1.34307
55778	1.34306
55779	1.34305
55780	1.34303
55781	1.34302
55782	1.34301
55783	1.34299
55784	1.34298
55785	1.34297
55786	1.34296
55787	1.34294
55788	1.34293
55789	1.34292
55790	1.34291
55791	1.34289
55792	1.34288
55793	1.34287
55794	1.34286
55795	1.34285
55796	1.34284
55797	1.34282
55798	1.34281
55799	1.3428
55800	1.34279
55801	1.34278
55802	1.34277
55803	1.34275
55804	1.34274
55805	1.34273
55806	1.34272
55807	1.34271
55808	1.3427
55809	1.34269
55810	1.34268
55811	1.34267
55812	1.34265
55813	1.34264
55814	1.34263
55815	1.34262
55816	1.34261
55817	1.3426
55818	1.34259
55819	1.34258
55820	1.34257
55821	1.34256
55822	1.34255
55823	1.34254
55824	1.34253
55825	1.34252
55826	1.34251
55827	1.3425
55828	1.34249
55829	1.34248
55830	1.34247
55831	1.34246
55832	1.34245
55833	1.34244
55834	1.34243
55835	1.34243
55836	1.34242
55837	1.34241
55838	1.3424
55839	1.34239
55840	1.34238
55841	1.34237
55842	1.34236
55843	1.34235
55844	1.34235
55845	1.34234
55846	1.34233
55847	1.34232
55848	1.34231
55849	1.34231
55850	1.3423
55851	1.34229
55852	1.34228
55853	1.34227
55854	1.34227
55855	1.34226
55856	1.34225
55857	1.34224
55858	1.34224
55859	1.34223
55860	1.34222
55861	1.34221
55862	1.34221
55863	1.3422
55864	1.34219
55865	1.34219
55866	1.34218
55867	1.34217
55868	1.34217
55869	1.34216
55870	1.34215
55871	1.34215
55872	1.34214
55873	1.34213
55874	1.34213
55875	1.34212
55876	1.34212
55877	1.34211
55878	1.3421
55879	1.3421
55880	1.34209
55881	1.34209
55882	1.34208
55883	1.34208
55884	1.34207
55885	1.34207
55886	1.34206
55887	1.34206
55888	1.34205
55889	1.34205
55890	1.34204
55891	1.34204
55892	1.34203
55893	1.34203
55894	1.34202
55895	1.34202
55896	1.34202
55897	1.34201
55898	1.34201
55899	1.342
55900	1.342
55901	1.342
55902	1.34199
55903	1.34199
55904	1.34198
55905	1.34198
55906	1.34198
55907	1.34197
55908	1.34197
55909	1.34197
55910	1.34197
55911	1.34196
55912	1.34196
55913	1.34196
55914	1.34195
55915	1.34195
55916	1.34195
55917	1.34195
55918	1.34195
55919	1.34194
55920	1.34194
55921	1.34194
55922	1.34194
55923	1.34194
55924	1.34193
55925	1.34193
55926	1.34193
55927	1.34193
55928	1.34193
55929	1.34193
55930	1.34193
55931	1.34192
55932	1.34192
55933	1.34192
55934	1.34192
55935	1.34192
55936	1.34192
55937	1.34192
55938	1.34192
55939	1.34192
55940	1.34192
55941	1.34192
55942	1.34192
55943	1.34192
55944	1.34192
55945	1.34192
55946	1.34192
55947	1.34192
55948	1.34192
55949	1.34192
55950	1.34192
55951	1.34192
55952	1.34192
55953	1.34192
55954	1.34193
55955	1.34193
55956	1.34193
55957	1.34193
55958	1.34193
55959	1.34193
55960	1.34193
55961	1.34194
55962	1.34194
55963	1.34194
55964	1.34194
55965	1.34195
55966	1.34195
55967	1.34195
55968	1.34195
55969	1.34195
55970	1.34196
55971	1.34196
55972	1.34196
55973	1.34197
55974	1.34197
55975	1.34197
55976	1.34198
55977	1.34198
55978	1.34198
55979	1.34199
55980	1.34199
55981	1.34199
55982	1.342
55983	1.342
55984	1.34201
55985	1.34201
55986	1.34202
55987	1.34202
55988	1.34202
55989	1.34203
55990	1.34203
55991	1.34204
55992	1.34204
55993	1.34205
55994	1.34205
55995	1.34206
55996	1.34206
55997	1.34207
55998	1.34208
55999	1.34208
56000	1.34209
56001	1.34209
56002	1.3421
56003	1.34211
56004	1.34211
56005	1.34212
56006	1.34212
56007	1.34213
56008	1.34214
56009	1.34214
56010	1.34215
56011	1.34216
56012	1.34217
56013	1.34217
56014	1.34218
56015	1.34219
56016	1.34219
56017	1.3422
56018	1.34221
56019	1.34222
56020	1.34223
56021	1.34223
56022	1.34224
56023	1.34225
56024	1.34226
56025	1.34227
56026	1.34228
56027	1.34228
56028	1.34229
56029	1.3423
56030	1.34231
56031	1.34232
56032	1.34233
56033	1.34234
56034	1.34235
56035	1.34236
56036	1.34237
56037	1.34238
56038	1.34239
56039	1.3424
56040	1.34241
56041	1.34242
56042	1.34243
56043	1.34244
56044	1.34245
56045	1.34246
56046	1.34247
56047	1.34248
56048	1.34249
56049	1.3425
56050	1.34251
56051	1.34253
56052	1.34254
56053	1.34255
56054	1.34256
56055	1.34257
56056	1.34258
56057	1.3426
56058	1.34261
56059	1.34262
56060	1.34263
56061	1.34264
56062	1.34266
56063	1.34267
56064	1.34268
56065	1.3427
56066	1.34271
56067	1.34272
56068	1.34273
56069	1.34275
56070	1.34276
56071	1.34277
56072	1.34279
56073	1.3428
56074	1.34282
56075	1.34283
56076	1.34284
56077	1.34286
56078	1.34287
56079	1.34289
56080	1.3429
56081	1.34292
56082	1.34293
56083	1.34295
56084	1.34296
56085	1.34298
56086	1.34299
56087	1.34301
56088	1.34302
56089	1.34304
56090	1.34305
56091	1.34307
56092	1.34308
56093	1.3431
56094	1.34312
56095	1.34313
56096	1.34315
56097	1.34316
56098	1.34318
56099	1.3432
56100	1.34321
56101	1.34323
56102	1.34325
56103	1.34326
56104	1.34328
56105	1.3433
56106	1.34332
56107	1.34333
56108	1.34335
56109	1.34337
56110	1.34339
56111	1.3434
56112	1.34342
56113	1.34344
56114	1.34346
56115	1.34348
56116	1.34349
56117	1.34351
56118	1.34353
56119	1.34355
56120	1.34357
56121	1.34359
56122	1.34361
56123	1.34362
56124	1.34364
56125	1.34366
56126	1.34368
56127	1.3437
56128	1.34372
56129	1.34374
56130	1.34376
56131	1.34378
56132	1.3438
56133	1.34382
56134	1.34384
56135	1.34386
56136	1.34388
56137	1.3439
56138	1.34392
56139	1.34394
56140	1.34396
56141	1.34398
56142	1.344
56143	1.34402
56144	1.34405
56145	1.34407
56146	1.34409
56147	1.34411
56148	1.34413
56149	1.34415
56150	1.34417
56151	1.34419
56152	1.34422
56153	1.34424
56154	1.34426
56155	1.34428
56156	1.3443
56157	1.34433
56158	1.34435
56159	1.34437
56160	1.34439
56161	1.34442
56162	1.34444
56163	1.34446
56164	1.34448
56165	1.34451
56166	1.34453
56167	1.34455
56168	1.34457
56169	1.3446
56170	1.34462
56171	1.34464
56172	1.34467
56173	1.34469
56174	1.34471
56175	1.34474
56176	1.34476
56177	1.34478
56178	1.34481
56179	1.34483
56180	1.34486
56181	1.34488
56182	1.3449
56183	1.34493
56184	1.34495
56185	1.34498
56186	1.345
56187	1.34502
56188	1.34505
56189	1.34507
56190	1.3451
56191	1.34512
56192	1.34515
56193	1.34517
56194	1.3452
56195	1.34522
56196	1.34525
56197	1.34527
56198	1.3453
56199	1.34532
56200	1.34535
56201	1.34537
56202	1.3454
56203	1.34542
56204	1.34545
56205	1.34547
56206	1.3455
56207	1.34552
56208	1.34555
56209	1.34557
56210	1.3456
56211	1.34562
56212	1.34565
56213	1.34568
56214	1.3457
56215	1.34573
56216	1.34575
56217	1.34578
56218	1.3458
56219	1.34583
56220	1.34586
56221	1.34588
56222	1.34591
56223	1.34593
56224	1.34596
56225	1.34599
56226	1.34601
56227	1.34604
56228	1.34606
56229	1.34609
56230	1.34612
56231	1.34614
56232	1.34617
56233	1.3462
56234	1.34622
56235	1.34625
56236	1.34628
56237	1.3463
56238	1.34633
56239	1.34636
56240	1.34638
56241	1.34641
56242	1.34643
56243	1.34646
56244	1.34649
56245	1.34651
56246	1.34654
56247	1.34657
56248	1.34659
56249	1.34662
56250	1.34665
56251	1.34667
56252	1.3467
56253	1.34673
56254	1.34675
56255	1.34678
56256	1.34681
56257	1.34684
56258	1.34686
56259	1.34689
56260	1.34692
56261	1.34694
56262	1.34697
56263	1.347
56264	1.34702
56265	1.34705
56266	1.34708
56267	1.3471
56268	1.34713
56269	1.34716
56270	1.34718
56271	1.34721
56272	1.34724
56273	1.34726
56274	1.34729
56275	1.34732
56276	1.34735
56277	1.34737
56278	1.3474
56279	1.34743
56280	1.34745
56281	1.34748
56282	1.34751
56283	1.34753
56284	1.34756
56285	1.34759
56286	1.34761
56287	1.34764
56288	1.34767
56289	1.34769
56290	1.34772
56291	1.34775
56292	1.34777
56293	1.3478
56294	1.34783
56295	1.34785
56296	1.34788
56297	1.34791
56298	1.34793
56299	1.34796
56300	1.34799
56301	1.34801
56302	1.34804
56303	1.34807
56304	1.34809
56305	1.34812
56306	1.34815
56307	1.34817
56308	1.3482
56309	1.34823
56310	1.34825
56311	1.34828
56312	1.3483
56313	1.34833
56314	1.34836
56315	1.34838
56316	1.34841
56317	1.34844
56318	1.34846
56319	1.34849
56320	1.34852
56321	1.34854
56322	1.34857
56323	1.34859
56324	1.34862
56325	1.34865
56326	1.34867
56327	1.3487
56328	1.34872
56329	1.34875
56330	1.34878
56331	1.3488
56332	1.34883
56333	1.34885
56334	1.34888
56335	1.3489
56336	1.34893
56337	1.34896
56338	1.34898
56339	1.34901
56340	1.34903
56341	1.34906
56342	1.34908
56343	1.34911
56344	1.34914
56345	1.34916
56346	1.34919
56347	1.34921
56348	1.34924
56349	1.34926
56350	1.34929
56351	1.34931
56352	1.34934
56353	1.34936
56354	1.34939
56355	1.34941
56356	1.34944
56357	1.34946
56358	1.34949
56359	1.34951
56360	1.34954
56361	1.34956
56362	1.34959
56363	1.34961
56364	1.34964
56365	1.34966
56366	1.34969
56367	1.34971
56368	1.34974
56369	1.34976
56370	1.34979
56371	1.34981
56372	1.34984
56373	1.34986
56374	1.34988
56375	1.34991
56376	1.34993
56377	1.34996
56378	1.34998
56379	1.35001
56380	1.35003
56381	1.35005
56382	1.35008
56383	1.3501
56384	1.35013
56385	1.35015
56386	1.35017
56387	1.3502
56388	1.35022
56389	1.35025
56390	1.35027
56391	1.35029
56392	1.35032
56393	1.35034
56394	1.35037
56395	1.35039
56396	1.35041
56397	1.35044
56398	1.35046
56399	1.35048
56400	1.35051
56401	1.35053
56402	1.35055
56403	1.35058
56404	1.3506
56405	1.35062
56406	1.35065
56407	1.35067
56408	1.35069
56409	1.35072
56410	1.35074
56411	1.35076
56412	1.35078
56413	1.35081
56414	1.35083
56415	1.35085
56416	1.35088
56417	1.3509
56418	1.35092
56419	1.35094
56420	1.35097
56421	1.35099
56422	1.35101
56423	1.35104
56424	1.35106
56425	1.35108
56426	1.3511
56427	1.35112
56428	1.35115
56429	1.35117
56430	1.35119
56431	1.35121
56432	1.35124
56433	1.35126
56434	1.35128
56435	1.3513
56436	1.35132
56437	1.35135
56438	1.35137
56439	1.35139
56440	1.35141
56441	1.35143
56442	1.35146
56443	1.35148
56444	1.3515
56445	1.35152
56446	1.35154
56447	1.35156
56448	1.35159
56449	1.35161
56450	1.35163
56451	1.35165
56452	1.35167
56453	1.35169
56454	1.35171
56455	1.35173
56456	1.35176
56457	1.35178
56458	1.3518
56459	1.35182
56460	1.35184
56461	1.35186
56462	1.35188
56463	1.3519
56464	1.35192
56465	1.35194
56466	1.35197
56467	1.35199
56468	1.35201
56469	1.35203
56470	1.35205
56471	1.35207
56472	1.35209
56473	1.35211
56474	1.35213
56475	1.35215
56476	1.35217
56477	1.35219
56478	1.35221
56479	1.35223
56480	1.35225
56481	1.35227
56482	1.35229
56483	1.35231
56484	1.35233
56485	1.35235
56486	1.35237
56487	1.35239
56488	1.35241
56489	1.35243
56490	1.35245
56491	1.35247
56492	1.35249
56493	1.35251
56494	1.35253
56495	1.35255
56496	1.35257
56497	1.35259
56498	1.35261
56499	1.35263
56500	1.35265
56501	1.35267
56502	1.35269
56503	1.3527
56504	1.35272
56505	1.35274
56506	1.35276
56507	1.35278
56508	1.3528
56509	1.35282
56510	1.35284
56511	1.35286
56512	1.35287
56513	1.35289
56514	1.35291
56515	1.35293
56516	1.35295
56517	1.35297
56518	1.35299
56519	1.353
56520	1.35302
56521	1.35304
56522	1.35306
56523	1.35308
56524	1.3531
56525	1.35311
56526	1.35313
56527	1.35315
56528	1.35317
56529	1.35319
56530	1.3532
56531	1.35322
56532	1.35324
56533	1.35326
56534	1.35328
56535	1.35329
56536	1.35331
56537	1.35333
56538	1.35335
56539	1.35336
56540	1.35338
56541	1.3534
56542	1.35342
56543	1.35343
56544	1.35345
56545	1.35347
56546	1.35349
56547	1.3535
56548	1.35352
56549	1.35354
56550	1.35355
56551	1.35357
56552	1.35359
56553	1.3536
56554	1.35362
56555	1.35364
56556	1.35365
56557	1.35367
56558	1.35369
56559	1.3537
56560	1.35372
56561	1.35374
56562	1.35375
56563	1.35377
56564	1.35379
56565	1.3538
56566	1.35382
56567	1.35383
56568	1.35385
56569	1.35387
56570	1.35388
56571	1.3539
56572	1.35391
56573	1.35393
56574	1.35395
56575	1.35396
56576	1.35398
56577	1.35399
56578	1.35401
56579	1.35402
56580	1.35404
56581	1.35406
56582	1.35407
56583	1.35409
56584	1.3541
56585	1.35412
56586	1.35413
56587	1.35415
56588	1.35416
56589	1.35418
56590	1.35419
56591	1.35421
56592	1.35422
56593	1.35424
56594	1.35425
56595	1.35427
56596	1.35428
56597	1.3543
56598	1.35431
56599	1.35432
56600	1.35434
56601	1.35435
56602	1.35437
56603	1.35438
56604	1.3544
56605	1.35441
56606	1.35443
56607	1.35444
56608	1.35445
56609	1.35447
56610	1.35448
56611	1.3545
56612	1.35451
56613	1.35452
56614	1.35454
56615	1.35455
56616	1.35456
56617	1.35458
56618	1.35459
56619	1.35461
56620	1.35462
56621	1.35463
56622	1.35465
56623	1.35466
56624	1.35467
56625	1.35469
56626	1.3547
56627	1.35471
56628	1.35473
56629	1.35474
56630	1.35475
56631	1.35476
56632	1.35478
56633	1.35479
56634	1.3548
56635	1.35482
56636	1.35483
56637	1.35484
56638	1.35485
56639	1.35487
56640	1.35488
56641	1.35489
56642	1.3549
56643	1.35492
56644	1.35493
56645	1.35494
56646	1.35495
56647	1.35497
56648	1.35498
56649	1.35499
56650	1.355
56651	1.35501
56652	1.35503
56653	1.35504
56654	1.35505
56655	1.35506
56656	1.35507
56657	1.35509
56658	1.3551
56659	1.35511
56660	1.35512
56661	1.35513
56662	1.35514
56663	1.35516
56664	1.35517
56665	1.35518
56666	1.35519
56667	1.3552
56668	1.35521
56669	1.35522
56670	1.35524
56671	1.35525
56672	1.35526
56673	1.35527
56674	1.35528
56675	1.35529
56676	1.3553
56677	1.35531
56678	1.35532
56679	1.35534
56680	1.35535
56681	1.35536
56682	1.35537
56683	1.35538
56684	1.35539
56685	1.3554
56686	1.35541
56687	1.35542
56688	1.35543
56689	1.35544
56690	1.35545
56691	1.35546
56692	1.35547
56693	1.35548
56694	1.3555
56695	1.35551
56696	1.35552
56697	1.35553
56698	1.35554
56699	1.35555
56700	1.35556
56701	1.35557
56702	1.35558
56703	1.35559
56704	1.3556
56705	1.35561
56706	1.35562
56707	1.35563
56708	1.35564
56709	1.35565
56710	1.35566
56711	1.35567
56712	1.35568
56713	1.35569
56714	1.3557
56715	1.35571
56716	1.35571
56717	1.35572
56718	1.35573
56719	1.35574
56720	1.35575
56721	1.35576
56722	1.35577
56723	1.35578
56724	1.35579
56725	1.3558
56726	1.35581
56727	1.35582
56728	1.35583
56729	1.35584
56730	1.35585
56731	1.35586
56732	1.35587
56733	1.35587
56734	1.35588
56735	1.35589
56736	1.3559
56737	1.35591
56738	1.35592
56739	1.35593
56740	1.35594
56741	1.35595
56742	1.35596
56743	1.35597
56744	1.35597
56745	1.35598
56746	1.35599
56747	1.356
56748	1.35601
56749	1.35602
56750	1.35603
56751	1.35604
56752	1.35605
56753	1.35605
56754	1.35606
56755	1.35607
56756	1.35608
56757	1.35609
56758	1.3561
56759	1.35611
56760	1.35612
56761	1.35612
56762	1.35613
56763	1.35614
56764	1.35615
56765	1.35616
56766	1.35617
56767	1.35618
56768	1.35618
56769	1.35619
56770	1.3562
56771	1.35621
56772	1.35622
56773	1.35623
56774	1.35624
56775	1.35624
56776	1.35625
56777	1.35626
56778	1.35627
56779	1.35628
56780	1.35629
56781	1.35629
56782	1.3563
56783	1.35631
56784	1.35632
56785	1.35633
56786	1.35634
56787	1.35634
56788	1.35635
56789	1.35636
56790	1.35637
56791	1.35638
56792	1.35639
56793	1.35639
56794	1.3564
56795	1.35641
56796	1.35642
56797	1.35643
56798	1.35643
56799	1.35644
56800	1.35645
56801	1.35646
56802	1.35647
56803	1.35648
56804	1.35648
56805	1.35649
56806	1.3565
56807	1.35651
56808	1.35652
56809	1.35653
56810	1.35653
56811	1.35654
56812	1.35655
56813	1.35656
56814	1.35657
56815	1.35657
56816	1.35658
56817	1.35659
56818	1.3566
56819	1.35661
56820	1.35661
56821	1.35662
56822	1.35663
56823	1.35664
56824	1.35665
56825	1.35666
56826	1.35666
56827	1.35667
56828	1.35668
56829	1.35669
56830	1.3567
56831	1.3567
56832	1.35671
56833	1.35672
56834	1.35673
56835	1.35674
56836	1.35675
56837	1.35675
56838	1.35676
56839	1.35677
56840	1.35678
56841	1.35679
56842	1.35679
56843	1.3568
56844	1.35681
56845	1.35682
56846	1.35683
56847	1.35684
56848	1.35684
56849	1.35685
56850	1.35686
56851	1.35687
56852	1.35688
56853	1.35689
56854	1.35689
56855	1.3569
56856	1.35691
56857	1.35692
56858	1.35693
56859	1.35694
56860	1.35694
56861	1.35695
56862	1.35696
56863	1.35697
56864	1.35698
56865	1.35699
56866	1.35699
56867	1.357
56868	1.35701
56869	1.35702
56870	1.35703
56871	1.35704
56872	1.35705
56873	1.35705
56874	1.35706
56875	1.35707
56876	1.35708
56877	1.35709
56878	1.3571
56879	1.35711
56880	1.35711
56881	1.35712
56882	1.35713
56883	1.35714
56884	1.35715
56885	1.35716
56886	1.35717
56887	1.35717
56888	1.35718
56889	1.35719
56890	1.3572
56891	1.35721
56892	1.35722
56893	1.35723
56894	1.35724
56895	1.35724
56896	1.35725
56897	1.35726
56898	1.35727
56899	1.35728
56900	1.35729
56901	1.3573
56902	1.35731
56903	1.35732
56904	1.35732
56905	1.35733
56906	1.35734
56907	1.35735
56908	1.35736
56909	1.35737
56910	1.35738
56911	1.35739
56912	1.3574
56913	1.35741
56914	1.35742
56915	1.35743
56916	1.35743
56917	1.35744
56918	1.35745
56919	1.35746
56920	1.35747
56921	1.35748
56922	1.35749
56923	1.3575
56924	1.35751
56925	1.35752
56926	1.35753
56927	1.35754
56928	1.35755
56929	1.35756
56930	1.35757
56931	1.35758
56932	1.35759
56933	1.35759
56934	1.3576
56935	1.35761
56936	1.35762
56937	1.35763
56938	1.35764
56939	1.35765
56940	1.35766
56941	1.35767
56942	1.35768
56943	1.35769
56944	1.3577
56945	1.35771
56946	1.35772
56947	1.35773
56948	1.35774
56949	1.35775
56950	1.35776
56951	1.35777
56952	1.35778
56953	1.35779
56954	1.3578
56955	1.35781
56956	1.35782
56957	1.35783
56958	1.35784
56959	1.35785
56960	1.35786
56961	1.35787
56962	1.35788
56963	1.3579
56964	1.35791
56965	1.35792
56966	1.35793
56967	1.35794
56968	1.35795
56969	1.35796
56970	1.35797
56971	1.35798
56972	1.35799
56973	1.358
56974	1.35801
56975	1.35802
56976	1.35803
56977	1.35804
56978	1.35805
56979	1.35807
56980	1.35808
56981	1.35809
56982	1.3581
56983	1.35811
56984	1.35812
56985	1.35813
56986	1.35814
56987	1.35815
56988	1.35816
56989	1.35818
56990	1.35819
56991	1.3582
56992	1.35821
56993	1.35822
56994	1.35823
56995	1.35824
56996	1.35825
56997	1.35827
56998	1.35828
56999	1.35829
57000	1.3583
57001	1.35831
57002	1.35832
57003	1.35833
57004	1.35835
57005	1.35836
57006	1.35837
57007	1.35838
57008	1.35839
57009	1.3584
57010	1.35842
57011	1.35843
57012	1.35844
57013	1.35845
57014	1.35846
57015	1.35847
57016	1.35849
57017	1.3585
57018	1.35851
57019	1.35852
57020	1.35853
57021	1.35855
57022	1.35856
57023	1.35857
57024	1.35858
57025	1.35859
57026	1.35861
57027	1.35862
57028	1.35863
57029	1.35864
57030	1.35866
57031	1.35867
57032	1.35868
57033	1.35869
57034	1.35871
57035	1.35872
57036	1.35873
57037	1.35874
57038	1.35876
57039	1.35877
57040	1.35878
57041	1.35879
57042	1.35881
57043	1.35882
57044	1.35883
57045	1.35884
57046	1.35886
57047	1.35887
57048	1.35888
57049	1.3589
57050	1.35891
57051	1.35892
57052	1.35893
57053	1.35895
57054	1.35896
57055	1.35897
57056	1.35899
57057	1.359
57058	1.35901
57059	1.35902
57060	1.35904
57061	1.35905
57062	1.35906
57063	1.35908
57064	1.35909
57065	1.3591
57066	1.35912
57067	1.35913
57068	1.35914
57069	1.35916
57070	1.35917
57071	1.35918
57072	1.3592
57073	1.35921
57074	1.35922
57075	1.35924
57076	1.35925
57077	1.35926
57078	1.35928
57079	1.35929
57080	1.35931
57081	1.35932
57082	1.35933
57083	1.35935
57084	1.35936
57085	1.35937
57086	1.35939
57087	1.3594
57088	1.35942
57089	1.35943
57090	1.35944
57091	1.35946
57092	1.35947
57093	1.35948
57094	1.3595
57095	1.35951
57096	1.35953
57097	1.35954
57098	1.35955
57099	1.35957
57100	1.35958
57101	1.3596
57102	1.35961
57103	1.35962
57104	1.35964
57105	1.35965
57106	1.35967
57107	1.35968
57108	1.3597
57109	1.35971
57110	1.35972
57111	1.35974
57112	1.35975
57113	1.35977
57114	1.35978
57115	1.3598
57116	1.35981
57117	1.35982
57118	1.35984
57119	1.35985
57120	1.35987
57121	1.35988
57122	1.3599
57123	1.35991
57124	1.35992
57125	1.35994
57126	1.35995
57127	1.35997
57128	1.35998
57129	1.36
57130	1.36001
57131	1.36003
57132	1.36004
57133	1.36006
57134	1.36007
57135	1.36008
57136	1.3601
57137	1.36011
57138	1.36013
57139	1.36014
57140	1.36016
57141	1.36017
57142	1.36019
57143	1.3602
57144	1.36022
57145	1.36023
57146	1.36025
57147	1.36026
57148	1.36028
57149	1.36029
57150	1.36031
57151	1.36032
57152	1.36033
57153	1.36035
57154	1.36036
57155	1.36038
57156	1.36039
57157	1.36041
57158	1.36042
57159	1.36044
57160	1.36045
57161	1.36047
57162	1.36048
57163	1.3605
57164	1.36051
57165	1.36053
57166	1.36054
57167	1.36056
57168	1.36057
57169	1.36059
57170	1.3606
57171	1.36062
57172	1.36063
57173	1.36065
57174	1.36066
57175	1.36068
57176	1.36069
57177	1.36071
57178	1.36072
57179	1.36074
57180	1.36075
57181	1.36077
57182	1.36078
57183	1.3608
57184	1.36081
57185	1.36083
57186	1.36084
57187	1.36086
57188	1.36087
57189	1.36089
57190	1.3609
57191	1.36092
57192	1.36093
57193	1.36095
57194	1.36096
57195	1.36098
57196	1.36099
57197	1.36101
57198	1.36102
57199	1.36104
57200	1.36105
57201	1.36106
57202	1.36108
57203	1.36109
57204	1.36111
57205	1.36112
57206	1.36114
57207	1.36115
57208	1.36117
57209	1.36118
57210	1.3612
57211	1.36121
57212	1.36123
57213	1.36124
57214	1.36126
57215	1.36127
57216	1.36129
57217	1.3613
57218	1.36132
57219	1.36133
57220	1.36135
57221	1.36136
57222	1.36138
57223	1.36139
57224	1.36141
57225	1.36142
57226	1.36144
57227	1.36145
57228	1.36146
57229	1.36148
57230	1.36149
57231	1.36151
57232	1.36152
57233	1.36154
57234	1.36155
57235	1.36157
57236	1.36158
57237	1.3616
57238	1.36161
57239	1.36163
57240	1.36164
57241	1.36165
57242	1.36167
57243	1.36168
57244	1.3617
57245	1.36171
57246	1.36173
57247	1.36174
57248	1.36176
57249	1.36177
57250	1.36178
57251	1.3618
57252	1.36181
57253	1.36183
57254	1.36184
57255	1.36186
57256	1.36187
57257	1.36189
57258	1.3619
57259	1.36191
57260	1.36193
57261	1.36194
57262	1.36196
57263	1.36197
57264	1.36198
57265	1.362
57266	1.36201
57267	1.36203
57268	1.36204
57269	1.36205
57270	1.36207
57271	1.36208
57272	1.3621
57273	1.36211
57274	1.36212
57275	1.36214
57276	1.36215
57277	1.36217
57278	1.36218
57279	1.36219
57280	1.36221
57281	1.36222
57282	1.36223
57283	1.36225
57284	1.36226
57285	1.36228
57286	1.36229
57287	1.3623
57288	1.36232
57289	1.36233
57290	1.36234
57291	1.36236
57292	1.36237
57293	1.36238
57294	1.3624
57295	1.36241
57296	1.36242
57297	1.36244
57298	1.36245
57299	1.36246
57300	1.36248
57301	1.36249
57302	1.3625
57303	1.36252
57304	1.36253
57305	1.36254
57306	1.36256
57307	1.36257
57308	1.36258
57309	1.36259
57310	1.36261
57311	1.36262
57312	1.36263
57313	1.36265
57314	1.36266
57315	1.36267
57316	1.36268
57317	1.3627
57318	1.36271
57319	1.36272
57320	1.36273
57321	1.36275
57322	1.36276
57323	1.36277
57324	1.36278
57325	1.3628
57326	1.36281
57327	1.36282
57328	1.36283
57329	1.36285
57330	1.36286
57331	1.36287
57332	1.36288
57333	1.3629
57334	1.36291
57335	1.36292
57336	1.36293
57337	1.36294
57338	1.36296
57339	1.36297
57340	1.36298
57341	1.36299
57342	1.363
57343	1.36301
57344	1.36303
57345	1.36304
57346	1.36305
57347	1.36306
57348	1.36307
57349	1.36308
57350	1.3631
57351	1.36311
57352	1.36312
57353	1.36313
57354	1.36314
57355	1.36315
57356	1.36316
57357	1.36317
57358	1.36319
57359	1.3632
57360	1.36321
57361	1.36322
57362	1.36323
57363	1.36324
57364	1.36325
57365	1.36326
57366	1.36327
57367	1.36328
57368	1.36329
57369	1.36331
57370	1.36332
57371	1.36333
57372	1.36334
57373	1.36335
57374	1.36336
57375	1.36337
57376	1.36338
57377	1.36339
57378	1.3634
57379	1.36341
57380	1.36342
57381	1.36343
57382	1.36344
57383	1.36345
57384	1.36346
57385	1.36347
57386	1.36348
57387	1.36349
57388	1.3635
57389	1.36351
57390	1.36352
57391	1.36353
57392	1.36354
57393	1.36355
57394	1.36356
57395	1.36357
57396	1.36358
57397	1.36359
57398	1.3636
57399	1.3636
57400	1.36361
57401	1.36362
57402	1.36363
57403	1.36364
57404	1.36365
57405	1.36366
57406	1.36367
57407	1.36368
57408	1.36369
57409	1.3637
57410	1.3637
57411	1.36371
57412	1.36372
57413	1.36373
57414	1.36374
57415	1.36375
57416	1.36376
57417	1.36376
57418	1.36377
57419	1.36378
57420	1.36379
57421	1.3638
57422	1.36381
57423	1.36381
57424	1.36382
57425	1.36383
57426	1.36384
57427	1.36385
57428	1.36385
57429	1.36386
57430	1.36387
57431	1.36388
57432	1.36388
57433	1.36389
57434	1.3639
57435	1.36391
57436	1.36391
57437	1.36392
57438	1.36393
57439	1.36394
57440	1.36394
57441	1.36395
57442	1.36396
57443	1.36397
57444	1.36397
57445	1.36398
57446	1.36399
57447	1.36399
57448	1.364
57449	1.36401
57450	1.36401
57451	1.36402
57452	1.36403
57453	1.36403
57454	1.36404
57455	1.36405
57456	1.36405
57457	1.36406
57458	1.36407
57459	1.36407
57460	1.36408
57461	1.36409
57462	1.36409
57463	1.3641
57464	1.3641
57465	1.36411
57466	1.36412
57467	1.36412
57468	1.36413
57469	1.36413
57470	1.36414
57471	1.36414
57472	1.36415
57473	1.36416
57474	1.36416
57475	1.36417
57476	1.36417
57477	1.36418
57478	1.36418
57479	1.36419
57480	1.36419
57481	1.3642
57482	1.3642
57483	1.36421
57484	1.36421
57485	1.36422
57486	1.36422
57487	1.36423
57488	1.36423
57489	1.36424
57490	1.36424
57491	1.36425
57492	1.36425
57493	1.36426
57494	1.36426
57495	1.36426
57496	1.36427
57497	1.36427
57498	1.36428
57499	1.36428
57500	1.36429
57501	1.36429
57502	1.36429
57503	1.3643
57504	1.3643
57505	1.36431
57506	1.36431
57507	1.36431
57508	1.36432
57509	1.36432
57510	1.36432
57511	1.36433
57512	1.36433
57513	1.36434
57514	1.36434
57515	1.36434
57516	1.36435
57517	1.36435
57518	1.36435
57519	1.36436
57520	1.36436
57521	1.36436
57522	1.36436
57523	1.36437
57524	1.36437
57525	1.36437
57526	1.36438
57527	1.36438
57528	1.36438
57529	1.36438
57530	1.36439
57531	1.36439
57532	1.36439
57533	1.36439
57534	1.3644
57535	1.3644
57536	1.3644
57537	1.3644
57538	1.36441
57539	1.36441
57540	1.36441
57541	1.36441
57542	1.36441
57543	1.36442
57544	1.36442
57545	1.36442
57546	1.36442
57547	1.36442
57548	1.36443
57549	1.36443
57550	1.36443
57551	1.36443
57552	1.36443
57553	1.36443
57554	1.36444
57555	1.36444
57556	1.36444
57557	1.36444
57558	1.36444
57559	1.36444
57560	1.36444
57561	1.36444
57562	1.36445
57563	1.36445
57564	1.36445
57565	1.36445
57566	1.36445
57567	1.36445
57568	1.36445
57569	1.36445
57570	1.36445
57571	1.36445
57572	1.36445
57573	1.36445
57574	1.36445
57575	1.36446
57576	1.36446
57577	1.36446
57578	1.36446
57579	1.36446
57580	1.36446
57581	1.36446
57582	1.36446
57583	1.36446
57584	1.36446
57585	1.36446
57586	1.36446
57587	1.36446
57588	1.36446
57589	1.36446
57590	1.36446
57591	1.36446
57592	1.36446
57593	1.36446
57594	1.36446
57595	1.36446
57596	1.36446
57597	1.36445
57598	1.36445
57599	1.36445
57600	1.36445
57601	1.36445
57602	1.36445
57603	1.36445
57604	1.36445
57605	1.36445
57606	1.36445
57607	1.36445
57608	1.36445
57609	1.36445
57610	1.36444
57611	1.36444
57612	1.36444
57613	1.36444
57614	1.36444
57615	1.36444
57616	1.36444
57617	1.36444
57618	1.36444
57619	1.36443
57620	1.36443
57621	1.36443
57622	1.36443
57623	1.36443
57624	1.36443
57625	1.36442
57626	1.36442
57627	1.36442
57628	1.36442
57629	1.36442
57630	1.36442
57631	1.36441
57632	1.36441
57633	1.36441
57634	1.36441
57635	1.36441
57636	1.3644
57637	1.3644
57638	1.3644
57639	1.3644
57640	1.3644
57641	1.36439
57642	1.36439
57643	1.36439
57644	1.36439
57645	1.36438
57646	1.36438
57647	1.36438
57648	1.36438
57649	1.36437
57650	1.36437
57651	1.36437
57652	1.36437
57653	1.36436
57654	1.36436
57655	1.36436
57656	1.36436
57657	1.36435
57658	1.36435
57659	1.36435
57660	1.36435
57661	1.36434
57662	1.36434
57663	1.36434
57664	1.36433
57665	1.36433
57666	1.36433
57667	1.36432
57668	1.36432
57669	1.36432
57670	1.36432
57671	1.36431
57672	1.36431
57673	1.36431
57674	1.3643
57675	1.3643
57676	1.3643
57677	1.36429
57678	1.36429
57679	1.36429
57680	1.36428
57681	1.36428
57682	1.36427
57683	1.36427
57684	1.36427
57685	1.36426
57686	1.36426
57687	1.36426
57688	1.36425
57689	1.36425
57690	1.36425
57691	1.36424
57692	1.36424
57693	1.36423
57694	1.36423
57695	1.36423
57696	1.36422
57697	1.36422
57698	1.36421
57699	1.36421
57700	1.36421
57701	1.3642
57702	1.3642
57703	1.36419
57704	1.36419
57705	1.36419
57706	1.36418
57707	1.36418
57708	1.36417
57709	1.36417
57710	1.36417
57711	1.36416
57712	1.36416
57713	1.36415
57714	1.36415
57715	1.36414
57716	1.36414
57717	1.36413
57718	1.36413
57719	1.36413
57720	1.36412
57721	1.36412
57722	1.36411
57723	1.36411
57724	1.3641
57725	1.3641
57726	1.36409
57727	1.36409
57728	1.36408
57729	1.36408
57730	1.36407
57731	1.36407
57732	1.36407
57733	1.36406
57734	1.36406
57735	1.36405
57736	1.36405
57737	1.36404
57738	1.36404
57739	1.36403
57740	1.36403
57741	1.36402
57742	1.36402
57743	1.36401
57744	1.36401
57745	1.364
57746	1.364
57747	1.36399
57748	1.36399
57749	1.36398
57750	1.36398
57751	1.36397
57752	1.36396
57753	1.36396
57754	1.36395
57755	1.36395
57756	1.36394
57757	1.36394
57758	1.36393
57759	1.36393
57760	1.36392
57761	1.36392
57762	1.36391
57763	1.36391
57764	1.3639
57765	1.3639
57766	1.36389
57767	1.36388
57768	1.36388
57769	1.36387
57770	1.36387
57771	1.36386
57772	1.36386
57773	1.36385
57774	1.36385
57775	1.36384
57776	1.36383
57777	1.36383
57778	1.36382
57779	1.36382
57780	1.36381
57781	1.36381
57782	1.3638
57783	1.36379
57784	1.36379
57785	1.36378
57786	1.36378
57787	1.36377
57788	1.36377
57789	1.36376
57790	1.36375
57791	1.36375
57792	1.36374
57793	1.36374
57794	1.36373
57795	1.36372
57796	1.36372
57797	1.36371
57798	1.36371
57799	1.3637
57800	1.36369
57801	1.36369
57802	1.36368
57803	1.36368
57804	1.36367
57805	1.36366
57806	1.36366
57807	1.36365
57808	1.36364
57809	1.36364
57810	1.36363
57811	1.36363
57812	1.36362
57813	1.36361
57814	1.36361
57815	1.3636
57816	1.36359
57817	1.36359
57818	1.36358
57819	1.36358
57820	1.36357
57821	1.36356
57822	1.36356
57823	1.36355
57824	1.36354
57825	1.36354
57826	1.36353
57827	1.36352
57828	1.36352
57829	1.36351
57830	1.3635
57831	1.3635
57832	1.36349
57833	1.36348
57834	1.36348
57835	1.36347
57836	1.36346
57837	1.36346
57838	1.36345
57839	1.36344
57840	1.36344
57841	1.36343
57842	1.36342
57843	1.36342
57844	1.36341
57845	1.3634
57846	1.3634
57847	1.36339
57848	1.36338
57849	1.36338
57850	1.36337
57851	1.36336
57852	1.36336
57853	1.36335
57854	1.36334
57855	1.36334
57856	1.36333
57857	1.36332
57858	1.36331
57859	1.36331
57860	1.3633
57861	1.36329
57862	1.36329
57863	1.36328
57864	1.36327
57865	1.36327
57866	1.36326
57867	1.36325
57868	1.36324
57869	1.36324
57870	1.36323
57871	1.36322
57872	1.36321
57873	1.36321
57874	1.3632
57875	1.36319
57876	1.36319
57877	1.36318
57878	1.36317
57879	1.36316
57880	1.36316
57881	1.36315
57882	1.36314
57883	1.36313
57884	1.36313
57885	1.36312
57886	1.36311
57887	1.3631
57888	1.3631
57889	1.36309
57890	1.36308
57891	1.36307
57892	1.36307
57893	1.36306
57894	1.36305
57895	1.36304
57896	1.36303
57897	1.36303
57898	1.36302
57899	1.36301
57900	1.363
57901	1.363
57902	1.36299
57903	1.36298
57904	1.36297
57905	1.36296
57906	1.36296
57907	1.36295
57908	1.36294
57909	1.36293
57910	1.36292
57911	1.36292
57912	1.36291
57913	1.3629
57914	1.36289
57915	1.36288
57916	1.36288
57917	1.36287
57918	1.36286
57919	1.36285
57920	1.36284
57921	1.36283
57922	1.36283
57923	1.36282
57924	1.36281
57925	1.3628
57926	1.36279
57927	1.36278
57928	1.36278
57929	1.36277
57930	1.36276
57931	1.36275
57932	1.36274
57933	1.36273
57934	1.36272
57935	1.36272
57936	1.36271
57937	1.3627
57938	1.36269
57939	1.36268
57940	1.36267
57941	1.36266
57942	1.36265
57943	1.36265
57944	1.36264
57945	1.36263
57946	1.36262
57947	1.36261
57948	1.3626
57949	1.36259
57950	1.36258
57951	1.36257
57952	1.36256
57953	1.36256
57954	1.36255
57955	1.36254
57956	1.36253
57957	1.36252
57958	1.36251
57959	1.3625
57960	1.36249
57961	1.36248
57962	1.36247
57963	1.36246
57964	1.36245
57965	1.36244
57966	1.36243
57967	1.36242
57968	1.36241
57969	1.36241
57970	1.3624
57971	1.36239
57972	1.36238
57973	1.36237
57974	1.36236
57975	1.36235
57976	1.36234
57977	1.36233
57978	1.36232
57979	1.36231
57980	1.3623
57981	1.36229
57982	1.36228
57983	1.36227
57984	1.36226
57985	1.36225
57986	1.36224
57987	1.36223
57988	1.36222
57989	1.36221
57990	1.3622
57991	1.36219
57992	1.36218
57993	1.36216
57994	1.36215
57995	1.36214
57996	1.36213
57997	1.36212
57998	1.36211
57999	1.3621
58000	1.36209
58001	1.36208
58002	1.36207
58003	1.36206
58004	1.36205
58005	1.36204
58006	1.36203
58007	1.36202
58008	1.362
58009	1.36199
58010	1.36198
58011	1.36197
58012	1.36196
58013	1.36195
58014	1.36194
58015	1.36193
58016	1.36192
58017	1.3619
58018	1.36189
58019	1.36188
58020	1.36187
58021	1.36186
58022	1.36185
58023	1.36184
58024	1.36182
58025	1.36181
58026	1.3618
58027	1.36179
58028	1.36178
58029	1.36177
58030	1.36175
58031	1.36174
58032	1.36173
58033	1.36172
58034	1.36171
58035	1.36169
58036	1.36168
58037	1.36167
58038	1.36166
58039	1.36165
58040	1.36163
58041	1.36162
58042	1.36161
58043	1.3616
58044	1.36158
58045	1.36157
58046	1.36156
58047	1.36155
58048	1.36153
58049	1.36152
58050	1.36151
58051	1.3615
58052	1.36148
58053	1.36147
58054	1.36146
58055	1.36144
58056	1.36143
58057	1.36142
58058	1.3614
58059	1.36139
58060	1.36138
58061	1.36137
58062	1.36135
58063	1.36134
58064	1.36133
58065	1.36131
58066	1.3613
58067	1.36129
58068	1.36127
58069	1.36126
58070	1.36124
58071	1.36123
58072	1.36122
58073	1.3612
58074	1.36119
58075	1.36118
58076	1.36116
58077	1.36115
58078	1.36113
58079	1.36112
58080	1.36111
58081	1.36109
58082	1.36108
58083	1.36106
58084	1.36105
58085	1.36103
58086	1.36102
58087	1.36101
58088	1.36099
58089	1.36098
58090	1.36096
58091	1.36095
58092	1.36093
58093	1.36092
58094	1.3609
58095	1.36089
58096	1.36087
58097	1.36086
58098	1.36084
58099	1.36083
58100	1.36081
58101	1.3608
58102	1.36078
58103	1.36077
58104	1.36075
58105	1.36074
58106	1.36072
58107	1.36071
58108	1.36069
58109	1.36067
58110	1.36066
58111	1.36064
58112	1.36063
58113	1.36061
58114	1.3606
58115	1.36058
58116	1.36056
58117	1.36055
58118	1.36053
58119	1.36052
58120	1.3605
58121	1.36048
58122	1.36047
58123	1.36045
58124	1.36043
58125	1.36042
58126	1.3604
58127	1.36038
58128	1.36037
58129	1.36035
58130	1.36033
58131	1.36032
58132	1.3603
58133	1.36028
58134	1.36027
58135	1.36025
58136	1.36023
58137	1.36021
58138	1.3602
58139	1.36018
58140	1.36016
58141	1.36015
58142	1.36013
58143	1.36011
58144	1.36009
58145	1.36008
58146	1.36006
58147	1.36004
58148	1.36002
58149	1.36
58150	1.35999
58151	1.35997
58152	1.35995
58153	1.35993
58154	1.35991
58155	1.3599
58156	1.35988
58157	1.35986
58158	1.35984
58159	1.35982
58160	1.3598
58161	1.35978
58162	1.35977
58163	1.35975
58164	1.35973
58165	1.35971
58166	1.35969
58167	1.35967
58168	1.35965
58169	1.35963
58170	1.35961
58171	1.3596
58172	1.35958
58173	1.35956
58174	1.35954
58175	1.35952
58176	1.3595
58177	1.35948
58178	1.35946
58179	1.35944
58180	1.35942
58181	1.3594
58182	1.35938
58183	1.35936
58184	1.35934
58185	1.35932
58186	1.3593
58187	1.35928
58188	1.35926
58189	1.35924
58190	1.35922
58191	1.3592
58192	1.35918
58193	1.35916
58194	1.35913
58195	1.35911
58196	1.35909
58197	1.35907
58198	1.35905
58199	1.35903
58200	1.35901
58201	1.35899
58202	1.35897
58203	1.35894
58204	1.35892
58205	1.3589
58206	1.35888
58207	1.35886
58208	1.35884
58209	1.35881
58210	1.35879
58211	1.35877
58212	1.35875
58213	1.35873
58214	1.3587
58215	1.35868
58216	1.35866
58217	1.35864
58218	1.35862
58219	1.35859
58220	1.35857
58221	1.35855
58222	1.35853
58223	1.3585
58224	1.35848
58225	1.35846
58226	1.35843
58227	1.35841
58228	1.35839
58229	1.35836
58230	1.35834
58231	1.35832
58232	1.35829
58233	1.35827
58234	1.35825
58235	1.35822
58236	1.3582
58237	1.35818
58238	1.35815
58239	1.35813
58240	1.3581
58241	1.35808
58242	1.35806
58243	1.35803
58244	1.35801
58245	1.35798
58246	1.35796
58247	1.35793
58248	1.35791
58249	1.35788
58250	1.35786
58251	1.35783
58252	1.35781
58253	1.35779
58254	1.35776
58255	1.35773
58256	1.35771
58257	1.35768
58258	1.35766
58259	1.35763
58260	1.35761
58261	1.35758
58262	1.35756
58263	1.35753
58264	1.35751
58265	1.35748
58266	1.35745
58267	1.35743
58268	1.3574
58269	1.35738
58270	1.35735
58271	1.35732
58272	1.3573
58273	1.35727
58274	1.35724
58275	1.35722
58276	1.35719
58277	1.35716
58278	1.35714
58279	1.35711
58280	1.35708
58281	1.35706
58282	1.35703
58283	1.357
58284	1.35697
58285	1.35695
58286	1.35692
58287	1.35689
58288	1.35686
58289	1.35684
58290	1.35681
58291	1.35678
58292	1.35675
58293	1.35673
58294	1.3567
58295	1.35667
58296	1.35664
58297	1.35661
58298	1.35659
58299	1.35656
58300	1.35653
58301	1.3565
58302	1.35647
58303	1.35644
58304	1.35641
58305	1.35639
58306	1.35636
58307	1.35633
58308	1.3563
58309	1.35627
58310	1.35624
58311	1.35621
58312	1.35618
58313	1.35615
58314	1.35612
58315	1.35609
58316	1.35606
58317	1.35603
58318	1.35601
58319	1.35598
58320	1.35595
58321	1.35592
58322	1.35589
58323	1.35586
58324	1.35583
58325	1.3558
58326	1.35577
58327	1.35574
58328	1.35571
58329	1.35568
58330	1.35564
58331	1.35561
58332	1.35558
58333	1.35555
58334	1.35552
58335	1.35549
58336	1.35546
58337	1.35543
58338	1.3554
58339	1.35537
58340	1.35534
58341	1.35531
58342	1.35528
58343	1.35524
58344	1.35521
58345	1.35518
58346	1.35515
58347	1.35512
58348	1.35509
58349	1.35506
58350	1.35502
58351	1.35499
58352	1.35496
58353	1.35493
58354	1.3549
58355	1.35487
58356	1.35483
58357	1.3548
58358	1.35477
58359	1.35474
58360	1.35471
58361	1.35467
58362	1.35464
58363	1.35461
58364	1.35458
58365	1.35455
58366	1.35451
58367	1.35448
58368	1.35445
58369	1.35442
58370	1.35438
58371	1.35435
58372	1.35432
58373	1.35429
58374	1.35425
58375	1.35422
58376	1.35419
58377	1.35415
58378	1.35412
58379	1.35409
58380	1.35406
58381	1.35402
58382	1.35399
58383	1.35396
58384	1.35392
58385	1.35389
58386	1.35386
58387	1.35383
58388	1.35379
58389	1.35376
58390	1.35373
58391	1.35369
58392	1.35366
58393	1.35363
58394	1.35359
58395	1.35356
58396	1.35353
58397	1.35349
58398	1.35346
58399	1.35343
58400	1.35339
58401	1.35336
58402	1.35333
58403	1.35329
58404	1.35326
58405	1.35323
58406	1.35319
58407	1.35316
58408	1.35313
58409	1.35309
58410	1.35306
58411	1.35302
58412	1.35299
58413	1.35296
58414	1.35292
58415	1.35289
58416	1.35286
58417	1.35282
58418	1.35279
58419	1.35276
58420	1.35272
58421	1.35269
58422	1.35265
58423	1.35262
58424	1.35259
58425	1.35255
58426	1.35252
58427	1.35249
58428	1.35245
58429	1.35242
58430	1.35239
58431	1.35235
58432	1.35232
58433	1.35228
58434	1.35225
58435	1.35222
58436	1.35218
58437	1.35215
58438	1.35212
58439	1.35208
58440	1.35205
58441	1.35202
58442	1.35198
58443	1.35195
58444	1.35192
58445	1.35188
58446	1.35185
58447	1.35182
58448	1.35178
58449	1.35175
58450	1.35171
58451	1.35168
58452	1.35165
58453	1.35161
58454	1.35158
58455	1.35155
58456	1.35152
58457	1.35148
58458	1.35145
58459	1.35142
58460	1.35138
58461	1.35135
58462	1.35132
58463	1.35128
58464	1.35125
58465	1.35122
58466	1.35118
58467	1.35115
58468	1.35112
58469	1.35109
58470	1.35105
58471	1.35102
58472	1.35099
58473	1.35095
58474	1.35092
58475	1.35089
58476	1.35086
58477	1.35082
58478	1.35079
58479	1.35076
58480	1.35073
58481	1.35069
58482	1.35066
58483	1.35063
58484	1.3506
58485	1.35057
58486	1.35053
58487	1.3505
58488	1.35047
58489	1.35044
58490	1.35041
58491	1.35037
58492	1.35034
58493	1.35031
58494	1.35028
58495	1.35025
58496	1.35021
58497	1.35018
58498	1.35015
58499	1.35012
58500	1.35009
58501	1.35006
58502	1.35003
58503	1.35
58504	1.34996
58505	1.34993
58506	1.3499
58507	1.34987
58508	1.34984
58509	1.34981
58510	1.34978
58511	1.34975
58512	1.34972
58513	1.34969
58514	1.34966
58515	1.34963
58516	1.3496
58517	1.34956
58518	1.34953
58519	1.3495
58520	1.34947
58521	1.34944
58522	1.34941
58523	1.34938
58524	1.34935
58525	1.34932
58526	1.3493
58527	1.34927
58528	1.34924
58529	1.34921
58530	1.34918
58531	1.34915
58532	1.34912
58533	1.34909
58534	1.34906
58535	1.34903
58536	1.349
58537	1.34897
58538	1.34894
58539	1.34892
58540	1.34889
58541	1.34886
58542	1.34883
58543	1.3488
58544	1.34877
58545	1.34875
58546	1.34872
58547	1.34869
58548	1.34866
58549	1.34863
58550	1.34861
58551	1.34858
58552	1.34855
58553	1.34852
58554	1.3485
58555	1.34847
58556	1.34844
58557	1.34841
58558	1.34839
58559	1.34836
58560	1.34833
58561	1.34831
58562	1.34828
58563	1.34825
58564	1.34823
58565	1.3482
58566	1.34817
58567	1.34815
58568	1.34812
58569	1.34809
58570	1.34807
58571	1.34804
58572	1.34802
58573	1.34799
58574	1.34796
58575	1.34794
58576	1.34791
58577	1.34789
58578	1.34786
58579	1.34784
58580	1.34781
58581	1.34779
58582	1.34776
58583	1.34774
58584	1.34771
58585	1.34769
58586	1.34766
58587	1.34764
58588	1.34761
58589	1.34759
58590	1.34757
58591	1.34754
58592	1.34752
58593	1.34749
58594	1.34747
58595	1.34745
58596	1.34742
58597	1.3474
58598	1.34738
58599	1.34735
58600	1.34733
58601	1.34731
58602	1.34728
58603	1.34726
58604	1.34724
58605	1.34721
58606	1.34719
58607	1.34717
58608	1.34715
58609	1.34712
58610	1.3471
58611	1.34708
58612	1.34706
58613	1.34703
58614	1.34701
58615	1.34699
58616	1.34697
58617	1.34695
58618	1.34693
58619	1.3469
58620	1.34688
58621	1.34686
58622	1.34684
58623	1.34682
58624	1.3468
58625	1.34678
58626	1.34676
58627	1.34674
58628	1.34671
58629	1.34669
58630	1.34667
58631	1.34665
58632	1.34663
58633	1.34661
58634	1.34659
58635	1.34657
58636	1.34655
58637	1.34653
58638	1.34651
58639	1.34649
58640	1.34647
58641	1.34646
58642	1.34644
58643	1.34642
58644	1.3464
58645	1.34638
58646	1.34636
58647	1.34634
58648	1.34632
58649	1.3463
58650	1.34628
58651	1.34627
58652	1.34625
58653	1.34623
58654	1.34621
58655	1.34619
58656	1.34618
58657	1.34616
58658	1.34614
58659	1.34612
58660	1.3461
58661	1.34609
58662	1.34607
58663	1.34605
58664	1.34604
58665	1.34602
58666	1.346
58667	1.34598
58668	1.34597
58669	1.34595
58670	1.34593
58671	1.34592
58672	1.3459
58673	1.34588
58674	1.34587
58675	1.34585
58676	1.34584
58677	1.34582
58678	1.3458
58679	1.34579
58680	1.34577
58681	1.34576
58682	1.34574
58683	1.34573
58684	1.34571
58685	1.34569
58686	1.34568
58687	1.34566
58688	1.34565
58689	1.34563
58690	1.34562
58691	1.3456
58692	1.34559
58693	1.34558
58694	1.34556
58695	1.34555
58696	1.34553
58697	1.34552
58698	1.3455
58699	1.34549
58700	1.34548
58701	1.34546
58702	1.34545
58703	1.34543
58704	1.34542
58705	1.34541
58706	1.34539
58707	1.34538
58708	1.34537
58709	1.34535
58710	1.34534
58711	1.34533
58712	1.34532
58713	1.3453
58714	1.34529
58715	1.34528
58716	1.34526
58717	1.34525
58718	1.34524
58719	1.34523
58720	1.34522
58721	1.3452
58722	1.34519
58723	1.34518
58724	1.34517
58725	1.34516
58726	1.34514
58727	1.34513
58728	1.34512
58729	1.34511
58730	1.3451
58731	1.34509
58732	1.34508
58733	1.34507
58734	1.34505
58735	1.34504
58736	1.34503
58737	1.34502
58738	1.34501
58739	1.345
58740	1.34499
58741	1.34498
58742	1.34497
58743	1.34496
58744	1.34495
58745	1.34494
58746	1.34493
58747	1.34492
58748	1.34491
58749	1.3449
58750	1.34489
58751	1.34488
58752	1.34487
58753	1.34486
58754	1.34485
58755	1.34484
58756	1.34483
58757	1.34483
58758	1.34482
58759	1.34481
58760	1.3448
58761	1.34479
58762	1.34478
58763	1.34477
58764	1.34476
58765	1.34476
58766	1.34475
58767	1.34474
58768	1.34473
58769	1.34472
58770	1.34472
58771	1.34471
58772	1.3447
58773	1.34469
58774	1.34468
58775	1.34468
58776	1.34467
58777	1.34466
58778	1.34465
58779	1.34465
58780	1.34464
58781	1.34463
58782	1.34463
58783	1.34462
58784	1.34461
58785	1.3446
58786	1.3446
58787	1.34459
58788	1.34458
58789	1.34458
58790	1.34457
58791	1.34457
58792	1.34456
58793	1.34455
58794	1.34455
58795	1.34454
58796	1.34453
58797	1.34453
58798	1.34452
58799	1.34452
58800	1.34451
58801	1.34451
58802	1.3445
58803	1.3445
58804	1.34449
58805	1.34448
58806	1.34448
58807	1.34447
58808	1.34447
58809	1.34446
58810	1.34446
58811	1.34445
58812	1.34445
58813	1.34445
58814	1.34444
58815	1.34444
58816	1.34443
58817	1.34443
58818	1.34442
58819	1.34442
58820	1.34441
58821	1.34441
58822	1.34441
58823	1.3444
58824	1.3444
58825	1.34439
58826	1.34439
58827	1.34439
58828	1.34438
58829	1.34438
58830	1.34438
58831	1.34437
58832	1.34437
58833	1.34437
58834	1.34436
58835	1.34436
58836	1.34436
58837	1.34435
58838	1.34435
58839	1.34435
58840	1.34435
58841	1.34434
58842	1.34434
58843	1.34434
58844	1.34434
58845	1.34433
58846	1.34433
58847	1.34433
58848	1.34433
58849	1.34432
58850	1.34432
58851	1.34432
58852	1.34432
58853	1.34432
58854	1.34431
58855	1.34431
58856	1.34431
58857	1.34431
58858	1.34431
58859	1.34431
58860	1.3443
58861	1.3443
58862	1.3443
58863	1.3443
58864	1.3443
58865	1.3443
58866	1.3443
58867	1.3443
58868	1.34429
58869	1.34429
58870	1.34429
58871	1.34429
58872	1.34429
58873	1.34429
58874	1.34429
58875	1.34429
58876	1.34429
58877	1.34429
58878	1.34429
58879	1.34429
58880	1.34429
58881	1.34429
58882	1.34429
58883	1.34429
58884	1.34429
58885	1.34429
58886	1.34429
58887	1.34429
58888	1.34429
58889	1.34429
58890	1.34429
58891	1.34429
58892	1.34429
58893	1.34429
58894	1.34429
58895	1.34429
58896	1.34429
58897	1.34429
58898	1.34429
58899	1.34429
58900	1.3443
58901	1.3443
58902	1.3443
58903	1.3443
58904	1.3443
58905	1.3443
58906	1.3443
58907	1.3443
58908	1.3443
58909	1.34431
58910	1.34431
58911	1.34431
58912	1.34431
58913	1.34431
58914	1.34431
58915	1.34431
58916	1.34432
58917	1.34432
58918	1.34432
58919	1.34432
58920	1.34432
58921	1.34433
58922	1.34433
58923	1.34433
58924	1.34433
58925	1.34433
58926	1.34434
58927	1.34434
58928	1.34434
58929	1.34434
58930	1.34434
58931	1.34435
58932	1.34435
58933	1.34435
58934	1.34435
58935	1.34436
58936	1.34436
58937	1.34436
58938	1.34436
58939	1.34437
58940	1.34437
58941	1.34437
58942	1.34438
58943	1.34438
58944	1.34438
58945	1.34438
58946	1.34439
58947	1.34439
58948	1.34439
58949	1.3444
58950	1.3444
58951	1.3444
58952	1.34441
58953	1.34441
58954	1.34441
58955	1.34442
58956	1.34442
58957	1.34442
58958	1.34443
58959	1.34443
58960	1.34443
58961	1.34444
58962	1.34444
58963	1.34444
58964	1.34445
58965	1.34445
58966	1.34446
58967	1.34446
58968	1.34446
58969	1.34447
58970	1.34447
58971	1.34447
58972	1.34448
58973	1.34448
58974	1.34449
58975	1.34449
58976	1.34449
58977	1.3445
58978	1.3445
58979	1.34451
58980	1.34451
58981	1.34451
58982	1.34452
58983	1.34452
58984	1.34453
58985	1.34453
58986	1.34454
58987	1.34454
58988	1.34454
58989	1.34455
58990	1.34455
58991	1.34456
58992	1.34456
58993	1.34457
58994	1.34457
58995	1.34458
58996	1.34458
58997	1.34459
58998	1.34459
58999	1.34459
59000	1.3446
59001	1.3446
59002	1.34461
59003	1.34461
59004	1.34462
59005	1.34462
59006	1.34463
59007	1.34463
59008	1.34464
59009	1.34464
59010	1.34465
59011	1.34465
59012	1.34466
59013	1.34466
59014	1.34467
59015	1.34467
59016	1.34468
59017	1.34468
59018	1.34469
59019	1.34469
59020	1.3447
59021	1.3447
59022	1.34471
59023	1.34471
59024	1.34472
59025	1.34472
59026	1.34473
59027	1.34473
59028	1.34474
59029	1.34474
59030	1.34475
59031	1.34475
59032	1.34476
59033	1.34476
59034	1.34477
59035	1.34477
59036	1.34478
59037	1.34478
59038	1.34479
59039	1.34479
59040	1.3448
59041	1.3448
59042	1.34481
59043	1.34481
59044	1.34482
59045	1.34483
59046	1.34483
59047	1.34484
59048	1.34484
59049	1.34485
59050	1.34485
59051	1.34486
59052	1.34486
59053	1.34487
59054	1.34487
59055	1.34488
59056	1.34488
59057	1.34489
59058	1.3449
59059	1.3449
59060	1.34491
59061	1.34491
59062	1.34492
59063	1.34492
59064	1.34493
59065	1.34493
59066	1.34494
59067	1.34494
59068	1.34495
59069	1.34496
59070	1.34496
59071	1.34497
59072	1.34497
59073	1.34498
59074	1.34498
59075	1.34499
59076	1.34499
59077	1.345
59078	1.345
59079	1.34501
59080	1.34502
59081	1.34502
59082	1.34503
59083	1.34503
59084	1.34504
59085	1.34504
59086	1.34505
59087	1.34505
59088	1.34506
59089	1.34506
59090	1.34507
59091	1.34508
59092	1.34508
59093	1.34509
59094	1.34509
59095	1.3451
59096	1.3451
59097	1.34511
59098	1.34511
59099	1.34512
59100	1.34512
59101	1.34513
59102	1.34514
59103	1.34514
59104	1.34515
59105	1.34515
59106	1.34516
59107	1.34516
59108	1.34517
59109	1.34517
59110	1.34518
59111	1.34518
59112	1.34519
59113	1.3452
59114	1.3452
59115	1.34521
59116	1.34521
59117	1.34522
59118	1.34522
59119	1.34523
59120	1.34523
59121	1.34524
59122	1.34524
59123	1.34525
59124	1.34525
59125	1.34526
59126	1.34526
59127	1.34527
59128	1.34527
59129	1.34528
59130	1.34529
59131	1.34529
59132	1.3453
59133	1.3453
59134	1.34531
59135	1.34531
59136	1.34532
59137	1.34532
59138	1.34533
59139	1.34533
59140	1.34534
59141	1.34534
59142	1.34535
59143	1.34535
59144	1.34536
59145	1.34536
59146	1.34537
59147	1.34537
59148	1.34538
59149	1.34538
59150	1.34539
59151	1.34539
59152	1.3454
59153	1.3454
59154	1.34541
59155	1.34541
59156	1.34542
59157	1.34542
59158	1.34543
59159	1.34543
59160	1.34544
59161	1.34544
59162	1.34545
59163	1.34545
59164	1.34546
59165	1.34546
59166	1.34547
59167	1.34547
59168	1.34548
59169	1.34548
59170	1.34549
59171	1.34549
59172	1.3455
59173	1.3455
59174	1.3455
59175	1.34551
59176	1.34551
59177	1.34552
59178	1.34552
59179	1.34553
59180	1.34553
59181	1.34554
59182	1.34554
59183	1.34555
59184	1.34555
59185	1.34556
59186	1.34556
59187	1.34557
59188	1.34557
59189	1.34557
59190	1.34558
59191	1.34558
59192	1.34559
59193	1.34559
59194	1.3456
59195	1.3456
59196	1.34561
59197	1.34561
59198	1.34561
59199	1.34562
59200	1.34562
59201	1.34563
59202	1.34563
59203	1.34564
59204	1.34564
59205	1.34564
59206	1.34565
59207	1.34565
59208	1.34566
59209	1.34566
59210	1.34567
59211	1.34567
59212	1.34567
59213	1.34568
59214	1.34568
59215	1.34569
59216	1.34569
59217	1.34569
59218	1.3457
59219	1.3457
59220	1.34571
59221	1.34571
59222	1.34571
59223	1.34572
59224	1.34572
59225	1.34573
59226	1.34573
59227	1.34573
59228	1.34574
59229	1.34574
59230	1.34575
59231	1.34575
59232	1.34575
59233	1.34576
59234	1.34576
59235	1.34577
59236	1.34577
59237	1.34577
59238	1.34578
59239	1.34578
59240	1.34579
59241	1.34579
59242	1.34579
59243	1.3458
59244	1.3458
59245	1.3458
59246	1.34581
59247	1.34581
59248	1.34581
59249	1.34582
59250	1.34582
59251	1.34583
59252	1.34583
59253	1.34583
59254	1.34584
59255	1.34584
59256	1.34584
59257	1.34585
59258	1.34585
59259	1.34585
59260	1.34586
59261	1.34586
59262	1.34586
59263	1.34587
59264	1.34587
59265	1.34588
59266	1.34588
59267	1.34588
59268	1.34589
59269	1.34589
59270	1.34589
59271	1.3459
59272	1.3459
59273	1.3459
59274	1.34591
59275	1.34591
59276	1.34591
59277	1.34592
59278	1.34592
59279	1.34592
59280	1.34593
59281	1.34593
59282	1.34593
59283	1.34594
59284	1.34594
59285	1.34594
59286	1.34595
59287	1.34595
59288	1.34595
59289	1.34596
59290	1.34596
59291	1.34596
59292	1.34596
59293	1.34597
59294	1.34597
59295	1.34597
59296	1.34598
59297	1.34598
59298	1.34598
59299	1.34599
59300	1.34599
59301	1.34599
59302	1.346
59303	1.346
59304	1.346
59305	1.34601
59306	1.34601
59307	1.34601
59308	1.34601
59309	1.34602
59310	1.34602
59311	1.34602
59312	1.34603
59313	1.34603
59314	1.34603
59315	1.34604
59316	1.34604
59317	1.34604
59318	1.34604
59319	1.34605
59320	1.34605
59321	1.34605
59322	1.34606
59323	1.34606
59324	1.34606
59325	1.34607
59326	1.34607
59327	1.34607
59328	1.34607
59329	1.34608
59330	1.34608
59331	1.34608
59332	1.34609
59333	1.34609
59334	1.34609
59335	1.3461
59336	1.3461
59337	1.3461
59338	1.3461
59339	1.34611
59340	1.34611
59341	1.34611
59342	1.34612
59343	1.34612
59344	1.34612
59345	1.34613
59346	1.34613
59347	1.34613
59348	1.34613
59349	1.34614
59350	1.34614
59351	1.34614
59352	1.34615
59353	1.34615
59354	1.34615
59355	1.34616
59356	1.34616
59357	1.34616
59358	1.34616
59359	1.34617
59360	1.34617
59361	1.34617
59362	1.34618
59363	1.34618
59364	1.34618
59365	1.34619
59366	1.34619
59367	1.34619
59368	1.34619
59369	1.3462
59370	1.3462
59371	1.3462
59372	1.34621
59373	1.34621
59374	1.34621
59375	1.34622
59376	1.34622
59377	1.34622
59378	1.34622
59379	1.34623
59380	1.34623
59381	1.34623
59382	1.34624
59383	1.34624
59384	1.34624
59385	1.34625
59386	1.34625
59387	1.34625
59388	1.34626
59389	1.34626
59390	1.34626
59391	1.34627
59392	1.34627
59393	1.34627
59394	1.34628
59395	1.34628
59396	1.34628
59397	1.34629
59398	1.34629
59399	1.34629
59400	1.3463
59401	1.3463
59402	1.3463
59403	1.34631
59404	1.34631
59405	1.34631
59406	1.34632
59407	1.34632
59408	1.34632
59409	1.34633
59410	1.34633
59411	1.34633
59412	1.34634
59413	1.34634
59414	1.34634
59415	1.34635
59416	1.34635
59417	1.34635
59418	1.34636
59419	1.34636
59420	1.34637
59421	1.34637
59422	1.34637
59423	1.34638
59424	1.34638
59425	1.34638
59426	1.34639
59427	1.34639
59428	1.3464
59429	1.3464
59430	1.3464
59431	1.34641
59432	1.34641
59433	1.34641
59434	1.34642
59435	1.34642
59436	1.34643
59437	1.34643
59438	1.34643
59439	1.34644
59440	1.34644
59441	1.34645
59442	1.34645
59443	1.34645
59444	1.34646
59445	1.34646
59446	1.34647
59447	1.34647
59448	1.34648
59449	1.34648
59450	1.34648
59451	1.34649
59452	1.34649
59453	1.3465
59454	1.3465
59455	1.34651
59456	1.34651
59457	1.34651
59458	1.34652
59459	1.34652
59460	1.34653
59461	1.34653
59462	1.34654
59463	1.34654
59464	1.34655
59465	1.34655
59466	1.34656
59467	1.34656
59468	1.34656
59469	1.34657
59470	1.34657
59471	1.34658
59472	1.34658
59473	1.34659
59474	1.34659
59475	1.3466
59476	1.3466
59477	1.34661
59478	1.34661
59479	1.34662
59480	1.34662
59481	1.34663
59482	1.34663
59483	1.34664
59484	1.34664
59485	1.34665
59486	1.34666
59487	1.34666
59488	1.34667
59489	1.34667
59490	1.34668
59491	1.34668
59492	1.34669
59493	1.34669
59494	1.3467
59495	1.3467
59496	1.34671
59497	1.34672
59498	1.34672
59499	1.34673
59500	1.34673
59501	1.34674
59502	1.34674
59503	1.34675
59504	1.34676
59505	1.34676
59506	1.34677
59507	1.34677
59508	1.34678
59509	1.34679
59510	1.34679
59511	1.3468
59512	1.3468
59513	1.34681
59514	1.34682
59515	1.34682
59516	1.34683
59517	1.34684
59518	1.34684
59519	1.34685
59520	1.34685
59521	1.34686
59522	1.34687
59523	1.34687
59524	1.34688
59525	1.34689
59526	1.34689
59527	1.3469
59528	1.34691
59529	1.34691
59530	1.34692
59531	1.34693
59532	1.34694
59533	1.34694
59534	1.34695
59535	1.34696
59536	1.34696
59537	1.34697
59538	1.34698
59539	1.34699
59540	1.34699
59541	1.347
59542	1.34701
59543	1.34701
59544	1.34702
59545	1.34703
59546	1.34704
59547	1.34704
59548	1.34705
59549	1.34706
59550	1.34707
59551	1.34708
59552	1.34708
59553	1.34709
59554	1.3471
59555	1.34711
59556	1.34711
59557	1.34712
59558	1.34713
59559	1.34714
59560	1.34715
59561	1.34715
59562	1.34716
59563	1.34717
59564	1.34718
59565	1.34719
59566	1.3472
59567	1.3472
59568	1.34721
59569	1.34722
59570	1.34723
59571	1.34724
59572	1.34725
59573	1.34726
59574	1.34726
59575	1.34727
59576	1.34728
59577	1.34729
59578	1.3473
59579	1.34731
59580	1.34732
59581	1.34733
59582	1.34734
59583	1.34735
59584	1.34735
59585	1.34736
59586	1.34737
59587	1.34738
59588	1.34739
59589	1.3474
59590	1.34741
59591	1.34742
59592	1.34743
59593	1.34744
59594	1.34745
59595	1.34746
59596	1.34747
59597	1.34748
59598	1.34749
59599	1.3475
59600	1.34751
59601	1.34752
59602	1.34753
59603	1.34754
59604	1.34755
59605	1.34756
59606	1.34757
59607	1.34758
59608	1.34759
59609	1.3476
59610	1.34761
59611	1.34762
59612	1.34763
59613	1.34764
59614	1.34765
59615	1.34766
59616	1.34767
59617	1.34768
59618	1.34769
59619	1.34771
59620	1.34772
59621	1.34773
59622	1.34774
59623	1.34775
59624	1.34776
59625	1.34777
59626	1.34778
59627	1.34779
59628	1.34781
59629	1.34782
59630	1.34783
59631	1.34784
59632	1.34785
59633	1.34786
59634	1.34787
59635	1.34789
59636	1.3479
59637	1.34791
59638	1.34792
59639	1.34793
59640	1.34794
59641	1.34796
59642	1.34797
59643	1.34798
59644	1.34799
59645	1.348
59646	1.34802
59647	1.34803
59648	1.34804
59649	1.34805
59650	1.34807
59651	1.34808
59652	1.34809
59653	1.3481
59654	1.34811
59655	1.34813
59656	1.34814
59657	1.34815
59658	1.34817
59659	1.34818
59660	1.34819
59661	1.3482
59662	1.34822
59663	1.34823
59664	1.34824
59665	1.34826
59666	1.34827
59667	1.34828
59668	1.34829
59669	1.34831
59670	1.34832
59671	1.34833
59672	1.34835
59673	1.34836
59674	1.34837
59675	1.34839
59676	1.3484
59677	1.34842
59678	1.34843
59679	1.34844
59680	1.34846
59681	1.34847
59682	1.34848
59683	1.3485
59684	1.34851
59685	1.34853
59686	1.34854
59687	1.34855
59688	1.34857
59689	1.34858
59690	1.3486
59691	1.34861
59692	1.34862
59693	1.34864
59694	1.34865
59695	1.34867
59696	1.34868
59697	1.3487
59698	1.34871
59699	1.34873
59700	1.34874
59701	1.34875
59702	1.34877
59703	1.34878
59704	1.3488
59705	1.34881
59706	1.34883
59707	1.34884
59708	1.34886
59709	1.34887
59710	1.34889
59711	1.3489
59712	1.34892
59713	1.34893
59714	1.34895
59715	1.34896
59716	1.34898
59717	1.349
59718	1.34901
59719	1.34903
59720	1.34904
59721	1.34906
59722	1.34907
59723	1.34909
59724	1.3491
59725	1.34912
59726	1.34914
59727	1.34915
59728	1.34917
59729	1.34918
59730	1.3492
59731	1.34921
59732	1.34923
59733	1.34925
59734	1.34926
59735	1.34928
59736	1.34929
59737	1.34931
59738	1.34933
59739	1.34934
59740	1.34936
59741	1.34938
59742	1.34939
59743	1.34941
59744	1.34943
59745	1.34944
59746	1.34946
59747	1.34947
59748	1.34949
59749	1.34951
59750	1.34952
59751	1.34954
59752	1.34956
59753	1.34957
59754	1.34959
59755	1.34961
59756	1.34963
59757	1.34964
59758	1.34966
59759	1.34968
59760	1.34969
59761	1.34971
59762	1.34973
59763	1.34974
59764	1.34976
59765	1.34978
59766	1.3498
59767	1.34981
59768	1.34983
59769	1.34985
59770	1.34987
59771	1.34988
59772	1.3499
59773	1.34992
59774	1.34993
59775	1.34995
59776	1.34997
59777	1.34999
59778	1.35001
59779	1.35002
59780	1.35004
59781	1.35006
59782	1.35008
59783	1.35009
59784	1.35011
59785	1.35013
59786	1.35015
59787	1.35017
59788	1.35018
59789	1.3502
59790	1.35022
59791	1.35024
59792	1.35026
59793	1.35027
59794	1.35029
59795	1.35031
59796	1.35033
59797	1.35035
59798	1.35036
59799	1.35038
59800	1.3504
59801	1.35042
59802	1.35044
59803	1.35046
59804	1.35047
59805	1.35049
59806	1.35051
59807	1.35053
59808	1.35055
59809	1.35057
59810	1.35059
59811	1.3506
59812	1.35062
59813	1.35064
59814	1.35066
59815	1.35068
59816	1.3507
59817	1.35072
59818	1.35073
59819	1.35075
59820	1.35077
59821	1.35079
59822	1.35081
59823	1.35083
59824	1.35085
59825	1.35087
59826	1.35089
59827	1.3509
59828	1.35092
59829	1.35094
59830	1.35096
59831	1.35098
59832	1.351
59833	1.35102
59834	1.35104
59835	1.35106
59836	1.35108
59837	1.3511
59838	1.35111
59839	1.35113
59840	1.35115
59841	1.35117
59842	1.35119
59843	1.35121
59844	1.35123
59845	1.35125
59846	1.35127
59847	1.35129
59848	1.35131
59849	1.35133
59850	1.35135
59851	1.35137
59852	1.35139
59853	1.35141
59854	1.35142
59855	1.35144
59856	1.35146
59857	1.35148
59858	1.3515
59859	1.35152
59860	1.35154
59861	1.35156
59862	1.35158
59863	1.3516
59864	1.35162
59865	1.35164
59866	1.35166
59867	1.35168
59868	1.3517
59869	1.35172
59870	1.35174
59871	1.35176
59872	1.35178
59873	1.3518
59874	1.35182
59875	1.35184
59876	1.35186
59877	1.35188
59878	1.3519
59879	1.35192
59880	1.35194
59881	1.35196
59882	1.35198
59883	1.352
59884	1.35202
59885	1.35204
59886	1.35206
59887	1.35208
59888	1.3521
59889	1.35212
59890	1.35214
59891	1.35216
59892	1.35218
59893	1.3522
59894	1.35222
59895	1.35224
59896	1.35226
59897	1.35228
59898	1.3523
59899	1.35232
59900	1.35234
59901	1.35236
59902	1.35238
59903	1.3524
59904	1.35242
59905	1.35244
59906	1.35246
59907	1.35248
59908	1.3525
59909	1.35252
59910	1.35254
59911	1.35256
59912	1.35258
59913	1.3526
59914	1.35262
59915	1.35264
59916	1.35266
59917	1.35268
59918	1.3527
59919	1.35272
59920	1.35274
59921	1.35276
59922	1.35278
59923	1.3528
59924	1.35282
59925	1.35284
59926	1.35286
59927	1.35288
59928	1.3529
59929	1.35292
59930	1.35294
59931	1.35296
59932	1.35298
59933	1.353
59934	1.35302
59935	1.35304
59936	1.35306
59937	1.35308
59938	1.3531
59939	1.35312
59940	1.35314
59941	1.35316
59942	1.35319
59943	1.35321
59944	1.35323
59945	1.35325
59946	1.35327
59947	1.35329
59948	1.35331
59949	1.35333
59950	1.35335
59951	1.35337
59952	1.35339
59953	1.35341
59954	1.35343
59955	1.35345
59956	1.35347
59957	1.35349
59958	1.35351
59959	1.35353
59960	1.35355
59961	1.35357
59962	1.35359
59963	1.35361
59964	1.35363
59965	1.35365
59966	1.35367
59967	1.35369
59968	1.35371
59969	1.35373
59970	1.35375
59971	1.35377
59972	1.35379
59973	1.35381
59974	1.35383
59975	1.35385
59976	1.35387
59977	1.35389
59978	1.35391
59979	1.35393
59980	1.35395
59981	1.35398
59982	1.354
59983	1.35402
59984	1.35404
59985	1.35406
59986	1.35408
59987	1.3541
59988	1.35412
59989	1.35414
59990	1.35416
59991	1.35418
59992	1.3542
59993	1.35422
59994	1.35424
59995	1.35426
59996	1.35428
59997	1.3543
59998	1.35432
59999	1.35434
60000	1.35436
60001	1.35438
60002	1.3544
60003	1.35442
60004	1.35444
60005	1.35446
60006	1.35448
60007	1.3545
60008	1.35452
60009	1.35454
60010	1.35456
60011	1.35458
60012	1.3546
60013	1.35462
60014	1.35464
60015	1.35466
60016	1.35468
60017	1.3547
60018	1.35472
60019	1.35474
60020	1.35476
60021	1.35478
60022	1.3548
60023	1.35482
60024	1.35484
60025	1.35486
60026	1.35488
60027	1.3549
60028	1.35492
60029	1.35494
60030	1.35496
60031	1.35498
60032	1.355
60033	1.35502
60034	1.35504
60035	1.35506
60036	1.35508
60037	1.3551
60038	1.35512
60039	1.35514
60040	1.35516
60041	1.35518
60042	1.3552
60043	1.35522
60044	1.35524
60045	1.35526
60046	1.35528
60047	1.3553
60048	1.35532
60049	1.35534
60050	1.35536
60051	1.35538
60052	1.3554
60053	1.35542
60054	1.35544
60055	1.35546
60056	1.35548
60057	1.3555
60058	1.35552
60059	1.35554
60060	1.35556
60061	1.35558
60062	1.3556
60063	1.35562
60064	1.35564
60065	1.35566
60066	1.35568
60067	1.3557
60068	1.35572
60069	1.35574
60070	1.35576
60071	1.35578
60072	1.3558
60073	1.35582
60074	1.35584
60075	1.35586
60076	1.35588
60077	1.35589
60078	1.35591
60079	1.35593
60080	1.35595
60081	1.35597
60082	1.35599
60083	1.35601
60084	1.35603
60085	1.35605
60086	1.35607
60087	1.35609
60088	1.35611
60089	1.35613
60090	1.35615
60091	1.35617
60092	1.35619
60093	1.35621
60094	1.35623
60095	1.35625
60096	1.35627
60097	1.35629
60098	1.35631
60099	1.35633
60100	1.35635
60101	1.35637
60102	1.35639
60103	1.35641
60104	1.35643
60105	1.35645
60106	1.35647
60107	1.35649
60108	1.35651
60109	1.35653
60110	1.35654
60111	1.35656
60112	1.35658
60113	1.3566
60114	1.35662
60115	1.35664
60116	1.35666
60117	1.35668
60118	1.3567
60119	1.35672
60120	1.35674
60121	1.35676
60122	1.35678
60123	1.3568
60124	1.35682
60125	1.35684
60126	1.35686
60127	1.35688
60128	1.3569
60129	1.35692
60130	1.35694
60131	1.35696
60132	1.35698
60133	1.357
60134	1.35702
60135	1.35704
60136	1.35706
60137	1.35708
60138	1.3571
60139	1.35711
60140	1.35713
60141	1.35715
60142	1.35717
60143	1.35719
60144	1.35721
60145	1.35723
60146	1.35725
60147	1.35727
60148	1.35729
60149	1.35731
60150	1.35733
60151	1.35735
60152	1.35737
60153	1.35739
60154	1.35741
60155	1.35743
60156	1.35745
60157	1.35747
60158	1.35749
60159	1.35751
60160	1.35753
60161	1.35755
60162	1.35757
60163	1.35759
60164	1.35761
60165	1.35763
60166	1.35765
60167	1.35767
60168	1.35769
60169	1.35771
60170	1.35773
60171	1.35775
60172	1.35777
60173	1.35779
60174	1.3578
60175	1.35782
60176	1.35784
60177	1.35786
60178	1.35788
60179	1.3579
60180	1.35792
60181	1.35794
60182	1.35796
60183	1.35798
60184	1.358
60185	1.35802
60186	1.35804
60187	1.35806
60188	1.35808
60189	1.3581
60190	1.35812
60191	1.35814
60192	1.35816
60193	1.35818
60194	1.3582
60195	1.35822
60196	1.35824
60197	1.35826
60198	1.35828
60199	1.3583
60200	1.35832
60201	1.35834
60202	1.35836
60203	1.35838
60204	1.3584
60205	1.35842
60206	1.35844
60207	1.35846
60208	1.35848
60209	1.3585
60210	1.35852
60211	1.35854
60212	1.35856
60213	1.35858
60214	1.3586
60215	1.35862
60216	1.35864
60217	1.35866
60218	1.35868
60219	1.3587
60220	1.35872
60221	1.35874
60222	1.35876
60223	1.35879
60224	1.35881
60225	1.35883
60226	1.35885
60227	1.35887
60228	1.35889
60229	1.35891
60230	1.35893
60231	1.35895
60232	1.35897
60233	1.35899
60234	1.35901
60235	1.35903
60236	1.35905
60237	1.35907
60238	1.35909
60239	1.35911
60240	1.35913
60241	1.35915
60242	1.35917
60243	1.35919
60244	1.35921
60245	1.35923
60246	1.35925
60247	1.35928
60248	1.3593
60249	1.35932
60250	1.35934
60251	1.35936
60252	1.35938
60253	1.3594
60254	1.35942
60255	1.35944
60256	1.35946
60257	1.35948
60258	1.3595
60259	1.35952
60260	1.35954
60261	1.35957
60262	1.35959
60263	1.35961
60264	1.35963
60265	1.35965
60266	1.35967
60267	1.35969
60268	1.35971
60269	1.35973
60270	1.35975
60271	1.35977
60272	1.3598
60273	1.35982
60274	1.35984
60275	1.35986
60276	1.35988
60277	1.3599
60278	1.35992
60279	1.35994
60280	1.35996
60281	1.35999
60282	1.36001
60283	1.36003
60284	1.36005
60285	1.36007
60286	1.36009
60287	1.36011
60288	1.36013
60289	1.36016
60290	1.36018
60291	1.3602
60292	1.36022
60293	1.36024
60294	1.36026
60295	1.36028
60296	1.36031
60297	1.36033
60298	1.36035
60299	1.36037
60300	1.36039
60301	1.36041
60302	1.36044
60303	1.36046
60304	1.36048
60305	1.3605
60306	1.36052
60307	1.36054
60308	1.36057
60309	1.36059
60310	1.36061
60311	1.36063
60312	1.36065
60313	1.36067
60314	1.3607
60315	1.36072
60316	1.36074
60317	1.36076
60318	1.36078
60319	1.36081
60320	1.36083
60321	1.36085
60322	1.36087
60323	1.36089
60324	1.36092
60325	1.36094
60326	1.36096
60327	1.36098
60328	1.36101
60329	1.36103
60330	1.36105
60331	1.36107
60332	1.36109
60333	1.36112
60334	1.36114
60335	1.36116
60336	1.36118
60337	1.36121
60338	1.36123
60339	1.36125
60340	1.36127
60341	1.3613
60342	1.36132
60343	1.36134
60344	1.36136
60345	1.36139
60346	1.36141
60347	1.36143
60348	1.36145
60349	1.36148
60350	1.3615
60351	1.36152
60352	1.36154
60353	1.36157
60354	1.36159
60355	1.36161
60356	1.36164
60357	1.36166
60358	1.36168
60359	1.3617
60360	1.36173
60361	1.36175
60362	1.36177
60363	1.3618
60364	1.36182
60365	1.36184
60366	1.36186
60367	1.36189
60368	1.36191
60369	1.36193
60370	1.36196
60371	1.36198
60372	1.362
60373	1.36203
60374	1.36205
60375	1.36207
60376	1.3621
60377	1.36212
60378	1.36214
60379	1.36217
60380	1.36219
60381	1.36221
60382	1.36224
60383	1.36226
60384	1.36228
60385	1.36231
60386	1.36233
60387	1.36235
60388	1.36238
60389	1.3624
60390	1.36242
60391	1.36245
60392	1.36247
60393	1.36249
60394	1.36252
60395	1.36254
60396	1.36256
60397	1.36259
60398	1.36261
60399	1.36263
60400	1.36266
60401	1.36268
60402	1.36271
60403	1.36273
60404	1.36275
60405	1.36278
60406	1.3628
60407	1.36282
60408	1.36285
60409	1.36287
60410	1.3629
60411	1.36292
60412	1.36294
60413	1.36297
60414	1.36299
60415	1.36302
60416	1.36304
60417	1.36306
60418	1.36309
60419	1.36311
60420	1.36313
60421	1.36316
60422	1.36318
60423	1.36321
60424	1.36323
60425	1.36325
60426	1.36328
60427	1.3633
60428	1.36333
60429	1.36335
60430	1.36338
60431	1.3634
60432	1.36342
60433	1.36345
60434	1.36347
60435	1.3635
60436	1.36352
60437	1.36354
60438	1.36357
60439	1.36359
60440	1.36362
60441	1.36364
60442	1.36367
60443	1.36369
60444	1.36371
60445	1.36374
60446	1.36376
60447	1.36379
60448	1.36381
60449	1.36383
60450	1.36386
60451	1.36388
60452	1.36391
60453	1.36393
60454	1.36396
60455	1.36398
60456	1.364
60457	1.36403
60458	1.36405
60459	1.36408
60460	1.3641
60461	1.36413
60462	1.36415
60463	1.36417
60464	1.3642
60465	1.36422
60466	1.36425
60467	1.36427
60468	1.3643
60469	1.36432
60470	1.36434
60471	1.36437
60472	1.36439
60473	1.36442
60474	1.36444
60475	1.36447
60476	1.36449
60477	1.36451
60478	1.36454
60479	1.36456
60480	1.36459
60481	1.36461
60482	1.36464
60483	1.36466
60484	1.36468
60485	1.36471
60486	1.36473
60487	1.36476
60488	1.36478
60489	1.3648
60490	1.36483
60491	1.36485
60492	1.36488
60493	1.3649
60494	1.36493
60495	1.36495
60496	1.36497
60497	1.365
60498	1.36502
60499	1.36505
60500	1.36507
60501	1.36509
60502	1.36512
60503	1.36514
60504	1.36517
60505	1.36519
60506	1.36521
60507	1.36524
60508	1.36526
60509	1.36529
60510	1.36531
60511	1.36533
60512	1.36536
60513	1.36538
60514	1.3654
60515	1.36543
60516	1.36545
60517	1.36548
60518	1.3655
60519	1.36552
60520	1.36555
60521	1.36557
60522	1.36559
60523	1.36562
60524	1.36564
60525	1.36566
60526	1.36569
60527	1.36571
60528	1.36573
60529	1.36576
60530	1.36578
60531	1.3658
60532	1.36583
60533	1.36585
60534	1.36587
60535	1.3659
60536	1.36592
60537	1.36594
60538	1.36597
60539	1.36599
60540	1.36601
60541	1.36604
60542	1.36606
60543	1.36608
60544	1.3661
60545	1.36613
60546	1.36615
60547	1.36617
60548	1.3662
60549	1.36622
60550	1.36624
60551	1.36626
60552	1.36629
60553	1.36631
60554	1.36633
60555	1.36635
60556	1.36638
60557	1.3664
60558	1.36642
60559	1.36644
60560	1.36647
60561	1.36649
60562	1.36651
60563	1.36653
60564	1.36655
60565	1.36658
60566	1.3666
60567	1.36662
60568	1.36664
60569	1.36666
60570	1.36669
60571	1.36671
60572	1.36673
60573	1.36675
60574	1.36677
60575	1.36679
60576	1.36682
60577	1.36684
60578	1.36686
60579	1.36688
60580	1.3669
60581	1.36692
60582	1.36694
60583	1.36696
60584	1.36699
60585	1.36701
60586	1.36703
60587	1.36705
60588	1.36707
60589	1.36709
60590	1.36711
60591	1.36713
60592	1.36715
60593	1.36717
60594	1.36719
60595	1.36721
60596	1.36723
60597	1.36725
60598	1.36727
60599	1.36729
60600	1.36731
60601	1.36733
60602	1.36735
60603	1.36737
60604	1.36739
60605	1.36741
60606	1.36743
60607	1.36745
60608	1.36747
60609	1.36749
60610	1.36751
60611	1.36753
60612	1.36755
60613	1.36757
60614	1.36759
60615	1.36761
60616	1.36763
60617	1.36765
60618	1.36766
60619	1.36768
60620	1.3677
60621	1.36772
60622	1.36774
60623	1.36776
60624	1.36778
60625	1.36779
60626	1.36781
60627	1.36783
60628	1.36785
60629	1.36787
60630	1.36789
60631	1.3679
60632	1.36792
60633	1.36794
60634	1.36796
60635	1.36797
60636	1.36799
60637	1.36801
60638	1.36803
60639	1.36804
60640	1.36806
60641	1.36808
60642	1.36809
60643	1.36811
60644	1.36813
60645	1.36815
60646	1.36816
60647	1.36818
60648	1.3682
60649	1.36821
60650	1.36823
60651	1.36824
60652	1.36826
60653	1.36828
60654	1.36829
60655	1.36831
60656	1.36832
60657	1.36834
60658	1.36836
60659	1.36837
60660	1.36839
60661	1.3684
60662	1.36842
60663	1.36843
60664	1.36845
60665	1.36846
60666	1.36848
60667	1.36849
60668	1.36851
60669	1.36852
60670	1.36854
60671	1.36855
60672	1.36857
60673	1.36858
60674	1.3686
60675	1.36861
60676	1.36862
60677	1.36864
60678	1.36865
60679	1.36867
60680	1.36868
60681	1.36869
60682	1.36871
60683	1.36872
60684	1.36873
60685	1.36875
60686	1.36876
60687	1.36877
60688	1.36879
60689	1.3688
60690	1.36881
60691	1.36882
60692	1.36884
60693	1.36885
60694	1.36886
60695	1.36887
60696	1.36889
60697	1.3689
60698	1.36891
60699	1.36892
60700	1.36894
60701	1.36895
60702	1.36896
60703	1.36897
60704	1.36898
60705	1.36899
60706	1.369
60707	1.36902
60708	1.36903
60709	1.36904
60710	1.36905
60711	1.36906
60712	1.36907
60713	1.36908
60714	1.36909
60715	1.3691
60716	1.36911
60717	1.36912
60718	1.36913
60719	1.36914
60720	1.36915
60721	1.36916
60722	1.36917
60723	1.36918
60724	1.36919
60725	1.3692
60726	1.36921
60727	1.36922
60728	1.36923
60729	1.36924
60730	1.36925
60731	1.36925
60732	1.36926
60733	1.36927
60734	1.36928
60735	1.36929
60736	1.3693
60737	1.36931
60738	1.36931
60739	1.36932
60740	1.36933
60741	1.36934
60742	1.36934
60743	1.36935
60744	1.36936
60745	1.36937
60746	1.36937
60747	1.36938
60748	1.36939
60749	1.3694
60750	1.3694
60751	1.36941
60752	1.36942
60753	1.36942
60754	1.36943
60755	1.36944
60756	1.36944
60757	1.36945
60758	1.36945
60759	1.36946
60760	1.36947
60761	1.36947
60762	1.36948
60763	1.36948
60764	1.36949
60765	1.36949
60766	1.3695
60767	1.3695
60768	1.36951
60769	1.36951
60770	1.36952
60771	1.36952
60772	1.36953
60773	1.36953
60774	1.36954
60775	1.36954
60776	1.36954
60777	1.36955
60778	1.36955
60779	1.36956
60780	1.36956
60781	1.36956
60782	1.36957
60783	1.36957
60784	1.36957
60785	1.36958
60786	1.36958
60787	1.36958
60788	1.36959
60789	1.36959
60790	1.36959
60791	1.36959
60792	1.3696
60793	1.3696
60794	1.3696
60795	1.3696
60796	1.36961
60797	1.36961
60798	1.36961
60799	1.36961
60800	1.36961
60801	1.36961
60802	1.36962
60803	1.36962
60804	1.36962
60805	1.36962
60806	1.36962
60807	1.36962
60808	1.36962
60809	1.36962
60810	1.36962
60811	1.36962
60812	1.36962
60813	1.36962
60814	1.36962
60815	1.36963
60816	1.36963
60817	1.36962
60818	1.36962
60819	1.36962
60820	1.36962
60821	1.36962
60822	1.36962
60823	1.36962
60824	1.36962
60825	1.36962
60826	1.36962
60827	1.36962
60828	1.36962
60829	1.36962
60830	1.36961
60831	1.36961
60832	1.36961
60833	1.36961
60834	1.36961
60835	1.3696
60836	1.3696
60837	1.3696
60838	1.3696
60839	1.3696
60840	1.36959
60841	1.36959
60842	1.36959
60843	1.36958
60844	1.36958
60845	1.36958
60846	1.36958
60847	1.36957
60848	1.36957
60849	1.36957
60850	1.36956
60851	1.36956
60852	1.36955
60853	1.36955
60854	1.36955
60855	1.36954
60856	1.36954
60857	1.36953
60858	1.36953
60859	1.36953
60860	1.36952
60861	1.36952
60862	1.36951
60863	1.36951
60864	1.3695
60865	1.3695
60866	1.36949
60867	1.36949
60868	1.36948
60869	1.36947
60870	1.36947
60871	1.36946
60872	1.36946
60873	1.36945
60874	1.36945
60875	1.36944
60876	1.36943
60877	1.36943
60878	1.36942
60879	1.36941
60880	1.36941
60881	1.3694
60882	1.36939
60883	1.36939
60884	1.36938
60885	1.36937
60886	1.36937
60887	1.36936
60888	1.36935
60889	1.36934
60890	1.36934
60891	1.36933
60892	1.36932
60893	1.36931
60894	1.3693
60895	1.3693
60896	1.36929
60897	1.36928
60898	1.36927
60899	1.36926
60900	1.36925
60901	1.36925
60902	1.36924
60903	1.36923
60904	1.36922
60905	1.36921
60906	1.3692
60907	1.36919
60908	1.36918
60909	1.36917
60910	1.36916
60911	1.36915
60912	1.36914
60913	1.36913
60914	1.36912
60915	1.36911
60916	1.3691
60917	1.36909
60918	1.36908
60919	1.36907
60920	1.36906
60921	1.36905
60922	1.36904
60923	1.36903
60924	1.36902
60925	1.36901
60926	1.369
60927	1.36898
60928	1.36897
60929	1.36896
60930	1.36895
60931	1.36894
60932	1.36893
60933	1.36892
60934	1.3689
60935	1.36889
60936	1.36888
60937	1.36887
60938	1.36886
60939	1.36884
60940	1.36883
60941	1.36882
60942	1.36881
60943	1.36879
60944	1.36878
60945	1.36877
60946	1.36875
60947	1.36874
60948	1.36873
60949	1.36872
60950	1.3687
60951	1.36869
60952	1.36867
60953	1.36866
60954	1.36865
60955	1.36863
60956	1.36862
60957	1.36861
60958	1.36859
60959	1.36858
60960	1.36856
60961	1.36855
60962	1.36854
60963	1.36852
60964	1.36851
60965	1.36849
60966	1.36848
60967	1.36846
60968	1.36845
60969	1.36843
60970	1.36842
60971	1.3684
60972	1.36839
60973	1.36837
60974	1.36836
60975	1.36834
60976	1.36833
60977	1.36831
60978	1.36829
60979	1.36828
60980	1.36826
60981	1.36825
60982	1.36823
60983	1.36821
60984	1.3682
60985	1.36818
60986	1.36817
60987	1.36815
60988	1.36813
60989	1.36812
60990	1.3681
60991	1.36808
60992	1.36807
60993	1.36805
60994	1.36803
60995	1.36802
60996	1.368
60997	1.36798
60998	1.36796
60999	1.36795
61000	1.36793
61001	1.36791
61002	1.36789
61003	1.36788
61004	1.36786
61005	1.36784
61006	1.36782
61007	1.36781
61008	1.36779
61009	1.36777
61010	1.36775
61011	1.36773
61012	1.36772
61013	1.3677
61014	1.36768
61015	1.36766
61016	1.36764
61017	1.36762
61018	1.3676
61019	1.36759
61020	1.36757
61021	1.36755
61022	1.36753
61023	1.36751
61024	1.36749
61025	1.36747
61026	1.36745
61027	1.36743
61028	1.36741
61029	1.36739
61030	1.36737
61031	1.36736
61032	1.36734
61033	1.36732
61034	1.3673
61035	1.36728
61036	1.36726
61037	1.36724
61038	1.36722
61039	1.3672
61040	1.36718
61041	1.36716
61042	1.36714
61043	1.36712
61044	1.3671
61045	1.36708
61046	1.36705
61047	1.36703
61048	1.36701
61049	1.36699
61050	1.36697
61051	1.36695
61052	1.36693
61053	1.36691
61054	1.36689
61055	1.36687
61056	1.36685
61057	1.36683
61058	1.36681
61059	1.36678
61060	1.36676
61061	1.36674
61062	1.36672
61063	1.3667
61064	1.36668
61065	1.36666
61066	1.36663
61067	1.36661
61068	1.36659
61069	1.36657
61070	1.36655
61071	1.36653
61072	1.3665
61073	1.36648
61074	1.36646
61075	1.36644
61076	1.36642
61077	1.36639
61078	1.36637
61079	1.36635
61080	1.36633
61081	1.3663
61082	1.36628
61083	1.36626
61084	1.36624
61085	1.36622
61086	1.36619
61087	1.36617
61088	1.36615
61089	1.36613
61090	1.3661
61091	1.36608
61092	1.36606
61093	1.36603
61094	1.36601
61095	1.36599
61096	1.36597
61097	1.36594
61098	1.36592
61099	1.3659
61100	1.36587
61101	1.36585
61102	1.36583
61103	1.3658
61104	1.36578
61105	1.36576
61106	1.36573
61107	1.36571
61108	1.36569
61109	1.36566
61110	1.36564
61111	1.36562
61112	1.36559
61113	1.36557
61114	1.36555
61115	1.36552
61116	1.3655
61117	1.36548
61118	1.36545
61119	1.36543
61120	1.3654
61121	1.36538
61122	1.36536
61123	1.36533
61124	1.36531
61125	1.36529
61126	1.36526
61127	1.36524
61128	1.36521
61129	1.36519
61130	1.36517
61131	1.36514
61132	1.36512
61133	1.36509
61134	1.36507
61135	1.36505
61136	1.36502
61137	1.365
61138	1.36497
61139	1.36495
61140	1.36492
61141	1.3649
61142	1.36488
61143	1.36485
61144	1.36483
61145	1.3648
61146	1.36478
61147	1.36475
61148	1.36473
61149	1.3647
61150	1.36468
61151	1.36466
61152	1.36463
61153	1.36461
61154	1.36458
61155	1.36456
61156	1.36453
61157	1.36451
61158	1.36448
61159	1.36446
61160	1.36443
61161	1.36441
61162	1.36439
61163	1.36436
61164	1.36434
61165	1.36431
61166	1.36429
61167	1.36426
61168	1.36424
61169	1.36421
61170	1.36419
61171	1.36416
61172	1.36414
61173	1.36411
61174	1.36409
61175	1.36406
61176	1.36404
61177	1.36401
61178	1.36399
61179	1.36396
61180	1.36394
61181	1.36391
61182	1.36389
61183	1.36386
61184	1.36384
61185	1.36381
61186	1.36379
61187	1.36376
61188	1.36374
61189	1.36371
61190	1.36369
61191	1.36366
61192	1.36364
61193	1.36361
61194	1.36359
61195	1.36356
61196	1.36354
61197	1.36351
61198	1.36349
61199	1.36346
61200	1.36344
61201	1.36341
61202	1.36339
61203	1.36336
61204	1.36334
61205	1.36331
61206	1.36329
61207	1.36326
61208	1.36324
61209	1.36322
61210	1.36319
61211	1.36317
61212	1.36314
61213	1.36312
61214	1.36309
61215	1.36307
61216	1.36304
61217	1.36302
61218	1.36299
61219	1.36297
61220	1.36294
61221	1.36292
61222	1.36289
61223	1.36287
61224	1.36284
61225	1.36282
61226	1.36279
61227	1.36277
61228	1.36274
61229	1.36272
61230	1.36269
61231	1.36267
61232	1.36264
61233	1.36262
61234	1.36259
61235	1.36257
61236	1.36254
61237	1.36252
61238	1.36249
61239	1.36247
61240	1.36244
61241	1.36242
61242	1.36239
61243	1.36237
61244	1.36234
61245	1.36232
61246	1.36229
61247	1.36227
61248	1.36224
61249	1.36222
61250	1.3622
61251	1.36217
61252	1.36215
61253	1.36212
61254	1.3621
61255	1.36207
61256	1.36205
61257	1.36202
61258	1.362
61259	1.36197
61260	1.36195
61261	1.36193
61262	1.3619
61263	1.36188
61264	1.36185
61265	1.36183
61266	1.3618
61267	1.36178
61268	1.36175
61269	1.36173
61270	1.36171
61271	1.36168
61272	1.36166
61273	1.36163
61274	1.36161
61275	1.36158
61276	1.36156
61277	1.36154
61278	1.36151
61279	1.36149
61280	1.36146
61281	1.36144
61282	1.36141
61283	1.36139
61284	1.36137
61285	1.36134
61286	1.36132
61287	1.36129
61288	1.36127
61289	1.36125
61290	1.36122
61291	1.3612
61292	1.36117
61293	1.36115
61294	1.36113
61295	1.3611
61296	1.36108
61297	1.36106
61298	1.36103
61299	1.36101
61300	1.36098
61301	1.36096
61302	1.36094
61303	1.36091
61304	1.36089
61305	1.36087
61306	1.36084
61307	1.36082
61308	1.3608
61309	1.36077
61310	1.36075
61311	1.36072
61312	1.3607
61313	1.36068
61314	1.36065
61315	1.36063
61316	1.36061
61317	1.36058
61318	1.36056
61319	1.36054
61320	1.36052
61321	1.36049
61322	1.36047
61323	1.36045
61324	1.36042
61325	1.3604
61326	1.36038
61327	1.36035
61328	1.36033
61329	1.36031
61330	1.36028
61331	1.36026
61332	1.36024
61333	1.36022
61334	1.36019
61335	1.36017
61336	1.36015
61337	1.36013
61338	1.3601
61339	1.36008
61340	1.36006
61341	1.36003
61342	1.36001
61343	1.35999
61344	1.35997
61345	1.35994
61346	1.35992
61347	1.3599
61348	1.35988
61349	1.35986
61350	1.35983
61351	1.35981
61352	1.35979
61353	1.35977
61354	1.35974
61355	1.35972
61356	1.3597
61357	1.35968
61358	1.35966
61359	1.35963
61360	1.35961
61361	1.35959
61362	1.35957
61363	1.35955
61364	1.35952
61365	1.3595
61366	1.35948
61367	1.35946
61368	1.35944
61369	1.35942
61370	1.35939
61371	1.35937
61372	1.35935
61373	1.35933
61374	1.35931
61375	1.35929
61376	1.35926
61377	1.35924
61378	1.35922
61379	1.3592
61380	1.35918
61381	1.35916
61382	1.35914
61383	1.35911
61384	1.35909
61385	1.35907
61386	1.35905
61387	1.35903
61388	1.35901
61389	1.35899
61390	1.35897
61391	1.35895
61392	1.35893
61393	1.3589
61394	1.35888
61395	1.35886
61396	1.35884
61397	1.35882
61398	1.3588
61399	1.35878
61400	1.35876
61401	1.35874
61402	1.35872
61403	1.3587
61404	1.35868
61405	1.35866
61406	1.35864
61407	1.35862
61408	1.35859
61409	1.35857
61410	1.35855
61411	1.35853
61412	1.35851
61413	1.35849
61414	1.35847
61415	1.35845
61416	1.35843
61417	1.35841
61418	1.35839
61419	1.35837
61420	1.35835
61421	1.35833
61422	1.35831
61423	1.35829
61424	1.35827
61425	1.35825
61426	1.35823
61427	1.35821
61428	1.35819
61429	1.35817
61430	1.35815
61431	1.35814
61432	1.35812
61433	1.3581
61434	1.35808
61435	1.35806
61436	1.35804
61437	1.35802
61438	1.358
61439	1.35798
61440	1.35796
61441	1.35794
61442	1.35792
61443	1.3579
61444	1.35788
61445	1.35786
61446	1.35785
61447	1.35783
61448	1.35781
61449	1.35779
61450	1.35777
61451	1.35775
61452	1.35773
61453	1.35771
61454	1.35769
61455	1.35767
61456	1.35766
61457	1.35764
61458	1.35762
61459	1.3576
61460	1.35758
61461	1.35756
61462	1.35754
61463	1.35753
61464	1.35751
61465	1.35749
61466	1.35747
61467	1.35745
61468	1.35743
61469	1.35741
61470	1.3574
61471	1.35738
61472	1.35736
61473	1.35734
61474	1.35732
61475	1.35731
61476	1.35729
61477	1.35727
61478	1.35725
61479	1.35723
61480	1.35721
61481	1.3572
61482	1.35718
61483	1.35716
61484	1.35714
61485	1.35712
61486	1.35711
61487	1.35709
61488	1.35707
61489	1.35705
61490	1.35704
61491	1.35702
61492	1.357
61493	1.35698
61494	1.35697
61495	1.35695
61496	1.35693
61497	1.35691
61498	1.3569
61499	1.35688
61500	1.35686
61501	1.35684
61502	1.35683
61503	1.35681
61504	1.35679
61505	1.35677
61506	1.35676
61507	1.35674
61508	1.35672
61509	1.3567
61510	1.35669
61511	1.35667
61512	1.35665
61513	1.35664
61514	1.35662
61515	1.3566
61516	1.35659
61517	1.35657
61518	1.35655
61519	1.35653
61520	1.35652
61521	1.3565
61522	1.35648
61523	1.35647
61524	1.35645
61525	1.35643
61526	1.35642
61527	1.3564
61528	1.35638
61529	1.35637
61530	1.35635
61531	1.35633
61532	1.35632
61533	1.3563
61534	1.35628
61535	1.35627
61536	1.35625
61537	1.35624
61538	1.35622
61539	1.3562
61540	1.35619
61541	1.35617
61542	1.35615
61543	1.35614
61544	1.35612
61545	1.3561
61546	1.35609
61547	1.35607
61548	1.35606
61549	1.35604
61550	1.35602
61551	1.35601
61552	1.35599
61553	1.35598
61554	1.35596
61555	1.35594
61556	1.35593
61557	1.35591
61558	1.3559
61559	1.35588
61560	1.35586
61561	1.35585
61562	1.35583
61563	1.35582
61564	1.3558
61565	1.35578
61566	1.35577
61567	1.35575
61568	1.35574
61569	1.35572
61570	1.35571
61571	1.35569
61572	1.35567
61573	1.35566
61574	1.35564
61575	1.35563
61576	1.35561
61577	1.3556
61578	1.35558
61579	1.35557
61580	1.35555
61581	1.35553
61582	1.35552
61583	1.3555
61584	1.35549
61585	1.35547
61586	1.35546
61587	1.35544
61588	1.35543
61589	1.35541
61590	1.3554
61591	1.35538
61592	1.35537
61593	1.35535
61594	1.35534
61595	1.35532
61596	1.35531
61597	1.35529
61598	1.35528
61599	1.35526
61600	1.35524
61601	1.35523
61602	1.35521
61603	1.3552
61604	1.35518
61605	1.35517
61606	1.35515
61607	1.35514
61608	1.35512
61609	1.35511
61610	1.35509
61611	1.35508
61612	1.35506
61613	1.35505
61614	1.35503
61615	1.35502
61616	1.35501
61617	1.35499
61618	1.35498
61619	1.35496
61620	1.35495
61621	1.35493
61622	1.35492
61623	1.3549
61624	1.35489
61625	1.35487
61626	1.35486
61627	1.35484
61628	1.35483
61629	1.35481
61630	1.3548
61631	1.35478
61632	1.35477
61633	1.35475
61634	1.35474
61635	1.35473
61636	1.35471
61637	1.3547
61638	1.35468
61639	1.35467
61640	1.35465
61641	1.35464
61642	1.35462
61643	1.35461
61644	1.35459
61645	1.35458
61646	1.35457
61647	1.35455
61648	1.35454
61649	1.35452
61650	1.35451
61651	1.35449
61652	1.35448
61653	1.35446
61654	1.35445
61655	1.35444
61656	1.35442
61657	1.35441
61658	1.35439
61659	1.35438
61660	1.35436
61661	1.35435
61662	1.35434
61663	1.35432
61664	1.35431
61665	1.35429
61666	1.35428
61667	1.35426
61668	1.35425
61669	1.35424
61670	1.35422
61671	1.35421
61672	1.35419
61673	1.35418
61674	1.35416
61675	1.35415
61676	1.35414
61677	1.35412
61678	1.35411
61679	1.35409
61680	1.35408
61681	1.35407
61682	1.35405
61683	1.35404
61684	1.35402
61685	1.35401
61686	1.354
61687	1.35398
61688	1.35397
61689	1.35395
61690	1.35394
61691	1.35392
61692	1.35391
61693	1.3539
61694	1.35388
61695	1.35387
61696	1.35385
61697	1.35384
61698	1.35383
61699	1.35381
61700	1.3538
61701	1.35378
61702	1.35377
61703	1.35376
61704	1.35374
61705	1.35373
61706	1.35371
61707	1.3537
61708	1.35369
61709	1.35367
61710	1.35366
61711	1.35365
61712	1.35363
61713	1.35362
61714	1.3536
61715	1.35359
61716	1.35358
61717	1.35356
61718	1.35355
61719	1.35353
61720	1.35352
61721	1.35351
61722	1.35349
61723	1.35348
61724	1.35346
61725	1.35345
61726	1.35344
61727	1.35342
61728	1.35341
61729	1.3534
61730	1.35338
61731	1.35337
61732	1.35335
61733	1.35334
61734	1.35333
61735	1.35331
61736	1.3533
61737	1.35329
61738	1.35327
61739	1.35326
61740	1.35324
61741	1.35323
61742	1.35322
61743	1.3532
61744	1.35319
61745	1.35318
61746	1.35316
61747	1.35315
61748	1.35313
61749	1.35312
61750	1.35311
61751	1.35309
61752	1.35308
61753	1.35307
61754	1.35305
61755	1.35304
61756	1.35303
61757	1.35301
61758	1.353
61759	1.35298
61760	1.35297
61761	1.35296
61762	1.35294
61763	1.35293
61764	1.35292
61765	1.3529
61766	1.35289
61767	1.35288
61768	1.35286
61769	1.35285
61770	1.35283
61771	1.35282
61772	1.35281
61773	1.35279
61774	1.35278
61775	1.35277
61776	1.35275
61777	1.35274
61778	1.35273
61779	1.35271
61780	1.3527
61781	1.35269
61782	1.35267
61783	1.35266
61784	1.35264
61785	1.35263
61786	1.35262
61787	1.3526
61788	1.35259
61789	1.35258
61790	1.35256
61791	1.35255
61792	1.35254
61793	1.35252
61794	1.35251
61795	1.3525
61796	1.35248
61797	1.35247
61798	1.35246
61799	1.35244
61800	1.35243
61801	1.35242
61802	1.3524
61803	1.35239
61804	1.35238
61805	1.35236
61806	1.35235
61807	1.35234
61808	1.35232
61809	1.35231
61810	1.35229
61811	1.35228
61812	1.35227
61813	1.35225
61814	1.35224
61815	1.35223
61816	1.35221
61817	1.3522
61818	1.35219
61819	1.35217
61820	1.35216
61821	1.35215
61822	1.35214
61823	1.35212
61824	1.35211
61825	1.3521
61826	1.35208
61827	1.35207
61828	1.35206
61829	1.35204
61830	1.35203
61831	1.35202
61832	1.352
61833	1.35199
61834	1.35198
61835	1.35196
61836	1.35195
61837	1.35194
61838	1.35192
61839	1.35191
61840	1.3519
61841	1.35188
61842	1.35187
61843	1.35186
61844	1.35184
61845	1.35183
61846	1.35182
61847	1.35181
61848	1.35179
61849	1.35178
61850	1.35177
61851	1.35175
61852	1.35174
61853	1.35173
61854	1.35171
61855	1.3517
61856	1.35169
61857	1.35168
61858	1.35166
61859	1.35165
61860	1.35164
61861	1.35162
61862	1.35161
61863	1.3516
61864	1.35158
61865	1.35157
61866	1.35156
61867	1.35155
61868	1.35153
61869	1.35152
61870	1.35151
61871	1.35149
61872	1.35148
61873	1.35147
61874	1.35146
61875	1.35144
61876	1.35143
61877	1.35142
61878	1.35141
61879	1.35139
61880	1.35138
61881	1.35137
61882	1.35135
61883	1.35134
61884	1.35133
61885	1.35132
61886	1.3513
61887	1.35129
61888	1.35128
61889	1.35127
61890	1.35125
61891	1.35124
61892	1.35123
61893	1.35122
61894	1.3512
61895	1.35119
61896	1.35118
61897	1.35117
61898	1.35115
61899	1.35114
61900	1.35113
61901	1.35112
61902	1.3511
61903	1.35109
61904	1.35108
61905	1.35107
61906	1.35105
61907	1.35104
61908	1.35103
61909	1.35102
61910	1.35101
61911	1.35099
61912	1.35098
61913	1.35097
61914	1.35096
61915	1.35094
61916	1.35093
61917	1.35092
61918	1.35091
61919	1.3509
61920	1.35088
61921	1.35087
61922	1.35086
61923	1.35085
61924	1.35084
61925	1.35082
61926	1.35081
61927	1.3508
61928	1.35079
61929	1.35078
61930	1.35076
61931	1.35075
61932	1.35074
61933	1.35073
61934	1.35072
61935	1.35071
61936	1.35069
61937	1.35068
61938	1.35067
61939	1.35066
61940	1.35065
61941	1.35064
61942	1.35062
61943	1.35061
61944	1.3506
61945	1.35059
61946	1.35058
61947	1.35057
61948	1.35055
61949	1.35054
61950	1.35053
61951	1.35052
61952	1.35051
61953	1.3505
61954	1.35049
61955	1.35047
61956	1.35046
61957	1.35045
61958	1.35044
61959	1.35043
61960	1.35042
61961	1.35041
61962	1.3504
61963	1.35038
61964	1.35037
61965	1.35036
61966	1.35035
61967	1.35034
61968	1.35033
61969	1.35032
61970	1.35031
61971	1.3503
61972	1.35028
61973	1.35027
61974	1.35026
61975	1.35025
61976	1.35024
61977	1.35023
61978	1.35022
61979	1.35021
61980	1.3502
61981	1.35019
61982	1.35018
61983	1.35017
61984	1.35016
61985	1.35015
61986	1.35013
61987	1.35012
61988	1.35011
61989	1.3501
61990	1.35009
61991	1.35008
61992	1.35007
61993	1.35006
61994	1.35005
61995	1.35004
61996	1.35003
61997	1.35002
61998	1.35001
61999	1.35
62000	1.34999
62001	1.34998
62002	1.34997
62003	1.34996
62004	1.34995
62005	1.34994
62006	1.34993
62007	1.34992
62008	1.34991
62009	1.3499
62010	1.34989
62011	1.34988
62012	1.34987
62013	1.34986
62014	1.34985
62015	1.34984
62016	1.34983
62017	1.34982
62018	1.34981
62019	1.3498
62020	1.34979
62021	1.34978
62022	1.34977
62023	1.34976
62024	1.34975
62025	1.34974
62026	1.34974
62027	1.34973
62028	1.34972
62029	1.34971
62030	1.3497
62031	1.34969
62032	1.34968
62033	1.34967
62034	1.34966
62035	1.34965
62036	1.34964
62037	1.34963
62038	1.34962
62039	1.34962
62040	1.34961
62041	1.3496
62042	1.34959
62043	1.34958
62044	1.34957
62045	1.34956
62046	1.34955
62047	1.34955
62048	1.34954
62049	1.34953
62050	1.34952
62051	1.34951
62052	1.3495
62053	1.34949
62054	1.34948
62055	1.34948
62056	1.34947
62057	1.34946
62058	1.34945
62059	1.34944
62060	1.34943
62061	1.34943
62062	1.34942
62063	1.34941
62064	1.3494
62065	1.34939
62066	1.34939
62067	1.34938
62068	1.34937
62069	1.34936
62070	1.34935
62071	1.34935
62072	1.34934
62073	1.34933
62074	1.34932
62075	1.34931
62076	1.34931
62077	1.3493
62078	1.34929
62079	1.34928
62080	1.34928
62081	1.34927
62082	1.34926
62083	1.34925
62084	1.34925
62085	1.34924
62086	1.34923
62087	1.34922
62088	1.34922
62089	1.34921
62090	1.3492
62091	1.34919
62092	1.34919
62093	1.34918
62094	1.34917
62095	1.34917
62096	1.34916
62097	1.34915
62098	1.34915
62099	1.34914
62100	1.34913
62101	1.34912
62102	1.34912
62103	1.34911
62104	1.3491
62105	1.3491
62106	1.34909
62107	1.34908
62108	1.34908
62109	1.34907
62110	1.34906
62111	1.34906
62112	1.34905
62113	1.34904
62114	1.34904
62115	1.34903
62116	1.34903
62117	1.34902
62118	1.34901
62119	1.34901
62120	1.349
62121	1.34899
62122	1.34899
62123	1.34898
62124	1.34898
62125	1.34897
62126	1.34896
62127	1.34896
62128	1.34895
62129	1.34895
62130	1.34894
62131	1.34893
62132	1.34893
62133	1.34892
62134	1.34892
62135	1.34891
62136	1.34891
62137	1.3489
62138	1.34889
62139	1.34889
62140	1.34888
62141	1.34888
62142	1.34887
62143	1.34887
62144	1.34886
62145	1.34886
62146	1.34885
62147	1.34885
62148	1.34884
62149	1.34884
62150	1.34883
62151	1.34883
62152	1.34882
62153	1.34882
62154	1.34881
62155	1.34881
62156	1.3488
62157	1.3488
62158	1.34879
62159	1.34879
62160	1.34878
62161	1.34878
62162	1.34877
62163	1.34877
62164	1.34876
62165	1.34876
62166	1.34875
62167	1.34875
62168	1.34874
62169	1.34874
62170	1.34873
62171	1.34873
62172	1.34873
62173	1.34872
62174	1.34872
62175	1.34871
62176	1.34871
62177	1.3487
62178	1.3487
62179	1.3487
62180	1.34869
62181	1.34869
62182	1.34868
62183	1.34868
62184	1.34867
62185	1.34867
62186	1.34867
62187	1.34866
62188	1.34866
62189	1.34865
62190	1.34865
62191	1.34865
62192	1.34864
62193	1.34864
62194	1.34864
62195	1.34863
62196	1.34863
62197	1.34862
62198	1.34862
62199	1.34862
62200	1.34861
62201	1.34861
62202	1.34861
62203	1.3486
62204	1.3486
62205	1.3486
62206	1.34859
62207	1.34859
62208	1.34859
62209	1.34858
62210	1.34858
62211	1.34858
62212	1.34857
62213	1.34857
62214	1.34857
62215	1.34856
62216	1.34856
62217	1.34856
62218	1.34855
62219	1.34855
62220	1.34855
62221	1.34855
62222	1.34854
62223	1.34854
62224	1.34854
62225	1.34853
62226	1.34853
62227	1.34853
62228	1.34853
62229	1.34852
62230	1.34852
62231	1.34852
62232	1.34852
62233	1.34851
62234	1.34851
62235	1.34851
62236	1.3485
62237	1.3485
62238	1.3485
62239	1.3485
62240	1.34849
62241	1.34849
62242	1.34849
62243	1.34849
62244	1.34849
62245	1.34848
62246	1.34848
62247	1.34848
62248	1.34848
62249	1.34847
62250	1.34847
62251	1.34847
62252	1.34847
62253	1.34846
62254	1.34846
62255	1.34846
62256	1.34846
62257	1.34846
62258	1.34845
62259	1.34845
62260	1.34845
62261	1.34845
62262	1.34845
62263	1.34844
62264	1.34844
62265	1.34844
62266	1.34844
62267	1.34844
62268	1.34844
62269	1.34843
62270	1.34843
62271	1.34843
62272	1.34843
62273	1.34843
62274	1.34842
62275	1.34842
62276	1.34842
62277	1.34842
62278	1.34842
62279	1.34842
62280	1.34841
62281	1.34841
62282	1.34841
62283	1.34841
62284	1.34841
62285	1.34841
62286	1.34841
62287	1.3484
62288	1.3484
62289	1.3484
62290	1.3484
62291	1.3484
62292	1.3484
62293	1.3484
62294	1.34839
62295	1.34839
62296	1.34839
62297	1.34839
62298	1.34839
62299	1.34839
62300	1.34839
62301	1.34839
62302	1.34838
62303	1.34838
62304	1.34838
62305	1.34838
62306	1.34838
62307	1.34838
62308	1.34838
62309	1.34838
62310	1.34838
62311	1.34837
62312	1.34837
62313	1.34837
62314	1.34837
62315	1.34837
62316	1.34837
62317	1.34837
62318	1.34837
62319	1.34837
62320	1.34837
62321	1.34836
62322	1.34836
62323	1.34836
62324	1.34836
62325	1.34836
62326	1.34836
62327	1.34836
62328	1.34836
62329	1.34836
62330	1.34836
62331	1.34836
62332	1.34835
62333	1.34835
62334	1.34835
62335	1.34835
62336	1.34835
62337	1.34835
62338	1.34835
62339	1.34835
62340	1.34835
62341	1.34835
62342	1.34835
62343	1.34835
62344	1.34835
62345	1.34835
62346	1.34834
62347	1.34834
62348	1.34834
62349	1.34834
62350	1.34834
62351	1.34834
62352	1.34834
62353	1.34834
62354	1.34834
62355	1.34834
62356	1.34834
62357	1.34834
62358	1.34834
62359	1.34834
62360	1.34834
62361	1.34834
62362	1.34833
62363	1.34833
62364	1.34833
62365	1.34833
62366	1.34833
62367	1.34833
62368	1.34833
62369	1.34833
62370	1.34833
62371	1.34833
62372	1.34833
62373	1.34833
62374	1.34833
62375	1.34833
62376	1.34833
62377	1.34833
62378	1.34833
62379	1.34833
62380	1.34833
62381	1.34833
62382	1.34833
62383	1.34832
62384	1.34832
62385	1.34832
62386	1.34832
62387	1.34832
62388	1.34832
62389	1.34832
62390	1.34832
62391	1.34832
62392	1.34832
62393	1.34832
62394	1.34832
62395	1.34832
62396	1.34832
62397	1.34832
62398	1.34832
62399	1.34832
62400	1.34832
62401	1.34832
62402	1.34832
62403	1.34832
62404	1.34832
62405	1.34832
62406	1.34831
62407	1.34831
62408	1.34831
62409	1.34831
62410	1.34831
62411	1.34831
62412	1.34831
62413	1.34831
62414	1.34831
62415	1.34831
62416	1.34831
62417	1.34831
62418	1.34831
62419	1.34831
62420	1.34831
62421	1.34831
62422	1.34831
62423	1.34831
62424	1.34831
62425	1.34831
62426	1.34831
62427	1.34831
62428	1.34831
62429	1.3483
62430	1.3483
62431	1.3483
62432	1.3483
62433	1.3483
62434	1.3483
62435	1.3483
62436	1.3483
62437	1.3483
62438	1.3483
62439	1.3483
62440	1.3483
62441	1.3483
62442	1.3483
62443	1.3483
62444	1.3483
62445	1.3483
62446	1.3483
62447	1.3483
62448	1.34829
62449	1.34829
62450	1.34829
62451	1.34829
62452	1.34829
62453	1.34829
62454	1.34829
62455	1.34829
62456	1.34829
62457	1.34829
62458	1.34829
62459	1.34829
62460	1.34829
62461	1.34829
62462	1.34829
62463	1.34829
62464	1.34828
62465	1.34828
62466	1.34828
62467	1.34828
62468	1.34828
62469	1.34828
62470	1.34828
62471	1.34828
62472	1.34828
62473	1.34828
62474	1.34828
62475	1.34828
62476	1.34828
62477	1.34827
62478	1.34827
62479	1.34827
62480	1.34827
62481	1.34827
62482	1.34827
62483	1.34827
62484	1.34827
62485	1.34827
62486	1.34827
62487	1.34827
62488	1.34826
62489	1.34826
62490	1.34826
62491	1.34826
62492	1.34826
62493	1.34826
62494	1.34826
62495	1.34826
62496	1.34826
62497	1.34826
62498	1.34825
62499	1.34825
62500	1.34825
62501	1.34825
62502	1.34825
62503	1.34825
62504	1.34825
62505	1.34825
62506	1.34824
62507	1.34824
62508	1.34824
62509	1.34824
62510	1.34824
62511	1.34824
62512	1.34824
62513	1.34824
62514	1.34823
62515	1.34823
62516	1.34823
62517	1.34823
62518	1.34823
62519	1.34823
62520	1.34823
62521	1.34822
62522	1.34822
62523	1.34822
62524	1.34822
62525	1.34822
62526	1.34822
62527	1.34822
62528	1.34821
62529	1.34821
62530	1.34821
62531	1.34821
62532	1.34821
62533	1.34821
62534	1.3482
62535	1.3482
62536	1.3482
62537	1.3482
62538	1.3482
62539	1.3482
62540	1.34819
62541	1.34819
62542	1.34819
62543	1.34819
62544	1.34819
62545	1.34819
62546	1.34818
62547	1.34818
62548	1.34818
62549	1.34818
62550	1.34818
62551	1.34817
62552	1.34817
62553	1.34817
62554	1.34817
62555	1.34817
62556	1.34816
62557	1.34816
62558	1.34816
62559	1.34816
62560	1.34816
62561	1.34815
62562	1.34815
62563	1.34815
62564	1.34815
62565	1.34815
62566	1.34814
62567	1.34814
62568	1.34814
62569	1.34814
62570	1.34814
62571	1.34813
62572	1.34813
62573	1.34813
62574	1.34813
62575	1.34812
62576	1.34812
62577	1.34812
62578	1.34812
62579	1.34811
62580	1.34811
62581	1.34811
62582	1.34811
62583	1.34811
62584	1.3481
62585	1.3481
62586	1.3481
62587	1.3481
62588	1.34809
62589	1.34809
62590	1.34809
62591	1.34809
62592	1.34808
62593	1.34808
62594	1.34808
62595	1.34808
62596	1.34807
62597	1.34807
62598	1.34807
62599	1.34807
62600	1.34806
62601	1.34806
62602	1.34806
62603	1.34805
62604	1.34805
62605	1.34805
62606	1.34805
62607	1.34804
62608	1.34804
62609	1.34804
62610	1.34804
62611	1.34803
62612	1.34803
62613	1.34803
62614	1.34803
62615	1.34802
62616	1.34802
62617	1.34802
62618	1.34801
62619	1.34801
62620	1.34801
62621	1.34801
62622	1.348
62623	1.348
62624	1.348
62625	1.34799
62626	1.34799
62627	1.34799
62628	1.34799
62629	1.34798
62630	1.34798
62631	1.34798
62632	1.34798
62633	1.34797
62634	1.34797
62635	1.34797
62636	1.34796
62637	1.34796
62638	1.34796
62639	1.34796
62640	1.34795
62641	1.34795
62642	1.34795
62643	1.34794
62644	1.34794
62645	1.34794
62646	1.34794
62647	1.34793
62648	1.34793
62649	1.34793
62650	1.34792
62651	1.34792
62652	1.34792
62653	1.34792
62654	1.34791
62655	1.34791
62656	1.34791
62657	1.34791
62658	1.3479
62659	1.3479
62660	1.3479
62661	1.34789
62662	1.34789
62663	1.34789
62664	1.34789
62665	1.34788
62666	1.34788
62667	1.34788
62668	1.34788
62669	1.34787
62670	1.34787
62671	1.34787
62672	1.34787
62673	1.34786
62674	1.34786
62675	1.34786
62676	1.34786
62677	1.34785
62678	1.34785
62679	1.34785
62680	1.34785
62681	1.34784
62682	1.34784
62683	1.34784
62684	1.34784
62685	1.34783
62686	1.34783
62687	1.34783
62688	1.34783
62689	1.34782
62690	1.34782
62691	1.34782
62692	1.34782
62693	1.34782
62694	1.34781
62695	1.34781
62696	1.34781
62697	1.34781
62698	1.34781
62699	1.3478
62700	1.3478
62701	1.3478
62702	1.3478
62703	1.3478
62704	1.34779
62705	1.34779
62706	1.34779
62707	1.34779
62708	1.34779
62709	1.34778
62710	1.34778
62711	1.34778
62712	1.34778
62713	1.34778
62714	1.34778
62715	1.34777
62716	1.34777
62717	1.34777
62718	1.34777
62719	1.34777
62720	1.34777
62721	1.34777
62722	1.34776
62723	1.34776
62724	1.34776
62725	1.34776
62726	1.34776
62727	1.34776
62728	1.34776
62729	1.34776
62730	1.34776
62731	1.34775
62732	1.34775
62733	1.34775
62734	1.34775
62735	1.34775
62736	1.34775
62737	1.34775
62738	1.34775
62739	1.34775
62740	1.34775
62741	1.34775
62742	1.34775
62743	1.34775
62744	1.34775
62745	1.34775
62746	1.34775
62747	1.34775
62748	1.34775
62749	1.34775
62750	1.34775
62751	1.34775
62752	1.34775
62753	1.34775
62754	1.34775
62755	1.34775
62756	1.34775
62757	1.34775
62758	1.34775
62759	1.34775
62760	1.34775
62761	1.34775
62762	1.34775
62763	1.34775
62764	1.34775
62765	1.34775
62766	1.34775
62767	1.34775
62768	1.34775
62769	1.34775
62770	1.34775
62771	1.34776
62772	1.34776
62773	1.34776
62774	1.34776
62775	1.34776
62776	1.34776
62777	1.34776
62778	1.34776
62779	1.34777
62780	1.34777
62781	1.34777
62782	1.34777
62783	1.34777
62784	1.34777
62785	1.34778
62786	1.34778
62787	1.34778
62788	1.34778
62789	1.34778
62790	1.34779
62791	1.34779
62792	1.34779
62793	1.34779
62794	1.3478
62795	1.3478
62796	1.3478
62797	1.3478
62798	1.34781
62799	1.34781
62800	1.34781
62801	1.34781
62802	1.34782
62803	1.34782
62804	1.34782
62805	1.34783
62806	1.34783
62807	1.34783
62808	1.34784
62809	1.34784
62810	1.34784
62811	1.34785
62812	1.34785
62813	1.34785
62814	1.34786
62815	1.34786
62816	1.34787
62817	1.34787
62818	1.34787
62819	1.34788
62820	1.34788
62821	1.34789
62822	1.34789
62823	1.3479
62824	1.3479
62825	1.3479
62826	1.34791
62827	1.34791
62828	1.34792
62829	1.34792
62830	1.34793
62831	1.34793
62832	1.34794
62833	1.34794
62834	1.34795
62835	1.34795
62836	1.34796
62837	1.34796
62838	1.34797
62839	1.34797
62840	1.34798
62841	1.34799
62842	1.34799
62843	1.348
62844	1.348
62845	1.34801
62846	1.34802
62847	1.34802
62848	1.34803
62849	1.34803
62850	1.34804
62851	1.34805
62852	1.34805
62853	1.34806
62854	1.34807
62855	1.34807
62856	1.34808
62857	1.34809
62858	1.34809
62859	1.3481
62860	1.34811
62861	1.34811
62862	1.34812
62863	1.34813
62864	1.34814
62865	1.34814
62866	1.34815
62867	1.34816
62868	1.34817
62869	1.34817
62870	1.34818
62871	1.34819
62872	1.3482
62873	1.34821
62874	1.34821
62875	1.34822
62876	1.34823
62877	1.34824
62878	1.34825
62879	1.34826
62880	1.34826
62881	1.34827
62882	1.34828
62883	1.34829
62884	1.3483
62885	1.34831
62886	1.34832
62887	1.34833
62888	1.34833
62889	1.34834
62890	1.34835
62891	1.34836
62892	1.34837
62893	1.34838
62894	1.34839
62895	1.3484
62896	1.34841
62897	1.34842
62898	1.34843
62899	1.34844
62900	1.34845
62901	1.34846
62902	1.34847
62903	1.34848
62904	1.34849
62905	1.3485
62906	1.34851
62907	1.34852
62908	1.34853
62909	1.34854
62910	1.34855
62911	1.34856
62912	1.34858
62913	1.34859
62914	1.3486
62915	1.34861
62916	1.34862
62917	1.34863
62918	1.34864
62919	1.34865
62920	1.34867
62921	1.34868
62922	1.34869
62923	1.3487
62924	1.34871
62925	1.34872
62926	1.34874
62927	1.34875
62928	1.34876
62929	1.34877
62930	1.34879
62931	1.3488
62932	1.34881
62933	1.34882
62934	1.34883
62935	1.34885
62936	1.34886
62937	1.34887
62938	1.34889
62939	1.3489
62940	1.34891
62941	1.34892
62942	1.34894
62943	1.34895
62944	1.34896
62945	1.34898
62946	1.34899
62947	1.349
62948	1.34902
62949	1.34903
62950	1.34905
62951	1.34906
62952	1.34907
62953	1.34909
62954	1.3491
62955	1.34912
62956	1.34913
62957	1.34914
62958	1.34916
62959	1.34917
62960	1.34919
62961	1.3492
62962	1.34922
62963	1.34923
62964	1.34925
62965	1.34926
62966	1.34928
62967	1.34929
62968	1.34931
62969	1.34932
62970	1.34934
62971	1.34935
62972	1.34937
62973	1.34938
62974	1.3494
62975	1.34941
62976	1.34943
62977	1.34944
62978	1.34946
62979	1.34948
62980	1.34949
62981	1.34951
62982	1.34952
62983	1.34954
62984	1.34956
62985	1.34957
62986	1.34959
62987	1.34961
62988	1.34962
62989	1.34964
62990	1.34966
62991	1.34967
62992	1.34969
62993	1.34971
62994	1.34972
62995	1.34974
62996	1.34976
62997	1.34977
62998	1.34979
62999	1.34981
63000	1.34983
63001	1.34984
63002	1.34986
63003	1.34988
63004	1.3499
63005	1.34991
63006	1.34993
63007	1.34995
63008	1.34997
63009	1.34999
63010	1.35
63011	1.35002
63012	1.35004
63013	1.35006
63014	1.35008
63015	1.35009
63016	1.35011
63017	1.35013
63018	1.35015
63019	1.35017
63020	1.35019
63021	1.35021
63022	1.35023
63023	1.35024
63024	1.35026
63025	1.35028
63026	1.3503
63027	1.35032
63028	1.35034
63029	1.35036
63030	1.35038
63031	1.3504
63032	1.35042
63033	1.35044
63034	1.35046
63035	1.35048
63036	1.3505
63037	1.35052
63038	1.35054
63039	1.35056
63040	1.35058
63041	1.3506
63042	1.35062
63043	1.35064
63044	1.35066
63045	1.35068
63046	1.3507
63047	1.35072
63048	1.35074
63049	1.35076
63050	1.35078
63051	1.35081
63052	1.35083
63053	1.35085
63054	1.35087
63055	1.35089
63056	1.35091
63057	1.35093
63058	1.35095
63059	1.35098
63060	1.351
63061	1.35102
63062	1.35104
63063	1.35106
63064	1.35108
63065	1.35111
63066	1.35113
63067	1.35115
63068	1.35117
63069	1.35119
63070	1.35122
63071	1.35124
63072	1.35126
63073	1.35128
63074	1.3513
63075	1.35133
63076	1.35135
63077	1.35137
63078	1.3514
63079	1.35142
63080	1.35144
63081	1.35146
63082	1.35149
63083	1.35151
63084	1.35153
63085	1.35156
63086	1.35158
63087	1.3516
63088	1.35163
63089	1.35165
63090	1.35167
63091	1.3517
63092	1.35172
63093	1.35174
63094	1.35177
63095	1.35179
63096	1.35181
63097	1.35184
63098	1.35186
63099	1.35189
63100	1.35191
63101	1.35193
63102	1.35196
63103	1.35198
63104	1.35201
63105	1.35203
63106	1.35206
63107	1.35208
63108	1.35211
63109	1.35213
63110	1.35215
63111	1.35218
63112	1.3522
63113	1.35223
63114	1.35225
63115	1.35228
63116	1.3523
63117	1.35233
63118	1.35235
63119	1.35238
63120	1.3524
63121	1.35243
63122	1.35245
63123	1.35248
63124	1.35251
63125	1.35253
63126	1.35256
63127	1.35258
63128	1.35261
63129	1.35263
63130	1.35266
63131	1.35268
63132	1.35271
63133	1.35274
63134	1.35276
63135	1.35279
63136	1.35281
63137	1.35284
63138	1.35287
63139	1.35289
63140	1.35292
63141	1.35295
63142	1.35297
63143	1.353
63144	1.35302
63145	1.35305
63146	1.35308
63147	1.3531
63148	1.35313
63149	1.35316
63150	1.35318
63151	1.35321
63152	1.35324
63153	1.35326
63154	1.35329
63155	1.35332
63156	1.35335
63157	1.35337
63158	1.3534
63159	1.35343
63160	1.35345
63161	1.35348
63162	1.35351
63163	1.35354
63164	1.35356
63165	1.35359
63166	1.35362
63167	1.35365
63168	1.35367
63169	1.3537
63170	1.35373
63171	1.35376
63172	1.35378
63173	1.35381
63174	1.35384
63175	1.35387
63176	1.35389
63177	1.35392
63178	1.35395
63179	1.35398
63180	1.35401
63181	1.35403
63182	1.35406
63183	1.35409
63184	1.35412
63185	1.35415
63186	1.35418
63187	1.3542
63188	1.35423
63189	1.35426
63190	1.35429
63191	1.35432
63192	1.35435
63193	1.35437
63194	1.3544
63195	1.35443
63196	1.35446
63197	1.35449
63198	1.35452
63199	1.35455
63200	1.35457
63201	1.3546
63202	1.35463
63203	1.35466
63204	1.35469
63205	1.35472
63206	1.35475
63207	1.35478
63208	1.3548
63209	1.35483
63210	1.35486
63211	1.35489
63212	1.35492
63213	1.35495
63214	1.35498
63215	1.35501
63216	1.35504
63217	1.35507
63218	1.3551
63219	1.35512
63220	1.35515
63221	1.35518
63222	1.35521
63223	1.35524
63224	1.35527
63225	1.3553
63226	1.35533
63227	1.35536
63228	1.35539
63229	1.35542
63230	1.35545
63231	1.35548
63232	1.35551
63233	1.35554
63234	1.35556
63235	1.35559
63236	1.35562
63237	1.35565
63238	1.35568
63239	1.35571
63240	1.35574
63241	1.35577
63242	1.3558
63243	1.35583
63244	1.35586
63245	1.35589
63246	1.35592
63247	1.35595
63248	1.35598
63249	1.35601
63250	1.35604
63251	1.35607
63252	1.3561
63253	1.35613
63254	1.35616
63255	1.35619
63256	1.35622
63257	1.35625
63258	1.35628
63259	1.35631
63260	1.35634
63261	1.35637
63262	1.3564
63263	1.35643
63264	1.35646
63265	1.35649
63266	1.35652
63267	1.35655
63268	1.35658
63269	1.35661
63270	1.35664
63271	1.35667
63272	1.3567
63273	1.35673
63274	1.35676
63275	1.35679
63276	1.35682
63277	1.35685
63278	1.35688
63279	1.35691
63280	1.35694
63281	1.35697
63282	1.357
63283	1.35703
63284	1.35706
63285	1.35709
63286	1.35712
63287	1.35715
63288	1.35718
63289	1.35721
63290	1.35724
63291	1.35727
63292	1.3573
63293	1.35733
63294	1.35736
63295	1.35739
63296	1.35742
63297	1.35745
63298	1.35748
63299	1.35751
63300	1.35754
63301	1.35757
63302	1.3576
63303	1.35763
63304	1.35766
63305	1.35769
63306	1.35772
63307	1.35775
63308	1.35778
63309	1.35781
63310	1.35784
63311	1.35787
63312	1.3579
63313	1.35793
63314	1.35796
63315	1.35798
63316	1.35801
63317	1.35804
63318	1.35807
63319	1.3581
63320	1.35813
63321	1.35816
63322	1.35819
63323	1.35822
63324	1.35825
63325	1.35828
63326	1.35831
63327	1.35834
63328	1.35837
63329	1.3584
63330	1.35843
63331	1.35846
63332	1.35849
63333	1.35852
63334	1.35855
63335	1.35858
63336	1.35861
63337	1.35864
63338	1.35867
63339	1.3587
63340	1.35873
63341	1.35876
63342	1.35879
63343	1.35881
63344	1.35884
63345	1.35887
63346	1.3589
63347	1.35893
63348	1.35896
63349	1.35899
63350	1.35902
63351	1.35905
63352	1.35908
63353	1.35911
63354	1.35914
63355	1.35917
63356	1.35919
63357	1.35922
63358	1.35925
63359	1.35928
63360	1.35931
63361	1.35934
63362	1.35937
63363	1.3594
63364	1.35943
63365	1.35946
63366	1.35948
63367	1.35951
63368	1.35954
63369	1.35957
63370	1.3596
63371	1.35963
63372	1.35966
63373	1.35969
63374	1.35971
63375	1.35974
63376	1.35977
63377	1.3598
63378	1.35983
63379	1.35986
63380	1.35989
63381	1.35991
63382	1.35994
63383	1.35997
63384	1.36
63385	1.36003
63386	1.36006
63387	1.36008
63388	1.36011
63389	1.36014
63390	1.36017
63391	1.3602
63392	1.36022
63393	1.36025
63394	1.36028
63395	1.36031
63396	1.36034
63397	1.36036
63398	1.36039
63399	1.36042
63400	1.36045
63401	1.36047
63402	1.3605
63403	1.36053
63404	1.36056
63405	1.36059
63406	1.36061
63407	1.36064
63408	1.36067
63409	1.3607
63410	1.36072
63411	1.36075
63412	1.36078
63413	1.3608
63414	1.36083
63415	1.36086
63416	1.36089
63417	1.36091
63418	1.36094
63419	1.36097
63420	1.36099
63421	1.36102
63422	1.36105
63423	1.36107
63424	1.3611
63425	1.36113
63426	1.36115
63427	1.36118
63428	1.36121
63429	1.36123
63430	1.36126
63431	1.36129
63432	1.36131
63433	1.36134
63434	1.36137
63435	1.36139
63436	1.36142
63437	1.36145
63438	1.36147
63439	1.3615
63440	1.36152
63441	1.36155
63442	1.36158
63443	1.3616
63444	1.36163
63445	1.36165
63446	1.36168
63447	1.3617
63448	1.36173
63449	1.36176
63450	1.36178
63451	1.36181
63452	1.36183
63453	1.36186
63454	1.36188
63455	1.36191
63456	1.36193
63457	1.36196
63458	1.36198
63459	1.36201
63460	1.36203
63461	1.36206
63462	1.36208
63463	1.36211
63464	1.36213
63465	1.36216
63466	1.36218
63467	1.36221
63468	1.36223
63469	1.36226
63470	1.36228
63471	1.36231
63472	1.36233
63473	1.36236
63474	1.36238
63475	1.3624
63476	1.36243
63477	1.36245
63478	1.36248
63479	1.3625
63480	1.36252
63481	1.36255
63482	1.36257
63483	1.3626
63484	1.36262
63485	1.36264
63486	1.36267
63487	1.36269
63488	1.36271
63489	1.36274
63490	1.36276
63491	1.36278
63492	1.36281
63493	1.36283
63494	1.36285
63495	1.36288
63496	1.3629
63497	1.36292
63498	1.36295
63499	1.36297
63500	1.36299
63501	1.36302
63502	1.36304
63503	1.36306
63504	1.36308
63505	1.36311
63506	1.36313
63507	1.36315
63508	1.36317
63509	1.3632
63510	1.36322
63511	1.36324
63512	1.36326
63513	1.36328
63514	1.36331
63515	1.36333
63516	1.36335
63517	1.36337
63518	1.36339
63519	1.36342
63520	1.36344
63521	1.36346
63522	1.36348
63523	1.3635
63524	1.36352
63525	1.36355
63526	1.36357
63527	1.36359
63528	1.36361
63529	1.36363
63530	1.36365
63531	1.36367
63532	1.36369
63533	1.36372
63534	1.36374
63535	1.36376
63536	1.36378
63537	1.3638
63538	1.36382
63539	1.36384
63540	1.36386
63541	1.36388
63542	1.3639
63543	1.36392
63544	1.36394
63545	1.36396
63546	1.36398
63547	1.364
63548	1.36402
63549	1.36404
63550	1.36406
63551	1.36408
63552	1.3641
63553	1.36412
63554	1.36414
63555	1.36416
63556	1.36418
63557	1.3642
63558	1.36422
63559	1.36424
63560	1.36426
63561	1.36428
63562	1.3643
63563	1.36432
63564	1.36433
63565	1.36435
63566	1.36437
63567	1.36439
63568	1.36441
63569	1.36443
63570	1.36445
63571	1.36447
63572	1.36449
63573	1.3645
63574	1.36452
63575	1.36454
63576	1.36456
63577	1.36458
63578	1.3646
63579	1.36461
63580	1.36463
63581	1.36465
63582	1.36467
63583	1.36469
63584	1.3647
63585	1.36472
63586	1.36474
63587	1.36476
63588	1.36477
63589	1.36479
63590	1.36481
63591	1.36483
63592	1.36484
63593	1.36486
63594	1.36488
63595	1.3649
63596	1.36491
63597	1.36493
63598	1.36495
63599	1.36496
63600	1.36498
63601	1.365
63602	1.36501
63603	1.36503
63604	1.36505
63605	1.36506
63606	1.36508
63607	1.3651
63608	1.36511
63609	1.36513
63610	1.36515
63611	1.36516
63612	1.36518
63613	1.3652
63614	1.36521
63615	1.36523
63616	1.36524
63617	1.36526
63618	1.36528
63619	1.36529
63620	1.36531
63621	1.36532
63622	1.36534
63623	1.36535
63624	1.36537
63625	1.36538
63626	1.3654
63627	1.36541
63628	1.36543
63629	1.36545
63630	1.36546
63631	1.36548
63632	1.36549
63633	1.36551
63634	1.36552
63635	1.36554
63636	1.36555
63637	1.36556
63638	1.36558
63639	1.36559
63640	1.36561
63641	1.36562
63642	1.36564
63643	1.36565
63644	1.36567
63645	1.36568
63646	1.36569
63647	1.36571
63648	1.36572
63649	1.36574
63650	1.36575
63651	1.36576
63652	1.36578
63653	1.36579
63654	1.36581
63655	1.36582
63656	1.36583
63657	1.36585
63658	1.36586
63659	1.36587
63660	1.36589
63661	1.3659
63662	1.36591
63663	1.36593
63664	1.36594
63665	1.36595
63666	1.36597
63667	1.36598
63668	1.36599
63669	1.36601
63670	1.36602
63671	1.36603
63672	1.36604
63673	1.36606
63674	1.36607
63675	1.36608
63676	1.36609
63677	1.36611
63678	1.36612
63679	1.36613
63680	1.36614
63681	1.36616
63682	1.36617
63683	1.36618
63684	1.36619
63685	1.36621
63686	1.36622
63687	1.36623
63688	1.36624
63689	1.36625
63690	1.36627
63691	1.36628
63692	1.36629
63693	1.3663
63694	1.36631
63695	1.36632
63696	1.36633
63697	1.36635
63698	1.36636
63699	1.36637
63700	1.36638
63701	1.36639
63702	1.3664
63703	1.36641
63704	1.36643
63705	1.36644
63706	1.36645
63707	1.36646
63708	1.36647
63709	1.36648
63710	1.36649
63711	1.3665
63712	1.36651
63713	1.36652
63714	1.36653
63715	1.36654
63716	1.36655
63717	1.36656
63718	1.36658
63719	1.36659
63720	1.3666
63721	1.36661
63722	1.36662
63723	1.36663
63724	1.36664
63725	1.36665
63726	1.36666
63727	1.36667
63728	1.36668
63729	1.36669
63730	1.3667
63731	1.36671
63732	1.36672
63733	1.36673
63734	1.36674
63735	1.36675
63736	1.36675
63737	1.36676
63738	1.36677
63739	1.36678
63740	1.36679
63741	1.3668
63742	1.36681
63743	1.36682
63744	1.36683
63745	1.36684
63746	1.36685
63747	1.36686
63748	1.36687
63749	1.36687
63750	1.36688
63751	1.36689
63752	1.3669
63753	1.36691
63754	1.36692
63755	1.36693
63756	1.36694
63757	1.36695
63758	1.36695
63759	1.36696
63760	1.36697
63761	1.36698
63762	1.36699
63763	1.367
63764	1.367
63765	1.36701
63766	1.36702
63767	1.36703
63768	1.36704
63769	1.36705
63770	1.36705
63771	1.36706
63772	1.36707
63773	1.36708
63774	1.36709
63775	1.36709
63776	1.3671
63777	1.36711
63778	1.36712
63779	1.36712
63780	1.36713
63781	1.36714
63782	1.36715
63783	1.36715
63784	1.36716
63785	1.36717
63786	1.36718
63787	1.36718
63788	1.36719
63789	1.3672
63790	1.36721
63791	1.36721
63792	1.36722
63793	1.36723
63794	1.36724
63795	1.36724
63796	1.36725
63797	1.36726
63798	1.36726
63799	1.36727
63800	1.36728
63801	1.36728
63802	1.36729
63803	1.3673
63804	1.3673
63805	1.36731
63806	1.36732
63807	1.36732
63808	1.36733
63809	1.36734
63810	1.36734
63811	1.36735
63812	1.36736
63813	1.36736
63814	1.36737
63815	1.36738
63816	1.36738
63817	1.36739
63818	1.36739
63819	1.3674
63820	1.36741
63821	1.36741
63822	1.36742
63823	1.36743
63824	1.36743
63825	1.36744
63826	1.36744
63827	1.36745
63828	1.36746
63829	1.36746
63830	1.36747
63831	1.36747
63832	1.36748
63833	1.36748
63834	1.36749
63835	1.3675
63836	1.3675
63837	1.36751
63838	1.36751
63839	1.36752
63840	1.36752
63841	1.36753
63842	1.36753
63843	1.36754
63844	1.36754
63845	1.36755
63846	1.36756
63847	1.36756
63848	1.36757
63849	1.36757
63850	1.36758
63851	1.36758
63852	1.36759
63853	1.36759
63854	1.3676
63855	1.3676
63856	1.36761
63857	1.36761
63858	1.36762
63859	1.36762
63860	1.36763
63861	1.36763
63862	1.36764
63863	1.36764
63864	1.36764
63865	1.36765
63866	1.36765
63867	1.36766
63868	1.36766
63869	1.36767
63870	1.36767
63871	1.36768
63872	1.36768
63873	1.36769
63874	1.36769
63875	1.36769
63876	1.3677
63877	1.3677
63878	1.36771
63879	1.36771
63880	1.36772
63881	1.36772
63882	1.36772
63883	1.36773
63884	1.36773
63885	1.36774
63886	1.36774
63887	1.36774
63888	1.36775
63889	1.36775
63890	1.36776
63891	1.36776
63892	1.36776
63893	1.36777
63894	1.36777
63895	1.36778
63896	1.36778
63897	1.36778
63898	1.36779
63899	1.36779
63900	1.36779
63901	1.3678
63902	1.3678
63903	1.3678
63904	1.36781
63905	1.36781
63906	1.36782
63907	1.36782
63908	1.36782
63909	1.36783
63910	1.36783
63911	1.36783
63912	1.36784
63913	1.36784
63914	1.36784
63915	1.36784
63916	1.36785
63917	1.36785
63918	1.36785
63919	1.36786
63920	1.36786
63921	1.36786
63922	1.36787
63923	1.36787
63924	1.36787
63925	1.36788
63926	1.36788
63927	1.36788
63928	1.36788
63929	1.36789
63930	1.36789
63931	1.36789
63932	1.36789
63933	1.3679
63934	1.3679
63935	1.3679
63936	1.36791
63937	1.36791
63938	1.36791
63939	1.36791
63940	1.36792
63941	1.36792
63942	1.36792
63943	1.36792
63944	1.36793
63945	1.36793
63946	1.36793
63947	1.36793
63948	1.36793
63949	1.36794
63950	1.36794
63951	1.36794
63952	1.36794
63953	1.36795
63954	1.36795
63955	1.36795
63956	1.36795
63957	1.36795
63958	1.36796
63959	1.36796
63960	1.36796
63961	1.36796
63962	1.36796
63963	1.36797
63964	1.36797
63965	1.36797
63966	1.36797
63967	1.36797
63968	1.36797
63969	1.36798
63970	1.36798
63971	1.36798
63972	1.36798
63973	1.36798
63974	1.36798
63975	1.36799
63976	1.36799
63977	1.36799
63978	1.36799
63979	1.36799
63980	1.36799
63981	1.36799
63982	1.36799
63983	1.368
63984	1.368
63985	1.368
63986	1.368
63987	1.368
63988	1.368
63989	1.368
63990	1.368
63991	1.36801
63992	1.36801
63993	1.36801
63994	1.36801
63995	1.36801
63996	1.36801
63997	1.36801
63998	1.36801
63999	1.36801
64000	1.36801
64001	1.36801
64002	1.36802
64003	1.36802
64004	1.36802
64005	1.36802
64006	1.36802
64007	1.36802
64008	1.36802
64009	1.36802
64010	1.36802
64011	1.36802
64012	1.36802
64013	1.36802
64014	1.36802
64015	1.36802
64016	1.36802
64017	1.36802
64018	1.36802
64019	1.36802
64020	1.36802
64021	1.36802
64022	1.36802
64023	1.36802
64024	1.36802
64025	1.36802
64026	1.36802
64027	1.36802
64028	1.36802
64029	1.36802
64030	1.36802
64031	1.36802
64032	1.36802
64033	1.36802
64034	1.36802
64035	1.36802
64036	1.36802
64037	1.36802
64038	1.36802
64039	1.36802
64040	1.36802
64041	1.36802
64042	1.36802
64043	1.36802
64044	1.36802
64045	1.36802
64046	1.36802
64047	1.36802
64048	1.36802
64049	1.36802
64050	1.36801
64051	1.36801
64052	1.36801
64053	1.36801
64054	1.36801
64055	1.36801
64056	1.36801
64057	1.36801
64058	1.36801
64059	1.36801
64060	1.36801
64061	1.368
64062	1.368
64063	1.368
64064	1.368
64065	1.368
64066	1.368
64067	1.368
64068	1.368
64069	1.36799
64070	1.36799
64071	1.36799
64072	1.36799
64073	1.36799
64074	1.36799
64075	1.36798
64076	1.36798
64077	1.36798
64078	1.36798
64079	1.36798
64080	1.36798
64081	1.36797
64082	1.36797
64083	1.36797
64084	1.36797
64085	1.36797
64086	1.36796
64087	1.36796
64088	1.36796
64089	1.36796
64090	1.36796
64091	1.36795
64092	1.36795
64093	1.36795
64094	1.36795
64095	1.36794
64096	1.36794
64097	1.36794
64098	1.36794
64099	1.36794
64100	1.36793
64101	1.36793
64102	1.36793
64103	1.36792
64104	1.36792
64105	1.36792
64106	1.36792
64107	1.36791
64108	1.36791
64109	1.36791
64110	1.36791
64111	1.3679
64112	1.3679
64113	1.3679
64114	1.36789
64115	1.36789
64116	1.36789
64117	1.36788
64118	1.36788
64119	1.36788
64120	1.36787
64121	1.36787
64122	1.36787
64123	1.36786
64124	1.36786
64125	1.36786
64126	1.36785
64127	1.36785
64128	1.36785
64129	1.36784
64130	1.36784
64131	1.36784
64132	1.36783
64133	1.36783
64134	1.36782
64135	1.36782
64136	1.36782
64137	1.36781
64138	1.36781
64139	1.3678
64140	1.3678
64141	1.3678
64142	1.36779
64143	1.36779
64144	1.36778
64145	1.36778
64146	1.36777
64147	1.36777
64148	1.36777
64149	1.36776
64150	1.36776
64151	1.36775
64152	1.36775
64153	1.36774
64154	1.36774
64155	1.36773
64156	1.36773
64157	1.36772
64158	1.36772
64159	1.36771
64160	1.36771
64161	1.3677
64162	1.3677
64163	1.36769
64164	1.36769
64165	1.36768
64166	1.36768
64167	1.36767
64168	1.36767
64169	1.36766
64170	1.36766
64171	1.36765
64172	1.36765
64173	1.36764
64174	1.36763
64175	1.36763
64176	1.36762
64177	1.36762
64178	1.36761
64179	1.36761
64180	1.3676
64181	1.36759
64182	1.36759
64183	1.36758
64184	1.36758
64185	1.36757
64186	1.36756
64187	1.36756
64188	1.36755
64189	1.36754
64190	1.36754
64191	1.36753
64192	1.36753
64193	1.36752
64194	1.36751
64195	1.36751
64196	1.3675
64197	1.36749
64198	1.36749
64199	1.36748
64200	1.36747
64201	1.36746
64202	1.36746
64203	1.36745
64204	1.36744
64205	1.36744
64206	1.36743
64207	1.36742
64208	1.36742
64209	1.36741
64210	1.3674
64211	1.36739
64212	1.36739
64213	1.36738
64214	1.36737
64215	1.36736
64216	1.36736
64217	1.36735
64218	1.36734
64219	1.36733
64220	1.36733
64221	1.36732
64222	1.36731
64223	1.3673
64224	1.36729
64225	1.36729
64226	1.36728
64227	1.36727
64228	1.36726
64229	1.36725
64230	1.36724
64231	1.36724
64232	1.36723
64233	1.36722
64234	1.36721
64235	1.3672
64236	1.36719
64237	1.36718
64238	1.36718
64239	1.36717
64240	1.36716
64241	1.36715
64242	1.36714
64243	1.36713
64244	1.36712
64245	1.36711
64246	1.3671
64247	1.3671
64248	1.36709
64249	1.36708
64250	1.36707
64251	1.36706
64252	1.36705
64253	1.36704
64254	1.36703
64255	1.36702
64256	1.36701
64257	1.367
64258	1.36699
64259	1.36698
64260	1.36697
64261	1.36696
64262	1.36695
64263	1.36694
64264	1.36693
64265	1.36692
64266	1.36691
64267	1.3669
64268	1.36689
64269	1.36688
64270	1.36687
64271	1.36686
64272	1.36685
64273	1.36684
64274	1.36683
64275	1.36682
64276	1.36681
64277	1.3668
64278	1.36679
64279	1.36678
64280	1.36677
64281	1.36676
64282	1.36674
64283	1.36673
64284	1.36672
64285	1.36671
64286	1.3667
64287	1.36669
64288	1.36668
64289	1.36667
64290	1.36666
64291	1.36664
64292	1.36663
64293	1.36662
64294	1.36661
64295	1.3666
64296	1.36659
64297	1.36657
64298	1.36656
64299	1.36655
64300	1.36654
64301	1.36653
64302	1.36652
64303	1.3665
64304	1.36649
64305	1.36648
64306	1.36647
64307	1.36646
64308	1.36644
64309	1.36643
64310	1.36642
64311	1.36641
64312	1.36639
64313	1.36638
64314	1.36637
64315	1.36636
64316	1.36634
64317	1.36633
64318	1.36632
64319	1.36631
64320	1.36629
64321	1.36628
64322	1.36627
64323	1.36625
64324	1.36624
64325	1.36623
64326	1.36622
64327	1.3662
64328	1.36619
64329	1.36618
64330	1.36616
64331	1.36615
64332	1.36614
64333	1.36612
64334	1.36611
64335	1.3661
64336	1.36608
64337	1.36607
64338	1.36605
64339	1.36604
64340	1.36603
64341	1.36601
64342	1.366
64343	1.36599
64344	1.36597
64345	1.36596
64346	1.36594
64347	1.36593
64348	1.36592
64349	1.3659
64350	1.36589
64351	1.36587
64352	1.36586
64353	1.36584
64354	1.36583
64355	1.36582
64356	1.3658
64357	1.36579
64358	1.36577
64359	1.36576
64360	1.36574
64361	1.36573
64362	1.36571
64363	1.3657
64364	1.36568
64365	1.36567
64366	1.36565
64367	1.36564
64368	1.36562
64369	1.36561
64370	1.36559
64371	1.36558
64372	1.36556
64373	1.36555
64374	1.36553
64375	1.36552
64376	1.3655
64377	1.36549
64378	1.36547
64379	1.36546
64380	1.36544
64381	1.36543
64382	1.36541
64383	1.36539
64384	1.36538
64385	1.36536
64386	1.36535
64387	1.36533
64388	1.36532
64389	1.3653
64390	1.36528
64391	1.36527
64392	1.36525
64393	1.36524
64394	1.36522
64395	1.3652
64396	1.36519
64397	1.36517
64398	1.36515
64399	1.36514
64400	1.36512
64401	1.36511
64402	1.36509
64403	1.36507
64404	1.36506
64405	1.36504
64406	1.36502
64407	1.36501
64408	1.36499
64409	1.36497
64410	1.36496
64411	1.36494
64412	1.36492
64413	1.36491
64414	1.36489
64415	1.36487
64416	1.36486
64417	1.36484
64418	1.36482
64419	1.36481
64420	1.36479
64421	1.36477
64422	1.36475
64423	1.36474
64424	1.36472
64425	1.3647
64426	1.36469
64427	1.36467
64428	1.36465
64429	1.36463
64430	1.36462
64431	1.3646
64432	1.36458
64433	1.36456
