1	-0.225674
2	-0.287173
3	-0.201099
4	-0.251799
5	-0.215834
6	-0.233796
7	-0.222612
8	-0.228266
9	-0.224455
10	-0.225797
11	-0.224322
12	-0.224515
13	-0.223966
14	-0.223752
15	-0.223426
16	-0.223096
17	-0.222844
18	-0.222513
19	-0.222276
20	-0.221951
21	-0.221716
22	-0.221409
23	-0.22117
24	-0.220872
25	-0.220629
26	-0.220343
27	-0.2201
28	-0.219822
29	-0.219576
30	-0.219301
31	-0.219052
32	-0.218778
33	-0.218525
34	-0.218251
35	-0.217995
36	-0.217722
37	-0.217464
38	-0.217193
39	-0.216934
40	-0.216664
41	-0.216405
42	-0.216135
43	-0.215875
44	-0.215606
45	-0.215345
46	-0.215077
47	-0.214816
48	-0.21455
49	-0.214291
50	-0.214029
51	-0.213772
52	-0.213511
53	-0.213256
54	-0.212997
55	-0.212742
56	-0.212482
57	-0.212226
58	-0.211967
59	-0.211709
60	-0.211449
61	-0.21119
62	-0.210928
63	-0.210668
64	-0.210405
65	-0.210144
66	-0.20988
67	-0.209619
68	-0.209356
69	-0.209095
70	-0.208833
71	-0.208573
72	-0.208312
73	-0.208052
74	-0.207791
75	-0.207531
76	-0.207269
77	-0.207007
78	-0.206743
79	-0.20648
80	-0.206215
81	-0.20595
82	-0.205685
83	-0.20542
84	-0.205155
85	-0.204891
86	-0.204626
87	-0.204364
88	-0.204101
89	-0.203839
90	-0.203576
91	-0.203313
92	-0.203049
93	-0.202786
94	-0.202521
95	-0.202255
96	-0.201989
97	-0.201722
98	-0.201455
99	-0.201188
100	-0.20092
101	-0.200654
102	-0.200387
103	-0.200121
104	-0.199855
105	-0.19959
106	-0.199324
107	-0.199059
108	-0.198792
109	-0.198526
110	-0.198258
111	-0.19799
112	-0.197721
113	-0.197451
114	-0.197181
115	-0.196911
116	-0.19664
117	-0.196369
118	-0.196099
119	-0.195829
120	-0.195558
121	-0.195289
122	-0.195019
123	-0.194751
124	-0.194482
125	-0.194213
126	-0.193944
127	-0.193675
128	-0.193406
129	-0.193137
130	-0.192867
131	-0.192597
132	-0.192326
133	-0.192056
134	-0.191784
135	-0.191513
136	-0.191242
137	-0.19097
138	-0.190698
139	-0.190426
140	-0.190153
141	-0.189881
142	-0.189607
143	-0.189334
144	-0.18906
145	-0.188787
146	-0.188513
147	-0.188239
148	-0.187964
149	-0.18769
150	-0.187415
151	-0.187141
152	-0.186865
153	-0.186591
154	-0.186316
155	-0.186041
156	-0.185766
157	-0.185492
158	-0.185218
159	-0.184944
160	-0.18467
161	-0.184396
162	-0.184122
163	-0.183849
164	-0.183575
165	-0.183301
166	-0.183027
167	-0.182752
168	-0.182477
169	-0.182201
170	-0.181925
171	-0.181648
172	-0.18137
173	-0.181092
174	-0.180813
175	-0.180534
176	-0.180255
177	-0.179976
178	-0.179697
179	-0.179417
180	-0.179138
181	-0.178859
182	-0.178579
183	-0.178299
184	-0.178019
185	-0.177739
186	-0.177459
187	-0.177179
188	-0.176898
189	-0.176618
190	-0.176337
191	-0.176057
192	-0.175777
193	-0.175497
194	-0.175217
195	-0.174937
196	-0.174658
197	-0.174379
198	-0.174099
199	-0.17382
200	-0.17354
201	-0.173259
202	-0.172979
203	-0.172697
204	-0.172415
205	-0.172133
206	-0.17185
207	-0.171567
208	-0.171283
209	-0.170999
210	-0.170715
211	-0.170431
212	-0.170147
213	-0.169863
214	-0.169579
215	-0.169296
216	-0.169012
217	-0.168728
218	-0.168444
219	-0.168161
220	-0.167877
221	-0.167592
222	-0.167308
223	-0.167023
224	-0.166738
225	-0.166453
226	-0.166167
227	-0.165882
228	-0.165596
229	-0.16531
230	-0.165024
231	-0.164738
232	-0.164452
233	-0.164166
234	-0.16388
235	-0.163595
236	-0.163309
237	-0.163023
238	-0.162737
239	-0.162451
240	-0.162165
241	-0.16188
242	-0.161593
243	-0.161307
244	-0.161021
245	-0.160734
246	-0.160447
247	-0.16016
248	-0.159873
249	-0.159586
250	-0.159298
251	-0.15901
252	-0.158722
253	-0.158434
254	-0.158146
255	-0.157857
256	-0.157569
257	-0.15728
258	-0.156992
259	-0.156704
260	-0.156415
261	-0.156127
262	-0.155839
263	-0.155551
264	-0.155263
265	-0.154975
266	-0.154687
267	-0.154399
268	-0.154111
269	-0.153823
270	-0.153534
271	-0.153245
272	-0.152956
273	-0.152666
274	-0.152376
275	-0.152085
276	-0.151795
277	-0.151503
278	-0.151212
279	-0.150921
280	-0.150629
281	-0.150337
282	-0.150045
283	-0.149753
284	-0.149461
285	-0.149169
286	-0.148877
287	-0.148585
288	-0.148293
289	-0.148001
290	-0.147709
291	-0.147417
292	-0.147125
293	-0.146832
294	-0.14654
295	-0.146247
296	-0.145954
297	-0.14566
298	-0.145367
299	-0.145073
300	-0.144779
301	-0.144485
302	-0.144191
303	-0.143896
304	-0.143602
305	-0.143307
306	-0.143012
307	-0.142717
308	-0.142422
309	-0.142127
310	-0.141831
311	-0.141536
312	-0.14124
313	-0.140945
314	-0.140649
315	-0.140353
316	-0.140057
317	-0.139761
318	-0.139464
319	-0.139168
320	-0.138871
321	-0.138574
322	-0.138277
323	-0.137979
324	-0.137682
325	-0.137384
326	-0.137087
327	-0.136789
328	-0.13649
329	-0.136192
330	-0.135894
331	-0.135595
332	-0.135297
333	-0.134998
334	-0.134699
335	-0.134401
336	-0.134102
337	-0.133803
338	-0.133504
339	-0.133205
340	-0.132905
341	-0.132606
342	-0.132307
343	-0.132007
344	-0.131707
345	-0.131408
346	-0.131107
347	-0.130807
348	-0.130507
349	-0.130206
350	-0.129906
351	-0.129605
352	-0.129304
353	-0.129003
354	-0.128701
355	-0.1284
356	-0.128098
357	-0.127797
358	-0.127495
359	-0.127193
360	-0.126891
361	-0.126589
362	-0.126287
363	-0.125985
364	-0.125683
365	-0.125381
366	-0.125079
367	-0.124776
368	-0.124474
369	-0.124171
370	-0.123868
371	-0.123564
372	-0.123261
373	-0.122957
374	-0.122652
375	-0.122348
376	-0.122043
377	-0.121738
378	-0.121433
379	-0.121128
380	-0.120822
381	-0.120516
382	-0.120211
383	-0.119905
384	-0.119599
385	-0.119293
386	-0.118987
387	-0.118681
388	-0.118375
389	-0.118069
390	-0.117763
391	-0.117457
392	-0.117151
393	-0.116845
394	-0.116539
395	-0.116232
396	-0.115926
397	-0.11562
398	-0.115313
399	-0.115007
400	-0.1147
401	-0.114393
402	-0.114086
403	-0.113779
404	-0.113472
405	-0.113164
406	-0.112856
407	-0.112549
408	-0.112241
409	-0.111933
410	-0.111624
411	-0.111316
412	-0.111007
413	-0.110699
414	-0.11039
415	-0.110081
416	-0.109772
417	-0.109463
418	-0.109154
419	-0.108844
420	-0.108535
421	-0.108225
422	-0.107916
423	-0.107606
424	-0.107296
425	-0.106986
426	-0.106676
427	-0.106366
428	-0.106055
429	-0.105745
430	-0.105434
431	-0.105123
432	-0.104812
433	-0.1045
434	-0.104189
435	-0.103877
436	-0.103565
437	-0.103253
438	-0.102941
439	-0.102629
440	-0.102316
441	-0.102004
442	-0.101691
443	-0.101379
444	-0.101066
445	-0.100753
446	-0.10044
447	-0.100128
448	-0.0998146
449	-0.0995017
450	-0.0991887
451	-0.0988757
452	-0.0985626
453	-0.0982494
454	-0.097936
455	-0.0976227
456	-0.0973091
457	-0.0969955
458	-0.0966818
459	-0.0963679
460	-0.0960539
461	-0.0957399
462	-0.0954256
463	-0.0951114
464	-0.0947969
465	-0.0944825
466	-0.0941679
467	-0.0938533
468	-0.0935386
469	-0.093224
470	-0.0929092
471	-0.0925944
472	-0.0922796
473	-0.0919648
474	-0.0916499
475	-0.091335
476	-0.09102
477	-0.090705
478	-0.0903899
479	-0.0900747
480	-0.0897594
481	-0.0894441
482	-0.0891286
483	-0.0888131
484	-0.0884974
485	-0.0881816
486	-0.0878657
487	-0.0875497
488	-0.0872335
489	-0.0869173
490	-0.0866009
491	-0.0862844
492	-0.0859678
493	-0.0856512
494	-0.0853345
495	-0.0850177
496	-0.0847009
497	-0.084384
498	-0.084067
499	-0.0837501
500	-0.0834331
501	-0.0831161
502	-0.0827989
503	-0.0824818
504	-0.0821646
505	-0.0818474
506	-0.08153
507	-0.0812127
508	-0.0808951
509	-0.0805776
510	-0.0802598
511	-0.079942
512	-0.0796241
513	-0.079306
514	-0.0789877
515	-0.0786694
516	-0.0783508
517	-0.0780322
518	-0.0777133
519	-0.0773943
520	-0.0770752
521	-0.0767559
522	-0.0764364
523	-0.0761168
524	-0.0757971
525	-0.0754772
526	-0.0751572
527	-0.0748371
528	-0.0745169
529	-0.0741966
530	-0.0738762
531	-0.0735557
532	-0.0732352
533	-0.0729146
534	-0.0725939
535	-0.0722732
536	-0.0719525
537	-0.0716318
538	-0.071311
539	-0.0709903
540	-0.0706695
541	-0.0703488
542	-0.0700281
543	-0.0697074
544	-0.0693867
545	-0.0690661
546	-0.0687454
547	-0.0684249
548	-0.0681043
549	-0.0677837
550	-0.0674632
551	-0.0671426
552	-0.0668221
553	-0.0665015
554	-0.0661808
555	-0.0658601
556	-0.0655392
557	-0.0652183
558	-0.0648973
559	-0.0645761
560	-0.0642548
561	-0.0639333
562	-0.0636117
563	-0.0632899
564	-0.062968
565	-0.0626459
566	-0.0623236
567	-0.0620012
568	-0.0616786
569	-0.061356
570	-0.0610332
571	-0.0607102
572	-0.0603872
573	-0.0600641
574	-0.059741
575	-0.0594177
576	-0.0590944
577	-0.0587711
578	-0.0584477
579	-0.0581242
580	-0.0578008
581	-0.0574773
582	-0.0571538
583	-0.0568303
584	-0.0565067
585	-0.0561832
586	-0.0558596
587	-0.0555361
588	-0.0552125
589	-0.0548889
590	-0.0545653
591	-0.0542417
592	-0.053918
593	-0.0535943
594	-0.0532706
595	-0.0529468
596	-0.0526229
597	-0.052299
598	-0.0519751
599	-0.051651
600	-0.0513269
601	-0.0510027
602	-0.0506784
603	-0.050354
604	-0.0500295
605	-0.049705
606	-0.0493804
607	-0.0490557
608	-0.048731
609	-0.0484063
610	-0.0480815
611	-0.0477567
612	-0.0474319
613	-0.0471071
614	-0.0467822
615	-0.0464574
616	-0.0461325
617	-0.0458077
618	-0.0454828
619	-0.0451579
620	-0.044833
621	-0.0445081
622	-0.0441831
623	-0.0438582
624	-0.0435332
625	-0.0432081
626	-0.042883
627	-0.0425578
628	-0.0422326
629	-0.0419073
630	-0.041582
631	-0.0412566
632	-0.0409311
633	-0.0406056
634	-0.04028
635	-0.0399543
636	-0.0396286
637	-0.0393028
638	-0.0389769
639	-0.0386509
640	-0.0383249
641	-0.0379988
642	-0.0376727
643	-0.0373464
644	-0.0370202
645	-0.0366938
646	-0.0363674
647	-0.0360409
648	-0.0357143
649	-0.0353877
650	-0.0350611
651	-0.0347344
652	-0.0344077
653	-0.0340809
654	-0.0337541
655	-0.0334273
656	-0.0331004
657	-0.0327735
658	-0.0324466
659	-0.0321197
660	-0.0317928
661	-0.0314658
662	-0.0311388
663	-0.0308118
664	-0.0304848
665	-0.0301577
666	-0.0298306
667	-0.0295034
668	-0.0291762
669	-0.0288489
670	-0.0285216
671	-0.0281942
672	-0.0278667
673	-0.0275392
674	-0.0272117
675	-0.026884
676	-0.0265564
677	-0.0262287
678	-0.025901
679	-0.0255732
680	-0.0252455
681	-0.0249177
682	-0.0245899
683	-0.0242622
684	-0.0239344
685	-0.0236067
686	-0.0232789
687	-0.0229512
688	-0.0226235
689	-0.0222958
690	-0.0219681
691	-0.0216404
692	-0.0213127
693	-0.020985
694	-0.0206572
695	-0.0203294
696	-0.0200015
697	-0.0196736
698	-0.0193456
699	-0.0190175
700	-0.0186894
701	-0.0183613
702	-0.0180331
703	-0.0177048
704	-0.0173765
705	-0.0170482
706	-0.0167198
707	-0.0163914
708	-0.0160631
709	-0.0157347
710	-0.0154064
711	-0.0150781
712	-0.0147498
713	-0.0144216
714	-0.0140934
715	-0.0137653
716	-0.0134373
717	-0.0131093
718	-0.0127814
719	-0.0124536
720	-0.0121257
721	-0.011798
722	-0.0114702
723	-0.0111425
724	-0.0108148
725	-0.0104871
726	-0.0101594
727	-0.00983166
728	-0.00950389
729	-0.00917609
730	-0.00884824
731	-0.00852035
732	-0.00819241
733	-0.00786443
734	-0.00753639
735	-0.00720832
736	-0.0068802
737	-0.00655206
738	-0.00622389
739	-0.00589571
740	-0.00556752
741	-0.00523934
742	-0.00491116
743	-0.00458301
744	-0.00425487
745	-0.00392676
746	-0.00359868
747	-0.00327063
748	-0.0029426
749	-0.0026146
750	-0.00228662
751	-0.00195865
752	-0.00163069
753	-0.00130271
754	-0.000974722
755	-0.000646705
756	-0.000318647
757	9.45806e-06
758	0.000337625
759	0.000665858
760	0.000994168
761	0.00132256
762	0.00165103
763	0.00197959
764	0.00230823
765	0.00263695
766	0.00296575
767	0.00329461
768	0.00362352
769	0.00395247
770	0.00428144
771	0.00461043
772	0.0049394
773	0.00526834
774	0.00559724
775	0.00592608
776	0.00625483
777	0.00658347
778	0.00691201
779	0.00724041
780	0.00756868
781	0.00789679
782	0.00822475
783	0.00855255
784	0.0088802
785	0.0092077
786	0.00953505
787	0.00986226
788	0.0101894
789	0.0105163
790	0.0108432
791	0.0111701
792	0.0114968
793	0.0118236
794	0.0121504
795	0.0124771
796	0.0128039
797	0.0131308
798	0.0134578
799	0.0137848
800	0.014112
801	0.0144392
802	0.0147667
803	0.0150942
804	0.0154219
805	0.0157497
806	0.0160776
807	0.0164057
808	0.0167339
809	0.0170621
810	0.0173905
811	0.017719
812	0.0180475
813	0.018376
814	0.0187046
815	0.0190332
816	0.0193619
817	0.0196905
818	0.020019
819	0.0203476
820	0.0206761
821	0.0210045
822	0.0213329
823	0.0216613
824	0.0219896
825	0.0223178
826	0.022646
827	0.0229741
828	0.0233021
829	0.0236301
830	0.0239581
831	0.024286
832	0.0246138
833	0.0249416
834	0.0252693
835	0.025597
836	0.0259247
837	0.0262523
838	0.0265798
839	0.0269072
840	0.0272346
841	0.0275619
842	0.0278892
843	0.0282163
844	0.0285434
845	0.0288703
846	0.0291972
847	0.029524
848	0.0298507
849	0.0301773
850	0.0305038
851	0.0308303
852	0.0311566
853	0.0314829
854	0.0318092
855	0.0321354
856	0.0324616
857	0.0327877
858	0.0331139
859	0.0334401
860	0.0337663
861	0.0340925
862	0.0344188
863	0.0347451
864	0.0350715
865	0.0353979
866	0.0357244
867	0.036051
868	0.0363776
869	0.0367043
870	0.0370311
871	0.0373578
872	0.0376846
873	0.0380114
874	0.0383382
875	0.038665
876	0.0389918
877	0.0393185
878	0.0396452
879	0.0399718
880	0.0402983
881	0.0406248
882	0.0409511
883	0.0412774
884	0.0416035
885	0.0419296
886	0.0422556
887	0.0425816
888	0.0429074
889	0.0432333
890	0.0435591
891	0.0438848
892	0.0442106
893	0.0445364
894	0.0448623
895	0.0451882
896	0.0455142
897	0.0458403
898	0.0461664
899	0.0464927
900	0.0468191
901	0.0471456
902	0.0474723
903	0.047799
904	0.0481258
905	0.0484527
906	0.0487797
907	0.0491067
908	0.0494338
909	0.0497608
910	0.0500877
911	0.0504146
912	0.0507414
913	0.0510681
914	0.0513945
915	0.0517208
916	0.0520468
917	0.0523726
918	0.0526981
919	0.0530233
920	0.0533482
921	0.0536727
922	0.053997
923	0.0543209
924	0.0546445
925	0.0549678
926	0.0552909
927	0.0556137
928	0.0559363
929	0.0562586
930	0.0565808
931	0.0569029
932	0.0572249
933	0.0575468
934	0.0578687
935	0.0581907
936	0.0585126
937	0.0588347
938	0.0591568
939	0.059479
940	0.0598014
941	0.060124
942	0.0604467
943	0.0607695
944	0.0610925
945	0.0614156
946	0.0617388
947	0.0620622
948	0.0623856
949	0.062709
950	0.0630325
951	0.0633559
952	0.0636793
953	0.0640026
954	0.0643257
955	0.0646487
956	0.0649714
957	0.065294
958	0.0656162
959	0.0659382
960	0.0662598
961	0.0665811
962	0.0669021
963	0.0672227
964	0.067543
965	0.067863
966	0.0681826
967	0.0685018
968	0.0688208
969	0.0691395
970	0.0694579
971	0.0697761
972	0.0700941
973	0.070412
974	0.0707297
975	0.0710474
976	0.071365
977	0.0716826
978	0.0720002
979	0.0723179
980	0.0726357
981	0.0729536
982	0.0732717
983	0.07359
984	0.0739085
985	0.0742273
986	0.0745463
987	0.0748656
988	0.0751852
989	0.075505
990	0.0758252
991	0.0761456
992	0.0764663
993	0.0767873
994	0.0771085
995	0.07743
996	0.0777518
997	0.0780737
998	0.0783957
999	0.078718
1000	0.0790403
1001	0.0793627
1002	0.0796851
1003	0.0800076
1004	0.08033
1005	0.0806523
1006	0.0809746
1007	0.0812968
1008	0.0816187
1009	0.0819405
1010	0.0822621
1011	0.0825835
1012	0.0829046
1013	0.0832255
1014	0.0835461
1015	0.0838664
1016	0.0841864
1017	0.0845062
1018	0.0848256
1019	0.0851448
1020	0.0854637
1021	0.0857823
1022	0.0861007
1023	0.0864188
1024	0.0867367
1025	0.0870544
1026	0.0873719
1027	0.0876892
1028	0.0880064
1029	0.0883234
1030	0.0886403
1031	0.0889571
1032	0.0892738
1033	0.0895904
1034	0.089907
1035	0.0902235
1036	0.09054
1037	0.0908565
1038	0.0911729
1039	0.0914894
1040	0.0918058
1041	0.0921222
1042	0.0924386
1043	0.092755
1044	0.0930714
1045	0.0933877
1046	0.0937041
1047	0.0940204
1048	0.0943367
1049	0.094653
1050	0.0949692
1051	0.0952854
1052	0.0956015
1053	0.0959175
1054	0.0962335
1055	0.0965494
1056	0.0968652
1057	0.0971809
1058	0.0974965
1059	0.097812
1060	0.0981273
1061	0.0984426
1062	0.0987578
1063	0.0990728
1064	0.0993877
1065	0.0997025
1066	0.100017
1067	0.100332
1068	0.100646
1069	0.10096
1070	0.101275
1071	0.101589
1072	0.101903
1073	0.102217
1074	0.102531
1075	0.102844
1076	0.103158
1077	0.103471
1078	0.103785
1079	0.104098
1080	0.104411
1081	0.104725
1082	0.105038
1083	0.105351
1084	0.105664
1085	0.105977
1086	0.10629
1087	0.106603
1088	0.106915
1089	0.107228
1090	0.107541
1091	0.107853
1092	0.108166
1093	0.108478
1094	0.108791
1095	0.109103
1096	0.109415
1097	0.109727
1098	0.11004
1099	0.110352
1100	0.110663
1101	0.110975
1102	0.111287
1103	0.111599
1104	0.11191
1105	0.112221
1106	0.112533
1107	0.112844
1108	0.113155
1109	0.113466
1110	0.113777
1111	0.114088
1112	0.114398
1113	0.114709
1114	0.115019
1115	0.115329
1116	0.115639
1117	0.115949
1118	0.116259
1119	0.116569
1120	0.116878
1121	0.117188
1122	0.117497
1123	0.117806
1124	0.118115
1125	0.118424
1126	0.118733
1127	0.119041
1128	0.11935
1129	0.119658
1130	0.119967
1131	0.120275
1132	0.120583
1133	0.120891
1134	0.121198
1135	0.121506
1136	0.121814
1137	0.122121
1138	0.122428
1139	0.122735
1140	0.123042
1141	0.123349
1142	0.123656
1143	0.123963
1144	0.124269
1145	0.124576
1146	0.124882
1147	0.125188
1148	0.125494
1149	0.1258
1150	0.126106
1151	0.126412
1152	0.126717
1153	0.127022
1154	0.127328
1155	0.127633
1156	0.127937
1157	0.128242
1158	0.128547
1159	0.128851
1160	0.129155
1161	0.129459
1162	0.129763
1163	0.130067
1164	0.130371
1165	0.130674
1166	0.130977
1167	0.13128
1168	0.131583
1169	0.131886
1170	0.132189
1171	0.132491
1172	0.132793
1173	0.133096
1174	0.133398
1175	0.133699
1176	0.134001
1177	0.134303
1178	0.134604
1179	0.134905
1180	0.135206
1181	0.135507
1182	0.135808
1183	0.136109
1184	0.13641
1185	0.13671
1186	0.13701
1187	0.13731
1188	0.137611
1189	0.13791
1190	0.13821
1191	0.13851
1192	0.138809
1193	0.139109
1194	0.139408
1195	0.139707
1196	0.140006
1197	0.140304
1198	0.140603
1199	0.140901
1200	0.1412
1201	0.141498
1202	0.141796
1203	0.142094
1204	0.142391
1205	0.142689
1206	0.142986
1207	0.143284
1208	0.143581
1209	0.143878
1210	0.144174
1211	0.144471
1212	0.144767
1213	0.145064
1214	0.14536
1215	0.145656
1216	0.145952
1217	0.146248
1218	0.146543
1219	0.146839
1220	0.147134
1221	0.14743
1222	0.147725
1223	0.14802
1224	0.148315
1225	0.148609
1226	0.148904
1227	0.149199
1228	0.149493
1229	0.149787
1230	0.150081
1231	0.150375
1232	0.150669
1233	0.150963
1234	0.151257
1235	0.151551
1236	0.151844
1237	0.152138
1238	0.152431
1239	0.152724
1240	0.153017
1241	0.15331
1242	0.153603
1243	0.153896
1244	0.154189
1245	0.154481
1246	0.154774
1247	0.155066
1248	0.155358
1249	0.15565
1250	0.155942
1251	0.156234
1252	0.156526
1253	0.156818
1254	0.15711
1255	0.157401
1256	0.157693
1257	0.157984
1258	0.158275
1259	0.158566
1260	0.158857
1261	0.159148
1262	0.159438
1263	0.159729
1264	0.160019
1265	0.160309
1266	0.160599
1267	0.160889
1268	0.161179
1269	0.161468
1270	0.161757
1271	0.162047
1272	0.162336
1273	0.162624
1274	0.162913
1275	0.163202
1276	0.16349
1277	0.163778
1278	0.164066
1279	0.164354
1280	0.164641
1281	0.164928
1282	0.165216
1283	0.165503
1284	0.165789
1285	0.166076
1286	0.166362
1287	0.166648
1288	0.166934
1289	0.16722
1290	0.167506
1291	0.167791
1292	0.168076
1293	0.168361
1294	0.168646
1295	0.16893
1296	0.169215
1297	0.169499
1298	0.169783
1299	0.170067
1300	0.170351
1301	0.170634
1302	0.170917
1303	0.171201
1304	0.171484
1305	0.171766
1306	0.172049
1307	0.172332
1308	0.172614
1309	0.172896
1310	0.173178
1311	0.17346
1312	0.173742
1313	0.174023
1314	0.174305
1315	0.174586
1316	0.174867
1317	0.175149
1318	0.175429
1319	0.17571
1320	0.175991
1321	0.176271
1322	0.176552
1323	0.176832
1324	0.177112
1325	0.177392
1326	0.177672
1327	0.177952
1328	0.178231
1329	0.178511
1330	0.17879
1331	0.17907
1332	0.179349
1333	0.179628
1334	0.179907
1335	0.180185
1336	0.180464
1337	0.180742
1338	0.181021
1339	0.181299
1340	0.181577
1341	0.181855
1342	0.182133
1343	0.182411
1344	0.182688
1345	0.182966
1346	0.183243
1347	0.18352
1348	0.183797
1349	0.184074
1350	0.184351
1351	0.184628
1352	0.184904
1353	0.185181
1354	0.185457
1355	0.185733
1356	0.186009
1357	0.186285
1358	0.18656
1359	0.186836
1360	0.187111
1361	0.187386
1362	0.187661
1363	0.187936
1364	0.188211
1365	0.188485
1366	0.18876
1367	0.189034
1368	0.189308
1369	0.189582
1370	0.189855
1371	0.190129
1372	0.190402
1373	0.190675
1374	0.190948
1375	0.191221
1376	0.191493
1377	0.191766
1378	0.192038
1379	0.19231
1380	0.192581
1381	0.192853
1382	0.193124
1383	0.193395
1384	0.193666
1385	0.193936
1386	0.194207
1387	0.194477
1388	0.194747
1389	0.195016
1390	0.195285
1391	0.195554
1392	0.195823
1393	0.196092
1394	0.19636
1395	0.196628
1396	0.196896
1397	0.197163
1398	0.19743
1399	0.197697
1400	0.197964
1401	0.19823
1402	0.198496
1403	0.198762
1404	0.199027
1405	0.199292
1406	0.199557
1407	0.199821
1408	0.200086
1409	0.20035
1410	0.200613
1411	0.200877
1412	0.20114
1413	0.201403
1414	0.201666
1415	0.201928
1416	0.20219
1417	0.202452
1418	0.202714
1419	0.202975
1420	0.203236
1421	0.203497
1422	0.203758
1423	0.204019
1424	0.204279
1425	0.204539
1426	0.204799
1427	0.205059
1428	0.205318
1429	0.205577
1430	0.205836
1431	0.206095
1432	0.206354
1433	0.206613
1434	0.206871
1435	0.20713
1436	0.207388
1437	0.207646
1438	0.207904
1439	0.208161
1440	0.208419
1441	0.208676
1442	0.208933
1443	0.209191
1444	0.209448
1445	0.209704
1446	0.209961
1447	0.210218
1448	0.210474
1449	0.21073
1450	0.210987
1451	0.211243
1452	0.211498
1453	0.211754
1454	0.21201
1455	0.212265
1456	0.212521
1457	0.212776
1458	0.213031
1459	0.213286
1460	0.213541
1461	0.213795
1462	0.21405
1463	0.214304
1464	0.214558
1465	0.214812
1466	0.215066
1467	0.21532
1468	0.215573
1469	0.215827
1470	0.21608
1471	0.216333
1472	0.216586
1473	0.216838
1474	0.217091
1475	0.217343
1476	0.217595
1477	0.217847
1478	0.218098
1479	0.21835
1480	0.218601
1481	0.218852
1482	0.219103
1483	0.219354
1484	0.219604
1485	0.219854
1486	0.220104
1487	0.220354
1488	0.220604
1489	0.220853
1490	0.221102
1491	0.221351
1492	0.2216
1493	0.221848
1494	0.222096
1495	0.222344
1496	0.222592
1497	0.222839
1498	0.223086
1499	0.223333
1500	0.22358
1501	0.223827
1502	0.224073
1503	0.224319
1504	0.224565
1505	0.22481
1506	0.225055
1507	0.225301
1508	0.225545
1509	0.22579
1510	0.226034
1511	0.226278
1512	0.226522
1513	0.226766
1514	0.22701
1515	0.227253
1516	0.227496
1517	0.227739
1518	0.227981
1519	0.228223
1520	0.228466
1521	0.228707
1522	0.228949
1523	0.229191
1524	0.229432
1525	0.229673
1526	0.229914
1527	0.230154
1528	0.230395
1529	0.230635
1530	0.230875
1531	0.231114
1532	0.231354
1533	0.231593
1534	0.231832
1535	0.232071
1536	0.23231
1537	0.232548
1538	0.232786
1539	0.233024
1540	0.233262
1541	0.2335
1542	0.233737
1543	0.233974
1544	0.234211
1545	0.234447
1546	0.234684
1547	0.23492
1548	0.235156
1549	0.235392
1550	0.235627
1551	0.235862
1552	0.236097
1553	0.236332
1554	0.236567
1555	0.236801
1556	0.237035
1557	0.237269
1558	0.237503
1559	0.237736
1560	0.237969
1561	0.238202
1562	0.238435
1563	0.238667
1564	0.2389
1565	0.239132
1566	0.239363
1567	0.239595
1568	0.239826
1569	0.240058
1570	0.240289
1571	0.240519
1572	0.24075
1573	0.24098
1574	0.24121
1575	0.24144
1576	0.24167
1577	0.241899
1578	0.242128
1579	0.242357
1580	0.242586
1581	0.242815
1582	0.243043
1583	0.243272
1584	0.2435
1585	0.243727
1586	0.243955
1587	0.244183
1588	0.24441
1589	0.244637
1590	0.244864
1591	0.24509
1592	0.245317
1593	0.245543
1594	0.245769
1595	0.245995
1596	0.246221
1597	0.246447
1598	0.246672
1599	0.246897
1600	0.247122
1601	0.247347
1602	0.247572
1603	0.247796
1604	0.24802
1605	0.248244
1606	0.248468
1607	0.248691
1608	0.248915
1609	0.249138
1610	0.24936
1611	0.249583
1612	0.249805
1613	0.250027
1614	0.250249
1615	0.250471
1616	0.250692
1617	0.250913
1618	0.251133
1619	0.251354
1620	0.251574
1621	0.251793
1622	0.252013
1623	0.252232
1624	0.252451
1625	0.252669
1626	0.252887
1627	0.253105
1628	0.253323
1629	0.25354
1630	0.253757
1631	0.253973
1632	0.25419
1633	0.254406
1634	0.254621
1635	0.254837
1636	0.255052
1637	0.255266
1638	0.255481
1639	0.255695
1640	0.255909
1641	0.256123
1642	0.256336
1643	0.256549
1644	0.256762
1645	0.256975
1646	0.257188
1647	0.2574
1648	0.257612
1649	0.257824
1650	0.258035
1651	0.258247
1652	0.258458
1653	0.258669
1654	0.25888
1655	0.25909
1656	0.259301
1657	0.259511
1658	0.259721
1659	0.259931
1660	0.26014
1661	0.260349
1662	0.260558
1663	0.260767
1664	0.260976
1665	0.261184
1666	0.261393
1667	0.261601
1668	0.261808
1669	0.262016
1670	0.262223
1671	0.26243
1672	0.262636
1673	0.262843
1674	0.263049
1675	0.263255
1676	0.26346
1677	0.263666
1678	0.263871
1679	0.264075
1680	0.26428
1681	0.264484
1682	0.264688
1683	0.264891
1684	0.265094
1685	0.265297
1686	0.2655
1687	0.265702
1688	0.265904
1689	0.266106
1690	0.266307
1691	0.266508
1692	0.266708
1693	0.266909
1694	0.267109
1695	0.267308
1696	0.267508
1697	0.267707
1698	0.267905
1699	0.268104
1700	0.268302
1701	0.268499
1702	0.268697
1703	0.268894
1704	0.26909
1705	0.269287
1706	0.269483
1707	0.269679
1708	0.269874
1709	0.270069
1710	0.270264
1711	0.270459
1712	0.270653
1713	0.270847
1714	0.271041
1715	0.271235
1716	0.271428
1717	0.271621
1718	0.271814
1719	0.272006
1720	0.272199
1721	0.272391
1722	0.272582
1723	0.272774
1724	0.272965
1725	0.273156
1726	0.273347
1727	0.273538
1728	0.273728
1729	0.273919
1730	0.274109
1731	0.274298
1732	0.274488
1733	0.274677
1734	0.274867
1735	0.275056
1736	0.275244
1737	0.275433
1738	0.275621
1739	0.275809
1740	0.275997
1741	0.276185
1742	0.276372
1743	0.276559
1744	0.276746
1745	0.276933
1746	0.277119
1747	0.277305
1748	0.277491
1749	0.277677
1750	0.277862
1751	0.278047
1752	0.278232
1753	0.278417
1754	0.278601
1755	0.278785
1756	0.278969
1757	0.279152
1758	0.279335
1759	0.279518
1760	0.279701
1761	0.279883
1762	0.280066
1763	0.280247
1764	0.280429
1765	0.28061
1766	0.280791
1767	0.280972
1768	0.281153
1769	0.281333
1770	0.281513
1771	0.281693
1772	0.281872
1773	0.282052
1774	0.282231
1775	0.282409
1776	0.282588
1777	0.282766
1778	0.282944
1779	0.283121
1780	0.283299
1781	0.283476
1782	0.283653
1783	0.283829
1784	0.284006
1785	0.284182
1786	0.284357
1787	0.284533
1788	0.284708
1789	0.284883
1790	0.285058
1791	0.285232
1792	0.285406
1793	0.28558
1794	0.285753
1795	0.285926
1796	0.286099
1797	0.286272
1798	0.286444
1799	0.286616
1800	0.286787
1801	0.286959
1802	0.28713
1803	0.2873
1804	0.287471
1805	0.287641
1806	0.287811
1807	0.28798
1808	0.288149
1809	0.288318
1810	0.288487
1811	0.288655
1812	0.288823
1813	0.288991
1814	0.289158
1815	0.289326
1816	0.289493
1817	0.289659
1818	0.289826
1819	0.289992
1820	0.290158
1821	0.290323
1822	0.290489
1823	0.290654
1824	0.290818
1825	0.290983
1826	0.291147
1827	0.291311
1828	0.291475
1829	0.291639
1830	0.291802
1831	0.291965
1832	0.292128
1833	0.29229
1834	0.292452
1835	0.292614
1836	0.292776
1837	0.292937
1838	0.293098
1839	0.293259
1840	0.29342
1841	0.29358
1842	0.29374
1843	0.2939
1844	0.294059
1845	0.294218
1846	0.294377
1847	0.294536
1848	0.294694
1849	0.294852
1850	0.29501
1851	0.295167
1852	0.295324
1853	0.295481
1854	0.295637
1855	0.295793
1856	0.295949
1857	0.296104
1858	0.29626
1859	0.296414
1860	0.296569
1861	0.296723
1862	0.296877
1863	0.297031
1864	0.297184
1865	0.297337
1866	0.29749
1867	0.297642
1868	0.297794
1869	0.297946
1870	0.298098
1871	0.298249
1872	0.2984
1873	0.29855
1874	0.298701
1875	0.298851
1876	0.299
1877	0.29915
1878	0.299299
1879	0.299448
1880	0.299597
1881	0.299745
1882	0.299893
1883	0.300041
1884	0.300188
1885	0.300335
1886	0.300482
1887	0.300629
1888	0.300775
1889	0.300921
1890	0.301067
1891	0.301213
1892	0.301358
1893	0.301503
1894	0.301648
1895	0.301792
1896	0.301937
1897	0.302081
1898	0.302224
1899	0.302368
1900	0.302511
1901	0.302654
1902	0.302796
1903	0.302939
1904	0.303081
1905	0.303223
1906	0.303364
1907	0.303505
1908	0.303646
1909	0.303787
1910	0.303928
1911	0.304068
1912	0.304208
1913	0.304348
1914	0.304487
1915	0.304626
1916	0.304765
1917	0.304904
1918	0.305042
1919	0.30518
1920	0.305318
1921	0.305455
1922	0.305592
1923	0.305729
1924	0.305866
1925	0.306002
1926	0.306138
1927	0.306274
1928	0.30641
1929	0.306545
1930	0.30668
1931	0.306814
1932	0.306948
1933	0.307082
1934	0.307216
1935	0.307349
1936	0.307482
1937	0.307615
1938	0.307747
1939	0.30788
1940	0.308011
1941	0.308143
1942	0.308274
1943	0.308405
1944	0.308535
1945	0.308665
1946	0.308795
1947	0.308925
1948	0.309054
1949	0.309183
1950	0.309312
1951	0.30944
1952	0.309568
1953	0.309695
1954	0.309823
1955	0.30995
1956	0.310076
1957	0.310203
1958	0.310329
1959	0.310455
1960	0.31058
1961	0.310705
1962	0.31083
1963	0.310954
1964	0.311079
1965	0.311202
1966	0.311326
1967	0.311449
1968	0.311572
1969	0.311695
1970	0.311817
1971	0.311939
1972	0.312061
1973	0.312182
1974	0.312303
1975	0.312424
1976	0.312545
1977	0.312665
1978	0.312785
1979	0.312904
1980	0.313024
1981	0.313143
1982	0.313261
1983	0.31338
1984	0.313498
1985	0.313616
1986	0.313733
1987	0.31385
1988	0.313967
1989	0.314084
1990	0.3142
1991	0.314316
1992	0.314432
1993	0.314547
1994	0.314662
1995	0.314777
1996	0.314892
1997	0.315006
1998	0.31512
1999	0.315234
2000	0.315347
2001	0.31546
2002	0.315573
2003	0.315686
2004	0.315798
2005	0.31591
2006	0.316022
2007	0.316133
2008	0.316244
2009	0.316355
2010	0.316465
2011	0.316575
2012	0.316685
2013	0.316794
2014	0.316903
2015	0.317012
2016	0.317121
2017	0.317229
2018	0.317337
2019	0.317444
2020	0.317551
2021	0.317658
2022	0.317765
2023	0.317871
2024	0.317977
2025	0.318082
2026	0.318187
2027	0.318292
2028	0.318397
2029	0.318501
2030	0.318605
2031	0.318708
2032	0.318811
2033	0.318914
2034	0.319016
2035	0.319118
2036	0.31922
2037	0.319321
2038	0.319423
2039	0.319523
2040	0.319624
2041	0.319724
2042	0.319823
2043	0.319923
2044	0.320022
2045	0.320121
2046	0.320219
2047	0.320317
2048	0.320415
2049	0.320512
2050	0.32061
2051	0.320706
2052	0.320803
2053	0.320899
2054	0.320995
2055	0.321091
2056	0.321186
2057	0.321281
2058	0.321376
2059	0.32147
2060	0.321564
2061	0.321658
2062	0.321752
2063	0.321845
2064	0.321938
2065	0.32203
2066	0.322123
2067	0.322215
2068	0.322307
2069	0.322398
2070	0.322489
2071	0.32258
2072	0.322671
2073	0.322761
2074	0.322852
2075	0.322941
2076	0.323031
2077	0.32312
2078	0.323209
2079	0.323298
2080	0.323386
2081	0.323474
2082	0.323562
2083	0.323649
2084	0.323736
2085	0.323823
2086	0.323909
2087	0.323996
2088	0.324081
2089	0.324167
2090	0.324252
2091	0.324337
2092	0.324422
2093	0.324506
2094	0.32459
2095	0.324674
2096	0.324757
2097	0.32484
2098	0.324922
2099	0.325005
2100	0.325087
2101	0.325168
2102	0.32525
2103	0.325331
2104	0.325412
2105	0.325492
2106	0.325572
2107	0.325652
2108	0.325731
2109	0.32581
2110	0.325889
2111	0.325968
2112	0.326046
2113	0.326124
2114	0.326201
2115	0.326278
2116	0.326355
2117	0.326432
2118	0.326508
2119	0.326584
2120	0.32666
2121	0.326735
2122	0.32681
2123	0.326885
2124	0.32696
2125	0.327034
2126	0.327108
2127	0.327181
2128	0.327254
2129	0.327327
2130	0.3274
2131	0.327472
2132	0.327544
2133	0.327616
2134	0.327687
2135	0.327758
2136	0.327829
2137	0.3279
2138	0.32797
2139	0.328039
2140	0.328109
2141	0.328178
2142	0.328247
2143	0.328315
2144	0.328384
2145	0.328452
2146	0.328519
2147	0.328586
2148	0.328653
2149	0.32872
2150	0.328786
2151	0.328852
2152	0.328918
2153	0.328983
2154	0.329048
2155	0.329113
2156	0.329177
2157	0.329241
2158	0.329305
2159	0.329368
2160	0.329431
2161	0.329494
2162	0.329556
2163	0.329618
2164	0.32968
2165	0.329741
2166	0.329802
2167	0.329863
2168	0.329924
2169	0.329984
2170	0.330044
2171	0.330103
2172	0.330162
2173	0.330221
2174	0.330279
2175	0.330338
2176	0.330395
2177	0.330453
2178	0.33051
2179	0.330567
2180	0.330624
2181	0.33068
2182	0.330736
2183	0.330791
2184	0.330846
2185	0.330901
2186	0.330956
2187	0.33101
2188	0.331064
2189	0.331117
2190	0.331171
2191	0.331224
2192	0.331276
2193	0.331328
2194	0.33138
2195	0.331432
2196	0.331483
2197	0.331534
2198	0.331585
2199	0.331635
2200	0.331685
2201	0.331735
2202	0.331784
2203	0.331833
2204	0.331882
2205	0.33193
2206	0.331978
2207	0.332026
2208	0.332073
2209	0.33212
2210	0.332167
2211	0.332213
2212	0.332259
2213	0.332305
2214	0.332351
2215	0.332396
2216	0.332441
2217	0.332486
2218	0.33253
2219	0.332574
2220	0.332618
2221	0.332661
2222	0.332704
2223	0.332747
2224	0.332789
2225	0.332832
2226	0.332873
2227	0.332915
2228	0.332956
2229	0.332997
2230	0.333038
2231	0.333079
2232	0.333119
2233	0.333159
2234	0.333199
2235	0.333238
2236	0.333277
2237	0.333316
2238	0.333354
2239	0.333393
2240	0.333431
2241	0.333469
2242	0.333506
2243	0.333543
2244	0.33358
2245	0.333617
2246	0.333654
2247	0.33369
2248	0.333726
2249	0.333762
2250	0.333797
2251	0.333832
2252	0.333867
2253	0.333902
2254	0.333937
2255	0.333971
2256	0.334005
2257	0.334039
2258	0.334072
2259	0.334106
2260	0.334139
2261	0.334172
2262	0.334204
2263	0.334237
2264	0.334269
2265	0.334301
2266	0.334333
2267	0.334364
2268	0.334395
2269	0.334426
2270	0.334457
2271	0.334488
2272	0.334518
2273	0.334548
2274	0.334578
2275	0.334608
2276	0.334637
2277	0.334666
2278	0.334695
2279	0.334724
2280	0.334752
2281	0.33478
2282	0.334808
2283	0.334836
2284	0.334863
2285	0.33489
2286	0.334917
2287	0.334944
2288	0.33497
2289	0.334996
2290	0.335021
2291	0.335047
2292	0.335072
2293	0.335096
2294	0.335121
2295	0.335144
2296	0.335168
2297	0.335191
2298	0.335214
2299	0.335237
2300	0.335259
2301	0.335281
2302	0.335302
2303	0.335323
2304	0.335343
2305	0.335364
2306	0.335383
2307	0.335403
2308	0.335421
2309	0.33544
2310	0.335458
2311	0.335475
2312	0.335492
2313	0.335509
2314	0.335525
2315	0.335541
2316	0.335556
2317	0.335571
2318	0.335585
2319	0.335599
2320	0.335612
2321	0.335625
2322	0.335637
2323	0.335649
2324	0.33566
2325	0.335671
2326	0.335681
2327	0.335691
2328	0.3357
2329	0.335709
2330	0.335717
2331	0.335725
2332	0.335732
2333	0.335739
2334	0.335746
2335	0.335752
2336	0.335757
2337	0.335762
2338	0.335766
2339	0.33577
2340	0.335774
2341	0.335777
2342	0.33578
2343	0.335782
2344	0.335784
2345	0.335785
2346	0.335786
2347	0.335786
2348	0.335786
2349	0.335786
2350	0.335785
2351	0.335784
2352	0.335782
2353	0.33578
2354	0.335778
2355	0.335775
2356	0.335772
2357	0.335768
2358	0.335765
2359	0.33576
2360	0.335756
2361	0.335751
2362	0.335745
2363	0.33574
2364	0.335734
2365	0.335728
2366	0.335721
2367	0.335714
2368	0.335707
2369	0.335699
2370	0.335691
2371	0.335683
2372	0.335674
2373	0.335666
2374	0.335656
2375	0.335647
2376	0.335637
2377	0.335627
2378	0.335617
2379	0.335606
2380	0.335596
2381	0.335584
2382	0.335573
2383	0.335561
2384	0.335549
2385	0.335537
2386	0.335524
2387	0.335511
2388	0.335498
2389	0.335485
2390	0.335471
2391	0.335457
2392	0.335443
2393	0.335428
2394	0.335414
2395	0.335398
2396	0.335383
2397	0.335367
2398	0.335351
2399	0.335335
2400	0.335319
2401	0.335302
2402	0.335285
2403	0.335267
2404	0.335249
2405	0.335231
2406	0.335213
2407	0.335195
2408	0.335176
2409	0.335156
2410	0.335137
2411	0.335117
2412	0.335097
2413	0.335076
2414	0.335056
2415	0.335035
2416	0.335013
2417	0.334992
2418	0.33497
2419	0.334947
2420	0.334925
2421	0.334902
2422	0.334878
2423	0.334855
2424	0.334831
2425	0.334807
2426	0.334782
2427	0.334757
2428	0.334732
2429	0.334707
2430	0.334681
2431	0.334655
2432	0.334628
2433	0.334601
2434	0.334574
2435	0.334547
2436	0.334519
2437	0.334491
2438	0.334463
2439	0.334434
2440	0.334406
2441	0.334376
2442	0.334347
2443	0.334317
2444	0.334287
2445	0.334257
2446	0.334226
2447	0.334195
2448	0.334164
2449	0.334133
2450	0.334101
2451	0.334069
2452	0.334037
2453	0.334005
2454	0.333972
2455	0.333939
2456	0.333906
2457	0.333873
2458	0.333839
2459	0.333805
2460	0.333771
2461	0.333737
2462	0.333702
2463	0.333668
2464	0.333633
2465	0.333598
2466	0.333562
2467	0.333527
2468	0.333491
2469	0.333455
2470	0.333419
2471	0.333382
2472	0.333346
2473	0.333309
2474	0.333272
2475	0.333235
2476	0.333197
2477	0.33316
2478	0.333122
2479	0.333084
2480	0.333045
2481	0.333007
2482	0.332968
2483	0.332929
2484	0.33289
2485	0.33285
2486	0.33281
2487	0.33277
2488	0.33273
2489	0.33269
2490	0.332649
2491	0.332608
2492	0.332567
2493	0.332525
2494	0.332483
2495	0.332441
2496	0.332399
2497	0.332356
2498	0.332313
2499	0.33227
2500	0.332227
2501	0.332183
2502	0.332139
2503	0.332094
2504	0.33205
2505	0.332005
2506	0.33196
2507	0.331914
2508	0.331868
2509	0.331822
2510	0.331776
2511	0.331729
2512	0.331682
2513	0.331634
2514	0.331587
2515	0.331539
2516	0.331491
2517	0.331442
2518	0.331393
2519	0.331344
2520	0.331295
2521	0.331245
2522	0.331195
2523	0.331145
2524	0.331094
2525	0.331043
2526	0.330992
2527	0.33094
2528	0.330889
2529	0.330836
2530	0.330784
2531	0.330731
2532	0.330678
2533	0.330625
2534	0.330571
2535	0.330518
2536	0.330463
2537	0.330409
2538	0.330354
2539	0.330299
2540	0.330244
2541	0.330188
2542	0.330132
2543	0.330076
2544	0.330019
2545	0.329962
2546	0.329905
2547	0.329848
2548	0.32979
2549	0.329732
2550	0.329674
2551	0.329615
2552	0.329556
2553	0.329497
2554	0.329437
2555	0.329378
2556	0.329318
2557	0.329257
2558	0.329196
2559	0.329135
2560	0.329074
2561	0.329012
2562	0.32895
2563	0.328888
2564	0.328826
2565	0.328763
2566	0.3287
2567	0.328636
2568	0.328572
2569	0.328508
2570	0.328444
2571	0.328379
2572	0.328314
2573	0.328249
2574	0.328183
2575	0.328117
2576	0.328051
2577	0.327985
2578	0.327918
2579	0.327851
2580	0.327783
2581	0.327715
2582	0.327647
2583	0.327579
2584	0.32751
2585	0.327441
2586	0.327372
2587	0.327302
2588	0.327232
2589	0.327162
2590	0.327092
2591	0.327021
2592	0.32695
2593	0.326878
2594	0.326806
2595	0.326734
2596	0.326662
2597	0.326589
2598	0.326516
2599	0.326443
2600	0.326369
2601	0.326295
2602	0.326221
2603	0.326147
2604	0.326072
2605	0.325996
2606	0.325921
2607	0.325845
2608	0.325769
2609	0.325693
2610	0.325616
2611	0.325539
2612	0.325461
2613	0.325384
2614	0.325306
2615	0.325227
2616	0.325148
2617	0.325069
2618	0.32499
2619	0.324911
2620	0.324831
2621	0.32475
2622	0.32467
2623	0.324589
2624	0.324508
2625	0.324426
2626	0.324344
2627	0.324262
2628	0.324179
2629	0.324097
2630	0.324013
2631	0.32393
2632	0.323846
2633	0.323762
2634	0.323678
2635	0.323593
2636	0.323508
2637	0.323422
2638	0.323336
2639	0.32325
2640	0.323164
2641	0.323077
2642	0.32299
2643	0.322903
2644	0.322815
2645	0.322727
2646	0.322639
2647	0.32255
2648	0.322462
2649	0.322372
2650	0.322283
2651	0.322193
2652	0.322103
2653	0.322012
2654	0.321921
2655	0.32183
2656	0.321739
2657	0.321647
2658	0.321555
2659	0.321462
2660	0.32137
2661	0.321277
2662	0.321183
2663	0.32109
2664	0.320996
2665	0.320902
2666	0.320807
2667	0.320712
2668	0.320617
2669	0.320522
2670	0.320426
2671	0.32033
2672	0.320233
2673	0.320137
2674	0.32004
2675	0.319942
2676	0.319845
2677	0.319747
2678	0.319649
2679	0.31955
2680	0.319451
2681	0.319352
2682	0.319253
2683	0.319153
2684	0.319053
2685	0.318953
2686	0.318852
2687	0.318751
2688	0.31865
2689	0.318549
2690	0.318447
2691	0.318345
2692	0.318242
2693	0.318139
2694	0.318036
2695	0.317933
2696	0.317829
2697	0.317725
2698	0.317621
2699	0.317517
2700	0.317412
2701	0.317306
2702	0.317201
2703	0.317095
2704	0.316989
2705	0.316883
2706	0.316776
2707	0.316669
2708	0.316562
2709	0.316454
2710	0.316346
2711	0.316238
2712	0.316129
2713	0.31602
2714	0.315911
2715	0.315802
2716	0.315692
2717	0.315582
2718	0.315472
2719	0.315361
2720	0.31525
2721	0.315139
2722	0.315027
2723	0.314915
2724	0.314803
2725	0.31469
2726	0.314577
2727	0.314464
2728	0.314351
2729	0.314237
2730	0.314123
2731	0.314008
2732	0.313894
2733	0.313779
2734	0.313663
2735	0.313548
2736	0.313432
2737	0.313316
2738	0.313199
2739	0.313082
2740	0.312965
2741	0.312848
2742	0.31273
2743	0.312612
2744	0.312494
2745	0.312375
2746	0.312256
2747	0.312137
2748	0.312018
2749	0.311898
2750	0.311778
2751	0.311657
2752	0.311537
2753	0.311416
2754	0.311295
2755	0.311173
2756	0.311051
2757	0.310929
2758	0.310807
2759	0.310684
2760	0.310561
2761	0.310438
2762	0.310314
2763	0.31019
2764	0.310066
2765	0.309942
2766	0.309817
2767	0.309692
2768	0.309567
2769	0.309441
2770	0.309316
2771	0.309189
2772	0.309063
2773	0.308936
2774	0.308809
2775	0.308682
2776	0.308555
2777	0.308427
2778	0.308299
2779	0.308171
2780	0.308042
2781	0.307913
2782	0.307784
2783	0.307654
2784	0.307525
2785	0.307395
2786	0.307265
2787	0.307134
2788	0.307003
2789	0.306872
2790	0.306741
2791	0.306609
2792	0.306478
2793	0.306345
2794	0.306213
2795	0.306081
2796	0.305948
2797	0.305815
2798	0.305681
2799	0.305548
2800	0.305414
2801	0.30528
2802	0.305145
2803	0.305011
2804	0.304876
2805	0.304741
2806	0.304605
2807	0.30447
2808	0.304334
2809	0.304198
2810	0.304062
2811	0.303925
2812	0.303788
2813	0.303651
2814	0.303514
2815	0.303376
2816	0.303238
2817	0.3031
2818	0.302962
2819	0.302823
2820	0.302684
2821	0.302545
2822	0.302406
2823	0.302266
2824	0.302126
2825	0.301986
2826	0.301846
2827	0.301705
2828	0.301564
2829	0.301423
2830	0.301281
2831	0.301139
2832	0.300997
2833	0.300855
2834	0.300712
2835	0.300569
2836	0.300426
2837	0.300282
2838	0.300139
2839	0.299995
2840	0.29985
2841	0.299706
2842	0.299561
2843	0.299415
2844	0.29927
2845	0.299124
2846	0.298978
2847	0.298832
2848	0.298685
2849	0.298538
2850	0.298391
2851	0.298243
2852	0.298095
2853	0.297947
2854	0.297799
2855	0.29765
2856	0.297501
2857	0.297352
2858	0.297202
2859	0.297053
2860	0.296902
2861	0.296752
2862	0.296601
2863	0.29645
2864	0.296299
2865	0.296148
2866	0.295996
2867	0.295844
2868	0.295691
2869	0.295539
2870	0.295386
2871	0.295233
2872	0.295079
2873	0.294925
2874	0.294771
2875	0.294617
2876	0.294463
2877	0.294308
2878	0.294153
2879	0.293997
2880	0.293842
2881	0.293686
2882	0.29353
2883	0.293373
2884	0.293217
2885	0.29306
2886	0.292902
2887	0.292745
2888	0.292587
2889	0.292429
2890	0.292271
2891	0.292112
2892	0.291954
2893	0.291795
2894	0.291635
2895	0.291476
2896	0.291316
2897	0.291156
2898	0.290996
2899	0.290835
2900	0.290674
2901	0.290513
2902	0.290352
2903	0.29019
2904	0.290028
2905	0.289866
2906	0.289704
2907	0.289541
2908	0.289378
2909	0.289215
2910	0.289052
2911	0.288888
2912	0.288724
2913	0.28856
2914	0.288396
2915	0.288231
2916	0.288066
2917	0.287901
2918	0.287735
2919	0.28757
2920	0.287404
2921	0.287237
2922	0.287071
2923	0.286904
2924	0.286737
2925	0.28657
2926	0.286402
2927	0.286234
2928	0.286066
2929	0.285898
2930	0.285729
2931	0.28556
2932	0.285391
2933	0.285221
2934	0.285051
2935	0.284881
2936	0.284711
2937	0.28454
2938	0.28437
2939	0.284198
2940	0.284027
2941	0.283855
2942	0.283683
2943	0.283511
2944	0.283339
2945	0.283166
2946	0.282993
2947	0.282819
2948	0.282646
2949	0.282472
2950	0.282298
2951	0.282123
2952	0.281949
2953	0.281774
2954	0.281599
2955	0.281423
2956	0.281247
2957	0.281071
2958	0.280895
2959	0.280719
2960	0.280542
2961	0.280365
2962	0.280188
2963	0.28001
2964	0.279832
2965	0.279654
2966	0.279476
2967	0.279297
2968	0.279118
2969	0.278939
2970	0.27876
2971	0.27858
2972	0.278401
2973	0.27822
2974	0.27804
2975	0.277859
2976	0.277679
2977	0.277497
2978	0.277316
2979	0.277134
2980	0.276952
2981	0.27677
2982	0.276588
2983	0.276405
2984	0.276222
2985	0.276039
2986	0.275855
2987	0.275672
2988	0.275488
2989	0.275303
2990	0.275119
2991	0.274934
2992	0.274749
2993	0.274564
2994	0.274378
2995	0.274192
2996	0.274006
2997	0.27382
2998	0.273633
2999	0.273446
3000	0.273259
3001	0.273072
3002	0.272884
3003	0.272696
3004	0.272508
3005	0.272319
3006	0.272131
3007	0.271942
3008	0.271752
3009	0.271563
3010	0.271373
3011	0.271183
3012	0.270993
3013	0.270802
3014	0.270612
3015	0.270421
3016	0.270229
3017	0.270038
3018	0.269846
3019	0.269654
3020	0.269461
3021	0.269269
3022	0.269076
3023	0.268883
3024	0.26869
3025	0.268496
3026	0.268302
3027	0.268108
3028	0.267914
3029	0.26772
3030	0.267525
3031	0.26733
3032	0.267134
3033	0.266939
3034	0.266743
3035	0.266547
3036	0.266351
3037	0.266154
3038	0.265958
3039	0.265761
3040	0.265563
3041	0.265366
3042	0.265168
3043	0.26497
3044	0.264772
3045	0.264574
3046	0.264375
3047	0.264176
3048	0.263977
3049	0.263777
3050	0.263578
3051	0.263378
3052	0.263178
3053	0.262977
3054	0.262777
3055	0.262576
3056	0.262374
3057	0.262173
3058	0.261971
3059	0.26177
3060	0.261567
3061	0.261365
3062	0.261162
3063	0.26096
3064	0.260756
3065	0.260553
3066	0.260349
3067	0.260146
3068	0.259941
3069	0.259737
3070	0.259532
3071	0.259328
3072	0.259122
3073	0.258917
3074	0.258711
3075	0.258506
3076	0.2583
3077	0.258093
3078	0.257887
3079	0.25768
3080	0.257473
3081	0.257265
3082	0.257058
3083	0.25685
3084	0.256642
3085	0.256433
3086	0.256225
3087	0.256016
3088	0.255807
3089	0.255597
3090	0.255388
3091	0.255178
3092	0.254968
3093	0.254757
3094	0.254547
3095	0.254336
3096	0.254125
3097	0.253914
3098	0.253702
3099	0.25349
3100	0.253278
3101	0.253066
3102	0.252853
3103	0.252641
3104	0.252428
3105	0.252214
3106	0.252001
3107	0.251787
3108	0.251573
3109	0.251359
3110	0.251145
3111	0.25093
3112	0.250715
3113	0.2505
3114	0.250284
3115	0.250069
3116	0.249853
3117	0.249637
3118	0.249421
3119	0.249204
3120	0.248987
3121	0.24877
3122	0.248553
3123	0.248335
3124	0.248118
3125	0.2479
3126	0.247682
3127	0.247463
3128	0.247244
3129	0.247026
3130	0.246806
3131	0.246587
3132	0.246367
3133	0.246148
3134	0.245928
3135	0.245707
3136	0.245487
3137	0.245266
3138	0.245045
3139	0.244824
3140	0.244602
3141	0.244381
3142	0.244159
3143	0.243937
3144	0.243714
3145	0.243492
3146	0.243269
3147	0.243046
3148	0.242822
3149	0.242599
3150	0.242375
3151	0.242151
3152	0.241927
3153	0.241703
3154	0.241478
3155	0.241253
3156	0.241028
3157	0.240803
3158	0.240577
3159	0.240351
3160	0.240125
3161	0.239899
3162	0.239672
3163	0.239446
3164	0.239219
3165	0.238992
3166	0.238764
3167	0.238537
3168	0.238309
3169	0.238081
3170	0.237853
3171	0.237624
3172	0.237395
3173	0.237166
3174	0.236937
3175	0.236708
3176	0.236478
3177	0.236248
3178	0.236018
3179	0.235788
3180	0.235558
3181	0.235327
3182	0.235096
3183	0.234865
3184	0.234634
3185	0.234402
3186	0.23417
3187	0.233938
3188	0.233706
3189	0.233473
3190	0.233241
3191	0.233008
3192	0.232775
3193	0.232541
3194	0.232308
3195	0.232074
3196	0.23184
3197	0.231606
3198	0.231371
3199	0.231137
3200	0.230902
3201	0.230667
3202	0.230431
3203	0.230196
3204	0.22996
3205	0.229724
3206	0.229488
3207	0.229251
3208	0.229014
3209	0.228778
3210	0.22854
3211	0.228303
3212	0.228066
3213	0.227828
3214	0.22759
3215	0.227352
3216	0.227113
3217	0.226874
3218	0.226636
3219	0.226396
3220	0.226157
3221	0.225918
3222	0.225678
3223	0.225438
3224	0.225198
3225	0.224957
3226	0.224717
3227	0.224476
3228	0.224235
3229	0.223993
3230	0.223752
3231	0.22351
3232	0.223268
3233	0.223026
3234	0.222784
3235	0.222541
3236	0.222298
3237	0.222055
3238	0.221812
3239	0.221569
3240	0.221325
3241	0.221081
3242	0.220837
3243	0.220593
3244	0.220349
3245	0.220104
3246	0.219859
3247	0.219614
3248	0.219369
3249	0.219123
3250	0.218877
3251	0.218631
3252	0.218385
3253	0.218139
3254	0.217892
3255	0.217646
3256	0.217399
3257	0.217152
3258	0.216904
3259	0.216657
3260	0.216409
3261	0.216161
3262	0.215913
3263	0.215664
3264	0.215416
3265	0.215167
3266	0.214918
3267	0.214669
3268	0.21442
3269	0.21417
3270	0.21392
3271	0.21367
3272	0.21342
3273	0.21317
3274	0.212919
3275	0.212669
3276	0.212418
3277	0.212167
3278	0.211915
3279	0.211664
3280	0.211412
3281	0.21116
3282	0.210908
3283	0.210656
3284	0.210403
3285	0.210151
3286	0.209898
3287	0.209645
3288	0.209392
3289	0.209138
3290	0.208885
3291	0.208631
3292	0.208377
3293	0.208123
3294	0.207868
3295	0.207614
3296	0.207359
3297	0.207104
3298	0.206849
3299	0.206594
3300	0.206338
3301	0.206083
3302	0.205827
3303	0.205571
3304	0.205315
3305	0.205058
3306	0.204802
3307	0.204545
3308	0.204288
3309	0.204031
3310	0.203774
3311	0.203516
3312	0.203259
3313	0.203001
3314	0.202743
3315	0.202485
3316	0.202226
3317	0.201968
3318	0.201709
3319	0.20145
3320	0.201191
3321	0.200932
3322	0.200673
3323	0.200413
3324	0.200154
3325	0.199894
3326	0.199634
3327	0.199373
3328	0.199113
3329	0.198852
3330	0.198591
3331	0.19833
3332	0.198069
3333	0.197808
3334	0.197547
3335	0.197285
3336	0.197023
3337	0.196761
3338	0.196499
3339	0.196237
3340	0.195974
3341	0.195711
3342	0.195448
3343	0.195185
3344	0.194922
3345	0.194659
3346	0.194395
3347	0.194131
3348	0.193867
3349	0.193603
3350	0.193339
3351	0.193074
3352	0.19281
3353	0.192545
3354	0.19228
3355	0.192015
3356	0.191749
3357	0.191484
3358	0.191218
3359	0.190952
3360	0.190686
3361	0.190419
3362	0.190153
3363	0.189886
3364	0.189619
3365	0.189352
3366	0.189085
3367	0.188817
3368	0.188549
3369	0.188281
3370	0.188013
3371	0.187745
3372	0.187476
3373	0.187208
3374	0.186939
3375	0.18667
3376	0.1864
3377	0.186131
3378	0.185861
3379	0.185591
3380	0.185321
3381	0.18505
3382	0.18478
3383	0.184509
3384	0.184238
3385	0.183967
3386	0.183696
3387	0.183424
3388	0.183152
3389	0.18288
3390	0.182608
3391	0.182336
3392	0.182063
3393	0.18179
3394	0.181517
3395	0.181244
3396	0.18097
3397	0.180697
3398	0.180423
3399	0.180149
3400	0.179875
3401	0.1796
3402	0.179326
3403	0.179051
3404	0.178776
3405	0.178501
3406	0.178225
3407	0.17795
3408	0.177674
3409	0.177398
3410	0.177122
3411	0.176846
3412	0.176569
3413	0.176292
3414	0.176016
3415	0.175738
3416	0.175461
3417	0.175184
3418	0.174906
3419	0.174629
3420	0.174351
3421	0.174073
3422	0.173795
3423	0.173516
3424	0.173238
3425	0.172959
3426	0.17268
3427	0.172401
3428	0.172122
3429	0.171843
3430	0.171563
3431	0.171284
3432	0.171004
3433	0.170724
3434	0.170444
3435	0.170164
3436	0.169883
3437	0.169603
3438	0.169322
3439	0.169041
3440	0.168761
3441	0.16848
3442	0.168198
3443	0.167917
3444	0.167636
3445	0.167354
3446	0.167072
3447	0.166791
3448	0.166509
3449	0.166226
3450	0.165944
3451	0.165662
3452	0.165379
3453	0.165097
3454	0.164814
3455	0.164531
3456	0.164248
3457	0.163965
3458	0.163682
3459	0.163399
3460	0.163115
3461	0.162832
3462	0.162548
3463	0.162264
3464	0.16198
3465	0.161696
3466	0.161412
3467	0.161127
3468	0.160843
3469	0.160558
3470	0.160274
3471	0.159989
3472	0.159704
3473	0.159419
3474	0.159134
3475	0.158848
3476	0.158563
3477	0.158277
3478	0.157992
3479	0.157706
3480	0.15742
3481	0.157134
3482	0.156847
3483	0.156561
3484	0.156275
3485	0.155988
3486	0.155701
3487	0.155414
3488	0.155127
3489	0.15484
3490	0.154553
3491	0.154265
3492	0.153978
3493	0.15369
3494	0.153402
3495	0.153114
3496	0.152826
3497	0.152538
3498	0.152249
3499	0.151961
3500	0.151672
3501	0.151383
3502	0.151094
3503	0.150805
3504	0.150516
3505	0.150227
3506	0.149937
3507	0.149648
3508	0.149358
3509	0.149068
3510	0.148778
3511	0.148487
3512	0.148197
3513	0.147906
3514	0.147616
3515	0.147325
3516	0.147034
3517	0.146743
3518	0.146452
3519	0.14616
3520	0.145869
3521	0.145577
3522	0.145285
3523	0.144993
3524	0.144701
3525	0.144408
3526	0.144116
3527	0.143823
3528	0.143531
3529	0.143238
3530	0.142945
3531	0.142651
3532	0.142358
3533	0.142065
3534	0.141771
3535	0.141477
3536	0.141183
3537	0.140889
3538	0.140595
3539	0.140301
3540	0.140006
3541	0.139711
3542	0.139417
3543	0.139122
3544	0.138827
3545	0.138531
3546	0.138236
3547	0.137941
3548	0.137645
3549	0.137349
3550	0.137053
3551	0.136757
3552	0.136461
3553	0.136165
3554	0.135868
3555	0.135572
3556	0.135275
3557	0.134978
3558	0.134681
3559	0.134384
3560	0.134087
3561	0.133789
3562	0.133492
3563	0.133194
3564	0.132896
3565	0.132599
3566	0.132301
3567	0.132002
3568	0.131704
3569	0.131406
3570	0.131107
3571	0.130809
3572	0.13051
3573	0.130211
3574	0.129912
3575	0.129613
3576	0.129314
3577	0.129015
3578	0.128715
3579	0.128416
3580	0.128116
3581	0.127817
3582	0.127517
3583	0.127217
3584	0.126917
3585	0.126617
3586	0.126316
3587	0.126016
3588	0.125715
3589	0.125415
3590	0.125114
3591	0.124813
3592	0.124513
3593	0.124212
3594	0.12391
3595	0.123609
3596	0.123308
3597	0.123007
3598	0.122705
3599	0.122403
3600	0.122102
3601	0.1218
3602	0.121498
3603	0.121196
3604	0.120894
3605	0.120592
3606	0.120289
3607	0.119987
3608	0.119685
3609	0.119382
3610	0.119079
3611	0.118776
3612	0.118473
3613	0.11817
3614	0.117867
3615	0.117564
3616	0.117261
3617	0.116957
3618	0.116654
3619	0.11635
3620	0.116046
3621	0.115743
3622	0.115439
3623	0.115135
3624	0.11483
3625	0.114526
3626	0.114222
3627	0.113917
3628	0.113613
3629	0.113308
3630	0.113003
3631	0.112698
3632	0.112393
3633	0.112088
3634	0.111783
3635	0.111477
3636	0.111172
3637	0.110866
3638	0.110561
3639	0.110255
3640	0.109949
3641	0.109643
3642	0.109337
3643	0.10903
3644	0.108724
3645	0.108417
3646	0.108111
3647	0.107804
3648	0.107497
3649	0.10719
3650	0.106883
3651	0.106576
3652	0.106269
3653	0.105961
3654	0.105654
3655	0.105346
3656	0.105039
3657	0.104731
3658	0.104423
3659	0.104115
3660	0.103806
3661	0.103498
3662	0.10319
3663	0.102881
3664	0.102572
3665	0.102264
3666	0.101955
3667	0.101646
3668	0.101337
3669	0.101028
3670	0.100718
3671	0.100409
3672	0.100099
3673	0.0997897
3674	0.0994799
3675	0.0991701
3676	0.0988602
3677	0.0985501
3678	0.0982399
3679	0.0979297
3680	0.0976193
3681	0.0973088
3682	0.0969983
3683	0.0966876
3684	0.0963768
3685	0.0960659
3686	0.0957549
3687	0.0954439
3688	0.0951327
3689	0.0948214
3690	0.09451
3691	0.0941985
3692	0.093887
3693	0.0935753
3694	0.0932635
3695	0.0929517
3696	0.0926397
3697	0.0923277
3698	0.0920155
3699	0.0917033
3700	0.0913909
3701	0.0910785
3702	0.090766
3703	0.0904534
3704	0.0901407
3705	0.0898279
3706	0.089515
3707	0.0892021
3708	0.088889
3709	0.0885759
3710	0.0882626
3711	0.0879493
3712	0.0876359
3713	0.0873224
3714	0.0870089
3715	0.0866952
3716	0.0863815
3717	0.0860677
3718	0.0857538
3719	0.0854398
3720	0.0851257
3721	0.0848116
3722	0.0844974
3723	0.0841831
3724	0.0838687
3725	0.0835542
3726	0.0832397
3727	0.0829251
3728	0.0826104
3729	0.0822956
3730	0.0819808
3731	0.0816659
3732	0.0813509
3733	0.0810358
3734	0.0807207
3735	0.0804055
3736	0.0800902
3737	0.0797748
3738	0.0794594
3739	0.0791439
3740	0.0788283
3741	0.0785127
3742	0.078197
3743	0.0778812
3744	0.0775653
3745	0.0772494
3746	0.0769334
3747	0.0766173
3748	0.0763012
3749	0.075985
3750	0.0756687
3751	0.0753524
3752	0.075036
3753	0.0747195
3754	0.0744029
3755	0.0740863
3756	0.0737696
3757	0.0734529
3758	0.073136
3759	0.0728192
3760	0.0725022
3761	0.0721852
3762	0.0718681
3763	0.071551
3764	0.0712337
3765	0.0709165
3766	0.0705991
3767	0.0702817
3768	0.0699643
3769	0.0696467
3770	0.0693291
3771	0.0690115
3772	0.0686937
3773	0.068376
3774	0.0680581
3775	0.0677402
3776	0.0674223
3777	0.0671042
3778	0.0667862
3779	0.066468
3780	0.0661498
3781	0.0658316
3782	0.0655133
3783	0.0651949
3784	0.0648765
3785	0.064558
3786	0.0642395
3787	0.0639209
3788	0.0636022
3789	0.0632835
3790	0.0629648
3791	0.062646
3792	0.0623271
3793	0.0620082
3794	0.0616893
3795	0.0613702
3796	0.0610512
3797	0.0607321
3798	0.0604129
3799	0.0600937
3800	0.0597744
3801	0.0594551
3802	0.0591358
3803	0.0588164
3804	0.0584969
3805	0.0581774
3806	0.0578579
3807	0.0575383
3808	0.0572186
3809	0.056899
3810	0.0565792
3811	0.0562594
3812	0.0559396
3813	0.0556198
3814	0.0552999
3815	0.0549799
3816	0.0546599
3817	0.0543399
3818	0.0540198
3819	0.0536997
3820	0.0533795
3821	0.0530593
3822	0.052739
3823	0.0524187
3824	0.0520984
3825	0.051778
3826	0.0514576
3827	0.0511371
3828	0.0508166
3829	0.0504961
3830	0.0501755
3831	0.0498549
3832	0.0495343
3833	0.0492136
3834	0.0488928
3835	0.048572
3836	0.0482512
3837	0.0479304
3838	0.0476095
3839	0.0472885
3840	0.0469676
3841	0.0466465
3842	0.0463255
3843	0.0460044
3844	0.0456833
3845	0.0453621
3846	0.0450409
3847	0.0447196
3848	0.0443984
3849	0.044077
3850	0.0437557
3851	0.0434343
3852	0.0431128
3853	0.0427913
3854	0.0424698
3855	0.0421483
3856	0.0418267
3857	0.041505
3858	0.0411834
3859	0.0408616
3860	0.0405399
3861	0.0402181
3862	0.0398962
3863	0.0395744
3864	0.0392524
3865	0.0389305
3866	0.0386085
3867	0.0382865
3868	0.0379644
3869	0.0376423
3870	0.0373201
3871	0.0369979
3872	0.0366757
3873	0.0363534
3874	0.0360311
3875	0.0357087
3876	0.0353863
3877	0.0350639
3878	0.0347414
3879	0.0344189
3880	0.0340963
3881	0.0337737
3882	0.0334511
3883	0.0331284
3884	0.0328057
3885	0.0324829
3886	0.0321601
3887	0.0318373
3888	0.0315144
3889	0.0311915
3890	0.0308686
3891	0.0305456
3892	0.0302226
3893	0.0298995
3894	0.0295764
3895	0.0292533
3896	0.0289301
3897	0.0286069
3898	0.0282837
3899	0.0279604
3900	0.0276371
3901	0.0273138
3902	0.0269904
3903	0.026667
3904	0.0263436
3905	0.0260201
3906	0.0256966
3907	0.0253731
3908	0.0250495
3909	0.0247259
3910	0.0244023
3911	0.0240787
3912	0.023755
3913	0.0234313
3914	0.0231076
3915	0.0227838
3916	0.0224601
3917	0.0221363
3918	0.0218125
3919	0.0214886
3920	0.0211647
3921	0.0208409
3922	0.020517
3923	0.020193
3924	0.0198691
3925	0.0195451
3926	0.0192211
3927	0.0188971
3928	0.0185731
3929	0.0182491
3930	0.017925
3931	0.0176009
3932	0.0172768
3933	0.0169527
3934	0.0166286
3935	0.0163045
3936	0.0159803
3937	0.0156562
3938	0.015332
3939	0.0150078
3940	0.0146836
3941	0.0143594
3942	0.0140352
3943	0.0137109
3944	0.0133867
3945	0.0130624
3946	0.0127381
3947	0.0124138
3948	0.0120895
3949	0.0117652
3950	0.0114409
3951	0.0111165
3952	0.0107922
3953	0.0104678
3954	0.0101434
3955	0.00981903
3956	0.00949463
3957	0.00917022
3958	0.00884579
3959	0.00852135
3960	0.0081969
3961	0.00787244
3962	0.00754797
3963	0.00722348
3964	0.00689898
3965	0.00657447
3966	0.00624994
3967	0.0059254
3968	0.00560085
3969	0.00527629
3970	0.00495171
3971	0.00462712
3972	0.00430251
3973	0.0039779
3974	0.00365327
3975	0.00332862
3976	0.00300397
3977	0.0026793
3978	0.00235462
3979	0.00202992
3980	0.00170521
3981	0.00138049
3982	0.00105576
3983	0.000731015
3984	0.000406258
3985	8.14879e-05
3986	-0.000243294
3987	-0.000568087
3988	-0.000892892
3989	-0.00121771
3990	-0.00154253
3991	-0.00186737
3992	-0.00219222
3993	-0.00251708
3994	-0.00284195
3995	-0.00316682
3996	-0.00349171
3997	-0.0038166
3998	-0.00414151
3999	-0.00446642
4000	-0.00479134
4001	-0.00511626
4002	-0.00544119
4003	-0.00576613
4004	-0.00609108
4005	-0.00641603
4006	-0.00674098
4007	-0.00706594
4008	-0.0073909
4009	-0.00771587
4010	-0.00804084
4011	-0.00836581
4012	-0.00869079
4013	-0.00901576
4014	-0.00934074
4015	-0.00966572
4016	-0.0099907
4017	-0.0103157
4018	-0.0106407
4019	-0.0109656
4020	-0.0112906
4021	-0.0116156
4022	-0.0119406
4023	-0.0122655
4024	-0.0125905
4025	-0.0129155
4026	-0.0132404
4027	-0.0135654
4028	-0.0138903
4029	-0.0142153
4030	-0.0145402
4031	-0.0148651
4032	-0.0151901
4033	-0.015515
4034	-0.0158399
4035	-0.0161648
4036	-0.0164897
4037	-0.0168146
4038	-0.0171395
4039	-0.0174643
4040	-0.0177892
4041	-0.018114
4042	-0.0184389
4043	-0.0187637
4044	-0.0190885
4045	-0.0194133
4046	-0.0197381
4047	-0.0200629
4048	-0.0203877
4049	-0.0207124
4050	-0.0210372
4051	-0.0213619
4052	-0.0216866
4053	-0.0220113
4054	-0.0223359
4055	-0.0226606
4056	-0.0229852
4057	-0.0233099
4058	-0.0236345
4059	-0.0239591
4060	-0.0242836
4061	-0.0246082
4062	-0.0249327
4063	-0.0252572
4064	-0.0255817
4065	-0.0259062
4066	-0.0262307
4067	-0.0265551
4068	-0.0268795
4069	-0.0272039
4070	-0.0275283
4071	-0.0278526
4072	-0.0281769
4073	-0.0285012
4074	-0.0288255
4075	-0.0291497
4076	-0.0294739
4077	-0.0297981
4078	-0.0301223
4079	-0.0304465
4080	-0.0307706
4081	-0.0310947
4082	-0.0314187
4083	-0.0317428
4084	-0.0320668
4085	-0.0323908
4086	-0.0327147
4087	-0.0330386
4088	-0.0333625
4089	-0.0336864
4090	-0.0340102
4091	-0.034334
4092	-0.0346578
4093	-0.0349816
4094	-0.0353053
4095	-0.035629
4096	-0.0359526
4097	-0.0362762
4098	-0.0365998
4099	-0.0369234
4100	-0.0372469
4101	-0.0375704
4102	-0.0378938
4103	-0.0382172
4104	-0.0385406
4105	-0.038864
4106	-0.0391873
4107	-0.0395106
4108	-0.0398338
4109	-0.040157
4110	-0.0404802
4111	-0.0408033
4112	-0.0411264
4113	-0.0414495
4114	-0.0417725
4115	-0.0420955
4116	-0.0424184
4117	-0.0427413
4118	-0.0430642
4119	-0.043387
4120	-0.0437098
4121	-0.0440325
4122	-0.0443552
4123	-0.0446779
4124	-0.0450005
4125	-0.0453231
4126	-0.0456456
4127	-0.0459681
4128	-0.0462905
4129	-0.0466129
4130	-0.0469353
4131	-0.0472576
4132	-0.0475799
4133	-0.0479021
4134	-0.0482243
4135	-0.0485464
4136	-0.0488685
4137	-0.0491905
4138	-0.0495125
4139	-0.0498345
4140	-0.0501564
4141	-0.0504782
4142	-0.0508
4143	-0.0511218
4144	-0.0514435
4145	-0.0517652
4146	-0.0520868
4147	-0.0524083
4148	-0.0527299
4149	-0.0530513
4150	-0.0533727
4151	-0.0536941
4152	-0.0540154
4153	-0.0543367
4154	-0.0546579
4155	-0.054979
4156	-0.0553001
4157	-0.0556212
4158	-0.0559422
4159	-0.0562631
4160	-0.056584
4161	-0.0569049
4162	-0.0572257
4163	-0.0575464
4164	-0.0578671
4165	-0.0581877
4166	-0.0585083
4167	-0.0588288
4168	-0.0591493
4169	-0.0594697
4170	-0.0597901
4171	-0.0601104
4172	-0.0604306
4173	-0.0607508
4174	-0.0610709
4175	-0.061391
4176	-0.061711
4177	-0.062031
4178	-0.0623509
4179	-0.0626708
4180	-0.0629906
4181	-0.0633103
4182	-0.06363
4183	-0.0639496
4184	-0.0642691
4185	-0.0645886
4186	-0.0649081
4187	-0.0652275
4188	-0.0655468
4189	-0.065866
4190	-0.0661852
4191	-0.0665044
4192	-0.0668235
4193	-0.0671425
4194	-0.0674614
4195	-0.0677803
4196	-0.0680991
4197	-0.0684179
4198	-0.0687366
4199	-0.0690552
4200	-0.0693738
4201	-0.0696923
4202	-0.0700107
4203	-0.0703291
4204	-0.0706474
4205	-0.0709657
4206	-0.0712838
4207	-0.071602
4208	-0.07192
4209	-0.072238
4210	-0.0725559
4211	-0.0728737
4212	-0.0731915
4213	-0.0735092
4214	-0.0738269
4215	-0.0741445
4216	-0.074462
4217	-0.0747794
4218	-0.0750968
4219	-0.0754141
4220	-0.0757314
4221	-0.0760485
4222	-0.0763656
4223	-0.0766827
4224	-0.0769996
4225	-0.0773165
4226	-0.0776334
4227	-0.0779501
4228	-0.0782668
4229	-0.0785835
4230	-0.0789
4231	-0.0792165
4232	-0.0795329
4233	-0.0798493
4234	-0.0801655
4235	-0.0804818
4236	-0.0807979
4237	-0.081114
4238	-0.08143
4239	-0.0817459
4240	-0.0820618
4241	-0.0823776
4242	-0.0826933
4243	-0.0830089
4244	-0.0833245
4245	-0.08364
4246	-0.0839554
4247	-0.0842708
4248	-0.0845861
4249	-0.0849013
4250	-0.0852165
4251	-0.0855315
4252	-0.0858465
4253	-0.0861615
4254	-0.0864763
4255	-0.0867911
4256	-0.0871058
4257	-0.0874204
4258	-0.087735
4259	-0.0880495
4260	-0.0883639
4261	-0.0886782
4262	-0.0889925
4263	-0.0893066
4264	-0.0896208
4265	-0.0899348
4266	-0.0902487
4267	-0.0905626
4268	-0.0908764
4269	-0.0911901
4270	-0.0915038
4271	-0.0918173
4272	-0.0921308
4273	-0.0924442
4274	-0.0927575
4275	-0.0930708
4276	-0.0933839
4277	-0.093697
4278	-0.09401
4279	-0.0943229
4280	-0.0946357
4281	-0.0949485
4282	-0.0952612
4283	-0.0955737
4284	-0.0958862
4285	-0.0961987
4286	-0.096511
4287	-0.0968232
4288	-0.0971354
4289	-0.0974475
4290	-0.0977594
4291	-0.0980713
4292	-0.0983831
4293	-0.0986949
4294	-0.0990065
4295	-0.099318
4296	-0.0996295
4297	-0.0999409
4298	-0.100252
4299	-0.100563
4300	-0.100874
4301	-0.101185
4302	-0.101496
4303	-0.101807
4304	-0.102118
4305	-0.102428
4306	-0.102739
4307	-0.103049
4308	-0.10336
4309	-0.10367
4310	-0.10398
4311	-0.10429
4312	-0.1046
4313	-0.10491
4314	-0.10522
4315	-0.105529
4316	-0.105839
4317	-0.106148
4318	-0.106458
4319	-0.106767
4320	-0.107076
4321	-0.107385
4322	-0.107694
4323	-0.108003
4324	-0.108312
4325	-0.108621
4326	-0.108929
4327	-0.109238
4328	-0.109546
4329	-0.109854
4330	-0.110162
4331	-0.11047
4332	-0.110778
4333	-0.111086
4334	-0.111394
4335	-0.111701
4336	-0.112009
4337	-0.112316
4338	-0.112624
4339	-0.112931
4340	-0.113238
4341	-0.113545
4342	-0.113852
4343	-0.114159
4344	-0.114465
4345	-0.114772
4346	-0.115078
4347	-0.115385
4348	-0.115691
4349	-0.115997
4350	-0.116303
4351	-0.116609
4352	-0.116915
4353	-0.11722
4354	-0.117526
4355	-0.117831
4356	-0.118137
4357	-0.118442
4358	-0.118747
4359	-0.119052
4360	-0.119357
4361	-0.119662
4362	-0.119967
4363	-0.120271
4364	-0.120576
4365	-0.12088
4366	-0.121185
4367	-0.121489
4368	-0.121793
4369	-0.122097
4370	-0.122401
4371	-0.122704
4372	-0.123008
4373	-0.123311
4374	-0.123615
4375	-0.123918
4376	-0.124221
4377	-0.124524
4378	-0.124827
4379	-0.12513
4380	-0.125433
4381	-0.125735
4382	-0.126038
4383	-0.12634
4384	-0.126642
4385	-0.126945
4386	-0.127247
4387	-0.127548
4388	-0.12785
4389	-0.128152
4390	-0.128453
4391	-0.128755
4392	-0.129056
4393	-0.129357
4394	-0.129658
4395	-0.129959
4396	-0.13026
4397	-0.130561
4398	-0.130861
4399	-0.131162
4400	-0.131462
4401	-0.131762
4402	-0.132062
4403	-0.132362
4404	-0.132662
4405	-0.132962
4406	-0.133261
4407	-0.133561
4408	-0.13386
4409	-0.134159
4410	-0.134458
4411	-0.134757
4412	-0.135056
4413	-0.135355
4414	-0.135653
4415	-0.135951
4416	-0.13625
4417	-0.136548
4418	-0.136846
4419	-0.137143
4420	-0.137441
4421	-0.137739
4422	-0.138036
4423	-0.138333
4424	-0.13863
4425	-0.138927
4426	-0.139224
4427	-0.139521
4428	-0.139817
4429	-0.140113
4430	-0.14041
4431	-0.140706
4432	-0.141001
4433	-0.141297
4434	-0.141593
4435	-0.141888
4436	-0.142183
4437	-0.142478
4438	-0.142773
4439	-0.143068
4440	-0.143363
4441	-0.143657
4442	-0.143952
4443	-0.144246
4444	-0.14454
4445	-0.144833
4446	-0.145127
4447	-0.145421
4448	-0.145714
4449	-0.146007
4450	-0.1463
4451	-0.146593
4452	-0.146886
4453	-0.147178
4454	-0.147471
4455	-0.147763
4456	-0.148055
4457	-0.148347
4458	-0.148639
4459	-0.14893
4460	-0.149222
4461	-0.149513
4462	-0.149804
4463	-0.150095
4464	-0.150386
4465	-0.150677
4466	-0.150967
4467	-0.151258
4468	-0.151548
4469	-0.151839
4470	-0.152129
4471	-0.152419
4472	-0.152709
4473	-0.152998
4474	-0.153288
4475	-0.153577
4476	-0.153867
4477	-0.154156
4478	-0.154446
4479	-0.154735
4480	-0.155024
4481	-0.155313
4482	-0.155602
4483	-0.15589
4484	-0.156179
4485	-0.156468
4486	-0.156756
4487	-0.157045
4488	-0.157333
4489	-0.157622
4490	-0.15791
4491	-0.158198
4492	-0.158486
4493	-0.158774
4494	-0.159062
4495	-0.15935
4496	-0.159638
4497	-0.159926
4498	-0.160214
4499	-0.160502
4500	-0.16079
4501	-0.161077
4502	-0.161365
4503	-0.161653
4504	-0.16194
4505	-0.162228
4506	-0.162515
4507	-0.162803
4508	-0.16309
4509	-0.163377
4510	-0.163665
4511	-0.163952
4512	-0.164239
4513	-0.164526
4514	-0.164813
4515	-0.1651
4516	-0.165387
4517	-0.165674
4518	-0.165961
4519	-0.166247
4520	-0.166534
4521	-0.16682
4522	-0.167107
4523	-0.167393
4524	-0.167679
4525	-0.167965
4526	-0.168251
4527	-0.168537
4528	-0.168823
4529	-0.169109
4530	-0.169394
4531	-0.16968
4532	-0.169965
4533	-0.17025
4534	-0.170535
4535	-0.17082
4536	-0.171105
4537	-0.171389
4538	-0.171674
4539	-0.171958
4540	-0.172242
4541	-0.172526
4542	-0.17281
4543	-0.173093
4544	-0.173377
4545	-0.17366
4546	-0.173943
4547	-0.174226
4548	-0.174508
4549	-0.174791
4550	-0.175073
4551	-0.175355
4552	-0.175637
4553	-0.175919
4554	-0.1762
4555	-0.176481
4556	-0.176762
4557	-0.177043
4558	-0.177324
4559	-0.177604
4560	-0.177884
4561	-0.178164
4562	-0.178443
4563	-0.178723
4564	-0.179002
4565	-0.179281
4566	-0.17956
4567	-0.179838
4568	-0.180117
4569	-0.180395
4570	-0.180673
4571	-0.18095
4572	-0.181228
4573	-0.181505
4574	-0.181782
4575	-0.182058
4576	-0.182335
4577	-0.182611
4578	-0.182887
4579	-0.183163
4580	-0.183438
4581	-0.183714
4582	-0.183989
4583	-0.184263
4584	-0.184538
4585	-0.184812
4586	-0.185087
4587	-0.185361
4588	-0.185634
4589	-0.185908
4590	-0.186181
4591	-0.186454
4592	-0.186727
4593	-0.187
4594	-0.187272
4595	-0.187544
4596	-0.187816
4597	-0.188088
4598	-0.18836
4599	-0.188631
4600	-0.188902
4601	-0.189173
4602	-0.189444
4603	-0.189714
4604	-0.189984
4605	-0.190255
4606	-0.190524
4607	-0.190794
4608	-0.191064
4609	-0.191333
4610	-0.191602
4611	-0.191871
4612	-0.192139
4613	-0.192408
4614	-0.192676
4615	-0.192944
4616	-0.193212
4617	-0.19348
4618	-0.193747
4619	-0.194014
4620	-0.194282
4621	-0.194548
4622	-0.194815
4623	-0.195082
4624	-0.195348
4625	-0.195614
4626	-0.19588
4627	-0.196145
4628	-0.196411
4629	-0.196676
4630	-0.196941
4631	-0.197206
4632	-0.197471
4633	-0.197735
4634	-0.198
4635	-0.198264
4636	-0.198528
4637	-0.198791
4638	-0.199055
4639	-0.199318
4640	-0.199581
4641	-0.199844
4642	-0.200107
4643	-0.20037
4644	-0.200632
4645	-0.200894
4646	-0.201156
4647	-0.201418
4648	-0.201679
4649	-0.201941
4650	-0.202202
4651	-0.202463
4652	-0.202723
4653	-0.202984
4654	-0.203244
4655	-0.203504
4656	-0.203764
4657	-0.204024
4658	-0.204284
4659	-0.204543
4660	-0.204802
4661	-0.205061
4662	-0.20532
4663	-0.205578
4664	-0.205837
4665	-0.206095
4666	-0.206353
4667	-0.20661
4668	-0.206868
4669	-0.207125
4670	-0.207382
4671	-0.207639
4672	-0.207896
4673	-0.208153
4674	-0.208409
4675	-0.208665
4676	-0.208921
4677	-0.209177
4678	-0.209432
4679	-0.209688
4680	-0.209943
4681	-0.210198
4682	-0.210453
4683	-0.210707
4684	-0.210962
4685	-0.211216
4686	-0.21147
4687	-0.211724
4688	-0.211977
4689	-0.212231
4690	-0.212484
4691	-0.212737
4692	-0.21299
4693	-0.213243
4694	-0.213496
4695	-0.213748
4696	-0.214
4697	-0.214252
4698	-0.214504
4699	-0.214756
4700	-0.215007
4701	-0.215258
4702	-0.21551
4703	-0.215761
4704	-0.216011
4705	-0.216262
4706	-0.216513
4707	-0.216763
4708	-0.217013
4709	-0.217263
4710	-0.217513
4711	-0.217762
4712	-0.218012
4713	-0.218261
4714	-0.21851
4715	-0.218759
4716	-0.219008
4717	-0.219257
4718	-0.219505
4719	-0.219754
4720	-0.220002
4721	-0.22025
4722	-0.220498
4723	-0.220746
4724	-0.220993
4725	-0.22124
4726	-0.221488
4727	-0.221735
4728	-0.221982
4729	-0.222228
4730	-0.222475
4731	-0.222721
4732	-0.222968
4733	-0.223214
4734	-0.223459
4735	-0.223705
4736	-0.223951
4737	-0.224196
4738	-0.224441
4739	-0.224686
4740	-0.224931
4741	-0.225176
4742	-0.22542
4743	-0.225664
4744	-0.225909
4745	-0.226152
4746	-0.226396
4747	-0.22664
4748	-0.226883
4749	-0.227126
4750	-0.227369
4751	-0.227612
4752	-0.227854
4753	-0.228096
4754	-0.228338
4755	-0.22858
4756	-0.228822
4757	-0.229063
4758	-0.229304
4759	-0.229545
4760	-0.229786
4761	-0.230027
4762	-0.230267
4763	-0.230507
4764	-0.230747
4765	-0.230986
4766	-0.231226
4767	-0.231465
4768	-0.231704
4769	-0.231942
4770	-0.23218
4771	-0.232419
4772	-0.232656
4773	-0.232894
4774	-0.233131
4775	-0.233368
4776	-0.233605
4777	-0.233842
4778	-0.234078
4779	-0.234314
4780	-0.23455
4781	-0.234786
4782	-0.235021
4783	-0.235256
4784	-0.235491
4785	-0.235725
4786	-0.235959
4787	-0.236193
4788	-0.236427
4789	-0.236661
4790	-0.236894
4791	-0.237127
4792	-0.237359
4793	-0.237592
4794	-0.237824
4795	-0.238056
4796	-0.238288
4797	-0.238519
4798	-0.23875
4799	-0.238981
4800	-0.239212
4801	-0.239442
4802	-0.239672
4803	-0.239902
4804	-0.240132
4805	-0.240361
4806	-0.24059
4807	-0.240819
4808	-0.241048
4809	-0.241277
4810	-0.241505
4811	-0.241733
4812	-0.24196
4813	-0.242188
4814	-0.242415
4815	-0.242642
4816	-0.242869
4817	-0.243095
4818	-0.243322
4819	-0.243548
4820	-0.243773
4821	-0.243999
4822	-0.244224
4823	-0.24445
4824	-0.244674
4825	-0.244899
4826	-0.245123
4827	-0.245348
4828	-0.245572
4829	-0.245795
4830	-0.246019
4831	-0.246242
4832	-0.246465
4833	-0.246688
4834	-0.24691
4835	-0.247133
4836	-0.247355
4837	-0.247577
4838	-0.247798
4839	-0.24802
4840	-0.248241
4841	-0.248462
4842	-0.248682
4843	-0.248903
4844	-0.249123
4845	-0.249343
4846	-0.249563
4847	-0.249782
4848	-0.250001
4849	-0.25022
4850	-0.250439
4851	-0.250658
4852	-0.250876
4853	-0.251094
4854	-0.251312
4855	-0.25153
4856	-0.251747
4857	-0.251964
4858	-0.252181
4859	-0.252397
4860	-0.252614
4861	-0.25283
4862	-0.253046
4863	-0.253261
4864	-0.253477
4865	-0.253692
4866	-0.253906
4867	-0.254121
4868	-0.254335
4869	-0.254549
4870	-0.254763
4871	-0.254977
4872	-0.25519
4873	-0.255403
4874	-0.255616
4875	-0.255829
4876	-0.256041
4877	-0.256253
4878	-0.256465
4879	-0.256676
4880	-0.256888
4881	-0.257099
4882	-0.25731
4883	-0.25752
4884	-0.25773
4885	-0.25794
4886	-0.25815
4887	-0.258359
4888	-0.258569
4889	-0.258778
4890	-0.258986
4891	-0.259195
4892	-0.259403
4893	-0.259611
4894	-0.259819
4895	-0.260026
4896	-0.260233
4897	-0.26044
4898	-0.260646
4899	-0.260853
4900	-0.261059
4901	-0.261265
4902	-0.26147
4903	-0.261676
4904	-0.261881
4905	-0.262085
4906	-0.26229
4907	-0.262494
4908	-0.262698
4909	-0.262902
4910	-0.263105
4911	-0.263308
4912	-0.263511
4913	-0.263714
4914	-0.263916
4915	-0.264118
4916	-0.26432
4917	-0.264522
4918	-0.264723
4919	-0.264924
4920	-0.265125
4921	-0.265325
4922	-0.265526
4923	-0.265726
4924	-0.265926
4925	-0.266125
4926	-0.266324
4927	-0.266523
4928	-0.266722
4929	-0.26692
4930	-0.267119
4931	-0.267317
4932	-0.267514
4933	-0.267712
4934	-0.267909
4935	-0.268106
4936	-0.268302
4937	-0.268499
4938	-0.268695
4939	-0.268891
4940	-0.269086
4941	-0.269282
4942	-0.269477
4943	-0.269672
4944	-0.269866
4945	-0.270061
4946	-0.270255
4947	-0.270449
4948	-0.270642
4949	-0.270836
4950	-0.271029
4951	-0.271222
4952	-0.271414
4953	-0.271606
4954	-0.271799
4955	-0.27199
4956	-0.272182
4957	-0.272373
4958	-0.272564
4959	-0.272755
4960	-0.272946
4961	-0.273136
4962	-0.273326
4963	-0.273516
4964	-0.273706
4965	-0.273895
4966	-0.274084
4967	-0.274273
4968	-0.274462
4969	-0.27465
4970	-0.274838
4971	-0.275026
4972	-0.275213
4973	-0.275401
4974	-0.275588
4975	-0.275775
4976	-0.275961
4977	-0.276148
4978	-0.276334
4979	-0.276519
4980	-0.276705
4981	-0.27689
4982	-0.277075
4983	-0.27726
4984	-0.277445
4985	-0.277629
4986	-0.277813
4987	-0.277997
4988	-0.27818
4989	-0.278364
4990	-0.278547
4991	-0.278729
4992	-0.278912
4993	-0.279094
4994	-0.279276
4995	-0.279458
4996	-0.279639
4997	-0.27982
4998	-0.280001
4999	-0.280182
5000	-0.280362
5001	-0.280543
5002	-0.280722
5003	-0.280902
5004	-0.281081
5005	-0.28126
5006	-0.281439
5007	-0.281618
5008	-0.281796
5009	-0.281974
5010	-0.282152
5011	-0.282329
5012	-0.282506
5013	-0.282683
5014	-0.28286
5015	-0.283036
5016	-0.283213
5017	-0.283388
5018	-0.283564
5019	-0.283739
5020	-0.283914
5021	-0.284089
5022	-0.284264
5023	-0.284438
5024	-0.284612
5025	-0.284785
5026	-0.284959
5027	-0.285132
5028	-0.285305
5029	-0.285477
5030	-0.285649
5031	-0.285821
5032	-0.285993
5033	-0.286164
5034	-0.286335
5035	-0.286506
5036	-0.286677
5037	-0.286847
5038	-0.287017
5039	-0.287187
5040	-0.287356
5041	-0.287526
5042	-0.287694
5043	-0.287863
5044	-0.288031
5045	-0.288199
5046	-0.288367
5047	-0.288535
5048	-0.288702
5049	-0.288869
5050	-0.289035
5051	-0.289202
5052	-0.289368
5053	-0.289533
5054	-0.289699
5055	-0.289864
5056	-0.290029
5057	-0.290193
5058	-0.290358
5059	-0.290522
5060	-0.290686
5061	-0.290849
5062	-0.291012
5063	-0.291175
5064	-0.291338
5065	-0.2915
5066	-0.291662
5067	-0.291824
5068	-0.291985
5069	-0.292147
5070	-0.292308
5071	-0.292468
5072	-0.292628
5073	-0.292788
5074	-0.292948
5075	-0.293108
5076	-0.293267
5077	-0.293426
5078	-0.293584
5079	-0.293743
5080	-0.293901
5081	-0.294059
5082	-0.294216
5083	-0.294373
5084	-0.29453
5085	-0.294687
5086	-0.294843
5087	-0.294999
5088	-0.295155
5089	-0.29531
5090	-0.295465
5091	-0.29562
5092	-0.295775
5093	-0.295929
5094	-0.296083
5095	-0.296237
5096	-0.29639
5097	-0.296544
5098	-0.296696
5099	-0.296849
5100	-0.297001
5101	-0.297153
5102	-0.297305
5103	-0.297456
5104	-0.297608
5105	-0.297758
5106	-0.297909
5107	-0.298059
5108	-0.298209
5109	-0.298359
5110	-0.298508
5111	-0.298657
5112	-0.298806
5113	-0.298955
5114	-0.299103
5115	-0.299251
5116	-0.299398
5117	-0.299546
5118	-0.299693
5119	-0.299839
5120	-0.299986
5121	-0.300132
5122	-0.300278
5123	-0.300423
5124	-0.300569
5125	-0.300714
5126	-0.300858
5127	-0.301003
5128	-0.301147
5129	-0.301291
5130	-0.301434
5131	-0.301577
5132	-0.30172
5133	-0.301863
5134	-0.302005
5135	-0.302147
5136	-0.302289
5137	-0.30243
5138	-0.302572
5139	-0.302712
5140	-0.302853
5141	-0.302993
5142	-0.303133
5143	-0.303273
5144	-0.303412
5145	-0.303551
5146	-0.30369
5147	-0.303828
5148	-0.303967
5149	-0.304104
5150	-0.304242
5151	-0.304379
5152	-0.304516
5153	-0.304653
5154	-0.304789
5155	-0.304925
5156	-0.305061
5157	-0.305197
5158	-0.305332
5159	-0.305467
5160	-0.305602
5161	-0.305736
5162	-0.30587
5163	-0.306004
5164	-0.306137
5165	-0.30627
5166	-0.306403
5167	-0.306536
5168	-0.306668
5169	-0.3068
5170	-0.306931
5171	-0.307063
5172	-0.307194
5173	-0.307325
5174	-0.307455
5175	-0.307585
5176	-0.307715
5177	-0.307845
5178	-0.307974
5179	-0.308103
5180	-0.308232
5181	-0.30836
5182	-0.308488
5183	-0.308616
5184	-0.308744
5185	-0.308871
5186	-0.308998
5187	-0.309125
5188	-0.309251
5189	-0.309377
5190	-0.309503
5191	-0.309628
5192	-0.309754
5193	-0.309879
5194	-0.310003
5195	-0.310128
5196	-0.310252
5197	-0.310375
5198	-0.310499
5199	-0.310622
5200	-0.310745
5201	-0.310867
5202	-0.310989
5203	-0.311111
5204	-0.311233
5205	-0.311354
5206	-0.311476
5207	-0.311596
5208	-0.311717
5209	-0.311837
5210	-0.311957
5211	-0.312077
5212	-0.312196
5213	-0.312315
5214	-0.312434
5215	-0.312552
5216	-0.31267
5217	-0.312788
5218	-0.312905
5219	-0.313023
5220	-0.313139
5221	-0.313256
5222	-0.313372
5223	-0.313488
5224	-0.313604
5225	-0.31372
5226	-0.313835
5227	-0.313949
5228	-0.314064
5229	-0.314178
5230	-0.314292
5231	-0.314406
5232	-0.314519
5233	-0.314632
5234	-0.314745
5235	-0.314857
5236	-0.314969
5237	-0.315081
5238	-0.315193
5239	-0.315304
5240	-0.315415
5241	-0.315525
5242	-0.315636
5243	-0.315746
5244	-0.315855
5245	-0.315965
5246	-0.316074
5247	-0.316182
5248	-0.316291
5249	-0.316399
5250	-0.316507
5251	-0.316614
5252	-0.316722
5253	-0.316829
5254	-0.316935
5255	-0.317042
5256	-0.317148
5257	-0.317253
5258	-0.317359
5259	-0.317464
5260	-0.317569
5261	-0.317673
5262	-0.317777
5263	-0.317881
5264	-0.317985
5265	-0.318088
5266	-0.318191
5267	-0.318294
5268	-0.318396
5269	-0.318498
5270	-0.3186
5271	-0.318701
5272	-0.318802
5273	-0.318903
5274	-0.319004
5275	-0.319104
5276	-0.319204
5277	-0.319304
5278	-0.319403
5279	-0.319502
5280	-0.319601
5281	-0.319699
5282	-0.319797
5283	-0.319895
5284	-0.319992
5285	-0.32009
5286	-0.320186
5287	-0.320283
5288	-0.320379
5289	-0.320475
5290	-0.320571
5291	-0.320666
5292	-0.320761
5293	-0.320856
5294	-0.32095
5295	-0.321045
5296	-0.321138
5297	-0.321232
5298	-0.321325
5299	-0.321418
5300	-0.321511
5301	-0.321603
5302	-0.321695
5303	-0.321787
5304	-0.321878
5305	-0.321969
5306	-0.32206
5307	-0.32215
5308	-0.32224
5309	-0.32233
5310	-0.32242
5311	-0.322509
5312	-0.322598
5313	-0.322687
5314	-0.322775
5315	-0.322863
5316	-0.322951
5317	-0.323038
5318	-0.323125
5319	-0.323212
5320	-0.323299
5321	-0.323385
5322	-0.323471
5323	-0.323556
5324	-0.323641
5325	-0.323726
5326	-0.323811
5327	-0.323895
5328	-0.323979
5329	-0.324063
5330	-0.324147
5331	-0.32423
5332	-0.324313
5333	-0.324395
5334	-0.324477
5335	-0.324559
5336	-0.324641
5337	-0.324722
5338	-0.324803
5339	-0.324884
5340	-0.324964
5341	-0.325044
5342	-0.325124
5343	-0.325203
5344	-0.325282
5345	-0.325361
5346	-0.32544
5347	-0.325518
5348	-0.325596
5349	-0.325673
5350	-0.325751
5351	-0.325828
5352	-0.325904
5353	-0.325981
5354	-0.326057
5355	-0.326133
5356	-0.326208
5357	-0.326283
5358	-0.326358
5359	-0.326432
5360	-0.326507
5361	-0.326581
5362	-0.326654
5363	-0.326727
5364	-0.3268
5365	-0.326873
5366	-0.326945
5367	-0.327017
5368	-0.327089
5369	-0.32716
5370	-0.327232
5371	-0.327302
5372	-0.327373
5373	-0.327443
5374	-0.327513
5375	-0.327582
5376	-0.327652
5377	-0.327721
5378	-0.327789
5379	-0.327858
5380	-0.327926
5381	-0.327993
5382	-0.328061
5383	-0.328128
5384	-0.328194
5385	-0.328261
5386	-0.328327
5387	-0.328393
5388	-0.328458
5389	-0.328524
5390	-0.328589
5391	-0.328653
5392	-0.328717
5393	-0.328781
5394	-0.328845
5395	-0.328908
5396	-0.328971
5397	-0.329034
5398	-0.329097
5399	-0.329159
5400	-0.32922
5401	-0.329282
5402	-0.329343
5403	-0.329404
5404	-0.329465
5405	-0.329525
5406	-0.329585
5407	-0.329644
5408	-0.329704
5409	-0.329763
5410	-0.329821
5411	-0.32988
5412	-0.329938
5413	-0.329996
5414	-0.330053
5415	-0.33011
5416	-0.330167
5417	-0.330223
5418	-0.33028
5419	-0.330336
5420	-0.330391
5421	-0.330446
5422	-0.330501
5423	-0.330556
5424	-0.33061
5425	-0.330664
5426	-0.330718
5427	-0.330772
5428	-0.330825
5429	-0.330878
5430	-0.33093
5431	-0.330982
5432	-0.331034
5433	-0.331086
5434	-0.331137
5435	-0.331188
5436	-0.331238
5437	-0.331289
5438	-0.331339
5439	-0.331388
5440	-0.331438
5441	-0.331487
5442	-0.331536
5443	-0.331584
5444	-0.331632
5445	-0.33168
5446	-0.331727
5447	-0.331775
5448	-0.331821
5449	-0.331868
5450	-0.331914
5451	-0.33196
5452	-0.332006
5453	-0.332051
5454	-0.332096
5455	-0.332141
5456	-0.332185
5457	-0.332229
5458	-0.332273
5459	-0.332316
5460	-0.33236
5461	-0.332402
5462	-0.332445
5463	-0.332487
5464	-0.332529
5465	-0.33257
5466	-0.332612
5467	-0.332652
5468	-0.332693
5469	-0.332733
5470	-0.332773
5471	-0.332813
5472	-0.332852
5473	-0.332891
5474	-0.33293
5475	-0.332968
5476	-0.333006
5477	-0.333044
5478	-0.333081
5479	-0.333118
5480	-0.333155
5481	-0.333192
5482	-0.333228
5483	-0.333264
5484	-0.333299
5485	-0.333334
5486	-0.333369
5487	-0.333404
5488	-0.333438
5489	-0.333472
5490	-0.333505
5491	-0.333539
5492	-0.333571
5493	-0.333604
5494	-0.333636
5495	-0.333668
5496	-0.3337
5497	-0.333731
5498	-0.333762
5499	-0.333793
5500	-0.333823
5501	-0.333853
5502	-0.333883
5503	-0.333912
5504	-0.333941
5505	-0.33397
5506	-0.333999
5507	-0.334027
5508	-0.334054
5509	-0.334082
5510	-0.334109
5511	-0.334136
5512	-0.334162
5513	-0.334188
5514	-0.334214
5515	-0.33424
5516	-0.334265
5517	-0.33429
5518	-0.334315
5519	-0.334339
5520	-0.334363
5521	-0.334386
5522	-0.33441
5523	-0.334433
5524	-0.334455
5525	-0.334478
5526	-0.3345
5527	-0.334521
5528	-0.334543
5529	-0.334564
5530	-0.334584
5531	-0.334605
5532	-0.334625
5533	-0.334645
5534	-0.334664
5535	-0.334683
5536	-0.334702
5537	-0.334721
5538	-0.334739
5539	-0.334757
5540	-0.334774
5541	-0.334792
5542	-0.334809
5543	-0.334825
5544	-0.334842
5545	-0.334858
5546	-0.334873
5547	-0.334889
5548	-0.334904
5549	-0.334918
5550	-0.334933
5551	-0.334947
5552	-0.334961
5553	-0.334974
5554	-0.334987
5555	-0.335
5556	-0.335013
5557	-0.335025
5558	-0.335037
5559	-0.335049
5560	-0.33506
5561	-0.335071
5562	-0.335082
5563	-0.335092
5564	-0.335102
5565	-0.335112
5566	-0.335121
5567	-0.33513
5568	-0.335139
5569	-0.335148
5570	-0.335156
5571	-0.335164
5572	-0.335171
5573	-0.335178
5574	-0.335185
5575	-0.335192
5576	-0.335198
5577	-0.335204
5578	-0.33521
5579	-0.335215
5580	-0.33522
5581	-0.335225
5582	-0.33523
5583	-0.335234
5584	-0.335237
5585	-0.335241
5586	-0.335244
5587	-0.335247
5588	-0.33525
5589	-0.335252
5590	-0.335254
5591	-0.335255
5592	-0.335257
5593	-0.335258
5594	-0.335258
5595	-0.335259
5596	-0.335259
5597	-0.335258
5598	-0.335258
5599	-0.335257
5600	-0.335256
5601	-0.335254
5602	-0.335252
5603	-0.33525
5604	-0.335247
5605	-0.335245
5606	-0.335242
5607	-0.335238
5608	-0.335234
5609	-0.33523
5610	-0.335226
5611	-0.335221
5612	-0.335216
5613	-0.335211
5614	-0.335205
5615	-0.335199
5616	-0.335192
5617	-0.335186
5618	-0.335179
5619	-0.335172
5620	-0.335164
5621	-0.335156
5622	-0.335148
5623	-0.335139
5624	-0.33513
5625	-0.335121
5626	-0.335111
5627	-0.335102
5628	-0.335091
5629	-0.335081
5630	-0.33507
5631	-0.335059
5632	-0.335047
5633	-0.335036
5634	-0.335023
5635	-0.335011
5636	-0.334998
5637	-0.334985
5638	-0.334972
5639	-0.334958
5640	-0.334944
5641	-0.33493
5642	-0.334915
5643	-0.3349
5644	-0.334885
5645	-0.334869
5646	-0.334853
5647	-0.334837
5648	-0.33482
5649	-0.334803
5650	-0.334786
5651	-0.334768
5652	-0.334751
5653	-0.334732
5654	-0.334714
5655	-0.334695
5656	-0.334676
5657	-0.334656
5658	-0.334637
5659	-0.334617
5660	-0.334596
5661	-0.334575
5662	-0.334554
5663	-0.334533
5664	-0.334511
5665	-0.334489
5666	-0.334467
5667	-0.334445
5668	-0.334422
5669	-0.334398
5670	-0.334375
5671	-0.334351
5672	-0.334327
5673	-0.334302
5674	-0.334277
5675	-0.334252
5676	-0.334227
5677	-0.334201
5678	-0.334175
5679	-0.334149
5680	-0.334122
5681	-0.334095
5682	-0.334068
5683	-0.33404
5684	-0.334012
5685	-0.333984
5686	-0.333955
5687	-0.333927
5688	-0.333897
5689	-0.333868
5690	-0.333838
5691	-0.333808
5692	-0.333778
5693	-0.333747
5694	-0.333716
5695	-0.333685
5696	-0.333653
5697	-0.333621
5698	-0.333589
5699	-0.333556
5700	-0.333523
5701	-0.33349
5702	-0.333457
5703	-0.333423
5704	-0.333389
5705	-0.333354
5706	-0.333319
5707	-0.333284
5708	-0.333249
5709	-0.333213
5710	-0.333177
5711	-0.333141
5712	-0.333104
5713	-0.333067
5714	-0.33303
5715	-0.332993
5716	-0.332955
5717	-0.332917
5718	-0.332878
5719	-0.332839
5720	-0.3328
5721	-0.332761
5722	-0.332721
5723	-0.332681
5724	-0.332641
5725	-0.3326
5726	-0.332559
5727	-0.332518
5728	-0.332476
5729	-0.332434
5730	-0.332392
5731	-0.33235
5732	-0.332307
5733	-0.332264
5734	-0.33222
5735	-0.332176
5736	-0.332132
5737	-0.332088
5738	-0.332043
5739	-0.331998
5740	-0.331953
5741	-0.331907
5742	-0.331861
5743	-0.331815
5744	-0.331769
5745	-0.331722
5746	-0.331675
5747	-0.331627
5748	-0.331579
5749	-0.331531
5750	-0.331483
5751	-0.331434
5752	-0.331385
5753	-0.331336
5754	-0.331286
5755	-0.331236
5756	-0.331186
5757	-0.331135
5758	-0.331084
5759	-0.331033
5760	-0.330982
5761	-0.33093
5762	-0.330878
5763	-0.330825
5764	-0.330772
5765	-0.330719
5766	-0.330666
5767	-0.330612
5768	-0.330558
5769	-0.330504
5770	-0.330449
5771	-0.330394
5772	-0.330339
5773	-0.330283
5774	-0.330228
5775	-0.330171
5776	-0.330115
5777	-0.330058
5778	-0.330001
5779	-0.329944
5780	-0.329886
5781	-0.329828
5782	-0.32977
5783	-0.329711
5784	-0.329652
5785	-0.329593
5786	-0.329533
5787	-0.329473
5788	-0.329413
5789	-0.329353
5790	-0.329292
5791	-0.329231
5792	-0.329169
5793	-0.329108
5794	-0.329046
5795	-0.328983
5796	-0.328921
5797	-0.328858
5798	-0.328794
5799	-0.328731
5800	-0.328667
5801	-0.328603
5802	-0.328538
5803	-0.328473
5804	-0.328408
5805	-0.328343
5806	-0.328277
5807	-0.328211
5808	-0.328145
5809	-0.328078
5810	-0.328011
5811	-0.327944
5812	-0.327876
5813	-0.327809
5814	-0.32774
5815	-0.327672
5816	-0.327603
5817	-0.327534
5818	-0.327465
5819	-0.327395
5820	-0.327325
5821	-0.327255
5822	-0.327184
5823	-0.327113
5824	-0.327042
5825	-0.32697
5826	-0.326898
5827	-0.326826
5828	-0.326754
5829	-0.326681
5830	-0.326608
5831	-0.326535
5832	-0.326461
5833	-0.326387
5834	-0.326313
5835	-0.326238
5836	-0.326163
5837	-0.326088
5838	-0.326013
5839	-0.325937
5840	-0.325861
5841	-0.325784
5842	-0.325707
5843	-0.32563
5844	-0.325553
5845	-0.325476
5846	-0.325398
5847	-0.325319
5848	-0.325241
5849	-0.325162
5850	-0.325083
5851	-0.325003
5852	-0.324924
5853	-0.324844
5854	-0.324763
5855	-0.324683
5856	-0.324602
5857	-0.32452
5858	-0.324439
5859	-0.324357
5860	-0.324275
5861	-0.324192
5862	-0.32411
5863	-0.324026
5864	-0.323943
5865	-0.323859
5866	-0.323775
5867	-0.323691
5868	-0.323607
5869	-0.323522
5870	-0.323437
5871	-0.323351
5872	-0.323265
5873	-0.323179
5874	-0.323093
5875	-0.323006
5876	-0.322919
5877	-0.322832
5878	-0.322744
5879	-0.322657
5880	-0.322568
5881	-0.32248
5882	-0.322391
5883	-0.322302
5884	-0.322213
5885	-0.322123
5886	-0.322033
5887	-0.321943
5888	-0.321852
5889	-0.321761
5890	-0.32167
5891	-0.321579
5892	-0.321487
5893	-0.321395
5894	-0.321303
5895	-0.32121
5896	-0.321117
5897	-0.321024
5898	-0.32093
5899	-0.320837
5900	-0.320743
5901	-0.320648
5902	-0.320553
5903	-0.320458
5904	-0.320363
5905	-0.320267
5906	-0.320172
5907	-0.320075
5908	-0.319979
5909	-0.319882
5910	-0.319785
5911	-0.319688
5912	-0.31959
5913	-0.319492
5914	-0.319394
5915	-0.319295
5916	-0.319196
5917	-0.319097
5918	-0.318998
5919	-0.318898
5920	-0.318798
5921	-0.318698
5922	-0.318597
5923	-0.318496
5924	-0.318395
5925	-0.318293
5926	-0.318191
5927	-0.318089
5928	-0.317987
5929	-0.317884
5930	-0.317781
5931	-0.317678
5932	-0.317574
5933	-0.31747
5934	-0.317366
5935	-0.317262
5936	-0.317157
5937	-0.317052
5938	-0.316947
5939	-0.316841
5940	-0.316735
5941	-0.316629
5942	-0.316522
5943	-0.316415
5944	-0.316308
5945	-0.316201
5946	-0.316093
5947	-0.315985
5948	-0.315877
5949	-0.315768
5950	-0.315659
5951	-0.31555
5952	-0.315441
5953	-0.315331
5954	-0.315221
5955	-0.315111
5956	-0.315
5957	-0.314889
5958	-0.314778
5959	-0.314666
5960	-0.314554
5961	-0.314442
5962	-0.31433
5963	-0.314217
5964	-0.314104
5965	-0.313991
5966	-0.313877
5967	-0.313763
5968	-0.313649
5969	-0.313535
5970	-0.31342
5971	-0.313305
5972	-0.31319
5973	-0.313074
5974	-0.312958
5975	-0.312842
5976	-0.312726
5977	-0.312609
5978	-0.312492
5979	-0.312374
5980	-0.312257
5981	-0.312139
5982	-0.312021
5983	-0.311902
5984	-0.311783
5985	-0.311664
5986	-0.311545
5987	-0.311425
5988	-0.311305
5989	-0.311185
5990	-0.311065
5991	-0.310944
5992	-0.310823
5993	-0.310701
5994	-0.31058
5995	-0.310458
5996	-0.310335
5997	-0.310213
5998	-0.31009
5999	-0.309967
6000	-0.309843
6001	-0.30972
6002	-0.309596
6003	-0.309471
6004	-0.309347
6005	-0.309222
6006	-0.309097
6007	-0.308972
6008	-0.308846
6009	-0.30872
6010	-0.308594
6011	-0.308467
6012	-0.30834
6013	-0.308213
6014	-0.308086
6015	-0.307958
6016	-0.30783
6017	-0.307701
6018	-0.307573
6019	-0.307444
6020	-0.307315
6021	-0.307185
6022	-0.307056
6023	-0.306926
6024	-0.306795
6025	-0.306665
6026	-0.306534
6027	-0.306403
6028	-0.306271
6029	-0.30614
6030	-0.306008
6031	-0.305875
6032	-0.305743
6033	-0.30561
6034	-0.305477
6035	-0.305343
6036	-0.30521
6037	-0.305076
6038	-0.304941
6039	-0.304807
6040	-0.304672
6041	-0.304537
6042	-0.304401
6043	-0.304266
6044	-0.30413
6045	-0.303993
6046	-0.303857
6047	-0.30372
6048	-0.303583
6049	-0.303445
6050	-0.303308
6051	-0.30317
6052	-0.303031
6053	-0.302893
6054	-0.302754
6055	-0.302615
6056	-0.302476
6057	-0.302336
6058	-0.302196
6059	-0.302056
6060	-0.301915
6061	-0.301774
6062	-0.301633
6063	-0.301492
6064	-0.30135
6065	-0.301208
6066	-0.301066
6067	-0.300924
6068	-0.300781
6069	-0.300638
6070	-0.300495
6071	-0.300351
6072	-0.300207
6073	-0.300063
6074	-0.299919
6075	-0.299774
6076	-0.299629
6077	-0.299484
6078	-0.299338
6079	-0.299192
6080	-0.299046
6081	-0.2989
6082	-0.298753
6083	-0.298606
6084	-0.298459
6085	-0.298312
6086	-0.298164
6087	-0.298016
6088	-0.297867
6089	-0.297719
6090	-0.29757
6091	-0.297421
6092	-0.297271
6093	-0.297122
6094	-0.296972
6095	-0.296821
6096	-0.296671
6097	-0.29652
6098	-0.296369
6099	-0.296218
6100	-0.296066
6101	-0.295914
6102	-0.295762
6103	-0.295609
6104	-0.295456
6105	-0.295303
6106	-0.29515
6107	-0.294996
6108	-0.294842
6109	-0.294688
6110	-0.294534
6111	-0.294379
6112	-0.294224
6113	-0.294069
6114	-0.293913
6115	-0.293757
6116	-0.293601
6117	-0.293445
6118	-0.293288
6119	-0.293131
6120	-0.292974
6121	-0.292816
6122	-0.292658
6123	-0.2925
6124	-0.292342
6125	-0.292183
6126	-0.292024
6127	-0.291865
6128	-0.291705
6129	-0.291546
6130	-0.291386
6131	-0.291225
6132	-0.291065
6133	-0.290904
6134	-0.290743
6135	-0.290581
6136	-0.29042
6137	-0.290258
6138	-0.290095
6139	-0.289933
6140	-0.28977
6141	-0.289607
6142	-0.289444
6143	-0.28928
6144	-0.289116
6145	-0.288952
6146	-0.288788
6147	-0.288623
6148	-0.288458
6149	-0.288293
6150	-0.288127
6151	-0.287962
6152	-0.287796
6153	-0.28763
6154	-0.287463
6155	-0.287296
6156	-0.287129
6157	-0.286962
6158	-0.286795
6159	-0.286627
6160	-0.286459
6161	-0.286291
6162	-0.286122
6163	-0.285953
6164	-0.285784
6165	-0.285615
6166	-0.285445
6167	-0.285276
6168	-0.285106
6169	-0.284935
6170	-0.284765
6171	-0.284594
6172	-0.284423
6173	-0.284252
6174	-0.28408
6175	-0.283909
6176	-0.283737
6177	-0.283564
6178	-0.283392
6179	-0.283219
6180	-0.283046
6181	-0.282873
6182	-0.2827
6183	-0.282526
6184	-0.282352
6185	-0.282178
6186	-0.282003
6187	-0.281829
6188	-0.281654
6189	-0.281479
6190	-0.281303
6191	-0.281128
6192	-0.280952
6193	-0.280776
6194	-0.280599
6195	-0.280423
6196	-0.280246
6197	-0.280069
6198	-0.279892
6199	-0.279714
6200	-0.279536
6201	-0.279358
6202	-0.27918
6203	-0.279001
6204	-0.278822
6205	-0.278643
6206	-0.278464
6207	-0.278285
6208	-0.278105
6209	-0.277925
6210	-0.277744
6211	-0.277564
6212	-0.277383
6213	-0.277202
6214	-0.277021
6215	-0.276839
6216	-0.276657
6217	-0.276475
6218	-0.276293
6219	-0.27611
6220	-0.275928
6221	-0.275744
6222	-0.275561
6223	-0.275377
6224	-0.275194
6225	-0.275009
6226	-0.274825
6227	-0.27464
6228	-0.274456
6229	-0.27427
6230	-0.274085
6231	-0.273899
6232	-0.273713
6233	-0.273527
6234	-0.273341
6235	-0.273154
6236	-0.272967
6237	-0.27278
6238	-0.272592
6239	-0.272404
6240	-0.272216
6241	-0.272028
6242	-0.271839
6243	-0.27165
6244	-0.271461
6245	-0.271272
6246	-0.271082
6247	-0.270892
6248	-0.270702
6249	-0.270512
6250	-0.270321
6251	-0.27013
6252	-0.269939
6253	-0.269747
6254	-0.269555
6255	-0.269363
6256	-0.269171
6257	-0.268979
6258	-0.268786
6259	-0.268593
6260	-0.268399
6261	-0.268206
6262	-0.268012
6263	-0.267818
6264	-0.267623
6265	-0.267429
6266	-0.267234
6267	-0.267038
6268	-0.266843
6269	-0.266647
6270	-0.266451
6271	-0.266255
6272	-0.266058
6273	-0.265862
6274	-0.265665
6275	-0.265467
6276	-0.26527
6277	-0.265072
6278	-0.264874
6279	-0.264676
6280	-0.264477
6281	-0.264278
6282	-0.264079
6283	-0.26388
6284	-0.26368
6285	-0.263481
6286	-0.26328
6287	-0.26308
6288	-0.262879
6289	-0.262679
6290	-0.262478
6291	-0.262276
6292	-0.262075
6293	-0.261873
6294	-0.261671
6295	-0.261468
6296	-0.261266
6297	-0.261063
6298	-0.26086
6299	-0.260656
6300	-0.260453
6301	-0.260249
6302	-0.260045
6303	-0.259841
6304	-0.259636
6305	-0.259431
6306	-0.259226
6307	-0.259021
6308	-0.258815
6309	-0.258609
6310	-0.258403
6311	-0.258197
6312	-0.257991
6313	-0.257784
6314	-0.257577
6315	-0.25737
6316	-0.257162
6317	-0.256955
6318	-0.256747
6319	-0.256538
6320	-0.25633
6321	-0.256121
6322	-0.255913
6323	-0.255703
6324	-0.255494
6325	-0.255284
6326	-0.255075
6327	-0.254865
6328	-0.254654
6329	-0.254444
6330	-0.254233
6331	-0.254022
6332	-0.253811
6333	-0.253599
6334	-0.253388
6335	-0.253176
6336	-0.252964
6337	-0.252751
6338	-0.252539
6339	-0.252326
6340	-0.252113
6341	-0.2519
6342	-0.251686
6343	-0.251472
6344	-0.251258
6345	-0.251044
6346	-0.25083
6347	-0.250615
6348	-0.2504
6349	-0.250185
6350	-0.24997
6351	-0.249754
6352	-0.249539
6353	-0.249323
6354	-0.249106
6355	-0.24889
6356	-0.248673
6357	-0.248456
6358	-0.248239
6359	-0.248022
6360	-0.247804
6361	-0.247587
6362	-0.247369
6363	-0.24715
6364	-0.246932
6365	-0.246713
6366	-0.246494
6367	-0.246275
6368	-0.246056
6369	-0.245836
6370	-0.245616
6371	-0.245396
6372	-0.245176
6373	-0.244956
6374	-0.244735
6375	-0.244514
6376	-0.244293
6377	-0.244071
6378	-0.24385
6379	-0.243628
6380	-0.243406
6381	-0.243184
6382	-0.242961
6383	-0.242738
6384	-0.242515
6385	-0.242292
6386	-0.242069
6387	-0.241845
6388	-0.241621
6389	-0.241397
6390	-0.241173
6391	-0.240949
6392	-0.240724
6393	-0.240499
6394	-0.240274
6395	-0.240048
6396	-0.239823
6397	-0.239597
6398	-0.239371
6399	-0.239144
6400	-0.238918
6401	-0.238691
6402	-0.238464
6403	-0.238237
6404	-0.238009
6405	-0.237782
6406	-0.237554
6407	-0.237326
6408	-0.237097
6409	-0.236869
6410	-0.23664
6411	-0.236411
6412	-0.236181
6413	-0.235952
6414	-0.235722
6415	-0.235492
6416	-0.235262
6417	-0.235032
6418	-0.234801
6419	-0.23457
6420	-0.234339
6421	-0.234108
6422	-0.233876
6423	-0.233645
6424	-0.233413
6425	-0.23318
6426	-0.232948
6427	-0.232715
6428	-0.232483
6429	-0.232249
6430	-0.232016
6431	-0.231783
6432	-0.231549
6433	-0.231315
6434	-0.231081
6435	-0.230846
6436	-0.230611
6437	-0.230377
6438	-0.230141
6439	-0.229906
6440	-0.229671
6441	-0.229435
6442	-0.229199
6443	-0.228963
6444	-0.228726
6445	-0.228489
6446	-0.228253
6447	-0.228015
6448	-0.227778
6449	-0.227541
6450	-0.227303
6451	-0.227065
6452	-0.226827
6453	-0.226588
6454	-0.226349
6455	-0.226111
6456	-0.225872
6457	-0.225632
6458	-0.225393
6459	-0.225153
6460	-0.224913
6461	-0.224673
6462	-0.224433
6463	-0.224192
6464	-0.223951
6465	-0.22371
6466	-0.223469
6467	-0.223228
6468	-0.222986
6469	-0.222744
6470	-0.222502
6471	-0.22226
6472	-0.222017
6473	-0.221775
6474	-0.221532
6475	-0.221288
6476	-0.221045
6477	-0.220802
6478	-0.220558
6479	-0.220314
6480	-0.22007
6481	-0.219825
6482	-0.219581
6483	-0.219336
6484	-0.219091
6485	-0.218846
6486	-0.218601
6487	-0.218355
6488	-0.218109
6489	-0.217863
6490	-0.217617
6491	-0.217371
6492	-0.217124
6493	-0.216877
6494	-0.21663
6495	-0.216383
6496	-0.216136
6497	-0.215888
6498	-0.21564
6499	-0.215392
6500	-0.215144
6501	-0.214896
6502	-0.214647
6503	-0.214398
6504	-0.214149
6505	-0.2139
6506	-0.213651
6507	-0.213401
6508	-0.213151
6509	-0.212901
6510	-0.212651
6511	-0.212401
6512	-0.21215
6513	-0.2119
6514	-0.211649
6515	-0.211398
6516	-0.211146
6517	-0.210895
6518	-0.210643
6519	-0.210391
6520	-0.210139
6521	-0.209887
6522	-0.209634
6523	-0.209382
6524	-0.209129
6525	-0.208876
6526	-0.208623
6527	-0.208369
6528	-0.208116
6529	-0.207862
6530	-0.207608
6531	-0.207354
6532	-0.207099
6533	-0.206845
6534	-0.20659
6535	-0.206335
6536	-0.20608
6537	-0.205825
6538	-0.205569
6539	-0.205314
6540	-0.205058
6541	-0.204802
6542	-0.204546
6543	-0.204289
6544	-0.204033
6545	-0.203776
6546	-0.203519
6547	-0.203262
6548	-0.203005
6549	-0.202747
6550	-0.202489
6551	-0.202232
6552	-0.201974
6553	-0.201715
6554	-0.201457
6555	-0.201198
6556	-0.20094
6557	-0.200681
6558	-0.200422
6559	-0.200162
6560	-0.199903
6561	-0.199643
6562	-0.199383
6563	-0.199123
6564	-0.198863
6565	-0.198602
6566	-0.198342
6567	-0.198081
6568	-0.19782
6569	-0.197559
6570	-0.197298
6571	-0.197036
6572	-0.196774
6573	-0.196513
6574	-0.19625
6575	-0.195988
6576	-0.195726
6577	-0.195463
6578	-0.1952
6579	-0.194937
6580	-0.194674
6581	-0.194411
6582	-0.194147
6583	-0.193884
6584	-0.19362
6585	-0.193356
6586	-0.193091
6587	-0.192827
6588	-0.192562
6589	-0.192297
6590	-0.192032
6591	-0.191767
6592	-0.191502
6593	-0.191236
6594	-0.19097
6595	-0.190705
6596	-0.190438
6597	-0.190172
6598	-0.189906
6599	-0.189639
6600	-0.189372
6601	-0.189105
6602	-0.188838
6603	-0.18857
6604	-0.188303
6605	-0.188035
6606	-0.187767
6607	-0.187499
6608	-0.187231
6609	-0.186962
6610	-0.186693
6611	-0.186425
6612	-0.186155
6613	-0.185886
6614	-0.185617
6615	-0.185347
6616	-0.185077
6617	-0.184808
6618	-0.184537
6619	-0.184267
6620	-0.183997
6621	-0.183726
6622	-0.183455
6623	-0.183184
6624	-0.182913
6625	-0.182642
6626	-0.18237
6627	-0.182098
6628	-0.181826
6629	-0.181554
6630	-0.181282
6631	-0.18101
6632	-0.180737
6633	-0.180464
6634	-0.180191
6635	-0.179918
6636	-0.179645
6637	-0.179372
6638	-0.179098
6639	-0.178824
6640	-0.17855
6641	-0.178276
6642	-0.178002
6643	-0.177727
6644	-0.177453
6645	-0.177178
6646	-0.176903
6647	-0.176628
6648	-0.176352
6649	-0.176077
6650	-0.175801
6651	-0.175525
6652	-0.17525
6653	-0.174973
6654	-0.174697
6655	-0.174421
6656	-0.174144
6657	-0.173867
6658	-0.17359
6659	-0.173313
6660	-0.173036
6661	-0.172758
6662	-0.172481
6663	-0.172203
6664	-0.171925
6665	-0.171647
6666	-0.171369
6667	-0.17109
6668	-0.170812
6669	-0.170533
6670	-0.170254
6671	-0.169975
6672	-0.169696
6673	-0.169417
6674	-0.169137
6675	-0.168857
6676	-0.168578
6677	-0.168298
6678	-0.168017
6679	-0.167737
6680	-0.167457
6681	-0.167176
6682	-0.166895
6683	-0.166614
6684	-0.166333
6685	-0.166052
6686	-0.165771
6687	-0.165489
6688	-0.165207
6689	-0.164926
6690	-0.164643
6691	-0.164361
6692	-0.164079
6693	-0.163797
6694	-0.163514
6695	-0.163231
6696	-0.162948
6697	-0.162665
6698	-0.162382
6699	-0.162098
6700	-0.161815
6701	-0.161531
6702	-0.161247
6703	-0.160963
6704	-0.160679
6705	-0.160395
6706	-0.160111
6707	-0.159826
6708	-0.159541
6709	-0.159256
6710	-0.158971
6711	-0.158686
6712	-0.158401
6713	-0.158115
6714	-0.15783
6715	-0.157544
6716	-0.157258
6717	-0.156972
6718	-0.156686
6719	-0.156399
6720	-0.156113
6721	-0.155826
6722	-0.155539
6723	-0.155252
6724	-0.154965
6725	-0.154678
6726	-0.154391
6727	-0.154103
6728	-0.153816
6729	-0.153528
6730	-0.15324
6731	-0.152952
6732	-0.152664
6733	-0.152375
6734	-0.152087
6735	-0.151798
6736	-0.151509
6737	-0.15122
6738	-0.150931
6739	-0.150642
6740	-0.150353
6741	-0.150063
6742	-0.149774
6743	-0.149484
6744	-0.149194
6745	-0.148904
6746	-0.148614
6747	-0.148323
6748	-0.148033
6749	-0.147742
6750	-0.147451
6751	-0.147161
6752	-0.14687
6753	-0.146578
6754	-0.146287
6755	-0.145996
6756	-0.145704
6757	-0.145412
6758	-0.14512
6759	-0.144828
6760	-0.144536
6761	-0.144244
6762	-0.143952
6763	-0.143659
6764	-0.143367
6765	-0.143074
6766	-0.142781
6767	-0.142488
6768	-0.142194
6769	-0.141901
6770	-0.141608
6771	-0.141314
6772	-0.14102
6773	-0.140726
6774	-0.140432
6775	-0.140138
6776	-0.139844
6777	-0.139549
6778	-0.139255
6779	-0.13896
6780	-0.138665
6781	-0.13837
6782	-0.138075
6783	-0.13778
6784	-0.137485
6785	-0.137189
6786	-0.136894
6787	-0.136598
6788	-0.136302
6789	-0.136006
6790	-0.13571
6791	-0.135414
6792	-0.135117
6793	-0.134821
6794	-0.134524
6795	-0.134227
6796	-0.13393
6797	-0.133633
6798	-0.133336
6799	-0.133039
6800	-0.132741
6801	-0.132444
6802	-0.132146
6803	-0.131848
6804	-0.13155
6805	-0.131252
6806	-0.130954
6807	-0.130656
6808	-0.130357
6809	-0.130059
6810	-0.12976
6811	-0.129461
6812	-0.129162
6813	-0.128863
6814	-0.128564
6815	-0.128265
6816	-0.127965
6817	-0.127666
6818	-0.127366
6819	-0.127066
6820	-0.126767
6821	-0.126467
6822	-0.126166
6823	-0.125866
6824	-0.125566
6825	-0.125265
6826	-0.124965
6827	-0.124664
6828	-0.124363
6829	-0.124062
6830	-0.123761
6831	-0.12346
6832	-0.123158
6833	-0.122857
6834	-0.122555
6835	-0.122254
6836	-0.121952
6837	-0.12165
6838	-0.121348
6839	-0.121046
6840	-0.120744
6841	-0.120441
6842	-0.120139
6843	-0.119836
6844	-0.119533
6845	-0.119231
6846	-0.118928
6847	-0.118625
6848	-0.118322
6849	-0.118018
6850	-0.117715
6851	-0.117412
6852	-0.117108
6853	-0.116804
6854	-0.1165
6855	-0.116197
6856	-0.115893
6857	-0.115588
6858	-0.115284
6859	-0.11498
6860	-0.114675
6861	-0.114371
6862	-0.114066
6863	-0.113762
6864	-0.113457
6865	-0.113152
6866	-0.112847
6867	-0.112541
6868	-0.112236
6869	-0.111931
6870	-0.111625
6871	-0.11132
6872	-0.111014
6873	-0.110708
6874	-0.110402
6875	-0.110096
6876	-0.10979
6877	-0.109484
6878	-0.109178
6879	-0.108871
6880	-0.108565
6881	-0.108258
6882	-0.107951
6883	-0.107645
6884	-0.107338
6885	-0.107031
6886	-0.106724
6887	-0.106416
6888	-0.106109
6889	-0.105802
6890	-0.105494
6891	-0.105187
6892	-0.104879
6893	-0.104571
6894	-0.104263
6895	-0.103955
6896	-0.103647
6897	-0.103339
6898	-0.103031
6899	-0.102722
6900	-0.102414
6901	-0.102105
6902	-0.101796
6903	-0.101488
6904	-0.101179
6905	-0.10087
6906	-0.100561
6907	-0.100252
6908	-0.0999423
6909	-0.099633
6910	-0.0993236
6911	-0.099014
6912	-0.0987044
6913	-0.0983947
6914	-0.0980849
6915	-0.097775
6916	-0.097465
6917	-0.0971549
6918	-0.0968447
6919	-0.0965344
6920	-0.0962241
6921	-0.0959136
6922	-0.095603
6923	-0.0952924
6924	-0.0949817
6925	-0.0946709
6926	-0.0943599
6927	-0.0940489
6928	-0.0937379
6929	-0.0934267
6930	-0.0931154
6931	-0.0928041
6932	-0.0924926
6933	-0.0921811
6934	-0.0918695
6935	-0.0915577
6936	-0.0912459
6937	-0.0909341
6938	-0.0906221
6939	-0.09031
6940	-0.0899979
6941	-0.0896857
6942	-0.0893733
6943	-0.0890609
6944	-0.0887484
6945	-0.0884359
6946	-0.0881232
6947	-0.0878105
6948	-0.0874976
6949	-0.0871847
6950	-0.0868717
6951	-0.0865587
6952	-0.0862455
6953	-0.0859322
6954	-0.0856189
6955	-0.0853055
6956	-0.084992
6957	-0.0846784
6958	-0.0843648
6959	-0.084051
6960	-0.0837372
6961	-0.0834233
6962	-0.0831093
6963	-0.0827953
6964	-0.0824811
6965	-0.0821669
6966	-0.0818526
6967	-0.0815382
6968	-0.0812238
6969	-0.0809092
6970	-0.0805946
6971	-0.0802799
6972	-0.0799651
6973	-0.0796503
6974	-0.0793354
6975	-0.0790204
6976	-0.0787053
6977	-0.0783901
6978	-0.0780749
6979	-0.0777596
6980	-0.0774442
6981	-0.0771287
6982	-0.0768132
6983	-0.0764976
6984	-0.0761819
6985	-0.0758662
6986	-0.0755503
6987	-0.0752344
6988	-0.0749184
6989	-0.0746024
6990	-0.0742863
6991	-0.0739701
6992	-0.0736538
6993	-0.0733375
6994	-0.0730211
6995	-0.0727046
6996	-0.072388
6997	-0.0720714
6998	-0.0717547
6999	-0.071438
7000	-0.0711211
7001	-0.0708042
7002	-0.0704873
7003	-0.0701702
7004	-0.0698531
7005	-0.0695359
7006	-0.0692187
7007	-0.0689014
7008	-0.068584
7009	-0.0682666
7010	-0.0679491
7011	-0.0676315
7012	-0.0673138
7013	-0.0669961
7014	-0.0666784
7015	-0.0663605
7016	-0.0660426
7017	-0.0657247
7018	-0.0654066
7019	-0.0650885
7020	-0.0647704
7021	-0.0644522
7022	-0.0641339
7023	-0.0638156
7024	-0.0634971
7025	-0.0631787
7026	-0.0628601
7027	-0.0625416
7028	-0.0622229
7029	-0.0619042
7030	-0.0615854
7031	-0.0612666
7032	-0.0609477
7033	-0.0606287
7034	-0.0603097
7035	-0.0599907
7036	-0.0596715
7037	-0.0593523
7038	-0.0590331
7039	-0.0587138
7040	-0.0583944
7041	-0.058075
7042	-0.0577555
7043	-0.057436
7044	-0.0571164
7045	-0.0567968
7046	-0.0564771
7047	-0.0561573
7048	-0.0558375
7049	-0.0555176
7050	-0.0551977
7051	-0.0548777
7052	-0.0545577
7053	-0.0542376
7054	-0.0539175
7055	-0.0535973
7056	-0.0532771
7057	-0.0529568
7058	-0.0526364
7059	-0.052316
7060	-0.0519955
7061	-0.051675
7062	-0.0513545
7063	-0.0510339
7064	-0.0507132
7065	-0.0503925
7066	-0.0500717
7067	-0.0497509
7068	-0.04943
7069	-0.0491091
7070	-0.0487881
7071	-0.0484671
7072	-0.0481461
7073	-0.0478249
7074	-0.0475038
7075	-0.0471826
7076	-0.0468613
7077	-0.04654
7078	-0.0462186
7079	-0.0458972
7080	-0.0455758
7081	-0.0452543
7082	-0.0449327
7083	-0.0446111
7084	-0.0442895
7085	-0.0439678
7086	-0.0436461
7087	-0.0433243
7088	-0.0430025
7089	-0.0426806
7090	-0.0423587
7091	-0.0420367
7092	-0.0417147
7093	-0.0413927
7094	-0.0410706
7095	-0.0407485
7096	-0.0404263
7097	-0.0401041
7098	-0.0397818
7099	-0.0394595
7100	-0.0391371
7101	-0.0388147
7102	-0.0384923
7103	-0.0381698
7104	-0.0378473
7105	-0.0375247
7106	-0.0372021
7107	-0.0368795
7108	-0.0365568
7109	-0.0362341
7110	-0.0359113
7111	-0.0355885
7112	-0.0352657
7113	-0.0349428
7114	-0.0346199
7115	-0.0342969
7116	-0.0339739
7117	-0.0336509
7118	-0.0333278
7119	-0.0330047
7120	-0.0326815
7121	-0.0323583
7122	-0.0320351
7123	-0.0317118
7124	-0.0313886
7125	-0.0310652
7126	-0.0307418
7127	-0.0304184
7128	-0.030095
7129	-0.0297715
7130	-0.029448
7131	-0.0291245
7132	-0.0288009
7133	-0.0284773
7134	-0.0281536
7135	-0.0278299
7136	-0.0275062
7137	-0.0271825
7138	-0.0268587
7139	-0.0265349
7140	-0.026211
7141	-0.0258871
7142	-0.0255632
7143	-0.0252393
7144	-0.0249153
7145	-0.0245913
7146	-0.0242673
7147	-0.0239432
7148	-0.0236191
7149	-0.023295
7150	-0.0229709
7151	-0.0226467
7152	-0.0223225
7153	-0.0219982
7154	-0.021674
7155	-0.0213497
7156	-0.0210254
7157	-0.020701
7158	-0.0203766
7159	-0.0200522
7160	-0.0197278
7161	-0.0194034
7162	-0.0190789
7163	-0.0187544
7164	-0.0184299
7165	-0.0181053
7166	-0.0177807
7167	-0.0174561
7168	-0.0171315
7169	-0.0168069
7170	-0.0164822
7171	-0.0161575
7172	-0.0158328
7173	-0.015508
7174	-0.0151833
7175	-0.0148585
7176	-0.0145337
7177	-0.0142089
7178	-0.013884
7179	-0.0135592
7180	-0.0132343
7181	-0.0129094
7182	-0.0125845
7183	-0.0122595
7184	-0.0119346
7185	-0.0116096
7186	-0.0112846
7187	-0.0109596
7188	-0.0106346
7189	-0.0103095
7190	-0.00998447
7191	-0.00965939
7192	-0.00933429
7193	-0.00900918
7194	-0.00868406
7195	-0.00835892
7196	-0.00803377
7197	-0.0077086
7198	-0.00738341
7199	-0.00705822
7200	-0.00673301
7201	-0.00640778
7202	-0.00608255
7203	-0.0057573
7204	-0.00543203
7205	-0.00510676
7206	-0.00478148
7207	-0.00445618
7208	-0.00413087
7209	-0.00380555
7210	-0.00348022
7211	-0.00315488
7212	-0.00282954
7213	-0.00250418
7214	-0.00217881
7215	-0.00185343
7216	-0.00152804
7217	-0.00120265
7218	-0.000877244
7219	-0.000551832
7220	-0.000226412
7221	9.9015e-05
7222	0.000424449
7223	0.000749891
7224	0.00107534
7225	0.00140079
7226	0.00172625
7227	0.00205172
7228	0.00237719
7229	0.00270267
7230	0.00302816
7231	0.00335364
7232	0.00367914
7233	0.00400463
7234	0.00433014
7235	0.00465564
7236	0.00498115
7237	0.00530666
7238	0.00563218
7239	0.0059577
7240	0.00628322
7241	0.00660874
7242	0.00693427
7243	0.00725979
7244	0.00758532
7245	0.00791085
7246	0.00823638
7247	0.00856192
7248	0.00888745
7249	0.00921298
7250	0.00953851
7251	0.00986405
7252	0.0101896
7253	0.0105151
7254	0.0108406
7255	0.0111662
7256	0.0114917
7257	0.0118172
7258	0.0121427
7259	0.0124683
7260	0.0127938
7261	0.0131193
7262	0.0134448
7263	0.0137703
7264	0.0140958
7265	0.0144213
7266	0.0147468
7267	0.0150723
7268	0.0153978
7269	0.0157233
7270	0.0160487
7271	0.0163742
7272	0.0166996
7273	0.0170251
7274	0.0173505
7275	0.017676
7276	0.0180014
7277	0.0183268
7278	0.0186523
7279	0.0189777
7280	0.0193031
7281	0.0196285
7282	0.0199538
7283	0.0202792
7284	0.0206046
7285	0.0209299
7286	0.0212552
7287	0.0215806
7288	0.0219059
7289	0.0222312
7290	0.0225565
7291	0.0228818
7292	0.023207
7293	0.0235323
7294	0.0238575
7295	0.0241827
7296	0.0245079
7297	0.0248331
7298	0.0251583
7299	0.0254835
7300	0.0258086
7301	0.0261338
7302	0.0264589
7303	0.026784
7304	0.0271091
7305	0.0274342
7306	0.0277592
7307	0.0280842
7308	0.0284093
7309	0.0287342
7310	0.0290592
7311	0.0293842
7312	0.0297091
7313	0.030034
7314	0.0303589
7315	0.0306838
7316	0.0310087
7317	0.0313335
7318	0.0316583
7319	0.0319831
7320	0.0323079
7321	0.0326326
7322	0.0329574
7323	0.0332821
7324	0.0336068
7325	0.0339314
7326	0.034256
7327	0.0345806
7328	0.0349052
7329	0.0352298
7330	0.0355543
7331	0.0358788
7332	0.0362033
7333	0.0365278
7334	0.0368522
7335	0.0371766
7336	0.037501
7337	0.0378253
7338	0.0381496
7339	0.0384739
7340	0.0387982
7341	0.0391224
7342	0.0394466
7343	0.0397708
7344	0.0400949
7345	0.040419
7346	0.0407431
7347	0.0410672
7348	0.0413912
7349	0.0417152
7350	0.0420391
7351	0.0423631
7352	0.042687
7353	0.0430108
7354	0.0433346
7355	0.0436584
7356	0.0439822
7357	0.0443059
7358	0.0446296
7359	0.0449533
7360	0.0452769
7361	0.0456005
7362	0.045924
7363	0.0462476
7364	0.046571
7365	0.0468945
7366	0.0472179
7367	0.0475413
7368	0.0478646
7369	0.0481879
7370	0.0485112
7371	0.0488344
7372	0.0491576
7373	0.0494807
7374	0.0498038
7375	0.0501269
7376	0.0504499
7377	0.0507729
7378	0.0510958
7379	0.0514187
7380	0.0517416
7381	0.0520644
7382	0.0523872
7383	0.0527099
7384	0.0530326
7385	0.0533553
7386	0.0536779
7387	0.0540005
7388	0.054323
7389	0.0546455
7390	0.0549679
7391	0.0552903
7392	0.0556127
7393	0.055935
7394	0.0562572
7395	0.0565795
7396	0.0569016
7397	0.0572238
7398	0.0575458
7399	0.0578679
7400	0.0581899
7401	0.0585118
7402	0.0588337
7403	0.0591555
7404	0.0594773
7405	0.0597991
7406	0.0601208
7407	0.0604424
7408	0.060764
7409	0.0610856
7410	0.0614071
7411	0.0617285
7412	0.0620499
7413	0.0623713
7414	0.0626926
7415	0.0630138
7416	0.063335
7417	0.0636561
7418	0.0639772
7419	0.0642983
7420	0.0646193
7421	0.0649402
7422	0.0652611
7423	0.0655819
7424	0.0659027
7425	0.0662234
7426	0.066544
7427	0.0668646
7428	0.0671852
7429	0.0675057
7430	0.0678261
7431	0.0681465
7432	0.0684668
7433	0.0687871
7434	0.0691073
7435	0.0694274
7436	0.0697475
7437	0.0700676
7438	0.0703875
7439	0.0707074
7440	0.0710273
7441	0.0713471
7442	0.0716668
7443	0.0719865
7444	0.0723061
7445	0.0726257
7446	0.0729452
7447	0.0732646
7448	0.0735839
7449	0.0739032
7450	0.0742225
7451	0.0745417
7452	0.0748608
7453	0.0751798
7454	0.0754988
7455	0.0758177
7456	0.0761366
7457	0.0764554
7458	0.0767741
7459	0.0770927
7460	0.0774113
7461	0.0777298
7462	0.0780483
7463	0.0783667
7464	0.078685
7465	0.0790032
7466	0.0793214
7467	0.0796395
7468	0.0799576
7469	0.0802755
7470	0.0805934
7471	0.0809113
7472	0.081229
7473	0.0815467
7474	0.0818643
7475	0.0821819
7476	0.0824993
7477	0.0828167
7478	0.0831341
7479	0.0834513
7480	0.0837685
7481	0.0840856
7482	0.0844026
7483	0.0847196
7484	0.0850364
7485	0.0853532
7486	0.08567
7487	0.0859866
7488	0.0863032
7489	0.0866197
7490	0.0869361
7491	0.0872524
7492	0.0875687
7493	0.0878849
7494	0.088201
7495	0.088517
7496	0.0888329
7497	0.0891488
7498	0.0894646
7499	0.0897803
7500	0.0900959
7501	0.0904114
7502	0.0907269
7503	0.0910422
7504	0.0913575
7505	0.0916727
7506	0.0919879
7507	0.0923029
7508	0.0926178
7509	0.0929327
7510	0.0932475
7511	0.0935622
7512	0.0938768
7513	0.0941914
7514	0.0945058
7515	0.0948202
7516	0.0951344
7517	0.0954486
7518	0.0957627
7519	0.0960767
7520	0.0963906
7521	0.0967045
7522	0.0970182
7523	0.0973319
7524	0.0976454
7525	0.0979589
7526	0.0982723
7527	0.0985856
7528	0.0988988
7529	0.0992119
7530	0.099525
7531	0.0998379
7532	0.100151
7533	0.100464
7534	0.100776
7535	0.101089
7536	0.101401
7537	0.101714
7538	0.102026
7539	0.102338
7540	0.10265
7541	0.102962
7542	0.103274
7543	0.103586
7544	0.103898
7545	0.104209
7546	0.104521
7547	0.104832
7548	0.105144
7549	0.105455
7550	0.105766
7551	0.106077
7552	0.106388
7553	0.106699
7554	0.10701
7555	0.107321
7556	0.107631
7557	0.107942
7558	0.108252
7559	0.108562
7560	0.108872
7561	0.109183
7562	0.109493
7563	0.109802
7564	0.110112
7565	0.110422
7566	0.110732
7567	0.111041
7568	0.11135
7569	0.11166
7570	0.111969
7571	0.112278
7572	0.112587
7573	0.112896
7574	0.113205
7575	0.113513
7576	0.113822
7577	0.11413
7578	0.114439
7579	0.114747
7580	0.115055
7581	0.115363
7582	0.115671
7583	0.115979
7584	0.116287
7585	0.116595
7586	0.116902
7587	0.11721
7588	0.117517
7589	0.117824
7590	0.118131
7591	0.118438
7592	0.118745
7593	0.119052
7594	0.119359
7595	0.119665
7596	0.119972
7597	0.120278
7598	0.120584
7599	0.12089
7600	0.121196
7601	0.121502
7602	0.121808
7603	0.122114
7604	0.122419
7605	0.122725
7606	0.12303
7607	0.123336
7608	0.123641
7609	0.123946
7610	0.124251
7611	0.124555
7612	0.12486
7613	0.125165
7614	0.125469
7615	0.125773
7616	0.126078
7617	0.126382
7618	0.126686
7619	0.12699
7620	0.127293
7621	0.127597
7622	0.127901
7623	0.128204
7624	0.128507
7625	0.12881
7626	0.129113
7627	0.129416
7628	0.129719
7629	0.130022
7630	0.130324
7631	0.130627
7632	0.130929
7633	0.131231
7634	0.131534
7635	0.131836
7636	0.132137
7637	0.132439
7638	0.132741
7639	0.133042
7640	0.133344
7641	0.133645
7642	0.133946
7643	0.134247
7644	0.134548
7645	0.134849
7646	0.135149
7647	0.13545
7648	0.13575
7649	0.13605
7650	0.13635
7651	0.13665
7652	0.13695
7653	0.13725
7654	0.13755
7655	0.137849
7656	0.138148
7657	0.138448
7658	0.138747
7659	0.139046
7660	0.139345
7661	0.139643
7662	0.139942
7663	0.14024
7664	0.140539
7665	0.140837
7666	0.141135
7667	0.141433
7668	0.141731
7669	0.142028
7670	0.142326
7671	0.142623
7672	0.142921
7673	0.143218
7674	0.143515
7675	0.143812
7676	0.144108
7677	0.144405
7678	0.144701
7679	0.144998
7680	0.145294
7681	0.14559
7682	0.145886
7683	0.146182
7684	0.146478
7685	0.146773
7686	0.147068
7687	0.147364
7688	0.147659
7689	0.147954
7690	0.148249
7691	0.148543
7692	0.148838
7693	0.149132
7694	0.149427
7695	0.149721
7696	0.150015
7697	0.150309
7698	0.150602
7699	0.150896
7700	0.151189
7701	0.151483
7702	0.151776
7703	0.152069
7704	0.152362
7705	0.152654
7706	0.152947
7707	0.153239
7708	0.153532
7709	0.153824
7710	0.154116
7711	0.154408
7712	0.1547
7713	0.154991
7714	0.155282
7715	0.155574
7716	0.155865
7717	0.156156
7718	0.156447
7719	0.156737
7720	0.157028
7721	0.157318
7722	0.157609
7723	0.157899
7724	0.158189
7725	0.158478
7726	0.158768
7727	0.159058
7728	0.159347
7729	0.159636
7730	0.159925
7731	0.160214
7732	0.160503
7733	0.160791
7734	0.16108
7735	0.161368
7736	0.161656
7737	0.161944
7738	0.162232
7739	0.16252
7740	0.162807
7741	0.163094
7742	0.163382
7743	0.163669
7744	0.163956
7745	0.164242
7746	0.164529
7747	0.164815
7748	0.165101
7749	0.165388
7750	0.165674
7751	0.165959
7752	0.166245
7753	0.16653
7754	0.166816
7755	0.167101
7756	0.167386
7757	0.167671
7758	0.167955
7759	0.16824
7760	0.168524
7761	0.168809
7762	0.169093
7763	0.169377
7764	0.16966
7765	0.169944
7766	0.170227
7767	0.17051
7768	0.170794
7769	0.171076
7770	0.171359
7771	0.171642
7772	0.171924
7773	0.172207
7774	0.172489
7775	0.172771
7776	0.173052
7777	0.173334
7778	0.173616
7779	0.173897
7780	0.174178
7781	0.174459
7782	0.17474
7783	0.17502
7784	0.175301
7785	0.175581
7786	0.175861
7787	0.176141
7788	0.176421
7789	0.176701
7790	0.17698
7791	0.17726
7792	0.177539
7793	0.177818
7794	0.178097
7795	0.178375
7796	0.178654
7797	0.178932
7798	0.17921
7799	0.179488
7800	0.179766
7801	0.180044
7802	0.180321
7803	0.180598
7804	0.180875
7805	0.181152
7806	0.181429
7807	0.181706
7808	0.181982
7809	0.182259
7810	0.182535
7811	0.182811
7812	0.183086
7813	0.183362
7814	0.183637
7815	0.183913
7816	0.184188
7817	0.184463
7818	0.184737
7819	0.185012
7820	0.185286
7821	0.18556
7822	0.185835
7823	0.186108
7824	0.186382
7825	0.186656
7826	0.186929
7827	0.187202
7828	0.187475
7829	0.187748
7830	0.18802
7831	0.188293
7832	0.188565
7833	0.188837
7834	0.189109
7835	0.189381
7836	0.189653
7837	0.189924
7838	0.190195
7839	0.190466
7840	0.190737
7841	0.191008
7842	0.191278
7843	0.191548
7844	0.191819
7845	0.192089
7846	0.192358
7847	0.192628
7848	0.192897
7849	0.193167
7850	0.193436
7851	0.193704
7852	0.193973
7853	0.194242
7854	0.19451
7855	0.194778
7856	0.195046
7857	0.195314
7858	0.195581
7859	0.195849
7860	0.196116
7861	0.196383
7862	0.19665
7863	0.196916
7864	0.197183
7865	0.197449
7866	0.197715
7867	0.197981
7868	0.198247
7869	0.198512
7870	0.198778
7871	0.199043
7872	0.199308
7873	0.199573
7874	0.199837
7875	0.200102
7876	0.200366
7877	0.20063
7878	0.200894
7879	0.201157
7880	0.201421
7881	0.201684
7882	0.201947
7883	0.20221
7884	0.202472
7885	0.202735
7886	0.202997
7887	0.203259
7888	0.203521
7889	0.203783
7890	0.204044
7891	0.204305
7892	0.204566
7893	0.204827
7894	0.205088
7895	0.205349
7896	0.205609
7897	0.205869
7898	0.206129
7899	0.206389
7900	0.206648
7901	0.206907
7902	0.207166
7903	0.207425
7904	0.207684
7905	0.207943
7906	0.208201
7907	0.208459
7908	0.208717
7909	0.208975
7910	0.209232
7911	0.209489
7912	0.209746
7913	0.210003
7914	0.21026
7915	0.210517
7916	0.210773
7917	0.211029
7918	0.211285
7919	0.21154
7920	0.211796
7921	0.212051
7922	0.212306
7923	0.212561
7924	0.212816
7925	0.21307
7926	0.213325
7927	0.213579
7928	0.213832
7929	0.214086
7930	0.214339
7931	0.214593
7932	0.214846
7933	0.215099
7934	0.215351
7935	0.215604
7936	0.215856
7937	0.216108
7938	0.21636
7939	0.216611
7940	0.216862
7941	0.217114
7942	0.217365
7943	0.217615
7944	0.217866
7945	0.218116
7946	0.218366
7947	0.218616
7948	0.218866
7949	0.219116
7950	0.219365
7951	0.219614
7952	0.219863
7953	0.220112
7954	0.22036
7955	0.220608
7956	0.220856
7957	0.221104
7958	0.221352
7959	0.221599
7960	0.221847
7961	0.222094
7962	0.22234
7963	0.222587
7964	0.222834
7965	0.22308
7966	0.223326
7967	0.223572
7968	0.223817
7969	0.224062
7970	0.224308
7971	0.224553
7972	0.224797
7973	0.225042
7974	0.225286
7975	0.22553
7976	0.225774
7977	0.226018
7978	0.226261
7979	0.226505
7980	0.226748
7981	0.226991
7982	0.227233
7983	0.227476
7984	0.227718
7985	0.22796
7986	0.228202
7987	0.228443
7988	0.228685
7989	0.228926
7990	0.229167
7991	0.229407
7992	0.229648
7993	0.229888
7994	0.230128
7995	0.230368
7996	0.230608
7997	0.230847
7998	0.231087
7999	0.231326
8000	0.231565
8001	0.231803
8002	0.232041
8003	0.23228
8004	0.232518
8005	0.232755
8006	0.232993
8007	0.23323
8008	0.233467
8009	0.233704
8010	0.233941
8011	0.234177
8012	0.234413
8013	0.234649
8014	0.234885
8015	0.235121
8016	0.235356
8017	0.235591
8018	0.235826
8019	0.236061
8020	0.236295
8021	0.236529
8022	0.236763
8023	0.236997
8024	0.237231
8025	0.237464
8026	0.237697
8027	0.23793
8028	0.238163
8029	0.238395
8030	0.238627
8031	0.238859
8032	0.239091
8033	0.239322
8034	0.239554
8035	0.239785
8036	0.240016
8037	0.240246
8038	0.240477
8039	0.240707
8040	0.240937
8041	0.241166
8042	0.241396
8043	0.241625
8044	0.241854
8045	0.242083
8046	0.242312
8047	0.24254
8048	0.242768
8049	0.242996
8050	0.243223
8051	0.243451
8052	0.243678
8053	0.243905
8054	0.244132
8055	0.244358
8056	0.244584
8057	0.24481
8058	0.245036
8059	0.245262
8060	0.245487
8061	0.245712
8062	0.245937
8063	0.246161
8064	0.246386
8065	0.24661
8066	0.246833
8067	0.247057
8068	0.24728
8069	0.247504
8070	0.247727
8071	0.247949
8072	0.248172
8073	0.248394
8074	0.248616
8075	0.248837
8076	0.249059
8077	0.24928
8078	0.249501
8079	0.249722
8080	0.249942
8081	0.250163
8082	0.250383
8083	0.250602
8084	0.250822
8085	0.251041
8086	0.25126
8087	0.251479
8088	0.251698
8089	0.251916
8090	0.252134
8091	0.252352
8092	0.252569
8093	0.252787
8094	0.253004
8095	0.253221
8096	0.253437
8097	0.253654
8098	0.25387
8099	0.254086
8100	0.254301
8101	0.254517
8102	0.254732
8103	0.254947
8104	0.255161
8105	0.255376
8106	0.25559
8107	0.255804
8108	0.256017
8109	0.256231
8110	0.256444
8111	0.256657
8112	0.25687
8113	0.257082
8114	0.257294
8115	0.257506
8116	0.257718
8117	0.257929
8118	0.25814
8119	0.258351
8120	0.258562
8121	0.258772
8122	0.258983
8123	0.259193
8124	0.259402
8125	0.259612
8126	0.259821
8127	0.26003
8128	0.260239
8129	0.260447
8130	0.260655
8131	0.260863
8132	0.261071
8133	0.261278
8134	0.261486
8135	0.261693
8136	0.261899
8137	0.262106
8138	0.262312
8139	0.262518
8140	0.262724
8141	0.262929
8142	0.263135
8143	0.26334
8144	0.263544
8145	0.263749
8146	0.263953
8147	0.264157
8148	0.264361
8149	0.264564
8150	0.264767
8151	0.26497
8152	0.265173
8153	0.265376
8154	0.265578
8155	0.26578
8156	0.265982
8157	0.266183
8158	0.266384
8159	0.266585
8160	0.266786
8161	0.266987
8162	0.267187
8163	0.267387
8164	0.267587
8165	0.267786
8166	0.267985
8167	0.268184
8168	0.268383
8169	0.268582
8170	0.26878
8171	0.268978
8172	0.269176
8173	0.269373
8174	0.26957
8175	0.269767
8176	0.269964
8177	0.270161
8178	0.270357
8179	0.270553
8180	0.270749
8181	0.270944
8182	0.271139
8183	0.271334
8184	0.271529
8185	0.271724
8186	0.271918
8187	0.272112
8188	0.272305
8189	0.272499
8190	0.272692
8191	0.272885
8192	0.273078
8193	0.27327
8194	0.273462
8195	0.273654
8196	0.273846
8197	0.274037
8198	0.274228
8199	0.274419
8200	0.27461
8201	0.2748
8202	0.274991
8203	0.27518
8204	0.27537
8205	0.275559
8206	0.275748
8207	0.275937
8208	0.276126
8209	0.276314
8210	0.276502
8211	0.27669
8212	0.276877
8213	0.277065
8214	0.277252
8215	0.277439
8216	0.277625
8217	0.277811
8218	0.277997
8219	0.278183
8220	0.278368
8221	0.278553
8222	0.278738
8223	0.278923
8224	0.279107
8225	0.279292
8226	0.279475
8227	0.279659
8228	0.279842
8229	0.280025
8230	0.280208
8231	0.280391
8232	0.280573
8233	0.280755
8234	0.280937
8235	0.281118
8236	0.281299
8237	0.28148
8238	0.281661
8239	0.281841
8240	0.282021
8241	0.282201
8242	0.282381
8243	0.28256
8244	0.282739
8245	0.282918
8246	0.283097
8247	0.283275
8248	0.283453
8249	0.28363
8250	0.283808
8251	0.283985
8252	0.284162
8253	0.284339
8254	0.284515
8255	0.284691
8256	0.284867
8257	0.285042
8258	0.285218
8259	0.285393
8260	0.285567
8261	0.285742
8262	0.285916
8263	0.28609
8264	0.286263
8265	0.286437
8266	0.28661
8267	0.286783
8268	0.286955
8269	0.287127
8270	0.287299
8271	0.287471
8272	0.287643
8273	0.287814
8274	0.287985
8275	0.288155
8276	0.288326
8277	0.288496
8278	0.288666
8279	0.288835
8280	0.289004
8281	0.289173
8282	0.289342
8283	0.28951
8284	0.289679
8285	0.289846
8286	0.290014
8287	0.290181
8288	0.290348
8289	0.290515
8290	0.290682
8291	0.290848
8292	0.291014
8293	0.291179
8294	0.291345
8295	0.29151
8296	0.291675
8297	0.291839
8298	0.292003
8299	0.292167
8300	0.292331
8301	0.292494
8302	0.292658
8303	0.29282
8304	0.292983
8305	0.293145
8306	0.293307
8307	0.293469
8308	0.293631
8309	0.293792
8310	0.293953
8311	0.294113
8312	0.294274
8313	0.294434
8314	0.294593
8315	0.294753
8316	0.294912
8317	0.295071
8318	0.29523
8319	0.295388
8320	0.295546
8321	0.295704
8322	0.295862
8323	0.296019
8324	0.296176
8325	0.296333
8326	0.296489
8327	0.296645
8328	0.296801
8329	0.296956
8330	0.297112
8331	0.297267
8332	0.297421
8333	0.297576
8334	0.29773
8335	0.297884
8336	0.298037
8337	0.298191
8338	0.298344
8339	0.298496
8340	0.298649
8341	0.298801
8342	0.298953
8343	0.299105
8344	0.299256
8345	0.299407
8346	0.299558
8347	0.299708
8348	0.299858
8349	0.300008
8350	0.300158
8351	0.300307
8352	0.300456
8353	0.300605
8354	0.300753
8355	0.300901
8356	0.301049
8357	0.301197
8358	0.301344
8359	0.301491
8360	0.301638
8361	0.301784
8362	0.30193
8363	0.302076
8364	0.302222
8365	0.302367
8366	0.302512
8367	0.302657
8368	0.302801
8369	0.302945
8370	0.303089
8371	0.303232
8372	0.303376
8373	0.303519
8374	0.303661
8375	0.303804
8376	0.303946
8377	0.304088
8378	0.304229
8379	0.30437
8380	0.304511
8381	0.304652
8382	0.304792
8383	0.304932
8384	0.305072
8385	0.305212
8386	0.305351
8387	0.30549
8388	0.305628
8389	0.305766
8390	0.305904
8391	0.306042
8392	0.30618
8393	0.306317
8394	0.306454
8395	0.30659
8396	0.306726
8397	0.306862
8398	0.306998
8399	0.307133
8400	0.307268
8401	0.307403
8402	0.307538
8403	0.307672
8404	0.307806
8405	0.307939
8406	0.308073
8407	0.308206
8408	0.308338
8409	0.308471
8410	0.308603
8411	0.308735
8412	0.308866
8413	0.308998
8414	0.309129
8415	0.309259
8416	0.30939
8417	0.30952
8418	0.309649
8419	0.309779
8420	0.309908
8421	0.310037
8422	0.310165
8423	0.310294
8424	0.310422
8425	0.310549
8426	0.310677
8427	0.310804
8428	0.310931
8429	0.311057
8430	0.311183
8431	0.311309
8432	0.311435
8433	0.31156
8434	0.311685
8435	0.31181
8436	0.311934
8437	0.312059
8438	0.312182
8439	0.312306
8440	0.312429
8441	0.312552
8442	0.312675
8443	0.312797
8444	0.312919
8445	0.313041
8446	0.313162
8447	0.313283
8448	0.313404
8449	0.313525
8450	0.313645
8451	0.313765
8452	0.313885
8453	0.314004
8454	0.314123
8455	0.314242
8456	0.31436
8457	0.314478
8458	0.314596
8459	0.314714
8460	0.314831
8461	0.314948
8462	0.315065
8463	0.315181
8464	0.315297
8465	0.315413
8466	0.315528
8467	0.315643
8468	0.315758
8469	0.315873
8470	0.315987
8471	0.316101
8472	0.316215
8473	0.316328
8474	0.316441
8475	0.316554
8476	0.316666
8477	0.316778
8478	0.31689
8479	0.317002
8480	0.317113
8481	0.317224
8482	0.317335
8483	0.317445
8484	0.317555
8485	0.317665
8486	0.317774
8487	0.317883
8488	0.317992
8489	0.318101
8490	0.318209
8491	0.318317
8492	0.318424
8493	0.318532
8494	0.318639
8495	0.318745
8496	0.318852
8497	0.318958
8498	0.319064
8499	0.319169
8500	0.319274
8501	0.319379
8502	0.319484
8503	0.319588
8504	0.319692
8505	0.319796
8506	0.319899
8507	0.320002
8508	0.320105
8509	0.320208
8510	0.32031
8511	0.320412
8512	0.320513
8513	0.320614
8514	0.320715
8515	0.320816
8516	0.320916
8517	0.321016
8518	0.321116
8519	0.321216
8520	0.321315
8521	0.321414
8522	0.321512
8523	0.32161
8524	0.321708
8525	0.321806
8526	0.321903
8527	0.322
8528	0.322097
8529	0.322193
8530	0.322289
8531	0.322385
8532	0.32248
8533	0.322575
8534	0.32267
8535	0.322765
8536	0.322859
8537	0.322953
8538	0.323046
8539	0.32314
8540	0.323233
8541	0.323325
8542	0.323418
8543	0.32351
8544	0.323602
8545	0.323693
8546	0.323784
8547	0.323875
8548	0.323966
8549	0.324056
8550	0.324146
8551	0.324235
8552	0.324325
8553	0.324414
8554	0.324502
8555	0.324591
8556	0.324679
8557	0.324766
8558	0.324854
8559	0.324941
8560	0.325028
8561	0.325114
8562	0.3252
8563	0.325286
8564	0.325372
8565	0.325457
8566	0.325542
8567	0.325627
8568	0.325711
8569	0.325795
8570	0.325879
8571	0.325962
8572	0.326045
8573	0.326128
8574	0.32621
8575	0.326293
8576	0.326374
8577	0.326456
8578	0.326537
8579	0.326618
8580	0.326699
8581	0.326779
8582	0.326859
8583	0.326939
8584	0.327018
8585	0.327097
8586	0.327176
8587	0.327254
8588	0.327332
8589	0.32741
8590	0.327488
8591	0.327565
8592	0.327642
8593	0.327718
8594	0.327795
8595	0.32787
8596	0.327946
8597	0.328021
8598	0.328096
8599	0.328171
8600	0.328245
8601	0.328319
8602	0.328393
8603	0.328467
8604	0.32854
8605	0.328613
8606	0.328685
8607	0.328757
8608	0.328829
8609	0.328901
8610	0.328972
8611	0.329043
8612	0.329114
8613	0.329184
8614	0.329254
8615	0.329324
8616	0.329393
8617	0.329462
8618	0.329531
8619	0.329599
8620	0.329667
8621	0.329735
8622	0.329803
8623	0.32987
8624	0.329937
8625	0.330003
8626	0.33007
8627	0.330136
8628	0.330201
8629	0.330267
8630	0.330332
8631	0.330396
8632	0.330461
8633	0.330525
8634	0.330589
8635	0.330652
8636	0.330715
8637	0.330778
8638	0.33084
8639	0.330903
8640	0.330965
8641	0.331026
8642	0.331087
8643	0.331148
8644	0.331209
8645	0.331269
8646	0.331329
8647	0.331389
8648	0.331448
8649	0.331507
8650	0.331566
8651	0.331624
8652	0.331682
8653	0.33174
8654	0.331798
8655	0.331855
8656	0.331912
8657	0.331968
8658	0.332024
8659	0.33208
8660	0.332136
8661	0.332191
8662	0.332246
8663	0.3323
8664	0.332355
8665	0.332409
8666	0.332462
8667	0.332516
8668	0.332569
8669	0.332621
8670	0.332674
8671	0.332726
8672	0.332777
8673	0.332829
8674	0.33288
8675	0.33293
8676	0.332981
8677	0.333031
8678	0.33308
8679	0.33313
8680	0.333179
8681	0.333228
8682	0.333276
8683	0.333324
8684	0.333372
8685	0.333419
8686	0.333467
8687	0.333513
8688	0.33356
8689	0.333606
8690	0.333652
8691	0.333697
8692	0.333742
8693	0.333787
8694	0.333831
8695	0.333875
8696	0.333919
8697	0.333963
8698	0.334006
8699	0.334048
8700	0.334091
8701	0.334133
8702	0.334175
8703	0.334216
8704	0.334257
8705	0.334298
8706	0.334338
8707	0.334378
8708	0.334418
8709	0.334458
8710	0.334497
8711	0.334535
8712	0.334574
8713	0.334612
8714	0.33465
8715	0.334687
8716	0.334724
8717	0.334761
8718	0.334797
8719	0.334833
8720	0.334869
8721	0.334904
8722	0.334939
8723	0.334974
8724	0.335008
8725	0.335042
8726	0.335076
8727	0.335109
8728	0.335142
8729	0.335175
8730	0.335207
8731	0.335239
8732	0.335271
8733	0.335302
8734	0.335333
8735	0.335364
8736	0.335395
8737	0.335425
8738	0.335454
8739	0.335484
8740	0.335513
8741	0.335542
8742	0.33557
8743	0.335598
8744	0.335626
8745	0.335654
8746	0.335681
8747	0.335708
8748	0.335734
8749	0.33576
8750	0.335786
8751	0.335812
8752	0.335837
8753	0.335862
8754	0.335887
8755	0.335911
8756	0.335935
8757	0.335959
8758	0.335983
8759	0.336006
8760	0.336029
8761	0.336051
8762	0.336073
8763	0.336095
8764	0.336117
8765	0.336138
8766	0.336159
8767	0.33618
8768	0.3362
8769	0.336221
8770	0.33624
8771	0.33626
8772	0.336279
8773	0.336298
8774	0.336317
8775	0.336335
8776	0.336353
8777	0.336371
8778	0.336389
8779	0.336406
8780	0.336423
8781	0.336439
8782	0.336456
8783	0.336472
8784	0.336488
8785	0.336503
8786	0.336518
8787	0.336533
8788	0.336548
8789	0.336562
8790	0.336576
8791	0.33659
8792	0.336603
8793	0.336616
8794	0.336629
8795	0.336642
8796	0.336654
8797	0.336666
8798	0.336678
8799	0.336689
8800	0.3367
8801	0.336711
8802	0.336722
8803	0.336732
8804	0.336742
8805	0.336752
8806	0.336761
8807	0.33677
8808	0.336779
8809	0.336787
8810	0.336796
8811	0.336804
8812	0.336811
8813	0.336819
8814	0.336826
8815	0.336832
8816	0.336839
8817	0.336845
8818	0.336851
8819	0.336856
8820	0.336861
8821	0.336866
8822	0.336871
8823	0.336875
8824	0.336879
8825	0.336883
8826	0.336886
8827	0.33689
8828	0.336892
8829	0.336895
8830	0.336897
8831	0.336899
8832	0.336901
8833	0.336902
8834	0.336903
8835	0.336903
8836	0.336904
8837	0.336904
8838	0.336904
8839	0.336903
8840	0.336902
8841	0.336901
8842	0.336899
8843	0.336897
8844	0.336895
8845	0.336893
8846	0.33689
8847	0.336887
8848	0.336884
8849	0.33688
8850	0.336876
8851	0.336871
8852	0.336867
8853	0.336862
8854	0.336857
8855	0.336851
8856	0.336845
8857	0.336839
8858	0.336832
8859	0.336825
8860	0.336818
8861	0.33681
8862	0.336803
8863	0.336794
8864	0.336786
8865	0.336777
8866	0.336768
8867	0.336759
8868	0.336749
8869	0.336739
8870	0.336728
8871	0.336718
8872	0.336707
8873	0.336695
8874	0.336684
8875	0.336672
8876	0.336659
8877	0.336647
8878	0.336634
8879	0.33662
8880	0.336607
8881	0.336593
8882	0.336578
8883	0.336564
8884	0.336549
8885	0.336534
8886	0.336518
8887	0.336502
8888	0.336486
8889	0.33647
8890	0.336453
8891	0.336436
8892	0.336418
8893	0.3364
8894	0.336382
8895	0.336364
8896	0.336345
8897	0.336326
8898	0.336307
8899	0.336287
8900	0.336267
8901	0.336246
8902	0.336226
8903	0.336205
8904	0.336183
8905	0.336162
8906	0.33614
8907	0.336117
8908	0.336095
8909	0.336072
8910	0.336048
8911	0.336025
8912	0.336001
8913	0.335976
8914	0.335952
8915	0.335927
8916	0.335901
8917	0.335876
8918	0.33585
8919	0.335824
8920	0.335797
8921	0.33577
8922	0.335743
8923	0.335715
8924	0.335687
8925	0.335659
8926	0.335631
8927	0.335602
8928	0.335572
8929	0.335543
8930	0.335513
8931	0.335483
8932	0.335452
8933	0.335421
8934	0.33539
8935	0.335358
8936	0.335327
8937	0.335294
8938	0.335262
8939	0.335229
8940	0.335196
8941	0.335162
8942	0.335128
8943	0.335094
8944	0.335059
8945	0.335024
8946	0.334989
8947	0.334954
8948	0.334918
8949	0.334881
8950	0.334845
8951	0.334808
8952	0.334771
8953	0.334733
8954	0.334695
8955	0.334657
8956	0.334618
8957	0.334579
8958	0.33454
8959	0.3345
8960	0.33446
8961	0.33442
8962	0.334379
8963	0.334338
8964	0.334297
8965	0.334255
8966	0.334213
8967	0.334171
8968	0.334128
8969	0.334085
8970	0.334042
8971	0.333998
8972	0.333954
8973	0.333909
8974	0.333865
8975	0.33382
8976	0.333774
8977	0.333728
8978	0.333682
8979	0.333636
8980	0.333589
8981	0.333542
8982	0.333494
8983	0.333447
8984	0.333398
8985	0.33335
8986	0.333301
8987	0.333252
8988	0.333202
8989	0.333152
8990	0.333102
8991	0.333052
8992	0.333001
8993	0.33295
8994	0.332898
8995	0.332846
8996	0.332794
8997	0.332741
8998	0.332688
8999	0.332635
9000	0.332581
9001	0.332528
9002	0.332473
9003	0.332419
9004	0.332364
9005	0.332308
9006	0.332253
9007	0.332197
9008	0.332141
9009	0.332084
9010	0.332027
9011	0.33197
9012	0.331912
9013	0.331854
9014	0.331796
9015	0.331737
9016	0.331678
9017	0.331619
9018	0.331559
9019	0.331499
9020	0.331439
9021	0.331378
9022	0.331317
9023	0.331256
9024	0.331195
9025	0.331133
9026	0.33107
9027	0.331008
9028	0.330945
9029	0.330882
9030	0.330818
9031	0.330754
9032	0.33069
9033	0.330625
9034	0.33056
9035	0.330495
9036	0.33043
9037	0.330364
9038	0.330298
9039	0.330231
9040	0.330164
9041	0.330097
9042	0.33003
9043	0.329962
9044	0.329894
9045	0.329825
9046	0.329756
9047	0.329687
9048	0.329618
9049	0.329548
9050	0.329478
9051	0.329408
9052	0.329337
9053	0.329266
9054	0.329195
9055	0.329123
9056	0.329051
9057	0.328979
9058	0.328906
9059	0.328834
9060	0.32876
9061	0.328687
9062	0.328613
9063	0.328539
9064	0.328464
9065	0.328389
9066	0.328314
9067	0.328239
9068	0.328163
9069	0.328087
9070	0.328011
9071	0.327934
9072	0.327857
9073	0.32778
9074	0.327702
9075	0.327624
9076	0.327546
9077	0.327468
9078	0.327389
9079	0.32731
9080	0.32723
9081	0.32715
9082	0.32707
9083	0.32699
9084	0.326909
9085	0.326828
9086	0.326747
9087	0.326665
9088	0.326583
9089	0.326501
9090	0.326419
9091	0.326336
9092	0.326253
9093	0.326169
9094	0.326086
9095	0.326001
9096	0.325917
9097	0.325832
9098	0.325747
9099	0.325662
9100	0.325577
9101	0.325491
9102	0.325405
9103	0.325318
9104	0.325231
9105	0.325144
9106	0.325057
9107	0.324969
9108	0.324881
9109	0.324793
9110	0.324704
9111	0.324615
9112	0.324526
9113	0.324437
9114	0.324347
9115	0.324257
9116	0.324166
9117	0.324076
9118	0.323985
9119	0.323893
9120	0.323802
9121	0.32371
9122	0.323618
9123	0.323525
9124	0.323433
9125	0.323339
9126	0.323246
9127	0.323152
9128	0.323058
9129	0.322964
9130	0.32287
9131	0.322775
9132	0.32268
9133	0.322584
9134	0.322488
9135	0.322392
9136	0.322296
9137	0.322199
9138	0.322102
9139	0.322005
9140	0.321908
9141	0.32181
9142	0.321712
9143	0.321613
9144	0.321515
9145	0.321416
9146	0.321316
9147	0.321217
9148	0.321117
9149	0.321017
9150	0.320916
9151	0.320815
9152	0.320714
9153	0.320613
9154	0.320511
9155	0.320409
9156	0.320307
9157	0.320204
9158	0.320101
9159	0.319998
9160	0.319895
9161	0.319791
9162	0.319687
9163	0.319583
9164	0.319478
9165	0.319373
9166	0.319268
9167	0.319162
9168	0.319057
9169	0.31895
9170	0.318844
9171	0.318737
9172	0.31863
9173	0.318523
9174	0.318415
9175	0.318308
9176	0.318199
9177	0.318091
9178	0.317982
9179	0.317873
9180	0.317764
9181	0.317654
9182	0.317544
9183	0.317434
9184	0.317323
9185	0.317212
9186	0.317101
9187	0.31699
9188	0.316878
9189	0.316766
9190	0.316653
9191	0.316541
9192	0.316428
9193	0.316314
9194	0.316201
9195	0.316087
9196	0.315973
9197	0.315858
9198	0.315744
9199	0.315629
9200	0.315513
9201	0.315398
9202	0.315282
9203	0.315165
9204	0.315049
9205	0.314932
9206	0.314815
9207	0.314698
9208	0.31458
9209	0.314462
9210	0.314343
9211	0.314225
9212	0.314106
9213	0.313987
9214	0.313867
9215	0.313747
9216	0.313627
9217	0.313507
9218	0.313386
9219	0.313265
9220	0.313144
9221	0.313022
9222	0.3129
9223	0.312778
9224	0.312656
9225	0.312533
9226	0.31241
9227	0.312286
9228	0.312163
9229	0.312039
9230	0.311915
9231	0.31179
9232	0.311665
9233	0.31154
9234	0.311414
9235	0.311289
9236	0.311163
9237	0.311036
9238	0.31091
9239	0.310783
9240	0.310656
9241	0.310528
9242	0.3104
9243	0.310272
9244	0.310144
9245	0.310015
9246	0.309886
9247	0.309757
9248	0.309627
9249	0.309497
9250	0.309367
9251	0.309237
9252	0.309106
9253	0.308975
9254	0.308844
9255	0.308712
9256	0.30858
9257	0.308448
9258	0.308315
9259	0.308182
9260	0.308049
9261	0.307916
9262	0.307782
9263	0.307648
9264	0.307514
9265	0.307379
9266	0.307245
9267	0.307109
9268	0.306974
9269	0.306838
9270	0.306702
9271	0.306566
9272	0.306429
9273	0.306292
9274	0.306155
9275	0.306018
9276	0.30588
9277	0.305742
9278	0.305604
9279	0.305465
9280	0.305326
9281	0.305187
9282	0.305047
9283	0.304907
9284	0.304767
9285	0.304627
9286	0.304486
9287	0.304345
9288	0.304204
9289	0.304063
9290	0.303921
9291	0.303779
9292	0.303636
9293	0.303493
9294	0.30335
9295	0.303207
9296	0.303064
9297	0.30292
9298	0.302776
9299	0.302631
9300	0.302486
9301	0.302341
9302	0.302196
9303	0.302051
9304	0.301905
9305	0.301759
9306	0.301612
9307	0.301465
9308	0.301318
9309	0.301171
9310	0.301023
9311	0.300875
9312	0.300727
9313	0.300579
9314	0.30043
9315	0.300281
9316	0.300132
9317	0.299982
9318	0.299832
9319	0.299682
9320	0.299532
9321	0.299381
9322	0.29923
9323	0.299078
9324	0.298927
9325	0.298775
9326	0.298623
9327	0.29847
9328	0.298317
9329	0.298164
9330	0.298011
9331	0.297857
9332	0.297704
9333	0.297549
9334	0.297395
9335	0.29724
9336	0.297085
9337	0.29693
9338	0.296774
9339	0.296618
9340	0.296462
9341	0.296306
9342	0.296149
9343	0.295992
9344	0.295835
9345	0.295677
9346	0.295519
9347	0.295361
9348	0.295203
9349	0.295044
9350	0.294885
9351	0.294726
9352	0.294566
9353	0.294406
9354	0.294246
9355	0.294086
9356	0.293925
9357	0.293764
9358	0.293603
9359	0.293441
9360	0.29328
9361	0.293118
9362	0.292955
9363	0.292793
9364	0.29263
9365	0.292467
9366	0.292303
9367	0.292139
9368	0.291975
9369	0.291811
9370	0.291646
9371	0.291482
9372	0.291317
9373	0.291151
9374	0.290985
9375	0.290819
9376	0.290653
9377	0.290487
9378	0.29032
9379	0.290153
9380	0.289986
9381	0.289818
9382	0.28965
9383	0.289482
9384	0.289314
9385	0.289145
9386	0.288976
9387	0.288807
9388	0.288637
9389	0.288467
9390	0.288297
9391	0.288127
9392	0.287956
9393	0.287785
9394	0.287614
9395	0.287443
9396	0.287271
9397	0.287099
9398	0.286927
9399	0.286755
9400	0.286582
9401	0.286409
9402	0.286235
9403	0.286062
9404	0.285888
9405	0.285714
9406	0.28554
9407	0.285365
9408	0.28519
9409	0.285015
9410	0.284839
9411	0.284664
9412	0.284488
9413	0.284311
9414	0.284135
9415	0.283958
9416	0.283781
9417	0.283604
9418	0.283426
9419	0.283248
9420	0.28307
9421	0.282892
9422	0.282713
9423	0.282534
9424	0.282355
9425	0.282176
9426	0.281996
9427	0.281816
9428	0.281636
9429	0.281455
9430	0.281275
9431	0.281094
9432	0.280912
9433	0.280731
9434	0.280549
9435	0.280367
9436	0.280185
9437	0.280002
9438	0.279819
9439	0.279636
9440	0.279453
9441	0.279269
9442	0.279085
9443	0.278901
9444	0.278717
9445	0.278532
9446	0.278347
9447	0.278162
9448	0.277977
9449	0.277791
9450	0.277605
9451	0.277419
9452	0.277233
9453	0.277046
9454	0.276859
9455	0.276672
9456	0.276484
9457	0.276297
9458	0.276109
9459	0.27592
9460	0.275732
9461	0.275543
9462	0.275354
9463	0.275165
9464	0.274975
9465	0.274786
9466	0.274596
9467	0.274405
9468	0.274215
9469	0.274024
9470	0.273833
9471	0.273642
9472	0.27345
9473	0.273258
9474	0.273066
9475	0.272874
9476	0.272682
9477	0.272489
9478	0.272296
9479	0.272103
9480	0.271909
9481	0.271715
9482	0.271521
9483	0.271327
9484	0.271132
9485	0.270938
9486	0.270743
9487	0.270547
9488	0.270352
9489	0.270156
9490	0.26996
9491	0.269764
9492	0.269567
9493	0.26937
9494	0.269173
9495	0.268976
9496	0.268779
9497	0.268581
9498	0.268383
9499	0.268185
9500	0.267986
9501	0.267788
9502	0.267589
9503	0.267389
9504	0.26719
9505	0.26699
9506	0.26679
9507	0.26659
9508	0.26639
9509	0.266189
9510	0.265988
9511	0.265787
9512	0.265586
9513	0.265384
9514	0.265182
9515	0.26498
9516	0.264778
9517	0.264575
9518	0.264372
9519	0.264169
9520	0.263966
9521	0.263762
9522	0.263558
9523	0.263354
9524	0.26315
9525	0.262946
9526	0.262741
9527	0.262536
9528	0.26233
9529	0.262125
9530	0.261919
9531	0.261713
9532	0.261507
9533	0.261301
9534	0.261094
9535	0.260887
9536	0.26068
9537	0.260472
9538	0.260265
9539	0.260057
9540	0.259849
9541	0.259641
9542	0.259432
9543	0.259223
9544	0.259014
9545	0.258805
9546	0.258595
9547	0.258385
9548	0.258175
9549	0.257965
9550	0.257755
9551	0.257544
9552	0.257333
9553	0.257122
9554	0.25691
9555	0.256699
9556	0.256487
9557	0.256275
9558	0.256062
9559	0.25585
9560	0.255637
9561	0.255424
9562	0.25521
9563	0.254997
9564	0.254783
9565	0.254569
9566	0.254355
9567	0.25414
9568	0.253925
9569	0.25371
9570	0.253495
9571	0.25328
9572	0.253064
9573	0.252848
9574	0.252632
9575	0.252416
9576	0.252199
9577	0.251982
9578	0.251765
9579	0.251548
9580	0.25133
9581	0.251112
9582	0.250894
9583	0.250676
9584	0.250457
9585	0.250239
9586	0.25002
9587	0.249801
9588	0.249581
9589	0.249361
9590	0.249141
9591	0.248921
9592	0.248701
9593	0.24848
9594	0.248259
9595	0.248038
9596	0.247817
9597	0.247595
9598	0.247374
9599	0.247152
9600	0.246929
9601	0.246707
9602	0.246484
9603	0.246261
9604	0.246038
9605	0.245815
9606	0.245591
9607	0.245367
9608	0.245143
9609	0.244919
9610	0.244694
9611	0.244469
9612	0.244244
9613	0.244019
9614	0.243793
9615	0.243568
9616	0.243342
9617	0.243115
9618	0.242889
9619	0.242662
9620	0.242435
9621	0.242208
9622	0.241981
9623	0.241753
9624	0.241526
9625	0.241298
9626	0.241069
9627	0.240841
9628	0.240612
9629	0.240383
9630	0.240154
9631	0.239925
9632	0.239695
9633	0.239465
9634	0.239235
9635	0.239005
9636	0.238774
9637	0.238544
9638	0.238313
9639	0.238081
9640	0.23785
9641	0.237618
9642	0.237387
9643	0.237154
9644	0.236922
9645	0.23669
9646	0.236457
9647	0.236224
9648	0.235991
9649	0.235757
9650	0.235524
9651	0.23529
9652	0.235056
9653	0.234822
9654	0.234587
9655	0.234352
9656	0.234117
9657	0.233882
9658	0.233647
9659	0.233411
9660	0.233175
9661	0.232939
9662	0.232703
9663	0.232467
9664	0.23223
9665	0.231993
9666	0.231756
9667	0.231519
9668	0.231281
9669	0.231043
9670	0.230806
9671	0.230567
9672	0.230329
9673	0.23009
9674	0.229852
9675	0.229613
9676	0.229373
9677	0.229134
9678	0.228894
9679	0.228654
9680	0.228414
9681	0.228174
9682	0.227934
9683	0.227693
9684	0.227452
9685	0.227211
9686	0.226969
9687	0.226728
9688	0.226486
9689	0.226244
9690	0.226002
9691	0.22576
9692	0.225517
9693	0.225274
9694	0.225031
9695	0.224788
9696	0.224545
9697	0.224301
9698	0.224057
9699	0.223813
9700	0.223569
9701	0.223325
9702	0.22308
9703	0.222835
9704	0.22259
9705	0.222345
9706	0.2221
9707	0.221854
9708	0.221608
9709	0.221362
9710	0.221116
9711	0.220869
9712	0.220623
9713	0.220376
9714	0.220129
9715	0.219882
9716	0.219634
9717	0.219387
9718	0.219139
9719	0.218891
9720	0.218642
9721	0.218394
9722	0.218145
9723	0.217897
9724	0.217647
9725	0.217398
9726	0.217149
9727	0.216899
9728	0.216649
9729	0.216399
9730	0.216149
9731	0.215899
9732	0.215648
9733	0.215397
9734	0.215146
9735	0.214895
9736	0.214644
9737	0.214392
9738	0.21414
9739	0.213888
9740	0.213636
9741	0.213384
9742	0.213131
9743	0.212878
9744	0.212625
9745	0.212372
9746	0.212119
9747	0.211865
9748	0.211611
9749	0.211357
9750	0.211103
9751	0.210849
9752	0.210594
9753	0.21034
9754	0.210085
9755	0.20983
9756	0.209574
9757	0.209319
9758	0.209063
9759	0.208807
9760	0.208551
9761	0.208295
9762	0.208039
9763	0.207782
9764	0.207525
9765	0.207268
9766	0.207011
9767	0.206753
9768	0.206496
9769	0.206238
9770	0.20598
9771	0.205722
9772	0.205463
9773	0.205205
9774	0.204946
9775	0.204687
9776	0.204428
9777	0.204169
9778	0.203909
9779	0.20365
9780	0.20339
9781	0.20313
9782	0.202869
9783	0.202609
9784	0.202348
9785	0.202088
9786	0.201827
9787	0.201565
9788	0.201304
9789	0.201042
9790	0.200781
9791	0.200519
9792	0.200257
9793	0.199994
9794	0.199732
9795	0.199469
9796	0.199206
9797	0.198943
9798	0.19868
9799	0.198416
9800	0.198153
9801	0.197889
9802	0.197625
9803	0.197361
9804	0.197096
9805	0.196832
9806	0.196567
9807	0.196302
9808	0.196037
9809	0.195772
9810	0.195506
9811	0.195241
9812	0.194975
9813	0.194709
9814	0.194442
9815	0.194176
9816	0.19391
9817	0.193643
9818	0.193376
9819	0.193109
9820	0.192841
9821	0.192574
9822	0.192306
9823	0.192038
9824	0.19177
9825	0.191502
9826	0.191234
9827	0.190965
9828	0.190696
9829	0.190427
9830	0.190158
9831	0.189889
9832	0.189619
9833	0.18935
9834	0.18908
9835	0.18881
9836	0.18854
9837	0.188269
9838	0.187999
9839	0.187728
9840	0.187457
9841	0.187186
9842	0.186914
9843	0.186643
9844	0.186371
9845	0.1861
9846	0.185828
9847	0.185555
9848	0.185283
9849	0.18501
9850	0.184738
9851	0.184465
9852	0.184192
9853	0.183919
9854	0.183645
9855	0.183372
9856	0.183098
9857	0.182824
9858	0.18255
9859	0.182275
9860	0.182001
9861	0.181726
9862	0.181451
9863	0.181176
9864	0.180901
9865	0.180626
9866	0.18035
9867	0.180075
9868	0.179799
9869	0.179523
9870	0.179247
9871	0.17897
9872	0.178694
9873	0.178417
9874	0.17814
9875	0.177863
9876	0.177586
9877	0.177309
9878	0.177031
9879	0.176753
9880	0.176475
9881	0.176197
9882	0.175919
9883	0.175641
9884	0.175362
9885	0.175083
9886	0.174804
9887	0.174525
9888	0.174246
9889	0.173967
9890	0.173687
9891	0.173407
9892	0.173127
9893	0.172847
9894	0.172567
9895	0.172287
9896	0.172006
9897	0.171725
9898	0.171445
9899	0.171163
9900	0.170882
9901	0.170601
9902	0.170319
9903	0.170038
9904	0.169756
9905	0.169474
9906	0.169191
9907	0.168909
9908	0.168627
9909	0.168344
9910	0.168061
9911	0.167778
9912	0.167495
9913	0.167212
9914	0.166928
9915	0.166645
9916	0.166361
9917	0.166077
9918	0.165793
9919	0.165508
9920	0.165224
9921	0.164939
9922	0.164655
9923	0.16437
9924	0.164085
9925	0.1638
9926	0.163514
9927	0.163229
9928	0.162943
9929	0.162657
9930	0.162371
9931	0.162085
9932	0.161799
9933	0.161512
9934	0.161226
9935	0.160939
9936	0.160652
9937	0.160365
9938	0.160078
9939	0.15979
9940	0.159503
9941	0.159215
9942	0.158927
9943	0.158639
9944	0.158351
9945	0.158063
9946	0.157775
9947	0.157486
9948	0.157197
9949	0.156909
9950	0.15662
9951	0.15633
9952	0.156041
9953	0.155752
9954	0.155462
9955	0.155172
9956	0.154882
9957	0.154592
9958	0.154302
9959	0.154012
9960	0.153721
9961	0.153431
9962	0.15314
9963	0.152849
9964	0.152558
9965	0.152267
9966	0.151975
9967	0.151684
9968	0.151392
9969	0.1511
9970	0.150808
9971	0.150516
9972	0.150224
9973	0.149932
9974	0.149639
9975	0.149346
9976	0.149054
9977	0.148761
9978	0.148467
9979	0.148174
9980	0.147881
9981	0.147587
9982	0.147294
9983	0.147
9984	0.146706
9985	0.146412
9986	0.146118
9987	0.145823
9988	0.145529
9989	0.145234
9990	0.144939
9991	0.144644
9992	0.144349
9993	0.144054
9994	0.143759
9995	0.143463
9996	0.143168
9997	0.142872
9998	0.142576
9999	0.14228
10000	0.141984
10001	0.141688
10002	0.141391
10003	0.141095
10004	0.140798
10005	0.140501
10006	0.140204
10007	0.139907
10008	0.13961
10009	0.139312
10010	0.139015
10011	0.138717
10012	0.13842
10013	0.138122
10014	0.137824
10015	0.137525
10016	0.137227
10017	0.136929
10018	0.13663
10019	0.136331
10020	0.136033
10021	0.135734
10022	0.135435
10023	0.135135
10024	0.134836
10025	0.134537
10026	0.134237
10027	0.133937
10028	0.133637
10029	0.133337
10030	0.133037
10031	0.132737
10032	0.132437
10033	0.132136
10034	0.131836
10035	0.131535
10036	0.131234
10037	0.130933
10038	0.130632
10039	0.130331
10040	0.130029
10041	0.129728
10042	0.129426
10043	0.129124
10044	0.128823
10045	0.128521
10046	0.128218
10047	0.127916
10048	0.127614
10049	0.127311
10050	0.127009
10051	0.126706
10052	0.126403
10053	0.1261
10054	0.125797
10055	0.125494
10056	0.125191
10057	0.124887
10058	0.124584
10059	0.12428
10060	0.123976
10061	0.123672
10062	0.123368
10063	0.123064
10064	0.12276
10065	0.122456
10066	0.122151
10067	0.121847
10068	0.121542
10069	0.121237
10070	0.120932
10071	0.120627
10072	0.120322
10073	0.120017
10074	0.119711
10075	0.119406
10076	0.1191
10077	0.118794
10078	0.118489
10079	0.118183
10080	0.117877
10081	0.11757
10082	0.117264
10083	0.116958
10084	0.116651
10085	0.116345
10086	0.116038
10087	0.115731
10088	0.115424
10089	0.115117
10090	0.11481
10091	0.114503
10092	0.114195
10093	0.113888
10094	0.11358
10095	0.113272
10096	0.112965
10097	0.112657
10098	0.112349
10099	0.112041
10100	0.111732
10101	0.111424
10102	0.111115
10103	0.110807
10104	0.110498
10105	0.110189
10106	0.109881
10107	0.109572
10108	0.109263
10109	0.108953
10110	0.108644
10111	0.108335
10112	0.108025
10113	0.107716
10114	0.107406
10115	0.107096
10116	0.106786
10117	0.106476
10118	0.106166
10119	0.105856
10120	0.105546
10121	0.105235
10122	0.104925
10123	0.104614
10124	0.104303
10125	0.103993
10126	0.103682
10127	0.103371
10128	0.103059
10129	0.102748
10130	0.102437
10131	0.102126
10132	0.101814
10133	0.101502
10134	0.101191
10135	0.100879
10136	0.100567
10137	0.100255
10138	0.0999429
10139	0.0996307
10140	0.0993184
10141	0.099006
10142	0.0986935
10143	0.0983809
10144	0.0980682
10145	0.0977555
10146	0.0974426
10147	0.0971296
10148	0.0968165
10149	0.0965034
10150	0.0961901
10151	0.0958767
10152	0.0955633
10153	0.0952497
10154	0.0949361
10155	0.0946224
10156	0.0943085
10157	0.0939946
10158	0.0936806
10159	0.0933665
10160	0.0930522
10161	0.0927379
10162	0.0924235
10163	0.092109
10164	0.0917945
10165	0.0914798
10166	0.091165
10167	0.0908501
10168	0.0905352
10169	0.0902201
10170	0.089905
10171	0.0895898
10172	0.0892744
10173	0.088959
10174	0.0886435
10175	0.0883279
10176	0.0880122
10177	0.0876964
10178	0.0873805
10179	0.0870646
10180	0.0867485
10181	0.0864324
10182	0.0861161
10183	0.0857998
10184	0.0854834
10185	0.0851669
10186	0.0848503
10187	0.0845336
10188	0.0842168
10189	0.0839
10190	0.083583
10191	0.083266
10192	0.0829488
10193	0.0826316
10194	0.0823143
10195	0.0819969
10196	0.0816794
10197	0.0813619
10198	0.0810442
10199	0.0807265
10200	0.0804086
10201	0.0800907
10202	0.0797727
10203	0.0794546
10204	0.0791364
10205	0.0788182
10206	0.0784998
10207	0.0781814
10208	0.0778629
10209	0.0775443
10210	0.0772256
10211	0.0769068
10212	0.076588
10213	0.076269
10214	0.07595
10215	0.0756309
10216	0.0753117
10217	0.0749924
10218	0.0746731
10219	0.0743537
10220	0.0740341
10221	0.0737145
10222	0.0733949
10223	0.0730751
10224	0.0727553
10225	0.0724353
10226	0.0721153
10227	0.0717953
10228	0.0714751
10229	0.0711549
10230	0.0708346
10231	0.0705142
10232	0.0701937
10233	0.0698731
10234	0.0695525
10235	0.0692318
10236	0.068911
10237	0.0685902
10238	0.0682693
10239	0.0679483
10240	0.0676272
10241	0.067306
10242	0.0669848
10243	0.0666635
10244	0.0663421
10245	0.0660207
10246	0.0656992
10247	0.0653776
10248	0.0650559
10249	0.0647342
10250	0.0644124
10251	0.0640905
10252	0.0637686
10253	0.0634466
10254	0.0631245
10255	0.0628023
10256	0.0624801
10257	0.0621578
10258	0.0618355
10259	0.0615131
10260	0.0611906
10261	0.060868
10262	0.0605454
10263	0.0602227
10264	0.0599
10265	0.0595772
10266	0.0592543
10267	0.0589314
10268	0.0586084
10269	0.0582854
10270	0.0579622
10271	0.0576391
10272	0.0573158
10273	0.0569925
10274	0.0566692
10275	0.0563458
10276	0.0560223
10277	0.0556988
10278	0.0553752
10279	0.0550515
10280	0.0547278
10281	0.0544041
10282	0.0540803
10283	0.0537564
10284	0.0534325
10285	0.0531085
10286	0.0527845
10287	0.0524604
10288	0.0521363
10289	0.0518121
10290	0.0514878
10291	0.0511635
10292	0.0508392
10293	0.0505148
10294	0.0501904
10295	0.0498659
10296	0.0495414
10297	0.0492168
10298	0.0488921
10299	0.0485675
10300	0.0482427
10301	0.0479179
10302	0.0475931
10303	0.0472683
10304	0.0469433
10305	0.0466184
10306	0.0462934
10307	0.0459683
10308	0.0456433
10309	0.0453181
10310	0.0449929
10311	0.0446677
10312	0.0443425
10313	0.0440172
10314	0.0436918
10315	0.0433664
10316	0.043041
10317	0.0427155
10318	0.04239
10319	0.0420645
10320	0.0417389
10321	0.0414133
10322	0.0410876
10323	0.0407619
10324	0.0404362
10325	0.0401104
10326	0.0397846
10327	0.0394588
10328	0.0391329
10329	0.0388069
10330	0.038481
10331	0.038155
10332	0.037829
10333	0.0375029
10334	0.0371768
10335	0.0368507
10336	0.0365245
10337	0.0361983
10338	0.0358721
10339	0.0355458
10340	0.0352195
10341	0.0348932
10342	0.0345668
10343	0.0342404
10344	0.033914
10345	0.0335875
10346	0.033261
10347	0.0329345
10348	0.0326079
10349	0.0322813
10350	0.0319547
10351	0.0316281
10352	0.0313014
10353	0.0309747
10354	0.0306479
10355	0.0303211
10356	0.0299943
10357	0.0296675
10358	0.0293407
10359	0.0290138
10360	0.0286868
10361	0.0283599
10362	0.0280329
10363	0.0277059
10364	0.0273789
10365	0.0270518
10366	0.0267248
10367	0.0263976
10368	0.0260705
10369	0.0257433
10370	0.0254161
10371	0.0250889
10372	0.0247617
10373	0.0244344
10374	0.0241071
10375	0.0237798
10376	0.0234524
10377	0.0231251
10378	0.0227976
10379	0.0224702
10380	0.0221428
10381	0.0218153
10382	0.0214878
10383	0.0211603
10384	0.0208327
10385	0.0205051
10386	0.0201775
10387	0.0198499
10388	0.0195223
10389	0.0191946
10390	0.0188669
10391	0.0185392
10392	0.0182115
10393	0.0178837
10394	0.0175559
10395	0.0172281
10396	0.0169003
10397	0.0165725
10398	0.0162446
10399	0.0159167
10400	0.0155888
10401	0.0152609
10402	0.014933
10403	0.014605
10404	0.014277
10405	0.013949
10406	0.013621
10407	0.0132929
10408	0.0129649
10409	0.0126368
10410	0.0123087
10411	0.0119806
10412	0.0116524
10413	0.0113243
10414	0.0109961
10415	0.0106679
10416	0.0103398
10417	0.0100115
10418	0.00968331
10419	0.00935506
10420	0.0090268
10421	0.00869852
10422	0.00837023
10423	0.00804193
10424	0.00771361
10425	0.00738528
10426	0.00705694
10427	0.00672858
10428	0.00640021
10429	0.00607183
10430	0.00574343
10431	0.00541503
10432	0.00508661
10433	0.00475819
10434	0.00442975
10435	0.0041013
10436	0.00377285
10437	0.00344438
10438	0.00311591
10439	0.00278743
10440	0.00245893
10441	0.00213043
10442	0.00180193
10443	0.00147341
10444	0.00114489
10445	0.000816367
10446	0.000487834
10447	0.000159296
10448	-0.000169248
10449	-0.000497797
10450	-0.00082635
10451	-0.00115491
10452	-0.00148347
10453	-0.00181203
10454	-0.0021406
10455	-0.00246917
10456	-0.00279774
10457	-0.00312632
10458	-0.00345489
10459	-0.00378347
10460	-0.00411205
10461	-0.00444062
10462	-0.0047692
10463	-0.00509778
10464	-0.00542636
10465	-0.00575493
10466	-0.00608351
10467	-0.00641208
10468	-0.00674065
10469	-0.00706921
10470	-0.00739778
10471	-0.00772634
10472	-0.0080549
10473	-0.00838345
10474	-0.008712
10475	-0.00904054
10476	-0.00936908
10477	-0.00969762
10478	-0.0100261
10479	-0.0103547
10480	-0.0106832
10481	-0.0110117
10482	-0.0113402
10483	-0.0116687
10484	-0.0119972
10485	-0.0123256
10486	-0.0126541
10487	-0.0129826
10488	-0.013311
10489	-0.0136395
10490	-0.0139679
10491	-0.0142963
10492	-0.0146247
10493	-0.0149531
10494	-0.0152815
10495	-0.0156099
10496	-0.0159382
10497	-0.0162666
10498	-0.0165949
10499	-0.0169232
10500	-0.0172515
10501	-0.0175798
10502	-0.0179081
10503	-0.0182364
10504	-0.0185646
10505	-0.0188929
10506	-0.0192211
10507	-0.0195493
10508	-0.0198775
10509	-0.0202057
10510	-0.0205338
10511	-0.020862
10512	-0.0211901
10513	-0.0215182
10514	-0.0218463
10515	-0.0221744
10516	-0.0225024
10517	-0.0228305
10518	-0.0231585
10519	-0.0234865
10520	-0.0238145
10521	-0.0241424
10522	-0.0244704
10523	-0.0247983
10524	-0.0251262
10525	-0.025454
10526	-0.0257819
10527	-0.0261097
10528	-0.0264375
10529	-0.0267653
10530	-0.0270931
10531	-0.0274208
10532	-0.0277486
10533	-0.0280763
10534	-0.0284039
10535	-0.0287316
10536	-0.0290592
10537	-0.0293868
10538	-0.0297144
10539	-0.0300419
10540	-0.0303695
10541	-0.030697
10542	-0.0310245
10543	-0.0313519
10544	-0.0316793
10545	-0.0320067
10546	-0.0323341
10547	-0.0326614
10548	-0.0329888
10549	-0.033316
10550	-0.0336433
10551	-0.0339705
10552	-0.0342977
10553	-0.0346249
10554	-0.034952
10555	-0.0352792
10556	-0.0356062
10557	-0.0359333
10558	-0.0362603
10559	-0.0365873
10560	-0.0369143
10561	-0.0372412
10562	-0.0375681
10563	-0.037895
10564	-0.0382218
10565	-0.0385486
10566	-0.0388754
10567	-0.0392021
10568	-0.0395288
10569	-0.0398555
10570	-0.0401821
10571	-0.0405087
10572	-0.0408353
10573	-0.0411618
10574	-0.0414883
10575	-0.0418148
10576	-0.0421412
10577	-0.0424676
10578	-0.042794
10579	-0.0431203
10580	-0.0434466
10581	-0.0437728
10582	-0.044099
10583	-0.0444252
10584	-0.0447513
10585	-0.0450774
10586	-0.0454035
10587	-0.0457295
10588	-0.0460555
10589	-0.0463814
10590	-0.0467073
10591	-0.0470332
10592	-0.047359
10593	-0.0476847
10594	-0.0480105
10595	-0.0483362
10596	-0.0486618
10597	-0.0489874
10598	-0.049313
10599	-0.0496385
10600	-0.049964
10601	-0.0502894
10602	-0.0506148
10603	-0.0509402
10604	-0.0512655
10605	-0.0515907
10606	-0.051916
10607	-0.0522411
10608	-0.0525663
10609	-0.0528913
10610	-0.0532164
10611	-0.0535414
10612	-0.0538663
10613	-0.0541912
10614	-0.054516
10615	-0.0548408
10616	-0.0551656
10617	-0.0554903
10618	-0.0558149
10619	-0.0561396
10620	-0.0564641
10621	-0.0567886
10622	-0.0571131
10623	-0.0574375
10624	-0.0577618
10625	-0.0580862
10626	-0.0584104
10627	-0.0587346
10628	-0.0590588
10629	-0.0593829
10630	-0.0597069
10631	-0.0600309
10632	-0.0603549
10633	-0.0606788
10634	-0.0610026
10635	-0.0613264
10636	-0.0616501
10637	-0.0619738
10638	-0.0622974
10639	-0.062621
10640	-0.0629445
10641	-0.063268
10642	-0.0635914
10643	-0.0639147
10644	-0.064238
10645	-0.0645613
10646	-0.0648844
10647	-0.0652076
10648	-0.0655306
10649	-0.0658536
10650	-0.0661766
10651	-0.0664995
10652	-0.0668223
10653	-0.0671451
10654	-0.0674678
10655	-0.0677904
10656	-0.068113
10657	-0.0684356
10658	-0.068758
10659	-0.0690804
10660	-0.0694028
10661	-0.0697251
10662	-0.0700473
10663	-0.0703695
10664	-0.0706916
10665	-0.0710136
10666	-0.0713356
10667	-0.0716575
10668	-0.0719793
10669	-0.0723011
10670	-0.0726228
10671	-0.0729445
10672	-0.0732661
10673	-0.0735876
10674	-0.073909
10675	-0.0742304
10676	-0.0745517
10677	-0.074873
10678	-0.0751942
10679	-0.0755153
10680	-0.0758364
10681	-0.0761573
10682	-0.0764782
10683	-0.0767991
10684	-0.0771199
10685	-0.0774406
10686	-0.0777612
10687	-0.0780818
10688	-0.0784023
10689	-0.0787227
10690	-0.079043
10691	-0.0793633
10692	-0.0796835
10693	-0.0800036
10694	-0.0803237
10695	-0.0806437
10696	-0.0809636
10697	-0.0812834
10698	-0.0816032
10699	-0.0819228
10700	-0.0822425
10701	-0.082562
10702	-0.0828814
10703	-0.0832008
10704	-0.0835201
10705	-0.0838394
10706	-0.0841585
10707	-0.0844776
10708	-0.0847966
10709	-0.0851155
10710	-0.0854343
10711	-0.085753
10712	-0.0860717
10713	-0.0863903
10714	-0.0867088
10715	-0.0870273
10716	-0.0873456
10717	-0.0876639
10718	-0.087982
10719	-0.0883001
10720	-0.0886182
10721	-0.0889361
10722	-0.089254
10723	-0.0895717
10724	-0.0898894
10725	-0.090207
10726	-0.0905245
10727	-0.0908419
10728	-0.0911593
10729	-0.0914765
10730	-0.0917937
10731	-0.0921108
10732	-0.0924278
10733	-0.0927447
10734	-0.0930615
10735	-0.0933782
10736	-0.0936949
10737	-0.0940114
10738	-0.0943279
10739	-0.0946443
10740	-0.0949605
10741	-0.0952767
10742	-0.0955928
10743	-0.0959088
10744	-0.0962248
10745	-0.0965406
10746	-0.0968563
10747	-0.097172
10748	-0.0974875
10749	-0.097803
10750	-0.0981184
10751	-0.0984336
10752	-0.0987488
10753	-0.0990639
10754	-0.0993789
10755	-0.0996938
10756	-0.100009
10757	-0.100323
10758	-0.100638
10759	-0.100952
10760	-0.101267
10761	-0.101581
10762	-0.101895
10763	-0.10221
10764	-0.102524
10765	-0.102837
10766	-0.103151
10767	-0.103465
10768	-0.103779
10769	-0.104092
10770	-0.104406
10771	-0.104719
10772	-0.105032
10773	-0.105345
10774	-0.105658
10775	-0.105971
10776	-0.106284
10777	-0.106597
10778	-0.10691
10779	-0.107222
10780	-0.107535
10781	-0.107847
10782	-0.108159
10783	-0.108471
10784	-0.108783
10785	-0.109095
10786	-0.109407
10787	-0.109719
10788	-0.11003
10789	-0.110342
10790	-0.110653
10791	-0.110965
10792	-0.111276
10793	-0.111587
10794	-0.111898
10795	-0.112209
10796	-0.112519
10797	-0.11283
10798	-0.113141
10799	-0.113451
10800	-0.113761
10801	-0.114072
10802	-0.114382
10803	-0.114692
10804	-0.115002
10805	-0.115312
10806	-0.115621
10807	-0.115931
10808	-0.11624
10809	-0.11655
10810	-0.116859
10811	-0.117168
10812	-0.117477
10813	-0.117786
10814	-0.118095
10815	-0.118403
10816	-0.118712
10817	-0.119021
10818	-0.119329
10819	-0.119637
10820	-0.119945
10821	-0.120253
10822	-0.120561
10823	-0.120869
10824	-0.121177
10825	-0.121484
10826	-0.121792
10827	-0.122099
10828	-0.122406
10829	-0.122713
10830	-0.12302
10831	-0.123327
10832	-0.123634
10833	-0.123941
10834	-0.124247
10835	-0.124554
10836	-0.12486
10837	-0.125166
10838	-0.125472
10839	-0.125778
10840	-0.126084
10841	-0.12639
10842	-0.126695
10843	-0.127001
10844	-0.127306
10845	-0.127611
10846	-0.127916
10847	-0.128221
10848	-0.128526
10849	-0.128831
10850	-0.129135
10851	-0.12944
10852	-0.129744
10853	-0.130049
10854	-0.130353
10855	-0.130657
10856	-0.130961
10857	-0.131264
10858	-0.131568
10859	-0.131872
10860	-0.132175
10861	-0.132478
10862	-0.132781
10863	-0.133085
10864	-0.133387
10865	-0.13369
10866	-0.133993
10867	-0.134295
10868	-0.134598
10869	-0.1349
10870	-0.135202
10871	-0.135504
10872	-0.135806
10873	-0.136108
10874	-0.13641
10875	-0.136711
10876	-0.137013
10877	-0.137314
10878	-0.137615
10879	-0.137916
10880	-0.138217
10881	-0.138518
10882	-0.138818
10883	-0.139119
10884	-0.139419
10885	-0.13972
10886	-0.14002
10887	-0.14032
10888	-0.140619
10889	-0.140919
10890	-0.141219
10891	-0.141518
10892	-0.141818
10893	-0.142117
10894	-0.142416
10895	-0.142715
10896	-0.143014
10897	-0.143312
10898	-0.143611
10899	-0.143909
10900	-0.144208
10901	-0.144506
10902	-0.144804
10903	-0.145102
10904	-0.145399
10905	-0.145697
10906	-0.145994
10907	-0.146292
10908	-0.146589
10909	-0.146886
10910	-0.147183
10911	-0.14748
10912	-0.147776
10913	-0.148073
10914	-0.148369
10915	-0.148665
10916	-0.148961
10917	-0.149257
10918	-0.149553
10919	-0.149849
10920	-0.150144
10921	-0.15044
10922	-0.150735
10923	-0.15103
10924	-0.151325
10925	-0.15162
10926	-0.151914
10927	-0.152209
10928	-0.152503
10929	-0.152797
10930	-0.153091
10931	-0.153385
10932	-0.153679
10933	-0.153973
10934	-0.154266
10935	-0.154559
10936	-0.154853
10937	-0.155146
10938	-0.155438
10939	-0.155731
10940	-0.156024
10941	-0.156316
10942	-0.156608
10943	-0.1569
10944	-0.157192
10945	-0.157484
10946	-0.157776
10947	-0.158067
10948	-0.158358
10949	-0.15865
10950	-0.158941
10951	-0.159231
10952	-0.159522
10953	-0.159813
10954	-0.160103
10955	-0.160393
10956	-0.160683
10957	-0.160973
10958	-0.161263
10959	-0.161552
10960	-0.161841
10961	-0.162131
10962	-0.16242
10963	-0.162708
10964	-0.162997
10965	-0.163286
10966	-0.163574
10967	-0.163862
10968	-0.16415
10969	-0.164438
10970	-0.164726
10971	-0.165013
10972	-0.1653
10973	-0.165588
10974	-0.165875
10975	-0.166161
10976	-0.166448
10977	-0.166734
10978	-0.167021
10979	-0.167307
10980	-0.167593
10981	-0.167879
10982	-0.168164
10983	-0.168449
10984	-0.168735
10985	-0.16902
10986	-0.169305
10987	-0.169589
10988	-0.169874
10989	-0.170158
10990	-0.170442
10991	-0.170726
10992	-0.17101
10993	-0.171294
10994	-0.171577
10995	-0.17186
10996	-0.172143
10997	-0.172426
10998	-0.172709
10999	-0.172991
11000	-0.173273
11001	-0.173556
11002	-0.173837
11003	-0.174119
11004	-0.174401
11005	-0.174682
11006	-0.174963
11007	-0.175244
11008	-0.175525
11009	-0.175806
11010	-0.176086
11011	-0.176366
11012	-0.176646
11013	-0.176926
11014	-0.177206
11015	-0.177485
11016	-0.177765
11017	-0.178044
11018	-0.178322
11019	-0.178601
11020	-0.17888
11021	-0.179158
11022	-0.179436
11023	-0.179714
11024	-0.179992
11025	-0.180269
11026	-0.180546
11027	-0.180824
11028	-0.181101
11029	-0.181377
11030	-0.181654
11031	-0.18193
11032	-0.182206
11033	-0.182482
11034	-0.182758
11035	-0.183034
11036	-0.183309
11037	-0.183584
11038	-0.183859
11039	-0.184134
11040	-0.184408
11041	-0.184683
11042	-0.184957
11043	-0.185231
11044	-0.185505
11045	-0.185778
11046	-0.186052
11047	-0.186325
11048	-0.186598
11049	-0.186871
11050	-0.187144
11051	-0.187416
11052	-0.187688
11053	-0.18796
11054	-0.188232
11055	-0.188504
11056	-0.188775
11057	-0.189047
11058	-0.189318
11059	-0.189589
11060	-0.189859
11061	-0.19013
11062	-0.1904
11063	-0.19067
11064	-0.19094
11065	-0.19121
11066	-0.19148
11067	-0.191749
11068	-0.192018
11069	-0.192287
11070	-0.192556
11071	-0.192825
11072	-0.193093
11073	-0.193362
11074	-0.19363
11075	-0.193898
11076	-0.194166
11077	-0.194433
11078	-0.194701
11079	-0.194968
11080	-0.195235
11081	-0.195502
11082	-0.195768
11083	-0.196035
11084	-0.196301
11085	-0.196568
11086	-0.196834
11087	-0.197099
11088	-0.197365
11089	-0.197631
11090	-0.197896
11091	-0.198161
11092	-0.198426
11093	-0.198691
11094	-0.198956
11095	-0.19922
11096	-0.199485
11097	-0.199749
11098	-0.200013
11099	-0.200277
11100	-0.20054
11101	-0.200804
11102	-0.201067
11103	-0.201331
11104	-0.201594
11105	-0.201856
11106	-0.202119
11107	-0.202382
11108	-0.202644
11109	-0.202906
11110	-0.203169
11111	-0.20343
11112	-0.203692
11113	-0.203954
11114	-0.204215
11115	-0.204477
11116	-0.204738
11117	-0.204999
11118	-0.20526
11119	-0.20552
11120	-0.205781
11121	-0.206041
11122	-0.206301
11123	-0.206561
11124	-0.206821
11125	-0.207081
11126	-0.20734
11127	-0.2076
11128	-0.207859
11129	-0.208118
11130	-0.208377
11131	-0.208636
11132	-0.208894
11133	-0.209153
11134	-0.209411
11135	-0.209669
11136	-0.209927
11137	-0.210185
11138	-0.210442
11139	-0.2107
11140	-0.210957
11141	-0.211214
11142	-0.211471
11143	-0.211728
11144	-0.211984
11145	-0.21224
11146	-0.212497
11147	-0.212753
11148	-0.213008
11149	-0.213264
11150	-0.21352
11151	-0.213775
11152	-0.21403
11153	-0.214285
11154	-0.21454
11155	-0.214794
11156	-0.215048
11157	-0.215303
11158	-0.215557
11159	-0.21581
11160	-0.216064
11161	-0.216317
11162	-0.216571
11163	-0.216824
11164	-0.217076
11165	-0.217329
11166	-0.217582
11167	-0.217834
11168	-0.218086
11169	-0.218338
11170	-0.218589
11171	-0.218841
11172	-0.219092
11173	-0.219343
11174	-0.219594
11175	-0.219844
11176	-0.220095
11177	-0.220345
11178	-0.220595
11179	-0.220844
11180	-0.221094
11181	-0.221343
11182	-0.221592
11183	-0.221841
11184	-0.22209
11185	-0.222338
11186	-0.222586
11187	-0.222834
11188	-0.223082
11189	-0.22333
11190	-0.223577
11191	-0.223824
11192	-0.224071
11193	-0.224318
11194	-0.224564
11195	-0.22481
11196	-0.225056
11197	-0.225302
11198	-0.225547
11199	-0.225793
11200	-0.226038
11201	-0.226282
11202	-0.226527
11203	-0.226771
11204	-0.227015
11205	-0.227259
11206	-0.227503
11207	-0.227746
11208	-0.22799
11209	-0.228232
11210	-0.228475
11211	-0.228718
11212	-0.22896
11213	-0.229202
11214	-0.229443
11215	-0.229685
11216	-0.229926
11217	-0.230167
11218	-0.230408
11219	-0.230649
11220	-0.230889
11221	-0.231129
11222	-0.231369
11223	-0.231608
11224	-0.231848
11225	-0.232087
11226	-0.232325
11227	-0.232564
11228	-0.232802
11229	-0.233041
11230	-0.233278
11231	-0.233516
11232	-0.233753
11233	-0.233991
11234	-0.234227
11235	-0.234464
11236	-0.234701
11237	-0.234937
11238	-0.235173
11239	-0.235408
11240	-0.235644
11241	-0.235879
11242	-0.236114
11243	-0.236349
11244	-0.236583
11245	-0.236817
11246	-0.237051
11247	-0.237285
11248	-0.237518
11249	-0.237752
11250	-0.237985
11251	-0.238217
11252	-0.23845
11253	-0.238682
11254	-0.238914
11255	-0.239146
11256	-0.239377
11257	-0.239609
11258	-0.23984
11259	-0.24007
11260	-0.240301
11261	-0.240531
11262	-0.240761
11263	-0.240991
11264	-0.24122
11265	-0.24145
11266	-0.241679
11267	-0.241908
11268	-0.242136
11269	-0.242364
11270	-0.242593
11271	-0.24282
11272	-0.243048
11273	-0.243275
11274	-0.243502
11275	-0.243729
11276	-0.243956
11277	-0.244182
11278	-0.244408
11279	-0.244634
11280	-0.24486
11281	-0.245085
11282	-0.24531
11283	-0.245535
11284	-0.24576
11285	-0.245984
11286	-0.246208
11287	-0.246432
11288	-0.246656
11289	-0.246879
11290	-0.247102
11291	-0.247325
11292	-0.247548
11293	-0.24777
11294	-0.247992
11295	-0.248214
11296	-0.248436
11297	-0.248657
11298	-0.248879
11299	-0.249099
11300	-0.24932
11301	-0.249541
11302	-0.249761
11303	-0.249981
11304	-0.2502
11305	-0.25042
11306	-0.250639
11307	-0.250858
11308	-0.251077
11309	-0.251295
11310	-0.251513
11311	-0.251731
11312	-0.251949
11313	-0.252166
11314	-0.252384
11315	-0.252601
11316	-0.252817
11317	-0.253034
11318	-0.25325
11319	-0.253466
11320	-0.253682
11321	-0.253897
11322	-0.254112
11323	-0.254327
11324	-0.254542
11325	-0.254757
11326	-0.254971
11327	-0.255185
11328	-0.255399
11329	-0.255612
11330	-0.255825
11331	-0.256038
11332	-0.256251
11333	-0.256463
11334	-0.256676
11335	-0.256888
11336	-0.257099
11337	-0.257311
11338	-0.257522
11339	-0.257733
11340	-0.257944
11341	-0.258154
11342	-0.258365
11343	-0.258575
11344	-0.258784
11345	-0.258994
11346	-0.259203
11347	-0.259412
11348	-0.259621
11349	-0.259829
11350	-0.260038
11351	-0.260246
11352	-0.260453
11353	-0.260661
11354	-0.260868
11355	-0.261075
11356	-0.261282
11357	-0.261488
11358	-0.261695
11359	-0.261901
11360	-0.262106
11361	-0.262312
11362	-0.262517
11363	-0.262722
11364	-0.262927
11365	-0.263131
11366	-0.263336
11367	-0.26354
11368	-0.263743
11369	-0.263947
11370	-0.26415
11371	-0.264353
11372	-0.264556
11373	-0.264758
11374	-0.264961
11375	-0.265163
11376	-0.265364
11377	-0.265566
11378	-0.265767
11379	-0.265968
11380	-0.266169
11381	-0.266369
11382	-0.26657
11383	-0.26677
11384	-0.266969
11385	-0.267169
11386	-0.267368
11387	-0.267567
11388	-0.267766
11389	-0.267964
11390	-0.268162
11391	-0.26836
11392	-0.268558
11393	-0.268756
11394	-0.268953
11395	-0.26915
11396	-0.269347
11397	-0.269543
11398	-0.269739
11399	-0.269935
11400	-0.270131
11401	-0.270327
11402	-0.270522
11403	-0.270717
11404	-0.270912
11405	-0.271106
11406	-0.271301
11407	-0.271495
11408	-0.271688
11409	-0.271882
11410	-0.272075
11411	-0.272268
11412	-0.272461
11413	-0.272653
11414	-0.272846
11415	-0.273038
11416	-0.273229
11417	-0.273421
11418	-0.273612
11419	-0.273803
11420	-0.273994
11421	-0.274184
11422	-0.274374
11423	-0.274564
11424	-0.274754
11425	-0.274944
11426	-0.275133
11427	-0.275322
11428	-0.275511
11429	-0.275699
11430	-0.275887
11431	-0.276075
11432	-0.276263
11433	-0.27645
11434	-0.276638
11435	-0.276825
11436	-0.277011
11437	-0.277198
11438	-0.277384
11439	-0.27757
11440	-0.277755
11441	-0.277941
11442	-0.278126
11443	-0.278311
11444	-0.278495
11445	-0.27868
11446	-0.278864
11447	-0.279048
11448	-0.279231
11449	-0.279415
11450	-0.279598
11451	-0.27978
11452	-0.279963
11453	-0.280145
11454	-0.280327
11455	-0.280509
11456	-0.28069
11457	-0.280872
11458	-0.281052
11459	-0.281233
11460	-0.281414
11461	-0.281594
11462	-0.281774
11463	-0.281953
11464	-0.282132
11465	-0.282312
11466	-0.28249
11467	-0.282669
11468	-0.282847
11469	-0.283025
11470	-0.283203
11471	-0.28338
11472	-0.283557
11473	-0.283734
11474	-0.283911
11475	-0.284087
11476	-0.284263
11477	-0.284439
11478	-0.284615
11479	-0.28479
11480	-0.284965
11481	-0.285139
11482	-0.285314
11483	-0.285488
11484	-0.285662
11485	-0.285835
11486	-0.286009
11487	-0.286182
11488	-0.286355
11489	-0.286527
11490	-0.286699
11491	-0.286871
11492	-0.287043
11493	-0.287214
11494	-0.287385
11495	-0.287556
11496	-0.287726
11497	-0.287897
11498	-0.288067
11499	-0.288236
11500	-0.288406
11501	-0.288575
11502	-0.288744
11503	-0.288912
11504	-0.28908
11505	-0.289248
11506	-0.289416
11507	-0.289583
11508	-0.289751
11509	-0.289917
11510	-0.290084
11511	-0.29025
11512	-0.290416
11513	-0.290582
11514	-0.290747
11515	-0.290912
11516	-0.291077
11517	-0.291242
11518	-0.291406
11519	-0.29157
11520	-0.291734
11521	-0.291897
11522	-0.29206
11523	-0.292223
11524	-0.292385
11525	-0.292548
11526	-0.29271
11527	-0.292871
11528	-0.293033
11529	-0.293194
11530	-0.293355
11531	-0.293515
11532	-0.293675
11533	-0.293835
11534	-0.293995
11535	-0.294154
11536	-0.294314
11537	-0.294472
11538	-0.294631
11539	-0.294789
11540	-0.294947
11541	-0.295105
11542	-0.295262
11543	-0.295419
11544	-0.295576
11545	-0.295732
11546	-0.295889
11547	-0.296044
11548	-0.2962
11549	-0.296355
11550	-0.29651
11551	-0.296665
11552	-0.29682
11553	-0.296974
11554	-0.297128
11555	-0.297281
11556	-0.297435
11557	-0.297588
11558	-0.29774
11559	-0.297893
11560	-0.298045
11561	-0.298197
11562	-0.298348
11563	-0.2985
11564	-0.298651
11565	-0.298801
11566	-0.298952
11567	-0.299102
11568	-0.299252
11569	-0.299401
11570	-0.299551
11571	-0.2997
11572	-0.299848
11573	-0.299997
11574	-0.300145
11575	-0.300293
11576	-0.30044
11577	-0.300587
11578	-0.300734
11579	-0.300881
11580	-0.301027
11581	-0.301174
11582	-0.301319
11583	-0.301465
11584	-0.30161
11585	-0.301755
11586	-0.3019
11587	-0.302044
11588	-0.302188
11589	-0.302332
11590	-0.302475
11591	-0.302619
11592	-0.302761
11593	-0.302904
11594	-0.303046
11595	-0.303188
11596	-0.30333
11597	-0.303472
11598	-0.303613
11599	-0.303754
11600	-0.303894
11601	-0.304035
11602	-0.304175
11603	-0.304314
11604	-0.304454
11605	-0.304593
11606	-0.304732
11607	-0.30487
11608	-0.305008
11609	-0.305146
11610	-0.305284
11611	-0.305422
11612	-0.305559
11613	-0.305695
11614	-0.305832
11615	-0.305968
11616	-0.306104
11617	-0.30624
11618	-0.306375
11619	-0.30651
11620	-0.306645
11621	-0.306779
11622	-0.306914
11623	-0.307048
11624	-0.307181
11625	-0.307314
11626	-0.307447
11627	-0.30758
11628	-0.307713
11629	-0.307845
11630	-0.307977
11631	-0.308108
11632	-0.308239
11633	-0.30837
11634	-0.308501
11635	-0.308631
11636	-0.308762
11637	-0.308891
11638	-0.309021
11639	-0.30915
11640	-0.309279
11641	-0.309408
11642	-0.309536
11643	-0.309664
11644	-0.309792
11645	-0.309919
11646	-0.310046
11647	-0.310173
11648	-0.3103
11649	-0.310426
11650	-0.310552
11651	-0.310678
11652	-0.310803
11653	-0.310928
11654	-0.311053
11655	-0.311177
11656	-0.311301
11657	-0.311425
11658	-0.311549
11659	-0.311672
11660	-0.311795
11661	-0.311918
11662	-0.31204
11663	-0.312162
11664	-0.312284
11665	-0.312406
11666	-0.312527
11667	-0.312648
11668	-0.312768
11669	-0.312888
11670	-0.313008
11671	-0.313128
11672	-0.313248
11673	-0.313367
11674	-0.313485
11675	-0.313604
11676	-0.313722
11677	-0.31384
11678	-0.313958
11679	-0.314075
11680	-0.314192
11681	-0.314309
11682	-0.314425
11683	-0.314541
11684	-0.314657
11685	-0.314772
11686	-0.314887
11687	-0.315002
11688	-0.315117
11689	-0.315231
11690	-0.315345
11691	-0.315459
11692	-0.315572
11693	-0.315685
11694	-0.315798
11695	-0.31591
11696	-0.316022
11697	-0.316134
11698	-0.316246
11699	-0.316357
11700	-0.316468
11701	-0.316579
11702	-0.316689
11703	-0.316799
11704	-0.316908
11705	-0.317018
11706	-0.317127
11707	-0.317236
11708	-0.317344
11709	-0.317452
11710	-0.31756
11711	-0.317668
11712	-0.317775
11713	-0.317882
11714	-0.317989
11715	-0.318095
11716	-0.318201
11717	-0.318307
11718	-0.318412
11719	-0.318517
11720	-0.318622
11721	-0.318726
11722	-0.31883
11723	-0.318934
11724	-0.319038
11725	-0.319141
11726	-0.319244
11727	-0.319347
11728	-0.319449
11729	-0.319551
11730	-0.319653
11731	-0.319754
11732	-0.319855
11733	-0.319956
11734	-0.320056
11735	-0.320156
11736	-0.320256
11737	-0.320356
11738	-0.320455
11739	-0.320554
11740	-0.320653
11741	-0.320751
11742	-0.320849
11743	-0.320946
11744	-0.321044
11745	-0.321141
11746	-0.321238
11747	-0.321334
11748	-0.32143
11749	-0.321526
11750	-0.321621
11751	-0.321717
11752	-0.321811
11753	-0.321906
11754	-0.322
11755	-0.322094
11756	-0.322188
11757	-0.322281
11758	-0.322374
11759	-0.322467
11760	-0.322559
11761	-0.322651
11762	-0.322743
11763	-0.322834
11764	-0.322925
11765	-0.323016
11766	-0.323107
11767	-0.323197
11768	-0.323287
11769	-0.323376
11770	-0.323466
11771	-0.323554
11772	-0.323643
11773	-0.323731
11774	-0.323819
11775	-0.323907
11776	-0.323994
11777	-0.324081
11778	-0.324168
11779	-0.324254
11780	-0.324341
11781	-0.324426
11782	-0.324512
11783	-0.324597
11784	-0.324682
11785	-0.324766
11786	-0.324851
11787	-0.324934
11788	-0.325018
11789	-0.325101
11790	-0.325184
11791	-0.325267
11792	-0.325349
11793	-0.325431
11794	-0.325513
11795	-0.325594
11796	-0.325675
11797	-0.325756
11798	-0.325836
11799	-0.325917
11800	-0.325996
11801	-0.326076
11802	-0.326155
11803	-0.326234
11804	-0.326312
11805	-0.326391
11806	-0.326468
11807	-0.326546
11808	-0.326623
11809	-0.3267
11810	-0.326777
11811	-0.326853
11812	-0.326929
11813	-0.327005
11814	-0.32708
11815	-0.327155
11816	-0.32723
11817	-0.327304
11818	-0.327378
11819	-0.327452
11820	-0.327526
11821	-0.327599
11822	-0.327672
11823	-0.327744
11824	-0.327816
11825	-0.327888
11826	-0.32796
11827	-0.328031
11828	-0.328102
11829	-0.328173
11830	-0.328243
11831	-0.328313
11832	-0.328382
11833	-0.328452
11834	-0.328521
11835	-0.328589
11836	-0.328658
11837	-0.328726
11838	-0.328794
11839	-0.328861
11840	-0.328928
11841	-0.328995
11842	-0.329061
11843	-0.329128
11844	-0.329193
11845	-0.329259
11846	-0.329324
11847	-0.329389
11848	-0.329454
11849	-0.329518
11850	-0.329582
11851	-0.329645
11852	-0.329709
11853	-0.329771
11854	-0.329834
11855	-0.329896
11856	-0.329958
11857	-0.33002
11858	-0.330081
11859	-0.330142
11860	-0.330203
11861	-0.330264
11862	-0.330324
11863	-0.330383
11864	-0.330443
11865	-0.330502
11866	-0.330561
11867	-0.330619
11868	-0.330677
11869	-0.330735
11870	-0.330793
11871	-0.33085
11872	-0.330907
11873	-0.330963
11874	-0.33102
11875	-0.331076
11876	-0.331131
11877	-0.331186
11878	-0.331241
11879	-0.331296
11880	-0.33135
11881	-0.331404
11882	-0.331458
11883	-0.331511
11884	-0.331564
11885	-0.331617
11886	-0.331669
11887	-0.331721
11888	-0.331773
11889	-0.331825
11890	-0.331876
11891	-0.331926
11892	-0.331977
11893	-0.332027
11894	-0.332077
11895	-0.332126
11896	-0.332176
11897	-0.332224
11898	-0.332273
11899	-0.332321
11900	-0.332369
11901	-0.332417
11902	-0.332464
11903	-0.332511
11904	-0.332557
11905	-0.332604
11906	-0.33265
11907	-0.332695
11908	-0.33274
11909	-0.332785
11910	-0.33283
11911	-0.332874
11912	-0.332919
11913	-0.332962
11914	-0.333006
11915	-0.333049
11916	-0.333091
11917	-0.333134
11918	-0.333176
11919	-0.333218
11920	-0.333259
11921	-0.3333
11922	-0.333341
11923	-0.333382
11924	-0.333422
11925	-0.333461
11926	-0.333501
11927	-0.33354
11928	-0.333579
11929	-0.333618
11930	-0.333656
11931	-0.333694
11932	-0.333731
11933	-0.333769
11934	-0.333805
11935	-0.333842
11936	-0.333878
11937	-0.333914
11938	-0.33395
11939	-0.333985
11940	-0.33402
11941	-0.334055
11942	-0.334089
11943	-0.334123
11944	-0.334157
11945	-0.33419
11946	-0.334224
11947	-0.334256
11948	-0.334289
11949	-0.334321
11950	-0.334353
11951	-0.334384
11952	-0.334415
11953	-0.334446
11954	-0.334476
11955	-0.334507
11956	-0.334536
11957	-0.334566
11958	-0.334595
11959	-0.334624
11960	-0.334652
11961	-0.334681
11962	-0.334709
11963	-0.334736
11964	-0.334763
11965	-0.33479
11966	-0.334817
11967	-0.334843
11968	-0.334869
11969	-0.334895
11970	-0.33492
11971	-0.334945
11972	-0.33497
11973	-0.334994
11974	-0.335018
11975	-0.335042
11976	-0.335065
11977	-0.335088
11978	-0.335111
11979	-0.335133
11980	-0.335155
11981	-0.335177
11982	-0.335199
11983	-0.33522
11984	-0.33524
11985	-0.335261
11986	-0.335281
11987	-0.335301
11988	-0.33532
11989	-0.335339
11990	-0.335358
11991	-0.335377
11992	-0.335395
11993	-0.335413
11994	-0.33543
11995	-0.335448
11996	-0.335465
11997	-0.335481
11998	-0.335497
11999	-0.335513
12000	-0.335529
12001	-0.335544
12002	-0.335559
12003	-0.335574
12004	-0.335588
12005	-0.335602
12006	-0.335616
12007	-0.335629
12008	-0.335642
12009	-0.335655
12010	-0.335667
12011	-0.335679
12012	-0.335691
12013	-0.335702
12014	-0.335713
12015	-0.335724
12016	-0.335735
12017	-0.335745
12018	-0.335754
12019	-0.335764
12020	-0.335773
12021	-0.335782
12022	-0.33579
12023	-0.335798
12024	-0.335806
12025	-0.335814
12026	-0.335821
12027	-0.335828
12028	-0.335834
12029	-0.335841
12030	-0.335847
12031	-0.335852
12032	-0.335857
12033	-0.335862
12034	-0.335867
12035	-0.335871
12036	-0.335875
12037	-0.335879
12038	-0.335882
12039	-0.335885
12040	-0.335888
12041	-0.33589
12042	-0.335892
12043	-0.335894
12044	-0.335895
12045	-0.335897
12046	-0.335897
12047	-0.335898
12048	-0.335898
12049	-0.335898
12050	-0.335897
12051	-0.335896
12052	-0.335895
12053	-0.335894
12054	-0.335892
12055	-0.33589
12056	-0.335887
12057	-0.335884
12058	-0.335881
12059	-0.335878
12060	-0.335874
12061	-0.33587
12062	-0.335866
12063	-0.335861
12064	-0.335856
12065	-0.33585
12066	-0.335845
12067	-0.335839
12068	-0.335832
12069	-0.335826
12070	-0.335819
12071	-0.335811
12072	-0.335804
12073	-0.335796
12074	-0.335788
12075	-0.335779
12076	-0.33577
12077	-0.335761
12078	-0.335751
12079	-0.335742
12080	-0.335731
12081	-0.335721
12082	-0.33571
12083	-0.335699
12084	-0.335687
12085	-0.335676
12086	-0.335663
12087	-0.335651
12088	-0.335638
12089	-0.335625
12090	-0.335612
12091	-0.335598
12092	-0.335584
12093	-0.33557
12094	-0.335555
12095	-0.33554
12096	-0.335525
12097	-0.335509
12098	-0.335493
12099	-0.335477
12100	-0.33546
12101	-0.335443
12102	-0.335426
12103	-0.335408
12104	-0.33539
12105	-0.335372
12106	-0.335354
12107	-0.335335
12108	-0.335316
12109	-0.335296
12110	-0.335276
12111	-0.335256
12112	-0.335236
12113	-0.335215
12114	-0.335194
12115	-0.335172
12116	-0.335151
12117	-0.335128
12118	-0.335106
12119	-0.335083
12120	-0.33506
12121	-0.335037
12122	-0.335013
12123	-0.334989
12124	-0.334965
12125	-0.33494
12126	-0.334915
12127	-0.33489
12128	-0.334864
12129	-0.334839
12130	-0.334812
12131	-0.334786
12132	-0.334759
12133	-0.334732
12134	-0.334704
12135	-0.334676
12136	-0.334648
12137	-0.33462
12138	-0.334591
12139	-0.334562
12140	-0.334532
12141	-0.334502
12142	-0.334472
12143	-0.334442
12144	-0.334411
12145	-0.33438
12146	-0.334349
12147	-0.334317
12148	-0.334285
12149	-0.334253
12150	-0.33422
12151	-0.334187
12152	-0.334154
12153	-0.33412
12154	-0.334086
12155	-0.334052
12156	-0.334017
12157	-0.333983
12158	-0.333947
12159	-0.333912
12160	-0.333876
12161	-0.33384
12162	-0.333803
12163	-0.333766
12164	-0.333729
12165	-0.333692
12166	-0.333654
12167	-0.333616
12168	-0.333578
12169	-0.333539
12170	-0.3335
12171	-0.333461
12172	-0.333421
12173	-0.333381
12174	-0.333341
12175	-0.3333
12176	-0.333259
12177	-0.333218
12178	-0.333176
12179	-0.333134
12180	-0.333092
12181	-0.33305
12182	-0.333007
12183	-0.332964
12184	-0.33292
12185	-0.332876
12186	-0.332832
12187	-0.332788
12188	-0.332743
12189	-0.332698
12190	-0.332652
12191	-0.332607
12192	-0.332561
12193	-0.332514
12194	-0.332468
12195	-0.332421
12196	-0.332373
12197	-0.332326
12198	-0.332278
12199	-0.33223
12200	-0.332181
12201	-0.332132
12202	-0.332083
12203	-0.332034
12204	-0.331984
12205	-0.331934
12206	-0.331883
12207	-0.331832
12208	-0.331781
12209	-0.33173
12210	-0.331678
12211	-0.331626
12212	-0.331574
12213	-0.331521
12214	-0.331468
12215	-0.331415
12216	-0.331361
12217	-0.331307
12218	-0.331253
12219	-0.331198
12220	-0.331144
12221	-0.331088
12222	-0.331033
12223	-0.330977
12224	-0.330921
12225	-0.330864
12226	-0.330808
12227	-0.330751
12228	-0.330693
12229	-0.330636
12230	-0.330577
12231	-0.330519
12232	-0.330461
12233	-0.330402
12234	-0.330342
12235	-0.330283
12236	-0.330223
12237	-0.330163
12238	-0.330102
12239	-0.330041
12240	-0.32998
12241	-0.329918
12242	-0.329857
12243	-0.329795
12244	-0.329732
12245	-0.329669
12246	-0.329606
12247	-0.329543
12248	-0.329479
12249	-0.329415
12250	-0.329351
12251	-0.329286
12252	-0.329221
12253	-0.329156
12254	-0.329091
12255	-0.329025
12256	-0.328958
12257	-0.328892
12258	-0.328825
12259	-0.328758
12260	-0.328691
12261	-0.328623
12262	-0.328555
12263	-0.328486
12264	-0.328418
12265	-0.328349
12266	-0.328279
12267	-0.32821
12268	-0.32814
12269	-0.328069
12270	-0.327999
12271	-0.327928
12272	-0.327857
12273	-0.327785
12274	-0.327713
12275	-0.327641
12276	-0.327569
12277	-0.327496
12278	-0.327423
12279	-0.327349
12280	-0.327276
12281	-0.327202
12282	-0.327127
12283	-0.327053
12284	-0.326978
12285	-0.326902
12286	-0.326827
12287	-0.326751
12288	-0.326675
12289	-0.326598
12290	-0.326521
12291	-0.326444
12292	-0.326367
12293	-0.326289
12294	-0.326211
12295	-0.326132
12296	-0.326054
12297	-0.325975
12298	-0.325895
12299	-0.325816
12300	-0.325736
12301	-0.325655
12302	-0.325575
12303	-0.325494
12304	-0.325413
12305	-0.325331
12306	-0.325249
12307	-0.325167
12308	-0.325085
12309	-0.325002
12310	-0.324919
12311	-0.324835
12312	-0.324752
12313	-0.324668
12314	-0.324583
12315	-0.324499
12316	-0.324414
12317	-0.324329
12318	-0.324243
12319	-0.324157
12320	-0.324071
12321	-0.323984
12322	-0.323898
12323	-0.323811
12324	-0.323723
12325	-0.323635
12326	-0.323547
12327	-0.323459
12328	-0.32337
12329	-0.323281
12330	-0.323192
12331	-0.323103
12332	-0.323013
12333	-0.322922
12334	-0.322832
12335	-0.322741
12336	-0.32265
12337	-0.322559
12338	-0.322467
12339	-0.322375
12340	-0.322282
12341	-0.32219
12342	-0.322097
12343	-0.322004
12344	-0.32191
12345	-0.321816
12346	-0.321722
12347	-0.321627
12348	-0.321533
12349	-0.321437
12350	-0.321342
12351	-0.321246
12352	-0.32115
12353	-0.321054
12354	-0.320957
12355	-0.32086
12356	-0.320763
12357	-0.320666
12358	-0.320568
12359	-0.320469
12360	-0.320371
12361	-0.320272
12362	-0.320173
12363	-0.320074
12364	-0.319974
12365	-0.319874
12366	-0.319774
12367	-0.319673
12368	-0.319572
12369	-0.319471
12370	-0.31937
12371	-0.319268
12372	-0.319166
12373	-0.319063
12374	-0.31896
12375	-0.318857
12376	-0.318754
12377	-0.31865
12378	-0.318546
12379	-0.318442
12380	-0.318338
12381	-0.318233
12382	-0.318128
12383	-0.318022
12384	-0.317916
12385	-0.31781
12386	-0.317704
12387	-0.317597
12388	-0.31749
12389	-0.317383
12390	-0.317276
12391	-0.317168
12392	-0.31706
12393	-0.316951
12394	-0.316842
12395	-0.316733
12396	-0.316624
12397	-0.316514
12398	-0.316404
12399	-0.316294
12400	-0.316184
12401	-0.316073
12402	-0.315962
12403	-0.31585
12404	-0.315738
12405	-0.315626
12406	-0.315514
12407	-0.315401
12408	-0.315288
12409	-0.315175
12410	-0.315062
12411	-0.314948
12412	-0.314834
12413	-0.314719
12414	-0.314604
12415	-0.314489
12416	-0.314374
12417	-0.314258
12418	-0.314142
12419	-0.314026
12420	-0.31391
12421	-0.313793
12422	-0.313676
12423	-0.313558
12424	-0.313441
12425	-0.313323
12426	-0.313204
12427	-0.313086
12428	-0.312967
12429	-0.312848
12430	-0.312728
12431	-0.312609
12432	-0.312488
12433	-0.312368
12434	-0.312247
12435	-0.312127
12436	-0.312005
12437	-0.311884
12438	-0.311762
12439	-0.31164
12440	-0.311517
12441	-0.311395
12442	-0.311272
12443	-0.311148
12444	-0.311025
12445	-0.310901
12446	-0.310777
12447	-0.310652
12448	-0.310527
12449	-0.310402
12450	-0.310277
12451	-0.310151
12452	-0.310025
12453	-0.309899
12454	-0.309773
12455	-0.309646
12456	-0.309519
12457	-0.309391
12458	-0.309264
12459	-0.309136
12460	-0.309007
12461	-0.308879
12462	-0.30875
12463	-0.308621
12464	-0.308491
12465	-0.308362
12466	-0.308232
12467	-0.308101
12468	-0.307971
12469	-0.30784
12470	-0.307709
12471	-0.307577
12472	-0.307445
12473	-0.307313
12474	-0.307181
12475	-0.307048
12476	-0.306915
12477	-0.306782
12478	-0.306649
12479	-0.306515
12480	-0.306381
12481	-0.306246
12482	-0.306112
12483	-0.305977
12484	-0.305841
12485	-0.305706
12486	-0.30557
12487	-0.305434
12488	-0.305298
12489	-0.305161
12490	-0.305024
12491	-0.304887
12492	-0.304749
12493	-0.304611
12494	-0.304473
12495	-0.304335
12496	-0.304196
12497	-0.304057
12498	-0.303918
12499	-0.303778
12500	-0.303638
12501	-0.303498
12502	-0.303358
12503	-0.303217
12504	-0.303076
12505	-0.302935
12506	-0.302793
12507	-0.302651
12508	-0.302509
12509	-0.302367
12510	-0.302224
12511	-0.302081
12512	-0.301938
12513	-0.301794
12514	-0.30165
12515	-0.301506
12516	-0.301361
12517	-0.301217
12518	-0.301072
12519	-0.300926
12520	-0.300781
12521	-0.300635
12522	-0.300489
12523	-0.300342
12524	-0.300196
12525	-0.300049
12526	-0.299901
12527	-0.299754
12528	-0.299606
12529	-0.299458
12530	-0.29931
12531	-0.299161
12532	-0.299012
12533	-0.298863
12534	-0.298713
12535	-0.298563
12536	-0.298413
12537	-0.298263
12538	-0.298112
12539	-0.297961
12540	-0.29781
12541	-0.297658
12542	-0.297507
12543	-0.297354
12544	-0.297202
12545	-0.297049
12546	-0.296897
12547	-0.296743
12548	-0.29659
12549	-0.296436
12550	-0.296282
12551	-0.296128
12552	-0.295973
12553	-0.295818
12554	-0.295663
12555	-0.295508
12556	-0.295352
12557	-0.295196
12558	-0.29504
12559	-0.294883
12560	-0.294726
12561	-0.294569
12562	-0.294412
12563	-0.294254
12564	-0.294096
12565	-0.293938
12566	-0.29378
12567	-0.293621
12568	-0.293462
12569	-0.293303
12570	-0.293143
12571	-0.292983
12572	-0.292823
12573	-0.292662
12574	-0.292502
12575	-0.292341
12576	-0.29218
12577	-0.292018
12578	-0.291856
12579	-0.291694
12580	-0.291532
12581	-0.291369
12582	-0.291206
12583	-0.291043
12584	-0.29088
12585	-0.290716
12586	-0.290552
12587	-0.290388
12588	-0.290223
12589	-0.290058
12590	-0.289893
12591	-0.289728
12592	-0.289562
12593	-0.289396
12594	-0.28923
12595	-0.289064
12596	-0.288897
12597	-0.28873
12598	-0.288563
12599	-0.288395
12600	-0.288227
12601	-0.288059
12602	-0.287891
12603	-0.287722
12604	-0.287553
12605	-0.287384
12606	-0.287214
12607	-0.287045
12608	-0.286875
12609	-0.286704
12610	-0.286534
12611	-0.286363
12612	-0.286192
12613	-0.286021
12614	-0.285849
12615	-0.285677
12616	-0.285505
12617	-0.285332
12618	-0.28516
12619	-0.284987
12620	-0.284813
12621	-0.28464
12622	-0.284466
12623	-0.284292
12624	-0.284118
12625	-0.283943
12626	-0.283768
12627	-0.283593
12628	-0.283418
12629	-0.283242
12630	-0.283066
12631	-0.28289
12632	-0.282713
12633	-0.282536
12634	-0.282359
12635	-0.282182
12636	-0.282004
12637	-0.281827
12638	-0.281649
12639	-0.28147
12640	-0.281291
12641	-0.281113
12642	-0.280933
12643	-0.280754
12644	-0.280574
12645	-0.280394
12646	-0.280214
12647	-0.280033
12648	-0.279853
12649	-0.279672
12650	-0.27949
12651	-0.279309
12652	-0.279127
12653	-0.278945
12654	-0.278762
12655	-0.27858
12656	-0.278397
12657	-0.278213
12658	-0.27803
12659	-0.277846
12660	-0.277662
12661	-0.277478
12662	-0.277293
12663	-0.277109
12664	-0.276924
12665	-0.276738
12666	-0.276553
12667	-0.276367
12668	-0.276181
12669	-0.275994
12670	-0.275808
12671	-0.275621
12672	-0.275434
12673	-0.275246
12674	-0.275059
12675	-0.274871
12676	-0.274683
12677	-0.274494
12678	-0.274305
12679	-0.274116
12680	-0.273927
12681	-0.273738
12682	-0.273548
12683	-0.273358
12684	-0.273168
12685	-0.272977
12686	-0.272786
12687	-0.272595
12688	-0.272404
12689	-0.272212
12690	-0.272021
12691	-0.271828
12692	-0.271636
12693	-0.271443
12694	-0.271251
12695	-0.271058
12696	-0.270864
12697	-0.270671
12698	-0.270477
12699	-0.270282
12700	-0.270088
12701	-0.269893
12702	-0.269699
12703	-0.269503
12704	-0.269308
12705	-0.269112
12706	-0.268916
12707	-0.26872
12708	-0.268524
12709	-0.268327
12710	-0.26813
12711	-0.267933
12712	-0.267736
12713	-0.267538
12714	-0.26734
12715	-0.267142
12716	-0.266943
12717	-0.266745
12718	-0.266546
12719	-0.266347
12720	-0.266147
12721	-0.265947
12722	-0.265747
12723	-0.265547
12724	-0.265347
12725	-0.265146
12726	-0.264945
12727	-0.264744
12728	-0.264543
12729	-0.264341
12730	-0.264139
12731	-0.263937
12732	-0.263734
12733	-0.263532
12734	-0.263329
12735	-0.263126
12736	-0.262922
12737	-0.262719
12738	-0.262515
12739	-0.262311
12740	-0.262106
12741	-0.261902
12742	-0.261697
12743	-0.261492
12744	-0.261286
12745	-0.261081
12746	-0.260875
12747	-0.260669
12748	-0.260463
12749	-0.260256
12750	-0.260049
12751	-0.259842
12752	-0.259635
12753	-0.259427
12754	-0.25922
12755	-0.259012
12756	-0.258803
12757	-0.258595
12758	-0.258386
12759	-0.258177
12760	-0.257968
12761	-0.257758
12762	-0.257549
12763	-0.257339
12764	-0.257129
12765	-0.256918
12766	-0.256708
12767	-0.256497
12768	-0.256286
12769	-0.256074
12770	-0.255863
12771	-0.255651
12772	-0.255439
12773	-0.255226
12774	-0.255014
12775	-0.254801
12776	-0.254588
12777	-0.254375
12778	-0.254161
12779	-0.253948
12780	-0.253734
12781	-0.253519
12782	-0.253305
12783	-0.25309
12784	-0.252875
12785	-0.25266
12786	-0.252445
12787	-0.252229
12788	-0.252013
12789	-0.251797
12790	-0.251581
12791	-0.251365
12792	-0.251148
12793	-0.250931
12794	-0.250714
12795	-0.250496
12796	-0.250278
12797	-0.25006
12798	-0.249842
12799	-0.249624
12800	-0.249405
12801	-0.249186
12802	-0.248967
12803	-0.248748
12804	-0.248528
12805	-0.248309
12806	-0.248089
12807	-0.247868
12808	-0.247648
12809	-0.247427
12810	-0.247206
12811	-0.246985
12812	-0.246764
12813	-0.246542
12814	-0.24632
12815	-0.246098
12816	-0.245876
12817	-0.245653
12818	-0.24543
12819	-0.245207
12820	-0.244984
12821	-0.244761
12822	-0.244537
12823	-0.244313
12824	-0.244089
12825	-0.243864
12826	-0.24364
12827	-0.243415
12828	-0.24319
12829	-0.242965
12830	-0.242739
12831	-0.242513
12832	-0.242287
12833	-0.242061
12834	-0.241835
12835	-0.241608
12836	-0.241381
12837	-0.241154
12838	-0.240927
12839	-0.240699
12840	-0.240471
12841	-0.240243
12842	-0.240015
12843	-0.239787
12844	-0.239558
12845	-0.239329
12846	-0.2391
12847	-0.238871
12848	-0.238641
12849	-0.238411
12850	-0.238181
12851	-0.237951
12852	-0.23772
12853	-0.23749
12854	-0.237259
12855	-0.237028
12856	-0.236796
12857	-0.236565
12858	-0.236333
12859	-0.236101
12860	-0.235869
12861	-0.235636
12862	-0.235403
12863	-0.23517
12864	-0.234937
12865	-0.234704
12866	-0.23447
12867	-0.234237
12868	-0.234003
12869	-0.233768
12870	-0.233534
12871	-0.233299
12872	-0.233064
12873	-0.232829
12874	-0.232594
12875	-0.232358
12876	-0.232122
12877	-0.231887
12878	-0.23165
12879	-0.231414
12880	-0.231177
12881	-0.23094
12882	-0.230703
12883	-0.230466
12884	-0.230229
12885	-0.229991
12886	-0.229753
12887	-0.229515
12888	-0.229276
12889	-0.229038
12890	-0.228799
12891	-0.22856
12892	-0.228321
12893	-0.228081
12894	-0.227842
12895	-0.227602
12896	-0.227362
12897	-0.227121
12898	-0.226881
12899	-0.22664
12900	-0.226399
12901	-0.226158
12902	-0.225917
12903	-0.225675
12904	-0.225433
12905	-0.225191
12906	-0.224949
12907	-0.224707
12908	-0.224464
12909	-0.224221
12910	-0.223978
12911	-0.223735
12912	-0.223492
12913	-0.223248
12914	-0.223004
12915	-0.22276
12916	-0.222516
12917	-0.222271
12918	-0.222027
12919	-0.221782
12920	-0.221537
12921	-0.221291
12922	-0.221046
12923	-0.2208
12924	-0.220554
12925	-0.220308
12926	-0.220062
12927	-0.219815
12928	-0.219568
12929	-0.219321
12930	-0.219074
12931	-0.218827
12932	-0.218579
12933	-0.218331
12934	-0.218083
12935	-0.217835
12936	-0.217587
12937	-0.217338
12938	-0.217089
12939	-0.21684
12940	-0.216591
12941	-0.216342
12942	-0.216092
12943	-0.215842
12944	-0.215592
12945	-0.215342
12946	-0.215092
12947	-0.214841
12948	-0.21459
12949	-0.214339
12950	-0.214088
12951	-0.213836
12952	-0.213585
12953	-0.213333
12954	-0.213081
12955	-0.212829
12956	-0.212576
12957	-0.212324
12958	-0.212071
12959	-0.211818
12960	-0.211564
12961	-0.211311
12962	-0.211057
12963	-0.210804
12964	-0.210549
12965	-0.210295
12966	-0.210041
12967	-0.209786
12968	-0.209531
12969	-0.209276
12970	-0.209021
12971	-0.208766
12972	-0.20851
12973	-0.208254
12974	-0.207998
12975	-0.207742
12976	-0.207486
12977	-0.207229
12978	-0.206972
12979	-0.206715
12980	-0.206458
12981	-0.206201
12982	-0.205943
12983	-0.205685
12984	-0.205427
12985	-0.205169
12986	-0.204911
12987	-0.204652
12988	-0.204394
12989	-0.204135
12990	-0.203876
12991	-0.203616
12992	-0.203357
12993	-0.203097
12994	-0.202837
12995	-0.202577
12996	-0.202317
12997	-0.202056
12998	-0.201796
12999	-0.201535
13000	-0.201274
13001	-0.201013
13002	-0.200751
13003	-0.200489
13004	-0.200228
13005	-0.199966
13006	-0.199703
13007	-0.199441
13008	-0.199179
13009	-0.198916
13010	-0.198653
13011	-0.19839
13012	-0.198126
13013	-0.197863
13014	-0.197599
13015	-0.197335
13016	-0.197071
13017	-0.196807
13018	-0.196542
13019	-0.196278
13020	-0.196013
13021	-0.195748
13022	-0.195483
13023	-0.195217
13024	-0.194952
13025	-0.194686
13026	-0.19442
13027	-0.194154
13028	-0.193888
13029	-0.193621
13030	-0.193355
13031	-0.193088
13032	-0.192821
13033	-0.192553
13034	-0.192286
13035	-0.192018
13036	-0.191751
13037	-0.191483
13038	-0.191215
13039	-0.190946
13040	-0.190678
13041	-0.190409
13042	-0.19014
13043	-0.189871
13044	-0.189602
13045	-0.189333
13046	-0.189063
13047	-0.188793
13048	-0.188523
13049	-0.188253
13050	-0.187983
13051	-0.187713
13052	-0.187442
13053	-0.187171
13054	-0.1869
13055	-0.186629
13056	-0.186358
13057	-0.186086
13058	-0.185814
13059	-0.185543
13060	-0.185271
13061	-0.184998
13062	-0.184726
13063	-0.184453
13064	-0.184181
13065	-0.183908
13066	-0.183635
13067	-0.183361
13068	-0.183088
13069	-0.182814
13070	-0.182541
13071	-0.182267
13072	-0.181993
13073	-0.181718
13074	-0.181444
13075	-0.181169
13076	-0.180894
13077	-0.180619
13078	-0.180344
13079	-0.180069
13080	-0.179793
13081	-0.179518
13082	-0.179242
13083	-0.178966
13084	-0.17869
13085	-0.178414
13086	-0.178137
13087	-0.17786
13088	-0.177584
13089	-0.177307
13090	-0.177029
13091	-0.176752
13092	-0.176475
13093	-0.176197
13094	-0.175919
13095	-0.175641
13096	-0.175363
13097	-0.175085
13098	-0.174806
13099	-0.174528
13100	-0.174249
13101	-0.17397
13102	-0.173691
13103	-0.173411
13104	-0.173132
13105	-0.172852
13106	-0.172573
13107	-0.172293
13108	-0.172013
13109	-0.171732
13110	-0.171452
13111	-0.171171
13112	-0.170891
13113	-0.17061
13114	-0.170329
13115	-0.170047
13116	-0.169766
13117	-0.169484
13118	-0.169203
13119	-0.168921
13120	-0.168639
13121	-0.168357
13122	-0.168074
13123	-0.167792
13124	-0.167509
13125	-0.167226
13126	-0.166943
13127	-0.16666
13128	-0.166377
13129	-0.166094
13130	-0.16581
13131	-0.165526
13132	-0.165242
13133	-0.164958
13134	-0.164674
13135	-0.16439
13136	-0.164105
13137	-0.16382
13138	-0.163536
13139	-0.163251
13140	-0.162965
13141	-0.16268
13142	-0.162395
13143	-0.162109
13144	-0.161823
13145	-0.161537
13146	-0.161251
13147	-0.160965
13148	-0.160679
13149	-0.160392
13150	-0.160106
13151	-0.159819
13152	-0.159532
13153	-0.159245
13154	-0.158957
13155	-0.15867
13156	-0.158382
13157	-0.158095
13158	-0.157807
13159	-0.157519
13160	-0.157231
13161	-0.156942
13162	-0.156654
13163	-0.156365
13164	-0.156076
13165	-0.155787
13166	-0.155498
13167	-0.155209
13168	-0.15492
13169	-0.15463
13170	-0.154341
13171	-0.154051
13172	-0.153761
13173	-0.153471
13174	-0.15318
13175	-0.15289
13176	-0.152599
13177	-0.152309
13178	-0.152018
13179	-0.151727
13180	-0.151436
13181	-0.151145
13182	-0.150853
13183	-0.150562
13184	-0.15027
13185	-0.149978
13186	-0.149686
13187	-0.149394
13188	-0.149102
13189	-0.148809
13190	-0.148517
13191	-0.148224
13192	-0.147931
13193	-0.147638
13194	-0.147345
13195	-0.147052
13196	-0.146758
13197	-0.146465
13198	-0.146171
13199	-0.145877
13200	-0.145583
13201	-0.145289
13202	-0.144995
13203	-0.144701
13204	-0.144406
13205	-0.144111
13206	-0.143817
13207	-0.143522
13208	-0.143227
13209	-0.142931
13210	-0.142636
13211	-0.14234
13212	-0.142045
13213	-0.141749
13214	-0.141453
13215	-0.141157
13216	-0.140861
13217	-0.140565
13218	-0.140268
13219	-0.139972
13220	-0.139675
13221	-0.139378
13222	-0.139081
13223	-0.138784
13224	-0.138487
13225	-0.138189
13226	-0.137892
13227	-0.137594
13228	-0.137296
13229	-0.136998
13230	-0.1367
13231	-0.136402
13232	-0.136104
13233	-0.135805
13234	-0.135507
13235	-0.135208
13236	-0.134909
13237	-0.13461
13238	-0.134311
13239	-0.134012
13240	-0.133712
13241	-0.133413
13242	-0.133113
13243	-0.132813
13244	-0.132514
13245	-0.132214
13246	-0.131913
13247	-0.131613
13248	-0.131313
13249	-0.131012
13250	-0.130712
13251	-0.130411
13252	-0.13011
13253	-0.129809
13254	-0.129508
13255	-0.129206
13256	-0.128905
13257	-0.128603
13258	-0.128302
13259	-0.128
13260	-0.127698
13261	-0.127396
13262	-0.127094
13263	-0.126792
13264	-0.126489
13265	-0.126187
13266	-0.125884
13267	-0.125581
13268	-0.125278
13269	-0.124975
13270	-0.124672
13271	-0.124369
13272	-0.124066
13273	-0.123762
13274	-0.123459
13275	-0.123155
13276	-0.122851
13277	-0.122547
13278	-0.122243
13279	-0.121939
13280	-0.121634
13281	-0.12133
13282	-0.121025
13283	-0.120721
13284	-0.120416
13285	-0.120111
13286	-0.119806
13287	-0.119501
13288	-0.119195
13289	-0.11889
13290	-0.118585
13291	-0.118279
13292	-0.117973
13293	-0.117667
13294	-0.117361
13295	-0.117055
13296	-0.116749
13297	-0.116443
13298	-0.116136
13299	-0.11583
13300	-0.115523
13301	-0.115216
13302	-0.11491
13303	-0.114603
13304	-0.114295
13305	-0.113988
13306	-0.113681
13307	-0.113373
13308	-0.113066
13309	-0.112758
13310	-0.11245
13311	-0.112143
13312	-0.111835
13313	-0.111526
13314	-0.111218
13315	-0.11091
13316	-0.110601
13317	-0.110293
13318	-0.109984
13319	-0.109676
13320	-0.109367
13321	-0.109058
13322	-0.108749
13323	-0.108439
13324	-0.10813
13325	-0.107821
13326	-0.107511
13327	-0.107202
13328	-0.106892
13329	-0.106582
13330	-0.106272
13331	-0.105962
13332	-0.105652
13333	-0.105342
13334	-0.105031
13335	-0.104721
13336	-0.10441
13337	-0.1041
13338	-0.103789
13339	-0.103478
13340	-0.103167
13341	-0.102856
13342	-0.102545
13343	-0.102233
13344	-0.101922
13345	-0.101611
13346	-0.101299
13347	-0.100987
13348	-0.100676
13349	-0.100364
13350	-0.100052
13351	-0.0997396
13352	-0.0994274
13353	-0.0991151
13354	-0.0988027
13355	-0.0984902
13356	-0.0981777
13357	-0.097865
13358	-0.0975522
13359	-0.0972393
13360	-0.0969264
13361	-0.0966133
13362	-0.0963001
13363	-0.0959869
13364	-0.0956735
13365	-0.0953601
13366	-0.0950465
13367	-0.0947329
13368	-0.0944191
13369	-0.0941053
13370	-0.0937914
13371	-0.0934774
13372	-0.0931632
13373	-0.092849
13374	-0.0925347
13375	-0.0922203
13376	-0.0919059
13377	-0.0915913
13378	-0.0912766
13379	-0.0909618
13380	-0.090647
13381	-0.090332
13382	-0.090017
13383	-0.0897019
13384	-0.0893867
13385	-0.0890714
13386	-0.088756
13387	-0.0884405
13388	-0.0881249
13389	-0.0878093
13390	-0.0874935
13391	-0.0871777
13392	-0.0868617
13393	-0.0865457
13394	-0.0862296
13395	-0.0859134
13396	-0.0855972
13397	-0.0852808
13398	-0.0849644
13399	-0.0846478
13400	-0.0843312
13401	-0.0840145
13402	-0.0836977
13403	-0.0833809
13404	-0.0830639
13405	-0.0827469
13406	-0.0824297
13407	-0.0821125
13408	-0.0817952
13409	-0.0814779
13410	-0.0811604
13411	-0.0808429
13412	-0.0805253
13413	-0.0802076
13414	-0.0798898
13415	-0.0795719
13416	-0.079254
13417	-0.078936
13418	-0.0786179
13419	-0.0782997
13420	-0.0779814
13421	-0.0776631
13422	-0.0773447
13423	-0.0770262
13424	-0.0767076
13425	-0.076389
13426	-0.0760702
13427	-0.0757514
13428	-0.0754325
13429	-0.0751136
13430	-0.0747945
13431	-0.0744754
13432	-0.0741562
13433	-0.073837
13434	-0.0735176
13435	-0.0731982
13436	-0.0728787
13437	-0.0725592
13438	-0.0722395
13439	-0.0719198
13440	-0.0716001
13441	-0.0712802
13442	-0.0709603
13443	-0.0706403
13444	-0.0703202
13445	-0.0700001
13446	-0.0696798
13447	-0.0693596
13448	-0.0690392
13449	-0.0687188
13450	-0.0683983
13451	-0.0680777
13452	-0.0677571
13453	-0.0674364
13454	-0.0671156
13455	-0.0667948
13456	-0.0664738
13457	-0.0661529
13458	-0.0658318
13459	-0.0655107
13460	-0.0651895
13461	-0.0648683
13462	-0.064547
13463	-0.0642256
13464	-0.0639041
13465	-0.0635826
13466	-0.0632611
13467	-0.0629394
13468	-0.0626177
13469	-0.0622959
13470	-0.0619741
13471	-0.0616522
13472	-0.0613303
13473	-0.0610082
13474	-0.0606861
13475	-0.060364
13476	-0.0600418
13477	-0.0597195
13478	-0.0593972
13479	-0.0590748
13480	-0.0587523
13481	-0.0584298
13482	-0.0581072
13483	-0.0577846
13484	-0.0574619
13485	-0.0571392
13486	-0.0568163
13487	-0.0564935
13488	-0.0561705
13489	-0.0558476
13490	-0.0555245
13491	-0.0552014
13492	-0.0548782
13493	-0.054555
13494	-0.0542318
13495	-0.0539084
13496	-0.053585
13497	-0.0532616
13498	-0.0529381
13499	-0.0526146
13500	-0.052291
13501	-0.0519673
13502	-0.0516436
13503	-0.0513198
13504	-0.050996
13505	-0.0506721
13506	-0.0503482
13507	-0.0500242
13508	-0.0497002
13509	-0.0493761
13510	-0.049052
13511	-0.0487278
13512	-0.0484036
13513	-0.0480793
13514	-0.047755
13515	-0.0474306
13516	-0.0471061
13517	-0.0467817
13518	-0.0464571
13519	-0.0461326
13520	-0.0458079
13521	-0.0454833
13522	-0.0451585
13523	-0.0448338
13524	-0.0445089
13525	-0.0441841
13526	-0.0438592
13527	-0.0435342
13528	-0.0432092
13529	-0.0428842
13530	-0.0425591
13531	-0.042234
13532	-0.0419088
13533	-0.0415836
13534	-0.0412583
13535	-0.040933
13536	-0.0406076
13537	-0.0402822
13538	-0.0399568
13539	-0.0396313
13540	-0.0393058
13541	-0.0389803
13542	-0.0386547
13543	-0.038329
13544	-0.0380033
13545	-0.0376776
13546	-0.0373519
13547	-0.0370261
13548	-0.0367002
13549	-0.0363743
13550	-0.0360484
13551	-0.0357225
13552	-0.0353965
13553	-0.0350705
13554	-0.0347444
13555	-0.0344183
13556	-0.0340922
13557	-0.033766
13558	-0.0334398
13559	-0.0331135
13560	-0.0327873
13561	-0.032461
13562	-0.0321346
13563	-0.0318082
13564	-0.0314818
13565	-0.0311554
13566	-0.0308289
13567	-0.0305024
13568	-0.0301758
13569	-0.0298493
13570	-0.0295227
13571	-0.029196
13572	-0.0288694
13573	-0.0285427
13574	-0.0282159
13575	-0.0278892
13576	-0.0275624
13577	-0.0272356
13578	-0.0269087
13579	-0.0265819
13580	-0.026255
13581	-0.025928
13582	-0.0256011
13583	-0.0252741
13584	-0.0249471
13585	-0.02462
13586	-0.024293
13587	-0.0239659
13588	-0.0236388
13589	-0.0233116
13590	-0.0229845
13591	-0.0226573
13592	-0.0223301
13593	-0.0220028
13594	-0.0216756
13595	-0.0213483
13596	-0.021021
13597	-0.0206937
13598	-0.0203663
13599	-0.0200389
13600	-0.0197116
13601	-0.0193841
13602	-0.0190567
13603	-0.0187292
13604	-0.0184018
13605	-0.0180743
13606	-0.0177468
13607	-0.0174192
13608	-0.0170917
13609	-0.0167641
13610	-0.0164365
13611	-0.0161089
13612	-0.0157813
13613	-0.0154537
13614	-0.015126
13615	-0.0147983
13616	-0.0144706
13617	-0.0141429
13618	-0.0138152
13619	-0.0134875
13620	-0.0131597
13621	-0.012832
13622	-0.0125042
13623	-0.0121764
13624	-0.0118486
13625	-0.0115207
13626	-0.0111929
13627	-0.0108651
13628	-0.0105372
13629	-0.0102093
13630	-0.00988145
13631	-0.00955356
13632	-0.00922565
13633	-0.00889774
13634	-0.00856981
13635	-0.00824187
13636	-0.00791393
13637	-0.00758597
13638	-0.007258
13639	-0.00693003
13640	-0.00660205
13641	-0.00627406
13642	-0.00594606
13643	-0.00561805
13644	-0.00529004
13645	-0.00496201
13646	-0.00463399
13647	-0.00430595
13648	-0.00397791
13649	-0.00364987
13650	-0.00332182
13651	-0.00299376
13652	-0.0026657
13653	-0.00233763
13654	-0.00200956
13655	-0.00168149
13656	-0.00135341
13657	-0.00102533
13658	-0.000697247
13659	-0.000369161
13660	-4.10721e-05
13661	0.000287018
13662	0.000615111
13663	0.000943204
13664	0.0012713
13665	0.00159939
13666	0.00192749
13667	0.00225559
13668	0.00258368
13669	0.00291178
13670	0.00323987
13671	0.00356797
13672	0.00389606
13673	0.00422415
13674	0.00455224
13675	0.00488032
13676	0.00520841
13677	0.00553649
13678	0.00586457
13679	0.00619264
13680	0.00652071
13681	0.00684877
13682	0.00717684
13683	0.00750489
13684	0.00783294
13685	0.00816099
13686	0.00848903
13687	0.00881706
13688	0.00914509
13689	0.00947311
13690	0.00980113
13691	0.0101291
13692	0.0104571
13693	0.0107851
13694	0.0111131
13695	0.0114411
13696	0.011769
13697	0.012097
13698	0.0124249
13699	0.0127529
13700	0.0130808
13701	0.0134087
13702	0.0137366
13703	0.0140645
13704	0.0143924
13705	0.0147203
13706	0.0150481
13707	0.015376
13708	0.0157038
13709	0.0160316
13710	0.0163595
13711	0.0166872
13712	0.017015
13713	0.0173428
13714	0.0176705
13715	0.0179983
13716	0.018326
13717	0.0186537
13718	0.0189814
13719	0.0193091
13720	0.0196367
13721	0.0199644
13722	0.020292
13723	0.0206196
13724	0.0209472
13725	0.0212748
13726	0.0216023
13727	0.0219298
13728	0.0222574
13729	0.0225849
13730	0.0229123
13731	0.0232398
13732	0.0235672
13733	0.0238946
13734	0.024222
13735	0.0245494
13736	0.0248767
13737	0.0252041
13738	0.0255314
13739	0.0258587
13740	0.0261859
13741	0.0265132
13742	0.0268404
13743	0.0271676
13744	0.0274947
13745	0.0278219
13746	0.028149
13747	0.0284761
13748	0.0288032
13749	0.0291302
13750	0.0294572
13751	0.0297842
13752	0.0301112
13753	0.0304381
13754	0.030765
13755	0.0310919
13756	0.0314187
13757	0.0317456
13758	0.0320724
13759	0.0323991
13760	0.0327259
13761	0.0330526
13762	0.0333792
13763	0.0337059
13764	0.0340325
13765	0.0343591
13766	0.0346856
13767	0.0350122
13768	0.0353387
13769	0.0356651
13770	0.0359915
13771	0.0363179
13772	0.0366443
13773	0.0369706
13774	0.0372969
13775	0.0376232
13776	0.0379494
13777	0.0382756
13778	0.0386018
13779	0.0389279
13780	0.039254
13781	0.03958
13782	0.039906
13783	0.040232
13784	0.0405579
13785	0.0408838
13786	0.0412097
13787	0.0415355
13788	0.0418613
13789	0.0421871
13790	0.0425128
13791	0.0428385
13792	0.0431641
13793	0.0434897
13794	0.0438152
13795	0.0441408
13796	0.0444662
13797	0.0447917
13798	0.0451171
13799	0.0454424
13800	0.0457677
13801	0.046093
13802	0.0464182
13803	0.0467434
13804	0.0470685
13805	0.0473936
13806	0.0477187
13807	0.0480437
13808	0.0483686
13809	0.0486936
13810	0.0490184
13811	0.0493433
13812	0.049668
13813	0.0499928
13814	0.0503175
13815	0.0506421
13816	0.0509667
13817	0.0512913
13818	0.0516158
13819	0.0519402
13820	0.0522646
13821	0.052589
13822	0.0529133
13823	0.0532376
13824	0.0535618
13825	0.0538859
13826	0.05421
13827	0.0545341
13828	0.0548581
13829	0.0551821
13830	0.055506
13831	0.0558299
13832	0.0561537
13833	0.0564774
13834	0.0568011
13835	0.0571248
13836	0.0574484
13837	0.0577719
13838	0.0580954
13839	0.0584188
13840	0.0587422
13841	0.0590656
13842	0.0593888
13843	0.0597121
13844	0.0600352
13845	0.0603583
13846	0.0606814
13847	0.0610044
13848	0.0613273
13849	0.0616502
13850	0.061973
13851	0.0622958
13852	0.0626185
13853	0.0629412
13854	0.0632638
13855	0.0635863
13856	0.0639088
13857	0.0642312
13858	0.0645536
13859	0.0648759
13860	0.0651981
13861	0.0655203
13862	0.0658424
13863	0.0661644
13864	0.0664864
13865	0.0668084
13866	0.0671302
13867	0.0674521
13868	0.0677738
13869	0.0680955
13870	0.0684171
13871	0.0687387
13872	0.0690602
13873	0.0693816
13874	0.069703
13875	0.0700243
13876	0.0703455
13877	0.0706667
13878	0.0709878
13879	0.0713088
13880	0.0716298
13881	0.0719507
13882	0.0722715
13883	0.0725923
13884	0.072913
13885	0.0732337
13886	0.0735542
13887	0.0738747
13888	0.0741952
13889	0.0745155
13890	0.0748358
13891	0.075156
13892	0.0754762
13893	0.0757963
13894	0.0761163
13895	0.0764363
13896	0.0767561
13897	0.0770759
13898	0.0773957
13899	0.0777153
13900	0.0780349
13901	0.0783544
13902	0.0786739
13903	0.0789932
13904	0.0793125
13905	0.0796318
13906	0.0799509
13907	0.08027
13908	0.080589
13909	0.0809079
13910	0.0812268
13911	0.0815456
13912	0.0818643
13913	0.0821829
13914	0.0825014
13915	0.0828199
13916	0.0831383
13917	0.0834566
13918	0.0837748
13919	0.084093
13920	0.0844111
13921	0.0847291
13922	0.085047
13923	0.0853649
13924	0.0856826
13925	0.0860003
13926	0.0863179
13927	0.0866355
13928	0.0869529
13929	0.0872703
13930	0.0875876
13931	0.0879048
13932	0.0882219
13933	0.088539
13934	0.0888559
13935	0.0891728
13936	0.0894896
13937	0.0898063
13938	0.0901229
13939	0.0904395
13940	0.0907559
13941	0.0910723
13942	0.0913886
13943	0.0917048
13944	0.0920209
13945	0.092337
13946	0.0926529
13947	0.0929688
13948	0.0932846
13949	0.0936003
13950	0.0939159
13951	0.0942314
13952	0.0945468
13953	0.0948622
13954	0.0951774
13955	0.0954926
13956	0.0958076
13957	0.0961226
13958	0.0964375
13959	0.0967523
13960	0.0970671
13961	0.0973817
13962	0.0976962
13963	0.0980107
13964	0.098325
13965	0.0986393
13966	0.0989535
13967	0.0992675
13968	0.0995815
13969	0.0998954
13970	0.100209
13971	0.100523
13972	0.100837
13973	0.10115
13974	0.101463
13975	0.101777
13976	0.10209
13977	0.102403
13978	0.102716
13979	0.103029
13980	0.103342
13981	0.103655
13982	0.103967
13983	0.10428
13984	0.104592
13985	0.104905
13986	0.105217
13987	0.105529
13988	0.105841
13989	0.106153
13990	0.106465
13991	0.106777
13992	0.107089
13993	0.1074
13994	0.107712
13995	0.108023
13996	0.108334
13997	0.108646
13998	0.108957
13999	0.109268
14000	0.109578
14001	0.109889
14002	0.1102
14003	0.11051
14004	0.110821
14005	0.111131
14006	0.111442
14007	0.111752
14008	0.112062
14009	0.112372
14010	0.112682
14011	0.112991
14012	0.113301
14013	0.11361
14014	0.11392
14015	0.114229
14016	0.114538
14017	0.114847
14018	0.115156
14019	0.115465
14020	0.115774
14021	0.116083
14022	0.116391
14023	0.1167
14024	0.117008
14025	0.117316
14026	0.117624
14027	0.117932
14028	0.11824
14029	0.118548
14030	0.118856
14031	0.119163
14032	0.119471
14033	0.119778
14034	0.120085
14035	0.120392
14036	0.120699
14037	0.121006
14038	0.121313
14039	0.12162
14040	0.121926
14041	0.122233
14042	0.122539
14043	0.122845
14044	0.123151
14045	0.123457
14046	0.123763
14047	0.124069
14048	0.124374
14049	0.12468
14050	0.124985
14051	0.125291
14052	0.125596
14053	0.125901
14054	0.126206
14055	0.126511
14056	0.126815
14057	0.12712
14058	0.127424
14059	0.127729
14060	0.128033
14061	0.128337
14062	0.128641
14063	0.128945
14064	0.129248
14065	0.129552
14066	0.129855
14067	0.130159
14068	0.130462
14069	0.130765
14070	0.131068
14071	0.131371
14072	0.131674
14073	0.131976
14074	0.132279
14075	0.132581
14076	0.132884
14077	0.133186
14078	0.133488
14079	0.13379
14080	0.134091
14081	0.134393
14082	0.134694
14083	0.134996
14084	0.135297
14085	0.135598
14086	0.135899
14087	0.1362
14088	0.136501
14089	0.136801
14090	0.137102
14091	0.137402
14092	0.137702
14093	0.138003
14094	0.138303
14095	0.138602
14096	0.138902
14097	0.139202
14098	0.139501
14099	0.1398
14100	0.1401
14101	0.140399
14102	0.140698
14103	0.140996
14104	0.141295
14105	0.141594
14106	0.141892
14107	0.14219
14108	0.142488
14109	0.142786
14110	0.143084
14111	0.143382
14112	0.14368
14113	0.143977
14114	0.144274
14115	0.144572
14116	0.144869
14117	0.145166
14118	0.145462
14119	0.145759
14120	0.146056
14121	0.146352
14122	0.146648
14123	0.146944
14124	0.14724
14125	0.147536
14126	0.147832
14127	0.148127
14128	0.148423
14129	0.148718
14130	0.149013
14131	0.149308
14132	0.149603
14133	0.149898
14134	0.150192
14135	0.150487
14136	0.150781
14137	0.151075
14138	0.151369
14139	0.151663
14140	0.151957
14141	0.15225
14142	0.152544
14143	0.152837
14144	0.15313
14145	0.153423
14146	0.153716
14147	0.154009
14148	0.154302
14149	0.154594
14150	0.154886
14151	0.155178
14152	0.15547
14153	0.155762
14154	0.156054
14155	0.156346
14156	0.156637
14157	0.156928
14158	0.157219
14159	0.15751
14160	0.157801
14161	0.158092
14162	0.158382
14163	0.158673
14164	0.158963
14165	0.159253
14166	0.159543
14167	0.159833
14168	0.160122
14169	0.160412
14170	0.160701
14171	0.16099
14172	0.16128
14173	0.161568
14174	0.161857
14175	0.162146
14176	0.162434
14177	0.162722
14178	0.163011
14179	0.163299
14180	0.163586
14181	0.163874
14182	0.164161
14183	0.164449
14184	0.164736
14185	0.165023
14186	0.16531
14187	0.165597
14188	0.165883
14189	0.16617
14190	0.166456
14191	0.166742
14192	0.167028
14193	0.167314
14194	0.167599
14195	0.167885
14196	0.16817
14197	0.168455
14198	0.16874
14199	0.169025
14200	0.16931
14201	0.169594
14202	0.169879
14203	0.170163
14204	0.170447
14205	0.170731
14206	0.171015
14207	0.171298
14208	0.171582
14209	0.171865
14210	0.172148
14211	0.172431
14212	0.172714
14213	0.172996
14214	0.173279
14215	0.173561
14216	0.173843
14217	0.174125
14218	0.174407
14219	0.174688
14220	0.17497
14221	0.175251
14222	0.175532
14223	0.175813
14224	0.176094
14225	0.176374
14226	0.176655
14227	0.176935
14228	0.177215
14229	0.177495
14230	0.177775
14231	0.178055
14232	0.178334
14233	0.178613
14234	0.178892
14235	0.179171
14236	0.17945
14237	0.179729
14238	0.180007
14239	0.180285
14240	0.180563
14241	0.180841
14242	0.181119
14243	0.181397
14244	0.181674
14245	0.181951
14246	0.182228
14247	0.182505
14248	0.182782
14249	0.183058
14250	0.183335
14251	0.183611
14252	0.183887
14253	0.184163
14254	0.184438
14255	0.184714
14256	0.184989
14257	0.185264
14258	0.185539
14259	0.185814
14260	0.186089
14261	0.186363
14262	0.186637
14263	0.186911
14264	0.187185
14265	0.187459
14266	0.187732
14267	0.188006
14268	0.188279
14269	0.188552
14270	0.188825
14271	0.189097
14272	0.18937
14273	0.189642
14274	0.189914
14275	0.190186
14276	0.190458
14277	0.19073
14278	0.191001
14279	0.191272
14280	0.191543
14281	0.191814
14282	0.192085
14283	0.192355
14284	0.192625
14285	0.192895
14286	0.193165
14287	0.193435
14288	0.193705
14289	0.193974
14290	0.194243
14291	0.194512
14292	0.194781
14293	0.19505
14294	0.195318
14295	0.195586
14296	0.195854
14297	0.196122
14298	0.19639
14299	0.196658
14300	0.196925
14301	0.197192
14302	0.197459
14303	0.197726
14304	0.197992
14305	0.198259
14306	0.198525
14307	0.198791
14308	0.199057
14309	0.199322
14310	0.199588
14311	0.199853
14312	0.200118
14313	0.200383
14314	0.200648
14315	0.200912
14316	0.201176
14317	0.20144
14318	0.201704
14319	0.201968
14320	0.202232
14321	0.202495
14322	0.202758
14323	0.203021
14324	0.203284
14325	0.203546
14326	0.203809
14327	0.204071
14328	0.204333
14329	0.204595
14330	0.204856
14331	0.205118
14332	0.205379
14333	0.20564
14334	0.205901
14335	0.206161
14336	0.206422
14337	0.206682
14338	0.206942
14339	0.207202
14340	0.207461
14341	0.207721
14342	0.20798
14343	0.208239
14344	0.208498
14345	0.208756
14346	0.209015
14347	0.209273
14348	0.209531
14349	0.209789
14350	0.210047
14351	0.210304
14352	0.210561
14353	0.210818
14354	0.211075
14355	0.211332
14356	0.211588
14357	0.211844
14358	0.2121
14359	0.212356
14360	0.212612
14361	0.212867
14362	0.213122
14363	0.213377
14364	0.213632
14365	0.213887
14366	0.214141
14367	0.214396
14368	0.214649
14369	0.214903
14370	0.215157
14371	0.21541
14372	0.215663
14373	0.215916
14374	0.216169
14375	0.216422
14376	0.216674
14377	0.216926
14378	0.217178
14379	0.21743
14380	0.217681
14381	0.217933
14382	0.218184
14383	0.218435
14384	0.218685
14385	0.218936
14386	0.219186
14387	0.219436
14388	0.219686
14389	0.219936
14390	0.220185
14391	0.220434
14392	0.220683
14393	0.220932
14394	0.221181
14395	0.221429
14396	0.221677
14397	0.221925
14398	0.222173
14399	0.22242
14400	0.222668
14401	0.222915
14402	0.223162
14403	0.223408
14404	0.223655
14405	0.223901
14406	0.224147
14407	0.224393
14408	0.224638
14409	0.224884
14410	0.225129
14411	0.225374
14412	0.225619
14413	0.225863
14414	0.226107
14415	0.226351
14416	0.226595
14417	0.226839
14418	0.227082
14419	0.227326
14420	0.227569
14421	0.227811
14422	0.228054
14423	0.228296
14424	0.228538
14425	0.22878
14426	0.229022
14427	0.229263
14428	0.229505
14429	0.229746
14430	0.229986
14431	0.230227
14432	0.230467
14433	0.230707
14434	0.230947
14435	0.231187
14436	0.231426
14437	0.231666
14438	0.231905
14439	0.232143
14440	0.232382
14441	0.23262
14442	0.232859
14443	0.233096
14444	0.233334
14445	0.233571
14446	0.233809
14447	0.234046
14448	0.234282
14449	0.234519
14450	0.234755
14451	0.234991
14452	0.235227
14453	0.235463
14454	0.235698
14455	0.235933
14456	0.236168
14457	0.236403
14458	0.236638
14459	0.236872
14460	0.237106
14461	0.23734
14462	0.237573
14463	0.237807
14464	0.23804
14465	0.238273
14466	0.238505
14467	0.238738
14468	0.23897
14469	0.239202
14470	0.239434
14471	0.239665
14472	0.239896
14473	0.240127
14474	0.240358
14475	0.240589
14476	0.240819
14477	0.241049
14478	0.241279
14479	0.241509
14480	0.241738
14481	0.241967
14482	0.242196
14483	0.242425
14484	0.242653
14485	0.242881
14486	0.243109
14487	0.243337
14488	0.243565
14489	0.243792
14490	0.244019
14491	0.244246
14492	0.244472
14493	0.244699
14494	0.244925
14495	0.245151
14496	0.245376
14497	0.245602
14498	0.245827
14499	0.246052
14500	0.246277
14501	0.246501
14502	0.246725
14503	0.246949
14504	0.247173
14505	0.247396
14506	0.24762
14507	0.247843
14508	0.248065
14509	0.248288
14510	0.24851
14511	0.248732
14512	0.248954
14513	0.249176
14514	0.249397
14515	0.249618
14516	0.249839
14517	0.25006
14518	0.25028
14519	0.2505
14520	0.25072
14521	0.25094
14522	0.251159
14523	0.251378
14524	0.251597
14525	0.251816
14526	0.252034
14527	0.252252
14528	0.25247
14529	0.252688
14530	0.252905
14531	0.253123
14532	0.253339
14533	0.253556
14534	0.253773
14535	0.253989
14536	0.254205
14537	0.254421
14538	0.254636
14539	0.254851
14540	0.255066
14541	0.255281
14542	0.255496
14543	0.25571
14544	0.255924
14545	0.256138
14546	0.256351
14547	0.256564
14548	0.256778
14549	0.25699
14550	0.257203
14551	0.257415
14552	0.257627
14553	0.257839
14554	0.25805
14555	0.258262
14556	0.258473
14557	0.258684
14558	0.258894
14559	0.259104
14560	0.259315
14561	0.259524
14562	0.259734
14563	0.259943
14564	0.260152
14565	0.260361
14566	0.26057
14567	0.260778
14568	0.260986
14569	0.261194
14570	0.261401
14571	0.261608
14572	0.261816
14573	0.262022
14574	0.262229
14575	0.262435
14576	0.262641
14577	0.262847
14578	0.263052
14579	0.263258
14580	0.263463
14581	0.263667
14582	0.263872
14583	0.264076
14584	0.26428
14585	0.264484
14586	0.264687
14587	0.264891
14588	0.265094
14589	0.265296
14590	0.265499
14591	0.265701
14592	0.265903
14593	0.266105
14594	0.266306
14595	0.266507
14596	0.266708
14597	0.266909
14598	0.267109
14599	0.267309
14600	0.267509
14601	0.267709
14602	0.267908
14603	0.268107
14604	0.268306
14605	0.268505
14606	0.268703
14607	0.268901
14608	0.269099
14609	0.269296
14610	0.269494
14611	0.269691
14612	0.269887
14613	0.270084
14614	0.27028
14615	0.270476
14616	0.270672
14617	0.270867
14618	0.271063
14619	0.271257
14620	0.271452
14621	0.271646
14622	0.271841
14623	0.272034
14624	0.272228
14625	0.272421
14626	0.272614
14627	0.272807
14628	0.273
14629	0.273192
14630	0.273384
14631	0.273576
14632	0.273767
14633	0.273959
14634	0.274149
14635	0.27434
14636	0.274531
14637	0.274721
14638	0.274911
14639	0.2751
14640	0.27529
14641	0.275479
14642	0.275667
14643	0.275856
14644	0.276044
14645	0.276232
14646	0.27642
14647	0.276607
14648	0.276795
14649	0.276982
14650	0.277168
14651	0.277355
14652	0.277541
14653	0.277726
14654	0.277912
14655	0.278097
14656	0.278282
14657	0.278467
14658	0.278652
14659	0.278836
14660	0.27902
14661	0.279203
14662	0.279387
14663	0.27957
14664	0.279753
14665	0.279935
14666	0.280118
14667	0.2803
14668	0.280481
14669	0.280663
14670	0.280844
14671	0.281025
14672	0.281206
14673	0.281386
14674	0.281566
14675	0.281746
14676	0.281926
14677	0.282105
14678	0.282284
14679	0.282463
14680	0.282641
14681	0.282819
14682	0.282997
14683	0.283175
14684	0.283352
14685	0.283529
14686	0.283706
14687	0.283883
14688	0.284059
14689	0.284235
14690	0.284411
14691	0.284586
14692	0.284761
14693	0.284936
14694	0.285111
14695	0.285285
14696	0.285459
14697	0.285633
14698	0.285806
14699	0.285979
14700	0.286152
14701	0.286325
14702	0.286497
14703	0.286669
14704	0.286841
14705	0.287013
14706	0.287184
14707	0.287355
14708	0.287525
14709	0.287696
14710	0.287866
14711	0.288036
14712	0.288205
14713	0.288375
14714	0.288544
14715	0.288712
14716	0.288881
14717	0.289049
14718	0.289217
14719	0.289384
14720	0.289552
14721	0.289719
14722	0.289886
14723	0.290052
14724	0.290218
14725	0.290384
14726	0.29055
14727	0.290715
14728	0.29088
14729	0.291045
14730	0.291209
14731	0.291374
14732	0.291538
14733	0.291701
14734	0.291865
14735	0.292028
14736	0.292191
14737	0.292353
14738	0.292515
14739	0.292677
14740	0.292839
14741	0.293
14742	0.293161
14743	0.293322
14744	0.293483
14745	0.293643
14746	0.293803
14747	0.293963
14748	0.294122
14749	0.294281
14750	0.29444
14751	0.294598
14752	0.294757
14753	0.294915
14754	0.295072
14755	0.29523
14756	0.295387
14757	0.295544
14758	0.2957
14759	0.295856
14760	0.296012
14761	0.296168
14762	0.296323
14763	0.296479
14764	0.296633
14765	0.296788
14766	0.296942
14767	0.297096
14768	0.29725
14769	0.297403
14770	0.297556
14771	0.297709
14772	0.297862
14773	0.298014
14774	0.298166
14775	0.298317
14776	0.298469
14777	0.29862
14778	0.298771
14779	0.298921
14780	0.299071
14781	0.299221
14782	0.299371
14783	0.29952
14784	0.299669
14785	0.299818
14786	0.299966
14787	0.300115
14788	0.300263
14789	0.30041
14790	0.300557
14791	0.300704
14792	0.300851
14793	0.300998
14794	0.301144
14795	0.30129
14796	0.301435
14797	0.30158
14798	0.301725
14799	0.30187
14800	0.302014
14801	0.302159
14802	0.302302
14803	0.302446
14804	0.302589
14805	0.302732
14806	0.302875
14807	0.303017
14808	0.303159
14809	0.303301
14810	0.303442
14811	0.303583
14812	0.303724
14813	0.303865
14814	0.304005
14815	0.304145
14816	0.304285
14817	0.304424
14818	0.304563
14819	0.304702
14820	0.304841
14821	0.304979
14822	0.305117
14823	0.305255
14824	0.305392
14825	0.305529
14826	0.305666
14827	0.305802
14828	0.305938
14829	0.306074
14830	0.30621
14831	0.306345
14832	0.30648
14833	0.306615
14834	0.306749
14835	0.306883
14836	0.307017
14837	0.30715
14838	0.307284
14839	0.307417
14840	0.307549
14841	0.307681
14842	0.307813
14843	0.307945
14844	0.308077
14845	0.308208
14846	0.308339
14847	0.308469
14848	0.308599
14849	0.308729
14850	0.308859
14851	0.308988
14852	0.309117
14853	0.309246
14854	0.309374
14855	0.309502
14856	0.30963
14857	0.309758
14858	0.309885
14859	0.310012
14860	0.310139
14861	0.310265
14862	0.310391
14863	0.310517
14864	0.310642
14865	0.310767
14866	0.310892
14867	0.311017
14868	0.311141
14869	0.311265
14870	0.311389
14871	0.311512
14872	0.311635
14873	0.311758
14874	0.31188
14875	0.312002
14876	0.312124
14877	0.312246
14878	0.312367
14879	0.312488
14880	0.312608
14881	0.312729
14882	0.312849
14883	0.312968
14884	0.313088
14885	0.313207
14886	0.313326
14887	0.313444
14888	0.313562
14889	0.31368
14890	0.313798
14891	0.313915
14892	0.314032
14893	0.314149
14894	0.314265
14895	0.314381
14896	0.314497
14897	0.314613
14898	0.314728
14899	0.314843
14900	0.314957
14901	0.315071
14902	0.315185
14903	0.315299
14904	0.315412
14905	0.315525
14906	0.315638
14907	0.315751
14908	0.315863
14909	0.315975
14910	0.316086
14911	0.316197
14912	0.316308
14913	0.316419
14914	0.316529
14915	0.316639
14916	0.316749
14917	0.316858
14918	0.316967
14919	0.317076
14920	0.317184
14921	0.317293
14922	0.3174
14923	0.317508
14924	0.317615
14925	0.317722
14926	0.317829
14927	0.317935
14928	0.318041
14929	0.318147
14930	0.318252
14931	0.318357
14932	0.318462
14933	0.318566
14934	0.318671
14935	0.318774
14936	0.318878
14937	0.318981
14938	0.319084
14939	0.319187
14940	0.319289
14941	0.319391
14942	0.319493
14943	0.319594
14944	0.319695
14945	0.319796
14946	0.319896
14947	0.319996
14948	0.320096
14949	0.320196
14950	0.320295
14951	0.320394
14952	0.320493
14953	0.320591
14954	0.320689
14955	0.320786
14956	0.320884
14957	0.320981
14958	0.321078
14959	0.321174
14960	0.32127
14961	0.321366
14962	0.321461
14963	0.321557
14964	0.321651
14965	0.321746
14966	0.32184
14967	0.321934
14968	0.322028
14969	0.322121
14970	0.322214
14971	0.322307
14972	0.322399
14973	0.322491
14974	0.322583
14975	0.322674
14976	0.322766
14977	0.322856
14978	0.322947
14979	0.323037
14980	0.323127
14981	0.323216
14982	0.323306
14983	0.323395
14984	0.323483
14985	0.323572
14986	0.32366
14987	0.323747
14988	0.323835
14989	0.323922
14990	0.324008
14991	0.324095
14992	0.324181
14993	0.324267
14994	0.324352
14995	0.324438
14996	0.324522
14997	0.324607
14998	0.324691
14999	0.324775
15000	0.324859
15001	0.324942
15002	0.325025
15003	0.325108
15004	0.32519
15005	0.325272
15006	0.325354
15007	0.325435
15008	0.325516
15009	0.325597
15010	0.325678
15011	0.325758
15012	0.325838
15013	0.325917
15014	0.325996
15015	0.326075
15016	0.326154
15017	0.326232
15018	0.32631
15019	0.326388
15020	0.326465
15021	0.326542
15022	0.326619
15023	0.326695
15024	0.326771
15025	0.326847
15026	0.326922
15027	0.326997
15028	0.327072
15029	0.327147
15030	0.327221
15031	0.327295
15032	0.327368
15033	0.327441
15034	0.327514
15035	0.327587
15036	0.327659
15037	0.327731
15038	0.327803
15039	0.327874
15040	0.327945
15041	0.328016
15042	0.328086
15043	0.328156
15044	0.328226
15045	0.328295
15046	0.328364
15047	0.328433
15048	0.328502
15049	0.32857
15050	0.328638
15051	0.328705
15052	0.328772
15053	0.328839
15054	0.328906
15055	0.328972
15056	0.329038
15057	0.329104
15058	0.329169
15059	0.329234
15060	0.329299
15061	0.329363
15062	0.329427
15063	0.329491
15064	0.329554
15065	0.329617
15066	0.32968
15067	0.329742
15068	0.329805
15069	0.329866
15070	0.329928
15071	0.329989
15072	0.33005
15073	0.330111
15074	0.330171
15075	0.330231
15076	0.33029
15077	0.33035
15078	0.330408
15079	0.330467
15080	0.330525
15081	0.330583
15082	0.330641
15083	0.330699
15084	0.330756
15085	0.330812
15086	0.330869
15087	0.330925
15088	0.330981
15089	0.331036
15090	0.331091
15091	0.331146
15092	0.331201
15093	0.331255
15094	0.331309
15095	0.331362
15096	0.331416
15097	0.331469
15098	0.331521
15099	0.331574
15100	0.331626
15101	0.331677
15102	0.331729
15103	0.33178
15104	0.33183
15105	0.331881
15106	0.331931
15107	0.331981
15108	0.33203
15109	0.332079
15110	0.332128
15111	0.332177
15112	0.332225
15113	0.332273
15114	0.33232
15115	0.332367
15116	0.332414
15117	0.332461
15118	0.332507
15119	0.332553
15120	0.332599
15121	0.332644
15122	0.332689
15123	0.332734
15124	0.332778
15125	0.332823
15126	0.332866
15127	0.33291
15128	0.332953
15129	0.332996
15130	0.333038
15131	0.333081
15132	0.333122
15133	0.333164
15134	0.333205
15135	0.333246
15136	0.333287
15137	0.333327
15138	0.333367
15139	0.333407
15140	0.333446
15141	0.333485
15142	0.333524
15143	0.333563
15144	0.333601
15145	0.333638
15146	0.333676
15147	0.333713
15148	0.33375
15149	0.333787
15150	0.333823
15151	0.333859
15152	0.333894
15153	0.33393
15154	0.333965
15155	0.333999
15156	0.334034
15157	0.334068
15158	0.334101
15159	0.334135
15160	0.334168
15161	0.334201
15162	0.334233
15163	0.334265
15164	0.334297
15165	0.334329
15166	0.33436
15167	0.334391
15168	0.334421
15169	0.334452
15170	0.334482
15171	0.334511
15172	0.334541
15173	0.33457
15174	0.334598
15175	0.334627
15176	0.334655
15177	0.334683
15178	0.33471
15179	0.334737
15180	0.334764
15181	0.33479
15182	0.334817
15183	0.334842
15184	0.334868
15185	0.334893
15186	0.334918
15187	0.334943
15188	0.334967
15189	0.334991
15190	0.335015
15191	0.335038
15192	0.335061
15193	0.335084
15194	0.335106
15195	0.335128
15196	0.33515
15197	0.335171
15198	0.335192
15199	0.335213
15200	0.335233
15201	0.335254
15202	0.335273
15203	0.335293
15204	0.335312
15205	0.335331
15206	0.335349
15207	0.335368
15208	0.335386
15209	0.335403
15210	0.33542
15211	0.335437
15212	0.335454
15213	0.33547
15214	0.335486
15215	0.335502
15216	0.335517
15217	0.335532
15218	0.335547
15219	0.335561
15220	0.335575
15221	0.335589
15222	0.335602
15223	0.335615
15224	0.335628
15225	0.33564
15226	0.335652
15227	0.335664
15228	0.335675
15229	0.335686
15230	0.335697
15231	0.335707
15232	0.335717
15233	0.335727
15234	0.335736
15235	0.335745
15236	0.335754
15237	0.335762
15238	0.33577
15239	0.335778
15240	0.335786
15241	0.335793
15242	0.335799
15243	0.335806
15244	0.335812
15245	0.335818
15246	0.335823
15247	0.335828
15248	0.335833
15249	0.335837
15250	0.335841
15251	0.335845
15252	0.335848
15253	0.335851
15254	0.335854
15255	0.335856
15256	0.335858
15257	0.33586
15258	0.335862
15259	0.335863
15260	0.335863
15261	0.335864
15262	0.335864
15263	0.335863
15264	0.335863
15265	0.335862
15266	0.33586
15267	0.335859
15268	0.335857
15269	0.335854
15270	0.335852
15271	0.335849
15272	0.335846
15273	0.335842
15274	0.335838
15275	0.335834
15276	0.335829
15277	0.335824
15278	0.335819
15279	0.335813
15280	0.335807
15281	0.335801
15282	0.335794
15283	0.335787
15284	0.33578
15285	0.335772
15286	0.335764
15287	0.335756
15288	0.335747
15289	0.335738
15290	0.335729
15291	0.335719
15292	0.335709
15293	0.335699
15294	0.335688
15295	0.335677
15296	0.335666
15297	0.335654
15298	0.335642
15299	0.33563
15300	0.335617
15301	0.335604
15302	0.335591
15303	0.335577
15304	0.335563
15305	0.335549
15306	0.335534
15307	0.33552
15308	0.335504
15309	0.335489
15310	0.335473
15311	0.335457
15312	0.33544
15313	0.335423
15314	0.335406
15315	0.335389
15316	0.335371
15317	0.335353
15318	0.335334
15319	0.335315
15320	0.335296
15321	0.335277
15322	0.335257
15323	0.335237
15324	0.335217
15325	0.335196
15326	0.335175
15327	0.335154
15328	0.335132
15329	0.33511
15330	0.335088
15331	0.335065
15332	0.335042
15333	0.335019
15334	0.334996
15335	0.334972
15336	0.334948
15337	0.334923
15338	0.334898
15339	0.334873
15340	0.334848
15341	0.334822
15342	0.334796
15343	0.33477
15344	0.334743
15345	0.334716
15346	0.334689
15347	0.334661
15348	0.334633
15349	0.334605
15350	0.334577
15351	0.334548
15352	0.334519
15353	0.334489
15354	0.33446
15355	0.33443
15356	0.334399
15357	0.334369
15358	0.334338
15359	0.334306
15360	0.334275
15361	0.334243
15362	0.334211
15363	0.334178
15364	0.334145
15365	0.334112
15366	0.334079
15367	0.334045
15368	0.334011
15369	0.333977
15370	0.333942
15371	0.333907
15372	0.333872
15373	0.333837
15374	0.333801
15375	0.333765
15376	0.333728
15377	0.333691
15378	0.333654
15379	0.333617
15380	0.333579
15381	0.333541
15382	0.333503
15383	0.333465
15384	0.333426
15385	0.333387
15386	0.333347
15387	0.333307
15388	0.333267
15389	0.333227
15390	0.333186
15391	0.333145
15392	0.333104
15393	0.333062
15394	0.33302
15395	0.332978
15396	0.332936
15397	0.332893
15398	0.33285
15399	0.332806
15400	0.332763
15401	0.332719
15402	0.332674
15403	0.33263
15404	0.332585
15405	0.33254
15406	0.332494
15407	0.332448
15408	0.332402
15409	0.332356
15410	0.332309
15411	0.332262
15412	0.332215
15413	0.332167
15414	0.332119
15415	0.332071
15416	0.332022
15417	0.331974
15418	0.331924
15419	0.331875
15420	0.331825
15421	0.331775
15422	0.331725
15423	0.331674
15424	0.331623
15425	0.331572
15426	0.33152
15427	0.331468
15428	0.331416
15429	0.331364
15430	0.331311
15431	0.331258
15432	0.331205
15433	0.331151
15434	0.331097
15435	0.331043
15436	0.330988
15437	0.330933
15438	0.330878
15439	0.330822
15440	0.330767
15441	0.33071
15442	0.330654
15443	0.330597
15444	0.33054
15445	0.330483
15446	0.330425
15447	0.330367
15448	0.330309
15449	0.330251
15450	0.330192
15451	0.330133
15452	0.330073
15453	0.330013
15454	0.329953
15455	0.329893
15456	0.329832
15457	0.329771
15458	0.32971
15459	0.329648
15460	0.329587
15461	0.329524
15462	0.329462
15463	0.329399
15464	0.329336
15465	0.329273
15466	0.329209
15467	0.329145
15468	0.329081
15469	0.329016
15470	0.328951
15471	0.328886
15472	0.32882
15473	0.328754
15474	0.328688
15475	0.328622
15476	0.328555
15477	0.328488
15478	0.328421
15479	0.328353
15480	0.328285
15481	0.328217
15482	0.328148
15483	0.328079
15484	0.32801
15485	0.327941
15486	0.327871
15487	0.327801
15488	0.327731
15489	0.32766
15490	0.327589
15491	0.327518
15492	0.327446
15493	0.327374
15494	0.327302
15495	0.327229
15496	0.327157
15497	0.327083
15498	0.32701
15499	0.326936
15500	0.326862
15501	0.326788
15502	0.326713
15503	0.326638
15504	0.326563
15505	0.326488
15506	0.326412
15507	0.326336
15508	0.326259
15509	0.326182
15510	0.326105
15511	0.326028
15512	0.32595
15513	0.325872
15514	0.325794
15515	0.325716
15516	0.325637
15517	0.325557
15518	0.325478
15519	0.325398
15520	0.325318
15521	0.325238
15522	0.325157
15523	0.325076
15524	0.324995
15525	0.324913
15526	0.324831
15527	0.324749
15528	0.324666
15529	0.324584
15530	0.324501
15531	0.324417
15532	0.324333
15533	0.324249
15534	0.324165
15535	0.32408
15536	0.323995
15537	0.32391
15538	0.323825
15539	0.323739
15540	0.323653
15541	0.323566
15542	0.32348
15543	0.323393
15544	0.323305
15545	0.323218
15546	0.32313
15547	0.323041
15548	0.322953
15549	0.322864
15550	0.322775
15551	0.322685
15552	0.322596
15553	0.322506
15554	0.322415
15555	0.322325
15556	0.322234
15557	0.322142
15558	0.322051
15559	0.321959
15560	0.321867
15561	0.321774
15562	0.321682
15563	0.321589
15564	0.321495
15565	0.321402
15566	0.321308
15567	0.321214
15568	0.321119
15569	0.321024
15570	0.320929
15571	0.320834
15572	0.320738
15573	0.320642
15574	0.320545
15575	0.320449
15576	0.320352
15577	0.320255
15578	0.320157
15579	0.320059
15580	0.319961
15581	0.319863
15582	0.319764
15583	0.319665
15584	0.319566
15585	0.319466
15586	0.319366
15587	0.319266
15588	0.319166
15589	0.319065
15590	0.318964
15591	0.318862
15592	0.318761
15593	0.318659
15594	0.318556
15595	0.318454
15596	0.318351
15597	0.318248
15598	0.318144
15599	0.318041
15600	0.317937
15601	0.317832
15602	0.317728
15603	0.317623
15604	0.317517
15605	0.317412
15606	0.317306
15607	0.3172
15608	0.317094
15609	0.316987
15610	0.31688
15611	0.316773
15612	0.316665
15613	0.316557
15614	0.316449
15615	0.31634
15616	0.316232
15617	0.316123
15618	0.316013
15619	0.315904
15620	0.315794
15621	0.315683
15622	0.315573
15623	0.315462
15624	0.315351
15625	0.315239
15626	0.315128
15627	0.315016
15628	0.314903
15629	0.314791
15630	0.314678
15631	0.314565
15632	0.314451
15633	0.314338
15634	0.314224
15635	0.314109
15636	0.313995
15637	0.31388
15638	0.313764
15639	0.313649
15640	0.313533
15641	0.313417
15642	0.313301
15643	0.313184
15644	0.313067
15645	0.31295
15646	0.312832
15647	0.312714
15648	0.312596
15649	0.312478
15650	0.312359
15651	0.31224
15652	0.312121
15653	0.312001
15654	0.311881
15655	0.311761
15656	0.311641
15657	0.31152
15658	0.311399
15659	0.311277
15660	0.311156
15661	0.311034
15662	0.310912
15663	0.310789
15664	0.310666
15665	0.310543
15666	0.31042
15667	0.310296
15668	0.310172
15669	0.310048
15670	0.309924
15671	0.309799
15672	0.309674
15673	0.309548
15674	0.309423
15675	0.309297
15676	0.30917
15677	0.309044
15678	0.308917
15679	0.30879
15680	0.308662
15681	0.308535
15682	0.308407
15683	0.308279
15684	0.30815
15685	0.308021
15686	0.307892
15687	0.307763
15688	0.307633
15689	0.307503
15690	0.307373
15691	0.307242
15692	0.307111
15693	0.30698
15694	0.306849
15695	0.306717
15696	0.306585
15697	0.306453
15698	0.30632
15699	0.306187
15700	0.306054
15701	0.305921
15702	0.305787
15703	0.305653
15704	0.305519
15705	0.305384
15706	0.305249
15707	0.305114
15708	0.304979
15709	0.304843
15710	0.304707
15711	0.304571
15712	0.304434
15713	0.304297
15714	0.30416
15715	0.304023
15716	0.303885
15717	0.303747
15718	0.303609
15719	0.30347
15720	0.303332
15721	0.303193
15722	0.303053
15723	0.302914
15724	0.302774
15725	0.302633
15726	0.302493
15727	0.302352
15728	0.302211
15729	0.30207
15730	0.301928
15731	0.301786
15732	0.301644
15733	0.301502
15734	0.301359
15735	0.301216
15736	0.301072
15737	0.300929
15738	0.300785
15739	0.300641
15740	0.300496
15741	0.300352
15742	0.300207
15743	0.300062
15744	0.299916
15745	0.29977
15746	0.299624
15747	0.299478
15748	0.299331
15749	0.299184
15750	0.299037
15751	0.29889
15752	0.298742
15753	0.298594
15754	0.298445
15755	0.298297
15756	0.298148
15757	0.297999
15758	0.297849
15759	0.2977
15760	0.29755
15761	0.2974
15762	0.297249
15763	0.297098
15764	0.296947
15765	0.296796
15766	0.296644
15767	0.296492
15768	0.29634
15769	0.296188
15770	0.296035
15771	0.295882
15772	0.295729
15773	0.295575
15774	0.295422
15775	0.295268
15776	0.295113
15777	0.294959
15778	0.294804
15779	0.294649
15780	0.294493
15781	0.294337
15782	0.294181
15783	0.294025
15784	0.293869
15785	0.293712
15786	0.293555
15787	0.293397
15788	0.29324
15789	0.293082
15790	0.292924
15791	0.292765
15792	0.292607
15793	0.292448
15794	0.292289
15795	0.292129
15796	0.291969
15797	0.291809
15798	0.291649
15799	0.291488
15800	0.291328
15801	0.291166
15802	0.291005
15803	0.290843
15804	0.290681
15805	0.290519
15806	0.290357
15807	0.290194
15808	0.290031
15809	0.289868
15810	0.289704
15811	0.289541
15812	0.289376
15813	0.289212
15814	0.289048
15815	0.288883
15816	0.288718
15817	0.288552
15818	0.288386
15819	0.288221
15820	0.288054
15821	0.287888
15822	0.287721
15823	0.287554
15824	0.287387
15825	0.287219
15826	0.287052
15827	0.286884
15828	0.286715
15829	0.286547
15830	0.286378
15831	0.286209
15832	0.286039
15833	0.28587
15834	0.2857
15835	0.28553
15836	0.285359
15837	0.285188
15838	0.285017
15839	0.284846
15840	0.284675
15841	0.284503
15842	0.284331
15843	0.284159
15844	0.283986
15845	0.283813
15846	0.28364
15847	0.283467
15848	0.283293
15849	0.28312
15850	0.282945
15851	0.282771
15852	0.282596
15853	0.282422
15854	0.282246
15855	0.282071
15856	0.281895
15857	0.281719
15858	0.281543
15859	0.281367
15860	0.28119
15861	0.281013
15862	0.280836
15863	0.280658
15864	0.28048
15865	0.280302
15866	0.280124
15867	0.279946
15868	0.279767
15869	0.279588
15870	0.279408
15871	0.279229
15872	0.279049
15873	0.278869
15874	0.278689
15875	0.278508
15876	0.278327
15877	0.278146
15878	0.277965
15879	0.277783
15880	0.277601
15881	0.277419
15882	0.277237
15883	0.277054
15884	0.276871
15885	0.276688
15886	0.276504
15887	0.276321
15888	0.276137
15889	0.275953
15890	0.275768
15891	0.275583
15892	0.275398
15893	0.275213
15894	0.275028
15895	0.274842
15896	0.274656
15897	0.27447
15898	0.274283
15899	0.274096
15900	0.273909
15901	0.273722
15902	0.273535
15903	0.273347
15904	0.273159
15905	0.272971
15906	0.272782
15907	0.272593
15908	0.272404
15909	0.272215
15910	0.272025
15911	0.271836
15912	0.271646
15913	0.271455
15914	0.271265
15915	0.271074
15916	0.270883
15917	0.270692
15918	0.2705
15919	0.270308
15920	0.270116
15921	0.269924
15922	0.269731
15923	0.269538
15924	0.269345
15925	0.269152
15926	0.268958
15927	0.268765
15928	0.268571
15929	0.268376
15930	0.268182
15931	0.267987
15932	0.267792
15933	0.267597
15934	0.267401
15935	0.267205
15936	0.267009
15937	0.266813
15938	0.266616
15939	0.266419
15940	0.266222
15941	0.266025
15942	0.265828
15943	0.26563
15944	0.265432
15945	0.265233
15946	0.265035
15947	0.264836
15948	0.264637
15949	0.264438
15950	0.264238
15951	0.264038
15952	0.263838
15953	0.263638
15954	0.263438
15955	0.263237
15956	0.263036
15957	0.262835
15958	0.262633
15959	0.262431
15960	0.262229
15961	0.262027
15962	0.261825
15963	0.261622
15964	0.261419
15965	0.261216
15966	0.261012
15967	0.260809
15968	0.260605
15969	0.2604
15970	0.260196
15971	0.259991
15972	0.259786
15973	0.259581
15974	0.259376
15975	0.25917
15976	0.258964
15977	0.258758
15978	0.258552
15979	0.258345
15980	0.258138
15981	0.257931
15982	0.257724
15983	0.257516
15984	0.257308
15985	0.2571
15986	0.256892
15987	0.256683
15988	0.256475
15989	0.256266
15990	0.256056
15991	0.255847
15992	0.255637
15993	0.255427
15994	0.255217
15995	0.255006
15996	0.254796
15997	0.254585
15998	0.254374
15999	0.254162
16000	0.25395
16001	0.253739
16002	0.253526
16003	0.253314
16004	0.253101
16005	0.252889
16006	0.252675
16007	0.252462
16008	0.252249
16009	0.252035
16010	0.251821
16011	0.251606
16012	0.251392
16013	0.251177
16014	0.250962
16015	0.250747
16016	0.250531
16017	0.250316
16018	0.2501
16019	0.249884
16020	0.249667
16021	0.249451
16022	0.249234
16023	0.249017
16024	0.248799
16025	0.248582
16026	0.248364
16027	0.248146
16028	0.247928
16029	0.247709
16030	0.24749
16031	0.247271
16032	0.247052
16033	0.246833
16034	0.246613
16035	0.246393
16036	0.246173
16037	0.245953
16038	0.245732
16039	0.245511
16040	0.24529
16041	0.245069
16042	0.244848
16043	0.244626
16044	0.244404
16045	0.244182
16046	0.243959
16047	0.243737
16048	0.243514
16049	0.243291
16050	0.243067
16051	0.242844
16052	0.24262
16053	0.242396
16054	0.242172
16055	0.241947
16056	0.241722
16057	0.241497
16058	0.241272
16059	0.241047
16060	0.240821
16061	0.240596
16062	0.240369
16063	0.240143
16064	0.239917
16065	0.23969
16066	0.239463
16067	0.239236
16068	0.239008
16069	0.238781
16070	0.238553
16071	0.238325
16072	0.238096
16073	0.237868
16074	0.237639
16075	0.23741
16076	0.237181
16077	0.236952
16078	0.236722
16079	0.236492
16080	0.236262
16081	0.236032
16082	0.235801
16083	0.23557
16084	0.23534
16085	0.235108
16086	0.234877
16087	0.234645
16088	0.234413
16089	0.234181
16090	0.233949
16091	0.233717
16092	0.233484
16093	0.233251
16094	0.233018
16095	0.232784
16096	0.232551
16097	0.232317
16098	0.232083
16099	0.231849
16100	0.231614
16101	0.23138
16102	0.231145
16103	0.23091
16104	0.230674
16105	0.230439
16106	0.230203
16107	0.229967
16108	0.229731
16109	0.229494
16110	0.229258
16111	0.229021
16112	0.228784
16113	0.228547
16114	0.228309
16115	0.228071
16116	0.227833
16117	0.227595
16118	0.227357
16119	0.227118
16120	0.22688
16121	0.226641
16122	0.226402
16123	0.226162
16124	0.225922
16125	0.225683
16126	0.225443
16127	0.225202
16128	0.224962
16129	0.224721
16130	0.22448
16131	0.224239
16132	0.223998
16133	0.223756
16134	0.223515
16135	0.223273
16136	0.223031
16137	0.222788
16138	0.222546
16139	0.222303
16140	0.22206
16141	0.221817
16142	0.221573
16143	0.22133
16144	0.221086
16145	0.220842
16146	0.220597
16147	0.220353
16148	0.220108
16149	0.219863
16150	0.219618
16151	0.219373
16152	0.219128
16153	0.218882
16154	0.218636
16155	0.21839
16156	0.218143
16157	0.217897
16158	0.21765
16159	0.217403
16160	0.217156
16161	0.216909
16162	0.216661
16163	0.216413
16164	0.216165
16165	0.215917
16166	0.215669
16167	0.21542
16168	0.215172
16169	0.214923
16170	0.214673
16171	0.214424
16172	0.214174
16173	0.213925
16174	0.213675
16175	0.213424
16176	0.213174
16177	0.212923
16178	0.212672
16179	0.212421
16180	0.21217
16181	0.211919
16182	0.211667
16183	0.211415
16184	0.211163
16185	0.210911
16186	0.210659
16187	0.210406
16188	0.210153
16189	0.2099
16190	0.209647
16191	0.209394
16192	0.20914
16193	0.208886
16194	0.208632
16195	0.208378
16196	0.208123
16197	0.207869
16198	0.207614
16199	0.207359
16200	0.207104
16201	0.206848
16202	0.206593
16203	0.206337
16204	0.206081
16205	0.205825
16206	0.205568
16207	0.205312
16208	0.205055
16209	0.204798
16210	0.204541
16211	0.204284
16212	0.204026
16213	0.203768
16214	0.20351
16215	0.203252
16216	0.202994
16217	0.202735
16218	0.202477
16219	0.202218
16220	0.201959
16221	0.201699
16222	0.20144
16223	0.20118
16224	0.20092
16225	0.20066
16226	0.2004
16227	0.20014
16228	0.199879
16229	0.199618
16230	0.199357
16231	0.199096
16232	0.198835
16233	0.198573
16234	0.198311
16235	0.198049
16236	0.197787
16237	0.197525
16238	0.197262
16239	0.197
16240	0.196737
16241	0.196474
16242	0.196211
16243	0.195947
16244	0.195684
16245	0.19542
16246	0.195156
16247	0.194892
16248	0.194627
16249	0.194363
16250	0.194098
16251	0.193833
16252	0.193568
16253	0.193303
16254	0.193037
16255	0.192772
16256	0.192506
16257	0.19224
16258	0.191974
16259	0.191707
16260	0.191441
16261	0.191174
16262	0.190907
16263	0.19064
16264	0.190373
16265	0.190105
16266	0.189838
16267	0.18957
16268	0.189302
16269	0.189034
16270	0.188765
16271	0.188497
16272	0.188228
16273	0.187959
16274	0.18769
16275	0.187421
16276	0.187152
16277	0.186882
16278	0.186612
16279	0.186342
16280	0.186072
16281	0.185802
16282	0.185532
16283	0.185261
16284	0.18499
16285	0.184719
16286	0.184448
16287	0.184177
16288	0.183905
16289	0.183634
16290	0.183362
16291	0.18309
16292	0.182818
16293	0.182545
16294	0.182273
16295	0.182
16296	0.181727
16297	0.181454
16298	0.181181
16299	0.180908
16300	0.180634
16301	0.18036
16302	0.180087
16303	0.179813
16304	0.179538
16305	0.179264
16306	0.178989
16307	0.178715
16308	0.17844
16309	0.178165
16310	0.17789
16311	0.177614
16312	0.177339
16313	0.177063
16314	0.176787
16315	0.176511
16316	0.176235
16317	0.175958
16318	0.175682
16319	0.175405
16320	0.175128
16321	0.174851
16322	0.174574
16323	0.174297
16324	0.174019
16325	0.173742
16326	0.173464
16327	0.173186
16328	0.172908
16329	0.172629
16330	0.172351
16331	0.172072
16332	0.171793
16333	0.171514
16334	0.171235
16335	0.170956
16336	0.170676
16337	0.170397
16338	0.170117
16339	0.169837
16340	0.169557
16341	0.169277
16342	0.168996
16343	0.168716
16344	0.168435
16345	0.168154
16346	0.167873
16347	0.167592
16348	0.167311
16349	0.167029
16350	0.166747
16351	0.166466
16352	0.166184
16353	0.165901
16354	0.165619
16355	0.165337
16356	0.165054
16357	0.164771
16358	0.164488
16359	0.164205
16360	0.163922
16361	0.163639
16362	0.163355
16363	0.163072
16364	0.162788
16365	0.162504
16366	0.16222
16367	0.161935
16368	0.161651
16369	0.161366
16370	0.161082
16371	0.160797
16372	0.160512
16373	0.160226
16374	0.159941
16375	0.159656
16376	0.15937
16377	0.159084
16378	0.158798
16379	0.158512
16380	0.158226
16381	0.157939
16382	0.157653
16383	0.157366
16384	0.157079
16385	0.156792
16386	0.156505
16387	0.156218
16388	0.15593
16389	0.155643
16390	0.155355
16391	0.155067
16392	0.154779
16393	0.154491
16394	0.154203
16395	0.153914
16396	0.153626
16397	0.153337
16398	0.153048
16399	0.152759
16400	0.15247
16401	0.152181
16402	0.151891
16403	0.151602
16404	0.151312
16405	0.151022
16406	0.150732
16407	0.150442
16408	0.150151
16409	0.149861
16410	0.14957
16411	0.14928
16412	0.148989
16413	0.148698
16414	0.148406
16415	0.148115
16416	0.147824
16417	0.147532
16418	0.14724
16419	0.146949
16420	0.146657
16421	0.146364
16422	0.146072
16423	0.14578
16424	0.145487
16425	0.145195
16426	0.144902
16427	0.144609
16428	0.144316
16429	0.144022
16430	0.143729
16431	0.143436
16432	0.143142
16433	0.142848
16434	0.142554
16435	0.14226
16436	0.141966
16437	0.141672
16438	0.141377
16439	0.141083
16440	0.140788
16441	0.140493
16442	0.140198
16443	0.139903
16444	0.139608
16445	0.139312
16446	0.139017
16447	0.138721
16448	0.138426
16449	0.13813
16450	0.137834
16451	0.137538
16452	0.137241
16453	0.136945
16454	0.136648
16455	0.136352
16456	0.136055
16457	0.135758
16458	0.135461
16459	0.135164
16460	0.134866
16461	0.134569
16462	0.134271
16463	0.133974
16464	0.133676
16465	0.133378
16466	0.13308
16467	0.132782
16468	0.132483
16469	0.132185
16470	0.131886
16471	0.131588
16472	0.131289
16473	0.13099
16474	0.130691
16475	0.130392
16476	0.130093
16477	0.129793
16478	0.129494
16479	0.129194
16480	0.128894
16481	0.128594
16482	0.128294
16483	0.127994
16484	0.127694
16485	0.127393
16486	0.127093
16487	0.126792
16488	0.126492
16489	0.126191
16490	0.12589
16491	0.125589
16492	0.125287
16493	0.124986
16494	0.124685
16495	0.124383
16496	0.124081
16497	0.123779
16498	0.123478
16499	0.123175
16500	0.122873
16501	0.122571
16502	0.122269
16503	0.121966
16504	0.121663
16505	0.121361
16506	0.121058
16507	0.120755
16508	0.120452
16509	0.120149
16510	0.119845
16511	0.119542
16512	0.119238
16513	0.118935
16514	0.118631
16515	0.118327
16516	0.118023
16517	0.117719
16518	0.117415
16519	0.11711
16520	0.116806
16521	0.116501
16522	0.116197
16523	0.115892
16524	0.115587
16525	0.115282
16526	0.114977
16527	0.114672
16528	0.114366
16529	0.114061
16530	0.113755
16531	0.11345
16532	0.113144
16533	0.112838
16534	0.112532
16535	0.112226
16536	0.11192
16537	0.111613
16538	0.111307
16539	0.111
16540	0.110694
16541	0.110387
16542	0.11008
16543	0.109773
16544	0.109466
16545	0.109159
16546	0.108852
16547	0.108544
16548	0.108237
16549	0.107929
16550	0.107622
16551	0.107314
16552	0.107006
16553	0.106698
16554	0.10639
16555	0.106082
16556	0.105773
16557	0.105465
16558	0.105157
16559	0.104848
16560	0.104539
16561	0.10423
16562	0.103921
16563	0.103612
16564	0.103303
16565	0.102994
16566	0.102685
16567	0.102375
16568	0.102066
16569	0.101756
16570	0.101447
16571	0.101137
16572	0.100827
16573	0.100517
16574	0.100207
16575	0.0998965
16576	0.0995862
16577	0.0992758
16578	0.0989653
16579	0.0986548
16580	0.0983441
16581	0.0980333
16582	0.0977224
16583	0.0974115
16584	0.0971004
16585	0.0967893
16586	0.096478
16587	0.0961667
16588	0.0958553
16589	0.0955438
16590	0.0952321
16591	0.0949204
16592	0.0946086
16593	0.0942968
16594	0.0939848
16595	0.0936727
16596	0.0933606
16597	0.0930483
16598	0.092736
16599	0.0924235
16600	0.092111
16601	0.0917984
16602	0.0914857
16603	0.091173
16604	0.0908601
16605	0.0905472
16606	0.0902341
16607	0.089921
16608	0.0896078
16609	0.0892945
16610	0.0889811
16611	0.0886677
16612	0.0883541
16613	0.0880405
16614	0.0877268
16615	0.087413
16616	0.0870991
16617	0.0867852
16618	0.0864711
16619	0.086157
16620	0.0858428
16621	0.0855285
16622	0.0852141
16623	0.0848997
16624	0.0845852
16625	0.0842706
16626	0.0839559
16627	0.0836411
16628	0.0833263
16629	0.0830114
16630	0.0826964
16631	0.0823813
16632	0.0820662
16633	0.0817509
16634	0.0814356
16635	0.0811203
16636	0.0808048
16637	0.0804893
16638	0.0801737
16639	0.079858
16640	0.0795423
16641	0.0792264
16642	0.0789105
16643	0.0785946
16644	0.0782785
16645	0.0779624
16646	0.0776462
16647	0.07733
16648	0.0770136
16649	0.0766972
16650	0.0763808
16651	0.0760642
16652	0.0757476
16653	0.075431
16654	0.0751142
16655	0.0747974
16656	0.0744805
16657	0.0741635
16658	0.0738465
16659	0.0735294
16660	0.0732123
16661	0.0728951
16662	0.0725778
16663	0.0722604
16664	0.071943
16665	0.0716255
16666	0.0713079
16667	0.0709903
16668	0.0706726
16669	0.0703549
16670	0.0700371
16671	0.0697192
16672	0.0694013
16673	0.0690833
16674	0.0687652
16675	0.0684471
16676	0.0681289
16677	0.0678106
16678	0.0674923
16679	0.0671739
16680	0.0668555
16681	0.066537
16682	0.0662184
16683	0.0658998
16684	0.0655811
16685	0.0652624
16686	0.0649436
16687	0.0646247
16688	0.0643058
16689	0.0639868
16690	0.0636678
16691	0.0633487
16692	0.0630295
16693	0.0627103
16694	0.062391
16695	0.0620717
16696	0.0617523
16697	0.0614329
16698	0.0611134
16699	0.0607938
16700	0.0604742
16701	0.0601545
16702	0.0598348
16703	0.059515
16704	0.0591952
16705	0.0588753
16706	0.0585554
16707	0.0582354
16708	0.0579153
16709	0.0575952
16710	0.057275
16711	0.0569548
16712	0.0566346
16713	0.0563142
16714	0.0559939
16715	0.0556734
16716	0.0553529
16717	0.0550324
16718	0.0547118
16719	0.0543912
16720	0.0540705
16721	0.0537498
16722	0.053429
16723	0.0531081
16724	0.0527872
16725	0.0524663
16726	0.0521453
16727	0.0518243
16728	0.0515032
16729	0.051182
16730	0.0508608
16731	0.0505396
16732	0.0502183
16733	0.0498969
16734	0.0495755
16735	0.0492541
16736	0.0489326
16737	0.0486111
16738	0.0482895
16739	0.0479679
16740	0.0476462
16741	0.0473245
16742	0.0470027
16743	0.0466809
16744	0.046359
16745	0.0460371
16746	0.0457151
16747	0.0453931
16748	0.0450711
16749	0.044749
16750	0.0444269
16751	0.0441047
16752	0.0437824
16753	0.0434602
16754	0.0431379
16755	0.0428155
16756	0.0424931
16757	0.0421706
16758	0.0418482
16759	0.0415256
16760	0.041203
16761	0.0408804
16762	0.0405578
16763	0.040235
16764	0.0399123
16765	0.0395895
16766	0.0392667
16767	0.0389438
16768	0.0386209
16769	0.0382979
16770	0.037975
16771	0.0376519
16772	0.0373288
16773	0.0370057
16774	0.0366826
16775	0.0363594
16776	0.0360362
16777	0.0357129
16778	0.0353896
16779	0.0350662
16780	0.0347429
16781	0.0344194
16782	0.034096
16783	0.0337725
16784	0.033449
16785	0.0331254
16786	0.0328018
16787	0.0324782
16788	0.0321545
16789	0.0318308
16790	0.031507
16791	0.0311832
16792	0.0308594
16793	0.0305356
16794	0.0302117
16795	0.0298878
16796	0.0295638
16797	0.0292399
16798	0.0289159
16799	0.0285918
16800	0.0282677
16801	0.0279436
16802	0.0276195
16803	0.0272953
16804	0.0269711
16805	0.0266469
16806	0.0263226
16807	0.0259984
16808	0.025674
16809	0.0253497
16810	0.0250253
16811	0.0247009
16812	0.0243765
16813	0.024052
16814	0.0237275
16815	0.023403
16816	0.0230785
16817	0.0227539
16818	0.0224293
16819	0.0221047
16820	0.0217801
16821	0.0214554
16822	0.0211307
16823	0.020806
16824	0.0204813
16825	0.0201565
16826	0.0198317
16827	0.0195069
16828	0.0191821
16829	0.0188572
16830	0.0185324
16831	0.0182075
16832	0.0178826
16833	0.0175576
16834	0.0172327
16835	0.0169077
16836	0.0165827
16837	0.0162577
16838	0.0159327
16839	0.0156076
16840	0.0152826
16841	0.0149575
16842	0.0146324
16843	0.0143073
16844	0.0139821
16845	0.013657
16846	0.0133318
16847	0.0130066
16848	0.0126814
16849	0.0123562
16850	0.012031
16851	0.0117058
16852	0.0113805
16853	0.0110553
16854	0.01073
16855	0.0104047
16856	0.0100794
16857	0.00975408
16858	0.00942875
16859	0.00910342
16860	0.00877807
16861	0.00845271
16862	0.00812735
16863	0.00780197
16864	0.00747658
16865	0.00715119
16866	0.00682579
16867	0.00650037
16868	0.00617495
16869	0.00584953
16870	0.00552409
16871	0.00519865
16872	0.0048732
16873	0.00454774
16874	0.00422228
16875	0.00389681
16876	0.00357134
16877	0.00324586
16878	0.00292038
16879	0.00259489
16880	0.0022694
16881	0.0019439
16882	0.0016184
16883	0.0012929
16884	0.000967394
16885	0.000641885
16886	0.000316373
16887	-9.14006e-06
16888	-0.000334656
16889	-0.000660173
16890	-0.000985691
16891	-0.00131121
16892	-0.00163673
16893	-0.00196225
16894	-0.00228777
16895	-0.00261329
16896	-0.00293881
16897	-0.00326433
16898	-0.00358985
16899	-0.00391537
16900	-0.00424089
16901	-0.0045664
16902	-0.00489192
16903	-0.00521743
16904	-0.00554293
16905	-0.00586844
16906	-0.00619394
16907	-0.00651944
16908	-0.00684494
16909	-0.00717043
16910	-0.00749592
16911	-0.0078214
16912	-0.00814688
16913	-0.00847236
16914	-0.00879783
16915	-0.00912329
16916	-0.00944875
16917	-0.0097742
16918	-0.0100997
16919	-0.0104251
16920	-0.0107505
16921	-0.011076
16922	-0.0114014
16923	-0.0117268
16924	-0.0120522
16925	-0.0123776
16926	-0.012703
16927	-0.0130284
16928	-0.0133537
16929	-0.0136791
16930	-0.0140045
16931	-0.0143298
16932	-0.0146552
16933	-0.0149805
16934	-0.0153058
16935	-0.0156311
16936	-0.0159564
16937	-0.0162817
16938	-0.016607
16939	-0.0169322
16940	-0.0172575
16941	-0.0175827
16942	-0.017908
16943	-0.0182332
16944	-0.0185584
16945	-0.0188836
16946	-0.0192088
16947	-0.0195339
16948	-0.0198591
16949	-0.0201842
16950	-0.0205093
16951	-0.0208345
16952	-0.0211595
16953	-0.0214846
16954	-0.0218097
16955	-0.0221347
16956	-0.0224598
16957	-0.0227848
16958	-0.0231098
16959	-0.0234348
16960	-0.0237598
16961	-0.0240847
16962	-0.0244097
16963	-0.0247346
16964	-0.0250595
16965	-0.0253844
16966	-0.0257092
16967	-0.0260341
16968	-0.0263589
16969	-0.0266837
16970	-0.0270085
16971	-0.0273332
16972	-0.027658
16973	-0.0279827
16974	-0.0283074
16975	-0.0286321
16976	-0.0289568
16977	-0.0292814
16978	-0.029606
16979	-0.0299306
16980	-0.0302552
16981	-0.0305797
16982	-0.0309043
16983	-0.0312288
16984	-0.0315532
16985	-0.0318777
16986	-0.0322021
16987	-0.0325265
16988	-0.0328509
16989	-0.0331753
16990	-0.0334996
16991	-0.0338239
16992	-0.0341481
16993	-0.0344724
16994	-0.0347966
16995	-0.0351208
16996	-0.035445
16997	-0.0357691
16998	-0.0360932
16999	-0.0364173
17000	-0.0367413
17001	-0.0370653
17002	-0.0373893
17003	-0.0377133
17004	-0.0380372
17005	-0.0383611
17006	-0.038685
17007	-0.0390088
17008	-0.0393326
17009	-0.0396563
17010	-0.0399801
17011	-0.0403038
17012	-0.0406274
17013	-0.0409511
17014	-0.0412747
17015	-0.0415982
17016	-0.0419217
17017	-0.0422452
17018	-0.0425687
17019	-0.0428921
17020	-0.0432155
17021	-0.0435388
17022	-0.0438621
17023	-0.0441854
17024	-0.0445086
17025	-0.0448318
17026	-0.045155
17027	-0.0454781
17028	-0.0458012
17029	-0.0461242
17030	-0.0464472
17031	-0.0467702
17032	-0.0470931
17033	-0.0474159
17034	-0.0477388
17035	-0.0480616
17036	-0.0483843
17037	-0.048707
17038	-0.0490297
17039	-0.0493523
17040	-0.0496749
17041	-0.0499974
17042	-0.0503199
17043	-0.0506423
17044	-0.0509647
17045	-0.0512871
17046	-0.0516094
17047	-0.0519317
17048	-0.0522539
17049	-0.052576
17050	-0.0528982
17051	-0.0532202
17052	-0.0535423
17053	-0.0538642
17054	-0.0541862
17055	-0.0545081
17056	-0.0548299
17057	-0.0551517
17058	-0.0554734
17059	-0.0557951
17060	-0.0561167
17061	-0.0564383
17062	-0.0567599
17063	-0.0570813
17064	-0.0574028
17065	-0.0577241
17066	-0.0580455
17067	-0.0583667
17068	-0.058688
17069	-0.0590091
17070	-0.0593303
17071	-0.0596513
17072	-0.0599723
17073	-0.0602933
17074	-0.0606142
17075	-0.060935
17076	-0.0612558
17077	-0.0615766
17078	-0.0618972
17079	-0.0622179
17080	-0.0625384
17081	-0.0628589
17082	-0.0631794
17083	-0.0634998
17084	-0.0638201
17085	-0.0641404
17086	-0.0644606
17087	-0.0647808
17088	-0.0651009
17089	-0.0654209
17090	-0.0657409
17091	-0.0660608
17092	-0.0663807
17093	-0.0667005
17094	-0.0670203
17095	-0.06734
17096	-0.0676596
17097	-0.0679791
17098	-0.0682986
17099	-0.0686181
17100	-0.0689375
17101	-0.0692568
17102	-0.069576
17103	-0.0698952
17104	-0.0702143
17105	-0.0705334
17106	-0.0708524
17107	-0.0711713
17108	-0.0714902
17109	-0.071809
17110	-0.0721277
17111	-0.0724464
17112	-0.072765
17113	-0.0730836
17114	-0.073402
17115	-0.0737204
17116	-0.0740388
17117	-0.0743571
17118	-0.0746753
17119	-0.0749934
17120	-0.0753115
17121	-0.0756295
17122	-0.0759474
17123	-0.0762653
17124	-0.0765831
17125	-0.0769008
17126	-0.0772185
17127	-0.077536
17128	-0.0778536
17129	-0.078171
17130	-0.0784884
17131	-0.0788057
17132	-0.0791229
17133	-0.0794401
17134	-0.0797572
17135	-0.0800742
17136	-0.0803911
17137	-0.080708
17138	-0.0810248
17139	-0.0813415
17140	-0.0816582
17141	-0.0819748
17142	-0.0822913
17143	-0.0826077
17144	-0.082924
17145	-0.0832403
17146	-0.0835565
17147	-0.0838727
17148	-0.0841887
17149	-0.0845047
17150	-0.0848206
17151	-0.0851364
17152	-0.0854521
17153	-0.0857678
17154	-0.0860834
17155	-0.0863989
17156	-0.0867144
17157	-0.0870297
17158	-0.087345
17159	-0.0876602
17160	-0.0879753
17161	-0.0882904
17162	-0.0886053
17163	-0.0889202
17164	-0.089235
17165	-0.0895497
17166	-0.0898644
17167	-0.0901789
17168	-0.0904934
17169	-0.0908078
17170	-0.0911221
17171	-0.0914363
17172	-0.0917505
17173	-0.0920645
17174	-0.0923785
17175	-0.0926924
17176	-0.0930062
17177	-0.09332
17178	-0.0936336
17179	-0.0939472
17180	-0.0942606
17181	-0.094574
17182	-0.0948873
17183	-0.0952006
17184	-0.0955137
17185	-0.0958268
17186	-0.0961397
17187	-0.0964526
17188	-0.0967654
17189	-0.0970781
17190	-0.0973907
17191	-0.0977032
17192	-0.0980157
17193	-0.098328
17194	-0.0986403
17195	-0.0989524
17196	-0.0992645
17197	-0.0995765
17198	-0.0998884
17199	-0.1002
17200	-0.100512
17201	-0.100824
17202	-0.101135
17203	-0.101447
17204	-0.101758
17205	-0.102069
17206	-0.10238
17207	-0.102691
17208	-0.103002
17209	-0.103313
17210	-0.103624
17211	-0.103935
17212	-0.104246
17213	-0.104556
17214	-0.104866
17215	-0.105177
17216	-0.105487
17217	-0.105797
17218	-0.106107
17219	-0.106417
17220	-0.106727
17221	-0.107037
17222	-0.107346
17223	-0.107656
17224	-0.107966
17225	-0.108275
17226	-0.108584
17227	-0.108893
17228	-0.109202
17229	-0.109511
17230	-0.10982
17231	-0.110129
17232	-0.110438
17233	-0.110746
17234	-0.111055
17235	-0.111363
17236	-0.111672
17237	-0.11198
17238	-0.112288
17239	-0.112596
17240	-0.112904
17241	-0.113211
17242	-0.113519
17243	-0.113827
17244	-0.114134
17245	-0.114441
17246	-0.114749
17247	-0.115056
17248	-0.115363
17249	-0.11567
17250	-0.115977
17251	-0.116283
17252	-0.11659
17253	-0.116897
17254	-0.117203
17255	-0.117509
17256	-0.117816
17257	-0.118122
17258	-0.118428
17259	-0.118734
17260	-0.119039
17261	-0.119345
17262	-0.119651
17263	-0.119956
17264	-0.120261
17265	-0.120567
17266	-0.120872
17267	-0.121177
17268	-0.121482
17269	-0.121786
17270	-0.122091
17271	-0.122396
17272	-0.1227
17273	-0.123004
17274	-0.123309
17275	-0.123613
17276	-0.123917
17277	-0.124221
17278	-0.124524
17279	-0.124828
17280	-0.125132
17281	-0.125435
17282	-0.125738
17283	-0.126042
17284	-0.126345
17285	-0.126648
17286	-0.126951
17287	-0.127253
17288	-0.127556
17289	-0.127858
17290	-0.128161
17291	-0.128463
17292	-0.128765
17293	-0.129067
17294	-0.129369
17295	-0.129671
17296	-0.129973
17297	-0.130274
17298	-0.130576
17299	-0.130877
17300	-0.131178
17301	-0.131479
17302	-0.13178
17303	-0.132081
17304	-0.132382
17305	-0.132682
17306	-0.132983
17307	-0.133283
17308	-0.133583
17309	-0.133883
17310	-0.134183
17311	-0.134483
17312	-0.134783
17313	-0.135082
17314	-0.135382
17315	-0.135681
17316	-0.13598
17317	-0.136279
17318	-0.136578
17319	-0.136877
17320	-0.137176
17321	-0.137474
17322	-0.137773
17323	-0.138071
17324	-0.138369
17325	-0.138667
17326	-0.138965
17327	-0.139263
17328	-0.139561
17329	-0.139858
17330	-0.140156
17331	-0.140453
17332	-0.14075
17333	-0.141047
17334	-0.141344
17335	-0.141641
17336	-0.141937
17337	-0.142234
17338	-0.14253
17339	-0.142826
17340	-0.143122
17341	-0.143418
17342	-0.143714
17343	-0.14401
17344	-0.144305
17345	-0.144601
17346	-0.144896
17347	-0.145191
17348	-0.145486
17349	-0.145781
17350	-0.146075
17351	-0.14637
17352	-0.146664
17353	-0.146959
17354	-0.147253
17355	-0.147547
17356	-0.147841
17357	-0.148135
17358	-0.148428
17359	-0.148722
17360	-0.149015
17361	-0.149308
17362	-0.149601
17363	-0.149894
17364	-0.150187
17365	-0.15048
17366	-0.150772
17367	-0.151065
17368	-0.151357
17369	-0.151649
17370	-0.151941
17371	-0.152233
17372	-0.152524
17373	-0.152816
17374	-0.153107
17375	-0.153398
17376	-0.15369
17377	-0.153981
17378	-0.154271
17379	-0.154562
17380	-0.154853
17381	-0.155143
17382	-0.155433
17383	-0.155723
17384	-0.156013
17385	-0.156303
17386	-0.156593
17387	-0.156882
17388	-0.157172
17389	-0.157461
17390	-0.15775
17391	-0.158039
17392	-0.158328
17393	-0.158616
17394	-0.158905
17395	-0.159193
17396	-0.159482
17397	-0.15977
17398	-0.160058
17399	-0.160345
17400	-0.160633
17401	-0.160921
17402	-0.161208
17403	-0.161495
17404	-0.161782
17405	-0.162069
17406	-0.162356
17407	-0.162643
17408	-0.162929
17409	-0.163215
17410	-0.163502
17411	-0.163788
17412	-0.164074
17413	-0.164359
17414	-0.164645
17415	-0.164931
17416	-0.165216
17417	-0.165501
17418	-0.165786
17419	-0.166071
17420	-0.166356
17421	-0.16664
17422	-0.166925
17423	-0.167209
17424	-0.167493
17425	-0.167777
17426	-0.168061
17427	-0.168345
17428	-0.168628
17429	-0.168912
17430	-0.169195
17431	-0.169478
17432	-0.169761
17433	-0.170044
17434	-0.170327
17435	-0.170609
17436	-0.170891
17437	-0.171174
17438	-0.171456
17439	-0.171738
17440	-0.172019
17441	-0.172301
17442	-0.172583
17443	-0.172864
17444	-0.173145
17445	-0.173426
17446	-0.173707
17447	-0.173988
17448	-0.174268
17449	-0.174549
17450	-0.174829
17451	-0.175109
17452	-0.175389
17453	-0.175669
17454	-0.175948
17455	-0.176228
17456	-0.176507
17457	-0.176786
17458	-0.177065
17459	-0.177344
17460	-0.177623
17461	-0.177901
17462	-0.17818
17463	-0.178458
17464	-0.178736
17465	-0.179014
17466	-0.179292
17467	-0.179569
17468	-0.179847
17469	-0.180124
17470	-0.180401
17471	-0.180678
17472	-0.180955
17473	-0.181232
17474	-0.181508
17475	-0.181784
17476	-0.182061
17477	-0.182337
17478	-0.182612
17479	-0.182888
17480	-0.183164
17481	-0.183439
17482	-0.183714
17483	-0.183989
17484	-0.184264
17485	-0.184538
17486	-0.184813
17487	-0.185087
17488	-0.185361
17489	-0.185635
17490	-0.185909
17491	-0.186183
17492	-0.186456
17493	-0.18673
17494	-0.187003
17495	-0.187276
17496	-0.187548
17497	-0.187821
17498	-0.188093
17499	-0.188366
17500	-0.188638
17501	-0.18891
17502	-0.189181
17503	-0.189453
17504	-0.189724
17505	-0.189995
17506	-0.190266
17507	-0.190537
17508	-0.190808
17509	-0.191078
17510	-0.191349
17511	-0.191619
17512	-0.191889
17513	-0.192158
17514	-0.192428
17515	-0.192697
17516	-0.192966
17517	-0.193235
17518	-0.193504
17519	-0.193773
17520	-0.194041
17521	-0.19431
17522	-0.194578
17523	-0.194845
17524	-0.195113
17525	-0.195381
17526	-0.195648
17527	-0.195915
17528	-0.196182
17529	-0.196449
17530	-0.196715
17531	-0.196981
17532	-0.197247
17533	-0.197513
17534	-0.197779
17535	-0.198045
17536	-0.19831
17537	-0.198575
17538	-0.19884
17539	-0.199105
17540	-0.199369
17541	-0.199634
17542	-0.199898
17543	-0.200162
17544	-0.200426
17545	-0.200689
17546	-0.200952
17547	-0.201216
17548	-0.201479
17549	-0.201741
17550	-0.202004
17551	-0.202266
17552	-0.202528
17553	-0.20279
17554	-0.203052
17555	-0.203314
17556	-0.203575
17557	-0.203836
17558	-0.204097
17559	-0.204358
17560	-0.204618
17561	-0.204879
17562	-0.205139
17563	-0.205399
17564	-0.205658
17565	-0.205918
17566	-0.206177
17567	-0.206436
17568	-0.206695
17569	-0.206954
17570	-0.207212
17571	-0.20747
17572	-0.207728
17573	-0.207986
17574	-0.208244
17575	-0.208501
17576	-0.208758
17577	-0.209015
17578	-0.209272
17579	-0.209529
17580	-0.209785
17581	-0.210041
17582	-0.210297
17583	-0.210553
17584	-0.210809
17585	-0.211064
17586	-0.211319
17587	-0.211574
17588	-0.211829
17589	-0.212083
17590	-0.212338
17591	-0.212592
17592	-0.212846
17593	-0.213099
17594	-0.213353
17595	-0.213606
17596	-0.213859
17597	-0.214112
17598	-0.214364
17599	-0.214617
17600	-0.214869
17601	-0.215121
17602	-0.215373
17603	-0.215624
17604	-0.215876
17605	-0.216127
17606	-0.216378
17607	-0.216629
17608	-0.216879
17609	-0.217129
17610	-0.21738
17611	-0.217629
17612	-0.217879
17613	-0.218129
17614	-0.218378
17615	-0.218627
17616	-0.218876
17617	-0.219124
17618	-0.219373
17619	-0.219621
17620	-0.219869
17621	-0.220117
17622	-0.220364
17623	-0.220612
17624	-0.220859
17625	-0.221106
17626	-0.221353
17627	-0.221599
17628	-0.221845
17629	-0.222092
17630	-0.222337
17631	-0.222583
17632	-0.222829
17633	-0.223074
17634	-0.223319
17635	-0.223564
17636	-0.223808
17637	-0.224053
17638	-0.224297
17639	-0.224541
17640	-0.224785
17641	-0.225028
17642	-0.225272
17643	-0.225515
17644	-0.225758
17645	-0.226
17646	-0.226243
17647	-0.226485
17648	-0.226727
17649	-0.226969
17650	-0.227211
17651	-0.227452
17652	-0.227693
17653	-0.227934
17654	-0.228175
17655	-0.228416
17656	-0.228656
17657	-0.228896
17658	-0.229136
17659	-0.229376
17660	-0.229615
17661	-0.229855
17662	-0.230094
17663	-0.230333
17664	-0.230571
17665	-0.23081
17666	-0.231048
17667	-0.231286
17668	-0.231524
17669	-0.231761
17670	-0.231998
17671	-0.232236
17672	-0.232472
17673	-0.232709
17674	-0.232946
17675	-0.233182
17676	-0.233418
17677	-0.233654
17678	-0.233889
17679	-0.234124
17680	-0.23436
17681	-0.234595
17682	-0.234829
17683	-0.235064
17684	-0.235298
17685	-0.235532
17686	-0.235766
17687	-0.235999
17688	-0.236233
17689	-0.236466
17690	-0.236699
17691	-0.236931
17692	-0.237164
17693	-0.237396
17694	-0.237628
17695	-0.23786
17696	-0.238092
17697	-0.238323
17698	-0.238554
17699	-0.238785
17700	-0.239016
17701	-0.239246
17702	-0.239476
17703	-0.239706
17704	-0.239936
17705	-0.240166
17706	-0.240395
17707	-0.240624
17708	-0.240853
17709	-0.241081
17710	-0.24131
17711	-0.241538
17712	-0.241766
17713	-0.241994
17714	-0.242221
17715	-0.242449
17716	-0.242676
17717	-0.242902
17718	-0.243129
17719	-0.243355
17720	-0.243581
17721	-0.243807
17722	-0.244033
17723	-0.244258
17724	-0.244484
17725	-0.244709
17726	-0.244933
17727	-0.245158
17728	-0.245382
17729	-0.245606
17730	-0.24583
17731	-0.246054
17732	-0.246277
17733	-0.2465
17734	-0.246723
17735	-0.246946
17736	-0.247168
17737	-0.24739
17738	-0.247612
17739	-0.247834
17740	-0.248056
17741	-0.248277
17742	-0.248498
17743	-0.248719
17744	-0.248939
17745	-0.24916
17746	-0.24938
17747	-0.249599
17748	-0.249819
17749	-0.250038
17750	-0.250258
17751	-0.250477
17752	-0.250695
17753	-0.250914
17754	-0.251132
17755	-0.25135
17756	-0.251568
17757	-0.251785
17758	-0.252002
17759	-0.252219
17760	-0.252436
17761	-0.252653
17762	-0.252869
17763	-0.253085
17764	-0.253301
17765	-0.253517
17766	-0.253732
17767	-0.253947
17768	-0.254162
17769	-0.254376
17770	-0.254591
17771	-0.254805
17772	-0.255019
17773	-0.255233
17774	-0.255446
17775	-0.255659
17776	-0.255872
17777	-0.256085
17778	-0.256297
17779	-0.25651
17780	-0.256722
17781	-0.256933
17782	-0.257145
17783	-0.257356
17784	-0.257567
17785	-0.257778
17786	-0.257988
17787	-0.258199
17788	-0.258409
17789	-0.258619
17790	-0.258828
17791	-0.259037
17792	-0.259247
17793	-0.259455
17794	-0.259664
17795	-0.259872
17796	-0.26008
17797	-0.260288
17798	-0.260496
17799	-0.260703
17800	-0.26091
17801	-0.261117
17802	-0.261324
17803	-0.26153
17804	-0.261736
17805	-0.261942
17806	-0.262148
17807	-0.262353
17808	-0.262558
17809	-0.262763
17810	-0.262967
17811	-0.263172
17812	-0.263376
17813	-0.26358
17814	-0.263783
17815	-0.263987
17816	-0.26419
17817	-0.264393
17818	-0.264595
17819	-0.264798
17820	-0.265
17821	-0.265202
17822	-0.265403
17823	-0.265605
17824	-0.265806
17825	-0.266006
17826	-0.266207
17827	-0.266407
17828	-0.266607
17829	-0.266807
17830	-0.267007
17831	-0.267206
17832	-0.267405
17833	-0.267604
17834	-0.267803
17835	-0.268001
17836	-0.268199
17837	-0.268397
17838	-0.268594
17839	-0.268791
17840	-0.268988
17841	-0.269185
17842	-0.269382
17843	-0.269578
17844	-0.269774
17845	-0.269969
17846	-0.270165
17847	-0.27036
17848	-0.270555
17849	-0.27075
17850	-0.270944
17851	-0.271138
17852	-0.271332
17853	-0.271526
17854	-0.271719
17855	-0.271912
17856	-0.272105
17857	-0.272298
17858	-0.27249
17859	-0.272682
17860	-0.272874
17861	-0.273065
17862	-0.273256
17863	-0.273447
17864	-0.273638
17865	-0.273829
17866	-0.274019
17867	-0.274209
17868	-0.274398
17869	-0.274588
17870	-0.274777
17871	-0.274966
17872	-0.275154
17873	-0.275343
17874	-0.275531
17875	-0.275719
17876	-0.275906
17877	-0.276093
17878	-0.27628
17879	-0.276467
17880	-0.276654
17881	-0.27684
17882	-0.277026
17883	-0.277211
17884	-0.277397
17885	-0.277582
17886	-0.277767
17887	-0.277951
17888	-0.278135
17889	-0.278319
17890	-0.278503
17891	-0.278687
17892	-0.27887
17893	-0.279053
17894	-0.279236
17895	-0.279418
17896	-0.2796
17897	-0.279782
17898	-0.279964
17899	-0.280145
17900	-0.280326
17901	-0.280507
17902	-0.280687
17903	-0.280867
17904	-0.281047
17905	-0.281227
17906	-0.281406
17907	-0.281585
17908	-0.281764
17909	-0.281943
17910	-0.282121
17911	-0.282299
17912	-0.282477
17913	-0.282654
17914	-0.282831
17915	-0.283008
17916	-0.283185
17917	-0.283361
17918	-0.283537
17919	-0.283713
17920	-0.283889
17921	-0.284064
17922	-0.284239
17923	-0.284414
17924	-0.284588
17925	-0.284762
17926	-0.284936
17927	-0.28511
17928	-0.285283
17929	-0.285456
17930	-0.285629
17931	-0.285801
17932	-0.285973
17933	-0.286145
17934	-0.286317
17935	-0.286488
17936	-0.286659
17937	-0.28683
17938	-0.287
17939	-0.287171
17940	-0.28734
17941	-0.28751
17942	-0.287679
17943	-0.287849
17944	-0.288017
17945	-0.288186
17946	-0.288354
17947	-0.288522
17948	-0.28869
17949	-0.288857
17950	-0.289024
17951	-0.289191
17952	-0.289358
17953	-0.289524
17954	-0.28969
17955	-0.289855
17956	-0.290021
17957	-0.290186
17958	-0.290351
17959	-0.290515
17960	-0.29068
17961	-0.290844
17962	-0.291007
17963	-0.291171
17964	-0.291334
17965	-0.291497
17966	-0.291659
17967	-0.291821
17968	-0.291983
17969	-0.292145
17970	-0.292306
17971	-0.292468
17972	-0.292628
17973	-0.292789
17974	-0.292949
17975	-0.293109
17976	-0.293269
17977	-0.293428
17978	-0.293587
17979	-0.293746
17980	-0.293905
17981	-0.294063
17982	-0.294221
17983	-0.294379
17984	-0.294536
17985	-0.294693
17986	-0.29485
17987	-0.295007
17988	-0.295163
17989	-0.295319
17990	-0.295474
17991	-0.29563
17992	-0.295785
17993	-0.29594
17994	-0.296094
17995	-0.296248
17996	-0.296402
17997	-0.296556
17998	-0.296709
17999	-0.296862
18000	-0.297015
18001	-0.297168
18002	-0.29732
18003	-0.297472
18004	-0.297623
18005	-0.297775
18006	-0.297926
18007	-0.298076
18008	-0.298227
18009	-0.298377
18010	-0.298527
18011	-0.298677
18012	-0.298826
18013	-0.298975
18014	-0.299124
18015	-0.299272
18016	-0.29942
18017	-0.299568
18018	-0.299715
18019	-0.299863
18020	-0.30001
18021	-0.300156
18022	-0.300303
18023	-0.300449
18024	-0.300595
18025	-0.30074
18026	-0.300885
18027	-0.30103
18028	-0.301175
18029	-0.301319
18030	-0.301463
18031	-0.301607
18032	-0.30175
18033	-0.301894
18034	-0.302036
18035	-0.302179
18036	-0.302321
18037	-0.302463
18038	-0.302605
18039	-0.302746
18040	-0.302888
18041	-0.303028
18042	-0.303169
18043	-0.303309
18044	-0.303449
18045	-0.303589
18046	-0.303728
18047	-0.303867
18048	-0.304006
18049	-0.304144
18050	-0.304282
18051	-0.30442
18052	-0.304558
18053	-0.304695
18054	-0.304832
18055	-0.304969
18056	-0.305105
18057	-0.305241
18058	-0.305377
18059	-0.305513
18060	-0.305648
18061	-0.305783
18062	-0.305918
18063	-0.306052
18064	-0.306186
18065	-0.30632
18066	-0.306453
18067	-0.306586
18068	-0.306719
18069	-0.306852
18070	-0.306984
18071	-0.307116
18072	-0.307248
18073	-0.307379
18074	-0.30751
18075	-0.307641
18076	-0.307772
18077	-0.307902
18078	-0.308032
18079	-0.308161
18080	-0.308291
18081	-0.30842
18082	-0.308548
18083	-0.308677
18084	-0.308805
18085	-0.308933
18086	-0.30906
18087	-0.309188
18088	-0.309315
18089	-0.309441
18090	-0.309568
18091	-0.309694
18092	-0.309819
18093	-0.309945
18094	-0.31007
18095	-0.310195
18096	-0.310319
18097	-0.310444
18098	-0.310568
18099	-0.310691
18100	-0.310815
18101	-0.310938
18102	-0.311061
18103	-0.311183
18104	-0.311305
18105	-0.311427
18106	-0.311549
18107	-0.31167
18108	-0.311791
18109	-0.311912
18110	-0.312032
18111	-0.312152
18112	-0.312272
18113	-0.312391
18114	-0.312511
18115	-0.31263
18116	-0.312748
18117	-0.312866
18118	-0.312984
18119	-0.313102
18120	-0.313219
18121	-0.313337
18122	-0.313453
18123	-0.31357
18124	-0.313686
18125	-0.313802
18126	-0.313918
18127	-0.314033
18128	-0.314148
18129	-0.314263
18130	-0.314377
18131	-0.314491
18132	-0.314605
18133	-0.314718
18134	-0.314831
18135	-0.314944
18136	-0.315057
18137	-0.315169
18138	-0.315281
18139	-0.315393
18140	-0.315504
18141	-0.315615
18142	-0.315726
18143	-0.315836
18144	-0.315947
18145	-0.316056
18146	-0.316166
18147	-0.316275
18148	-0.316384
18149	-0.316493
18150	-0.316601
18151	-0.316709
18152	-0.316817
18153	-0.316924
18154	-0.317031
18155	-0.317138
18156	-0.317245
18157	-0.317351
18158	-0.317457
18159	-0.317563
18160	-0.317668
18161	-0.317773
18162	-0.317877
18163	-0.317982
18164	-0.318086
18165	-0.31819
18166	-0.318293
18167	-0.318396
18168	-0.318499
18169	-0.318602
18170	-0.318704
18171	-0.318806
18172	-0.318907
18173	-0.319009
18174	-0.31911
18175	-0.31921
18176	-0.319311
18177	-0.319411
18178	-0.319511
18179	-0.31961
18180	-0.319709
18181	-0.319808
18182	-0.319907
18183	-0.320005
18184	-0.320103
18185	-0.320201
18186	-0.320298
18187	-0.320395
18188	-0.320492
18189	-0.320588
18190	-0.320684
18191	-0.32078
18192	-0.320875
18193	-0.32097
18194	-0.321065
18195	-0.32116
18196	-0.321254
18197	-0.321348
18198	-0.321442
18199	-0.321535
18200	-0.321628
18201	-0.321721
18202	-0.321813
18203	-0.321905
18204	-0.321997
18205	-0.322088
18206	-0.322179
18207	-0.32227
18208	-0.322361
18209	-0.322451
18210	-0.322541
18211	-0.32263
18212	-0.32272
18213	-0.322809
18214	-0.322897
18215	-0.322986
18216	-0.323074
18217	-0.323161
18218	-0.323249
18219	-0.323336
18220	-0.323423
18221	-0.323509
18222	-0.323595
18223	-0.323681
18224	-0.323767
18225	-0.323852
18226	-0.323937
18227	-0.324022
18228	-0.324106
18229	-0.32419
18230	-0.324274
18231	-0.324357
18232	-0.32444
18233	-0.324523
18234	-0.324605
18235	-0.324688
18236	-0.324769
18237	-0.324851
18238	-0.324932
18239	-0.325013
18240	-0.325094
18241	-0.325174
18242	-0.325254
18243	-0.325333
18244	-0.325413
18245	-0.325492
18246	-0.32557
18247	-0.325649
18248	-0.325727
18249	-0.325805
18250	-0.325882
18251	-0.325959
18252	-0.326036
18253	-0.326113
18254	-0.326189
18255	-0.326265
18256	-0.326341
18257	-0.326416
18258	-0.326491
18259	-0.326565
18260	-0.32664
18261	-0.326714
18262	-0.326788
18263	-0.326861
18264	-0.326934
18265	-0.327007
18266	-0.327079
18267	-0.327152
18268	-0.327223
18269	-0.327295
18270	-0.327366
18271	-0.327437
18272	-0.327508
18273	-0.327578
18274	-0.327648
18275	-0.327718
18276	-0.327787
18277	-0.327856
18278	-0.327925
18279	-0.327993
18280	-0.328061
18281	-0.328129
18282	-0.328197
18283	-0.328264
18284	-0.328331
18285	-0.328397
18286	-0.328464
18287	-0.328529
18288	-0.328595
18289	-0.32866
18290	-0.328725
18291	-0.32879
18292	-0.328854
18293	-0.328919
18294	-0.328982
18295	-0.329046
18296	-0.329109
18297	-0.329172
18298	-0.329234
18299	-0.329296
18300	-0.329358
18301	-0.32942
18302	-0.329481
18303	-0.329542
18304	-0.329603
18305	-0.329663
18306	-0.329723
18307	-0.329782
18308	-0.329842
18309	-0.329901
18310	-0.32996
18311	-0.330018
18312	-0.330076
18313	-0.330134
18314	-0.330191
18315	-0.330249
18316	-0.330305
18317	-0.330362
18318	-0.330418
18319	-0.330474
18320	-0.33053
18321	-0.330585
18322	-0.33064
18323	-0.330695
18324	-0.330749
18325	-0.330803
18326	-0.330857
18327	-0.33091
18328	-0.330963
18329	-0.331016
18330	-0.331069
18331	-0.331121
18332	-0.331173
18333	-0.331224
18334	-0.331275
18335	-0.331326
18336	-0.331377
18337	-0.331427
18338	-0.331477
18339	-0.331527
18340	-0.331576
18341	-0.331625
18342	-0.331674
18343	-0.331722
18344	-0.33177
18345	-0.331818
18346	-0.331865
18347	-0.331912
18348	-0.331959
18349	-0.332006
18350	-0.332052
18351	-0.332098
18352	-0.332143
18353	-0.332189
18354	-0.332233
18355	-0.332278
18356	-0.332322
18357	-0.332366
18358	-0.33241
18359	-0.332453
18360	-0.332496
18361	-0.332539
18362	-0.332581
18363	-0.332624
18364	-0.332665
18365	-0.332707
18366	-0.332748
18367	-0.332789
18368	-0.332829
18369	-0.332869
18370	-0.332909
18371	-0.332949
18372	-0.332988
18373	-0.333027
18374	-0.333066
18375	-0.333104
18376	-0.333142
18377	-0.33318
18378	-0.333217
18379	-0.333254
18380	-0.333291
18381	-0.333327
18382	-0.333363
18383	-0.333399
18384	-0.333434
18385	-0.333469
18386	-0.333504
18387	-0.333539
18388	-0.333573
18389	-0.333607
18390	-0.33364
18391	-0.333674
18392	-0.333707
18393	-0.333739
18394	-0.333771
18395	-0.333803
18396	-0.333835
18397	-0.333866
18398	-0.333897
18399	-0.333928
18400	-0.333959
18401	-0.333989
18402	-0.334018
18403	-0.334048
18404	-0.334077
18405	-0.334106
18406	-0.334134
18407	-0.334162
18408	-0.33419
18409	-0.334218
18410	-0.334245
18411	-0.334272
18412	-0.334298
18413	-0.334325
18414	-0.334351
18415	-0.334376
18416	-0.334402
18417	-0.334427
18418	-0.334451
18419	-0.334476
18420	-0.3345
18421	-0.334523
18422	-0.334547
18423	-0.33457
18424	-0.334593
18425	-0.334615
18426	-0.334637
18427	-0.334659
18428	-0.334681
18429	-0.334702
18430	-0.334723
18431	-0.334743
18432	-0.334764
18433	-0.334783
18434	-0.334803
18435	-0.334822
18436	-0.334841
18437	-0.33486
18438	-0.334878
18439	-0.334896
18440	-0.334914
18441	-0.334931
18442	-0.334949
18443	-0.334965
18444	-0.334982
18445	-0.334998
18446	-0.335014
18447	-0.335029
18448	-0.335044
18449	-0.335059
18450	-0.335074
18451	-0.335088
18452	-0.335102
18453	-0.335115
18454	-0.335129
18455	-0.335142
18456	-0.335154
18457	-0.335166
18458	-0.335178
18459	-0.33519
18460	-0.335201
18461	-0.335213
18462	-0.335223
18463	-0.335234
18464	-0.335244
18465	-0.335254
18466	-0.335263
18467	-0.335272
18468	-0.335281
18469	-0.335289
18470	-0.335298
18471	-0.335305
18472	-0.335313
18473	-0.33532
18474	-0.335327
18475	-0.335334
18476	-0.33534
18477	-0.335346
18478	-0.335352
18479	-0.335357
18480	-0.335362
18481	-0.335367
18482	-0.335371
18483	-0.335375
18484	-0.335379
18485	-0.335382
18486	-0.335385
18487	-0.335388
18488	-0.335391
18489	-0.335393
18490	-0.335395
18491	-0.335396
18492	-0.335397
18493	-0.335398
18494	-0.335399
18495	-0.335399
18496	-0.335399
18497	-0.335398
18498	-0.335398
18499	-0.335397
18500	-0.335395
18501	-0.335394
18502	-0.335392
18503	-0.335389
18504	-0.335387
18505	-0.335384
18506	-0.335381
18507	-0.335377
18508	-0.335373
18509	-0.335369
18510	-0.335365
18511	-0.33536
18512	-0.335355
18513	-0.335349
18514	-0.335343
18515	-0.335337
18516	-0.335331
18517	-0.335324
18518	-0.335317
18519	-0.33531
18520	-0.335302
18521	-0.335294
18522	-0.335286
18523	-0.335277
18524	-0.335268
18525	-0.335259
18526	-0.335249
18527	-0.335239
18528	-0.335229
18529	-0.335219
18530	-0.335208
18531	-0.335197
18532	-0.335185
18533	-0.335173
18534	-0.335161
18535	-0.335149
18536	-0.335136
18537	-0.335123
18538	-0.335109
18539	-0.335096
18540	-0.335082
18541	-0.335067
18542	-0.335053
18543	-0.335038
18544	-0.335023
18545	-0.335007
18546	-0.334991
18547	-0.334975
18548	-0.334958
18549	-0.334941
18550	-0.334924
18551	-0.334907
18552	-0.334889
18553	-0.334871
18554	-0.334852
18555	-0.334834
18556	-0.334814
18557	-0.334795
18558	-0.334775
18559	-0.334755
18560	-0.334735
18561	-0.334714
18562	-0.334693
18563	-0.334672
18564	-0.33465
18565	-0.334629
18566	-0.334606
18567	-0.334584
18568	-0.334561
18569	-0.334538
18570	-0.334514
18571	-0.33449
18572	-0.334466
18573	-0.334442
18574	-0.334417
18575	-0.334392
18576	-0.334366
18577	-0.334341
18578	-0.334315
18579	-0.334288
18580	-0.334262
18581	-0.334235
18582	-0.334207
18583	-0.33418
18584	-0.334152
18585	-0.334124
18586	-0.334095
18587	-0.334066
18588	-0.334037
18589	-0.334008
18590	-0.333978
18591	-0.333948
18592	-0.333917
18593	-0.333886
18594	-0.333855
18595	-0.333824
18596	-0.333792
18597	-0.33376
18598	-0.333728
18599	-0.333695
18600	-0.333662
18601	-0.333629
18602	-0.333595
18603	-0.333562
18604	-0.333527
18605	-0.333493
18606	-0.333458
18607	-0.333423
18608	-0.333387
18609	-0.333351
18610	-0.333315
18611	-0.333279
18612	-0.333242
18613	-0.333205
18614	-0.333168
18615	-0.33313
18616	-0.333092
18617	-0.333054
18618	-0.333015
18619	-0.332976
18620	-0.332937
18621	-0.332897
18622	-0.332857
18623	-0.332817
18624	-0.332777
18625	-0.332736
18626	-0.332695
18627	-0.332653
18628	-0.332612
18629	-0.332569
18630	-0.332527
18631	-0.332484
18632	-0.332441
18633	-0.332398
18634	-0.332354
18635	-0.33231
18636	-0.332266
18637	-0.332222
18638	-0.332177
18639	-0.332131
18640	-0.332086
18641	-0.33204
18642	-0.331994
18643	-0.331947
18644	-0.331901
18645	-0.331854
18646	-0.331806
18647	-0.331759
18648	-0.33171
18649	-0.331662
18650	-0.331613
18651	-0.331565
18652	-0.331515
18653	-0.331466
18654	-0.331416
18655	-0.331366
18656	-0.331315
18657	-0.331264
18658	-0.331213
18659	-0.331162
18660	-0.33111
18661	-0.331058
18662	-0.331005
18663	-0.330953
18664	-0.3309
18665	-0.330846
18666	-0.330793
18667	-0.330739
18668	-0.330684
18669	-0.33063
18670	-0.330575
18671	-0.33052
18672	-0.330464
18673	-0.330408
18674	-0.330352
18675	-0.330296
18676	-0.330239
18677	-0.330182
18678	-0.330125
18679	-0.330067
18680	-0.330009
18681	-0.329951
18682	-0.329892
18683	-0.329833
18684	-0.329774
18685	-0.329715
18686	-0.329655
18687	-0.329595
18688	-0.329534
18689	-0.329473
18690	-0.329412
18691	-0.329351
18692	-0.329289
18693	-0.329227
18694	-0.329165
18695	-0.329102
18696	-0.329039
18697	-0.328976
18698	-0.328912
18699	-0.328849
18700	-0.328784
18701	-0.32872
18702	-0.328655
18703	-0.32859
18704	-0.328525
18705	-0.328459
18706	-0.328393
18707	-0.328327
18708	-0.32826
18709	-0.328193
18710	-0.328126
18711	-0.328058
18712	-0.32799
18713	-0.327922
18714	-0.327854
18715	-0.327785
18716	-0.327716
18717	-0.327646
18718	-0.327577
18719	-0.327507
18720	-0.327436
18721	-0.327366
18722	-0.327295
18723	-0.327223
18724	-0.327152
18725	-0.32708
18726	-0.327008
18727	-0.326935
18728	-0.326863
18729	-0.32679
18730	-0.326716
18731	-0.326643
18732	-0.326569
18733	-0.326494
18734	-0.32642
18735	-0.326345
18736	-0.326269
18737	-0.326194
18738	-0.326118
18739	-0.326042
18740	-0.325966
18741	-0.325889
18742	-0.325812
18743	-0.325734
18744	-0.325657
18745	-0.325579
18746	-0.325501
18747	-0.325422
18748	-0.325343
18749	-0.325264
18750	-0.325184
18751	-0.325105
18752	-0.325025
18753	-0.324944
18754	-0.324863
18755	-0.324782
18756	-0.324701
18757	-0.32462
18758	-0.324538
18759	-0.324455
18760	-0.324373
18761	-0.32429
18762	-0.324207
18763	-0.324124
18764	-0.32404
18765	-0.323956
18766	-0.323871
18767	-0.323787
18768	-0.323702
18769	-0.323617
18770	-0.323531
18771	-0.323445
18772	-0.323359
18773	-0.323273
18774	-0.323186
18775	-0.323099
18776	-0.323011
18777	-0.322924
18778	-0.322836
18779	-0.322748
18780	-0.322659
18781	-0.32257
18782	-0.322481
18783	-0.322392
18784	-0.322302
18785	-0.322212
18786	-0.322121
18787	-0.322031
18788	-0.32194
18789	-0.321848
18790	-0.321757
18791	-0.321665
18792	-0.321573
18793	-0.32148
18794	-0.321388
18795	-0.321295
18796	-0.321201
18797	-0.321107
18798	-0.321014
18799	-0.320919
18800	-0.320825
18801	-0.32073
18802	-0.320635
18803	-0.320539
18804	-0.320443
18805	-0.320347
18806	-0.320251
18807	-0.320154
18808	-0.320057
18809	-0.31996
18810	-0.319863
18811	-0.319765
18812	-0.319667
18813	-0.319568
18814	-0.319469
18815	-0.31937
18816	-0.319271
18817	-0.319171
18818	-0.319071
18819	-0.318971
18820	-0.318871
18821	-0.31877
18822	-0.318669
18823	-0.318567
18824	-0.318465
18825	-0.318363
18826	-0.318261
18827	-0.318158
18828	-0.318055
18829	-0.317952
18830	-0.317849
18831	-0.317745
18832	-0.317641
18833	-0.317536
18834	-0.317432
18835	-0.317327
18836	-0.317221
18837	-0.317116
18838	-0.31701
18839	-0.316904
18840	-0.316797
18841	-0.31669
18842	-0.316583
18843	-0.316476
18844	-0.316368
18845	-0.31626
18846	-0.316152
18847	-0.316044
18848	-0.315935
18849	-0.315826
18850	-0.315716
18851	-0.315606
18852	-0.315496
18853	-0.315386
18854	-0.315276
18855	-0.315165
18856	-0.315053
18857	-0.314942
18858	-0.31483
18859	-0.314718
18860	-0.314606
18861	-0.314493
18862	-0.31438
18863	-0.314267
18864	-0.314153
18865	-0.314039
18866	-0.313925
18867	-0.313811
18868	-0.313696
18869	-0.313581
18870	-0.313466
18871	-0.31335
18872	-0.313234
18873	-0.313118
18874	-0.313002
18875	-0.312885
18876	-0.312768
18877	-0.31265
18878	-0.312533
18879	-0.312415
18880	-0.312297
18881	-0.312178
18882	-0.312059
18883	-0.31194
18884	-0.311821
18885	-0.311701
18886	-0.311581
18887	-0.311461
18888	-0.31134
18889	-0.311219
18890	-0.311098
18891	-0.310977
18892	-0.310855
18893	-0.310733
18894	-0.310611
18895	-0.310488
18896	-0.310365
18897	-0.310242
18898	-0.310119
18899	-0.309995
18900	-0.309871
18901	-0.309746
18902	-0.309622
18903	-0.309497
18904	-0.309372
18905	-0.309246
18906	-0.30912
18907	-0.308994
18908	-0.308868
18909	-0.308741
18910	-0.308614
18911	-0.308487
18912	-0.30836
18913	-0.308232
18914	-0.308104
18915	-0.307975
18916	-0.307847
18917	-0.307718
18918	-0.307589
18919	-0.307459
18920	-0.307329
18921	-0.307199
18922	-0.307069
18923	-0.306938
18924	-0.306807
18925	-0.306676
18926	-0.306544
18927	-0.306413
18928	-0.30628
18929	-0.306148
18930	-0.306015
18931	-0.305882
18932	-0.305749
18933	-0.305616
18934	-0.305482
18935	-0.305348
18936	-0.305213
18937	-0.305079
18938	-0.304944
18939	-0.304809
18940	-0.304673
18941	-0.304537
18942	-0.304401
18943	-0.304265
18944	-0.304128
18945	-0.303991
18946	-0.303854
18947	-0.303717
18948	-0.303579
18949	-0.303441
18950	-0.303302
18951	-0.303164
18952	-0.303025
18953	-0.302886
18954	-0.302746
18955	-0.302606
18956	-0.302466
18957	-0.302326
18958	-0.302186
18959	-0.302045
18960	-0.301903
18961	-0.301762
18962	-0.30162
18963	-0.301478
18964	-0.301336
18965	-0.301193
18966	-0.301051
18967	-0.300907
18968	-0.300764
18969	-0.30062
18970	-0.300476
18971	-0.300332
18972	-0.300188
18973	-0.300043
18974	-0.299898
18975	-0.299752
18976	-0.299607
18977	-0.299461
18978	-0.299315
18979	-0.299168
18980	-0.299021
18981	-0.298874
18982	-0.298727
18983	-0.298579
18984	-0.298432
18985	-0.298283
18986	-0.298135
18987	-0.297986
18988	-0.297837
18989	-0.297688
18990	-0.297539
18991	-0.297389
18992	-0.297239
18993	-0.297088
18994	-0.296938
18995	-0.296787
18996	-0.296636
18997	-0.296484
18998	-0.296332
18999	-0.29618
19000	-0.296028
19001	-0.295876
19002	-0.295723
19003	-0.29557
19004	-0.295416
19005	-0.295263
19006	-0.295109
19007	-0.294954
19008	-0.2948
19009	-0.294645
19010	-0.29449
19011	-0.294335
19012	-0.294179
19013	-0.294023
19014	-0.293867
19015	-0.293711
19016	-0.293554
19017	-0.293397
19018	-0.29324
19019	-0.293082
19020	-0.292925
19021	-0.292767
19022	-0.292608
19023	-0.29245
19024	-0.292291
19025	-0.292132
19026	-0.291972
19027	-0.291813
19028	-0.291653
19029	-0.291493
19030	-0.291332
19031	-0.291171
19032	-0.29101
19033	-0.290849
19034	-0.290687
19035	-0.290526
19036	-0.290363
19037	-0.290201
19038	-0.290038
19039	-0.289876
19040	-0.289712
19041	-0.289549
19042	-0.289385
19043	-0.289221
19044	-0.289057
19045	-0.288892
19046	-0.288728
19047	-0.288563
19048	-0.288397
19049	-0.288232
19050	-0.288066
19051	-0.2879
19052	-0.287733
19053	-0.287567
19054	-0.2874
19055	-0.287232
19056	-0.287065
19057	-0.286897
19058	-0.286729
19059	-0.286561
19060	-0.286392
19061	-0.286224
19062	-0.286055
19063	-0.285885
19064	-0.285716
19065	-0.285546
19066	-0.285376
19067	-0.285205
19068	-0.285035
19069	-0.284864
19070	-0.284692
19071	-0.284521
19072	-0.284349
19073	-0.284177
19074	-0.284005
19075	-0.283833
19076	-0.28366
19077	-0.283487
19078	-0.283314
19079	-0.28314
19080	-0.282966
19081	-0.282792
19082	-0.282618
19083	-0.282443
19084	-0.282268
19085	-0.282093
19086	-0.281918
19087	-0.281742
19088	-0.281566
19089	-0.28139
19090	-0.281214
19091	-0.281037
19092	-0.28086
19093	-0.280683
19094	-0.280506
19095	-0.280328
19096	-0.28015
19097	-0.279972
19098	-0.279793
19099	-0.279614
19100	-0.279435
19101	-0.279256
19102	-0.279077
19103	-0.278897
19104	-0.278717
19105	-0.278536
19106	-0.278356
19107	-0.278175
19108	-0.277994
19109	-0.277813
19110	-0.277631
19111	-0.277449
19112	-0.277267
19113	-0.277085
19114	-0.276902
19115	-0.276719
19116	-0.276536
19117	-0.276353
19118	-0.276169
19119	-0.275985
19120	-0.275801
19121	-0.275617
19122	-0.275432
19123	-0.275247
19124	-0.275062
19125	-0.274877
19126	-0.274691
19127	-0.274505
19128	-0.274319
19129	-0.274133
19130	-0.273946
19131	-0.273759
19132	-0.273572
19133	-0.273384
19134	-0.273197
19135	-0.273009
19136	-0.272821
19137	-0.272632
19138	-0.272443
19139	-0.272255
19140	-0.272065
19141	-0.271876
19142	-0.271686
19143	-0.271496
19144	-0.271306
19145	-0.271116
19146	-0.270925
19147	-0.270734
19148	-0.270543
19149	-0.270351
19150	-0.27016
19151	-0.269968
19152	-0.269775
19153	-0.269583
19154	-0.26939
19155	-0.269197
19156	-0.269004
19157	-0.268811
19158	-0.268617
19159	-0.268423
19160	-0.268229
19161	-0.268034
19162	-0.26784
19163	-0.267645
19164	-0.267449
19165	-0.267254
19166	-0.267058
19167	-0.266862
19168	-0.266666
19169	-0.26647
19170	-0.266273
19171	-0.266076
19172	-0.265879
19173	-0.265681
19174	-0.265484
19175	-0.265286
19176	-0.265088
19177	-0.264889
19178	-0.264691
19179	-0.264492
19180	-0.264292
19181	-0.264093
19182	-0.263893
19183	-0.263694
19184	-0.263493
19185	-0.263293
19186	-0.263092
19187	-0.262892
19188	-0.26269
19189	-0.262489
19190	-0.262287
19191	-0.262086
19192	-0.261883
19193	-0.261681
19194	-0.261479
19195	-0.261276
19196	-0.261073
19197	-0.260869
19198	-0.260666
19199	-0.260462
19200	-0.260258
19201	-0.260054
19202	-0.259849
19203	-0.259644
19204	-0.259439
19205	-0.259234
19206	-0.259028
19207	-0.258823
19208	-0.258617
19209	-0.25841
19210	-0.258204
19211	-0.257997
19212	-0.25779
19213	-0.257583
19214	-0.257376
19215	-0.257168
19216	-0.25696
19217	-0.256752
19218	-0.256544
19219	-0.256335
19220	-0.256126
19221	-0.255917
19222	-0.255708
19223	-0.255498
19224	-0.255288
19225	-0.255078
19226	-0.254868
19227	-0.254657
19228	-0.254446
19229	-0.254235
19230	-0.254024
19231	-0.253813
19232	-0.253601
19233	-0.253389
19234	-0.253177
19235	-0.252964
19236	-0.252751
19237	-0.252539
19238	-0.252325
19239	-0.252112
19240	-0.251898
19241	-0.251684
19242	-0.25147
19243	-0.251256
19244	-0.251041
19245	-0.250827
19246	-0.250612
19247	-0.250396
19248	-0.250181
19249	-0.249965
19250	-0.249749
19251	-0.249533
19252	-0.249316
19253	-0.2491
19254	-0.248883
19255	-0.248666
19256	-0.248448
19257	-0.248231
19258	-0.248013
19259	-0.247795
19260	-0.247576
19261	-0.247358
19262	-0.247139
19263	-0.24692
19264	-0.246701
19265	-0.246481
19266	-0.246262
19267	-0.246042
19268	-0.245822
19269	-0.245601
19270	-0.245381
19271	-0.24516
19272	-0.244939
19273	-0.244718
19274	-0.244496
19275	-0.244274
19276	-0.244052
19277	-0.24383
19278	-0.243608
19279	-0.243385
19280	-0.243162
19281	-0.242939
19282	-0.242716
19283	-0.242492
19284	-0.242268
19285	-0.242044
19286	-0.24182
19287	-0.241596
19288	-0.241371
19289	-0.241146
19290	-0.240921
19291	-0.240695
19292	-0.24047
19293	-0.240244
19294	-0.240018
19295	-0.239792
19296	-0.239565
19297	-0.239338
19298	-0.239111
19299	-0.238884
19300	-0.238657
19301	-0.238429
19302	-0.238201
19303	-0.237973
19304	-0.237745
19305	-0.237517
19306	-0.237288
19307	-0.237059
19308	-0.23683
19309	-0.2366
19310	-0.236371
19311	-0.236141
19312	-0.235911
19313	-0.235681
19314	-0.23545
19315	-0.235219
19316	-0.234988
19317	-0.234757
19318	-0.234526
19319	-0.234294
19320	-0.234062
19321	-0.23383
19322	-0.233598
19323	-0.233366
19324	-0.233133
19325	-0.2329
19326	-0.232667
19327	-0.232434
19328	-0.2322
19329	-0.231966
19330	-0.231732
19331	-0.231498
19332	-0.231264
19333	-0.231029
19334	-0.230794
19335	-0.230559
19336	-0.230324
19337	-0.230088
19338	-0.229852
19339	-0.229616
19340	-0.22938
19341	-0.229144
19342	-0.228907
19343	-0.22867
19344	-0.228433
19345	-0.228196
19346	-0.227959
19347	-0.227721
19348	-0.227483
19349	-0.227245
19350	-0.227007
19351	-0.226768
19352	-0.226529
19353	-0.22629
19354	-0.226051
19355	-0.225812
19356	-0.225572
19357	-0.225333
19358	-0.225092
19359	-0.224852
19360	-0.224612
19361	-0.224371
19362	-0.22413
19363	-0.223889
19364	-0.223648
19365	-0.223406
19366	-0.223165
19367	-0.222923
19368	-0.222681
19369	-0.222438
19370	-0.222196
19371	-0.221953
19372	-0.22171
19373	-0.221467
19374	-0.221224
19375	-0.22098
19376	-0.220736
19377	-0.220492
19378	-0.220248
19379	-0.220004
19380	-0.219759
19381	-0.219514
19382	-0.219269
19383	-0.219024
19384	-0.218778
19385	-0.218533
19386	-0.218287
19387	-0.218041
19388	-0.217795
19389	-0.217548
19390	-0.217301
19391	-0.217055
19392	-0.216808
19393	-0.21656
19394	-0.216313
19395	-0.216065
19396	-0.215817
19397	-0.215569
19398	-0.215321
19399	-0.215072
19400	-0.214824
19401	-0.214575
19402	-0.214326
19403	-0.214076
19404	-0.213827
19405	-0.213577
19406	-0.213327
19407	-0.213077
19408	-0.212827
19409	-0.212576
19410	-0.212326
19411	-0.212075
19412	-0.211824
19413	-0.211572
19414	-0.211321
19415	-0.211069
19416	-0.210817
19417	-0.210565
19418	-0.210313
19419	-0.21006
19420	-0.209808
19421	-0.209555
19422	-0.209302
19423	-0.209048
19424	-0.208795
19425	-0.208541
19426	-0.208287
19427	-0.208033
19428	-0.207779
19429	-0.207525
19430	-0.20727
19431	-0.207015
19432	-0.20676
19433	-0.206505
19434	-0.20625
19435	-0.205994
19436	-0.205738
19437	-0.205482
19438	-0.205226
19439	-0.20497
19440	-0.204713
19441	-0.204456
19442	-0.204199
19443	-0.203942
19444	-0.203685
19445	-0.203427
19446	-0.20317
19447	-0.202912
19448	-0.202654
19449	-0.202396
19450	-0.202137
19451	-0.201878
19452	-0.20162
19453	-0.201361
19454	-0.201101
19455	-0.200842
19456	-0.200582
19457	-0.200323
19458	-0.200063
19459	-0.199803
19460	-0.199542
19461	-0.199282
19462	-0.199021
19463	-0.19876
19464	-0.198499
19465	-0.198238
19466	-0.197976
19467	-0.197715
19468	-0.197453
19469	-0.197191
19470	-0.196929
19471	-0.196666
19472	-0.196404
19473	-0.196141
19474	-0.195878
19475	-0.195615
19476	-0.195352
19477	-0.195088
19478	-0.194824
19479	-0.194561
19480	-0.194297
19481	-0.194032
19482	-0.193768
19483	-0.193503
19484	-0.193239
19485	-0.192974
19486	-0.192709
19487	-0.192443
19488	-0.192178
19489	-0.191912
19490	-0.191646
19491	-0.19138
19492	-0.191114
19493	-0.190848
19494	-0.190581
19495	-0.190314
19496	-0.190048
19497	-0.18978
19498	-0.189513
19499	-0.189246
19500	-0.188978
19501	-0.18871
19502	-0.188442
19503	-0.188174
19504	-0.187906
19505	-0.187637
19506	-0.187369
19507	-0.1871
19508	-0.186831
19509	-0.186562
19510	-0.186292
19511	-0.186023
19512	-0.185753
19513	-0.185483
19514	-0.185213
19515	-0.184943
19516	-0.184672
19517	-0.184402
19518	-0.184131
19519	-0.18386
19520	-0.183589
19521	-0.183317
19522	-0.183046
19523	-0.182774
19524	-0.182502
19525	-0.18223
19526	-0.181958
19527	-0.181686
19528	-0.181413
19529	-0.181141
19530	-0.180868
19531	-0.180595
19532	-0.180322
19533	-0.180048
19534	-0.179775
19535	-0.179501
19536	-0.179227
19537	-0.178953
19538	-0.178679
19539	-0.178404
19540	-0.17813
19541	-0.177855
19542	-0.17758
19543	-0.177305
19544	-0.17703
19545	-0.176755
19546	-0.176479
19547	-0.176203
19548	-0.175927
19549	-0.175651
19550	-0.175375
19551	-0.175099
19552	-0.174822
19553	-0.174545
19554	-0.174268
19555	-0.173991
19556	-0.173714
19557	-0.173437
19558	-0.173159
19559	-0.172881
19560	-0.172604
19561	-0.172326
19562	-0.172047
19563	-0.171769
19564	-0.17149
19565	-0.171212
19566	-0.170933
19567	-0.170654
19568	-0.170375
19569	-0.170095
19570	-0.169816
19571	-0.169536
19572	-0.169256
19573	-0.168976
19574	-0.168696
19575	-0.168416
19576	-0.168135
19577	-0.167855
19578	-0.167574
19579	-0.167293
19580	-0.167012
19581	-0.166731
19582	-0.166449
19583	-0.166168
19584	-0.165886
19585	-0.165604
19586	-0.165322
19587	-0.16504
19588	-0.164757
19589	-0.164475
19590	-0.164192
19591	-0.163909
19592	-0.163626
19593	-0.163343
19594	-0.16306
19595	-0.162776
19596	-0.162493
19597	-0.162209
19598	-0.161925
19599	-0.161641
19600	-0.161357
19601	-0.161072
19602	-0.160788
19603	-0.160503
19604	-0.160218
19605	-0.159933
19606	-0.159648
19607	-0.159363
19608	-0.159078
19609	-0.158792
19610	-0.158506
19611	-0.15822
19612	-0.157934
19613	-0.157648
19614	-0.157362
19615	-0.157075
19616	-0.156789
19617	-0.156502
19618	-0.156215
19619	-0.155928
19620	-0.15564
19621	-0.155353
19622	-0.155066
19623	-0.154778
19624	-0.15449
19625	-0.154202
19626	-0.153914
19627	-0.153626
19628	-0.153337
19629	-0.153049
19630	-0.15276
19631	-0.152471
19632	-0.152182
19633	-0.151893
19634	-0.151604
19635	-0.151314
19636	-0.151025
19637	-0.150735
19638	-0.150445
19639	-0.150155
19640	-0.149865
19641	-0.149575
19642	-0.149284
19643	-0.148994
19644	-0.148703
19645	-0.148412
19646	-0.148121
19647	-0.14783
19648	-0.147539
19649	-0.147247
19650	-0.146956
19651	-0.146664
19652	-0.146372
19653	-0.14608
19654	-0.145788
19655	-0.145496
19656	-0.145203
19657	-0.144911
19658	-0.144618
19659	-0.144325
19660	-0.144032
19661	-0.143739
19662	-0.143446
19663	-0.143153
19664	-0.142859
19665	-0.142566
19666	-0.142272
19667	-0.141978
19668	-0.141684
19669	-0.14139
19670	-0.141095
19671	-0.140801
19672	-0.140506
19673	-0.140212
19674	-0.139917
19675	-0.139622
19676	-0.139327
19677	-0.139032
19678	-0.138736
19679	-0.138441
19680	-0.138145
19681	-0.137849
19682	-0.137553
19683	-0.137257
19684	-0.136961
19685	-0.136665
19686	-0.136368
19687	-0.136072
19688	-0.135775
19689	-0.135478
19690	-0.135181
19691	-0.134884
19692	-0.134587
19693	-0.13429
19694	-0.133992
19695	-0.133695
19696	-0.133397
19697	-0.133099
19698	-0.132801
19699	-0.132503
19700	-0.132205
19701	-0.131907
19702	-0.131608
19703	-0.13131
19704	-0.131011
19705	-0.130712
19706	-0.130413
19707	-0.130114
19708	-0.129815
19709	-0.129515
19710	-0.129216
19711	-0.128916
19712	-0.128617
19713	-0.128317
19714	-0.128017
19715	-0.127717
19716	-0.127416
19717	-0.127116
19718	-0.126816
19719	-0.126515
19720	-0.126214
19721	-0.125914
19722	-0.125613
19723	-0.125312
19724	-0.12501
19725	-0.124709
19726	-0.124408
19727	-0.124106
19728	-0.123805
19729	-0.123503
19730	-0.123201
19731	-0.122899
19732	-0.122597
19733	-0.122295
19734	-0.121992
19735	-0.12169
19736	-0.121387
19737	-0.121085
19738	-0.120782
19739	-0.120479
19740	-0.120176
19741	-0.119873
19742	-0.119569
19743	-0.119266
19744	-0.118963
19745	-0.118659
19746	-0.118355
19747	-0.118051
19748	-0.117747
19749	-0.117443
19750	-0.117139
19751	-0.116835
19752	-0.116531
19753	-0.116226
19754	-0.115921
19755	-0.115617
19756	-0.115312
19757	-0.115007
19758	-0.114702
19759	-0.114397
19760	-0.114091
19761	-0.113786
19762	-0.113481
19763	-0.113175
19764	-0.112869
19765	-0.112563
19766	-0.112258
19767	-0.111951
19768	-0.111645
19769	-0.111339
19770	-0.111033
19771	-0.110726
19772	-0.11042
19773	-0.110113
19774	-0.109806
19775	-0.1095
19776	-0.109193
19777	-0.108885
19778	-0.108578
19779	-0.108271
19780	-0.107964
19781	-0.107656
19782	-0.107349
19783	-0.107041
19784	-0.106733
19785	-0.106425
19786	-0.106117
19787	-0.105809
19788	-0.105501
19789	-0.105193
19790	-0.104884
19791	-0.104576
19792	-0.104267
19793	-0.103958
19794	-0.10365
19795	-0.103341
19796	-0.103032
19797	-0.102723
19798	-0.102414
19799	-0.102104
19800	-0.101795
19801	-0.101485
19802	-0.101176
19803	-0.100866
19804	-0.100556
19805	-0.100247
19806	-0.0999366
19807	-0.0996265
19808	-0.0993164
19809	-0.0990062
19810	-0.0986958
19811	-0.0983854
19812	-0.0980749
19813	-0.0977643
19814	-0.0974536
19815	-0.0971428
19816	-0.0968319
19817	-0.0965209
19818	-0.0962098
19819	-0.0958987
19820	-0.0955874
19821	-0.0952761
19822	-0.0949646
19823	-0.0946531
19824	-0.0943415
19825	-0.0940298
19826	-0.093718
19827	-0.0934061
19828	-0.0930941
19829	-0.092782
19830	-0.0924699
19831	-0.0921576
19832	-0.0918453
19833	-0.0915329
19834	-0.0912204
19835	-0.0909078
19836	-0.0905951
19837	-0.0902823
19838	-0.0899695
19839	-0.0896566
19840	-0.0893435
19841	-0.0890304
19842	-0.0887172
19843	-0.0884039
19844	-0.0880906
19845	-0.0877771
19846	-0.0874636
19847	-0.08715
19848	-0.0868363
19849	-0.0865225
19850	-0.0862086
19851	-0.0858947
19852	-0.0855807
19853	-0.0852665
19854	-0.0849523
19855	-0.0846381
19856	-0.0843237
19857	-0.0840093
19858	-0.0836948
19859	-0.0833802
19860	-0.0830655
19861	-0.0827507
19862	-0.0824359
19863	-0.0821209
19864	-0.081806
19865	-0.0814909
19866	-0.0811757
19867	-0.0808605
19868	-0.0805452
19869	-0.0802298
19870	-0.0799143
19871	-0.0795988
19872	-0.0792831
19873	-0.0789674
19874	-0.0786517
19875	-0.0783358
19876	-0.0780199
19877	-0.0777039
19878	-0.0773878
19879	-0.0770717
19880	-0.0767554
19881	-0.0764391
19882	-0.0761228
19883	-0.0758063
19884	-0.0754898
19885	-0.0751732
19886	-0.0748565
19887	-0.0745398
19888	-0.074223
19889	-0.0739061
19890	-0.0735891
19891	-0.0732721
19892	-0.072955
19893	-0.0726378
19894	-0.0723206
19895	-0.0720033
19896	-0.0716859
19897	-0.0713685
19898	-0.0710509
19899	-0.0707333
19900	-0.0704157
19901	-0.070098
19902	-0.0697802
19903	-0.0694623
19904	-0.0691444
19905	-0.0688264
19906	-0.0685083
19907	-0.0681902
19908	-0.067872
19909	-0.0675537
19910	-0.0672354
19911	-0.066917
19912	-0.0665985
19913	-0.06628
19914	-0.0659614
19915	-0.0656427
19916	-0.065324
19917	-0.0650052
19918	-0.0646864
19919	-0.0643675
19920	-0.0640485
19921	-0.0637294
19922	-0.0634103
19923	-0.0630912
19924	-0.0627719
19925	-0.0624527
19926	-0.0621333
19927	-0.0618139
19928	-0.0614944
19929	-0.0611749
19930	-0.0608553
19931	-0.0605357
19932	-0.0602159
19933	-0.0598962
19934	-0.0595763
19935	-0.0592565
19936	-0.0589365
19937	-0.0586165
19938	-0.0582964
19939	-0.0579763
19940	-0.0576561
19941	-0.0573359
19942	-0.0570156
19943	-0.0566953
19944	-0.0563749
19945	-0.0560544
19946	-0.0557339
19947	-0.0554133
19948	-0.0550927
19949	-0.054772
19950	-0.0544513
19951	-0.0541305
19952	-0.0538096
19953	-0.0534887
19954	-0.0531678
19955	-0.0528468
19956	-0.0525257
19957	-0.0522046
19958	-0.0518835
19959	-0.0515622
19960	-0.051241
19961	-0.0509197
19962	-0.0505983
19963	-0.0502769
19964	-0.0499554
19965	-0.0496339
19966	-0.0493123
19967	-0.0489907
19968	-0.048669
19969	-0.0483473
19970	-0.0480256
19971	-0.0477037
19972	-0.0473819
19973	-0.04706
19974	-0.046738
19975	-0.046416
19976	-0.046094
19977	-0.0457719
19978	-0.0454497
19979	-0.0451275
19980	-0.0448053
19981	-0.044483
19982	-0.0441607
19983	-0.0438383
19984	-0.0435159
19985	-0.0431935
19986	-0.042871
19987	-0.0425484
19988	-0.0422258
19989	-0.0419032
19990	-0.0415805
19991	-0.0412578
19992	-0.040935
19993	-0.0406122
19994	-0.0402894
19995	-0.0399665
19996	-0.0396436
19997	-0.0393206
19998	-0.0389976
19999	-0.0386745
20000	-0.0383514
20001	-0.0380283
20002	-0.0377051
20003	-0.0373819
20004	-0.0370587
20005	-0.0367354
20006	-0.036412
20007	-0.0360887
20008	-0.0357653
20009	-0.0354418
20010	-0.0351184
20011	-0.0347948
20012	-0.0344713
20013	-0.0341477
20014	-0.0338241
20015	-0.0335004
20016	-0.0331767
20017	-0.032853
20018	-0.0325292
20019	-0.0322054
20020	-0.0318816
20021	-0.0315577
20022	-0.0312338
20023	-0.0309098
20024	-0.0305859
20025	-0.0302619
20026	-0.0299378
20027	-0.0296138
20028	-0.0292897
20029	-0.0289655
20030	-0.0286413
20031	-0.0283171
20032	-0.0279929
20033	-0.0276687
20034	-0.0273444
20035	-0.02702
20036	-0.0266957
20037	-0.0263713
20038	-0.0260469
20039	-0.0257224
20040	-0.025398
20041	-0.0250735
20042	-0.0247489
20043	-0.0244244
20044	-0.0240998
20045	-0.0237752
20046	-0.0234505
20047	-0.0231259
20048	-0.0228012
20049	-0.0224765
20050	-0.0221517
20051	-0.0218269
20052	-0.0215021
20053	-0.0211773
20054	-0.0208525
20055	-0.0205276
20056	-0.0202027
20057	-0.0198778
20058	-0.0195528
20059	-0.0192279
20060	-0.0189029
20061	-0.0185779
20062	-0.0182528
20063	-0.0179278
20064	-0.0176027
20065	-0.0172776
20066	-0.0169524
20067	-0.0166273
20068	-0.0163021
20069	-0.0159769
20070	-0.0156517
20071	-0.0153265
20072	-0.0150012
20073	-0.014676
20074	-0.0143507
20075	-0.0140254
20076	-0.0137
20077	-0.0133747
20078	-0.0130493
20079	-0.0127239
20080	-0.0123985
20081	-0.0120731
20082	-0.0117477
20083	-0.0114222
20084	-0.0110968
20085	-0.0107713
20086	-0.0104458
20087	-0.0101203
20088	-0.00979475
20089	-0.00946921
20090	-0.00914365
20091	-0.00881807
20092	-0.00849248
20093	-0.00816688
20094	-0.00784126
20095	-0.00751563
20096	-0.00718999
20097	-0.00686434
20098	-0.00653867
20099	-0.00621299
20100	-0.0058873
20101	-0.0055616
20102	-0.00523589
20103	-0.00491016
20104	-0.00458443
20105	-0.00425868
20106	-0.00393293
20107	-0.00360716
20108	-0.00328139
20109	-0.00295561
20110	-0.00262981
20111	-0.00230401
20112	-0.0019782
20113	-0.00165239
20114	-0.00132656
20115	-0.00100073
20116	-0.000674895
20117	-0.00034905
20118	-2.31988e-05
20119	0.000302659
20120	0.000628522
20121	0.000954391
20122	0.00128026
20123	0.00160614
20124	0.00193203
20125	0.00225791
20126	0.00258381
20127	0.0029097
20128	0.0032356
20129	0.0035615
20130	0.00388741
20131	0.00421331
20132	0.00453922
20133	0.00486514
20134	0.00519105
20135	0.00551696
20136	0.00584288
20137	0.00616879
20138	0.00649471
20139	0.00682063
20140	0.00714654
20141	0.00747246
20142	0.00779837
20143	0.00812429
20144	0.0084502
20145	0.00877611
20146	0.00910202
20147	0.00942793
20148	0.00975383
20149	0.0100797
20150	0.0104056
20151	0.0107315
20152	0.0110574
20153	0.0113833
20154	0.0117092
20155	0.0120351
20156	0.0123609
20157	0.0126868
20158	0.0130127
20159	0.0133385
20160	0.0136644
20161	0.0139902
20162	0.0143161
20163	0.0146419
20164	0.0149677
20165	0.0152935
20166	0.0156193
20167	0.0159451
20168	0.0162709
20169	0.0165967
20170	0.0169225
20171	0.0172482
20172	0.017574
20173	0.0178997
20174	0.0182255
20175	0.0185512
20176	0.0188769
20177	0.0192026
20178	0.0195283
20179	0.0198539
20180	0.0201796
20181	0.0205053
20182	0.0208309
20183	0.0211565
20184	0.0214821
20185	0.0218077
20186	0.0221333
20187	0.0224589
20188	0.0227844
20189	0.02311
20190	0.0234355
20191	0.023761
20192	0.0240865
20193	0.024412
20194	0.0247374
20195	0.0250629
20196	0.0253883
20197	0.0257137
20198	0.0260391
20199	0.0263645
20200	0.0266899
20201	0.0270152
20202	0.0273405
20203	0.0276658
20204	0.0279911
20205	0.0283164
20206	0.0286416
20207	0.0289668
20208	0.029292
20209	0.0296172
20210	0.0299424
20211	0.0302675
20212	0.0305926
20213	0.0309177
20214	0.0312428
20215	0.0315678
20216	0.0318928
20217	0.0322178
20218	0.0325428
20219	0.0328678
20220	0.0331927
20221	0.0335176
20222	0.0338425
20223	0.0341673
20224	0.0344922
20225	0.034817
20226	0.0351418
20227	0.0354665
20228	0.0357912
20229	0.0361159
20230	0.0364406
20231	0.0367652
20232	0.0370899
20233	0.0374145
20234	0.037739
20235	0.0380635
20236	0.038388
20237	0.0387125
20238	0.039037
20239	0.0393614
20240	0.0396857
20241	0.0400101
20242	0.0403344
20243	0.0406587
20244	0.040983
20245	0.0413072
20246	0.0416314
20247	0.0419555
20248	0.0422797
20249	0.0426038
20250	0.0429278
20251	0.0432519
20252	0.0435758
20253	0.0438998
20254	0.0442237
20255	0.0445476
20256	0.0448715
20257	0.0451953
20258	0.0455191
20259	0.0458428
20260	0.0461665
20261	0.0464902
20262	0.0468138
20263	0.0471374
20264	0.047461
20265	0.0477845
20266	0.048108
20267	0.0484314
20268	0.0487549
20269	0.0490782
20270	0.0494015
20271	0.0497248
20272	0.0500481
20273	0.0503713
20274	0.0506945
20275	0.0510176
20276	0.0513407
20277	0.0516637
20278	0.0519867
20279	0.0523097
20280	0.0526326
20281	0.0529554
20282	0.0532783
20283	0.053601
20284	0.0539238
20285	0.0542465
20286	0.0545691
20287	0.0548917
20288	0.0552143
20289	0.0555368
20290	0.0558593
20291	0.0561817
20292	0.0565041
20293	0.0568264
20294	0.0571487
20295	0.0574709
20296	0.0577931
20297	0.0581152
20298	0.0584373
20299	0.0587594
20300	0.0590814
20301	0.0594033
20302	0.0597252
20303	0.060047
20304	0.0603688
20305	0.0606906
20306	0.0610123
20307	0.0613339
20308	0.0616555
20309	0.061977
20310	0.0622985
20311	0.0626199
20312	0.0629413
20313	0.0632626
20314	0.0635839
20315	0.0639051
20316	0.0642263
20317	0.0645474
20318	0.0648684
20319	0.0651894
20320	0.0655104
20321	0.0658313
20322	0.0661521
20323	0.0664729
20324	0.0667936
20325	0.0671143
20326	0.0674349
20327	0.0677554
20328	0.0680759
20329	0.0683963
20330	0.0687167
20331	0.069037
20332	0.0693573
20333	0.0696775
20334	0.0699976
20335	0.0703177
20336	0.0706377
20337	0.0709576
20338	0.0712775
20339	0.0715973
20340	0.0719171
20341	0.0722368
20342	0.0725565
20343	0.072876
20344	0.0731956
20345	0.073515
20346	0.0738344
20347	0.0741537
20348	0.074473
20349	0.0747922
20350	0.0751113
20351	0.0754304
20352	0.0757494
20353	0.0760683
20354	0.0763872
20355	0.076706
20356	0.0770247
20357	0.0773434
20358	0.077662
20359	0.0779805
20360	0.078299
20361	0.0786174
20362	0.0789357
20363	0.079254
20364	0.0795722
20365	0.0798903
20366	0.0802084
20367	0.0805263
20368	0.0808443
20369	0.0811621
20370	0.0814799
20371	0.0817976
20372	0.0821152
20373	0.0824327
20374	0.0827502
20375	0.0830676
20376	0.083385
20377	0.0837022
20378	0.0840194
20379	0.0843365
20380	0.0846536
20381	0.0849705
20382	0.0852874
20383	0.0856042
20384	0.085921
20385	0.0862377
20386	0.0865542
20387	0.0868707
20388	0.0871872
20389	0.0875035
20390	0.0878198
20391	0.088136
20392	0.0884521
20393	0.0887682
20394	0.0890842
20395	0.0894
20396	0.0897159
20397	0.0900316
20398	0.0903472
20399	0.0906628
20400	0.0909783
20401	0.0912937
20402	0.091609
20403	0.0919243
20404	0.0922394
20405	0.0925545
20406	0.0928695
20407	0.0931844
20408	0.0934992
20409	0.093814
20410	0.0941287
20411	0.0944432
20412	0.0947577
20413	0.0950721
20414	0.0953865
20415	0.0957007
20416	0.0960149
20417	0.0963289
20418	0.0966429
20419	0.0969568
20420	0.0972706
20421	0.0975843
20422	0.097898
20423	0.0982115
20424	0.098525
20425	0.0988384
20426	0.0991516
20427	0.0994648
20428	0.0997779
20429	0.100091
20430	0.100404
20431	0.100717
20432	0.101029
20433	0.101342
20434	0.101655
20435	0.101967
20436	0.10228
20437	0.102592
20438	0.102904
20439	0.103216
20440	0.103528
20441	0.10384
20442	0.104152
20443	0.104464
20444	0.104775
20445	0.105087
20446	0.105398
20447	0.10571
20448	0.106021
20449	0.106332
20450	0.106643
20451	0.106954
20452	0.107265
20453	0.107576
20454	0.107886
20455	0.108197
20456	0.108507
20457	0.108818
20458	0.109128
20459	0.109438
20460	0.109748
20461	0.110058
20462	0.110368
20463	0.110678
20464	0.110988
20465	0.111297
20466	0.111607
20467	0.111916
20468	0.112225
20469	0.112534
20470	0.112843
20471	0.113152
20472	0.113461
20473	0.11377
20474	0.114079
20475	0.114387
20476	0.114696
20477	0.115004
20478	0.115312
20479	0.11562
20480	0.115929
20481	0.116236
20482	0.116544
20483	0.116852
20484	0.11716
20485	0.117467
20486	0.117774
20487	0.118082
20488	0.118389
20489	0.118696
20490	0.119003
20491	0.11931
20492	0.119617
20493	0.119923
20494	0.12023
20495	0.120536
20496	0.120842
20497	0.121149
20498	0.121455
20499	0.121761
20500	0.122067
20501	0.122372
20502	0.122678
20503	0.122983
20504	0.123289
20505	0.123594
20506	0.123899
20507	0.124204
20508	0.124509
20509	0.124814
20510	0.125119
20511	0.125424
20512	0.125728
20513	0.126032
20514	0.126337
20515	0.126641
20516	0.126945
20517	0.127249
20518	0.127553
20519	0.127856
20520	0.12816
20521	0.128463
20522	0.128767
20523	0.12907
20524	0.129373
20525	0.129676
20526	0.129979
20527	0.130281
20528	0.130584
20529	0.130887
20530	0.131189
20531	0.131491
20532	0.131793
20533	0.132095
20534	0.132397
20535	0.132699
20536	0.133001
20537	0.133302
20538	0.133604
20539	0.133905
20540	0.134206
20541	0.134507
20542	0.134808
20543	0.135109
20544	0.135409
20545	0.13571
20546	0.13601
20547	0.136311
20548	0.136611
20549	0.136911
20550	0.137211
20551	0.13751
20552	0.13781
20553	0.13811
20554	0.138409
20555	0.138708
20556	0.139007
20557	0.139306
20558	0.139605
20559	0.139904
20560	0.140203
20561	0.140501
20562	0.140799
20563	0.141098
20564	0.141396
20565	0.141694
20566	0.141991
20567	0.142289
20568	0.142587
20569	0.142884
20570	0.143181
20571	0.143479
20572	0.143776
20573	0.144073
20574	0.144369
20575	0.144666
20576	0.144962
20577	0.145259
20578	0.145555
20579	0.145851
20580	0.146147
20581	0.146443
20582	0.146739
20583	0.147034
20584	0.14733
20585	0.147625
20586	0.14792
20587	0.148215
20588	0.14851
20589	0.148805
20590	0.149099
20591	0.149394
20592	0.149688
20593	0.149982
20594	0.150276
20595	0.15057
20596	0.150864
20597	0.151157
20598	0.151451
20599	0.151744
20600	0.152037
20601	0.15233
20602	0.152623
20603	0.152916
20604	0.153208
20605	0.153501
20606	0.153793
20607	0.154085
20608	0.154377
20609	0.154669
20610	0.154961
20611	0.155253
20612	0.155544
20613	0.155835
20614	0.156127
20615	0.156418
20616	0.156708
20617	0.156999
20618	0.15729
20619	0.15758
20620	0.15787
20621	0.158161
20622	0.158451
20623	0.15874
20624	0.15903
20625	0.15932
20626	0.159609
20627	0.159898
20628	0.160187
20629	0.160476
20630	0.160765
20631	0.161054
20632	0.161342
20633	0.16163
20634	0.161919
20635	0.162207
20636	0.162495
20637	0.162782
20638	0.16307
20639	0.163357
20640	0.163645
20641	0.163932
20642	0.164219
20643	0.164505
20644	0.164792
20645	0.165078
20646	0.165365
20647	0.165651
20648	0.165937
20649	0.166223
20650	0.166509
20651	0.166794
20652	0.16708
20653	0.167365
20654	0.16765
20655	0.167935
20656	0.16822
20657	0.168504
20658	0.168789
20659	0.169073
20660	0.169357
20661	0.169641
20662	0.169925
20663	0.170208
20664	0.170492
20665	0.170775
20666	0.171058
20667	0.171341
20668	0.171624
20669	0.171907
20670	0.172189
20671	0.172472
20672	0.172754
20673	0.173036
20674	0.173318
20675	0.1736
20676	0.173881
20677	0.174162
20678	0.174444
20679	0.174725
20680	0.175006
20681	0.175286
20682	0.175567
20683	0.175847
20684	0.176127
20685	0.176408
20686	0.176687
20687	0.176967
20688	0.177247
20689	0.177526
20690	0.177805
20691	0.178084
20692	0.178363
20693	0.178642
20694	0.17892
20695	0.179199
20696	0.179477
20697	0.179755
20698	0.180033
20699	0.180311
20700	0.180588
20701	0.180866
20702	0.181143
20703	0.18142
20704	0.181697
20705	0.181973
20706	0.18225
20707	0.182526
20708	0.182802
20709	0.183078
20710	0.183354
20711	0.18363
20712	0.183905
20713	0.18418
20714	0.184455
20715	0.18473
20716	0.185005
20717	0.18528
20718	0.185554
20719	0.185828
20720	0.186102
20721	0.186376
20722	0.18665
20723	0.186924
20724	0.187197
20725	0.18747
20726	0.187743
20727	0.188016
20728	0.188289
20729	0.188561
20730	0.188833
20731	0.189105
20732	0.189377
20733	0.189649
20734	0.189921
20735	0.190192
20736	0.190463
20737	0.190734
20738	0.191005
20739	0.191276
20740	0.191546
20741	0.191817
20742	0.192087
20743	0.192357
20744	0.192627
20745	0.192896
20746	0.193166
20747	0.193435
20748	0.193704
20749	0.193973
20750	0.194241
20751	0.19451
20752	0.194778
20753	0.195046
20754	0.195314
20755	0.195582
20756	0.195849
20757	0.196117
20758	0.196384
20759	0.196651
20760	0.196918
20761	0.197184
20762	0.197451
20763	0.197717
20764	0.197983
20765	0.198249
20766	0.198515
20767	0.19878
20768	0.199046
20769	0.199311
20770	0.199576
20771	0.19984
20772	0.200105
20773	0.200369
20774	0.200634
20775	0.200898
20776	0.201161
20777	0.201425
20778	0.201688
20779	0.201952
20780	0.202215
20781	0.202477
20782	0.20274
20783	0.203003
20784	0.203265
20785	0.203527
20786	0.203789
20787	0.20405
20788	0.204312
20789	0.204573
20790	0.204834
20791	0.205095
20792	0.205356
20793	0.205616
20794	0.205877
20795	0.206137
20796	0.206397
20797	0.206657
20798	0.206916
20799	0.207175
20800	0.207435
20801	0.207694
20802	0.207952
20803	0.208211
20804	0.208469
20805	0.208727
20806	0.208985
20807	0.209243
20808	0.209501
20809	0.209758
20810	0.210015
20811	0.210272
20812	0.210529
20813	0.210785
20814	0.211042
20815	0.211298
20816	0.211554
20817	0.21181
20818	0.212065
20819	0.212321
20820	0.212576
20821	0.212831
20822	0.213085
20823	0.21334
20824	0.213594
20825	0.213848
20826	0.214102
20827	0.214356
20828	0.21461
20829	0.214863
20830	0.215116
20831	0.215369
20832	0.215622
20833	0.215874
20834	0.216127
20835	0.216379
20836	0.216631
20837	0.216882
20838	0.217134
20839	0.217385
20840	0.217636
20841	0.217887
20842	0.218138
20843	0.218388
20844	0.218638
20845	0.218888
20846	0.219138
20847	0.219388
20848	0.219637
20849	0.219886
20850	0.220135
20851	0.220384
20852	0.220632
20853	0.220881
20854	0.221129
20855	0.221377
20856	0.221625
20857	0.221872
20858	0.222119
20859	0.222366
20860	0.222613
20861	0.22286
20862	0.223106
20863	0.223353
20864	0.223599
20865	0.223844
20866	0.22409
20867	0.224335
20868	0.224581
20869	0.224826
20870	0.22507
20871	0.225315
20872	0.225559
20873	0.225803
20874	0.226047
20875	0.226291
20876	0.226534
20877	0.226777
20878	0.22702
20879	0.227263
20880	0.227506
20881	0.227748
20882	0.22799
20883	0.228232
20884	0.228474
20885	0.228715
20886	0.228957
20887	0.229198
20888	0.229439
20889	0.229679
20890	0.22992
20891	0.23016
20892	0.2304
20893	0.23064
20894	0.230879
20895	0.231118
20896	0.231357
20897	0.231596
20898	0.231835
20899	0.232073
20900	0.232312
20901	0.23255
20902	0.232787
20903	0.233025
20904	0.233262
20905	0.233499
20906	0.233736
20907	0.233973
20908	0.234209
20909	0.234445
20910	0.234681
20911	0.234917
20912	0.235153
20913	0.235388
20914	0.235623
20915	0.235858
20916	0.236093
20917	0.236327
20918	0.236561
20919	0.236795
20920	0.237029
20921	0.237262
20922	0.237496
20923	0.237729
20924	0.237962
20925	0.238194
20926	0.238427
20927	0.238659
20928	0.238891
20929	0.239122
20930	0.239354
20931	0.239585
20932	0.239816
20933	0.240047
20934	0.240277
20935	0.240508
20936	0.240738
20937	0.240968
20938	0.241197
20939	0.241427
20940	0.241656
20941	0.241885
20942	0.242114
20943	0.242342
20944	0.24257
20945	0.242798
20946	0.243026
20947	0.243254
20948	0.243481
20949	0.243708
20950	0.243935
20951	0.244162
20952	0.244388
20953	0.244614
20954	0.24484
20955	0.245066
20956	0.245291
20957	0.245517
20958	0.245742
20959	0.245966
20960	0.246191
20961	0.246415
20962	0.246639
20963	0.246863
20964	0.247087
20965	0.24731
20966	0.247533
20967	0.247756
20968	0.247979
20969	0.248201
20970	0.248423
20971	0.248645
20972	0.248867
20973	0.249089
20974	0.24931
20975	0.249531
20976	0.249752
20977	0.249972
20978	0.250192
20979	0.250412
20980	0.250632
20981	0.250852
20982	0.251071
20983	0.25129
20984	0.251509
20985	0.251728
20986	0.251946
20987	0.252164
20988	0.252382
20989	0.2526
20990	0.252817
20991	0.253034
20992	0.253251
20993	0.253468
20994	0.253684
20995	0.2539
20996	0.254116
20997	0.254332
20998	0.254547
20999	0.254763
21000	0.254978
21001	0.255192
21002	0.255407
21003	0.255621
21004	0.255835
21005	0.256049
21006	0.256262
21007	0.256476
21008	0.256689
21009	0.256901
21010	0.257114
21011	0.257326
21012	0.257538
21013	0.25775
21014	0.257962
21015	0.258173
21016	0.258384
21017	0.258595
21018	0.258805
21019	0.259016
21020	0.259226
21021	0.259436
21022	0.259645
21023	0.259854
21024	0.260064
21025	0.260272
21026	0.260481
21027	0.260689
21028	0.260897
21029	0.261105
21030	0.261313
21031	0.26152
21032	0.261727
21033	0.261934
21034	0.262141
21035	0.262347
21036	0.262553
21037	0.262759
21038	0.262964
21039	0.26317
21040	0.263375
21041	0.26358
21042	0.263784
21043	0.263989
21044	0.264193
21045	0.264396
21046	0.2646
21047	0.264803
21048	0.265006
21049	0.265209
21050	0.265412
21051	0.265614
21052	0.265816
21053	0.266018
21054	0.266219
21055	0.266421
21056	0.266622
21057	0.266822
21058	0.267023
21059	0.267223
21060	0.267423
21061	0.267623
21062	0.267822
21063	0.268022
21064	0.268221
21065	0.268419
21066	0.268618
21067	0.268816
21068	0.269014
21069	0.269212
21070	0.269409
21071	0.269606
21072	0.269803
21073	0.27
21074	0.270196
21075	0.270393
21076	0.270588
21077	0.270784
21078	0.27098
21079	0.271175
21080	0.271369
21081	0.271564
21082	0.271758
21083	0.271953
21084	0.272146
21085	0.27234
21086	0.272533
21087	0.272726
21088	0.272919
21089	0.273112
21090	0.273304
21091	0.273496
21092	0.273688
21093	0.273879
21094	0.27407
21095	0.274261
21096	0.274452
21097	0.274642
21098	0.274833
21099	0.275023
21100	0.275212
21101	0.275402
21102	0.275591
21103	0.27578
21104	0.275968
21105	0.276156
21106	0.276345
21107	0.276532
21108	0.27672
21109	0.276907
21110	0.277094
21111	0.277281
21112	0.277467
21113	0.277654
21114	0.27784
21115	0.278025
21116	0.278211
21117	0.278396
21118	0.278581
21119	0.278765
21120	0.27895
21121	0.279134
21122	0.279318
21123	0.279501
21124	0.279685
21125	0.279868
21126	0.28005
21127	0.280233
21128	0.280415
21129	0.280597
21130	0.280779
21131	0.28096
21132	0.281141
21133	0.281322
21134	0.281503
21135	0.281683
21136	0.281863
21137	0.282043
21138	0.282223
21139	0.282402
21140	0.282581
21141	0.28276
21142	0.282938
21143	0.283116
21144	0.283294
21145	0.283472
21146	0.283649
21147	0.283827
21148	0.284003
21149	0.28418
21150	0.284356
21151	0.284532
21152	0.284708
21153	0.284884
21154	0.285059
21155	0.285234
21156	0.285408
21157	0.285583
21158	0.285757
21159	0.285931
21160	0.286104
21161	0.286278
21162	0.286451
21163	0.286624
21164	0.286796
21165	0.286968
21166	0.28714
21167	0.287312
21168	0.287483
21169	0.287654
21170	0.287825
21171	0.287996
21172	0.288166
21173	0.288336
21174	0.288506
21175	0.288675
21176	0.288845
21177	0.289014
21178	0.289182
21179	0.289351
21180	0.289519
21181	0.289686
21182	0.289854
21183	0.290021
21184	0.290188
21185	0.290355
21186	0.290521
21187	0.290688
21188	0.290853
21189	0.291019
21190	0.291184
21191	0.291349
21192	0.291514
21193	0.291679
21194	0.291843
21195	0.292007
21196	0.29217
21197	0.292334
21198	0.292497
21199	0.29266
21200	0.292822
21201	0.292985
21202	0.293146
21203	0.293308
21204	0.29347
21205	0.293631
21206	0.293792
21207	0.293952
21208	0.294112
21209	0.294272
21210	0.294432
21211	0.294592
21212	0.294751
21213	0.29491
21214	0.295068
21215	0.295227
21216	0.295385
21217	0.295542
21218	0.2957
21219	0.295857
21220	0.296014
21221	0.296171
21222	0.296327
21223	0.296483
21224	0.296639
21225	0.296794
21226	0.29695
21227	0.297104
21228	0.297259
21229	0.297413
21230	0.297568
21231	0.297721
21232	0.297875
21233	0.298028
21234	0.298181
21235	0.298334
21236	0.298486
21237	0.298638
21238	0.29879
21239	0.298941
21240	0.299093
21241	0.299244
21242	0.299394
21243	0.299545
21244	0.299695
21245	0.299844
21246	0.299994
21247	0.300143
21248	0.300292
21249	0.300441
21250	0.300589
21251	0.300737
21252	0.300885
21253	0.301032
21254	0.30118
21255	0.301327
21256	0.301473
21257	0.30162
21258	0.301766
21259	0.301911
21260	0.302057
21261	0.302202
21262	0.302347
21263	0.302491
21264	0.302636
21265	0.30278
21266	0.302924
21267	0.303067
21268	0.30321
21269	0.303353
21270	0.303496
21271	0.303638
21272	0.30378
21273	0.303922
21274	0.304063
21275	0.304204
21276	0.304345
21277	0.304486
21278	0.304626
21279	0.304766
21280	0.304905
21281	0.305045
21282	0.305184
21283	0.305323
21284	0.305461
21285	0.305599
21286	0.305737
21287	0.305875
21288	0.306012
21289	0.306149
21290	0.306286
21291	0.306423
21292	0.306559
21293	0.306695
21294	0.30683
21295	0.306965
21296	0.3071
21297	0.307235
21298	0.307369
21299	0.307504
21300	0.307637
21301	0.307771
21302	0.307904
21303	0.308037
21304	0.30817
21305	0.308302
21306	0.308434
21307	0.308566
21308	0.308697
21309	0.308828
21310	0.308959
21311	0.30909
21312	0.30922
21313	0.30935
21314	0.30948
21315	0.309609
21316	0.309738
21317	0.309867
21318	0.309995
21319	0.310124
21320	0.310251
21321	0.310379
21322	0.310506
21323	0.310633
21324	0.31076
21325	0.310886
21326	0.311012
21327	0.311138
21328	0.311264
21329	0.311389
21330	0.311514
21331	0.311639
21332	0.311763
21333	0.311887
21334	0.312011
21335	0.312134
21336	0.312257
21337	0.31238
21338	0.312502
21339	0.312625
21340	0.312747
21341	0.312868
21342	0.31299
21343	0.313111
21344	0.313231
21345	0.313352
21346	0.313472
21347	0.313592
21348	0.313711
21349	0.31383
21350	0.313949
21351	0.314068
21352	0.314186
21353	0.314304
21354	0.314422
21355	0.314539
21356	0.314656
21357	0.314773
21358	0.31489
21359	0.315006
21360	0.315122
21361	0.315237
21362	0.315353
21363	0.315468
21364	0.315582
21365	0.315697
21366	0.315811
21367	0.315925
21368	0.316038
21369	0.316151
21370	0.316264
21371	0.316377
21372	0.316489
21373	0.316601
21374	0.316713
21375	0.316824
21376	0.316935
21377	0.317046
21378	0.317157
21379	0.317267
21380	0.317377
21381	0.317486
21382	0.317595
21383	0.317704
21384	0.317813
21385	0.317921
21386	0.318029
21387	0.318137
21388	0.318244
21389	0.318352
21390	0.318458
21391	0.318565
21392	0.318671
21393	0.318777
21394	0.318883
21395	0.318988
21396	0.319093
21397	0.319198
21398	0.319302
21399	0.319406
21400	0.31951
21401	0.319613
21402	0.319716
21403	0.319819
21404	0.319922
21405	0.320024
21406	0.320126
21407	0.320228
21408	0.320329
21409	0.32043
21410	0.320531
21411	0.320631
21412	0.320731
21413	0.320831
21414	0.32093
21415	0.32103
21416	0.321128
21417	0.321227
21418	0.321325
21419	0.321423
21420	0.321521
21421	0.321618
21422	0.321715
21423	0.321812
21424	0.321908
21425	0.322004
21426	0.3221
21427	0.322196
21428	0.322291
21429	0.322386
21430	0.32248
21431	0.322575
21432	0.322669
21433	0.322762
21434	0.322856
21435	0.322949
21436	0.323041
21437	0.323134
21438	0.323226
21439	0.323318
21440	0.323409
21441	0.3235
21442	0.323591
21443	0.323682
21444	0.323772
21445	0.323862
21446	0.323952
21447	0.324041
21448	0.32413
21449	0.324219
21450	0.324307
21451	0.324395
21452	0.324483
21453	0.32457
21454	0.324658
21455	0.324745
21456	0.324831
21457	0.324917
21458	0.325003
21459	0.325089
21460	0.325174
21461	0.325259
21462	0.325344
21463	0.325428
21464	0.325512
21465	0.325596
21466	0.32568
21467	0.325763
21468	0.325845
21469	0.325928
21470	0.32601
21471	0.326092
21472	0.326174
21473	0.326255
21474	0.326336
21475	0.326417
21476	0.326497
21477	0.326577
21478	0.326657
21479	0.326736
21480	0.326815
21481	0.326894
21482	0.326972
21483	0.327051
21484	0.327129
21485	0.327206
21486	0.327283
21487	0.32736
21488	0.327437
21489	0.327513
21490	0.327589
21491	0.327665
21492	0.32774
21493	0.327815
21494	0.32789
21495	0.327964
21496	0.328038
21497	0.328112
21498	0.328186
21499	0.328259
21500	0.328332
21501	0.328404
21502	0.328476
21503	0.328548
21504	0.32862
21505	0.328691
21506	0.328762
21507	0.328833
21508	0.328903
21509	0.328973
21510	0.329043
21511	0.329112
21512	0.329182
21513	0.32925
21514	0.329319
21515	0.329387
21516	0.329455
21517	0.329522
21518	0.32959
21519	0.329656
21520	0.329723
21521	0.329789
21522	0.329855
21523	0.329921
21524	0.329986
21525	0.330051
21526	0.330116
21527	0.33018
21528	0.330244
21529	0.330308
21530	0.330372
21531	0.330435
21532	0.330498
21533	0.33056
21534	0.330622
21535	0.330684
21536	0.330746
21537	0.330807
21538	0.330868
21539	0.330928
21540	0.330989
21541	0.331049
21542	0.331108
21543	0.331168
21544	0.331227
21545	0.331285
21546	0.331344
21547	0.331402
21548	0.331459
21549	0.331517
21550	0.331574
21551	0.331631
21552	0.331687
21553	0.331743
21554	0.331799
21555	0.331855
21556	0.33191
21557	0.331965
21558	0.33202
21559	0.332074
21560	0.332128
21561	0.332181
21562	0.332235
21563	0.332288
21564	0.33234
21565	0.332393
21566	0.332445
21567	0.332496
21568	0.332548
21569	0.332599
21570	0.33265
21571	0.3327
21572	0.33275
21573	0.3328
21574	0.33285
21575	0.332899
21576	0.332948
21577	0.332996
21578	0.333044
21579	0.333092
21580	0.33314
21581	0.333187
21582	0.333234
21583	0.333281
21584	0.333327
21585	0.333373
21586	0.333418
21587	0.333464
21588	0.333509
21589	0.333554
21590	0.333598
21591	0.333642
21592	0.333686
21593	0.333729
21594	0.333772
21595	0.333815
21596	0.333857
21597	0.3339
21598	0.333941
21599	0.333983
21600	0.334024
21601	0.334065
21602	0.334105
21603	0.334146
21604	0.334186
21605	0.334225
21606	0.334264
21607	0.334303
21608	0.334342
21609	0.33438
21610	0.334418
21611	0.334456
21612	0.334493
21613	0.33453
21614	0.334567
21615	0.334603
21616	0.334639
21617	0.334675
21618	0.33471
21619	0.334745
21620	0.33478
21621	0.334815
21622	0.334849
21623	0.334883
21624	0.334916
21625	0.334949
21626	0.334982
21627	0.335015
21628	0.335047
21629	0.335079
21630	0.33511
21631	0.335141
21632	0.335172
21633	0.335203
21634	0.335233
21635	0.335263
21636	0.335293
21637	0.335322
21638	0.335351
21639	0.33538
21640	0.335408
21641	0.335436
21642	0.335464
21643	0.335491
21644	0.335518
21645	0.335545
21646	0.335571
21647	0.335597
21648	0.335623
21649	0.335649
21650	0.335674
21651	0.335699
21652	0.335723
21653	0.335747
21654	0.335771
21655	0.335795
21656	0.335818
21657	0.335841
21658	0.335863
21659	0.335886
21660	0.335908
21661	0.335929
21662	0.335951
21663	0.335972
21664	0.335992
21665	0.336013
21666	0.336033
21667	0.336052
21668	0.336072
21669	0.336091
21670	0.33611
21671	0.336128
21672	0.336146
21673	0.336164
21674	0.336181
21675	0.336199
21676	0.336216
21677	0.336232
21678	0.336248
21679	0.336264
21680	0.33628
21681	0.336295
21682	0.33631
21683	0.336325
21684	0.336339
21685	0.336353
21686	0.336367
21687	0.33638
21688	0.336393
21689	0.336406
21690	0.336418
21691	0.33643
21692	0.336442
21693	0.336454
21694	0.336465
21695	0.336476
21696	0.336486
21697	0.336496
21698	0.336506
21699	0.336516
21700	0.336525
21701	0.336534
21702	0.336543
21703	0.336551
21704	0.336559
21705	0.336567
21706	0.336574
21707	0.336581
21708	0.336588
21709	0.336594
21710	0.336601
21711	0.336606
21712	0.336612
21713	0.336617
21714	0.336622
21715	0.336627
21716	0.336631
21717	0.336635
21718	0.336638
21719	0.336642
21720	0.336645
21721	0.336647
21722	0.33665
21723	0.336652
21724	0.336653
21725	0.336655
21726	0.336656
21727	0.336657
21728	0.336657
21729	0.336657
21730	0.336657
21731	0.336657
21732	0.336656
21733	0.336655
21734	0.336654
21735	0.336652
21736	0.33665
21737	0.336648
21738	0.336645
21739	0.336642
21740	0.336639
21741	0.336635
21742	0.336631
21743	0.336627
21744	0.336623
21745	0.336618
21746	0.336613
21747	0.336607
21748	0.336601
21749	0.336595
21750	0.336589
21751	0.336582
21752	0.336575
21753	0.336568
21754	0.33656
21755	0.336552
21756	0.336544
21757	0.336535
21758	0.336526
21759	0.336517
21760	0.336508
21761	0.336498
21762	0.336487
21763	0.336477
21764	0.336466
21765	0.336455
21766	0.336444
21767	0.336432
21768	0.33642
21769	0.336407
21770	0.336395
21771	0.336382
21772	0.336368
21773	0.336355
21774	0.336341
21775	0.336327
21776	0.336312
21777	0.336297
21778	0.336282
21779	0.336266
21780	0.33625
21781	0.336234
21782	0.336218
21783	0.336201
21784	0.336184
21785	0.336166
21786	0.336149
21787	0.33613
21788	0.336112
21789	0.336093
21790	0.336074
21791	0.336055
21792	0.336035
21793	0.336015
21794	0.335995
21795	0.335974
21796	0.335953
21797	0.335932
21798	0.335911
21799	0.335889
21800	0.335866
21801	0.335844
21802	0.335821
21803	0.335798
21804	0.335774
21805	0.335751
21806	0.335726
21807	0.335702
21808	0.335677
21809	0.335652
21810	0.335627
21811	0.335601
21812	0.335575
21813	0.335548
21814	0.335522
21815	0.335495
21816	0.335467
21817	0.33544
21818	0.335412
21819	0.335383
21820	0.335355
21821	0.335326
21822	0.335297
21823	0.335267
21824	0.335237
21825	0.335207
21826	0.335176
21827	0.335145
21828	0.335114
21829	0.335083
21830	0.335051
21831	0.335019
21832	0.334986
21833	0.334953
21834	0.33492
21835	0.334887
21836	0.334853
21837	0.334819
21838	0.334784
21839	0.33475
21840	0.334715
21841	0.334679
21842	0.334644
21843	0.334608
21844	0.334571
21845	0.334535
21846	0.334498
21847	0.33446
21848	0.334423
21849	0.334385
21850	0.334346
21851	0.334308
21852	0.334269
21853	0.33423
21854	0.33419
21855	0.33415
21856	0.33411
21857	0.334069
21858	0.334028
21859	0.333987
21860	0.333946
21861	0.333904
21862	0.333862
21863	0.333819
21864	0.333777
21865	0.333733
21866	0.33369
21867	0.333646
21868	0.333602
21869	0.333558
21870	0.333513
21871	0.333468
21872	0.333423
21873	0.333377
21874	0.333331
21875	0.333285
21876	0.333238
21877	0.333191
21878	0.333144
21879	0.333096
21880	0.333048
21881	0.333
21882	0.332951
21883	0.332903
21884	0.332853
21885	0.332804
21886	0.332754
21887	0.332704
21888	0.332653
21889	0.332602
21890	0.332551
21891	0.3325
21892	0.332448
21893	0.332396
21894	0.332344
21895	0.332291
21896	0.332238
21897	0.332184
21898	0.332131
21899	0.332077
21900	0.332022
21901	0.331968
21902	0.331913
21903	0.331857
21904	0.331802
21905	0.331746
21906	0.33169
21907	0.331633
21908	0.331576
21909	0.331519
21910	0.331461
21911	0.331403
21912	0.331345
21913	0.331287
21914	0.331228
21915	0.331169
21916	0.331109
21917	0.33105
21918	0.33099
21919	0.330929
21920	0.330868
21921	0.330807
21922	0.330746
21923	0.330684
21924	0.330622
21925	0.33056
21926	0.330497
21927	0.330434
21928	0.330371
21929	0.330308
21930	0.330244
21931	0.330179
21932	0.330115
21933	0.33005
21934	0.329985
21935	0.329919
21936	0.329854
21937	0.329787
21938	0.329721
21939	0.329654
21940	0.329587
21941	0.32952
21942	0.329452
21943	0.329384
21944	0.329316
21945	0.329247
21946	0.329178
21947	0.329109
21948	0.329039
21949	0.328969
21950	0.328899
21951	0.328828
21952	0.328758
21953	0.328686
21954	0.328615
21955	0.328543
21956	0.328471
21957	0.328398
21958	0.328326
21959	0.328253
21960	0.328179
21961	0.328106
21962	0.328032
21963	0.327957
21964	0.327883
21965	0.327808
21966	0.327732
21967	0.327657
21968	0.327581
21969	0.327505
21970	0.327428
21971	0.327351
21972	0.327274
21973	0.327197
21974	0.327119
21975	0.327041
21976	0.326962
21977	0.326884
21978	0.326805
21979	0.326725
21980	0.326646
21981	0.326566
21982	0.326485
21983	0.326405
21984	0.326324
21985	0.326243
21986	0.326161
21987	0.326079
21988	0.325997
21989	0.325915
21990	0.325832
21991	0.325749
21992	0.325666
21993	0.325582
21994	0.325498
21995	0.325414
21996	0.325329
21997	0.325244
21998	0.325159
21999	0.325073
22000	0.324987
22001	0.324901
22002	0.324815
22003	0.324728
22004	0.324641
22005	0.324554
22006	0.324466
22007	0.324378
22008	0.324289
22009	0.324201
22010	0.324112
22011	0.324023
22012	0.323933
22013	0.323843
22014	0.323753
22015	0.323663
22016	0.323572
22017	0.323481
22018	0.323389
22019	0.323298
22020	0.323206
22021	0.323113
22022	0.323021
22023	0.322928
22024	0.322835
22025	0.322741
22026	0.322647
22027	0.322553
22028	0.322459
22029	0.322364
22030	0.322269
22031	0.322174
22032	0.322078
22033	0.321982
22034	0.321886
22035	0.321789
22036	0.321692
22037	0.321595
22038	0.321498
22039	0.3214
22040	0.321302
22041	0.321203
22042	0.321105
22043	0.321006
22044	0.320906
22045	0.320807
22046	0.320707
22047	0.320607
22048	0.320506
22049	0.320406
22050	0.320304
22051	0.320203
22052	0.320101
22053	0.319999
22054	0.319897
22055	0.319794
22056	0.319691
22057	0.319588
22058	0.319485
22059	0.319381
22060	0.319277
22061	0.319172
22062	0.319068
22063	0.318963
22064	0.318857
22065	0.318752
22066	0.318646
22067	0.31854
22068	0.318433
22069	0.318326
22070	0.318219
22071	0.318112
22072	0.318004
22073	0.317896
22074	0.317788
22075	0.317679
22076	0.31757
22077	0.317461
22078	0.317352
22079	0.317242
22080	0.317132
22081	0.317021
22082	0.316911
22083	0.3168
22084	0.316688
22085	0.316577
22086	0.316465
22087	0.316353
22088	0.31624
22089	0.316127
22090	0.316014
22091	0.315901
22092	0.315787
22093	0.315673
22094	0.315559
22095	0.315444
22096	0.315329
22097	0.315214
22098	0.315099
22099	0.314983
22100	0.314867
22101	0.314751
22102	0.314634
22103	0.314517
22104	0.3144
22105	0.314282
22106	0.314164
22107	0.314046
22108	0.313928
22109	0.313809
22110	0.31369
22111	0.313571
22112	0.313451
22113	0.313331
22114	0.313211
22115	0.313091
22116	0.31297
22117	0.312849
22118	0.312727
22119	0.312606
22120	0.312484
22121	0.312361
22122	0.312239
22123	0.312116
22124	0.311993
22125	0.311869
22126	0.311745
22127	0.311621
22128	0.311497
22129	0.311372
22130	0.311247
22131	0.311122
22132	0.310997
22133	0.310871
22134	0.310745
22135	0.310618
22136	0.310492
22137	0.310365
22138	0.310237
22139	0.31011
22140	0.309982
22141	0.309854
22142	0.309725
22143	0.309597
22144	0.309468
22145	0.309338
22146	0.309209
22147	0.309079
22148	0.308948
22149	0.308818
22150	0.308687
22151	0.308556
22152	0.308425
22153	0.308293
22154	0.308161
22155	0.308029
22156	0.307896
22157	0.307763
22158	0.30763
22159	0.307497
22160	0.307363
22161	0.307229
22162	0.307095
22163	0.30696
22164	0.306825
22165	0.30669
22166	0.306554
22167	0.306419
22168	0.306283
22169	0.306146
22170	0.30601
22171	0.305873
22172	0.305735
22173	0.305598
22174	0.30546
22175	0.305322
22176	0.305184
22177	0.305045
22178	0.304906
22179	0.304767
22180	0.304627
22181	0.304487
22182	0.304347
22183	0.304207
22184	0.304066
22185	0.303925
22186	0.303784
22187	0.303642
22188	0.3035
22189	0.303358
22190	0.303216
22191	0.303073
22192	0.30293
22193	0.302787
22194	0.302643
22195	0.302499
22196	0.302355
22197	0.302211
22198	0.302066
22199	0.301921
22200	0.301776
22201	0.30163
22202	0.301484
22203	0.301338
22204	0.301192
22205	0.301045
22206	0.300898
22207	0.300751
22208	0.300603
22209	0.300455
22210	0.300307
22211	0.300159
22212	0.30001
22213	0.299861
22214	0.299712
22215	0.299562
22216	0.299412
22217	0.299262
22218	0.299112
22219	0.298961
22220	0.29881
22221	0.298659
22222	0.298507
22223	0.298355
22224	0.298203
22225	0.298051
22226	0.297898
22227	0.297745
22228	0.297592
22229	0.297439
22230	0.297285
22231	0.297131
22232	0.296976
22233	0.296822
22234	0.296667
22235	0.296512
22236	0.296356
22237	0.2962
22238	0.296044
22239	0.295888
22240	0.295731
22241	0.295574
22242	0.295417
22243	0.29526
22244	0.295102
22245	0.294944
22246	0.294786
22247	0.294627
22248	0.294468
22249	0.294309
22250	0.29415
22251	0.29399
22252	0.29383
22253	0.29367
22254	0.29351
22255	0.293349
22256	0.293188
22257	0.293027
22258	0.292865
22259	0.292703
22260	0.292541
22261	0.292379
22262	0.292216
22263	0.292053
22264	0.29189
22265	0.291726
22266	0.291562
22267	0.291398
22268	0.291234
22269	0.291069
22270	0.290904
22271	0.290739
22272	0.290574
22273	0.290408
22274	0.290242
22275	0.290076
22276	0.289909
22277	0.289742
22278	0.289575
22279	0.289408
22280	0.28924
22281	0.289073
22282	0.288904
22283	0.288736
22284	0.288567
22285	0.288398
22286	0.288229
22287	0.288059
22288	0.28789
22289	0.28772
22290	0.287549
22291	0.287379
22292	0.287208
22293	0.287037
22294	0.286865
22295	0.286694
22296	0.286522
22297	0.286349
22298	0.286177
22299	0.286004
22300	0.285831
22301	0.285658
22302	0.285484
22303	0.28531
22304	0.285136
22305	0.284962
22306	0.284787
22307	0.284612
22308	0.284437
22309	0.284262
22310	0.284086
22311	0.28391
22312	0.283734
22313	0.283557
22314	0.283381
22315	0.283204
22316	0.283026
22317	0.282849
22318	0.282671
22319	0.282493
22320	0.282314
22321	0.282136
22322	0.281957
22323	0.281778
22324	0.281598
22325	0.281419
22326	0.281239
22327	0.281059
22328	0.280878
22329	0.280697
22330	0.280516
22331	0.280335
22332	0.280154
22333	0.279972
22334	0.27979
22335	0.279607
22336	0.279425
22337	0.279242
22338	0.279059
22339	0.278875
22340	0.278692
22341	0.278508
22342	0.278324
22343	0.278139
22344	0.277955
22345	0.27777
22346	0.277585
22347	0.277399
22348	0.277214
22349	0.277028
22350	0.276841
22351	0.276655
22352	0.276468
22353	0.276281
22354	0.276094
22355	0.275906
22356	0.275719
22357	0.275531
22358	0.275342
22359	0.275154
22360	0.274965
22361	0.274776
22362	0.274586
22363	0.274397
22364	0.274207
22365	0.274017
22366	0.273827
22367	0.273636
22368	0.273445
22369	0.273254
22370	0.273063
22371	0.272871
22372	0.272679
22373	0.272487
22374	0.272295
22375	0.272102
22376	0.271909
22377	0.271716
22378	0.271523
22379	0.271329
22380	0.271135
22381	0.270941
22382	0.270746
22383	0.270552
22384	0.270357
22385	0.270162
22386	0.269966
22387	0.26977
22388	0.269574
22389	0.269378
22390	0.269182
22391	0.268985
22392	0.268788
22393	0.268591
22394	0.268394
22395	0.268196
22396	0.267998
22397	0.2678
22398	0.267601
22399	0.267403
22400	0.267204
22401	0.267004
22402	0.266805
22403	0.266605
22404	0.266405
22405	0.266205
22406	0.266005
22407	0.265804
22408	0.265603
22409	0.265402
22410	0.2652
22411	0.264999
22412	0.264797
22413	0.264595
22414	0.264392
22415	0.26419
22416	0.263987
22417	0.263783
22418	0.26358
22419	0.263376
22420	0.263172
22421	0.262968
22422	0.262764
22423	0.262559
22424	0.262354
22425	0.262149
22426	0.261944
22427	0.261738
22428	0.261532
22429	0.261326
22430	0.26112
22431	0.260913
22432	0.260707
22433	0.260499
22434	0.260292
22435	0.260085
22436	0.259877
22437	0.259669
22438	0.25946
22439	0.259252
22440	0.259043
22441	0.258834
22442	0.258625
22443	0.258415
22444	0.258206
22445	0.257996
22446	0.257785
22447	0.257575
22448	0.257364
22449	0.257153
22450	0.256942
22451	0.256731
22452	0.256519
22453	0.256307
22454	0.256095
22455	0.255883
22456	0.25567
22457	0.255457
22458	0.255244
22459	0.255031
22460	0.254817
22461	0.254604
22462	0.254389
22463	0.254175
22464	0.253961
22465	0.253746
22466	0.253531
22467	0.253316
22468	0.2531
22469	0.252885
22470	0.252669
22471	0.252453
22472	0.252236
22473	0.25202
22474	0.251803
22475	0.251586
22476	0.251368
22477	0.251151
22478	0.250933
22479	0.250715
22480	0.250497
22481	0.250278
22482	0.250059
22483	0.24984
22484	0.249621
22485	0.249402
22486	0.249182
22487	0.248962
22488	0.248742
22489	0.248522
22490	0.248301
22491	0.24808
22492	0.247859
22493	0.247638
22494	0.247417
22495	0.247195
22496	0.246973
22497	0.246751
22498	0.246528
22499	0.246306
22500	0.246083
22501	0.24586
22502	0.245636
22503	0.245413
22504	0.245189
22505	0.244965
22506	0.244741
22507	0.244516
22508	0.244291
22509	0.244067
22510	0.243841
22511	0.243616
22512	0.24339
22513	0.243165
22514	0.242938
22515	0.242712
22516	0.242486
22517	0.242259
22518	0.242032
22519	0.241805
22520	0.241577
22521	0.24135
22522	0.241122
22523	0.240894
22524	0.240665
22525	0.240437
22526	0.240208
22527	0.239979
22528	0.23975
22529	0.239521
22530	0.239291
22531	0.239061
22532	0.238831
22533	0.238601
22534	0.23837
22535	0.238139
22536	0.237908
22537	0.237677
22538	0.237446
22539	0.237214
22540	0.236982
22541	0.23675
22542	0.236518
22543	0.236285
22544	0.236053
22545	0.23582
22546	0.235587
22547	0.235353
22548	0.235119
22549	0.234886
22550	0.234652
22551	0.234417
22552	0.234183
22553	0.233948
22554	0.233713
22555	0.233478
22556	0.233243
22557	0.233007
22558	0.232771
22559	0.232535
22560	0.232299
22561	0.232063
22562	0.231826
22563	0.231589
22564	0.231352
22565	0.231115
22566	0.230877
22567	0.23064
22568	0.230402
22569	0.230164
22570	0.229925
22571	0.229687
22572	0.229448
22573	0.229209
22574	0.22897
22575	0.22873
22576	0.228491
22577	0.228251
22578	0.228011
22579	0.22777
22580	0.22753
22581	0.227289
22582	0.227048
22583	0.226807
22584	0.226566
22585	0.226324
22586	0.226083
22587	0.225841
22588	0.225598
22589	0.225356
22590	0.225113
22591	0.224871
22592	0.224628
22593	0.224385
22594	0.224141
22595	0.223897
22596	0.223654
22597	0.22341
22598	0.223165
22599	0.222921
22600	0.222676
22601	0.222431
22602	0.222186
22603	0.221941
22604	0.221696
22605	0.22145
22606	0.221204
22607	0.220958
22608	0.220712
22609	0.220465
22610	0.220218
22611	0.219972
22612	0.219724
22613	0.219477
22614	0.21923
22615	0.218982
22616	0.218734
22617	0.218486
22618	0.218238
22619	0.217989
22620	0.21774
22621	0.217491
22622	0.217242
22623	0.216993
22624	0.216743
22625	0.216494
22626	0.216244
22627	0.215994
22628	0.215743
22629	0.215493
22630	0.215242
22631	0.214991
22632	0.21474
22633	0.214489
22634	0.214237
22635	0.213985
22636	0.213733
22637	0.213481
22638	0.213229
22639	0.212976
22640	0.212724
22641	0.212471
22642	0.212218
22643	0.211964
22644	0.211711
22645	0.211457
22646	0.211203
22647	0.210949
22648	0.210695
22649	0.21044
22650	0.210186
22651	0.209931
22652	0.209676
22653	0.209421
22654	0.209165
22655	0.20891
22656	0.208654
22657	0.208398
22658	0.208141
22659	0.207885
22660	0.207628
22661	0.207372
22662	0.207115
22663	0.206857
22664	0.2066
22665	0.206343
22666	0.206085
22667	0.205827
22668	0.205569
22669	0.20531
22670	0.205052
22671	0.204793
22672	0.204534
22673	0.204275
22674	0.204016
22675	0.203756
22676	0.203497
22677	0.203237
22678	0.202977
22679	0.202717
22680	0.202456
22681	0.202196
22682	0.201935
22683	0.201674
22684	0.201413
22685	0.201151
22686	0.20089
22687	0.200628
22688	0.200366
22689	0.200104
22690	0.199842
22691	0.199579
22692	0.199317
22693	0.199054
22694	0.198791
22695	0.198528
22696	0.198264
22697	0.198001
22698	0.197737
22699	0.197473
22700	0.197209
22701	0.196945
22702	0.19668
22703	0.196416
22704	0.196151
22705	0.195886
22706	0.19562
22707	0.195355
22708	0.195089
22709	0.194824
22710	0.194558
22711	0.194292
22712	0.194025
22713	0.193759
22714	0.193492
22715	0.193225
22716	0.192958
22717	0.192691
22718	0.192424
22719	0.192156
22720	0.191888
22721	0.19162
22722	0.191352
22723	0.191084
22724	0.190816
22725	0.190547
22726	0.190278
22727	0.190009
22728	0.18974
22729	0.189471
22730	0.189201
22731	0.188931
22732	0.188661
22733	0.188391
22734	0.188121
22735	0.187851
22736	0.18758
22737	0.187309
22738	0.187038
22739	0.186767
22740	0.186496
22741	0.186225
22742	0.185953
22743	0.185681
22744	0.185409
22745	0.185137
22746	0.184865
22747	0.184592
22748	0.184319
22749	0.184047
22750	0.183773
22751	0.1835
22752	0.183227
22753	0.182953
22754	0.18268
22755	0.182406
22756	0.182132
22757	0.181857
22758	0.181583
22759	0.181308
22760	0.181034
22761	0.180759
22762	0.180484
22763	0.180208
22764	0.179933
22765	0.179657
22766	0.179382
22767	0.179106
22768	0.17883
22769	0.178553
22770	0.178277
22771	0.178
22772	0.177723
22773	0.177447
22774	0.177169
22775	0.176892
22776	0.176615
22777	0.176337
22778	0.176059
22779	0.175781
22780	0.175503
22781	0.175225
22782	0.174947
22783	0.174668
22784	0.174389
22785	0.17411
22786	0.173831
22787	0.173552
22788	0.173272
22789	0.172993
22790	0.172713
22791	0.172433
22792	0.172153
22793	0.171873
22794	0.171592
22795	0.171312
22796	0.171031
22797	0.17075
22798	0.170469
22799	0.170188
22800	0.169907
22801	0.169625
22802	0.169343
22803	0.169061
22804	0.168779
22805	0.168497
22806	0.168215
22807	0.167932
22808	0.16765
22809	0.167367
22810	0.167084
22811	0.166801
22812	0.166518
22813	0.166234
22814	0.165951
22815	0.165667
22816	0.165383
22817	0.165099
22818	0.164815
22819	0.16453
22820	0.164246
22821	0.163961
22822	0.163676
22823	0.163391
22824	0.163106
22825	0.162821
22826	0.162535
22827	0.162249
22828	0.161964
22829	0.161678
22830	0.161392
22831	0.161105
22832	0.160819
22833	0.160533
22834	0.160246
22835	0.159959
22836	0.159672
22837	0.159385
22838	0.159098
22839	0.15881
22840	0.158522
22841	0.158235
22842	0.157947
22843	0.157659
22844	0.157371
22845	0.157082
22846	0.156794
22847	0.156505
22848	0.156216
22849	0.155927
22850	0.155638
22851	0.155349
22852	0.15506
22853	0.15477
22854	0.15448
22855	0.15419
22856	0.153901
22857	0.15361
22858	0.15332
22859	0.15303
22860	0.152739
22861	0.152448
22862	0.152158
22863	0.151867
22864	0.151575
22865	0.151284
22866	0.150993
22867	0.150701
22868	0.150409
22869	0.150118
22870	0.149826
22871	0.149533
22872	0.149241
22873	0.148949
22874	0.148656
22875	0.148363
22876	0.148071
22877	0.147778
22878	0.147484
22879	0.147191
22880	0.146898
22881	0.146604
22882	0.14631
22883	0.146017
22884	0.145723
22885	0.145429
22886	0.145134
22887	0.14484
22888	0.144545
22889	0.144251
22890	0.143956
22891	0.143661
22892	0.143366
22893	0.143071
22894	0.142775
22895	0.14248
22896	0.142184
22897	0.141888
22898	0.141593
22899	0.141297
22900	0.141
22901	0.140704
22902	0.140408
22903	0.140111
22904	0.139814
22905	0.139518
22906	0.139221
22907	0.138924
22908	0.138626
22909	0.138329
22910	0.138031
22911	0.137734
22912	0.137436
22913	0.137138
22914	0.13684
22915	0.136542
22916	0.136244
22917	0.135945
22918	0.135647
22919	0.135348
22920	0.135049
22921	0.13475
22922	0.134451
22923	0.134152
22924	0.133853
22925	0.133553
22926	0.133254
22927	0.132954
22928	0.132654
22929	0.132354
22930	0.132054
22931	0.131754
22932	0.131454
22933	0.131153
22934	0.130852
22935	0.130552
22936	0.130251
22937	0.12995
22938	0.129649
22939	0.129348
22940	0.129046
22941	0.128745
22942	0.128443
22943	0.128142
22944	0.12784
22945	0.127538
22946	0.127236
22947	0.126933
22948	0.126631
22949	0.126329
22950	0.126026
22951	0.125723
22952	0.125421
22953	0.125118
22954	0.124815
22955	0.124511
22956	0.124208
22957	0.123905
22958	0.123601
22959	0.123298
22960	0.122994
22961	0.12269
22962	0.122386
22963	0.122082
22964	0.121778
22965	0.121473
22966	0.121169
22967	0.120864
22968	0.120559
22969	0.120255
22970	0.11995
22971	0.119645
22972	0.119339
22973	0.119034
22974	0.118729
22975	0.118423
22976	0.118118
22977	0.117812
22978	0.117506
22979	0.1172
22980	0.116894
22981	0.116588
22982	0.116282
22983	0.115975
22984	0.115669
22985	0.115362
22986	0.115055
22987	0.114748
22988	0.114441
22989	0.114134
22990	0.113827
22991	0.11352
22992	0.113212
22993	0.112905
22994	0.112597
22995	0.11229
22996	0.111982
22997	0.111674
22998	0.111366
22999	0.111057
23000	0.110749
23001	0.110441
23002	0.110132
23003	0.109824
23004	0.109515
23005	0.109206
23006	0.108897
23007	0.108588
23008	0.108279
23009	0.10797
23010	0.107661
23011	0.107351
23012	0.107042
23013	0.106732
23014	0.106422
23015	0.106112
23016	0.105802
23017	0.105492
23018	0.105182
23019	0.104872
23020	0.104562
23021	0.104251
23022	0.103941
23023	0.10363
23024	0.103319
23025	0.103008
23026	0.102697
23027	0.102386
23028	0.102075
23029	0.101764
23030	0.101452
23031	0.101141
23032	0.100829
23033	0.100518
23034	0.100206
23035	0.0998942
23036	0.0995822
23037	0.0992702
23038	0.098958
23039	0.0986458
23040	0.0983334
23041	0.098021
23042	0.0977085
23043	0.0973959
23044	0.0970831
23045	0.0967703
23046	0.0964574
23047	0.0961444
23048	0.0958313
23049	0.0955181
23050	0.0952048
23051	0.0948915
23052	0.094578
23053	0.0942644
23054	0.0939508
23055	0.093637
23056	0.0933232
23057	0.0930093
23058	0.0926952
23059	0.0923811
23060	0.0920669
23061	0.0917526
23062	0.0914382
23063	0.0911238
23064	0.0908092
23065	0.0904945
23066	0.0901798
23067	0.089865
23068	0.08955
23069	0.089235
23070	0.0889199
23071	0.0886047
23072	0.0882895
23073	0.0879741
23074	0.0876587
23075	0.0873431
23076	0.0870275
23077	0.0867118
23078	0.086396
23079	0.0860801
23080	0.0857642
23081	0.0854481
23082	0.085132
23083	0.0848157
23084	0.0844994
23085	0.084183
23086	0.0838666
23087	0.08355
23088	0.0832334
23089	0.0829166
23090	0.0825998
23091	0.0822829
23092	0.081966
23093	0.0816489
23094	0.0813318
23095	0.0810146
23096	0.0806973
23097	0.0803799
23098	0.0800624
23099	0.0797449
23100	0.0794272
23101	0.0791095
23102	0.0787917
23103	0.0784739
23104	0.0781559
23105	0.0778379
23106	0.0775198
23107	0.0772016
23108	0.0768834
23109	0.0765651
23110	0.0762466
23111	0.0759281
23112	0.0756096
23113	0.0752909
23114	0.0749722
23115	0.0746534
23116	0.0743345
23117	0.0740156
23118	0.0736966
23119	0.0733775
23120	0.0730583
23121	0.0727391
23122	0.0724197
23123	0.0721003
23124	0.0717809
23125	0.0714613
23126	0.0711417
23127	0.070822
23128	0.0705023
23129	0.0701824
23130	0.0698625
23131	0.0695425
23132	0.0692225
23133	0.0689024
23134	0.0685822
23135	0.0682619
23136	0.0679416
23137	0.0676212
23138	0.0673007
23139	0.0669802
23140	0.0666596
23141	0.0663389
23142	0.0660181
23143	0.0656973
23144	0.0653764
23145	0.0650555
23146	0.0647345
23147	0.0644134
23148	0.0640922
23149	0.063771
23150	0.0634497
23151	0.0631284
23152	0.062807
23153	0.0624855
23154	0.0621639
23155	0.0618423
23156	0.0615207
23157	0.0611989
23158	0.0608771
23159	0.0605553
23160	0.0602333
23161	0.0599113
23162	0.0595893
23163	0.0592672
23164	0.058945
23165	0.0586228
23166	0.0583005
23167	0.0579781
23168	0.0576557
23169	0.0573332
23170	0.0570107
23171	0.0566881
23172	0.0563654
23173	0.0560427
23174	0.0557199
23175	0.0553971
23176	0.0550742
23177	0.0547512
23178	0.0544282
23179	0.0541052
23180	0.053782
23181	0.0534589
23182	0.0531356
23183	0.0528123
23184	0.052489
23185	0.0521656
23186	0.0518422
23187	0.0515186
23188	0.0511951
23189	0.0508715
23190	0.0505478
23191	0.0502241
23192	0.0499003
23193	0.0495765
23194	0.0492526
23195	0.0489287
23196	0.0486047
23197	0.0482807
23198	0.0479566
23199	0.0476324
23200	0.0473082
23201	0.046984
23202	0.0466597
23203	0.0463354
23204	0.046011
23205	0.0456866
23206	0.0453621
23207	0.0450376
23208	0.044713
23209	0.0443884
23210	0.0440637
23211	0.043739
23212	0.0434142
23213	0.0430894
23214	0.0427646
23215	0.0424397
23216	0.0421147
23217	0.0417898
23218	0.0414647
23219	0.0411396
23220	0.0408145
23221	0.0404894
23222	0.0401642
23223	0.0398389
23224	0.0395136
23225	0.0391883
23226	0.0388629
23227	0.0385375
23228	0.038212
23229	0.0378866
23230	0.037561
23231	0.0372354
23232	0.0369098
23233	0.0365842
23234	0.0362585
23235	0.0359327
23236	0.035607
23237	0.0352812
23238	0.0349553
23239	0.0346294
23240	0.0343035
23241	0.0339775
23242	0.0336515
23243	0.0333255
23244	0.0329994
23245	0.0326733
23246	0.0323472
23247	0.032021
23248	0.0316948
23249	0.0313686
23250	0.0310423
23251	0.030716
23252	0.0303897
23253	0.0300633
23254	0.0297369
23255	0.0294104
23256	0.029084
23257	0.0287575
23258	0.0284309
23259	0.0281044
23260	0.0277778
23261	0.0274511
23262	0.0271245
23263	0.0267978
23264	0.0264711
23265	0.0261443
23266	0.0258175
23267	0.0254907
23268	0.0251639
23269	0.024837
23270	0.0245101
23271	0.0241832
23272	0.0238563
23273	0.0235293
23274	0.0232023
23275	0.0228753
23276	0.0225483
23277	0.0222212
23278	0.0218941
23279	0.021567
23280	0.0212398
23281	0.0209126
23282	0.0205854
23283	0.0202582
23284	0.019931
23285	0.0196037
23286	0.0192764
23287	0.0189491
23288	0.0186218
23289	0.0182944
23290	0.017967
23291	0.0176396
23292	0.0173122
23293	0.0169848
23294	0.0166573
23295	0.0163298
23296	0.0160023
23297	0.0156748
23298	0.0153473
23299	0.0150197
23300	0.0146921
23301	0.0143646
23302	0.0140369
23303	0.0137093
23304	0.0133817
23305	0.013054
23306	0.0127263
23307	0.0123986
23308	0.0120709
23309	0.0117432
23310	0.0114154
23311	0.0110877
23312	0.0107599
23313	0.0104321
23314	0.0101043
23315	0.0097765
23316	0.00944867
23317	0.00912083
23318	0.00879298
23319	0.00846511
23320	0.00813723
23321	0.00780933
23322	0.00748143
23323	0.00715351
23324	0.00682559
23325	0.00649765
23326	0.0061697
23327	0.00584174
23328	0.00551378
23329	0.0051858
23330	0.00485781
23331	0.00452982
23332	0.00420181
23333	0.0038738
23334	0.00354578
23335	0.00321775
23336	0.00288972
23337	0.00256167
23338	0.00223362
23339	0.00190557
23340	0.00157751
23341	0.00124944
23342	0.000921368
23343	0.000593291
23344	0.000265209
23345	-6.28781e-05
23346	-0.000390969
23347	-0.000719064
23348	-0.00104716
23349	-0.00137526
23350	-0.00170337
23351	-0.00203147
23352	-0.00235958
23353	-0.00268769
23354	-0.00301581
23355	-0.00334392
23356	-0.00367203
23357	-0.00400015
23358	-0.00432826
23359	-0.00465638
23360	-0.00498449
23361	-0.00531261
23362	-0.00564072
23363	-0.00596883
23364	-0.00629694
23365	-0.00662505
23366	-0.00695316
23367	-0.00728126
23368	-0.00760936
23369	-0.00793746
23370	-0.00826555
23371	-0.00859364
23372	-0.00892173
23373	-0.00924981
23374	-0.00957788
23375	-0.00990595
23376	-0.010234
23377	-0.0105621
23378	-0.0108901
23379	-0.0112182
23380	-0.0115462
23381	-0.0118742
23382	-0.0122023
23383	-0.0125303
23384	-0.0128583
23385	-0.0131863
23386	-0.0135143
23387	-0.0138423
23388	-0.0141702
23389	-0.0144982
23390	-0.0148261
23391	-0.0151541
23392	-0.015482
23393	-0.0158099
23394	-0.0161378
23395	-0.0164657
23396	-0.0167936
23397	-0.0171215
23398	-0.0174493
23399	-0.0177772
23400	-0.018105
23401	-0.0184328
23402	-0.0187606
23403	-0.0190884
23404	-0.0194162
23405	-0.019744
23406	-0.0200717
23407	-0.0203994
23408	-0.0207272
23409	-0.0210549
23410	-0.0213825
23411	-0.0217102
23412	-0.0220378
23413	-0.0223655
23414	-0.0226931
23415	-0.0230207
23416	-0.0233482
23417	-0.0236758
23418	-0.0240033
23419	-0.0243308
23420	-0.0246583
23421	-0.0249858
23422	-0.0253133
23423	-0.0256407
23424	-0.0259681
23425	-0.0262955
23426	-0.0266229
23427	-0.0269502
23428	-0.0272775
23429	-0.0276048
23430	-0.0279321
23431	-0.0282594
23432	-0.0285866
23433	-0.0289138
23434	-0.029241
23435	-0.0295682
23436	-0.0298953
23437	-0.0302224
23438	-0.0305495
23439	-0.0308766
23440	-0.0312036
23441	-0.0315306
23442	-0.0318576
23443	-0.0321845
23444	-0.0325115
23445	-0.0328384
23446	-0.0331652
23447	-0.0334921
23448	-0.0338189
23449	-0.0341457
23450	-0.0344724
23451	-0.0347991
23452	-0.0351258
23453	-0.0354525
23454	-0.0357791
23455	-0.0361057
23456	-0.0364323
23457	-0.0367589
23458	-0.0370854
23459	-0.0374119
23460	-0.0377383
23461	-0.0380647
23462	-0.0383911
23463	-0.0387174
23464	-0.0390438
23465	-0.03937
23466	-0.0396963
23467	-0.0400225
23468	-0.0403487
23469	-0.0406748
23470	-0.041001
23471	-0.041327
23472	-0.0416531
23473	-0.0419791
23474	-0.042305
23475	-0.042631
23476	-0.0429569
23477	-0.0432827
23478	-0.0436085
23479	-0.0439343
23480	-0.0442601
23481	-0.0445858
23482	-0.0449114
23483	-0.0452371
23484	-0.0455627
23485	-0.0458882
23486	-0.0462137
23487	-0.0465392
23488	-0.0468646
23489	-0.04719
23490	-0.0475154
23491	-0.0478407
23492	-0.0481659
23493	-0.0484911
23494	-0.0488163
23495	-0.0491415
23496	-0.0494666
23497	-0.0497916
23498	-0.0501166
23499	-0.0504416
23500	-0.0507665
23501	-0.0510914
23502	-0.0514162
23503	-0.051741
23504	-0.0520658
23505	-0.0523905
23506	-0.0527151
23507	-0.0530397
23508	-0.0533643
23509	-0.0536888
23510	-0.0540133
23511	-0.0543377
23512	-0.054662
23513	-0.0549864
23514	-0.0553106
23515	-0.0556349
23516	-0.055959
23517	-0.0562832
23518	-0.0566073
23519	-0.0569313
23520	-0.0572553
23521	-0.0575792
23522	-0.0579031
23523	-0.0582269
23524	-0.0585507
23525	-0.0588744
23526	-0.0591981
23527	-0.0595217
23528	-0.0598453
23529	-0.0601688
23530	-0.0604923
23531	-0.0608157
23532	-0.061139
23533	-0.0614623
23534	-0.0617856
23535	-0.0621088
23536	-0.0624319
23537	-0.062755
23538	-0.063078
23539	-0.063401
23540	-0.0637239
23541	-0.0640468
23542	-0.0643696
23543	-0.0646923
23544	-0.065015
23545	-0.0653376
23546	-0.0656602
23547	-0.0659827
23548	-0.0663052
23549	-0.0666276
23550	-0.0669499
23551	-0.0672722
23552	-0.0675944
23553	-0.0679165
23554	-0.0682386
23555	-0.0685607
23556	-0.0688826
23557	-0.0692046
23558	-0.0695264
23559	-0.0698482
23560	-0.0701699
23561	-0.0704916
23562	-0.0708132
23563	-0.0711347
23564	-0.0714562
23565	-0.0717776
23566	-0.0720989
23567	-0.0724202
23568	-0.0727414
23569	-0.0730626
23570	-0.0733837
23571	-0.0737047
23572	-0.0740256
23573	-0.0743465
23574	-0.0746673
23575	-0.0749881
23576	-0.0753088
23577	-0.0756294
23578	-0.0759499
23579	-0.0762704
23580	-0.0765908
23581	-0.0769111
23582	-0.0772314
23583	-0.0775516
23584	-0.0778717
23585	-0.0781918
23586	-0.0785118
23587	-0.0788317
23588	-0.0791515
23589	-0.0794713
23590	-0.079791
23591	-0.0801106
23592	-0.0804302
23593	-0.0807497
23594	-0.0810691
23595	-0.0813884
23596	-0.0817076
23597	-0.0820268
23598	-0.0823459
23599	-0.082665
23600	-0.0829839
23601	-0.0833028
23602	-0.0836216
23603	-0.0839403
23604	-0.084259
23605	-0.0845776
23606	-0.0848961
23607	-0.0852145
23608	-0.0855328
23609	-0.0858511
23610	-0.0861693
23611	-0.0864874
23612	-0.0868054
23613	-0.0871234
23614	-0.0874412
23615	-0.087759
23616	-0.0880767
23617	-0.0883943
23618	-0.0887119
23619	-0.0890293
23620	-0.0893467
23621	-0.089664
23622	-0.0899812
23623	-0.0902984
23624	-0.0906154
23625	-0.0909324
23626	-0.0912493
23627	-0.0915661
23628	-0.0918828
23629	-0.0921994
23630	-0.0925159
23631	-0.0928324
23632	-0.0931488
23633	-0.093465
23634	-0.0937812
23635	-0.0940973
23636	-0.0944134
23637	-0.0947293
23638	-0.0950451
23639	-0.0953609
23640	-0.0956766
23641	-0.0959922
23642	-0.0963076
23643	-0.096623
23644	-0.0969384
23645	-0.0972536
23646	-0.0975687
23647	-0.0978838
23648	-0.0981987
23649	-0.0985136
23650	-0.0988283
23651	-0.099143
23652	-0.0994576
23653	-0.0997721
23654	-0.100086
23655	-0.100401
23656	-0.100715
23657	-0.101029
23658	-0.101343
23659	-0.101657
23660	-0.101971
23661	-0.102285
23662	-0.102598
23663	-0.102912
23664	-0.103225
23665	-0.103539
23666	-0.103852
23667	-0.104165
23668	-0.104478
23669	-0.104791
23670	-0.105104
23671	-0.105417
23672	-0.105729
23673	-0.106042
23674	-0.106354
23675	-0.106667
23676	-0.106979
23677	-0.107291
23678	-0.107603
23679	-0.107915
23680	-0.108227
23681	-0.108539
23682	-0.10885
23683	-0.109162
23684	-0.109473
23685	-0.109785
23686	-0.110096
23687	-0.110407
23688	-0.110718
23689	-0.111029
23690	-0.11134
23691	-0.111651
23692	-0.111961
23693	-0.112272
23694	-0.112582
23695	-0.112893
23696	-0.113203
23697	-0.113513
23698	-0.113823
23699	-0.114133
23700	-0.114443
23701	-0.114752
23702	-0.115062
23703	-0.115371
23704	-0.115681
23705	-0.11599
23706	-0.116299
23707	-0.116608
23708	-0.116917
23709	-0.117226
23710	-0.117534
23711	-0.117843
23712	-0.118151
23713	-0.11846
23714	-0.118768
23715	-0.119076
23716	-0.119384
23717	-0.119692
23718	-0.12
23719	-0.120307
23720	-0.120615
23721	-0.120922
23722	-0.12123
23723	-0.121537
23724	-0.121844
23725	-0.122151
23726	-0.122458
23727	-0.122765
23728	-0.123071
23729	-0.123378
23730	-0.123684
23731	-0.12399
23732	-0.124297
23733	-0.124603
23734	-0.124909
23735	-0.125214
23736	-0.12552
23737	-0.125826
23738	-0.126131
23739	-0.126436
23740	-0.126742
23741	-0.127047
23742	-0.127352
23743	-0.127657
23744	-0.127961
23745	-0.128266
23746	-0.12857
23747	-0.128875
23748	-0.129179
23749	-0.129483
23750	-0.129787
23751	-0.130091
23752	-0.130395
23753	-0.130698
23754	-0.131002
23755	-0.131305
23756	-0.131609
23757	-0.131912
23758	-0.132215
23759	-0.132518
23760	-0.13282
23761	-0.133123
23762	-0.133425
23763	-0.133728
23764	-0.13403
23765	-0.134332
23766	-0.134634
23767	-0.134936
23768	-0.135238
23769	-0.135539
23770	-0.135841
23771	-0.136142
23772	-0.136444
23773	-0.136745
23774	-0.137046
23775	-0.137346
23776	-0.137647
23777	-0.137948
23778	-0.138248
23779	-0.138549
23780	-0.138849
23781	-0.139149
23782	-0.139449
23783	-0.139749
23784	-0.140048
23785	-0.140348
23786	-0.140647
23787	-0.140946
23788	-0.141246
23789	-0.141544
23790	-0.141843
23791	-0.142142
23792	-0.142441
23793	-0.142739
23794	-0.143037
23795	-0.143336
23796	-0.143634
23797	-0.143932
23798	-0.144229
23799	-0.144527
23800	-0.144824
23801	-0.145122
23802	-0.145419
23803	-0.145716
23804	-0.146013
23805	-0.14631
23806	-0.146607
23807	-0.146903
23808	-0.147199
23809	-0.147496
23810	-0.147792
23811	-0.148088
23812	-0.148384
23813	-0.148679
23814	-0.148975
23815	-0.14927
23816	-0.149565
23817	-0.149861
23818	-0.150156
23819	-0.15045
23820	-0.150745
23821	-0.15104
23822	-0.151334
23823	-0.151628
23824	-0.151922
23825	-0.152216
23826	-0.15251
23827	-0.152804
23828	-0.153097
23829	-0.153391
23830	-0.153684
23831	-0.153977
23832	-0.15427
23833	-0.154563
23834	-0.154855
23835	-0.155148
23836	-0.15544
23837	-0.155732
23838	-0.156024
23839	-0.156316
23840	-0.156608
23841	-0.156899
23842	-0.157191
23843	-0.157482
23844	-0.157773
23845	-0.158064
23846	-0.158355
23847	-0.158646
23848	-0.158936
23849	-0.159227
23850	-0.159517
23851	-0.159807
23852	-0.160097
23853	-0.160386
23854	-0.160676
23855	-0.160965
23856	-0.161255
23857	-0.161544
23858	-0.161833
23859	-0.162122
23860	-0.16241
23861	-0.162699
23862	-0.162987
23863	-0.163275
23864	-0.163563
23865	-0.163851
23866	-0.164139
23867	-0.164426
23868	-0.164714
23869	-0.165001
23870	-0.165288
23871	-0.165575
23872	-0.165862
23873	-0.166148
23874	-0.166435
23875	-0.166721
23876	-0.167007
23877	-0.167293
23878	-0.167579
23879	-0.167864
23880	-0.16815
23881	-0.168435
23882	-0.16872
23883	-0.169005
23884	-0.16929
23885	-0.169574
23886	-0.169859
23887	-0.170143
23888	-0.170427
23889	-0.170711
23890	-0.170995
23891	-0.171278
23892	-0.171562
23893	-0.171845
23894	-0.172128
23895	-0.172411
23896	-0.172694
23897	-0.172976
23898	-0.173259
23899	-0.173541
23900	-0.173823
23901	-0.174105
23902	-0.174387
23903	-0.174668
23904	-0.17495
23905	-0.175231
23906	-0.175512
23907	-0.175793
23908	-0.176074
23909	-0.176354
23910	-0.176635
23911	-0.176915
23912	-0.177195
23913	-0.177475
23914	-0.177754
23915	-0.178034
23916	-0.178313
23917	-0.178592
23918	-0.178871
23919	-0.17915
23920	-0.179429
23921	-0.179707
23922	-0.179985
23923	-0.180264
23924	-0.180541
23925	-0.180819
23926	-0.181097
23927	-0.181374
23928	-0.181651
23929	-0.181928
23930	-0.182205
23931	-0.182482
23932	-0.182758
23933	-0.183035
23934	-0.183311
23935	-0.183587
23936	-0.183863
23937	-0.184138
23938	-0.184414
23939	-0.184689
23940	-0.184964
23941	-0.185239
23942	-0.185514
23943	-0.185788
23944	-0.186063
23945	-0.186337
23946	-0.186611
23947	-0.186885
23948	-0.187158
23949	-0.187432
23950	-0.187705
23951	-0.187978
23952	-0.188251
23953	-0.188524
23954	-0.188796
23955	-0.189069
23956	-0.189341
23957	-0.189613
23958	-0.189885
23959	-0.190156
23960	-0.190428
23961	-0.190699
23962	-0.19097
23963	-0.191241
23964	-0.191512
23965	-0.191782
23966	-0.192053
23967	-0.192323
23968	-0.192593
23969	-0.192862
23970	-0.193132
23971	-0.193402
23972	-0.193671
23973	-0.19394
23974	-0.194209
23975	-0.194477
23976	-0.194746
23977	-0.195014
23978	-0.195282
23979	-0.19555
23980	-0.195818
23981	-0.196086
23982	-0.196353
23983	-0.19662
23984	-0.196887
23985	-0.197154
23986	-0.197421
23987	-0.197687
23988	-0.197953
23989	-0.198219
23990	-0.198485
23991	-0.198751
23992	-0.199017
23993	-0.199282
23994	-0.199547
23995	-0.199812
23996	-0.200077
23997	-0.200341
23998	-0.200606
23999	-0.20087
24000	-0.201134
24001	-0.201398
24002	-0.201661
24003	-0.201925
24004	-0.202188
24005	-0.202451
24006	-0.202714
24007	-0.202976
24008	-0.203239
24009	-0.203501
24010	-0.203763
24011	-0.204025
24012	-0.204287
24013	-0.204548
24014	-0.20481
24015	-0.205071
24016	-0.205332
24017	-0.205592
24018	-0.205853
24019	-0.206113
24020	-0.206373
24021	-0.206633
24022	-0.206893
24023	-0.207153
24024	-0.207412
24025	-0.207671
24026	-0.20793
24027	-0.208189
24028	-0.208448
24029	-0.208706
24030	-0.208964
24031	-0.209222
24032	-0.20948
24033	-0.209738
24034	-0.209995
24035	-0.210252
24036	-0.210509
24037	-0.210766
24038	-0.211023
24039	-0.211279
24040	-0.211535
24041	-0.211791
24042	-0.212047
24043	-0.212303
24044	-0.212558
24045	-0.212813
24046	-0.213068
24047	-0.213323
24048	-0.213578
24049	-0.213832
24050	-0.214086
24051	-0.21434
24052	-0.214594
24053	-0.214848
24054	-0.215101
24055	-0.215354
24056	-0.215607
24057	-0.21586
24058	-0.216113
24059	-0.216365
24060	-0.216617
24061	-0.216869
24062	-0.217121
24063	-0.217372
24064	-0.217624
24065	-0.217875
24066	-0.218126
24067	-0.218377
24068	-0.218627
24069	-0.218877
24070	-0.219127
24071	-0.219377
24072	-0.219627
24073	-0.219877
24074	-0.220126
24075	-0.220375
24076	-0.220624
24077	-0.220872
24078	-0.221121
24079	-0.221369
24080	-0.221617
24081	-0.221865
24082	-0.222112
24083	-0.22236
24084	-0.222607
24085	-0.222854
24086	-0.2231
24087	-0.223347
24088	-0.223593
24089	-0.223839
24090	-0.224085
24091	-0.224331
24092	-0.224576
24093	-0.224822
24094	-0.225067
24095	-0.225311
24096	-0.225556
24097	-0.2258
24098	-0.226044
24099	-0.226288
24100	-0.226532
24101	-0.226776
24102	-0.227019
24103	-0.227262
24104	-0.227505
24105	-0.227747
24106	-0.22799
24107	-0.228232
24108	-0.228474
24109	-0.228716
24110	-0.228957
24111	-0.229198
24112	-0.22944
24113	-0.22968
24114	-0.229921
24115	-0.230161
24116	-0.230402
24117	-0.230642
24118	-0.230881
24119	-0.231121
24120	-0.23136
24121	-0.231599
24122	-0.231838
24123	-0.232077
24124	-0.232315
24125	-0.232553
24126	-0.232791
24127	-0.233029
24128	-0.233266
24129	-0.233503
24130	-0.233741
24131	-0.233977
24132	-0.234214
24133	-0.23445
24134	-0.234686
24135	-0.234922
24136	-0.235158
24137	-0.235393
24138	-0.235629
24139	-0.235863
24140	-0.236098
24141	-0.236333
24142	-0.236567
24143	-0.236801
24144	-0.237035
24145	-0.237268
24146	-0.237502
24147	-0.237735
24148	-0.237968
24149	-0.2382
24150	-0.238433
24151	-0.238665
24152	-0.238897
24153	-0.239129
24154	-0.23936
24155	-0.239591
24156	-0.239822
24157	-0.240053
24158	-0.240284
24159	-0.240514
24160	-0.240744
24161	-0.240974
24162	-0.241204
24163	-0.241433
24164	-0.241662
24165	-0.241891
24166	-0.24212
24167	-0.242348
24168	-0.242576
24169	-0.242804
24170	-0.243032
24171	-0.243259
24172	-0.243486
24173	-0.243713
24174	-0.24394
24175	-0.244167
24176	-0.244393
24177	-0.244619
24178	-0.244845
24179	-0.24507
24180	-0.245296
24181	-0.245521
24182	-0.245745
24183	-0.24597
24184	-0.246194
24185	-0.246418
24186	-0.246642
24187	-0.246866
24188	-0.247089
24189	-0.247312
24190	-0.247535
24191	-0.247758
24192	-0.24798
24193	-0.248202
24194	-0.248424
24195	-0.248646
24196	-0.248867
24197	-0.249089
24198	-0.24931
24199	-0.24953
24200	-0.249751
24201	-0.249971
24202	-0.250191
24203	-0.250411
24204	-0.25063
24205	-0.250849
24206	-0.251068
24207	-0.251287
24208	-0.251505
24209	-0.251724
24210	-0.251942
24211	-0.252159
24212	-0.252377
24213	-0.252594
24214	-0.252811
24215	-0.253028
24216	-0.253244
24217	-0.253461
24218	-0.253677
24219	-0.253892
24220	-0.254108
24221	-0.254323
24222	-0.254538
24223	-0.254753
24224	-0.254968
24225	-0.255182
24226	-0.255396
24227	-0.25561
24228	-0.255823
24229	-0.256036
24230	-0.256249
24231	-0.256462
24232	-0.256675
24233	-0.256887
24234	-0.257099
24235	-0.257311
24236	-0.257522
24237	-0.257734
24238	-0.257945
24239	-0.258155
24240	-0.258366
24241	-0.258576
24242	-0.258786
24243	-0.258996
24244	-0.259206
24245	-0.259415
24246	-0.259624
24247	-0.259833
24248	-0.260041
24249	-0.260249
24250	-0.260458
24251	-0.260665
24252	-0.260873
24253	-0.26108
24254	-0.261287
24255	-0.261494
24256	-0.2617
24257	-0.261907
24258	-0.262113
24259	-0.262318
24260	-0.262524
24261	-0.262729
24262	-0.262934
24263	-0.263139
24264	-0.263343
24265	-0.263547
24266	-0.263751
24267	-0.263955
24268	-0.264159
24269	-0.264362
24270	-0.264565
24271	-0.264767
24272	-0.26497
24273	-0.265172
24274	-0.265374
24275	-0.265576
24276	-0.265777
24277	-0.265978
24278	-0.266179
24279	-0.26638
24280	-0.26658
24281	-0.26678
24282	-0.26698
24283	-0.26718
24284	-0.267379
24285	-0.267578
24286	-0.267777
24287	-0.267976
24288	-0.268174
24289	-0.268372
24290	-0.26857
24291	-0.268768
24292	-0.268965
24293	-0.269162
24294	-0.269359
24295	-0.269555
24296	-0.269752
24297	-0.269948
24298	-0.270143
24299	-0.270339
24300	-0.270534
24301	-0.270729
24302	-0.270924
24303	-0.271118
24304	-0.271313
24305	-0.271506
24306	-0.2717
24307	-0.271894
24308	-0.272087
24309	-0.27228
24310	-0.272472
24311	-0.272665
24312	-0.272857
24313	-0.273049
24314	-0.27324
24315	-0.273432
24316	-0.273623
24317	-0.273813
24318	-0.274004
24319	-0.274194
24320	-0.274384
24321	-0.274574
24322	-0.274764
24323	-0.274953
24324	-0.275142
24325	-0.27533
24326	-0.275519
24327	-0.275707
24328	-0.275895
24329	-0.276083
24330	-0.27627
24331	-0.276457
24332	-0.276644
24333	-0.276831
24334	-0.277017
24335	-0.277203
24336	-0.277389
24337	-0.277574
24338	-0.27776
24339	-0.277945
24340	-0.278129
24341	-0.278314
24342	-0.278498
24343	-0.278682
24344	-0.278866
24345	-0.279049
24346	-0.279232
24347	-0.279415
24348	-0.279598
24349	-0.27978
24350	-0.279962
24351	-0.280144
24352	-0.280325
24353	-0.280507
24354	-0.280688
24355	-0.280868
24356	-0.281049
24357	-0.281229
24358	-0.281409
24359	-0.281589
24360	-0.281768
24361	-0.281947
24362	-0.282126
24363	-0.282304
24364	-0.282483
24365	-0.282661
24366	-0.282839
24367	-0.283016
24368	-0.283193
24369	-0.28337
24370	-0.283547
24371	-0.283723
24372	-0.283899
24373	-0.284075
24374	-0.284251
24375	-0.284426
24376	-0.284601
24377	-0.284776
24378	-0.28495
24379	-0.285125
24380	-0.285299
24381	-0.285472
24382	-0.285646
24383	-0.285819
24384	-0.285992
24385	-0.286164
24386	-0.286337
24387	-0.286509
24388	-0.28668
24389	-0.286852
24390	-0.287023
24391	-0.287194
24392	-0.287365
24393	-0.287535
24394	-0.287705
24395	-0.287875
24396	-0.288044
24397	-0.288214
24398	-0.288383
24399	-0.288552
24400	-0.28872
24401	-0.288888
24402	-0.289056
24403	-0.289224
24404	-0.289391
24405	-0.289558
24406	-0.289725
24407	-0.289891
24408	-0.290058
24409	-0.290224
24410	-0.290389
24411	-0.290555
24412	-0.29072
24413	-0.290885
24414	-0.291049
24415	-0.291213
24416	-0.291377
24417	-0.291541
24418	-0.291705
24419	-0.291868
24420	-0.292031
24421	-0.292193
24422	-0.292356
24423	-0.292518
24424	-0.292679
24425	-0.292841
24426	-0.293002
24427	-0.293163
24428	-0.293324
24429	-0.293484
24430	-0.293644
24431	-0.293804
24432	-0.293963
24433	-0.294123
24434	-0.294282
24435	-0.29444
24436	-0.294599
24437	-0.294757
24438	-0.294915
24439	-0.295072
24440	-0.295229
24441	-0.295386
24442	-0.295543
24443	-0.2957
24444	-0.295856
24445	-0.296012
24446	-0.296167
24447	-0.296322
24448	-0.296477
24449	-0.296632
24450	-0.296786
24451	-0.296941
24452	-0.297094
24453	-0.297248
24454	-0.297401
24455	-0.297554
24456	-0.297707
24457	-0.297859
24458	-0.298012
24459	-0.298163
24460	-0.298315
24461	-0.298466
24462	-0.298617
24463	-0.298768
24464	-0.298918
24465	-0.299069
24466	-0.299218
24467	-0.299368
24468	-0.299517
24469	-0.299666
24470	-0.299815
24471	-0.299963
24472	-0.300112
24473	-0.300259
24474	-0.300407
24475	-0.300554
24476	-0.300701
24477	-0.300848
24478	-0.300994
24479	-0.301141
24480	-0.301286
24481	-0.301432
24482	-0.301577
24483	-0.301722
24484	-0.301867
24485	-0.302011
24486	-0.302155
24487	-0.302299
24488	-0.302443
24489	-0.302586
24490	-0.302729
24491	-0.302871
24492	-0.303014
24493	-0.303156
24494	-0.303298
24495	-0.303439
24496	-0.30358
24497	-0.303721
24498	-0.303862
24499	-0.304002
24500	-0.304142
24501	-0.304282
24502	-0.304421
24503	-0.304561
24504	-0.304699
24505	-0.304838
24506	-0.304976
24507	-0.305114
24508	-0.305252
24509	-0.305389
24510	-0.305527
24511	-0.305663
24512	-0.3058
24513	-0.305936
24514	-0.306072
24515	-0.306208
24516	-0.306343
24517	-0.306478
24518	-0.306613
24519	-0.306747
24520	-0.306882
24521	-0.307015
24522	-0.307149
24523	-0.307282
24524	-0.307415
24525	-0.307548
24526	-0.30768
24527	-0.307813
24528	-0.307944
24529	-0.308076
24530	-0.308207
24531	-0.308338
24532	-0.308469
24533	-0.308599
24534	-0.308729
24535	-0.308859
24536	-0.308988
24537	-0.309118
24538	-0.309246
24539	-0.309375
24540	-0.309503
24541	-0.309631
24542	-0.309759
24543	-0.309886
24544	-0.310013
24545	-0.31014
24546	-0.310267
24547	-0.310393
24548	-0.310519
24549	-0.310644
24550	-0.31077
24551	-0.310895
24552	-0.311019
24553	-0.311144
24554	-0.311268
24555	-0.311392
24556	-0.311515
24557	-0.311638
24558	-0.311761
24559	-0.311884
24560	-0.312006
24561	-0.312128
24562	-0.31225
24563	-0.312371
24564	-0.312492
24565	-0.312613
24566	-0.312734
24567	-0.312854
24568	-0.312974
24569	-0.313093
24570	-0.313213
24571	-0.313332
24572	-0.313451
24573	-0.313569
24574	-0.313687
24575	-0.313805
24576	-0.313922
24577	-0.314039
24578	-0.314156
24579	-0.314273
24580	-0.314389
24581	-0.314505
24582	-0.314621
24583	-0.314736
24584	-0.314851
24585	-0.314966
24586	-0.315081
24587	-0.315195
24588	-0.315309
24589	-0.315422
24590	-0.315535
24591	-0.315648
24592	-0.315761
24593	-0.315873
24594	-0.315985
24595	-0.316097
24596	-0.316209
24597	-0.31632
24598	-0.31643
24599	-0.316541
24600	-0.316651
24601	-0.316761
24602	-0.316871
24603	-0.31698
24604	-0.317089
24605	-0.317198
24606	-0.317306
24607	-0.317414
24608	-0.317522
24609	-0.317629
24610	-0.317736
24611	-0.317843
24612	-0.31795
24613	-0.318056
24614	-0.318162
24615	-0.318267
24616	-0.318373
24617	-0.318478
24618	-0.318582
24619	-0.318687
24620	-0.318791
24621	-0.318895
24622	-0.318998
24623	-0.319101
24624	-0.319204
24625	-0.319307
24626	-0.319409
24627	-0.319511
24628	-0.319612
24629	-0.319714
24630	-0.319815
24631	-0.319915
24632	-0.320016
24633	-0.320116
24634	-0.320215
24635	-0.320315
24636	-0.320414
24637	-0.320513
24638	-0.320611
24639	-0.32071
24640	-0.320807
24641	-0.320905
24642	-0.321002
24643	-0.321099
24644	-0.321196
24645	-0.321292
24646	-0.321388
24647	-0.321484
24648	-0.321579
24649	-0.321674
24650	-0.321769
24651	-0.321864
24652	-0.321958
24653	-0.322052
24654	-0.322145
24655	-0.322239
24656	-0.322331
24657	-0.322424
24658	-0.322516
24659	-0.322608
24660	-0.3227
24661	-0.322791
24662	-0.322882
24663	-0.322973
24664	-0.323064
24665	-0.323154
24666	-0.323244
24667	-0.323333
24668	-0.323422
24669	-0.323511
24670	-0.3236
24671	-0.323688
24672	-0.323776
24673	-0.323863
24674	-0.323951
24675	-0.324038
24676	-0.324124
24677	-0.324211
24678	-0.324297
24679	-0.324383
24680	-0.324468
24681	-0.324553
24682	-0.324638
24683	-0.324722
24684	-0.324807
24685	-0.32489
24686	-0.324974
24687	-0.325057
24688	-0.32514
24689	-0.325223
24690	-0.325305
24691	-0.325387
24692	-0.325469
24693	-0.32555
24694	-0.325631
24695	-0.325712
24696	-0.325792
24697	-0.325872
24698	-0.325952
24699	-0.326031
24700	-0.326111
24701	-0.326189
24702	-0.326268
24703	-0.326346
24704	-0.326424
24705	-0.326502
24706	-0.326579
24707	-0.326656
24708	-0.326732
24709	-0.326809
24710	-0.326885
24711	-0.32696
24712	-0.327036
24713	-0.327111
24714	-0.327186
24715	-0.32726
24716	-0.327334
24717	-0.327408
24718	-0.327481
24719	-0.327555
24720	-0.327627
24721	-0.3277
24722	-0.327772
24723	-0.327844
24724	-0.327916
24725	-0.327987
24726	-0.328058
24727	-0.328129
24728	-0.328199
24729	-0.328269
24730	-0.328339
24731	-0.328408
24732	-0.328477
24733	-0.328546
24734	-0.328614
24735	-0.328682
24736	-0.32875
24737	-0.328817
24738	-0.328885
24739	-0.328951
24740	-0.329018
24741	-0.329084
24742	-0.32915
24743	-0.329216
24744	-0.329281
24745	-0.329346
24746	-0.329411
24747	-0.329475
24748	-0.329539
24749	-0.329602
24750	-0.329666
24751	-0.329729
24752	-0.329792
24753	-0.329854
24754	-0.329916
24755	-0.329978
24756	-0.330039
24757	-0.3301
24758	-0.330161
24759	-0.330222
24760	-0.330282
24761	-0.330342
24762	-0.330401
24763	-0.330461
24764	-0.330519
24765	-0.330578
24766	-0.330636
24767	-0.330694
24768	-0.330752
24769	-0.330809
24770	-0.330866
24771	-0.330923
24772	-0.330979
24773	-0.331035
24774	-0.331091
24775	-0.331146
24776	-0.331201
24777	-0.331256
24778	-0.331311
24779	-0.331365
24780	-0.331419
24781	-0.331472
24782	-0.331525
24783	-0.331578
24784	-0.331631
24785	-0.331683
24786	-0.331735
24787	-0.331786
24788	-0.331838
24789	-0.331889
24790	-0.331939
24791	-0.33199
24792	-0.33204
24793	-0.332089
24794	-0.332139
24795	-0.332188
24796	-0.332236
24797	-0.332285
24798	-0.332333
24799	-0.33238
24800	-0.332428
24801	-0.332475
24802	-0.332522
24803	-0.332568
24804	-0.332614
24805	-0.33266
24806	-0.332706
24807	-0.332751
24808	-0.332796
24809	-0.33284
24810	-0.332885
24811	-0.332928
24812	-0.332972
24813	-0.333015
24814	-0.333058
24815	-0.333101
24816	-0.333143
24817	-0.333185
24818	-0.333227
24819	-0.333268
24820	-0.333309
24821	-0.33335
24822	-0.33339
24823	-0.33343
24824	-0.33347
24825	-0.333509
24826	-0.333549
24827	-0.333587
24828	-0.333626
24829	-0.333664
24830	-0.333702
24831	-0.333739
24832	-0.333776
24833	-0.333813
24834	-0.33385
24835	-0.333886
24836	-0.333922
24837	-0.333957
24838	-0.333993
24839	-0.334028
24840	-0.334062
24841	-0.334096
24842	-0.33413
24843	-0.334164
24844	-0.334197
24845	-0.33423
24846	-0.334263
24847	-0.334295
24848	-0.334327
24849	-0.334359
24850	-0.334391
24851	-0.334422
24852	-0.334452
24853	-0.334483
24854	-0.334513
24855	-0.334543
24856	-0.334572
24857	-0.334601
24858	-0.33463
24859	-0.334658
24860	-0.334687
24861	-0.334715
24862	-0.334742
24863	-0.334769
24864	-0.334796
24865	-0.334823
24866	-0.334849
24867	-0.334875
24868	-0.3349
24869	-0.334926
24870	-0.334951
24871	-0.334975
24872	-0.335
24873	-0.335024
24874	-0.335047
24875	-0.335071
24876	-0.335094
24877	-0.335116
24878	-0.335139
24879	-0.335161
24880	-0.335182
24881	-0.335204
24882	-0.335225
24883	-0.335246
24884	-0.335266
24885	-0.335286
24886	-0.335306
24887	-0.335325
24888	-0.335345
24889	-0.335363
24890	-0.335382
24891	-0.3354
24892	-0.335418
24893	-0.335435
24894	-0.335453
24895	-0.33547
24896	-0.335486
24897	-0.335502
24898	-0.335518
24899	-0.335534
24900	-0.335549
24901	-0.335564
24902	-0.335579
24903	-0.335593
24904	-0.335607
24905	-0.335621
24906	-0.335634
24907	-0.335647
24908	-0.33566
24909	-0.335672
24910	-0.335684
24911	-0.335696
24912	-0.335707
24913	-0.335718
24914	-0.335729
24915	-0.33574
24916	-0.33575
24917	-0.33576
24918	-0.335769
24919	-0.335778
24920	-0.335787
24921	-0.335795
24922	-0.335804
24923	-0.335812
24924	-0.335819
24925	-0.335826
24926	-0.335833
24927	-0.33584
24928	-0.335846
24929	-0.335852
24930	-0.335858
24931	-0.335863
24932	-0.335868
24933	-0.335872
24934	-0.335877
24935	-0.335881
24936	-0.335884
24937	-0.335888
24938	-0.335891
24939	-0.335893
24940	-0.335896
24941	-0.335898
24942	-0.3359
24943	-0.335901
24944	-0.335902
24945	-0.335903
24946	-0.335903
24947	-0.335903
24948	-0.335903
24949	-0.335903
24950	-0.335902
24951	-0.335901
24952	-0.335899
24953	-0.335897
24954	-0.335895
24955	-0.335893
24956	-0.33589
24957	-0.335887
24958	-0.335884
24959	-0.33588
24960	-0.335876
24961	-0.335871
24962	-0.335867
24963	-0.335862
24964	-0.335856
24965	-0.335851
24966	-0.335845
24967	-0.335838
24968	-0.335832
24969	-0.335825
24970	-0.335817
24971	-0.33581
24972	-0.335802
24973	-0.335794
24974	-0.335785
24975	-0.335776
24976	-0.335767
24977	-0.335758
24978	-0.335748
24979	-0.335738
24980	-0.335727
24981	-0.335716
24982	-0.335705
24983	-0.335694
24984	-0.335682
24985	-0.33567
24986	-0.335657
24987	-0.335645
24988	-0.335632
24989	-0.335618
24990	-0.335604
24991	-0.33559
24992	-0.335576
24993	-0.335561
24994	-0.335546
24995	-0.335531
24996	-0.335515
24997	-0.3355
24998	-0.335483
24999	-0.335467
25000	-0.33545
25001	-0.335433
25002	-0.335415
25003	-0.335397
25004	-0.335379
25005	-0.33536
25006	-0.335342
25007	-0.335322
25008	-0.335303
25009	-0.335283
25010	-0.335263
25011	-0.335243
25012	-0.335222
25013	-0.335201
25014	-0.335179
25015	-0.335158
25016	-0.335136
25017	-0.335113
25018	-0.335091
25019	-0.335068
25020	-0.335044
25021	-0.335021
25022	-0.334997
25023	-0.334972
25024	-0.334948
25025	-0.334923
25026	-0.334898
25027	-0.334872
25028	-0.334846
25029	-0.33482
25030	-0.334794
25031	-0.334767
25032	-0.33474
25033	-0.334712
25034	-0.334684
25035	-0.334656
25036	-0.334628
25037	-0.334599
25038	-0.33457
25039	-0.334541
25040	-0.334511
25041	-0.334481
25042	-0.33445
25043	-0.33442
25044	-0.334389
25045	-0.334357
25046	-0.334326
25047	-0.334294
25048	-0.334262
25049	-0.334229
25050	-0.334196
25051	-0.334163
25052	-0.334129
25053	-0.334096
25054	-0.334061
25055	-0.334027
25056	-0.333992
25057	-0.333957
25058	-0.333922
25059	-0.333886
25060	-0.33385
25061	-0.333813
25062	-0.333777
25063	-0.33374
25064	-0.333702
25065	-0.333665
25066	-0.333627
25067	-0.333588
25068	-0.33355
25069	-0.333511
25070	-0.333471
25071	-0.333432
25072	-0.333392
25073	-0.333352
25074	-0.333311
25075	-0.33327
25076	-0.333229
25077	-0.333188
25078	-0.333146
25079	-0.333104
25080	-0.333061
25081	-0.333019
25082	-0.332976
25083	-0.332932
25084	-0.332889
25085	-0.332845
25086	-0.3328
25087	-0.332756
25088	-0.332711
25089	-0.332665
25090	-0.33262
25091	-0.332574
25092	-0.332528
25093	-0.332481
25094	-0.332434
25095	-0.332387
25096	-0.332339
25097	-0.332292
25098	-0.332244
25099	-0.332195
25100	-0.332146
25101	-0.332097
25102	-0.332048
25103	-0.331998
25104	-0.331948
25105	-0.331898
25106	-0.331847
25107	-0.331796
25108	-0.331745
25109	-0.331693
25110	-0.331641
25111	-0.331589
25112	-0.331537
25113	-0.331484
25114	-0.33143
25115	-0.331377
25116	-0.331323
25117	-0.331269
25118	-0.331215
25119	-0.33116
25120	-0.331105
25121	-0.331049
25122	-0.330994
25123	-0.330938
25124	-0.330881
25125	-0.330825
25126	-0.330768
25127	-0.33071
25128	-0.330653
25129	-0.330595
25130	-0.330537
25131	-0.330478
25132	-0.330419
25133	-0.33036
25134	-0.330301
25135	-0.330241
25136	-0.330181
25137	-0.33012
25138	-0.33006
25139	-0.329999
25140	-0.329937
25141	-0.329876
25142	-0.329814
25143	-0.329751
25144	-0.329689
25145	-0.329626
25146	-0.329563
25147	-0.329499
25148	-0.329435
25149	-0.329371
25150	-0.329307
25151	-0.329242
25152	-0.329177
25153	-0.329111
25154	-0.329045
25155	-0.328979
25156	-0.328913
25157	-0.328846
25158	-0.328779
25159	-0.328712
25160	-0.328644
25161	-0.328577
25162	-0.328508
25163	-0.32844
25164	-0.328371
25165	-0.328302
25166	-0.328232
25167	-0.328162
25168	-0.328092
25169	-0.328022
25170	-0.327951
25171	-0.32788
25172	-0.327809
25173	-0.327737
25174	-0.327665
25175	-0.327593
25176	-0.32752
25177	-0.327447
25178	-0.327374
25179	-0.327301
25180	-0.327227
25181	-0.327153
25182	-0.327078
25183	-0.327003
25184	-0.326928
25185	-0.326853
25186	-0.326777
25187	-0.326701
25188	-0.326625
25189	-0.326548
25190	-0.326471
25191	-0.326394
25192	-0.326316
25193	-0.326239
25194	-0.32616
25195	-0.326082
25196	-0.326003
25197	-0.325924
25198	-0.325845
25199	-0.325765
25200	-0.325685
25201	-0.325604
25202	-0.325524
25203	-0.325443
25204	-0.325362
25205	-0.32528
25206	-0.325198
25207	-0.325116
25208	-0.325033
25209	-0.324951
25210	-0.324867
25211	-0.324784
25212	-0.3247
25213	-0.324616
25214	-0.324532
25215	-0.324447
25216	-0.324362
25217	-0.324277
25218	-0.324191
25219	-0.324105
25220	-0.324019
25221	-0.323933
25222	-0.323846
25223	-0.323759
25224	-0.323671
25225	-0.323584
25226	-0.323496
25227	-0.323407
25228	-0.323319
25229	-0.32323
25230	-0.32314
25231	-0.323051
25232	-0.322961
25233	-0.322871
25234	-0.32278
25235	-0.322689
25236	-0.322598
25237	-0.322507
25238	-0.322415
25239	-0.322323
25240	-0.322231
25241	-0.322138
25242	-0.322045
25243	-0.321952
25244	-0.321858
25245	-0.321765
25246	-0.32167
25247	-0.321576
25248	-0.321481
25249	-0.321386
25250	-0.321291
25251	-0.321195
25252	-0.321099
25253	-0.321003
25254	-0.320906
25255	-0.320809
25256	-0.320712
25257	-0.320614
25258	-0.320517
25259	-0.320418
25260	-0.32032
25261	-0.320221
25262	-0.320122
25263	-0.320023
25264	-0.319923
25265	-0.319823
25266	-0.319723
25267	-0.319623
25268	-0.319522
25269	-0.319421
25270	-0.319319
25271	-0.319217
25272	-0.319115
25273	-0.319013
25274	-0.31891
25275	-0.318807
25276	-0.318704
25277	-0.3186
25278	-0.318497
25279	-0.318392
25280	-0.318288
25281	-0.318183
25282	-0.318078
25283	-0.317973
25284	-0.317867
25285	-0.317761
25286	-0.317655
25287	-0.317548
25288	-0.317441
25289	-0.317334
25290	-0.317227
25291	-0.317119
25292	-0.317011
25293	-0.316902
25294	-0.316794
25295	-0.316685
25296	-0.316575
25297	-0.316466
25298	-0.316356
25299	-0.316246
25300	-0.316135
25301	-0.316024
25302	-0.315913
25303	-0.315802
25304	-0.31569
25305	-0.315578
25306	-0.315466
25307	-0.315353
25308	-0.315241
25309	-0.315127
25310	-0.315014
25311	-0.3149
25312	-0.314786
25313	-0.314672
25314	-0.314557
25315	-0.314442
25316	-0.314327
25317	-0.314211
25318	-0.314095
25319	-0.313979
25320	-0.313863
25321	-0.313746
25322	-0.313629
25323	-0.313512
25324	-0.313394
25325	-0.313276
25326	-0.313158
25327	-0.313039
25328	-0.312921
25329	-0.312802
25330	-0.312682
25331	-0.312562
25332	-0.312442
25333	-0.312322
25334	-0.312202
25335	-0.312081
25336	-0.31196
25337	-0.311838
25338	-0.311716
25339	-0.311594
25340	-0.311472
25341	-0.311349
25342	-0.311226
25343	-0.311103
25344	-0.31098
25345	-0.310856
25346	-0.310732
25347	-0.310607
25348	-0.310483
25349	-0.310358
25350	-0.310232
25351	-0.310107
25352	-0.309981
25353	-0.309855
25354	-0.309728
25355	-0.309601
25356	-0.309474
25357	-0.309347
25358	-0.309219
25359	-0.309091
25360	-0.308963
25361	-0.308835
25362	-0.308706
25363	-0.308577
25364	-0.308448
25365	-0.308318
25366	-0.308188
25367	-0.308058
25368	-0.307927
25369	-0.307796
25370	-0.307665
25371	-0.307534
25372	-0.307402
25373	-0.30727
25374	-0.307138
25375	-0.307005
25376	-0.306872
25377	-0.306739
25378	-0.306606
25379	-0.306472
25380	-0.306338
25381	-0.306204
25382	-0.306069
25383	-0.305934
25384	-0.305799
25385	-0.305664
25386	-0.305528
25387	-0.305392
25388	-0.305256
25389	-0.305119
25390	-0.304982
25391	-0.304845
25392	-0.304707
25393	-0.30457
25394	-0.304432
25395	-0.304293
25396	-0.304155
25397	-0.304016
25398	-0.303877
25399	-0.303737
25400	-0.303597
25401	-0.303457
25402	-0.303317
25403	-0.303176
25404	-0.303035
25405	-0.302894
25406	-0.302753
25407	-0.302611
25408	-0.302469
25409	-0.302327
25410	-0.302184
25411	-0.302041
25412	-0.301898
25413	-0.301754
25414	-0.301611
25415	-0.301467
25416	-0.301322
25417	-0.301178
25418	-0.301033
25419	-0.300888
25420	-0.300742
25421	-0.300596
25422	-0.30045
25423	-0.300304
25424	-0.300157
25425	-0.300011
25426	-0.299863
25427	-0.299716
25428	-0.299568
25429	-0.29942
25430	-0.299272
25431	-0.299123
25432	-0.298975
25433	-0.298825
25434	-0.298676
25435	-0.298526
25436	-0.298376
25437	-0.298226
25438	-0.298076
25439	-0.297925
25440	-0.297774
25441	-0.297622
25442	-0.297471
25443	-0.297319
25444	-0.297166
25445	-0.297014
25446	-0.296861
25447	-0.296708
25448	-0.296555
25449	-0.296401
25450	-0.296247
25451	-0.296093
25452	-0.295939
25453	-0.295784
25454	-0.295629
25455	-0.295474
25456	-0.295318
25457	-0.295162
25458	-0.295006
25459	-0.29485
25460	-0.294693
25461	-0.294536
25462	-0.294379
25463	-0.294221
25464	-0.294063
25465	-0.293905
25466	-0.293747
25467	-0.293588
25468	-0.293429
25469	-0.29327
25470	-0.293111
25471	-0.292951
25472	-0.292791
25473	-0.292631
25474	-0.29247
25475	-0.29231
25476	-0.292148
25477	-0.291987
25478	-0.291825
25479	-0.291663
25480	-0.291501
25481	-0.291339
25482	-0.291176
25483	-0.291013
25484	-0.29085
25485	-0.290686
25486	-0.290522
25487	-0.290358
25488	-0.290194
25489	-0.290029
25490	-0.289864
25491	-0.289699
25492	-0.289533
25493	-0.289368
25494	-0.289202
25495	-0.289035
25496	-0.288869
25497	-0.288702
25498	-0.288535
25499	-0.288367
25500	-0.2882
25501	-0.288032
25502	-0.287864
25503	-0.287695
25504	-0.287526
25505	-0.287357
25506	-0.287188
25507	-0.287019
25508	-0.286849
25509	-0.286679
25510	-0.286508
25511	-0.286338
25512	-0.286167
25513	-0.285996
25514	-0.285824
25515	-0.285652
25516	-0.285481
25517	-0.285308
25518	-0.285136
25519	-0.284963
25520	-0.28479
25521	-0.284617
25522	-0.284443
25523	-0.284269
25524	-0.284095
25525	-0.283921
25526	-0.283746
25527	-0.283571
25528	-0.283396
25529	-0.28322
25530	-0.283045
25531	-0.282869
25532	-0.282692
25533	-0.282516
25534	-0.282339
25535	-0.282162
25536	-0.281985
25537	-0.281807
25538	-0.281629
25539	-0.281451
25540	-0.281273
25541	-0.281094
25542	-0.280915
25543	-0.280736
25544	-0.280557
25545	-0.280377
25546	-0.280197
25547	-0.280017
25548	-0.279836
25549	-0.279655
25550	-0.279474
25551	-0.279293
25552	-0.279111
25553	-0.27893
25554	-0.278748
25555	-0.278565
25556	-0.278383
25557	-0.2782
25558	-0.278017
25559	-0.277833
25560	-0.27765
25561	-0.277466
25562	-0.277281
25563	-0.277097
25564	-0.276912
25565	-0.276727
25566	-0.276542
25567	-0.276357
25568	-0.276171
25569	-0.275985
25570	-0.275799
25571	-0.275612
25572	-0.275425
25573	-0.275238
25574	-0.275051
25575	-0.274863
25576	-0.274676
25577	-0.274487
25578	-0.274299
25579	-0.274111
25580	-0.273922
25581	-0.273733
25582	-0.273543
25583	-0.273354
25584	-0.273164
25585	-0.272974
25586	-0.272783
25587	-0.272593
25588	-0.272402
25589	-0.27221
25590	-0.272019
25591	-0.271827
25592	-0.271635
25593	-0.271443
25594	-0.271251
25595	-0.271058
25596	-0.270865
25597	-0.270672
25598	-0.270478
25599	-0.270285
25600	-0.270091
25601	-0.269896
25602	-0.269702
25603	-0.269507
25604	-0.269312
25605	-0.269117
25606	-0.268921
25607	-0.268726
25608	-0.26853
25609	-0.268333
25610	-0.268137
25611	-0.26794
25612	-0.267743
25613	-0.267546
25614	-0.267348
25615	-0.267151
25616	-0.266953
25617	-0.266754
25618	-0.266556
25619	-0.266357
25620	-0.266158
25621	-0.265959
25622	-0.265759
25623	-0.265559
25624	-0.265359
25625	-0.265159
25626	-0.264958
25627	-0.264758
25628	-0.264557
25629	-0.264355
25630	-0.264154
25631	-0.263952
25632	-0.26375
25633	-0.263548
25634	-0.263345
25635	-0.263143
25636	-0.26294
25637	-0.262736
25638	-0.262533
25639	-0.262329
25640	-0.262125
25641	-0.261921
25642	-0.261716
25643	-0.261512
25644	-0.261307
25645	-0.261101
25646	-0.260896
25647	-0.26069
25648	-0.260484
25649	-0.260278
25650	-0.260072
25651	-0.259865
25652	-0.259658
25653	-0.259451
25654	-0.259243
25655	-0.259036
25656	-0.258828
25657	-0.25862
25658	-0.258411
25659	-0.258203
25660	-0.257994
25661	-0.257785
25662	-0.257575
25663	-0.257366
25664	-0.257156
25665	-0.256946
25666	-0.256735
25667	-0.256525
25668	-0.256314
25669	-0.256103
25670	-0.255892
25671	-0.25568
25672	-0.255468
25673	-0.255256
25674	-0.255044
25675	-0.254832
25676	-0.254619
25677	-0.254406
25678	-0.254193
25679	-0.253979
25680	-0.253766
25681	-0.253552
25682	-0.253337
25683	-0.253123
25684	-0.252908
25685	-0.252694
25686	-0.252478
25687	-0.252263
25688	-0.252048
25689	-0.251832
25690	-0.251616
25691	-0.251399
25692	-0.251183
25693	-0.250966
25694	-0.250749
25695	-0.250532
25696	-0.250314
25697	-0.250097
25698	-0.249879
25699	-0.249661
25700	-0.249442
25701	-0.249224
25702	-0.249005
25703	-0.248786
25704	-0.248566
25705	-0.248347
25706	-0.248127
25707	-0.247907
25708	-0.247687
25709	-0.247466
25710	-0.247245
25711	-0.247025
25712	-0.246803
25713	-0.246582
25714	-0.24636
25715	-0.246138
25716	-0.245916
25717	-0.245694
25718	-0.245471
25719	-0.245249
25720	-0.245026
25721	-0.244802
25722	-0.244579
25723	-0.244355
25724	-0.244131
25725	-0.243907
25726	-0.243683
25727	-0.243458
25728	-0.243233
25729	-0.243008
25730	-0.242783
25731	-0.242557
25732	-0.242331
25733	-0.242105
25734	-0.241879
25735	-0.241653
25736	-0.241426
25737	-0.241199
25738	-0.240972
25739	-0.240745
25740	-0.240517
25741	-0.240289
25742	-0.240061
25743	-0.239833
25744	-0.239605
25745	-0.239376
25746	-0.239147
25747	-0.238918
25748	-0.238689
25749	-0.238459
25750	-0.238229
25751	-0.237999
25752	-0.237769
25753	-0.237538
25754	-0.237308
25755	-0.237077
25756	-0.236846
25757	-0.236614
25758	-0.236383
25759	-0.236151
25760	-0.235919
25761	-0.235687
25762	-0.235454
25763	-0.235221
25764	-0.234988
25765	-0.234755
25766	-0.234522
25767	-0.234288
25768	-0.234055
25769	-0.233821
25770	-0.233586
25771	-0.233352
25772	-0.233117
25773	-0.232882
25774	-0.232647
25775	-0.232412
25776	-0.232177
25777	-0.231941
25778	-0.231705
25779	-0.231469
25780	-0.231232
25781	-0.230996
25782	-0.230759
25783	-0.230522
25784	-0.230284
25785	-0.230047
25786	-0.229809
25787	-0.229571
25788	-0.229333
25789	-0.229095
25790	-0.228856
25791	-0.228618
25792	-0.228379
25793	-0.228139
25794	-0.2279
25795	-0.22766
25796	-0.227421
25797	-0.227181
25798	-0.22694
25799	-0.2267
25800	-0.226459
25801	-0.226218
25802	-0.225977
25803	-0.225736
25804	-0.225494
25805	-0.225253
25806	-0.225011
25807	-0.224769
25808	-0.224526
25809	-0.224284
25810	-0.224041
25811	-0.223798
25812	-0.223555
25813	-0.223311
25814	-0.223068
25815	-0.222824
25816	-0.22258
25817	-0.222336
25818	-0.222091
25819	-0.221846
25820	-0.221602
25821	-0.221356
25822	-0.221111
25823	-0.220866
25824	-0.22062
25825	-0.220374
25826	-0.220128
25827	-0.219882
25828	-0.219635
25829	-0.219388
25830	-0.219142
25831	-0.218894
25832	-0.218647
25833	-0.2184
25834	-0.218152
25835	-0.217904
25836	-0.217656
25837	-0.217407
25838	-0.217159
25839	-0.21691
25840	-0.216661
25841	-0.216412
25842	-0.216162
25843	-0.215913
25844	-0.215663
25845	-0.215413
25846	-0.215163
25847	-0.214913
25848	-0.214662
25849	-0.214411
25850	-0.21416
25851	-0.213909
25852	-0.213658
25853	-0.213406
25854	-0.213154
25855	-0.212902
25856	-0.21265
25857	-0.212398
25858	-0.212145
25859	-0.211892
25860	-0.211639
25861	-0.211386
25862	-0.211133
25863	-0.210879
25864	-0.210625
25865	-0.210371
25866	-0.210117
25867	-0.209863
25868	-0.209608
25869	-0.209354
25870	-0.209099
25871	-0.208843
25872	-0.208588
25873	-0.208333
25874	-0.208077
25875	-0.207821
25876	-0.207565
25877	-0.207308
25878	-0.207052
25879	-0.206795
25880	-0.206538
25881	-0.206281
25882	-0.206024
25883	-0.205766
25884	-0.205509
25885	-0.205251
25886	-0.204993
25887	-0.204734
25888	-0.204476
25889	-0.204217
25890	-0.203958
25891	-0.203699
25892	-0.20344
25893	-0.203181
25894	-0.202921
25895	-0.202661
25896	-0.202401
25897	-0.202141
25898	-0.201881
25899	-0.20162
25900	-0.201359
25901	-0.201098
25902	-0.200837
25903	-0.200576
25904	-0.200314
25905	-0.200053
25906	-0.199791
25907	-0.199529
25908	-0.199266
25909	-0.199004
25910	-0.198741
25911	-0.198479
25912	-0.198215
25913	-0.197952
25914	-0.197689
25915	-0.197425
25916	-0.197162
25917	-0.196898
25918	-0.196633
25919	-0.196369
25920	-0.196105
25921	-0.19584
25922	-0.195575
25923	-0.19531
25924	-0.195045
25925	-0.194779
25926	-0.194514
25927	-0.194248
25928	-0.193982
25929	-0.193716
25930	-0.193449
25931	-0.193183
25932	-0.192916
25933	-0.192649
25934	-0.192382
25935	-0.192115
25936	-0.191847
25937	-0.19158
25938	-0.191312
25939	-0.191044
25940	-0.190776
25941	-0.190507
25942	-0.190239
25943	-0.18997
25944	-0.189701
25945	-0.189432
25946	-0.189163
25947	-0.188894
25948	-0.188624
25949	-0.188354
25950	-0.188084
25951	-0.187814
25952	-0.187544
25953	-0.187273
25954	-0.187003
25955	-0.186732
25956	-0.186461
25957	-0.186189
25958	-0.185918
25959	-0.185647
25960	-0.185375
25961	-0.185103
25962	-0.184831
25963	-0.184559
25964	-0.184286
25965	-0.184014
25966	-0.183741
25967	-0.183468
25968	-0.183195
25969	-0.182921
25970	-0.182648
25971	-0.182374
25972	-0.1821
25973	-0.181827
25974	-0.181552
25975	-0.181278
25976	-0.181004
25977	-0.180729
25978	-0.180454
25979	-0.180179
25980	-0.179904
25981	-0.179628
25982	-0.179353
25983	-0.179077
25984	-0.178801
25985	-0.178525
25986	-0.178249
25987	-0.177973
25988	-0.177696
25989	-0.17742
25990	-0.177143
25991	-0.176866
25992	-0.176588
25993	-0.176311
25994	-0.176034
25995	-0.175756
25996	-0.175478
25997	-0.1752
25998	-0.174922
25999	-0.174643
26000	-0.174365
26001	-0.174086
26002	-0.173807
26003	-0.173528
26004	-0.173249
26005	-0.17297
26006	-0.17269
26007	-0.172411
26008	-0.172131
26009	-0.171851
26010	-0.171571
26011	-0.17129
26012	-0.17101
26013	-0.170729
26014	-0.170448
26015	-0.170167
26016	-0.169886
26017	-0.169605
26018	-0.169323
26019	-0.169042
26020	-0.16876
26021	-0.168478
26022	-0.168196
26023	-0.167914
26024	-0.167631
26025	-0.167349
26026	-0.167066
26027	-0.166783
26028	-0.1665
26029	-0.166217
26030	-0.165934
26031	-0.16565
26032	-0.165367
26033	-0.165083
26034	-0.164799
26035	-0.164515
26036	-0.16423
26037	-0.163946
26038	-0.163661
26039	-0.163377
26040	-0.163092
26041	-0.162807
26042	-0.162521
26043	-0.162236
26044	-0.161951
26045	-0.161665
26046	-0.161379
26047	-0.161093
26048	-0.160807
26049	-0.160521
26050	-0.160234
26051	-0.159948
26052	-0.159661
26053	-0.159374
26054	-0.159087
26055	-0.1588
26056	-0.158513
26057	-0.158225
26058	-0.157937
26059	-0.15765
26060	-0.157362
26061	-0.157074
26062	-0.156785
26063	-0.156497
26064	-0.156209
26065	-0.15592
26066	-0.155631
26067	-0.155342
26068	-0.155053
26069	-0.154764
26070	-0.154474
26071	-0.154185
26072	-0.153895
26073	-0.153605
26074	-0.153315
26075	-0.153025
26076	-0.152735
26077	-0.152444
26078	-0.152154
26079	-0.151863
26080	-0.151572
26081	-0.151281
26082	-0.15099
26083	-0.150699
26084	-0.150408
26085	-0.150116
26086	-0.149824
26087	-0.149532
26088	-0.14924
26089	-0.148948
26090	-0.148656
26091	-0.148364
26092	-0.148071
26093	-0.147778
26094	-0.147486
26095	-0.147193
26096	-0.146899
26097	-0.146606
26098	-0.146313
26099	-0.146019
26100	-0.145726
26101	-0.145432
26102	-0.145138
26103	-0.144844
26104	-0.14455
26105	-0.144255
26106	-0.143961
26107	-0.143666
26108	-0.143371
26109	-0.143076
26110	-0.142781
26111	-0.142486
26112	-0.142191
26113	-0.141895
26114	-0.1416
26115	-0.141304
26116	-0.141008
26117	-0.140712
26118	-0.140416
26119	-0.14012
26120	-0.139824
26121	-0.139527
26122	-0.13923
26123	-0.138934
26124	-0.138637
26125	-0.13834
26126	-0.138043
26127	-0.137745
26128	-0.137448
26129	-0.13715
26130	-0.136853
26131	-0.136555
26132	-0.136257
26133	-0.135959
26134	-0.13566
26135	-0.135362
26136	-0.135064
26137	-0.134765
26138	-0.134466
26139	-0.134167
26140	-0.133868
26141	-0.133569
26142	-0.13327
26143	-0.132971
26144	-0.132671
26145	-0.132372
26146	-0.132072
26147	-0.131772
26148	-0.131472
26149	-0.131172
26150	-0.130871
26151	-0.130571
26152	-0.130271
26153	-0.12997
26154	-0.129669
26155	-0.129368
26156	-0.129067
26157	-0.128766
26158	-0.128465
26159	-0.128164
26160	-0.127862
26161	-0.12756
26162	-0.127259
26163	-0.126957
26164	-0.126655
26165	-0.126353
26166	-0.12605
26167	-0.125748
26168	-0.125446
26169	-0.125143
26170	-0.12484
26171	-0.124537
26172	-0.124234
26173	-0.123931
26174	-0.123628
26175	-0.123325
26176	-0.123021
26177	-0.122718
26178	-0.122414
26179	-0.12211
26180	-0.121807
26181	-0.121503
26182	-0.121198
26183	-0.120894
26184	-0.12059
26185	-0.120285
26186	-0.119981
26187	-0.119676
26188	-0.119371
26189	-0.119066
26190	-0.118761
26191	-0.118456
26192	-0.118151
26193	-0.117845
26194	-0.11754
26195	-0.117234
26196	-0.116928
26197	-0.116622
26198	-0.116316
26199	-0.11601
26200	-0.115704
26201	-0.115398
26202	-0.115091
26203	-0.114785
26204	-0.114478
26205	-0.114171
26206	-0.113865
26207	-0.113558
26208	-0.11325
26209	-0.112943
26210	-0.112636
26211	-0.112328
26212	-0.112021
26213	-0.111713
26214	-0.111406
26215	-0.111098
26216	-0.11079
26217	-0.110482
26218	-0.110173
26219	-0.109865
26220	-0.109557
26221	-0.109248
26222	-0.10894
26223	-0.108631
26224	-0.108322
26225	-0.108013
26226	-0.107704
26227	-0.107395
26228	-0.107086
26229	-0.106776
26230	-0.106467
26231	-0.106157
26232	-0.105848
26233	-0.105538
26234	-0.105228
26235	-0.104918
26236	-0.104608
26237	-0.104298
26238	-0.103988
26239	-0.103677
26240	-0.103367
26241	-0.103056
26242	-0.102745
26243	-0.102435
26244	-0.102124
26245	-0.101813
26246	-0.101502
26247	-0.10119
26248	-0.100879
26249	-0.100568
26250	-0.100256
26251	-0.0999447
26252	-0.099633
26253	-0.0993213
26254	-0.0990094
26255	-0.0986974
26256	-0.0983853
26257	-0.0980732
26258	-0.0977609
26259	-0.0974485
26260	-0.0971361
26261	-0.0968235
26262	-0.0965109
26263	-0.0961981
26264	-0.0958853
26265	-0.0955723
26266	-0.0952593
26267	-0.0949462
26268	-0.0946329
26269	-0.0943196
26270	-0.0940062
26271	-0.0936927
26272	-0.0933791
26273	-0.0930654
26274	-0.0927517
26275	-0.0924378
26276	-0.0921238
26277	-0.0918098
26278	-0.0914956
26279	-0.0911814
26280	-0.0908671
26281	-0.0905527
26282	-0.0902382
26283	-0.0899236
26284	-0.0896089
26285	-0.0892941
26286	-0.0889793
26287	-0.0886643
26288	-0.0883493
26289	-0.0880342
26290	-0.0877189
26291	-0.0874036
26292	-0.0870883
26293	-0.0867728
26294	-0.0864572
26295	-0.0861416
26296	-0.0858258
26297	-0.08551
26298	-0.0851941
26299	-0.0848781
26300	-0.0845621
26301	-0.0842459
26302	-0.0839297
26303	-0.0836133
26304	-0.0832969
26305	-0.0829804
26306	-0.0826639
26307	-0.0823472
26308	-0.0820305
26309	-0.0817136
26310	-0.0813967
26311	-0.0810797
26312	-0.0807627
26313	-0.0804455
26314	-0.0801283
26315	-0.079811
26316	-0.0794936
26317	-0.0791761
26318	-0.0788586
26319	-0.078541
26320	-0.0782233
26321	-0.0779055
26322	-0.0775876
26323	-0.0772697
26324	-0.0769516
26325	-0.0766336
26326	-0.0763154
26327	-0.0759971
26328	-0.0756788
26329	-0.0753604
26330	-0.0750419
26331	-0.0747234
26332	-0.0744047
26333	-0.074086
26334	-0.0737673
26335	-0.0734484
26336	-0.0731295
26337	-0.0728105
26338	-0.0724914
26339	-0.0721723
26340	-0.071853
26341	-0.0715337
26342	-0.0712144
26343	-0.0708949
26344	-0.0705754
26345	-0.0702558
26346	-0.0699362
26347	-0.0696165
26348	-0.0692967
26349	-0.0689768
26350	-0.0686569
26351	-0.0683369
26352	-0.0680168
26353	-0.0676967
26354	-0.0673764
26355	-0.0670562
26356	-0.0667358
26357	-0.0664154
26358	-0.0660949
26359	-0.0657744
26360	-0.0654538
26361	-0.0651331
26362	-0.0648123
26363	-0.0644915
26364	-0.0641706
26365	-0.0638497
26366	-0.0635287
26367	-0.0632076
26368	-0.0628864
26369	-0.0625652
26370	-0.062244
26371	-0.0619226
26372	-0.0616012
26373	-0.0612798
26374	-0.0609582
26375	-0.0606367
26376	-0.060315
26377	-0.0599933
26378	-0.0596715
26379	-0.0593497
26380	-0.0590278
26381	-0.0587058
26382	-0.0583838
26383	-0.0580618
26384	-0.0577396
26385	-0.0574174
26386	-0.0570952
26387	-0.0567729
26388	-0.0564505
26389	-0.0561281
26390	-0.0558056
26391	-0.055483
26392	-0.0551604
26393	-0.0548378
26394	-0.0545151
26395	-0.0541923
26396	-0.0538695
26397	-0.0535466
26398	-0.0532236
26399	-0.0529006
26400	-0.0525776
26401	-0.0522545
26402	-0.0519313
26403	-0.0516081
26404	-0.0512848
26405	-0.0509615
26406	-0.0506382
26407	-0.0503147
26408	-0.0499912
26409	-0.0496677
26410	-0.0493441
26411	-0.0490205
26412	-0.0486968
26413	-0.0483731
26414	-0.0480493
26415	-0.0477255
26416	-0.0474016
26417	-0.0470776
26418	-0.0467537
26419	-0.0464296
26420	-0.0461055
26421	-0.0457814
26422	-0.0454572
26423	-0.045133
26424	-0.0448087
26425	-0.0444844
26426	-0.04416
26427	-0.0438356
26428	-0.0435112
26429	-0.0431866
26430	-0.0428621
26431	-0.0425375
26432	-0.0422128
26433	-0.0418882
26434	-0.0415634
26435	-0.0412386
26436	-0.0409138
26437	-0.040589
26438	-0.0402641
26439	-0.0399391
26440	-0.0396141
26441	-0.0392891
26442	-0.038964
26443	-0.0386389
26444	-0.0383137
26445	-0.0379885
26446	-0.0376633
26447	-0.037338
26448	-0.0370127
26449	-0.0366873
26450	-0.0363619
26451	-0.0360365
26452	-0.035711
26453	-0.0353855
26454	-0.0350599
26455	-0.0347343
26456	-0.0344087
26457	-0.034083
26458	-0.0337573
26459	-0.0334316
26460	-0.0331058
26461	-0.03278
26462	-0.0324541
26463	-0.0321283
26464	-0.0318023
26465	-0.0314764
26466	-0.0311504
26467	-0.0308244
26468	-0.0304983
26469	-0.0301722
26470	-0.0298461
26471	-0.02952
26472	-0.0291938
26473	-0.0288675
26474	-0.0285413
26475	-0.028215
26476	-0.0278887
26477	-0.0275624
26478	-0.027236
26479	-0.0269096
26480	-0.0265831
26481	-0.0262567
26482	-0.0259302
26483	-0.0256037
26484	-0.0252771
26485	-0.0249505
26486	-0.0246239
26487	-0.0242973
26488	-0.0239706
26489	-0.0236439
26490	-0.0233172
26491	-0.0229905
26492	-0.0226637
26493	-0.0223369
26494	-0.0220101
26495	-0.0216832
26496	-0.0213564
26497	-0.0210295
26498	-0.0207026
26499	-0.0203756
26500	-0.0200486
26501	-0.0197217
26502	-0.0193946
26503	-0.0190676
26504	-0.0187406
26505	-0.0184135
26506	-0.0180864
26507	-0.0177593
26508	-0.0174321
26509	-0.017105
26510	-0.0167778
26511	-0.0164506
26512	-0.0161233
26513	-0.0157961
26514	-0.0154688
26515	-0.0151416
26516	-0.0148143
26517	-0.014487
26518	-0.0141596
26519	-0.0138323
26520	-0.0135049
26521	-0.0131775
26522	-0.0128501
26523	-0.0125227
26524	-0.0121953
26525	-0.0118678
26526	-0.0115404
26527	-0.0112129
26528	-0.0108854
26529	-0.0105579
26530	-0.0102304
26531	-0.00990283
26532	-0.00957528
26533	-0.00924773
26534	-0.00892015
26535	-0.00859257
26536	-0.00826497
26537	-0.00793737
26538	-0.00760975
26539	-0.00728212
26540	-0.00695448
26541	-0.00662682
26542	-0.00629916
26543	-0.00597149
26544	-0.00564381
26545	-0.00531613
26546	-0.00498843
26547	-0.00466072
26548	-0.00433301
26549	-0.00400529
26550	-0.00367756
26551	-0.00334982
26552	-0.00302208
26553	-0.00269433
26554	-0.00236658
26555	-0.00203881
26556	-0.00171105
26557	-0.00138328
26558	-0.0010555
26559	-0.000727719
26560	-0.000399934
26561	-7.21453e-05
26562	0.000255647
26563	0.000583443
26564	0.000911241
26565	0.00123904
26566	0.00156685
26567	0.00189465
26568	0.00222246
26569	0.00255027
26570	0.00287808
26571	0.00320589
26572	0.0035337
26573	0.00386151
26574	0.00418932
26575	0.00451712
26576	0.00484493
26577	0.00517274
26578	0.00550055
26579	0.00582835
26580	0.00615615
26581	0.00648395
26582	0.00681174
26583	0.00713954
26584	0.00746733
26585	0.00779511
26586	0.00812289
26587	0.00845067
26588	0.00877844
26589	0.00910621
26590	0.00943397
26591	0.00976172
26592	0.0100895
26593	0.0104172
26594	0.010745
26595	0.0110727
26596	0.0114004
26597	0.0117281
26598	0.0120558
26599	0.0123835
26600	0.0127112
26601	0.0130389
26602	0.0133666
26603	0.0136942
26604	0.0140219
26605	0.0143495
26606	0.0146771
26607	0.0150048
26608	0.0153324
26609	0.01566
26610	0.0159876
26611	0.0163151
26612	0.0166427
26613	0.0169702
26614	0.0172978
26615	0.0176253
26616	0.0179528
26617	0.0182803
26618	0.0186078
26619	0.0189352
26620	0.0192627
26621	0.0195901
26622	0.0199175
26623	0.0202449
26624	0.0205723
26625	0.0208997
26626	0.021227
26627	0.0215544
26628	0.0218817
26629	0.022209
26630	0.0225363
26631	0.0228635
26632	0.0231908
26633	0.023518
26634	0.0238452
26635	0.0241724
26636	0.0244996
26637	0.0248267
26638	0.0251538
26639	0.0254809
26640	0.025808
26641	0.0261351
26642	0.0264621
26643	0.0267891
26644	0.0271161
26645	0.0274431
26646	0.02777
26647	0.028097
26648	0.0284239
26649	0.0287507
26650	0.0290776
26651	0.0294044
26652	0.0297312
26653	0.030058
26654	0.0303847
26655	0.0307115
26656	0.0310381
26657	0.0313648
26658	0.0316915
26659	0.0320181
26660	0.0323447
26661	0.0326712
26662	0.0329977
26663	0.0333242
26664	0.0336507
26665	0.0339772
26666	0.0343036
26667	0.03463
26668	0.0349563
26669	0.0352826
26670	0.0356089
26671	0.0359352
26672	0.0362614
26673	0.0365876
26674	0.0369138
26675	0.0372399
26676	0.037566
26677	0.0378921
26678	0.0382181
26679	0.0385441
26680	0.0388701
26681	0.039196
26682	0.0395219
26683	0.0398477
26684	0.0401736
26685	0.0404994
26686	0.0408251
26687	0.0411508
26688	0.0414765
26689	0.0418021
26690	0.0421277
26691	0.0424533
26692	0.0427788
26693	0.0431043
26694	0.0434298
26695	0.0437552
26696	0.0440806
26697	0.0444059
26698	0.0447312
26699	0.0450565
26700	0.0453817
26701	0.0457069
26702	0.046032
26703	0.0463571
26704	0.0466821
26705	0.0470071
26706	0.0473321
26707	0.047657
26708	0.0479819
26709	0.0483067
26710	0.0486315
26711	0.0489563
26712	0.049281
26713	0.0496057
26714	0.0499303
26715	0.0502548
26716	0.0505794
26717	0.0509038
26718	0.0512283
26719	0.0515527
26720	0.051877
26721	0.0522013
26722	0.0525255
26723	0.0528497
26724	0.0531739
26725	0.053498
26726	0.0538221
26727	0.0541461
26728	0.05447
26729	0.0547939
26730	0.0551178
26731	0.0554416
26732	0.0557653
26733	0.0560891
26734	0.0564127
26735	0.0567363
26736	0.0570599
26737	0.0573834
26738	0.0577068
26739	0.0580302
26740	0.0583535
26741	0.0586768
26742	0.0590001
26743	0.0593232
26744	0.0596464
26745	0.0599695
26746	0.0602925
26747	0.0606154
26748	0.0609383
26749	0.0612612
26750	0.061584
26751	0.0619067
26752	0.0622294
26753	0.062552
26754	0.0628746
26755	0.0631971
26756	0.0635196
26757	0.063842
26758	0.0641643
26759	0.0644866
26760	0.0648088
26761	0.065131
26762	0.0654531
26763	0.0657751
26764	0.0660971
26765	0.066419
26766	0.0667409
26767	0.0670627
26768	0.0673844
26769	0.0677061
26770	0.0680277
26771	0.0683492
26772	0.0686707
26773	0.0689921
26774	0.0693135
26775	0.0696348
26776	0.069956
26777	0.0702772
26778	0.0705983
26779	0.0709193
26780	0.0712403
26781	0.0715612
26782	0.071882
26783	0.0722028
26784	0.0725235
26785	0.0728442
26786	0.0731647
26787	0.0734853
26788	0.0738057
26789	0.0741261
26790	0.0744464
26791	0.0747666
26792	0.0750868
26793	0.0754069
26794	0.0757269
26795	0.0760468
26796	0.0763667
26797	0.0766866
26798	0.0770063
26799	0.077326
26800	0.0776456
26801	0.0779651
26802	0.0782846
26803	0.078604
26804	0.0789233
26805	0.0792425
26806	0.0795617
26807	0.0798808
26808	0.0801998
26809	0.0805187
26810	0.0808376
26811	0.0811564
26812	0.0814751
26813	0.0817938
26814	0.0821124
26815	0.0824309
26816	0.0827493
26817	0.0830676
26818	0.0833859
26819	0.0837041
26820	0.0840222
26821	0.0843402
26822	0.0846582
26823	0.0849761
26824	0.0852939
26825	0.0856116
26826	0.0859292
26827	0.0862468
26828	0.0865643
26829	0.0868817
26830	0.087199
26831	0.0875162
26832	0.0878334
26833	0.0881505
26834	0.0884674
26835	0.0887844
26836	0.0891012
26837	0.0894179
26838	0.0897346
26839	0.0900512
26840	0.0903677
26841	0.0906841
26842	0.0910004
26843	0.0913167
26844	0.0916328
26845	0.0919489
26846	0.0922649
26847	0.0925808
26848	0.0928966
26849	0.0932124
26850	0.093528
26851	0.0938436
26852	0.094159
26853	0.0944744
26854	0.0947897
26855	0.0951049
26856	0.0954201
26857	0.0957351
26858	0.09605
26859	0.0963649
26860	0.0966797
26861	0.0969943
26862	0.0973089
26863	0.0976234
26864	0.0979378
26865	0.0982521
26866	0.0985663
26867	0.0988805
26868	0.0991945
26869	0.0995084
26870	0.0998223
26871	0.100136
26872	0.10045
26873	0.100763
26874	0.101077
26875	0.10139
26876	0.101703
26877	0.102017
26878	0.10233
26879	0.102643
26880	0.102956
26881	0.103268
26882	0.103581
26883	0.103894
26884	0.104206
26885	0.104519
26886	0.104831
26887	0.105143
26888	0.105455
26889	0.105767
26890	0.106079
26891	0.106391
26892	0.106703
26893	0.107015
26894	0.107326
26895	0.107638
26896	0.107949
26897	0.10826
26898	0.108571
26899	0.108882
26900	0.109193
26901	0.109504
26902	0.109815
26903	0.110125
26904	0.110436
26905	0.110746
26906	0.111057
26907	0.111367
26908	0.111677
26909	0.111987
26910	0.112297
26911	0.112607
26912	0.112916
26913	0.113226
26914	0.113535
26915	0.113845
26916	0.114154
26917	0.114463
26918	0.114772
26919	0.115081
26920	0.11539
26921	0.115699
26922	0.116007
26923	0.116316
26924	0.116624
26925	0.116933
26926	0.117241
26927	0.117549
26928	0.117857
26929	0.118165
26930	0.118473
26931	0.11878
26932	0.119088
26933	0.119395
26934	0.119702
26935	0.12001
26936	0.120317
26937	0.120624
26938	0.12093
26939	0.121237
26940	0.121544
26941	0.12185
26942	0.122157
26943	0.122463
26944	0.122769
26945	0.123075
26946	0.123381
26947	0.123687
26948	0.123993
26949	0.124298
26950	0.124604
26951	0.124909
26952	0.125214
26953	0.125519
26954	0.125824
26955	0.126129
26956	0.126434
26957	0.126739
26958	0.127043
26959	0.127348
26960	0.127652
26961	0.127956
26962	0.12826
26963	0.128564
26964	0.128868
26965	0.129172
26966	0.129475
26967	0.129779
26968	0.130082
26969	0.130385
26970	0.130688
26971	0.130991
26972	0.131294
26973	0.131597
26974	0.131899
26975	0.132202
26976	0.132504
26977	0.132806
26978	0.133108
26979	0.13341
26980	0.133712
26981	0.134014
26982	0.134315
26983	0.134617
26984	0.134918
26985	0.135219
26986	0.13552
26987	0.135821
26988	0.136122
26989	0.136423
26990	0.136723
26991	0.137024
26992	0.137324
26993	0.137624
26994	0.137924
26995	0.138224
26996	0.138524
26997	0.138824
26998	0.139123
26999	0.139423
27000	0.139722
27001	0.140021
27002	0.14032
27003	0.140619
27004	0.140918
27005	0.141216
27006	0.141515
27007	0.141813
27008	0.142111
27009	0.142409
27010	0.142707
27011	0.143005
27012	0.143303
27013	0.1436
27014	0.143898
27015	0.144195
27016	0.144492
27017	0.144789
27018	0.145086
27019	0.145383
27020	0.145679
27021	0.145976
27022	0.146272
27023	0.146568
27024	0.146864
27025	0.14716
27026	0.147456
27027	0.147751
27028	0.148047
27029	0.148342
27030	0.148637
27031	0.148933
27032	0.149227
27033	0.149522
27034	0.149817
27035	0.150111
27036	0.150406
27037	0.1507
27038	0.150994
27039	0.151288
27040	0.151582
27041	0.151875
27042	0.152169
27043	0.152462
27044	0.152755
27045	0.153048
27046	0.153341
27047	0.153634
27048	0.153927
27049	0.154219
27050	0.154512
27051	0.154804
27052	0.155096
27053	0.155388
27054	0.15568
27055	0.155971
27056	0.156263
27057	0.156554
27058	0.156845
27059	0.157136
27060	0.157427
27061	0.157718
27062	0.158008
27063	0.158299
27064	0.158589
27065	0.158879
27066	0.159169
27067	0.159459
27068	0.159749
27069	0.160038
27070	0.160327
27071	0.160617
27072	0.160906
27073	0.161195
27074	0.161483
27075	0.161772
27076	0.162061
27077	0.162349
27078	0.162637
27079	0.162925
27080	0.163213
27081	0.163501
27082	0.163788
27083	0.164075
27084	0.164363
27085	0.16465
27086	0.164937
27087	0.165223
27088	0.16551
27089	0.165796
27090	0.166083
27091	0.166369
27092	0.166655
27093	0.166941
27094	0.167226
27095	0.167512
27096	0.167797
27097	0.168082
27098	0.168367
27099	0.168652
27100	0.168937
27101	0.169222
27102	0.169506
27103	0.16979
27104	0.170074
27105	0.170358
27106	0.170642
27107	0.170926
27108	0.171209
27109	0.171492
27110	0.171775
27111	0.172058
27112	0.172341
27113	0.172624
27114	0.172906
27115	0.173189
27116	0.173471
27117	0.173753
27118	0.174034
27119	0.174316
27120	0.174598
27121	0.174879
27122	0.17516
27123	0.175441
27124	0.175722
27125	0.176002
27126	0.176283
27127	0.176563
27128	0.176843
27129	0.177123
27130	0.177403
27131	0.177683
27132	0.177962
27133	0.178242
27134	0.178521
27135	0.1788
27136	0.179078
27137	0.179357
27138	0.179635
27139	0.179914
27140	0.180192
27141	0.18047
27142	0.180748
27143	0.181025
27144	0.181303
27145	0.18158
27146	0.181857
27147	0.182134
27148	0.182411
27149	0.182687
27150	0.182964
27151	0.18324
27152	0.183516
27153	0.183792
27154	0.184067
27155	0.184343
27156	0.184618
27157	0.184894
27158	0.185169
27159	0.185443
27160	0.185718
27161	0.185993
27162	0.186267
27163	0.186541
27164	0.186815
27165	0.187089
27166	0.187362
27167	0.187636
27168	0.187909
27169	0.188182
27170	0.188455
27171	0.188728
27172	0.189
27173	0.189272
27174	0.189545
27175	0.189817
27176	0.190088
27177	0.19036
27178	0.190631
27179	0.190903
27180	0.191174
27181	0.191445
27182	0.191715
27183	0.191986
27184	0.192256
27185	0.192526
27186	0.192796
27187	0.193066
27188	0.193336
27189	0.193605
27190	0.193874
27191	0.194144
27192	0.194412
27193	0.194681
27194	0.19495
27195	0.195218
27196	0.195486
27197	0.195754
27198	0.196022
27199	0.196289
27200	0.196557
27201	0.196824
27202	0.197091
27203	0.197358
27204	0.197625
27205	0.197891
27206	0.198157
27207	0.198423
27208	0.198689
27209	0.198955
27210	0.19922
27211	0.199486
27212	0.199751
27213	0.200016
27214	0.200281
27215	0.200545
27216	0.20081
27217	0.201074
27218	0.201338
27219	0.201602
27220	0.201865
27221	0.202129
27222	0.202392
27223	0.202655
27224	0.202918
27225	0.20318
27226	0.203443
27227	0.203705
27228	0.203967
27229	0.204229
27230	0.204491
27231	0.204752
27232	0.205013
27233	0.205274
27234	0.205535
27235	0.205796
27236	0.206057
27237	0.206317
27238	0.206577
27239	0.206837
27240	0.207097
27241	0.207356
27242	0.207615
27243	0.207875
27244	0.208134
27245	0.208392
27246	0.208651
27247	0.208909
27248	0.209167
27249	0.209425
27250	0.209683
27251	0.20994
27252	0.210198
27253	0.210455
27254	0.210712
27255	0.210969
27256	0.211225
27257	0.211481
27258	0.211737
27259	0.211993
27260	0.212249
27261	0.212505
27262	0.21276
27263	0.213015
27264	0.21327
27265	0.213525
27266	0.213779
27267	0.214033
27268	0.214288
27269	0.214541
27270	0.214795
27271	0.215049
27272	0.215302
27273	0.215555
27274	0.215808
27275	0.21606
27276	0.216313
27277	0.216565
27278	0.216817
27279	0.217069
27280	0.217321
27281	0.217572
27282	0.217823
27283	0.218074
27284	0.218325
27285	0.218576
27286	0.218826
27287	0.219076
27288	0.219326
27289	0.219576
27290	0.219825
27291	0.220075
27292	0.220324
27293	0.220573
27294	0.220821
27295	0.22107
27296	0.221318
27297	0.221566
27298	0.221814
27299	0.222061
27300	0.222309
27301	0.222556
27302	0.222803
27303	0.22305
27304	0.223296
27305	0.223543
27306	0.223789
27307	0.224035
27308	0.224281
27309	0.224526
27310	0.224771
27311	0.225016
27312	0.225261
27313	0.225506
27314	0.22575
27315	0.225994
27316	0.226238
27317	0.226482
27318	0.226726
27319	0.226969
27320	0.227212
27321	0.227455
27322	0.227698
27323	0.22794
27324	0.228182
27325	0.228424
27326	0.228666
27327	0.228908
27328	0.229149
27329	0.22939
27330	0.229631
27331	0.229872
27332	0.230112
27333	0.230353
27334	0.230593
27335	0.230833
27336	0.231072
27337	0.231312
27338	0.231551
27339	0.23179
27340	0.232028
27341	0.232267
27342	0.232505
27343	0.232743
27344	0.232981
27345	0.233219
27346	0.233456
27347	0.233693
27348	0.23393
27349	0.234167
27350	0.234403
27351	0.234639
27352	0.234875
27353	0.235111
27354	0.235347
27355	0.235582
27356	0.235817
27357	0.236052
27358	0.236287
27359	0.236521
27360	0.236755
27361	0.236989
27362	0.237223
27363	0.237457
27364	0.23769
27365	0.237923
27366	0.238156
27367	0.238389
27368	0.238621
27369	0.238853
27370	0.239085
27371	0.239317
27372	0.239548
27373	0.239779
27374	0.24001
27375	0.240241
27376	0.240472
27377	0.240702
27378	0.240932
27379	0.241162
27380	0.241392
27381	0.241621
27382	0.24185
27383	0.242079
27384	0.242308
27385	0.242536
27386	0.242764
27387	0.242992
27388	0.24322
27389	0.243448
27390	0.243675
27391	0.243902
27392	0.244129
27393	0.244355
27394	0.244582
27395	0.244808
27396	0.245034
27397	0.245259
27398	0.245485
27399	0.24571
27400	0.245935
27401	0.24616
27402	0.246384
27403	0.246608
27404	0.246832
27405	0.247056
27406	0.24728
27407	0.247503
27408	0.247726
27409	0.247949
27410	0.248171
27411	0.248393
27412	0.248616
27413	0.248837
27414	0.249059
27415	0.24928
27416	0.249501
27417	0.249722
27418	0.249943
27419	0.250163
27420	0.250384
27421	0.250603
27422	0.250823
27423	0.251043
27424	0.251262
27425	0.251481
27426	0.251699
27427	0.251918
27428	0.252136
27429	0.252354
27430	0.252572
27431	0.252789
27432	0.253006
27433	0.253223
27434	0.25344
27435	0.253657
27436	0.253873
27437	0.254089
27438	0.254305
27439	0.25452
27440	0.254736
27441	0.254951
27442	0.255165
27443	0.25538
27444	0.255594
27445	0.255808
27446	0.256022
27447	0.256236
27448	0.256449
27449	0.256662
27450	0.256875
27451	0.257088
27452	0.2573
27453	0.257512
27454	0.257724
27455	0.257935
27456	0.258147
27457	0.258358
27458	0.258569
27459	0.258779
27460	0.25899
27461	0.2592
27462	0.25941
27463	0.259619
27464	0.259828
27465	0.260038
27466	0.260246
27467	0.260455
27468	0.260663
27469	0.260871
27470	0.261079
27471	0.261287
27472	0.261494
27473	0.261701
27474	0.261908
27475	0.262115
27476	0.262321
27477	0.262527
27478	0.262733
27479	0.262938
27480	0.263144
27481	0.263349
27482	0.263554
27483	0.263758
27484	0.263962
27485	0.264166
27486	0.26437
27487	0.264574
27488	0.264777
27489	0.26498
27490	0.265183
27491	0.265385
27492	0.265587
27493	0.265789
27494	0.265991
27495	0.266193
27496	0.266394
27497	0.266595
27498	0.266796
27499	0.266996
27500	0.267196
27501	0.267396
27502	0.267596
27503	0.267795
27504	0.267994
27505	0.268193
27506	0.268392
27507	0.26859
27508	0.268788
27509	0.268986
27510	0.269184
27511	0.269381
27512	0.269578
27513	0.269775
27514	0.269972
27515	0.270168
27516	0.270364
27517	0.27056
27518	0.270755
27519	0.270951
27520	0.271146
27521	0.27134
27522	0.271535
27523	0.271729
27524	0.271923
27525	0.272117
27526	0.27231
27527	0.272503
27528	0.272696
27529	0.272889
27530	0.273081
27531	0.273273
27532	0.273465
27533	0.273657
27534	0.273848
27535	0.274039
27536	0.27423
27537	0.27442
27538	0.274611
27539	0.274801
27540	0.27499
27541	0.27518
27542	0.275369
27543	0.275558
27544	0.275746
27545	0.275935
27546	0.276123
27547	0.276311
27548	0.276498
27549	0.276686
27550	0.276873
27551	0.27706
27552	0.277246
27553	0.277432
27554	0.277618
27555	0.277804
27556	0.277989
27557	0.278175
27558	0.27836
27559	0.278544
27560	0.278729
27561	0.278913
27562	0.279096
27563	0.27928
27564	0.279463
27565	0.279646
27566	0.279829
27567	0.280012
27568	0.280194
27569	0.280376
27570	0.280557
27571	0.280739
27572	0.28092
27573	0.281101
27574	0.281281
27575	0.281462
27576	0.281642
27577	0.281821
27578	0.282001
27579	0.28218
27580	0.282359
27581	0.282538
27582	0.282716
27583	0.282894
27584	0.283072
27585	0.28325
27586	0.283427
27587	0.283604
27588	0.283781
27589	0.283957
27590	0.284133
27591	0.284309
27592	0.284485
27593	0.28466
27594	0.284835
27595	0.28501
27596	0.285185
27597	0.285359
27598	0.285533
27599	0.285707
27600	0.28588
27601	0.286053
27602	0.286226
27603	0.286399
27604	0.286571
27605	0.286743
27606	0.286915
27607	0.287086
27608	0.287258
27609	0.287429
27610	0.287599
27611	0.28777
27612	0.28794
27613	0.28811
27614	0.288279
27615	0.288448
27616	0.288617
27617	0.288786
27618	0.288955
27619	0.289123
27620	0.289291
27621	0.289458
27622	0.289625
27623	0.289792
27624	0.289959
27625	0.290126
27626	0.290292
27627	0.290458
27628	0.290623
27629	0.290789
27630	0.290954
27631	0.291119
27632	0.291283
27633	0.291447
27634	0.291611
27635	0.291775
27636	0.291938
27637	0.292101
27638	0.292264
27639	0.292427
27640	0.292589
27641	0.292751
27642	0.292913
27643	0.293074
27644	0.293235
27645	0.293396
27646	0.293556
27647	0.293717
27648	0.293877
27649	0.294036
27650	0.294196
27651	0.294355
27652	0.294514
27653	0.294672
27654	0.29483
27655	0.294988
27656	0.295146
27657	0.295304
27658	0.295461
27659	0.295617
27660	0.295774
27661	0.29593
27662	0.296086
27663	0.296242
27664	0.296397
27665	0.296552
27666	0.296707
27667	0.296862
27668	0.297016
27669	0.29717
27670	0.297324
27671	0.297477
27672	0.29763
27673	0.297783
27674	0.297936
27675	0.298088
27676	0.29824
27677	0.298391
27678	0.298543
27679	0.298694
27680	0.298845
27681	0.298995
27682	0.299145
27683	0.299295
27684	0.299445
27685	0.299594
27686	0.299743
27687	0.299892
27688	0.300041
27689	0.300189
27690	0.300337
27691	0.300484
27692	0.300632
27693	0.300779
27694	0.300925
27695	0.301072
27696	0.301218
27697	0.301364
27698	0.301509
27699	0.301655
27700	0.3018
27701	0.301944
27702	0.302089
27703	0.302233
27704	0.302377
27705	0.30252
27706	0.302663
27707	0.302806
27708	0.302949
27709	0.303091
27710	0.303233
27711	0.303375
27712	0.303517
27713	0.303658
27714	0.303799
27715	0.303939
27716	0.30408
27717	0.30422
27718	0.304359
27719	0.304499
27720	0.304638
27721	0.304777
27722	0.304915
27723	0.305053
27724	0.305191
27725	0.305329
27726	0.305466
27727	0.305603
27728	0.30574
27729	0.305877
27730	0.306013
27731	0.306149
27732	0.306284
27733	0.30642
27734	0.306555
27735	0.306689
27736	0.306824
27737	0.306958
27738	0.307092
27739	0.307225
27740	0.307358
27741	0.307491
27742	0.307624
27743	0.307756
27744	0.307888
27745	0.30802
27746	0.308151
27747	0.308283
27748	0.308413
27749	0.308544
27750	0.308674
27751	0.308804
27752	0.308934
27753	0.309063
27754	0.309192
27755	0.309321
27756	0.309449
27757	0.309577
27758	0.309705
27759	0.309833
27760	0.30996
27761	0.310087
27762	0.310214
27763	0.31034
27764	0.310466
27765	0.310592
27766	0.310717
27767	0.310843
27768	0.310967
27769	0.311092
27770	0.311216
27771	0.31134
27772	0.311464
27773	0.311587
27774	0.31171
27775	0.311833
27776	0.311955
27777	0.312078
27778	0.312199
27779	0.312321
27780	0.312442
27781	0.312563
27782	0.312684
27783	0.312804
27784	0.312924
27785	0.313044
27786	0.313163
27787	0.313283
27788	0.313401
27789	0.31352
27790	0.313638
27791	0.313756
27792	0.313874
27793	0.313991
27794	0.314108
27795	0.314225
27796	0.314341
27797	0.314457
27798	0.314573
27799	0.314689
27800	0.314804
27801	0.314919
27802	0.315033
27803	0.315148
27804	0.315262
27805	0.315375
27806	0.315489
27807	0.315602
27808	0.315715
27809	0.315827
27810	0.315939
27811	0.316051
27812	0.316163
27813	0.316274
27814	0.316385
27815	0.316495
27816	0.316606
27817	0.316716
27818	0.316826
27819	0.316935
27820	0.317044
27821	0.317153
27822	0.317261
27823	0.31737
27824	0.317477
27825	0.317585
27826	0.317692
27827	0.317799
27828	0.317906
27829	0.318012
27830	0.318118
27831	0.318224
27832	0.31833
27833	0.318435
27834	0.318539
27835	0.318644
27836	0.318748
27837	0.318852
27838	0.318956
27839	0.319059
27840	0.319162
27841	0.319265
27842	0.319367
27843	0.319469
27844	0.319571
27845	0.319672
27846	0.319773
27847	0.319874
27848	0.319975
27849	0.320075
27850	0.320175
27851	0.320274
27852	0.320374
27853	0.320473
27854	0.320571
27855	0.32067
27856	0.320768
27857	0.320866
27858	0.320963
27859	0.32106
27860	0.321157
27861	0.321253
27862	0.32135
27863	0.321445
27864	0.321541
27865	0.321636
27866	0.321731
27867	0.321826
27868	0.32192
27869	0.322014
27870	0.322108
27871	0.322201
27872	0.322294
27873	0.322387
27874	0.32248
27875	0.322572
27876	0.322664
27877	0.322755
27878	0.322846
27879	0.322937
27880	0.323028
27881	0.323118
27882	0.323208
27883	0.323298
27884	0.323387
27885	0.323476
27886	0.323565
27887	0.323653
27888	0.323742
27889	0.323829
27890	0.323917
27891	0.324004
27892	0.324091
27893	0.324177
27894	0.324264
27895	0.32435
27896	0.324435
27897	0.324521
27898	0.324606
27899	0.32469
27900	0.324775
27901	0.324859
27902	0.324942
27903	0.325026
27904	0.325109
27905	0.325192
27906	0.325274
27907	0.325356
27908	0.325438
27909	0.32552
27910	0.325601
27911	0.325682
27912	0.325763
27913	0.325843
27914	0.325923
27915	0.326002
27916	0.326082
27917	0.326161
27918	0.32624
27919	0.326318
27920	0.326396
27921	0.326474
27922	0.326551
27923	0.326628
27924	0.326705
27925	0.326782
27926	0.326858
27927	0.326934
27928	0.327009
27929	0.327085
27930	0.32716
27931	0.327234
27932	0.327309
27933	0.327383
27934	0.327456
27935	0.32753
27936	0.327603
27937	0.327676
27938	0.327748
27939	0.32782
27940	0.327892
27941	0.327963
27942	0.328034
27943	0.328105
27944	0.328176
27945	0.328246
27946	0.328316
27947	0.328386
27948	0.328455
27949	0.328524
27950	0.328592
27951	0.328661
27952	0.328729
27953	0.328796
27954	0.328864
27955	0.328931
27956	0.328998
27957	0.329064
27958	0.32913
27959	0.329196
27960	0.329261
27961	0.329327
27962	0.329391
27963	0.329456
27964	0.32952
27965	0.329584
27966	0.329648
27967	0.329711
27968	0.329774
27969	0.329836
27970	0.329899
27971	0.329961
27972	0.330022
27973	0.330084
27974	0.330145
27975	0.330206
27976	0.330266
27977	0.330326
27978	0.330386
27979	0.330445
27980	0.330504
27981	0.330563
27982	0.330622
27983	0.33068
27984	0.330738
27985	0.330795
27986	0.330853
27987	0.330909
27988	0.330966
27989	0.331022
27990	0.331078
27991	0.331134
27992	0.331189
27993	0.331244
27994	0.331299
27995	0.331353
27996	0.331407
27997	0.331461
27998	0.331515
27999	0.331568
28000	0.33162
28001	0.331673
28002	0.331725
28003	0.331777
28004	0.331828
28005	0.33188
28006	0.331931
28007	0.331981
28008	0.332031
28009	0.332081
28010	0.332131
28011	0.33218
28012	0.332229
28013	0.332278
28014	0.332326
28015	0.332374
28016	0.332422
28017	0.332469
28018	0.332516
28019	0.332563
28020	0.332609
28021	0.332656
28022	0.332701
28023	0.332747
28024	0.332792
28025	0.332837
28026	0.332881
28027	0.332926
28028	0.332969
28029	0.333013
28030	0.333056
28031	0.333099
28032	0.333142
28033	0.333184
28034	0.333226
28035	0.333268
28036	0.333309
28037	0.33335
28038	0.333391
28039	0.333431
28040	0.333471
28041	0.333511
28042	0.33355
28043	0.333589
28044	0.333628
28045	0.333667
28046	0.333705
28047	0.333743
28048	0.33378
28049	0.333817
28050	0.333854
28051	0.333891
28052	0.333927
28053	0.333963
28054	0.333998
28055	0.334034
28056	0.334069
28057	0.334103
28058	0.334138
28059	0.334172
28060	0.334205
28061	0.334239
28062	0.334272
28063	0.334305
28064	0.334337
28065	0.334369
28066	0.334401
28067	0.334432
28068	0.334463
28069	0.334494
28070	0.334525
28071	0.334555
28072	0.334585
28073	0.334614
28074	0.334644
28075	0.334672
28076	0.334701
28077	0.334729
28078	0.334757
28079	0.334785
28080	0.334812
28081	0.334839
28082	0.334866
28083	0.334892
28084	0.334918
28085	0.334944
28086	0.334969
28087	0.334994
28088	0.335019
28089	0.335044
28090	0.335068
28091	0.335091
28092	0.335115
28093	0.335138
28094	0.335161
28095	0.335183
28096	0.335206
28097	0.335228
28098	0.335249
28099	0.33527
28100	0.335291
28101	0.335312
28102	0.335332
28103	0.335352
28104	0.335372
28105	0.335391
28106	0.33541
28107	0.335429
28108	0.335447
28109	0.335465
28110	0.335483
28111	0.3355
28112	0.335517
28113	0.335534
28114	0.335551
28115	0.335567
28116	0.335582
28117	0.335598
28118	0.335613
28119	0.335628
28120	0.335642
28121	0.335657
28122	0.33567
28123	0.335684
28124	0.335697
28125	0.33571
28126	0.335723
28127	0.335735
28128	0.335747
28129	0.335759
28130	0.33577
28131	0.335781
28132	0.335792
28133	0.335802
28134	0.335812
28135	0.335822
28136	0.335831
28137	0.33584
28138	0.335849
28139	0.335857
28140	0.335865
28141	0.335873
28142	0.335881
28143	0.335888
28144	0.335894
28145	0.335901
28146	0.335907
28147	0.335913
28148	0.335918
28149	0.335924
28150	0.335929
28151	0.335933
28152	0.335937
28153	0.335941
28154	0.335945
28155	0.335948
28156	0.335951
28157	0.335954
28158	0.335956
28159	0.335958
28160	0.33596
28161	0.335961
28162	0.335962
28163	0.335963
28164	0.335963
28165	0.335963
28166	0.335963
28167	0.335962
28168	0.335961
28169	0.33596
28170	0.335958
28171	0.335957
28172	0.335954
28173	0.335952
28174	0.335949
28175	0.335946
28176	0.335942
28177	0.335938
28178	0.335934
28179	0.33593
28180	0.335925
28181	0.33592
28182	0.335914
28183	0.335909
28184	0.335903
28185	0.335896
28186	0.335889
28187	0.335882
28188	0.335875
28189	0.335867
28190	0.335859
28191	0.335851
28192	0.335842
28193	0.335833
28194	0.335824
28195	0.335814
28196	0.335804
28197	0.335794
28198	0.335784
28199	0.335773
28200	0.335761
28201	0.33575
28202	0.335738
28203	0.335726
28204	0.335713
28205	0.3357
28206	0.335687
28207	0.335674
28208	0.33566
28209	0.335646
28210	0.335631
28211	0.335616
28212	0.335601
28213	0.335586
28214	0.33557
28215	0.335554
28216	0.335538
28217	0.335521
28218	0.335504
28219	0.335487
28220	0.335469
28221	0.335451
28222	0.335433
28223	0.335414
28224	0.335395
28225	0.335376
28226	0.335356
28227	0.335336
28228	0.335316
28229	0.335295
28230	0.335274
28231	0.335253
28232	0.335232
28233	0.33521
28234	0.335188
28235	0.335165
28236	0.335142
28237	0.335119
28238	0.335096
28239	0.335072
28240	0.335048
28241	0.335024
28242	0.334999
28243	0.334974
28244	0.334948
28245	0.334923
28246	0.334897
28247	0.33487
28248	0.334844
28249	0.334817
28250	0.33479
28251	0.334762
28252	0.334734
28253	0.334706
28254	0.334677
28255	0.334648
28256	0.334619
28257	0.33459
28258	0.33456
28259	0.33453
28260	0.334499
28261	0.334468
28262	0.334437
28263	0.334406
28264	0.334374
28265	0.334342
28266	0.33431
28267	0.334277
28268	0.334244
28269	0.334211
28270	0.334177
28271	0.334143
28272	0.334109
28273	0.334074
28274	0.33404
28275	0.334004
28276	0.333969
28277	0.333933
28278	0.333897
28279	0.33386
28280	0.333824
28281	0.333786
28282	0.333749
28283	0.333711
28284	0.333673
28285	0.333635
28286	0.333596
28287	0.333557
28288	0.333518
28289	0.333478
28290	0.333438
28291	0.333398
28292	0.333358
28293	0.333317
28294	0.333275
28295	0.333234
28296	0.333192
28297	0.33315
28298	0.333108
28299	0.333065
28300	0.333022
28301	0.332978
28302	0.332935
28303	0.332891
28304	0.332846
28305	0.332802
28306	0.332757
28307	0.332711
28308	0.332666
28309	0.33262
28310	0.332574
28311	0.332527
28312	0.33248
28313	0.332433
28314	0.332386
28315	0.332338
28316	0.33229
28317	0.332242
28318	0.332193
28319	0.332144
28320	0.332095
28321	0.332045
28322	0.331995
28323	0.331945
28324	0.331894
28325	0.331843
28326	0.331792
28327	0.331741
28328	0.331689
28329	0.331637
28330	0.331584
28331	0.331532
28332	0.331479
28333	0.331425
28334	0.331372
28335	0.331318
28336	0.331263
28337	0.331209
28338	0.331154
28339	0.331099
28340	0.331043
28341	0.330987
28342	0.330931
28343	0.330875
28344	0.330818
28345	0.330761
28346	0.330704
28347	0.330646
28348	0.330588
28349	0.33053
28350	0.330471
28351	0.330412
28352	0.330353
28353	0.330293
28354	0.330233
28355	0.330173
28356	0.330113
28357	0.330052
28358	0.329991
28359	0.32993
28360	0.329868
28361	0.329806
28362	0.329744
28363	0.329681
28364	0.329618
28365	0.329555
28366	0.329491
28367	0.329427
28368	0.329363
28369	0.329299
28370	0.329234
28371	0.329169
28372	0.329104
28373	0.329038
28374	0.328972
28375	0.328906
28376	0.328839
28377	0.328772
28378	0.328705
28379	0.328637
28380	0.32857
28381	0.328501
28382	0.328433
28383	0.328364
28384	0.328295
28385	0.328226
28386	0.328156
28387	0.328086
28388	0.328016
28389	0.327945
28390	0.327874
28391	0.327803
28392	0.327732
28393	0.32766
28394	0.327588
28395	0.327515
28396	0.327443
28397	0.32737
28398	0.327296
28399	0.327223
28400	0.327149
28401	0.327074
28402	0.327
28403	0.326925
28404	0.32685
28405	0.326774
28406	0.326699
28407	0.326623
28408	0.326546
28409	0.326469
28410	0.326392
28411	0.326315
28412	0.326238
28413	0.32616
28414	0.326081
28415	0.326003
28416	0.325924
28417	0.325845
28418	0.325766
28419	0.325686
28420	0.325606
28421	0.325526
28422	0.325445
28423	0.325364
28424	0.325283
28425	0.325201
28426	0.325119
28427	0.325037
28428	0.324955
28429	0.324872
28430	0.324789
28431	0.324705
28432	0.324622
28433	0.324538
28434	0.324454
28435	0.324369
28436	0.324284
28437	0.324199
28438	0.324113
28439	0.324028
28440	0.323942
28441	0.323855
28442	0.323768
28443	0.323681
28444	0.323594
28445	0.323507
28446	0.323419
28447	0.32333
28448	0.323242
28449	0.323153
28450	0.323064
28451	0.322975
28452	0.322885
28453	0.322795
28454	0.322705
28455	0.322614
28456	0.322523
28457	0.322432
28458	0.32234
28459	0.322249
28460	0.322156
28461	0.322064
28462	0.321971
28463	0.321878
28464	0.321785
28465	0.321691
28466	0.321597
28467	0.321503
28468	0.321409
28469	0.321314
28470	0.321219
28471	0.321123
28472	0.321028
28473	0.320932
28474	0.320835
28475	0.320739
28476	0.320642
28477	0.320545
28478	0.320447
28479	0.320349
28480	0.320251
28481	0.320153
28482	0.320054
28483	0.319955
28484	0.319856
28485	0.319756
28486	0.319656
28487	0.319556
28488	0.319455
28489	0.319355
28490	0.319254
28491	0.319152
28492	0.31905
28493	0.318948
28494	0.318846
28495	0.318744
28496	0.318641
28497	0.318538
28498	0.318434
28499	0.31833
28500	0.318226
28501	0.318122
28502	0.318017
28503	0.317912
28504	0.317807
28505	0.317701
28506	0.317596
28507	0.317489
28508	0.317383
28509	0.317276
28510	0.317169
28511	0.317062
28512	0.316954
28513	0.316846
28514	0.316738
28515	0.31663
28516	0.316521
28517	0.316412
28518	0.316302
28519	0.316193
28520	0.316083
28521	0.315972
28522	0.315862
28523	0.315751
28524	0.31564
28525	0.315528
28526	0.315417
28527	0.315305
28528	0.315192
28529	0.31508
28530	0.314967
28531	0.314853
28532	0.31474
28533	0.314626
28534	0.314512
28535	0.314398
28536	0.314283
28537	0.314168
28538	0.314053
28539	0.313937
28540	0.313821
28541	0.313705
28542	0.313589
28543	0.313472
28544	0.313355
28545	0.313238
28546	0.31312
28547	0.313002
28548	0.312884
28549	0.312766
28550	0.312647
28551	0.312528
28552	0.312408
28553	0.312289
28554	0.312169
28555	0.312049
28556	0.311928
28557	0.311807
28558	0.311686
28559	0.311565
28560	0.311443
28561	0.311321
28562	0.311199
28563	0.311076
28564	0.310954
28565	0.310831
28566	0.310707
28567	0.310583
28568	0.310459
28569	0.310335
28570	0.310211
28571	0.310086
28572	0.309961
28573	0.309835
28574	0.30971
28575	0.309584
28576	0.309457
28577	0.309331
28578	0.309204
28579	0.309077
28580	0.308949
28581	0.308822
28582	0.308694
28583	0.308565
28584	0.308437
28585	0.308308
28586	0.308179
28587	0.308049
28588	0.30792
28589	0.30779
28590	0.307659
28591	0.307529
28592	0.307398
28593	0.307267
28594	0.307135
28595	0.307004
28596	0.306872
28597	0.306739
28598	0.306607
28599	0.306474
28600	0.306341
28601	0.306207
28602	0.306074
28603	0.30594
28604	0.305805
28605	0.305671
28606	0.305536
28607	0.305401
28608	0.305266
28609	0.30513
28610	0.304994
28611	0.304858
28612	0.304721
28613	0.304584
28614	0.304447
28615	0.30431
28616	0.304172
28617	0.304034
28618	0.303896
28619	0.303758
28620	0.303619
28621	0.30348
28622	0.30334
28623	0.303201
28624	0.303061
28625	0.302921
28626	0.30278
28627	0.302639
28628	0.302498
28629	0.302357
28630	0.302216
28631	0.302074
28632	0.301932
28633	0.301789
28634	0.301646
28635	0.301503
28636	0.30136
28637	0.301217
28638	0.301073
28639	0.300929
28640	0.300784
28641	0.30064
28642	0.300495
28643	0.30035
28644	0.300204
28645	0.300058
28646	0.299912
28647	0.299766
28648	0.299619
28649	0.299473
28650	0.299325
28651	0.299178
28652	0.29903
28653	0.298882
28654	0.298734
28655	0.298585
28656	0.298437
28657	0.298288
28658	0.298138
28659	0.297989
28660	0.297839
28661	0.297688
28662	0.297538
28663	0.297387
28664	0.297236
28665	0.297085
28666	0.296933
28667	0.296782
28668	0.296629
28669	0.296477
28670	0.296324
28671	0.296171
28672	0.296018
28673	0.295865
28674	0.295711
28675	0.295557
28676	0.295403
28677	0.295248
28678	0.295093
28679	0.294938
28680	0.294783
28681	0.294627
28682	0.294471
28683	0.294315
28684	0.294158
28685	0.294002
28686	0.293845
28687	0.293687
28688	0.29353
28689	0.293372
28690	0.293214
28691	0.293055
28692	0.292897
28693	0.292738
28694	0.292579
28695	0.292419
28696	0.292259
28697	0.292099
28698	0.291939
28699	0.291779
28700	0.291618
28701	0.291457
28702	0.291295
28703	0.291134
28704	0.290972
28705	0.29081
28706	0.290647
28707	0.290485
28708	0.290322
28709	0.290158
28710	0.289995
28711	0.289831
28712	0.289667
28713	0.289503
28714	0.289338
28715	0.289173
28716	0.289008
28717	0.288843
28718	0.288677
28719	0.288511
28720	0.288345
28721	0.288179
28722	0.288012
28723	0.287845
28724	0.287678
28725	0.28751
28726	0.287342
28727	0.287174
28728	0.287006
28729	0.286837
28730	0.286668
28731	0.286499
28732	0.28633
28733	0.28616
28734	0.28599
28735	0.28582
28736	0.28565
28737	0.285479
28738	0.285308
28739	0.285137
28740	0.284965
28741	0.284794
28742	0.284622
28743	0.284449
28744	0.284277
28745	0.284104
28746	0.283931
28747	0.283757
28748	0.283584
28749	0.28341
28750	0.283236
28751	0.283061
28752	0.282887
28753	0.282712
28754	0.282537
28755	0.282361
28756	0.282186
28757	0.28201
28758	0.281833
28759	0.281657
28760	0.28148
28761	0.281303
28762	0.281126
28763	0.280948
28764	0.280771
28765	0.280592
28766	0.280414
28767	0.280236
28768	0.280057
28769	0.279878
28770	0.279698
28771	0.279519
28772	0.279339
28773	0.279159
28774	0.278978
28775	0.278798
28776	0.278617
28777	0.278436
28778	0.278254
28779	0.278072
28780	0.27789
28781	0.277708
28782	0.277526
28783	0.277343
28784	0.27716
28785	0.276977
28786	0.276793
28787	0.27661
28788	0.276426
28789	0.276241
28790	0.276057
28791	0.275872
28792	0.275687
28793	0.275502
28794	0.275316
28795	0.27513
28796	0.274944
28797	0.274758
28798	0.274572
28799	0.274385
28800	0.274198
28801	0.27401
28802	0.273823
28803	0.273635
28804	0.273447
28805	0.273258
28806	0.27307
28807	0.272881
28808	0.272692
28809	0.272502
28810	0.272313
28811	0.272123
28812	0.271933
28813	0.271742
28814	0.271552
28815	0.271361
28816	0.27117
28817	0.270978
28818	0.270787
28819	0.270595
28820	0.270403
28821	0.27021
28822	0.270018
28823	0.269825
28824	0.269632
28825	0.269438
28826	0.269245
28827	0.269051
28828	0.268857
28829	0.268662
28830	0.268467
28831	0.268273
28832	0.268077
28833	0.267882
28834	0.267686
28835	0.26749
28836	0.267294
28837	0.267098
28838	0.266901
28839	0.266704
28840	0.266507
28841	0.26631
28842	0.266112
28843	0.265914
28844	0.265716
28845	0.265518
28846	0.265319
28847	0.26512
28848	0.264921
28849	0.264722
28850	0.264522
28851	0.264322
28852	0.264122
28853	0.263922
28854	0.263721
28855	0.26352
28856	0.263319
28857	0.263118
28858	0.262916
28859	0.262714
28860	0.262512
28861	0.26231
28862	0.262107
28863	0.261905
28864	0.261701
28865	0.261498
28866	0.261295
28867	0.261091
28868	0.260887
28869	0.260683
28870	0.260478
28871	0.260273
28872	0.260068
28873	0.259863
28874	0.259657
28875	0.259452
28876	0.259246
28877	0.25904
28878	0.258833
28879	0.258626
28880	0.258419
28881	0.258212
28882	0.258005
28883	0.257797
28884	0.257589
28885	0.257381
28886	0.257173
28887	0.256964
28888	0.256755
28889	0.256546
28890	0.256337
28891	0.256127
28892	0.255917
28893	0.255707
28894	0.255497
28895	0.255286
28896	0.255076
28897	0.254865
28898	0.254653
28899	0.254442
28900	0.25423
28901	0.254018
28902	0.253806
28903	0.253594
28904	0.253381
28905	0.253168
28906	0.252955
28907	0.252741
28908	0.252528
28909	0.252314
28910	0.2521
28911	0.251885
28912	0.251671
28913	0.251456
28914	0.251241
28915	0.251026
28916	0.25081
28917	0.250595
28918	0.250379
28919	0.250162
28920	0.249946
28921	0.249729
28922	0.249512
28923	0.249295
28924	0.249078
28925	0.24886
28926	0.248642
28927	0.248424
28928	0.248206
28929	0.247987
28930	0.247769
28931	0.24755
28932	0.24733
28933	0.247111
28934	0.246891
28935	0.246671
28936	0.246451
28937	0.246231
28938	0.24601
28939	0.245789
28940	0.245568
28941	0.245347
28942	0.245125
28943	0.244904
28944	0.244682
28945	0.244459
28946	0.244237
28947	0.244014
28948	0.243791
28949	0.243568
28950	0.243345
28951	0.243121
28952	0.242898
28953	0.242673
28954	0.242449
28955	0.242225
28956	0.242
28957	0.241775
28958	0.24155
28959	0.241324
28960	0.241099
28961	0.240873
28962	0.240647
28963	0.240421
28964	0.240194
28965	0.239967
28966	0.23974
28967	0.239513
28968	0.239286
28969	0.239058
28970	0.23883
28971	0.238602
28972	0.238374
28973	0.238145
28974	0.237916
28975	0.237687
28976	0.237458
28977	0.237229
28978	0.236999
28979	0.236769
28980	0.236539
28981	0.236309
28982	0.236078
28983	0.235848
28984	0.235617
28985	0.235385
28986	0.235154
28987	0.234922
28988	0.23469
28989	0.234458
28990	0.234226
28991	0.233994
28992	0.233761
28993	0.233528
28994	0.233295
28995	0.233061
28996	0.232828
28997	0.232594
28998	0.23236
28999	0.232126
29000	0.231891
29001	0.231656
29002	0.231421
29003	0.231186
29004	0.230951
29005	0.230715
29006	0.23048
29007	0.230244
29008	0.230007
29009	0.229771
29010	0.229534
29011	0.229297
29012	0.22906
29013	0.228823
29014	0.228586
29015	0.228348
29016	0.22811
29017	0.227872
29018	0.227633
29019	0.227395
29020	0.227156
29021	0.226917
29022	0.226678
29023	0.226438
29024	0.226199
29025	0.225959
29026	0.225719
29027	0.225478
29028	0.225238
29029	0.224997
29030	0.224756
29031	0.224515
29032	0.224274
29033	0.224032
29034	0.223791
29035	0.223549
29036	0.223306
29037	0.223064
29038	0.222821
29039	0.222579
29040	0.222336
29041	0.222092
29042	0.221849
29043	0.221605
29044	0.221362
29045	0.221117
29046	0.220873
29047	0.220629
29048	0.220384
29049	0.220139
29050	0.219894
29051	0.219649
29052	0.219403
29053	0.219158
29054	0.218912
29055	0.218665
29056	0.218419
29057	0.218173
29058	0.217926
29059	0.217679
29060	0.217432
29061	0.217184
29062	0.216937
29063	0.216689
29064	0.216441
29065	0.216193
29066	0.215945
29067	0.215696
29068	0.215447
29069	0.215198
29070	0.214949
29071	0.2147
29072	0.21445
29073	0.2142
29074	0.21395
29075	0.2137
29076	0.21345
29077	0.213199
29078	0.212948
29079	0.212697
29080	0.212446
29081	0.212195
29082	0.211943
29083	0.211691
29084	0.211439
29085	0.211187
29086	0.210935
29087	0.210682
29088	0.210429
29089	0.210176
29090	0.209923
29091	0.20967
29092	0.209416
29093	0.209162
29094	0.208908
29095	0.208654
29096	0.2084
29097	0.208145
29098	0.20789
29099	0.207635
29100	0.20738
29101	0.207125
29102	0.206869
29103	0.206613
29104	0.206357
29105	0.206101
29106	0.205845
29107	0.205588
29108	0.205332
29109	0.205075
29110	0.204818
29111	0.20456
29112	0.204303
29113	0.204045
29114	0.203787
29115	0.203529
29116	0.203271
29117	0.203012
29118	0.202754
29119	0.202495
29120	0.202236
29121	0.201977
29122	0.201717
29123	0.201458
29124	0.201198
29125	0.200938
29126	0.200678
29127	0.200417
29128	0.200157
29129	0.199896
29130	0.199635
29131	0.199374
29132	0.199113
29133	0.198851
29134	0.198589
29135	0.198327
29136	0.198065
29137	0.197803
29138	0.197541
29139	0.197278
29140	0.197015
29141	0.196752
29142	0.196489
29143	0.196226
29144	0.195962
29145	0.195698
29146	0.195434
29147	0.19517
29148	0.194906
29149	0.194642
29150	0.194377
29151	0.194112
29152	0.193847
29153	0.193582
29154	0.193316
29155	0.193051
29156	0.192785
29157	0.192519
29158	0.192253
29159	0.191987
29160	0.19172
29161	0.191453
29162	0.191187
29163	0.19092
29164	0.190652
29165	0.190385
29166	0.190117
29167	0.18985
29168	0.189582
29169	0.189313
29170	0.189045
29171	0.188777
29172	0.188508
29173	0.188239
29174	0.18797
29175	0.187701
29176	0.187432
29177	0.187162
29178	0.186892
29179	0.186622
29180	0.186352
29181	0.186082
29182	0.185812
29183	0.185541
29184	0.18527
29185	0.184999
29186	0.184728
29187	0.184457
29188	0.184186
29189	0.183914
29190	0.183642
29191	0.18337
29192	0.183098
29193	0.182826
29194	0.182553
29195	0.18228
29196	0.182007
29197	0.181734
29198	0.181461
29199	0.181188
29200	0.180914
29201	0.180641
29202	0.180367
29203	0.180093
29204	0.179818
29205	0.179544
29206	0.179269
29207	0.178995
29208	0.17872
29209	0.178445
29210	0.17817
29211	0.177894
29212	0.177619
29213	0.177343
29214	0.177067
29215	0.176791
29216	0.176515
29217	0.176238
29218	0.175962
29219	0.175685
29220	0.175408
29221	0.175131
29222	0.174854
29223	0.174576
29224	0.174299
29225	0.174021
29226	0.173743
29227	0.173465
29228	0.173187
29229	0.172908
29230	0.17263
29231	0.172351
29232	0.172072
29233	0.171793
29234	0.171514
29235	0.171235
29236	0.170955
29237	0.170675
29238	0.170395
29239	0.170115
29240	0.169835
29241	0.169555
29242	0.169274
29243	0.168994
29244	0.168713
29245	0.168432
29246	0.168151
29247	0.16787
29248	0.167588
29249	0.167307
29250	0.167025
29251	0.166743
29252	0.166461
29253	0.166179
29254	0.165896
29255	0.165614
29256	0.165331
29257	0.165048
29258	0.164765
29259	0.164482
29260	0.164199
29261	0.163915
29262	0.163631
29263	0.163348
29264	0.163064
29265	0.16278
29266	0.162495
29267	0.162211
29268	0.161926
29269	0.161642
29270	0.161357
29271	0.161072
29272	0.160787
29273	0.160501
29274	0.160216
29275	0.15993
29276	0.159645
29277	0.159359
29278	0.159073
29279	0.158786
29280	0.1585
29281	0.158213
29282	0.157927
29283	0.15764
29284	0.157353
29285	0.157066
29286	0.156779
29287	0.156491
29288	0.156204
29289	0.155916
29290	0.155628
29291	0.15534
29292	0.155052
29293	0.154764
29294	0.154475
29295	0.154187
29296	0.153898
29297	0.153609
29298	0.15332
29299	0.153031
29300	0.152741
29301	0.152452
29302	0.152162
29303	0.151873
29304	0.151583
29305	0.151293
29306	0.151003
29307	0.150712
29308	0.150422
29309	0.150131
29310	0.149841
29311	0.14955
29312	0.149259
29313	0.148967
29314	0.148676
29315	0.148385
29316	0.148093
29317	0.147801
29318	0.14751
29319	0.147218
29320	0.146925
29321	0.146633
29322	0.146341
29323	0.146048
29324	0.145755
29325	0.145463
29326	0.14517
29327	0.144876
29328	0.144583
29329	0.14429
29330	0.143996
29331	0.143703
29332	0.143409
29333	0.143115
29334	0.142821
29335	0.142527
29336	0.142232
29337	0.141938
29338	0.141643
29339	0.141349
29340	0.141054
29341	0.140759
29342	0.140464
29343	0.140168
29344	0.139873
29345	0.139577
29346	0.139282
29347	0.138986
29348	0.13869
29349	0.138394
29350	0.138098
29351	0.137801
29352	0.137505
29353	0.137208
29354	0.136912
29355	0.136615
29356	0.136318
29357	0.136021
29358	0.135724
29359	0.135426
29360	0.135129
29361	0.134831
29362	0.134533
29363	0.134235
29364	0.133937
29365	0.133639
29366	0.133341
29367	0.133043
29368	0.132744
29369	0.132446
29370	0.132147
29371	0.131848
29372	0.131549
29373	0.13125
29374	0.130951
29375	0.130651
29376	0.130352
29377	0.130052
29378	0.129752
29379	0.129452
29380	0.129152
29381	0.128852
29382	0.128552
29383	0.128252
29384	0.127951
29385	0.127651
29386	0.12735
29387	0.127049
29388	0.126748
29389	0.126447
29390	0.126146
29391	0.125844
29392	0.125543
29393	0.125241
29394	0.12494
29395	0.124638
29396	0.124336
29397	0.124034
29398	0.123732
29399	0.123429
29400	0.123127
29401	0.122825
29402	0.122522
29403	0.122219
29404	0.121916
29405	0.121613
29406	0.12131
29407	0.121007
29408	0.120704
29409	0.1204
29410	0.120097
29411	0.119793
29412	0.119489
29413	0.119185
29414	0.118881
29415	0.118577
29416	0.118273
29417	0.117969
29418	0.117664
29419	0.11736
29420	0.117055
29421	0.11675
29422	0.116445
29423	0.11614
29424	0.115835
29425	0.11553
29426	0.115225
29427	0.114919
29428	0.114613
29429	0.114308
29430	0.114002
29431	0.113696
29432	0.11339
29433	0.113084
29434	0.112778
29435	0.112471
29436	0.112165
29437	0.111858
29438	0.111552
29439	0.111245
29440	0.110938
29441	0.110631
29442	0.110324
29443	0.110017
29444	0.10971
29445	0.109402
29446	0.109095
29447	0.108787
29448	0.108479
29449	0.108172
29450	0.107864
29451	0.107556
29452	0.107248
29453	0.106939
29454	0.106631
29455	0.106323
29456	0.106014
29457	0.105706
29458	0.105397
29459	0.105088
29460	0.104779
29461	0.10447
29462	0.104161
29463	0.103852
29464	0.103542
29465	0.103233
29466	0.102923
29467	0.102614
29468	0.102304
29469	0.101994
29470	0.101684
29471	0.101374
29472	0.101064
29473	0.100754
29474	0.100444
29475	0.100133
29476	0.0998227
29477	0.0995121
29478	0.0992014
29479	0.0988906
29480	0.0985797
29481	0.0982687
29482	0.0979576
29483	0.0976465
29484	0.0973352
29485	0.0970239
29486	0.0967124
29487	0.0964009
29488	0.0960892
29489	0.0957775
29490	0.0954657
29491	0.0951538
29492	0.0948418
29493	0.0945297
29494	0.0942175
29495	0.0939052
29496	0.0935929
29497	0.0932804
29498	0.0929679
29499	0.0926553
29500	0.0923425
29501	0.0920297
29502	0.0917168
29503	0.0914038
29504	0.0910908
29505	0.0907776
29506	0.0904644
29507	0.090151
29508	0.0898376
29509	0.0895241
29510	0.0892105
29511	0.0888968
29512	0.0885831
29513	0.0882692
29514	0.0879553
29515	0.0876413
29516	0.0873271
29517	0.087013
29518	0.0866987
29519	0.0863843
29520	0.0860699
29521	0.0857554
29522	0.0854408
29523	0.0851261
29524	0.0848113
29525	0.0844965
29526	0.0841815
29527	0.0838665
29528	0.0835514
29529	0.0832363
29530	0.082921
29531	0.0826057
29532	0.0822903
29533	0.0819748
29534	0.0816592
29535	0.0813436
29536	0.0810278
29537	0.080712
29538	0.0803961
29539	0.0800802
29540	0.0797642
29541	0.079448
29542	0.0791319
29543	0.0788156
29544	0.0784992
29545	0.0781828
29546	0.0778663
29547	0.0775498
29548	0.0772331
29549	0.0769164
29550	0.0765996
29551	0.0762828
29552	0.0759658
29553	0.0756488
29554	0.0753317
29555	0.0750146
29556	0.0746974
29557	0.0743801
29558	0.0740627
29559	0.0737453
29560	0.0734278
29561	0.0731102
29562	0.0727925
29563	0.0724748
29564	0.072157
29565	0.0718391
29566	0.0715212
29567	0.0712032
29568	0.0708852
29569	0.070567
29570	0.0702488
29571	0.0699305
29572	0.0696122
29573	0.0692938
29574	0.0689753
29575	0.0686568
29576	0.0683382
29577	0.0680195
29578	0.0677008
29579	0.067382
29580	0.0670631
29581	0.0667442
29582	0.0664252
29583	0.0661061
29584	0.065787
29585	0.0654678
29586	0.0651486
29587	0.0648293
29588	0.0645099
29589	0.0641905
29590	0.063871
29591	0.0635514
29592	0.0632318
29593	0.0629121
29594	0.0625924
29595	0.0622726
29596	0.0619527
29597	0.0616328
29598	0.0613128
29599	0.0609928
29600	0.0606727
29601	0.0603525
29602	0.0600323
29603	0.0597121
29604	0.0593917
29605	0.0590713
29606	0.0587509
29607	0.0584304
29608	0.0581098
29609	0.0577892
29610	0.0574686
29611	0.0571478
29612	0.0568271
29613	0.0565062
29614	0.0561853
29615	0.0558644
29616	0.0555434
29617	0.0552224
29618	0.0549013
29619	0.0545801
29620	0.0542589
29621	0.0539376
29622	0.0536163
29623	0.0532949
29624	0.0529735
29625	0.0526521
29626	0.0523305
29627	0.052009
29628	0.0516873
29629	0.0513657
29630	0.0510439
29631	0.0507222
29632	0.0504004
29633	0.0500785
29634	0.0497566
29635	0.0494346
29636	0.0491126
29637	0.0487905
29638	0.0484684
29639	0.0481462
29640	0.047824
29641	0.0475018
29642	0.0471795
29643	0.0468571
29644	0.0465348
29645	0.0462123
29646	0.0458898
29647	0.0455673
29648	0.0452447
29649	0.0449221
29650	0.0445995
29651	0.0442768
29652	0.043954
29653	0.0436312
29654	0.0433084
29655	0.0429855
29656	0.0426626
29657	0.0423396
29658	0.0420166
29659	0.0416936
29660	0.0413705
29661	0.0410474
29662	0.0407242
29663	0.040401
29664	0.0400777
29665	0.0397545
29666	0.0394311
29667	0.0391078
29668	0.0387844
29669	0.0384609
29670	0.0381374
29671	0.0378139
29672	0.0374904
29673	0.0371668
29674	0.0368431
29675	0.0365195
29676	0.0361957
29677	0.035872
29678	0.0355482
29679	0.0352244
29680	0.0349006
29681	0.0345767
29682	0.0342528
29683	0.0339288
29684	0.0336048
29685	0.0332808
29686	0.0329567
29687	0.0326326
29688	0.0323085
29689	0.0319844
29690	0.0316602
29691	0.0313359
29692	0.0310117
29693	0.0306874
29694	0.0303631
29695	0.0300387
29696	0.0297144
29697	0.02939
29698	0.0290655
29699	0.028741
29700	0.0284165
29701	0.028092
29702	0.0277675
29703	0.0274429
29704	0.0271183
29705	0.0267936
29706	0.0264689
29707	0.0261442
29708	0.0258195
29709	0.0254948
29710	0.02517
29711	0.0248452
29712	0.0245203
29713	0.0241955
29714	0.0238706
29715	0.0235457
29716	0.0232208
29717	0.0228958
29718	0.0225708
29719	0.0222458
29720	0.0219208
29721	0.0215957
29722	0.0212706
29723	0.0209455
29724	0.0206204
29725	0.0202953
29726	0.0199701
29727	0.0196449
29728	0.0193197
29729	0.0189945
29730	0.0186692
29731	0.0183439
29732	0.0180186
29733	0.0176933
29734	0.017368
29735	0.0170426
29736	0.0167172
29737	0.0163919
29738	0.0160664
29739	0.015741
29740	0.0154156
29741	0.0150901
29742	0.0147646
29743	0.0144391
29744	0.0141136
29745	0.0137881
29746	0.0134625
29747	0.013137
29748	0.0128114
29749	0.0124858
29750	0.0121602
29751	0.0118346
29752	0.0115089
29753	0.0111833
29754	0.0108576
29755	0.0105319
29756	0.0102062
29757	0.00988051
29758	0.00955479
29759	0.00922906
29760	0.00890332
29761	0.00857756
29762	0.0082518
29763	0.00792602
29764	0.00760023
29765	0.00727443
29766	0.00694863
29767	0.00662281
29768	0.00629698
29769	0.00597114
29770	0.0056453
29771	0.00531944
29772	0.00499358
29773	0.00466771
29774	0.00434183
29775	0.00401594
29776	0.00369005
29777	0.00336415
29778	0.00303824
29779	0.00271233
29780	0.00238641
29781	0.00206049
29782	0.00173456
29783	0.00140862
29784	0.00108269
29785	0.000756742
29786	0.000430794
29787	0.000104842
29788	-0.000221113
29789	-0.000547071
29790	-0.000873033
29791	-0.001199
29792	-0.00152496
29793	-0.00185093
29794	-0.0021769
29795	-0.00250287
29796	-0.00282884
29797	-0.00315482
29798	-0.00348079
29799	-0.00380677
29800	-0.00413274
29801	-0.00445871
29802	-0.00478469
29803	-0.00511066
29804	-0.00543663
29805	-0.0057626
29806	-0.00608856
29807	-0.00641453
29808	-0.00674049
29809	-0.00706645
29810	-0.00739241
29811	-0.00771836
29812	-0.00804431
29813	-0.00837025
29814	-0.00869619
29815	-0.00902213
29816	-0.00934806
29817	-0.00967399
29818	-0.00999991
29819	-0.0103258
29820	-0.0106517
29821	-0.0109776
29822	-0.0113035
29823	-0.0116294
29824	-0.0119553
29825	-0.0122812
29826	-0.012607
29827	-0.0129329
29828	-0.0132587
29829	-0.0135846
29830	-0.0139104
29831	-0.0142362
29832	-0.014562
29833	-0.0148878
29834	-0.0152136
29835	-0.0155394
29836	-0.0158652
29837	-0.0161909
29838	-0.0165167
29839	-0.0168424
29840	-0.0171682
29841	-0.0174939
29842	-0.0178196
29843	-0.0181452
29844	-0.0184709
29845	-0.0187966
29846	-0.0191222
29847	-0.0194479
29848	-0.0197735
29849	-0.0200991
29850	-0.0204247
29851	-0.0207502
29852	-0.0210758
29853	-0.0214013
29854	-0.0217268
29855	-0.0220523
29856	-0.0223778
29857	-0.0227033
29858	-0.0230287
29859	-0.0233542
29860	-0.0236796
29861	-0.024005
29862	-0.0243304
29863	-0.0246557
29864	-0.0249811
29865	-0.0253064
29866	-0.0256317
29867	-0.025957
29868	-0.0262822
29869	-0.0266075
29870	-0.0269327
29871	-0.0272579
29872	-0.0275831
29873	-0.0279082
29874	-0.0282334
29875	-0.0285585
29876	-0.0288836
29877	-0.0292086
29878	-0.0295337
29879	-0.0298587
29880	-0.0301837
29881	-0.0305086
29882	-0.0308336
29883	-0.0311585
29884	-0.0314834
29885	-0.0318082
29886	-0.0321331
29887	-0.0324579
29888	-0.0327827
29889	-0.0331074
29890	-0.0334321
29891	-0.0337568
29892	-0.0340815
29893	-0.0344062
29894	-0.0347308
29895	-0.0350554
29896	-0.0353799
29897	-0.0357045
29898	-0.036029
29899	-0.0363534
29900	-0.0366779
29901	-0.0370023
29902	-0.0373267
29903	-0.037651
29904	-0.0379753
29905	-0.0382996
29906	-0.0386239
29907	-0.0389481
29908	-0.0392723
29909	-0.0395964
29910	-0.0399205
29911	-0.0402446
29912	-0.0405687
29913	-0.0408927
29914	-0.0412167
29915	-0.0415406
29916	-0.0418645
29917	-0.0421884
29918	-0.0425122
29919	-0.042836
29920	-0.0431598
29921	-0.0434835
29922	-0.0438072
29923	-0.0441309
29924	-0.0444545
29925	-0.0447781
29926	-0.0451016
29927	-0.0454251
29928	-0.0457486
29929	-0.046072
29930	-0.0463954
29931	-0.0467187
29932	-0.047042
29933	-0.0473653
29934	-0.0476885
29935	-0.0480117
29936	-0.0483348
29937	-0.0486579
29938	-0.0489809
29939	-0.0493039
29940	-0.0496269
29941	-0.0499498
29942	-0.0502727
29943	-0.0505955
29944	-0.0509183
29945	-0.0512411
29946	-0.0515638
29947	-0.0518864
29948	-0.052209
29949	-0.0525316
29950	-0.0528541
29951	-0.0531766
29952	-0.053499
29953	-0.0538214
29954	-0.0541437
29955	-0.054466
29956	-0.0547883
29957	-0.0551104
29958	-0.0554326
29959	-0.0557547
29960	-0.0560767
29961	-0.0563987
29962	-0.0567206
29963	-0.0570425
29964	-0.0573644
29965	-0.0576862
29966	-0.0580079
29967	-0.0583296
29968	-0.0586512
29969	-0.0589728
29970	-0.0592943
29971	-0.0596158
29972	-0.0599372
29973	-0.0602586
29974	-0.0605799
29975	-0.0609012
29976	-0.0612224
29977	-0.0615435
29978	-0.0618646
29979	-0.0621857
29980	-0.0625067
29981	-0.0628276
29982	-0.0631485
29983	-0.0634693
29984	-0.0637901
29985	-0.0641108
29986	-0.0644314
29987	-0.064752
29988	-0.0650725
29989	-0.065393
29990	-0.0657134
29991	-0.0660338
29992	-0.0663541
29993	-0.0666743
29994	-0.0669945
29995	-0.0673146
29996	-0.0676347
29997	-0.0679547
29998	-0.0682746
29999	-0.0685945
30000	-0.0689143
30001	-0.0692341
30002	-0.0695537
30003	-0.0698734
30004	-0.0701929
30005	-0.0705124
30006	-0.0708319
30007	-0.0711512
30008	-0.0714705
30009	-0.0717898
30010	-0.072109
30011	-0.0724281
30012	-0.0727471
30013	-0.0730661
30014	-0.073385
30015	-0.0737039
30016	-0.0740227
30017	-0.0743414
30018	-0.07466
30019	-0.0749786
30020	-0.0752971
30021	-0.0756156
30022	-0.075934
30023	-0.0762523
30024	-0.0765705
30025	-0.0768887
30026	-0.0772068
30027	-0.0775248
30028	-0.0778428
30029	-0.0781607
30030	-0.0784785
30031	-0.0787962
30032	-0.0791139
30033	-0.0794315
30034	-0.0797491
30035	-0.0800665
30036	-0.0803839
30037	-0.0807012
30038	-0.0810185
30039	-0.0813356
30040	-0.0816527
30041	-0.0819697
30042	-0.0822867
30043	-0.0826036
30044	-0.0829204
30045	-0.0832371
30046	-0.0835537
30047	-0.0838703
30048	-0.0841868
30049	-0.0845032
30050	-0.0848196
30051	-0.0851358
30052	-0.085452
30053	-0.0857681
30054	-0.0860842
30055	-0.0864001
30056	-0.086716
30057	-0.0870318
30058	-0.0873475
30059	-0.0876631
30060	-0.0879787
30061	-0.0882942
30062	-0.0886096
30063	-0.0889249
30064	-0.0892401
30065	-0.0895553
30066	-0.0898703
30067	-0.0901853
30068	-0.0905002
30069	-0.0908151
30070	-0.0911298
30071	-0.0914445
30072	-0.091759
30073	-0.0920735
30074	-0.0923879
30075	-0.0927023
30076	-0.0930165
30077	-0.0933307
30078	-0.0936447
30079	-0.0939587
30080	-0.0942726
30081	-0.0945864
30082	-0.0949002
30083	-0.0952138
30084	-0.0955274
30085	-0.0958408
30086	-0.0961542
30087	-0.0964675
30088	-0.0967807
30089	-0.0970938
30090	-0.0974069
30091	-0.0977198
30092	-0.0980326
30093	-0.0983454
30094	-0.0986581
30095	-0.0989707
30096	-0.0992831
30097	-0.0995955
30098	-0.0999079
30099	-0.10022
30100	-0.100532
30101	-0.100844
30102	-0.101156
30103	-0.101468
30104	-0.10178
30105	-0.102091
30106	-0.102403
30107	-0.102714
30108	-0.103026
30109	-0.103337
30110	-0.103648
30111	-0.103959
30112	-0.10427
30113	-0.104581
30114	-0.104892
30115	-0.105203
30116	-0.105514
30117	-0.105824
30118	-0.106134
30119	-0.106445
30120	-0.106755
30121	-0.107065
30122	-0.107375
30123	-0.107685
30124	-0.107995
30125	-0.108305
30126	-0.108614
30127	-0.108924
30128	-0.109233
30129	-0.109543
30130	-0.109852
30131	-0.110161
30132	-0.11047
30133	-0.110779
30134	-0.111088
30135	-0.111397
30136	-0.111705
30137	-0.112014
30138	-0.112322
30139	-0.112631
30140	-0.112939
30141	-0.113247
30142	-0.113555
30143	-0.113863
30144	-0.114171
30145	-0.114478
30146	-0.114786
30147	-0.115094
30148	-0.115401
30149	-0.115708
30150	-0.116015
30151	-0.116322
30152	-0.116629
30153	-0.116936
30154	-0.117243
30155	-0.11755
30156	-0.117856
30157	-0.118163
30158	-0.118469
30159	-0.118775
30160	-0.119081
30161	-0.119387
30162	-0.119693
30163	-0.119999
30164	-0.120305
30165	-0.12061
30166	-0.120916
30167	-0.121221
30168	-0.121526
30169	-0.121831
30170	-0.122136
30171	-0.122441
30172	-0.122746
30173	-0.123051
30174	-0.123355
30175	-0.12366
30176	-0.123964
30177	-0.124268
30178	-0.124572
30179	-0.124876
30180	-0.12518
30181	-0.125484
30182	-0.125787
30183	-0.126091
30184	-0.126394
30185	-0.126698
30186	-0.127001
30187	-0.127304
30188	-0.127607
30189	-0.127909
30190	-0.128212
30191	-0.128515
30192	-0.128817
30193	-0.12912
30194	-0.129422
30195	-0.129724
30196	-0.130026
30197	-0.130328
30198	-0.130629
30199	-0.130931
30200	-0.131233
30201	-0.131534
30202	-0.131835
30203	-0.132136
30204	-0.132437
30205	-0.132738
30206	-0.133039
30207	-0.13334
30208	-0.13364
30209	-0.133941
30210	-0.134241
30211	-0.134541
30212	-0.134841
30213	-0.135141
30214	-0.135441
30215	-0.13574
30216	-0.13604
30217	-0.136339
30218	-0.136639
30219	-0.136938
30220	-0.137237
30221	-0.137536
30222	-0.137834
30223	-0.138133
30224	-0.138432
30225	-0.13873
30226	-0.139028
30227	-0.139326
30228	-0.139624
30229	-0.139922
30230	-0.14022
30231	-0.140518
30232	-0.140815
30233	-0.141112
30234	-0.14141
30235	-0.141707
30236	-0.142004
30237	-0.1423
30238	-0.142597
30239	-0.142894
30240	-0.14319
30241	-0.143486
30242	-0.143783
30243	-0.144079
30244	-0.144375
30245	-0.14467
30246	-0.144966
30247	-0.145261
30248	-0.145557
30249	-0.145852
30250	-0.146147
30251	-0.146442
30252	-0.146737
30253	-0.147032
30254	-0.147326
30255	-0.147621
30256	-0.147915
30257	-0.148209
30258	-0.148503
30259	-0.148797
30260	-0.14909
30261	-0.149384
30262	-0.149678
30263	-0.149971
30264	-0.150264
30265	-0.150557
30266	-0.15085
30267	-0.151143
30268	-0.151435
30269	-0.151728
30270	-0.15202
30271	-0.152312
30272	-0.152604
30273	-0.152896
30274	-0.153188
30275	-0.15348
30276	-0.153771
30277	-0.154062
30278	-0.154354
30279	-0.154645
30280	-0.154935
30281	-0.155226
30282	-0.155517
30283	-0.155807
30284	-0.156098
30285	-0.156388
30286	-0.156678
30287	-0.156968
30288	-0.157258
30289	-0.157547
30290	-0.157837
30291	-0.158126
30292	-0.158415
30293	-0.158704
30294	-0.158993
30295	-0.159282
30296	-0.15957
30297	-0.159859
30298	-0.160147
30299	-0.160435
30300	-0.160723
30301	-0.161011
30302	-0.161298
30303	-0.161586
30304	-0.161873
30305	-0.162161
30306	-0.162448
30307	-0.162735
30308	-0.163021
30309	-0.163308
30310	-0.163594
30311	-0.163881
30312	-0.164167
30313	-0.164453
30314	-0.164739
30315	-0.165024
30316	-0.16531
30317	-0.165595
30318	-0.165881
30319	-0.166166
30320	-0.166451
30321	-0.166735
30322	-0.16702
30323	-0.167305
30324	-0.167589
30325	-0.167873
30326	-0.168157
30327	-0.168441
30328	-0.168725
30329	-0.169008
30330	-0.169292
30331	-0.169575
30332	-0.169858
30333	-0.170141
30334	-0.170423
30335	-0.170706
30336	-0.170988
30337	-0.171271
30338	-0.171553
30339	-0.171835
30340	-0.172117
30341	-0.172398
30342	-0.17268
30343	-0.172961
30344	-0.173242
30345	-0.173523
30346	-0.173804
30347	-0.174085
30348	-0.174365
30349	-0.174645
30350	-0.174926
30351	-0.175206
30352	-0.175486
30353	-0.175765
30354	-0.176045
30355	-0.176324
30356	-0.176603
30357	-0.176882
30358	-0.177161
30359	-0.17744
30360	-0.177718
30361	-0.177997
30362	-0.178275
30363	-0.178553
30364	-0.178831
30365	-0.179109
30366	-0.179386
30367	-0.179664
30368	-0.179941
30369	-0.180218
30370	-0.180495
30371	-0.180771
30372	-0.181048
30373	-0.181324
30374	-0.181601
30375	-0.181877
30376	-0.182152
30377	-0.182428
30378	-0.182704
30379	-0.182979
30380	-0.183254
30381	-0.183529
30382	-0.183804
30383	-0.184079
30384	-0.184353
30385	-0.184628
30386	-0.184902
30387	-0.185176
30388	-0.185449
30389	-0.185723
30390	-0.185997
30391	-0.18627
30392	-0.186543
30393	-0.186816
30394	-0.187089
30395	-0.187361
30396	-0.187634
30397	-0.187906
30398	-0.188178
30399	-0.18845
30400	-0.188721
30401	-0.188993
30402	-0.189264
30403	-0.189535
30404	-0.189806
30405	-0.190077
30406	-0.190348
30407	-0.190618
30408	-0.190889
30409	-0.191159
30410	-0.191429
30411	-0.191698
30412	-0.191968
30413	-0.192237
30414	-0.192506
30415	-0.192776
30416	-0.193044
30417	-0.193313
30418	-0.193581
30419	-0.19385
30420	-0.194118
30421	-0.194386
30422	-0.194653
30423	-0.194921
30424	-0.195188
30425	-0.195456
30426	-0.195723
30427	-0.195989
30428	-0.196256
30429	-0.196522
30430	-0.196789
30431	-0.197055
30432	-0.197321
30433	-0.197586
30434	-0.197852
30435	-0.198117
30436	-0.198382
30437	-0.198647
30438	-0.198912
30439	-0.199177
30440	-0.199441
30441	-0.199705
30442	-0.199969
30443	-0.200233
30444	-0.200497
30445	-0.20076
30446	-0.201023
30447	-0.201286
30448	-0.201549
30449	-0.201812
30450	-0.202074
30451	-0.202337
30452	-0.202599
30453	-0.202861
30454	-0.203122
30455	-0.203384
30456	-0.203645
30457	-0.203906
30458	-0.204167
30459	-0.204428
30460	-0.204688
30461	-0.204949
30462	-0.205209
30463	-0.205469
30464	-0.205729
30465	-0.205988
30466	-0.206247
30467	-0.206507
30468	-0.206766
30469	-0.207024
30470	-0.207283
30471	-0.207541
30472	-0.2078
30473	-0.208057
30474	-0.208315
30475	-0.208573
30476	-0.20883
30477	-0.209087
30478	-0.209344
30479	-0.209601
30480	-0.209858
30481	-0.210114
30482	-0.21037
30483	-0.210626
30484	-0.210882
30485	-0.211138
30486	-0.211393
30487	-0.211648
30488	-0.211903
30489	-0.212158
30490	-0.212412
30491	-0.212667
30492	-0.212921
30493	-0.213175
30494	-0.213429
30495	-0.213682
30496	-0.213936
30497	-0.214189
30498	-0.214442
30499	-0.214694
30500	-0.214947
30501	-0.215199
30502	-0.215451
30503	-0.215703
30504	-0.215955
30505	-0.216206
30506	-0.216458
30507	-0.216709
30508	-0.21696
30509	-0.21721
30510	-0.217461
30511	-0.217711
30512	-0.217961
30513	-0.218211
30514	-0.21846
30515	-0.21871
30516	-0.218959
30517	-0.219208
30518	-0.219457
30519	-0.219705
30520	-0.219954
30521	-0.220202
30522	-0.22045
30523	-0.220698
30524	-0.220945
30525	-0.221192
30526	-0.22144
30527	-0.221686
30528	-0.221933
30529	-0.22218
30530	-0.222426
30531	-0.222672
30532	-0.222918
30533	-0.223163
30534	-0.223409
30535	-0.223654
30536	-0.223899
30537	-0.224144
30538	-0.224388
30539	-0.224632
30540	-0.224877
30541	-0.22512
30542	-0.225364
30543	-0.225608
30544	-0.225851
30545	-0.226094
30546	-0.226337
30547	-0.226579
30548	-0.226822
30549	-0.227064
30550	-0.227306
30551	-0.227548
30552	-0.227789
30553	-0.22803
30554	-0.228272
30555	-0.228512
30556	-0.228753
30557	-0.228994
30558	-0.229234
30559	-0.229474
30560	-0.229714
30561	-0.229953
30562	-0.230192
30563	-0.230432
30564	-0.23067
30565	-0.230909
30566	-0.231148
30567	-0.231386
30568	-0.231624
30569	-0.231862
30570	-0.232099
30571	-0.232337
30572	-0.232574
30573	-0.232811
30574	-0.233047
30575	-0.233284
30576	-0.23352
30577	-0.233756
30578	-0.233992
30579	-0.234228
30580	-0.234463
30581	-0.234698
30582	-0.234933
30583	-0.235168
30584	-0.235402
30585	-0.235637
30586	-0.235871
30587	-0.236104
30588	-0.236338
30589	-0.236571
30590	-0.236804
30591	-0.237037
30592	-0.23727
30593	-0.237503
30594	-0.237735
30595	-0.237967
30596	-0.238199
30597	-0.23843
30598	-0.238661
30599	-0.238893
30600	-0.239123
30601	-0.239354
30602	-0.239584
30603	-0.239815
30604	-0.240045
30605	-0.240274
30606	-0.240504
30607	-0.240733
30608	-0.240962
30609	-0.241191
30610	-0.24142
30611	-0.241648
30612	-0.241876
30613	-0.242104
30614	-0.242332
30615	-0.242559
30616	-0.242786
30617	-0.243013
30618	-0.24324
30619	-0.243467
30620	-0.243693
30621	-0.243919
30622	-0.244145
30623	-0.24437
30624	-0.244596
30625	-0.244821
30626	-0.245046
30627	-0.245271
30628	-0.245495
30629	-0.245719
30630	-0.245943
30631	-0.246167
30632	-0.24639
30633	-0.246614
30634	-0.246837
30635	-0.24706
30636	-0.247282
30637	-0.247504
30638	-0.247727
30639	-0.247948
30640	-0.24817
30641	-0.248391
30642	-0.248613
30643	-0.248833
30644	-0.249054
30645	-0.249275
30646	-0.249495
30647	-0.249715
30648	-0.249934
30649	-0.250154
30650	-0.250373
30651	-0.250592
30652	-0.250811
30653	-0.25103
30654	-0.251248
30655	-0.251466
30656	-0.251684
30657	-0.251901
30658	-0.252119
30659	-0.252336
30660	-0.252553
30661	-0.252769
30662	-0.252986
30663	-0.253202
30664	-0.253418
30665	-0.253633
30666	-0.253849
30667	-0.254064
30668	-0.254279
30669	-0.254493
30670	-0.254708
30671	-0.254922
30672	-0.255136
30673	-0.25535
30674	-0.255563
30675	-0.255776
30676	-0.255989
30677	-0.256202
30678	-0.256415
30679	-0.256627
30680	-0.256839
30681	-0.257051
30682	-0.257262
30683	-0.257473
30684	-0.257684
30685	-0.257895
30686	-0.258106
30687	-0.258316
30688	-0.258526
30689	-0.258736
30690	-0.258945
30691	-0.259155
30692	-0.259364
30693	-0.259572
30694	-0.259781
30695	-0.259989
30696	-0.260197
30697	-0.260405
30698	-0.260613
30699	-0.26082
30700	-0.261027
30701	-0.261234
30702	-0.26144
30703	-0.261647
30704	-0.261853
30705	-0.262058
30706	-0.262264
30707	-0.262469
30708	-0.262674
30709	-0.262879
30710	-0.263084
30711	-0.263288
30712	-0.263492
30713	-0.263696
30714	-0.263899
30715	-0.264102
30716	-0.264305
30717	-0.264508
30718	-0.264711
30719	-0.264913
30720	-0.265115
30721	-0.265317
30722	-0.265518
30723	-0.265719
30724	-0.26592
30725	-0.266121
30726	-0.266321
30727	-0.266522
30728	-0.266722
30729	-0.266921
30730	-0.267121
30731	-0.26732
30732	-0.267519
30733	-0.267718
30734	-0.267916
30735	-0.268114
30736	-0.268312
30737	-0.26851
30738	-0.268707
30739	-0.268904
30740	-0.269101
30741	-0.269298
30742	-0.269494
30743	-0.26969
30744	-0.269886
30745	-0.270081
30746	-0.270277
30747	-0.270472
30748	-0.270666
30749	-0.270861
30750	-0.271055
30751	-0.271249
30752	-0.271443
30753	-0.271636
30754	-0.27183
30755	-0.272023
30756	-0.272215
30757	-0.272408
30758	-0.2726
30759	-0.272792
30760	-0.272983
30761	-0.273175
30762	-0.273366
30763	-0.273557
30764	-0.273747
30765	-0.273938
30766	-0.274128
30767	-0.274317
30768	-0.274507
30769	-0.274696
30770	-0.274885
30771	-0.275074
30772	-0.275262
30773	-0.275451
30774	-0.275638
30775	-0.275826
30776	-0.276014
30777	-0.276201
30778	-0.276388
30779	-0.276574
30780	-0.27676
30781	-0.276946
30782	-0.277132
30783	-0.277318
30784	-0.277503
30785	-0.277688
30786	-0.277873
30787	-0.278057
30788	-0.278241
30789	-0.278425
30790	-0.278609
30791	-0.278792
30792	-0.278975
30793	-0.279158
30794	-0.279341
30795	-0.279523
30796	-0.279705
30797	-0.279887
30798	-0.280068
30799	-0.28025
30800	-0.28043
30801	-0.280611
30802	-0.280792
30803	-0.280972
30804	-0.281151
30805	-0.281331
30806	-0.28151
30807	-0.281689
30808	-0.281868
30809	-0.282047
30810	-0.282225
30811	-0.282403
30812	-0.28258
30813	-0.282758
30814	-0.282935
30815	-0.283112
30816	-0.283288
30817	-0.283465
30818	-0.283641
30819	-0.283816
30820	-0.283992
30821	-0.284167
30822	-0.284342
30823	-0.284517
30824	-0.284691
30825	-0.284865
30826	-0.285039
30827	-0.285212
30828	-0.285386
30829	-0.285559
30830	-0.285731
30831	-0.285904
30832	-0.286076
30833	-0.286248
30834	-0.286419
30835	-0.286591
30836	-0.286762
30837	-0.286933
30838	-0.287103
30839	-0.287273
30840	-0.287443
30841	-0.287613
30842	-0.287782
30843	-0.287951
30844	-0.28812
30845	-0.288289
30846	-0.288457
30847	-0.288625
30848	-0.288793
30849	-0.28896
30850	-0.289127
30851	-0.289294
30852	-0.289461
30853	-0.289627
30854	-0.289793
30855	-0.289959
30856	-0.290124
30857	-0.290289
30858	-0.290454
30859	-0.290619
30860	-0.290783
30861	-0.290947
30862	-0.291111
30863	-0.291274
30864	-0.291438
30865	-0.2916
30866	-0.291763
30867	-0.291925
30868	-0.292087
30869	-0.292249
30870	-0.292411
30871	-0.292572
30872	-0.292733
30873	-0.292894
30874	-0.293054
30875	-0.293214
30876	-0.293374
30877	-0.293533
30878	-0.293693
30879	-0.293851
30880	-0.29401
30881	-0.294168
30882	-0.294327
30883	-0.294484
30884	-0.294642
30885	-0.294799
30886	-0.294956
30887	-0.295113
30888	-0.295269
30889	-0.295425
30890	-0.295581
30891	-0.295736
30892	-0.295892
30893	-0.296047
30894	-0.296201
30895	-0.296356
30896	-0.29651
30897	-0.296664
30898	-0.296817
30899	-0.29697
30900	-0.297123
30901	-0.297276
30902	-0.297428
30903	-0.29758
30904	-0.297732
30905	-0.297884
30906	-0.298035
30907	-0.298186
30908	-0.298336
30909	-0.298487
30910	-0.298637
30911	-0.298786
30912	-0.298936
30913	-0.299085
30914	-0.299234
30915	-0.299383
30916	-0.299531
30917	-0.299679
30918	-0.299827
30919	-0.299974
30920	-0.300121
30921	-0.300268
30922	-0.300415
30923	-0.300561
30924	-0.300707
30925	-0.300853
30926	-0.300998
30927	-0.301143
30928	-0.301288
30929	-0.301432
30930	-0.301577
30931	-0.301721
30932	-0.301864
30933	-0.302008
30934	-0.302151
30935	-0.302294
30936	-0.302436
30937	-0.302578
30938	-0.30272
30939	-0.302862
30940	-0.303003
30941	-0.303144
30942	-0.303285
30943	-0.303425
30944	-0.303565
30945	-0.303705
30946	-0.303845
30947	-0.303984
30948	-0.304123
30949	-0.304262
30950	-0.3044
30951	-0.304538
30952	-0.304676
30953	-0.304813
30954	-0.304951
30955	-0.305088
30956	-0.305224
30957	-0.305361
30958	-0.305497
30959	-0.305632
30960	-0.305768
30961	-0.305903
30962	-0.306038
30963	-0.306172
30964	-0.306307
30965	-0.306441
30966	-0.306574
30967	-0.306708
30968	-0.306841
30969	-0.306973
30970	-0.307106
30971	-0.307238
30972	-0.30737
30973	-0.307502
30974	-0.307633
30975	-0.307764
30976	-0.307895
30977	-0.308025
30978	-0.308155
30979	-0.308285
30980	-0.308414
30981	-0.308544
30982	-0.308673
30983	-0.308801
30984	-0.308929
30985	-0.309057
30986	-0.309185
30987	-0.309313
30988	-0.30944
30989	-0.309567
30990	-0.309693
30991	-0.309819
30992	-0.309945
30993	-0.310071
30994	-0.310196
30995	-0.310321
30996	-0.310446
30997	-0.31057
30998	-0.310695
30999	-0.310818
31000	-0.310942
31001	-0.311065
31002	-0.311188
31003	-0.311311
31004	-0.311433
31005	-0.311555
31006	-0.311677
31007	-0.311798
31008	-0.311919
31009	-0.31204
31010	-0.312161
31011	-0.312281
31012	-0.312401
31013	-0.312521
31014	-0.31264
31015	-0.312759
31016	-0.312878
31017	-0.312996
31018	-0.313114
31019	-0.313232
31020	-0.31335
31021	-0.313467
31022	-0.313584
31023	-0.3137
31024	-0.313817
31025	-0.313933
31026	-0.314048
31027	-0.314164
31028	-0.314279
31029	-0.314394
31030	-0.314508
31031	-0.314622
31032	-0.314736
31033	-0.31485
31034	-0.314963
31035	-0.315076
31036	-0.315189
31037	-0.315301
31038	-0.315413
31039	-0.315525
31040	-0.315636
31041	-0.315748
31042	-0.315858
31043	-0.315969
31044	-0.316079
31045	-0.316189
31046	-0.316299
31047	-0.316408
31048	-0.316517
31049	-0.316626
31050	-0.316734
31051	-0.316842
31052	-0.31695
31053	-0.317058
31054	-0.317165
31055	-0.317272
31056	-0.317378
31057	-0.317485
31058	-0.317591
31059	-0.317696
31060	-0.317802
31061	-0.317907
31062	-0.318011
31063	-0.318116
31064	-0.31822
31065	-0.318324
31066	-0.318427
31067	-0.318531
31068	-0.318633
31069	-0.318736
31070	-0.318838
31071	-0.31894
31072	-0.319042
31073	-0.319143
31074	-0.319244
31075	-0.319345
31076	-0.319446
31077	-0.319546
31078	-0.319646
31079	-0.319745
31080	-0.319844
31081	-0.319943
31082	-0.320042
31083	-0.32014
31084	-0.320238
31085	-0.320336
31086	-0.320433
31087	-0.32053
31088	-0.320627
31089	-0.320724
31090	-0.32082
31091	-0.320916
31092	-0.321011
31093	-0.321106
31094	-0.321201
31095	-0.321296
31096	-0.32139
31097	-0.321484
31098	-0.321578
31099	-0.321671
31100	-0.321764
31101	-0.321857
31102	-0.321949
31103	-0.322042
31104	-0.322133
31105	-0.322225
31106	-0.322316
31107	-0.322407
31108	-0.322498
31109	-0.322588
31110	-0.322678
31111	-0.322767
31112	-0.322857
31113	-0.322946
31114	-0.323035
31115	-0.323123
31116	-0.323211
31117	-0.323299
31118	-0.323386
31119	-0.323474
31120	-0.32356
31121	-0.323647
31122	-0.323733
31123	-0.323819
31124	-0.323905
31125	-0.32399
31126	-0.324075
31127	-0.32416
31128	-0.324244
31129	-0.324328
31130	-0.324412
31131	-0.324495
31132	-0.324578
31133	-0.324661
31134	-0.324744
31135	-0.324826
31136	-0.324908
31137	-0.324989
31138	-0.325071
31139	-0.325152
31140	-0.325232
31141	-0.325313
31142	-0.325393
31143	-0.325472
31144	-0.325552
31145	-0.325631
31146	-0.32571
31147	-0.325788
31148	-0.325866
31149	-0.325944
31150	-0.326022
31151	-0.326099
31152	-0.326176
31153	-0.326252
31154	-0.326328
31155	-0.326404
31156	-0.32648
31157	-0.326555
31158	-0.32663
31159	-0.326705
31160	-0.326779
31161	-0.326854
31162	-0.326927
31163	-0.327001
31164	-0.327074
31165	-0.327147
31166	-0.327219
31167	-0.327291
31168	-0.327363
31169	-0.327435
31170	-0.327506
31171	-0.327577
31172	-0.327648
31173	-0.327718
31174	-0.327788
31175	-0.327858
31176	-0.327927
31177	-0.327996
31178	-0.328065
31179	-0.328133
31180	-0.328201
31181	-0.328269
31182	-0.328337
31183	-0.328404
31184	-0.328471
31185	-0.328537
31186	-0.328604
31187	-0.328669
31188	-0.328735
31189	-0.3288
31190	-0.328865
31191	-0.32893
31192	-0.328994
31193	-0.329058
31194	-0.329122
31195	-0.329185
31196	-0.329249
31197	-0.329311
31198	-0.329374
31199	-0.329436
31200	-0.329498
31201	-0.329559
31202	-0.32962
31203	-0.329681
31204	-0.329742
31205	-0.329802
31206	-0.329862
31207	-0.329922
31208	-0.329981
31209	-0.33004
31210	-0.330099
31211	-0.330157
31212	-0.330215
31213	-0.330273
31214	-0.33033
31215	-0.330387
31216	-0.330444
31217	-0.330501
31218	-0.330557
31219	-0.330613
31220	-0.330668
31221	-0.330723
31222	-0.330778
31223	-0.330833
31224	-0.330887
31225	-0.330941
31226	-0.330995
31227	-0.331048
31228	-0.331101
31229	-0.331154
31230	-0.331206
31231	-0.331258
31232	-0.33131
31233	-0.331361
31234	-0.331412
31235	-0.331463
31236	-0.331513
31237	-0.331564
31238	-0.331613
31239	-0.331663
31240	-0.331712
31241	-0.331761
31242	-0.33181
31243	-0.331858
31244	-0.331906
31245	-0.331953
31246	-0.332001
31247	-0.332048
31248	-0.332094
31249	-0.332141
31250	-0.332187
31251	-0.332232
31252	-0.332278
31253	-0.332323
31254	-0.332368
31255	-0.332412
31256	-0.332456
31257	-0.3325
31258	-0.332544
31259	-0.332587
31260	-0.33263
31261	-0.332672
31262	-0.332714
31263	-0.332756
31264	-0.332798
31265	-0.332839
31266	-0.33288
31267	-0.332921
31268	-0.332961
31269	-0.333001
31270	-0.333041
31271	-0.33308
31272	-0.333119
31273	-0.333158
31274	-0.333196
31275	-0.333234
31276	-0.333272
31277	-0.33331
31278	-0.333347
31279	-0.333384
31280	-0.33342
31281	-0.333456
31282	-0.333492
31283	-0.333528
31284	-0.333563
31285	-0.333598
31286	-0.333633
31287	-0.333667
31288	-0.333701
31289	-0.333735
31290	-0.333768
31291	-0.333801
31292	-0.333834
31293	-0.333866
31294	-0.333898
31295	-0.33393
31296	-0.333961
31297	-0.333992
31298	-0.334023
31299	-0.334054
31300	-0.334084
31301	-0.334114
31302	-0.334143
31303	-0.334172
31304	-0.334201
31305	-0.33423
31306	-0.334258
31307	-0.334286
31308	-0.334314
31309	-0.334341
31310	-0.334368
31311	-0.334395
31312	-0.334421
31313	-0.334447
31314	-0.334473
31315	-0.334498
31316	-0.334523
31317	-0.334548
31318	-0.334572
31319	-0.334596
31320	-0.33462
31321	-0.334644
31322	-0.334667
31323	-0.33469
31324	-0.334712
31325	-0.334735
31326	-0.334756
31327	-0.334778
31328	-0.334799
31329	-0.33482
31330	-0.334841
31331	-0.334861
31332	-0.334881
31333	-0.334901
31334	-0.33492
31335	-0.334939
31336	-0.334958
31337	-0.334976
31338	-0.334994
31339	-0.335012
31340	-0.335029
31341	-0.335047
31342	-0.335063
31343	-0.33508
31344	-0.335096
31345	-0.335112
31346	-0.335127
31347	-0.335143
31348	-0.335157
31349	-0.335172
31350	-0.335186
31351	-0.3352
31352	-0.335214
31353	-0.335227
31354	-0.33524
31355	-0.335253
31356	-0.335265
31357	-0.335277
31358	-0.335289
31359	-0.3353
31360	-0.335311
31361	-0.335322
31362	-0.335333
31363	-0.335343
31364	-0.335352
31365	-0.335362
31366	-0.335371
31367	-0.33538
31368	-0.335388
31369	-0.335397
31370	-0.335405
31371	-0.335412
31372	-0.335419
31373	-0.335426
31374	-0.335433
31375	-0.335439
31376	-0.335445
31377	-0.335451
31378	-0.335456
31379	-0.335461
31380	-0.335466
31381	-0.33547
31382	-0.335474
31383	-0.335478
31384	-0.335482
31385	-0.335485
31386	-0.335487
31387	-0.33549
31388	-0.335492
31389	-0.335494
31390	-0.335495
31391	-0.335497
31392	-0.335498
31393	-0.335498
31394	-0.335498
31395	-0.335498
31396	-0.335498
31397	-0.335497
31398	-0.335496
31399	-0.335495
31400	-0.335493
31401	-0.335491
31402	-0.335489
31403	-0.335486
31404	-0.335483
31405	-0.33548
31406	-0.335477
31407	-0.335473
31408	-0.335469
31409	-0.335464
31410	-0.335459
31411	-0.335454
31412	-0.335449
31413	-0.335443
31414	-0.335437
31415	-0.33543
31416	-0.335424
31417	-0.335417
31418	-0.335409
31419	-0.335401
31420	-0.335393
31421	-0.335385
31422	-0.335377
31423	-0.335368
31424	-0.335358
31425	-0.335349
31426	-0.335339
31427	-0.335329
31428	-0.335318
31429	-0.335307
31430	-0.335296
31431	-0.335284
31432	-0.335273
31433	-0.335261
31434	-0.335248
31435	-0.335235
31436	-0.335222
31437	-0.335209
31438	-0.335195
31439	-0.335181
31440	-0.335167
31441	-0.335152
31442	-0.335137
31443	-0.335122
31444	-0.335106
31445	-0.33509
31446	-0.335074
31447	-0.335057
31448	-0.335041
31449	-0.335023
31450	-0.335006
31451	-0.334988
31452	-0.33497
31453	-0.334951
31454	-0.334933
31455	-0.334913
31456	-0.334894
31457	-0.334874
31458	-0.334854
31459	-0.334834
31460	-0.334813
31461	-0.334792
31462	-0.334771
31463	-0.334749
31464	-0.334727
31465	-0.334705
31466	-0.334682
31467	-0.33466
31468	-0.334636
31469	-0.334613
31470	-0.334589
31471	-0.334565
31472	-0.33454
31473	-0.334516
31474	-0.33449
31475	-0.334465
31476	-0.334439
31477	-0.334413
31478	-0.334387
31479	-0.33436
31480	-0.334333
31481	-0.334306
31482	-0.334278
31483	-0.33425
31484	-0.334222
31485	-0.334193
31486	-0.334164
31487	-0.334135
31488	-0.334106
31489	-0.334076
31490	-0.334046
31491	-0.334015
31492	-0.333984
31493	-0.333953
31494	-0.333922
31495	-0.33389
31496	-0.333858
31497	-0.333826
31498	-0.333793
31499	-0.33376
31500	-0.333727
31501	-0.333693
31502	-0.333659
31503	-0.333625
31504	-0.33359
31505	-0.333555
31506	-0.33352
31507	-0.333485
31508	-0.333449
31509	-0.333413
31510	-0.333376
31511	-0.333339
31512	-0.333302
31513	-0.333265
31514	-0.333227
31515	-0.333189
31516	-0.333151
31517	-0.333112
31518	-0.333073
31519	-0.333034
31520	-0.332994
31521	-0.332954
31522	-0.332914
31523	-0.332874
31524	-0.332833
31525	-0.332792
31526	-0.33275
31527	-0.332708
31528	-0.332666
31529	-0.332624
31530	-0.332581
31531	-0.332538
31532	-0.332494
31533	-0.332451
31534	-0.332407
31535	-0.332362
31536	-0.332318
31537	-0.332273
31538	-0.332228
31539	-0.332182
31540	-0.332136
31541	-0.33209
31542	-0.332043
31543	-0.331997
31544	-0.33195
31545	-0.331902
31546	-0.331854
31547	-0.331806
31548	-0.331758
31549	-0.331709
31550	-0.33166
31551	-0.331611
31552	-0.331561
31553	-0.331511
31554	-0.331461
31555	-0.33141
31556	-0.33136
31557	-0.331308
31558	-0.331257
31559	-0.331205
31560	-0.331153
31561	-0.3311
31562	-0.331048
31563	-0.330995
31564	-0.330941
31565	-0.330887
31566	-0.330833
31567	-0.330779
31568	-0.330725
31569	-0.33067
31570	-0.330614
31571	-0.330559
31572	-0.330503
31573	-0.330447
31574	-0.33039
31575	-0.330333
31576	-0.330276
31577	-0.330219
31578	-0.330161
31579	-0.330103
31580	-0.330045
31581	-0.329986
31582	-0.329927
31583	-0.329868
31584	-0.329808
31585	-0.329748
31586	-0.329688
31587	-0.329627
31588	-0.329567
31589	-0.329505
31590	-0.329444
31591	-0.329382
31592	-0.32932
31593	-0.329258
31594	-0.329195
31595	-0.329132
31596	-0.329069
31597	-0.329005
31598	-0.328941
31599	-0.328877
31600	-0.328812
31601	-0.328747
31602	-0.328682
31603	-0.328617
31604	-0.328551
31605	-0.328485
31606	-0.328418
31607	-0.328351
31608	-0.328284
31609	-0.328217
31610	-0.328149
31611	-0.328081
31612	-0.328013
31613	-0.327945
31614	-0.327876
31615	-0.327806
31616	-0.327737
31617	-0.327667
31618	-0.327597
31619	-0.327527
31620	-0.327456
31621	-0.327385
31622	-0.327313
31623	-0.327242
31624	-0.32717
31625	-0.327097
31626	-0.327025
31627	-0.326952
31628	-0.326879
31629	-0.326805
31630	-0.326731
31631	-0.326657
31632	-0.326583
31633	-0.326508
31634	-0.326433
31635	-0.326358
31636	-0.326282
31637	-0.326206
31638	-0.32613
31639	-0.326053
31640	-0.325976
31641	-0.325899
31642	-0.325822
31643	-0.325744
31644	-0.325666
31645	-0.325587
31646	-0.325509
31647	-0.32543
31648	-0.32535
31649	-0.325271
31650	-0.325191
31651	-0.32511
31652	-0.32503
31653	-0.324949
31654	-0.324868
31655	-0.324786
31656	-0.324705
31657	-0.324622
31658	-0.32454
31659	-0.324457
31660	-0.324374
31661	-0.324291
31662	-0.324207
31663	-0.324124
31664	-0.324039
31665	-0.323955
31666	-0.32387
31667	-0.323785
31668	-0.323699
31669	-0.323614
31670	-0.323528
31671	-0.323441
31672	-0.323355
31673	-0.323268
31674	-0.323181
31675	-0.323093
31676	-0.323005
31677	-0.322917
31678	-0.322829
31679	-0.32274
31680	-0.322651
31681	-0.322561
31682	-0.322472
31683	-0.322382
31684	-0.322291
31685	-0.322201
31686	-0.32211
31687	-0.322019
31688	-0.321927
31689	-0.321835
31690	-0.321743
31691	-0.321651
31692	-0.321558
31693	-0.321465
31694	-0.321372
31695	-0.321278
31696	-0.321185
31697	-0.32109
31698	-0.320996
31699	-0.320901
31700	-0.320806
31701	-0.320711
31702	-0.320615
31703	-0.320519
31704	-0.320423
31705	-0.320326
31706	-0.320229
31707	-0.320132
31708	-0.320034
31709	-0.319937
31710	-0.319839
31711	-0.31974
31712	-0.319641
31713	-0.319542
31714	-0.319443
31715	-0.319344
31716	-0.319244
31717	-0.319143
31718	-0.319043
31719	-0.318942
31720	-0.318841
31721	-0.31874
31722	-0.318638
31723	-0.318536
31724	-0.318434
31725	-0.318331
31726	-0.318228
31727	-0.318125
31728	-0.318022
31729	-0.317918
31730	-0.317814
31731	-0.31771
31732	-0.317605
31733	-0.3175
31734	-0.317395
31735	-0.317289
31736	-0.317183
31737	-0.317077
31738	-0.316971
31739	-0.316864
31740	-0.316757
31741	-0.31665
31742	-0.316542
31743	-0.316434
31744	-0.316326
31745	-0.316217
31746	-0.316108
31747	-0.315999
31748	-0.31589
31749	-0.31578
31750	-0.31567
31751	-0.31556
31752	-0.315449
31753	-0.315339
31754	-0.315227
31755	-0.315116
31756	-0.315004
31757	-0.314892
31758	-0.31478
31759	-0.314667
31760	-0.314554
31761	-0.314441
31762	-0.314327
31763	-0.314214
31764	-0.3141
31765	-0.313985
31766	-0.31387
31767	-0.313755
31768	-0.31364
31769	-0.313525
31770	-0.313409
31771	-0.313293
31772	-0.313176
31773	-0.313059
31774	-0.312942
31775	-0.312825
31776	-0.312707
31777	-0.312589
31778	-0.312471
31779	-0.312353
31780	-0.312234
31781	-0.312115
31782	-0.311995
31783	-0.311876
31784	-0.311756
31785	-0.311636
31786	-0.311515
31787	-0.311394
31788	-0.311273
31789	-0.311152
31790	-0.31103
31791	-0.310908
31792	-0.310786
31793	-0.310663
31794	-0.31054
31795	-0.310417
31796	-0.310294
31797	-0.31017
31798	-0.310046
31799	-0.309921
31800	-0.309797
31801	-0.309672
31802	-0.309547
31803	-0.309421
31804	-0.309296
31805	-0.30917
31806	-0.309043
31807	-0.308917
31808	-0.30879
31809	-0.308662
31810	-0.308535
31811	-0.308407
31812	-0.308279
31813	-0.308151
31814	-0.308022
31815	-0.307893
31816	-0.307764
31817	-0.307634
31818	-0.307505
31819	-0.307375
31820	-0.307244
31821	-0.307114
31822	-0.306983
31823	-0.306851
31824	-0.30672
31825	-0.306588
31826	-0.306456
31827	-0.306324
31828	-0.306191
31829	-0.306058
31830	-0.305925
31831	-0.305791
31832	-0.305657
31833	-0.305523
31834	-0.305389
31835	-0.305254
31836	-0.305119
31837	-0.304984
31838	-0.304849
31839	-0.304713
31840	-0.304577
31841	-0.30444
31842	-0.304304
31843	-0.304167
31844	-0.30403
31845	-0.303892
31846	-0.303754
31847	-0.303616
31848	-0.303478
31849	-0.303339
31850	-0.3032
31851	-0.303061
31852	-0.302922
31853	-0.302782
31854	-0.302642
31855	-0.302501
31856	-0.302361
31857	-0.30222
31858	-0.302079
31859	-0.301937
31860	-0.301796
31861	-0.301654
31862	-0.301511
31863	-0.301369
31864	-0.301226
31865	-0.301083
31866	-0.300939
31867	-0.300795
31868	-0.300651
31869	-0.300507
31870	-0.300363
31871	-0.300218
31872	-0.300073
31873	-0.299927
31874	-0.299782
31875	-0.299636
31876	-0.299489
31877	-0.299343
31878	-0.299196
31879	-0.299049
31880	-0.298902
31881	-0.298754
31882	-0.298606
31883	-0.298458
31884	-0.29831
31885	-0.298161
31886	-0.298012
31887	-0.297863
31888	-0.297713
31889	-0.297563
31890	-0.297413
31891	-0.297263
31892	-0.297112
31893	-0.296961
31894	-0.29681
31895	-0.296658
31896	-0.296506
31897	-0.296354
31898	-0.296202
31899	-0.296049
31900	-0.295896
31901	-0.295743
31902	-0.29559
31903	-0.295436
31904	-0.295282
31905	-0.295128
31906	-0.294973
31907	-0.294818
31908	-0.294663
31909	-0.294508
31910	-0.294352
31911	-0.294196
31912	-0.29404
31913	-0.293884
31914	-0.293727
31915	-0.29357
31916	-0.293413
31917	-0.293255
31918	-0.293097
31919	-0.292939
31920	-0.292781
31921	-0.292622
31922	-0.292463
31923	-0.292304
31924	-0.292145
31925	-0.291985
31926	-0.291825
31927	-0.291664
31928	-0.291504
31929	-0.291343
31930	-0.291182
31931	-0.291021
31932	-0.290859
31933	-0.290697
31934	-0.290535
31935	-0.290372
31936	-0.29021
31937	-0.290047
31938	-0.289883
31939	-0.28972
31940	-0.289556
31941	-0.289392
31942	-0.289228
31943	-0.289063
31944	-0.288898
31945	-0.288733
31946	-0.288568
31947	-0.288402
31948	-0.288236
31949	-0.28807
31950	-0.287903
31951	-0.287736
31952	-0.287569
31953	-0.287402
31954	-0.287234
31955	-0.287067
31956	-0.286898
31957	-0.28673
31958	-0.286561
31959	-0.286393
31960	-0.286223
31961	-0.286054
31962	-0.285884
31963	-0.285714
31964	-0.285544
31965	-0.285374
31966	-0.285203
31967	-0.285032
31968	-0.28486
31969	-0.284689
31970	-0.284517
31971	-0.284345
31972	-0.284173
31973	-0.284
31974	-0.283827
31975	-0.283654
31976	-0.28348
31977	-0.283307
31978	-0.283133
31979	-0.282959
31980	-0.282784
31981	-0.282609
31982	-0.282434
31983	-0.282259
31984	-0.282084
31985	-0.281908
31986	-0.281732
31987	-0.281556
31988	-0.281379
31989	-0.281202
31990	-0.281025
31991	-0.280848
31992	-0.28067
31993	-0.280492
31994	-0.280314
31995	-0.280136
31996	-0.279957
31997	-0.279778
31998	-0.279599
31999	-0.279419
32000	-0.27924
32001	-0.27906
32002	-0.27888
32003	-0.278699
32004	-0.278518
32005	-0.278337
32006	-0.278156
32007	-0.277975
32008	-0.277793
32009	-0.277611
32010	-0.277428
32011	-0.277246
32012	-0.277063
32013	-0.27688
32014	-0.276697
32015	-0.276513
32016	-0.276329
32017	-0.276145
32018	-0.275961
32019	-0.275776
32020	-0.275591
32021	-0.275406
32022	-0.275221
32023	-0.275035
32024	-0.274849
32025	-0.274663
32026	-0.274477
32027	-0.27429
32028	-0.274103
32029	-0.273916
32030	-0.273729
32031	-0.273541
32032	-0.273353
32033	-0.273165
32034	-0.272977
32035	-0.272788
32036	-0.272599
32037	-0.27241
32038	-0.27222
32039	-0.272031
32040	-0.271841
32041	-0.27165
32042	-0.27146
32043	-0.271269
32044	-0.271078
32045	-0.270887
32046	-0.270696
32047	-0.270504
32048	-0.270312
32049	-0.27012
32050	-0.269927
32051	-0.269735
32052	-0.269542
32053	-0.269348
32054	-0.269155
32055	-0.268961
32056	-0.268767
32057	-0.268573
32058	-0.268378
32059	-0.268184
32060	-0.267989
32061	-0.267794
32062	-0.267598
32063	-0.267402
32064	-0.267206
32065	-0.26701
32066	-0.266814
32067	-0.266617
32068	-0.26642
32069	-0.266223
32070	-0.266025
32071	-0.265828
32072	-0.26563
32073	-0.265432
32074	-0.265233
32075	-0.265034
32076	-0.264836
32077	-0.264636
32078	-0.264437
32079	-0.264237
32080	-0.264037
32081	-0.263837
32082	-0.263637
32083	-0.263436
32084	-0.263235
32085	-0.263034
32086	-0.262833
32087	-0.262631
32088	-0.262429
32089	-0.262227
32090	-0.262025
32091	-0.261822
32092	-0.261619
32093	-0.261416
32094	-0.261213
32095	-0.261009
32096	-0.260805
32097	-0.260601
32098	-0.260397
32099	-0.260192
32100	-0.259988
32101	-0.259783
32102	-0.259577
32103	-0.259372
32104	-0.259166
32105	-0.25896
32106	-0.258754
32107	-0.258547
32108	-0.258341
32109	-0.258134
32110	-0.257927
32111	-0.257719
32112	-0.257511
32113	-0.257303
32114	-0.257095
32115	-0.256887
32116	-0.256678
32117	-0.256469
32118	-0.25626
32119	-0.256051
32120	-0.255841
32121	-0.255631
32122	-0.255421
32123	-0.255211
32124	-0.255001
32125	-0.25479
32126	-0.254579
32127	-0.254367
32128	-0.254156
32129	-0.253944
32130	-0.253732
32131	-0.25352
32132	-0.253308
32133	-0.253095
32134	-0.252882
32135	-0.252669
32136	-0.252455
32137	-0.252242
32138	-0.252028
32139	-0.251814
32140	-0.2516
32141	-0.251385
32142	-0.25117
32143	-0.250955
32144	-0.25074
32145	-0.250524
32146	-0.250309
32147	-0.250093
32148	-0.249877
32149	-0.24966
32150	-0.249443
32151	-0.249227
32152	-0.249009
32153	-0.248792
32154	-0.248575
32155	-0.248357
32156	-0.248139
32157	-0.24792
32158	-0.247702
32159	-0.247483
32160	-0.247264
32161	-0.247045
32162	-0.246825
32163	-0.246606
32164	-0.246386
32165	-0.246166
32166	-0.245945
32167	-0.245725
32168	-0.245504
32169	-0.245283
32170	-0.245062
32171	-0.24484
32172	-0.244618
32173	-0.244396
32174	-0.244174
32175	-0.243952
32176	-0.243729
32177	-0.243506
32178	-0.243283
32179	-0.24306
32180	-0.242836
32181	-0.242612
32182	-0.242388
32183	-0.242164
32184	-0.24194
32185	-0.241715
32186	-0.24149
32187	-0.241265
32188	-0.24104
32189	-0.240814
32190	-0.240588
32191	-0.240362
32192	-0.240136
32193	-0.239909
32194	-0.239683
32195	-0.239456
32196	-0.239229
32197	-0.239001
32198	-0.238774
32199	-0.238546
32200	-0.238318
32201	-0.238089
32202	-0.237861
32203	-0.237632
32204	-0.237403
32205	-0.237174
32206	-0.236945
32207	-0.236715
32208	-0.236485
32209	-0.236255
32210	-0.236025
32211	-0.235794
32212	-0.235564
32213	-0.235333
32214	-0.235102
32215	-0.23487
32216	-0.234639
32217	-0.234407
32218	-0.234175
32219	-0.233943
32220	-0.23371
32221	-0.233477
32222	-0.233244
32223	-0.233011
32224	-0.232778
32225	-0.232544
32226	-0.232311
32227	-0.232077
32228	-0.231842
32229	-0.231608
32230	-0.231373
32231	-0.231138
32232	-0.230903
32233	-0.230668
32234	-0.230432
32235	-0.230197
32236	-0.229961
32237	-0.229725
32238	-0.229488
32239	-0.229252
32240	-0.229015
32241	-0.228778
32242	-0.228541
32243	-0.228303
32244	-0.228065
32245	-0.227828
32246	-0.227589
32247	-0.227351
32248	-0.227113
32249	-0.226874
32250	-0.226635
32251	-0.226396
32252	-0.226156
32253	-0.225917
32254	-0.225677
32255	-0.225437
32256	-0.225197
32257	-0.224956
32258	-0.224716
32259	-0.224475
32260	-0.224234
32261	-0.223993
32262	-0.223751
32263	-0.223509
32264	-0.223268
32265	-0.223025
32266	-0.222783
32267	-0.222541
32268	-0.222298
32269	-0.222055
32270	-0.221812
32271	-0.221568
32272	-0.221325
32273	-0.221081
32274	-0.220837
32275	-0.220593
32276	-0.220348
32277	-0.220104
32278	-0.219859
32279	-0.219614
32280	-0.219369
32281	-0.219123
32282	-0.218878
32283	-0.218632
32284	-0.218386
32285	-0.21814
32286	-0.217893
32287	-0.217647
32288	-0.2174
32289	-0.217153
32290	-0.216905
32291	-0.216658
32292	-0.21641
32293	-0.216162
32294	-0.215914
32295	-0.215666
32296	-0.215417
32297	-0.215169
32298	-0.21492
32299	-0.214671
32300	-0.214421
32301	-0.214172
32302	-0.213922
32303	-0.213672
32304	-0.213422
32305	-0.213172
32306	-0.212921
32307	-0.212671
32308	-0.21242
32309	-0.212169
32310	-0.211918
32311	-0.211666
32312	-0.211414
32313	-0.211162
32314	-0.21091
32315	-0.210658
32316	-0.210406
32317	-0.210153
32318	-0.2099
32319	-0.209647
32320	-0.209394
32321	-0.20914
32322	-0.208887
32323	-0.208633
32324	-0.208379
32325	-0.208124
32326	-0.20787
32327	-0.207615
32328	-0.20736
32329	-0.207105
32330	-0.20685
32331	-0.206595
32332	-0.206339
32333	-0.206083
32334	-0.205827
32335	-0.205571
32336	-0.205315
32337	-0.205058
32338	-0.204801
32339	-0.204545
32340	-0.204287
32341	-0.20403
32342	-0.203772
32343	-0.203515
32344	-0.203257
32345	-0.202999
32346	-0.20274
32347	-0.202482
32348	-0.202223
32349	-0.201964
32350	-0.201705
32351	-0.201446
32352	-0.201187
32353	-0.200927
32354	-0.200667
32355	-0.200407
32356	-0.200147
32357	-0.199887
32358	-0.199626
32359	-0.199365
32360	-0.199104
32361	-0.198843
32362	-0.198582
32363	-0.19832
32364	-0.198059
32365	-0.197797
32366	-0.197535
32367	-0.197273
32368	-0.19701
32369	-0.196748
32370	-0.196485
32371	-0.196222
32372	-0.195959
32373	-0.195695
32374	-0.195432
32375	-0.195168
32376	-0.194904
32377	-0.19464
32378	-0.194376
32379	-0.194111
32380	-0.193847
32381	-0.193582
32382	-0.193317
32383	-0.193052
32384	-0.192786
32385	-0.192521
32386	-0.192255
32387	-0.191989
32388	-0.191723
32389	-0.191457
32390	-0.19119
32391	-0.190924
32392	-0.190657
32393	-0.19039
32394	-0.190123
32395	-0.189856
32396	-0.189588
32397	-0.18932
32398	-0.189053
32399	-0.188785
32400	-0.188516
32401	-0.188248
32402	-0.187979
32403	-0.187711
32404	-0.187442
32405	-0.187173
32406	-0.186903
32407	-0.186634
32408	-0.186364
32409	-0.186094
32410	-0.185824
32411	-0.185554
32412	-0.185284
32413	-0.185013
32414	-0.184743
32415	-0.184472
32416	-0.184201
32417	-0.18393
32418	-0.183658
32419	-0.183387
32420	-0.183115
32421	-0.182843
32422	-0.182571
32423	-0.182299
32424	-0.182026
32425	-0.181754
32426	-0.181481
32427	-0.181208
32428	-0.180935
32429	-0.180662
32430	-0.180388
32431	-0.180115
32432	-0.179841
32433	-0.179567
32434	-0.179293
32435	-0.179019
32436	-0.178744
32437	-0.17847
32438	-0.178195
32439	-0.17792
32440	-0.177645
32441	-0.17737
32442	-0.177094
32443	-0.176818
32444	-0.176543
32445	-0.176267
32446	-0.175991
32447	-0.175714
32448	-0.175438
32449	-0.175161
32450	-0.174884
32451	-0.174608
32452	-0.17433
32453	-0.174053
32454	-0.173776
32455	-0.173498
32456	-0.17322
32457	-0.172942
32458	-0.172664
32459	-0.172386
32460	-0.172108
32461	-0.171829
32462	-0.17155
32463	-0.171271
32464	-0.170992
32465	-0.170713
32466	-0.170434
32467	-0.170154
32468	-0.169874
32469	-0.169594
32470	-0.169314
32471	-0.169034
32472	-0.168754
32473	-0.168473
32474	-0.168193
32475	-0.167912
32476	-0.167631
32477	-0.16735
32478	-0.167068
32479	-0.166787
32480	-0.166505
32481	-0.166223
32482	-0.165942
32483	-0.165659
32484	-0.165377
32485	-0.165095
32486	-0.164812
32487	-0.164529
32488	-0.164247
32489	-0.163963
32490	-0.16368
32491	-0.163397
32492	-0.163113
32493	-0.16283
32494	-0.162546
32495	-0.162262
32496	-0.161978
32497	-0.161694
32498	-0.161409
32499	-0.161125
32500	-0.16084
32501	-0.160555
32502	-0.16027
32503	-0.159985
32504	-0.159699
32505	-0.159414
32506	-0.159128
32507	-0.158842
32508	-0.158556
32509	-0.15827
32510	-0.157984
32511	-0.157698
32512	-0.157411
32513	-0.157124
32514	-0.156837
32515	-0.15655
32516	-0.156263
32517	-0.155976
32518	-0.155688
32519	-0.155401
32520	-0.155113
32521	-0.154825
32522	-0.154537
32523	-0.154249
32524	-0.153961
32525	-0.153672
32526	-0.153383
32527	-0.153095
32528	-0.152806
32529	-0.152517
32530	-0.152227
32531	-0.151938
32532	-0.151649
32533	-0.151359
32534	-0.151069
32535	-0.150779
32536	-0.150489
32537	-0.150199
32538	-0.149908
32539	-0.149618
32540	-0.149327
32541	-0.149036
32542	-0.148745
32543	-0.148454
32544	-0.148163
32545	-0.147872
32546	-0.14758
32547	-0.147289
32548	-0.146997
32549	-0.146705
32550	-0.146413
32551	-0.146121
32552	-0.145828
32553	-0.145536
32554	-0.145243
32555	-0.14495
32556	-0.144657
32557	-0.144364
32558	-0.144071
32559	-0.143778
32560	-0.143484
32561	-0.143191
32562	-0.142897
32563	-0.142603
32564	-0.142309
32565	-0.142015
32566	-0.141721
32567	-0.141426
32568	-0.141132
32569	-0.140837
32570	-0.140542
32571	-0.140247
32572	-0.139952
32573	-0.139657
32574	-0.139361
32575	-0.139066
32576	-0.13877
32577	-0.138475
32578	-0.138179
32579	-0.137883
32580	-0.137586
32581	-0.13729
32582	-0.136994
32583	-0.136697
32584	-0.1364
32585	-0.136104
32586	-0.135807
32587	-0.13551
32588	-0.135212
32589	-0.134915
32590	-0.134618
32591	-0.13432
32592	-0.134022
32593	-0.133724
32594	-0.133426
32595	-0.133128
32596	-0.13283
32597	-0.132532
32598	-0.132233
32599	-0.131935
32600	-0.131636
32601	-0.131337
32602	-0.131038
32603	-0.130739
32604	-0.13044
32605	-0.13014
32606	-0.129841
32607	-0.129541
32608	-0.129241
32609	-0.128941
32610	-0.128641
32611	-0.128341
32612	-0.128041
32613	-0.127741
32614	-0.12744
32615	-0.12714
32616	-0.126839
32617	-0.126538
32618	-0.126237
32619	-0.125936
32620	-0.125635
32621	-0.125333
32622	-0.125032
32623	-0.12473
32624	-0.124429
32625	-0.124127
32626	-0.123825
32627	-0.123523
32628	-0.123221
32629	-0.122918
32630	-0.122616
32631	-0.122313
32632	-0.122011
32633	-0.121708
32634	-0.121405
32635	-0.121102
32636	-0.120799
32637	-0.120496
32638	-0.120192
32639	-0.119889
32640	-0.119585
32641	-0.119282
32642	-0.118978
32643	-0.118674
32644	-0.11837
32645	-0.118066
32646	-0.117761
32647	-0.117457
32648	-0.117153
32649	-0.116848
32650	-0.116543
32651	-0.116238
32652	-0.115934
32653	-0.115628
32654	-0.115323
32655	-0.115018
32656	-0.114713
32657	-0.114407
32658	-0.114102
32659	-0.113796
32660	-0.11349
32661	-0.113184
32662	-0.112878
32663	-0.112572
32664	-0.112266
32665	-0.111959
32666	-0.111653
32667	-0.111346
32668	-0.11104
32669	-0.110733
32670	-0.110426
32671	-0.110119
32672	-0.109812
32673	-0.109505
32674	-0.109197
32675	-0.10889
32676	-0.108582
32677	-0.108275
32678	-0.107967
32679	-0.107659
32680	-0.107351
32681	-0.107043
32682	-0.106735
32683	-0.106427
32684	-0.106118
32685	-0.10581
32686	-0.105501
32687	-0.105193
32688	-0.104884
32689	-0.104575
32690	-0.104266
32691	-0.103957
32692	-0.103648
32693	-0.103339
32694	-0.103029
32695	-0.10272
32696	-0.10241
32697	-0.1021
32698	-0.101791
32699	-0.101481
32700	-0.101171
32701	-0.100861
32702	-0.100551
32703	-0.10024
32704	-0.0999301
32705	-0.0996196
32706	-0.0993091
32707	-0.0989985
32708	-0.0986878
32709	-0.0983769
32710	-0.098066
32711	-0.097755
32712	-0.0974439
32713	-0.0971327
32714	-0.0968214
32715	-0.09651
32716	-0.0961985
32717	-0.095887
32718	-0.0955753
32719	-0.0952635
32720	-0.0949517
32721	-0.0946397
32722	-0.0943277
32723	-0.0940156
32724	-0.0937034
32725	-0.0933911
32726	-0.0930787
32727	-0.0927662
32728	-0.0924536
32729	-0.0921409
32730	-0.0918282
32731	-0.0915153
32732	-0.0912024
32733	-0.0908894
32734	-0.0905763
32735	-0.0902631
32736	-0.0899498
32737	-0.0896365
32738	-0.089323
32739	-0.0890095
32740	-0.0886958
32741	-0.0883821
32742	-0.0880683
32743	-0.0877544
32744	-0.0874405
32745	-0.0871264
32746	-0.0868123
32747	-0.0864981
32748	-0.0861838
32749	-0.0858694
32750	-0.0855549
32751	-0.0852403
32752	-0.0849257
32753	-0.084611
32754	-0.0842962
32755	-0.0839813
32756	-0.0836663
32757	-0.0833513
32758	-0.0830362
32759	-0.082721
32760	-0.0824057
32761	-0.0820903
32762	-0.0817749
32763	-0.0814593
32764	-0.0811437
32765	-0.0808281
32766	-0.0805123
32767	-0.0801965
32768	-0.0798805
32769	-0.0795645
32770	-0.0792485
32771	-0.0789323
32772	-0.0786161
32773	-0.0782998
32774	-0.0779834
32775	-0.077667
32776	-0.0773504
32777	-0.0770338
32778	-0.0767171
32779	-0.0764004
32780	-0.0760836
32781	-0.0757666
32782	-0.0754497
32783	-0.0751326
32784	-0.0748155
32785	-0.0744983
32786	-0.074181
32787	-0.0738637
32788	-0.0735463
32789	-0.0732288
32790	-0.0729112
32791	-0.0725936
32792	-0.0722759
32793	-0.0719581
32794	-0.0716403
32795	-0.0713224
32796	-0.0710044
32797	-0.0706864
32798	-0.0703682
32799	-0.0700501
32800	-0.0697318
32801	-0.0694135
32802	-0.0690951
32803	-0.0687766
32804	-0.0684581
32805	-0.0681395
32806	-0.0678208
32807	-0.0675021
32808	-0.0671833
32809	-0.0668645
32810	-0.0665455
32811	-0.0662265
32812	-0.0659075
32813	-0.0655884
32814	-0.0652692
32815	-0.0649499
32816	-0.0646306
32817	-0.0643113
32818	-0.0639918
32819	-0.0636723
32820	-0.0633527
32821	-0.0630331
32822	-0.0627134
32823	-0.0623937
32824	-0.0620739
32825	-0.061754
32826	-0.0614341
32827	-0.0611141
32828	-0.060794
32829	-0.0604739
32830	-0.0601537
32831	-0.0598335
32832	-0.0595132
32833	-0.0591928
32834	-0.0588724
32835	-0.058552
32836	-0.0582314
32837	-0.0579108
32838	-0.0575902
32839	-0.0572695
32840	-0.0569488
32841	-0.0566279
32842	-0.0563071
32843	-0.0559861
32844	-0.0556652
32845	-0.0553441
32846	-0.055023
32847	-0.0547019
32848	-0.0543807
32849	-0.0540594
32850	-0.0537381
32851	-0.0534168
32852	-0.0530954
32853	-0.0527739
32854	-0.0524524
32855	-0.0521308
32856	-0.0518092
32857	-0.0514875
32858	-0.0511658
32859	-0.050844
32860	-0.0505222
32861	-0.0502003
32862	-0.0498783
32863	-0.0495564
32864	-0.0492343
32865	-0.0489123
32866	-0.0485901
32867	-0.0482679
32868	-0.0479457
32869	-0.0476234
32870	-0.0473011
32871	-0.0469788
32872	-0.0466563
32873	-0.0463339
32874	-0.0460114
32875	-0.0456888
32876	-0.0453662
32877	-0.0450435
32878	-0.0447208
32879	-0.0443981
32880	-0.0440753
32881	-0.0437525
32882	-0.0434296
32883	-0.0431067
32884	-0.0427837
32885	-0.0424607
32886	-0.0421377
32887	-0.0418146
32888	-0.0414914
32889	-0.0411683
32890	-0.040845
32891	-0.0405218
32892	-0.0401985
32893	-0.0398751
32894	-0.0395517
32895	-0.0392283
32896	-0.0389049
32897	-0.0385813
32898	-0.0382578
32899	-0.0379342
32900	-0.0376106
32901	-0.0372869
32902	-0.0369632
32903	-0.0366395
32904	-0.0363157
32905	-0.0359919
32906	-0.035668
32907	-0.0353441
32908	-0.0350202
32909	-0.0346962
32910	-0.0343722
32911	-0.0340482
32912	-0.0337241
32913	-0.0334
32914	-0.0330759
32915	-0.0327517
32916	-0.0324275
32917	-0.0321033
32918	-0.031779
32919	-0.0314547
32920	-0.0311303
32921	-0.0308059
32922	-0.0304815
32923	-0.0301571
32924	-0.0298326
32925	-0.0295081
32926	-0.0291836
32927	-0.028859
32928	-0.0285344
32929	-0.0282097
32930	-0.0278851
32931	-0.0275604
32932	-0.0272357
32933	-0.0269109
32934	-0.0265861
32935	-0.0262613
32936	-0.0259365
32937	-0.0256116
32938	-0.0252867
32939	-0.0249618
32940	-0.0246368
32941	-0.0243119
32942	-0.0239869
32943	-0.0236618
32944	-0.0233368
32945	-0.0230117
32946	-0.0226866
32947	-0.0223615
32948	-0.0220363
32949	-0.0217111
32950	-0.0213859
32951	-0.0210607
32952	-0.0207354
32953	-0.0204101
32954	-0.0200848
32955	-0.0197595
32956	-0.0194342
32957	-0.0191088
32958	-0.0187834
32959	-0.018458
32960	-0.0181325
32961	-0.0178071
32962	-0.0174816
32963	-0.0171561
32964	-0.0168306
32965	-0.0165051
32966	-0.0161795
32967	-0.0158539
32968	-0.0155283
32969	-0.0152027
32970	-0.0148771
32971	-0.0145514
32972	-0.0142257
32973	-0.0139001
32974	-0.0135744
32975	-0.0132486
32976	-0.0129229
32977	-0.0125971
32978	-0.0122714
32979	-0.0119456
32980	-0.0116198
32981	-0.0112939
32982	-0.0109681
32983	-0.0106423
32984	-0.0103164
32985	-0.00999052
32986	-0.00966463
32987	-0.00933872
32988	-0.00901281
32989	-0.00868687
32990	-0.00836093
32991	-0.00803497
32992	-0.00770901
32993	-0.00738303
32994	-0.00705703
32995	-0.00673103
32996	-0.00640502
32997	-0.00607899
32998	-0.00575296
32999	-0.00542691
33000	-0.00510086
33001	-0.0047748
33002	-0.00444872
33003	-0.00412264
33004	-0.00379655
33005	-0.00347045
33006	-0.00314435
33007	-0.00281824
33008	-0.00249211
33009	-0.00216599
33010	-0.00183985
33011	-0.00151371
33012	-0.00118756
33013	-0.00086141
33014	-0.000535252
33015	-0.000209088
33016	0.000117081
33017	0.000443255
33018	0.000769432
33019	0.00109561
33020	0.0014218
33021	0.00174799
33022	0.00207418
33023	0.00240038
33024	0.00272657
33025	0.00305277
33026	0.00337898
33027	0.00370518
33028	0.00403138
33029	0.00435759
33030	0.0046838
33031	0.00501
33032	0.00533621
33033	0.00566242
33034	0.00598863
33035	0.00631483
33036	0.00664104
33037	0.00696724
33038	0.00729344
33039	0.00761964
33040	0.00794584
33041	0.00827204
33042	0.00859823
33043	0.00892442
33044	0.00925061
33045	0.00957679
33046	0.00990297
33047	0.0102291
33048	0.0105553
33049	0.0108815
33050	0.0112076
33051	0.0115338
33052	0.0118599
33053	0.0121861
33054	0.0125122
33055	0.0128383
33056	0.0131645
33057	0.0134906
33058	0.0138167
33059	0.0141428
33060	0.0144689
33061	0.014795
33062	0.015121
33063	0.0154471
33064	0.0157732
33065	0.0160992
33066	0.0164252
33067	0.0167513
33068	0.0170773
33069	0.0174033
33070	0.0177293
33071	0.0180553
33072	0.0183812
33073	0.0187072
33074	0.0190331
33075	0.0193591
33076	0.019685
33077	0.0200109
33078	0.0203368
33079	0.0206627
33080	0.0209885
33081	0.0213144
33082	0.0216402
33083	0.021966
33084	0.0222918
33085	0.0226176
33086	0.0229434
33087	0.0232692
33088	0.0235949
33089	0.0239206
33090	0.0242463
33091	0.024572
33092	0.0248977
33093	0.0252234
33094	0.025549
33095	0.0258746
33096	0.0262002
33097	0.0265258
33098	0.0268513
33099	0.0271769
33100	0.0275024
33101	0.0278279
33102	0.0281534
33103	0.0284788
33104	0.0288043
33105	0.0291297
33106	0.0294551
33107	0.0297804
33108	0.0301058
33109	0.0304311
33110	0.0307564
33111	0.0310817
33112	0.0314069
33113	0.0317322
33114	0.0320574
33115	0.0323826
33116	0.0327077
33117	0.0330328
33118	0.0333579
33119	0.033683
33120	0.0340081
33121	0.0343331
33122	0.0346581
33123	0.0349831
33124	0.035308
33125	0.0356329
33126	0.0359578
33127	0.0362827
33128	0.0366075
33129	0.0369323
33130	0.0372571
33131	0.0375818
33132	0.0379065
33133	0.0382312
33134	0.0385559
33135	0.0388805
33136	0.0392051
33137	0.0395296
33138	0.0398542
33139	0.0401787
33140	0.0405031
33141	0.0408276
33142	0.041152
33143	0.0414763
33144	0.0418006
33145	0.0421249
33146	0.0424492
33147	0.0427734
33148	0.0430976
33149	0.0434218
33150	0.0437459
33151	0.04407
33152	0.0443941
33153	0.0447181
33154	0.045042
33155	0.045366
33156	0.0456899
33157	0.0460138
33158	0.0463376
33159	0.0466614
33160	0.0469851
33161	0.0473088
33162	0.0476325
33163	0.0479562
33164	0.0482798
33165	0.0486033
33166	0.0489268
33167	0.0492503
33168	0.0495737
33169	0.0498971
33170	0.0502205
33171	0.0505438
33172	0.0508671
33173	0.0511903
33174	0.0515135
33175	0.0518366
33176	0.0521597
33177	0.0524828
33178	0.0528058
33179	0.0531287
33180	0.0534516
33181	0.0537745
33182	0.0540974
33183	0.0544201
33184	0.0547429
33185	0.0550656
33186	0.0553882
33187	0.0557108
33188	0.0560334
33189	0.0563559
33190	0.0566783
33191	0.0570007
33192	0.0573231
33193	0.0576454
33194	0.0579677
33195	0.0582899
33196	0.0586121
33197	0.0589342
33198	0.0592562
33199	0.0595783
33200	0.0599002
33201	0.0602221
33202	0.060544
33203	0.0608658
33204	0.0611876
33205	0.0615093
33206	0.0618309
33207	0.0621525
33208	0.0624741
33209	0.0627956
33210	0.063117
33211	0.0634384
33212	0.0637597
33213	0.064081
33214	0.0644022
33215	0.0647234
33216	0.0650445
33217	0.0653656
33218	0.0656866
33219	0.0660075
33220	0.0663284
33221	0.0666492
33222	0.06697
33223	0.0672907
33224	0.0676114
33225	0.0679319
33226	0.0682525
33227	0.068573
33228	0.0688934
33229	0.0692137
33230	0.069534
33231	0.0698543
33232	0.0701745
33233	0.0704946
33234	0.0708146
33235	0.0711346
33236	0.0714546
33237	0.0717744
33238	0.0720942
33239	0.072414
33240	0.0727337
33241	0.0730533
33242	0.0733728
33243	0.0736923
33244	0.0740118
33245	0.0743311
33246	0.0746504
33247	0.0749697
33248	0.0752888
33249	0.0756079
33250	0.075927
33251	0.0762459
33252	0.0765648
33253	0.0768837
33254	0.0772024
33255	0.0775211
33256	0.0778398
33257	0.0781583
33258	0.0784768
33259	0.0787952
33260	0.0791136
33261	0.0794319
33262	0.0797501
33263	0.0800683
33264	0.0803863
33265	0.0807043
33266	0.0810223
33267	0.0813401
33268	0.0816579
33269	0.0819756
33270	0.0822933
33271	0.0826109
33272	0.0829284
33273	0.0832458
33274	0.0835631
33275	0.0838804
33276	0.0841976
33277	0.0845148
33278	0.0848318
33279	0.0851488
33280	0.0854657
33281	0.0857825
33282	0.0860993
33283	0.086416
33284	0.0867326
33285	0.0870491
33286	0.0873655
33287	0.0876819
33288	0.0879982
33289	0.0883144
33290	0.0886306
33291	0.0889466
33292	0.0892626
33293	0.0895785
33294	0.0898943
33295	0.09021
33296	0.0905257
33297	0.0908413
33298	0.0911568
33299	0.0914722
33300	0.0917875
33301	0.0921028
33302	0.0924179
33303	0.092733
33304	0.093048
33305	0.0933629
33306	0.0936778
33307	0.0939925
33308	0.0943072
33309	0.0946218
33310	0.0949363
33311	0.0952507
33312	0.095565
33313	0.0958793
33314	0.0961934
33315	0.0965075
33316	0.0968215
33317	0.0971354
33318	0.0974492
33319	0.0977629
33320	0.0980766
33321	0.0983901
33322	0.0987036
33323	0.0990169
33324	0.0993302
33325	0.0996434
33326	0.0999565
33327	0.10027
33328	0.100582
33329	0.100895
33330	0.101208
33331	0.101521
33332	0.101833
33333	0.102146
33334	0.102458
33335	0.10277
33336	0.103083
33337	0.103395
33338	0.103707
33339	0.104019
33340	0.10433
33341	0.104642
33342	0.104954
33343	0.105265
33344	0.105577
33345	0.105888
33346	0.106199
33347	0.10651
33348	0.106821
33349	0.107132
33350	0.107443
33351	0.107754
33352	0.108065
33353	0.108375
33354	0.108686
33355	0.108996
33356	0.109306
33357	0.109617
33358	0.109927
33359	0.110237
33360	0.110546
33361	0.110856
33362	0.111166
33363	0.111475
33364	0.111785
33365	0.112094
33366	0.112404
33367	0.112713
33368	0.113022
33369	0.113331
33370	0.11364
33371	0.113948
33372	0.114257
33373	0.114566
33374	0.114874
33375	0.115182
33376	0.115491
33377	0.115799
33378	0.116107
33379	0.116415
33380	0.116722
33381	0.11703
33382	0.117338
33383	0.117645
33384	0.117953
33385	0.11826
33386	0.118567
33387	0.118874
33388	0.119181
33389	0.119488
33390	0.119795
33391	0.120101
33392	0.120408
33393	0.120714
33394	0.12102
33395	0.121327
33396	0.121633
33397	0.121939
33398	0.122244
33399	0.12255
33400	0.122856
33401	0.123161
33402	0.123467
33403	0.123772
33404	0.124077
33405	0.124382
33406	0.124687
33407	0.124992
33408	0.125297
33409	0.125601
33410	0.125906
33411	0.12621
33412	0.126514
33413	0.126819
33414	0.127123
33415	0.127426
33416	0.12773
33417	0.128034
33418	0.128337
33419	0.128641
33420	0.128944
33421	0.129247
33422	0.12955
33423	0.129853
33424	0.130156
33425	0.130459
33426	0.130762
33427	0.131064
33428	0.131366
33429	0.131669
33430	0.131971
33431	0.132273
33432	0.132575
33433	0.132876
33434	0.133178
33435	0.133479
33436	0.133781
33437	0.134082
33438	0.134383
33439	0.134684
33440	0.134985
33441	0.135286
33442	0.135586
33443	0.135887
33444	0.136187
33445	0.136488
33446	0.136788
33447	0.137088
33448	0.137388
33449	0.137687
33450	0.137987
33451	0.138287
33452	0.138586
33453	0.138885
33454	0.139184
33455	0.139483
33456	0.139782
33457	0.140081
33458	0.140379
33459	0.140678
33460	0.140976
33461	0.141274
33462	0.141572
33463	0.14187
33464	0.142168
33465	0.142466
33466	0.142763
33467	0.143061
33468	0.143358
33469	0.143655
33470	0.143952
33471	0.144249
33472	0.144546
33473	0.144843
33474	0.145139
33475	0.145435
33476	0.145732
33477	0.146028
33478	0.146324
33479	0.146619
33480	0.146915
33481	0.147211
33482	0.147506
33483	0.147801
33484	0.148096
33485	0.148391
33486	0.148686
33487	0.148981
33488	0.149275
33489	0.14957
33490	0.149864
33491	0.150158
33492	0.150452
33493	0.150746
33494	0.15104
33495	0.151333
33496	0.151627
33497	0.15192
33498	0.152213
33499	0.152506
33500	0.152799
33501	0.153092
33502	0.153385
33503	0.153677
33504	0.153969
33505	0.154261
33506	0.154553
33507	0.154845
33508	0.155137
33509	0.155429
33510	0.15572
33511	0.156011
33512	0.156302
33513	0.156593
33514	0.156884
33515	0.157175
33516	0.157466
33517	0.157756
33518	0.158046
33519	0.158336
33520	0.158626
33521	0.158916
33522	0.159206
33523	0.159495
33524	0.159785
33525	0.160074
33526	0.160363
33527	0.160652
33528	0.160941
33529	0.161229
33530	0.161518
33531	0.161806
33532	0.162094
33533	0.162382
33534	0.16267
33535	0.162958
33536	0.163245
33537	0.163533
33538	0.16382
33539	0.164107
33540	0.164394
33541	0.164681
33542	0.164968
33543	0.165254
33544	0.16554
33545	0.165827
33546	0.166113
33547	0.166398
33548	0.166684
33549	0.16697
33550	0.167255
33551	0.16754
33552	0.167825
33553	0.16811
33554	0.168395
33555	0.16868
33556	0.168964
33557	0.169248
33558	0.169532
33559	0.169816
33560	0.1701
33561	0.170384
33562	0.170667
33563	0.170951
33564	0.171234
33565	0.171517
33566	0.1718
33567	0.172082
33568	0.172365
33569	0.172647
33570	0.172929
33571	0.173211
33572	0.173493
33573	0.173775
33574	0.174057
33575	0.174338
33576	0.174619
33577	0.1749
33578	0.175181
33579	0.175462
33580	0.175742
33581	0.176023
33582	0.176303
33583	0.176583
33584	0.176863
33585	0.177143
33586	0.177422
33587	0.177701
33588	0.177981
33589	0.17826
33590	0.178539
33591	0.178817
33592	0.179096
33593	0.179374
33594	0.179652
33595	0.17993
33596	0.180208
33597	0.180486
33598	0.180764
33599	0.181041
33600	0.181318
33601	0.181595
33602	0.181872
33603	0.182149
33604	0.182425
33605	0.182701
33606	0.182978
33607	0.183254
33608	0.183529
33609	0.183805
33610	0.18408
33611	0.184356
33612	0.184631
33613	0.184906
33614	0.185181
33615	0.185455
33616	0.185729
33617	0.186004
33618	0.186278
33619	0.186552
33620	0.186825
33621	0.187099
33622	0.187372
33623	0.187645
33624	0.187918
33625	0.188191
33626	0.188464
33627	0.188736
33628	0.189009
33629	0.189281
33630	0.189553
33631	0.189824
33632	0.190096
33633	0.190367
33634	0.190638
33635	0.190909
33636	0.19118
33637	0.191451
33638	0.191721
33639	0.191992
33640	0.192262
33641	0.192532
33642	0.192802
33643	0.193071
33644	0.193341
33645	0.19361
33646	0.193879
33647	0.194148
33648	0.194416
33649	0.194685
33650	0.194953
33651	0.195221
33652	0.195489
33653	0.195757
33654	0.196024
33655	0.196292
33656	0.196559
33657	0.196826
33658	0.197092
33659	0.197359
33660	0.197626
33661	0.197892
33662	0.198158
33663	0.198424
33664	0.198689
33665	0.198955
33666	0.19922
33667	0.199485
33668	0.19975
33669	0.200015
33670	0.200279
33671	0.200544
33672	0.200808
33673	0.201072
33674	0.201336
33675	0.201599
33676	0.201862
33677	0.202126
33678	0.202389
33679	0.202651
33680	0.202914
33681	0.203177
33682	0.203439
33683	0.203701
33684	0.203963
33685	0.204224
33686	0.204486
33687	0.204747
33688	0.205008
33689	0.205269
33690	0.20553
33691	0.20579
33692	0.20605
33693	0.20631
33694	0.20657
33695	0.20683
33696	0.20709
33697	0.207349
33698	0.207608
33699	0.207867
33700	0.208126
33701	0.208384
33702	0.208642
33703	0.2089
33704	0.209158
33705	0.209416
33706	0.209674
33707	0.209931
33708	0.210188
33709	0.210445
33710	0.210702
33711	0.210958
33712	0.211215
33713	0.211471
33714	0.211727
33715	0.211982
33716	0.212238
33717	0.212493
33718	0.212748
33719	0.213003
33720	0.213258
33721	0.213512
33722	0.213767
33723	0.214021
33724	0.214275
33725	0.214528
33726	0.214782
33727	0.215035
33728	0.215288
33729	0.215541
33730	0.215794
33731	0.216046
33732	0.216298
33733	0.21655
33734	0.216802
33735	0.217054
33736	0.217305
33737	0.217556
33738	0.217807
33739	0.218058
33740	0.218309
33741	0.218559
33742	0.218809
33743	0.219059
33744	0.219309
33745	0.219559
33746	0.219808
33747	0.220057
33748	0.220306
33749	0.220555
33750	0.220803
33751	0.221051
33752	0.2213
33753	0.221547
33754	0.221795
33755	0.222043
33756	0.22229
33757	0.222537
33758	0.222784
33759	0.22303
33760	0.223277
33761	0.223523
33762	0.223769
33763	0.224014
33764	0.22426
33765	0.224505
33766	0.22475
33767	0.224995
33768	0.22524
33769	0.225484
33770	0.225729
33771	0.225973
33772	0.226216
33773	0.22646
33774	0.226703
33775	0.226947
33776	0.22719
33777	0.227432
33778	0.227675
33779	0.227917
33780	0.228159
33781	0.228401
33782	0.228643
33783	0.228884
33784	0.229125
33785	0.229366
33786	0.229607
33787	0.229848
33788	0.230088
33789	0.230328
33790	0.230568
33791	0.230808
33792	0.231047
33793	0.231286
33794	0.231525
33795	0.231764
33796	0.232003
33797	0.232241
33798	0.232479
33799	0.232717
33800	0.232955
33801	0.233192
33802	0.233429
33803	0.233666
33804	0.233903
33805	0.23414
33806	0.234376
33807	0.234612
33808	0.234848
33809	0.235084
33810	0.235319
33811	0.235554
33812	0.235789
33813	0.236024
33814	0.236259
33815	0.236493
33816	0.236727
33817	0.236961
33818	0.237194
33819	0.237428
33820	0.237661
33821	0.237894
33822	0.238127
33823	0.238359
33824	0.238591
33825	0.238824
33826	0.239055
33827	0.239287
33828	0.239518
33829	0.239749
33830	0.23998
33831	0.240211
33832	0.240441
33833	0.240672
33834	0.240902
33835	0.241131
33836	0.241361
33837	0.24159
33838	0.241819
33839	0.242048
33840	0.242277
33841	0.242505
33842	0.242733
33843	0.242961
33844	0.243189
33845	0.243416
33846	0.243643
33847	0.24387
33848	0.244097
33849	0.244324
33850	0.24455
33851	0.244776
33852	0.245002
33853	0.245227
33854	0.245453
33855	0.245678
33856	0.245903
33857	0.246127
33858	0.246352
33859	0.246576
33860	0.2468
33861	0.247023
33862	0.247247
33863	0.24747
33864	0.247693
33865	0.247916
33866	0.248138
33867	0.24836
33868	0.248583
33869	0.248804
33870	0.249026
33871	0.249247
33872	0.249468
33873	0.249689
33874	0.24991
33875	0.25013
33876	0.25035
33877	0.25057
33878	0.25079
33879	0.251009
33880	0.251228
33881	0.251447
33882	0.251666
33883	0.251884
33884	0.252102
33885	0.25232
33886	0.252538
33887	0.252756
33888	0.252973
33889	0.25319
33890	0.253407
33891	0.253623
33892	0.253839
33893	0.254055
33894	0.254271
33895	0.254487
33896	0.254702
33897	0.254917
33898	0.255132
33899	0.255346
33900	0.255561
33901	0.255775
33902	0.255989
33903	0.256202
33904	0.256415
33905	0.256629
33906	0.256841
33907	0.257054
33908	0.257266
33909	0.257478
33910	0.25769
33911	0.257902
33912	0.258113
33913	0.258324
33914	0.258535
33915	0.258746
33916	0.258956
33917	0.259166
33918	0.259376
33919	0.259586
33920	0.259795
33921	0.260004
33922	0.260213
33923	0.260422
33924	0.26063
33925	0.260838
33926	0.261046
33927	0.261254
33928	0.261461
33929	0.261668
33930	0.261875
33931	0.262082
33932	0.262288
33933	0.262494
33934	0.2627
33935	0.262906
33936	0.263111
33937	0.263316
33938	0.263521
33939	0.263726
33940	0.26393
33941	0.264134
33942	0.264338
33943	0.264542
33944	0.264745
33945	0.264948
33946	0.265151
33947	0.265354
33948	0.265556
33949	0.265758
33950	0.26596
33951	0.266162
33952	0.266363
33953	0.266564
33954	0.266765
33955	0.266965
33956	0.267166
33957	0.267366
33958	0.267565
33959	0.267765
33960	0.267964
33961	0.268163
33962	0.268362
33963	0.26856
33964	0.268759
33965	0.268957
33966	0.269154
33967	0.269352
33968	0.269549
33969	0.269746
33970	0.269943
33971	0.270139
33972	0.270335
33973	0.270531
33974	0.270727
33975	0.270922
33976	0.271117
33977	0.271312
33978	0.271507
33979	0.271701
33980	0.271895
33981	0.272089
33982	0.272283
33983	0.272476
33984	0.272669
33985	0.272862
33986	0.273055
33987	0.273247
33988	0.273439
33989	0.273631
33990	0.273822
33991	0.274013
33992	0.274204
33993	0.274395
33994	0.274585
33995	0.274776
33996	0.274965
33997	0.275155
33998	0.275345
33999	0.275534
34000	0.275722
34001	0.275911
34002	0.276099
34003	0.276287
34004	0.276475
34005	0.276663
34006	0.27685
34007	0.277037
34008	0.277224
34009	0.27741
34010	0.277596
34011	0.277782
34012	0.277968
34013	0.278153
34014	0.278339
34015	0.278524
34016	0.278708
34017	0.278892
34018	0.279077
34019	0.27926
34020	0.279444
34021	0.279627
34022	0.27981
34023	0.279993
34024	0.280175
34025	0.280358
34026	0.280539
34027	0.280721
34028	0.280903
34029	0.281084
34030	0.281264
34031	0.281445
34032	0.281625
34033	0.281805
34034	0.281985
34035	0.282165
34036	0.282344
34037	0.282523
34038	0.282702
34039	0.28288
34040	0.283058
34041	0.283236
34042	0.283414
34043	0.283591
34044	0.283768
34045	0.283945
34046	0.284121
34047	0.284298
34048	0.284474
34049	0.284649
34050	0.284825
34051	0.285
34052	0.285175
34053	0.285349
34054	0.285524
34055	0.285698
34056	0.285872
34057	0.286045
34058	0.286218
34059	0.286391
34060	0.286564
34061	0.286736
34062	0.286909
34063	0.28708
34064	0.287252
34065	0.287423
34066	0.287594
34067	0.287765
34068	0.287936
34069	0.288106
34070	0.288276
34071	0.288445
34072	0.288615
34073	0.288784
34074	0.288953
34075	0.289121
34076	0.28929
34077	0.289458
34078	0.289625
34079	0.289793
34080	0.28996
34081	0.290127
34082	0.290294
34083	0.29046
34084	0.290626
34085	0.290792
34086	0.290957
34087	0.291122
34088	0.291287
34089	0.291452
34090	0.291616
34091	0.291781
34092	0.291944
34093	0.292108
34094	0.292271
34095	0.292434
34096	0.292597
34097	0.292759
34098	0.292921
34099	0.293083
34100	0.293245
34101	0.293406
34102	0.293567
34103	0.293728
34104	0.293888
34105	0.294049
34106	0.294209
34107	0.294368
34108	0.294527
34109	0.294687
34110	0.294845
34111	0.295004
34112	0.295162
34113	0.29532
34114	0.295478
34115	0.295635
34116	0.295792
34117	0.295949
34118	0.296105
34119	0.296261
34120	0.296417
34121	0.296573
34122	0.296728
34123	0.296884
34124	0.297038
34125	0.297193
34126	0.297347
34127	0.297501
34128	0.297655
34129	0.297808
34130	0.297961
34131	0.298114
34132	0.298266
34133	0.298419
34134	0.298571
34135	0.298722
34136	0.298874
34137	0.299025
34138	0.299176
34139	0.299326
34140	0.299476
34141	0.299626
34142	0.299776
34143	0.299925
34144	0.300074
34145	0.300223
34146	0.300372
34147	0.30052
34148	0.300668
34149	0.300815
34150	0.300963
34151	0.30111
34152	0.301257
34153	0.301403
34154	0.301549
34155	0.301695
34156	0.301841
34157	0.301986
34158	0.302131
34159	0.302276
34160	0.30242
34161	0.302565
34162	0.302709
34163	0.302852
34164	0.302995
34165	0.303138
34166	0.303281
34167	0.303424
34168	0.303566
34169	0.303708
34170	0.303849
34171	0.30399
34172	0.304131
34173	0.304272
34174	0.304412
34175	0.304553
34176	0.304692
34177	0.304832
34178	0.304971
34179	0.30511
34180	0.305249
34181	0.305387
34182	0.305525
34183	0.305663
34184	0.3058
34185	0.305937
34186	0.306074
34187	0.306211
34188	0.306347
34189	0.306483
34190	0.306619
34191	0.306754
34192	0.306889
34193	0.307024
34194	0.307159
34195	0.307293
34196	0.307427
34197	0.307561
34198	0.307694
34199	0.307827
34200	0.30796
34201	0.308092
34202	0.308224
34203	0.308356
34204	0.308488
34205	0.308619
34206	0.30875
34207	0.308881
34208	0.309011
34209	0.309141
34210	0.309271
34211	0.309401
34212	0.30953
34213	0.309659
34214	0.309787
34215	0.309916
34216	0.310044
34217	0.310171
34218	0.310299
34219	0.310426
34220	0.310553
34221	0.310679
34222	0.310806
34223	0.310932
34224	0.311057
34225	0.311183
34226	0.311308
34227	0.311432
34228	0.311557
34229	0.311681
34230	0.311805
34231	0.311928
34232	0.312052
34233	0.312175
34234	0.312297
34235	0.31242
34236	0.312542
34237	0.312663
34238	0.312785
34239	0.312906
34240	0.313027
34241	0.313147
34242	0.313268
34243	0.313388
34244	0.313507
34245	0.313627
34246	0.313746
34247	0.313864
34248	0.313983
34249	0.314101
34250	0.314219
34251	0.314336
34252	0.314454
34253	0.314571
34254	0.314687
34255	0.314804
34256	0.31492
34257	0.315035
34258	0.315151
34259	0.315266
34260	0.315381
34261	0.315495
34262	0.315609
34263	0.315723
34264	0.315837
34265	0.31595
34266	0.316063
34267	0.316176
34268	0.316288
34269	0.316401
34270	0.316512
34271	0.316624
34272	0.316735
34273	0.316846
34274	0.316957
34275	0.317067
34276	0.317177
34277	0.317287
34278	0.317396
34279	0.317505
34280	0.317614
34281	0.317722
34282	0.31783
34283	0.317938
34284	0.318046
34285	0.318153
34286	0.31826
34287	0.318367
34288	0.318473
34289	0.318579
34290	0.318685
34291	0.31879
34292	0.318895
34293	0.319
34294	0.319104
34295	0.319209
34296	0.319313
34297	0.319416
34298	0.319519
34299	0.319622
34300	0.319725
34301	0.319827
34302	0.319929
34303	0.320031
34304	0.320133
34305	0.320234
34306	0.320335
34307	0.320435
34308	0.320535
34309	0.320635
34310	0.320735
34311	0.320834
34312	0.320933
34313	0.321032
34314	0.32113
34315	0.321228
34316	0.321326
34317	0.321423
34318	0.32152
34319	0.321617
34320	0.321714
34321	0.32181
34322	0.321906
34323	0.322002
34324	0.322097
34325	0.322192
34326	0.322286
34327	0.322381
34328	0.322475
34329	0.322569
34330	0.322662
34331	0.322755
34332	0.322848
34333	0.322941
34334	0.323033
34335	0.323125
34336	0.323216
34337	0.323307
34338	0.323398
34339	0.323489
34340	0.323579
34341	0.323669
34342	0.323759
34343	0.323849
34344	0.323938
34345	0.324027
34346	0.324115
34347	0.324203
34348	0.324291
34349	0.324379
34350	0.324466
34351	0.324553
34352	0.324639
34353	0.324726
34354	0.324812
34355	0.324897
34356	0.324983
34357	0.325068
34358	0.325153
34359	0.325237
34360	0.325321
34361	0.325405
34362	0.325489
34363	0.325572
34364	0.325655
34365	0.325737
34366	0.32582
34367	0.325901
34368	0.325983
34369	0.326064
34370	0.326145
34371	0.326226
34372	0.326307
34373	0.326387
34374	0.326466
34375	0.326546
34376	0.326625
34377	0.326704
34378	0.326782
34379	0.326861
34380	0.326939
34381	0.327016
34382	0.327093
34383	0.32717
34384	0.327247
34385	0.327323
34386	0.327399
34387	0.327475
34388	0.32755
34389	0.327626
34390	0.3277
34391	0.327775
34392	0.327849
34393	0.327923
34394	0.327996
34395	0.32807
34396	0.328142
34397	0.328215
34398	0.328287
34399	0.328359
34400	0.328431
34401	0.328502
34402	0.328573
34403	0.328644
34404	0.328714
34405	0.328784
34406	0.328854
34407	0.328924
34408	0.328993
34409	0.329061
34410	0.32913
34411	0.329198
34412	0.329266
34413	0.329334
34414	0.329401
34415	0.329468
34416	0.329534
34417	0.329601
34418	0.329667
34419	0.329732
34420	0.329798
34421	0.329863
34422	0.329927
34423	0.329992
34424	0.330056
34425	0.33012
34426	0.330183
34427	0.330246
34428	0.330309
34429	0.330372
34430	0.330434
34431	0.330496
34432	0.330557
34433	0.330619
34434	0.330679
34435	0.33074
34436	0.3308
34437	0.33086
34438	0.33092
34439	0.330979
34440	0.331038
34441	0.331097
34442	0.331156
34443	0.331214
34444	0.331271
34445	0.331329
34446	0.331386
34447	0.331443
34448	0.331499
34449	0.331556
34450	0.331611
34451	0.331667
34452	0.331722
34453	0.331777
34454	0.331832
34455	0.331886
34456	0.33194
34457	0.331994
34458	0.332047
34459	0.3321
34460	0.332153
34461	0.332205
34462	0.332257
34463	0.332309
34464	0.332361
34465	0.332412
34466	0.332462
34467	0.332513
34468	0.332563
34469	0.332613
34470	0.332662
34471	0.332712
34472	0.332761
34473	0.332809
34474	0.332857
34475	0.332905
34476	0.332953
34477	0.333
34478	0.333047
34479	0.333094
34480	0.33314
34481	0.333186
34482	0.333232
34483	0.333278
34484	0.333323
34485	0.333367
34486	0.333412
34487	0.333456
34488	0.3335
34489	0.333543
34490	0.333586
34491	0.333629
34492	0.333672
34493	0.333714
34494	0.333756
34495	0.333798
34496	0.333839
34497	0.33388
34498	0.33392
34499	0.333961
34500	0.334001
34501	0.33404
34502	0.33408
34503	0.334119
34504	0.334157
34505	0.334196
34506	0.334234
34507	0.334272
34508	0.334309
34509	0.334346
34510	0.334383
34511	0.33442
34512	0.334456
34513	0.334492
34514	0.334527
34515	0.334562
34516	0.334597
34517	0.334632
34518	0.334666
34519	0.3347
34520	0.334734
34521	0.334767
34522	0.3348
34523	0.334832
34524	0.334865
34525	0.334897
34526	0.334928
34527	0.33496
34528	0.334991
34529	0.335022
34530	0.335052
34531	0.335082
34532	0.335112
34533	0.335141
34534	0.33517
34535	0.335199
34536	0.335228
34537	0.335256
34538	0.335284
34539	0.335311
34540	0.335339
34541	0.335365
34542	0.335392
34543	0.335418
34544	0.335444
34545	0.33547
34546	0.335495
34547	0.33552
34548	0.335545
34549	0.335569
34550	0.335593
34551	0.335617
34552	0.33564
34553	0.335663
34554	0.335686
34555	0.335708
34556	0.335731
34557	0.335752
34558	0.335774
34559	0.335795
34560	0.335816
34561	0.335836
34562	0.335856
34563	0.335876
34564	0.335896
34565	0.335915
34566	0.335934
34567	0.335953
34568	0.335971
34569	0.335989
34570	0.336006
34571	0.336024
34572	0.336041
34573	0.336057
34574	0.336074
34575	0.33609
34576	0.336105
34577	0.336121
34578	0.336136
34579	0.336151
34580	0.336165
34581	0.336179
34582	0.336193
34583	0.336206
34584	0.33622
34585	0.336232
34586	0.336245
34587	0.336257
34588	0.336269
34589	0.33628
34590	0.336292
34591	0.336303
34592	0.336313
34593	0.336323
34594	0.336333
34595	0.336343
34596	0.336352
34597	0.336361
34598	0.33637
34599	0.336378
34600	0.336386
34601	0.336394
34602	0.336402
34603	0.336409
34604	0.336415
34605	0.336422
34606	0.336428
34607	0.336434
34608	0.336439
34609	0.336444
34610	0.336449
34611	0.336454
34612	0.336458
34613	0.336462
34614	0.336465
34615	0.336469
34616	0.336472
34617	0.336474
34618	0.336477
34619	0.336479
34620	0.33648
34621	0.336482
34622	0.336483
34623	0.336483
34624	0.336484
34625	0.336484
34626	0.336483
34627	0.336483
34628	0.336482
34629	0.336481
34630	0.336479
34631	0.336477
34632	0.336475
34633	0.336473
34634	0.33647
34635	0.336467
34636	0.336463
34637	0.33646
34638	0.336456
34639	0.336451
34640	0.336447
34641	0.336441
34642	0.336436
34643	0.33643
34644	0.336424
34645	0.336418
34646	0.336412
34647	0.336405
34648	0.336397
34649	0.33639
34650	0.336382
34651	0.336374
34652	0.336365
34653	0.336356
34654	0.336347
34655	0.336338
34656	0.336328
34657	0.336318
34658	0.336307
34659	0.336297
34660	0.336286
34661	0.336274
34662	0.336263
34663	0.336251
34664	0.336238
34665	0.336226
34666	0.336213
34667	0.336199
34668	0.336186
34669	0.336172
34670	0.336158
34671	0.336143
34672	0.336128
34673	0.336113
34674	0.336097
34675	0.336082
34676	0.336065
34677	0.336049
34678	0.336032
34679	0.336015
34680	0.335998
34681	0.33598
34682	0.335962
34683	0.335944
34684	0.335925
34685	0.335906
34686	0.335887
34687	0.335867
34688	0.335847
34689	0.335827
34690	0.335806
34691	0.335785
34692	0.335764
34693	0.335743
34694	0.335721
34695	0.335699
34696	0.335676
34697	0.335653
34698	0.33563
34699	0.335607
34700	0.335583
34701	0.335559
34702	0.335534
34703	0.33551
34704	0.335485
34705	0.335459
34706	0.335434
34707	0.335408
34708	0.335382
34709	0.335355
34710	0.335328
34711	0.335301
34712	0.335273
34713	0.335245
34714	0.335217
34715	0.335189
34716	0.33516
34717	0.335131
34718	0.335101
34719	0.335072
34720	0.335041
34721	0.335011
34722	0.33498
34723	0.334949
34724	0.334918
34725	0.334886
34726	0.334854
34727	0.334822
34728	0.334789
34729	0.334756
34730	0.334723
34731	0.33469
34732	0.334656
34733	0.334622
34734	0.334587
34735	0.334552
34736	0.334517
34737	0.334482
34738	0.334446
34739	0.33441
34740	0.334373
34741	0.334337
34742	0.3343
34743	0.334262
34744	0.334225
34745	0.334187
34746	0.334148
34747	0.33411
34748	0.334071
34749	0.334031
34750	0.333992
34751	0.333952
34752	0.333912
34753	0.333871
34754	0.33383
34755	0.333789
34756	0.333748
34757	0.333706
34758	0.333664
34759	0.333621
34760	0.333579
34761	0.333536
34762	0.333492
34763	0.333449
34764	0.333405
34765	0.33336
34766	0.333316
34767	0.333271
34768	0.333225
34769	0.33318
34770	0.333134
34771	0.333088
34772	0.333041
34773	0.332994
34774	0.332947
34775	0.3329
34776	0.332852
34777	0.332804
34778	0.332755
34779	0.332707
34780	0.332658
34781	0.332608
34782	0.332559
34783	0.332509
34784	0.332458
34785	0.332408
34786	0.332357
34787	0.332306
34788	0.332254
34789	0.332202
34790	0.33215
34791	0.332097
34792	0.332045
34793	0.331991
34794	0.331938
34795	0.331884
34796	0.33183
34797	0.331776
34798	0.331721
34799	0.331666
34800	0.331611
34801	0.331555
34802	0.331499
34803	0.331443
34804	0.331386
34805	0.331329
34806	0.331272
34807	0.331214
34808	0.331156
34809	0.331098
34810	0.33104
34811	0.330981
34812	0.330922
34813	0.330862
34814	0.330803
34815	0.330743
34816	0.330682
34817	0.330622
34818	0.330561
34819	0.330499
34820	0.330438
34821	0.330376
34822	0.330313
34823	0.330251
34824	0.330188
34825	0.330125
34826	0.330061
34827	0.329997
34828	0.329933
34829	0.329869
34830	0.329804
34831	0.329739
34832	0.329674
34833	0.329608
34834	0.329542
34835	0.329476
34836	0.329409
34837	0.329342
34838	0.329275
34839	0.329207
34840	0.329139
34841	0.329071
34842	0.329002
34843	0.328934
34844	0.328864
34845	0.328795
34846	0.328725
34847	0.328655
34848	0.328585
34849	0.328514
34850	0.328443
34851	0.328372
34852	0.3283
34853	0.328228
34854	0.328156
34855	0.328083
34856	0.328011
34857	0.327937
34858	0.327864
34859	0.32779
34860	0.327716
34861	0.327641
34862	0.327567
34863	0.327492
34864	0.327416
34865	0.327341
34866	0.327265
34867	0.327188
34868	0.327112
34869	0.327035
34870	0.326958
34871	0.32688
34872	0.326802
34873	0.326724
34874	0.326646
34875	0.326567
34876	0.326488
34877	0.326408
34878	0.326329
34879	0.326249
34880	0.326168
34881	0.326088
34882	0.326007
34883	0.325925
34884	0.325844
34885	0.325762
34886	0.32568
34887	0.325597
34888	0.325515
34889	0.325431
34890	0.325348
34891	0.325264
34892	0.32518
34893	0.325096
34894	0.325011
34895	0.324926
34896	0.324841
34897	0.324756
34898	0.32467
34899	0.324583
34900	0.324497
34901	0.32441
34902	0.324323
34903	0.324236
34904	0.324148
34905	0.32406
34906	0.323972
34907	0.323883
34908	0.323794
34909	0.323705
34910	0.323615
34911	0.323525
34912	0.323435
34913	0.323345
34914	0.323254
34915	0.323163
34916	0.323071
34917	0.32298
34918	0.322888
34919	0.322795
34920	0.322703
34921	0.32261
34922	0.322517
34923	0.322423
34924	0.322329
34925	0.322235
34926	0.322141
34927	0.322046
34928	0.321951
34929	0.321855
34930	0.32176
34931	0.321664
34932	0.321567
34933	0.321471
34934	0.321374
34935	0.321277
34936	0.321179
34937	0.321082
34938	0.320983
34939	0.320885
34940	0.320786
34941	0.320687
34942	0.320588
34943	0.320488
34944	0.320388
34945	0.320288
34946	0.320188
34947	0.320087
34948	0.319986
34949	0.319884
34950	0.319782
34951	0.31968
34952	0.319578
34953	0.319475
34954	0.319372
34955	0.319269
34956	0.319166
34957	0.319062
34958	0.318958
34959	0.318853
34960	0.318748
34961	0.318643
34962	0.318538
34963	0.318432
34964	0.318326
34965	0.31822
34966	0.318113
34967	0.318007
34968	0.317899
34969	0.317792
34970	0.317684
34971	0.317576
34972	0.317468
34973	0.317359
34974	0.31725
34975	0.317141
34976	0.317031
34977	0.316921
34978	0.316811
34979	0.316701
34980	0.31659
34981	0.316479
34982	0.316367
34983	0.316256
34984	0.316144
34985	0.316031
34986	0.315919
34987	0.315806
34988	0.315693
34989	0.315579
34990	0.315466
34991	0.315351
34992	0.315237
34993	0.315122
34994	0.315007
34995	0.314892
34996	0.314777
34997	0.314661
34998	0.314545
34999	0.314428
35000	0.314311
35001	0.314194
35002	0.314077
35003	0.313959
35004	0.313841
35005	0.313723
35006	0.313605
35007	0.313486
35008	0.313367
35009	0.313247
35010	0.313128
35011	0.313008
35012	0.312887
35013	0.312767
35014	0.312646
35015	0.312525
35016	0.312403
35017	0.312281
35018	0.312159
35019	0.312037
35020	0.311914
35021	0.311791
35022	0.311668
35023	0.311544
35024	0.311421
35025	0.311296
35026	0.311172
35027	0.311047
35028	0.310922
35029	0.310797
35030	0.310671
35031	0.310545
35032	0.310419
35033	0.310293
35034	0.310166
35035	0.310039
35036	0.309911
35037	0.309784
35038	0.309656
35039	0.309527
35040	0.309399
35041	0.30927
35042	0.309141
35043	0.309012
35044	0.308882
35045	0.308752
35046	0.308622
35047	0.308491
35048	0.30836
35049	0.308229
35050	0.308097
35051	0.307966
35052	0.307834
35053	0.307701
35054	0.307569
35055	0.307436
35056	0.307302
35057	0.307169
35058	0.307035
35059	0.306901
35060	0.306767
35061	0.306632
35062	0.306497
35063	0.306362
35064	0.306226
35065	0.30609
35066	0.305954
35067	0.305818
35068	0.305681
35069	0.305544
35070	0.305407
35071	0.305269
35072	0.305132
35073	0.304993
35074	0.304855
35075	0.304716
35076	0.304577
35077	0.304438
35078	0.304298
35079	0.304159
35080	0.304018
35081	0.303878
35082	0.303737
35083	0.303596
35084	0.303455
35085	0.303313
35086	0.303172
35087	0.303029
35088	0.302887
35089	0.302744
35090	0.302601
35091	0.302458
35092	0.302314
35093	0.30217
35094	0.302026
35095	0.301882
35096	0.301737
35097	0.301592
35098	0.301447
35099	0.301301
35100	0.301155
35101	0.301009
35102	0.300863
35103	0.300716
35104	0.300569
35105	0.300422
35106	0.300274
35107	0.300126
35108	0.299978
35109	0.29983
35110	0.299681
35111	0.299532
35112	0.299383
35113	0.299233
35114	0.299083
35115	0.298933
35116	0.298783
35117	0.298632
35118	0.298481
35119	0.29833
35120	0.298178
35121	0.298027
35122	0.297875
35123	0.297722
35124	0.297569
35125	0.297417
35126	0.297263
35127	0.29711
35128	0.296956
35129	0.296802
35130	0.296648
35131	0.296493
35132	0.296338
35133	0.296183
35134	0.296028
35135	0.295872
35136	0.295716
35137	0.29556
35138	0.295403
35139	0.295246
35140	0.295089
35141	0.294932
35142	0.294774
35143	0.294616
35144	0.294458
35145	0.294299
35146	0.29414
35147	0.293981
35148	0.293822
35149	0.293662
35150	0.293503
35151	0.293342
35152	0.293182
35153	0.293021
35154	0.29286
35155	0.292699
35156	0.292537
35157	0.292376
35158	0.292213
35159	0.292051
35160	0.291888
35161	0.291725
35162	0.291562
35163	0.291399
35164	0.291235
35165	0.291071
35166	0.290907
35167	0.290742
35168	0.290577
35169	0.290412
35170	0.290247
35171	0.290081
35172	0.289915
35173	0.289749
35174	0.289583
35175	0.289416
35176	0.289249
35177	0.289081
35178	0.288914
35179	0.288746
35180	0.288578
35181	0.28841
35182	0.288241
35183	0.288072
35184	0.287903
35185	0.287733
35186	0.287564
35187	0.287394
35188	0.287223
35189	0.287053
35190	0.286882
35191	0.286711
35192	0.286539
35193	0.286368
35194	0.286196
35195	0.286024
35196	0.285851
35197	0.285679
35198	0.285506
35199	0.285332
35200	0.285159
35201	0.284985
35202	0.284811
35203	0.284637
35204	0.284462
35205	0.284287
35206	0.284112
35207	0.283937
35208	0.283761
35209	0.283585
35210	0.283409
35211	0.283233
35212	0.283056
35213	0.282879
35214	0.282702
35215	0.282524
35216	0.282347
35217	0.282169
35218	0.28199
35219	0.281812
35220	0.281633
35221	0.281454
35222	0.281274
35223	0.281095
35224	0.280915
35225	0.280735
35226	0.280554
35227	0.280374
35228	0.280193
35229	0.280012
35230	0.27983
35231	0.279648
35232	0.279467
35233	0.279284
35234	0.279102
35235	0.278919
35236	0.278736
35237	0.278553
35238	0.278369
35239	0.278185
35240	0.278001
35241	0.277817
35242	0.277632
35243	0.277448
35244	0.277262
35245	0.277077
35246	0.276891
35247	0.276706
35248	0.276519
35249	0.276333
35250	0.276146
35251	0.275959
35252	0.275772
35253	0.275585
35254	0.275397
35255	0.275209
35256	0.275021
35257	0.274832
35258	0.274644
35259	0.274455
35260	0.274265
35261	0.274076
35262	0.273886
35263	0.273696
35264	0.273506
35265	0.273315
35266	0.273125
35267	0.272934
35268	0.272742
35269	0.272551
35270	0.272359
35271	0.272167
35272	0.271975
35273	0.271782
35274	0.271589
35275	0.271396
35276	0.271203
35277	0.271009
35278	0.270815
35279	0.270621
35280	0.270427
35281	0.270232
35282	0.270038
35283	0.269842
35284	0.269647
35285	0.269452
35286	0.269256
35287	0.26906
35288	0.268863
35289	0.268667
35290	0.26847
35291	0.268273
35292	0.268075
35293	0.267878
35294	0.26768
35295	0.267482
35296	0.267283
35297	0.267085
35298	0.266886
35299	0.266687
35300	0.266487
35301	0.266288
35302	0.266088
35303	0.265888
35304	0.265688
35305	0.265487
35306	0.265286
35307	0.265085
35308	0.264884
35309	0.264682
35310	0.26448
35311	0.264278
35312	0.264076
35313	0.263873
35314	0.26367
35315	0.263467
35316	0.263264
35317	0.26306
35318	0.262857
35319	0.262653
35320	0.262448
35321	0.262244
35322	0.262039
35323	0.261834
35324	0.261629
35325	0.261423
35326	0.261217
35327	0.261011
35328	0.260805
35329	0.260599
35330	0.260392
35331	0.260185
35332	0.259978
35333	0.25977
35334	0.259562
35335	0.259354
35336	0.259146
35337	0.258938
35338	0.258729
35339	0.25852
35340	0.258311
35341	0.258102
35342	0.257892
35343	0.257682
35344	0.257472
35345	0.257262
35346	0.257051
35347	0.25684
35348	0.256629
35349	0.256418
35350	0.256206
35351	0.255994
35352	0.255782
35353	0.25557
35354	0.255358
35355	0.255145
35356	0.254932
35357	0.254719
35358	0.254505
35359	0.254291
35360	0.254077
35361	0.253863
35362	0.253649
35363	0.253434
35364	0.253219
35365	0.253004
35366	0.252789
35367	0.252573
35368	0.252357
35369	0.252141
35370	0.251925
35371	0.251708
35372	0.251492
35373	0.251275
35374	0.251057
35375	0.25084
35376	0.250622
35377	0.250404
35378	0.250186
35379	0.249968
35380	0.249749
35381	0.24953
35382	0.249311
35383	0.249092
35384	0.248872
35385	0.248652
35386	0.248432
35387	0.248212
35388	0.247991
35389	0.247771
35390	0.24755
35391	0.247329
35392	0.247107
35393	0.246885
35394	0.246664
35395	0.246441
35396	0.246219
35397	0.245996
35398	0.245774
35399	0.245551
35400	0.245327
35401	0.245104
35402	0.24488
35403	0.244656
35404	0.244432
35405	0.244208
35406	0.243983
35407	0.243758
35408	0.243533
35409	0.243308
35410	0.243082
35411	0.242856
35412	0.24263
35413	0.242404
35414	0.242178
35415	0.241951
35416	0.241724
35417	0.241497
35418	0.24127
35419	0.241042
35420	0.240814
35421	0.240586
35422	0.240358
35423	0.24013
35424	0.239901
35425	0.239672
35426	0.239443
35427	0.239213
35428	0.238984
35429	0.238754
35430	0.238524
35431	0.238294
35432	0.238063
35433	0.237833
35434	0.237602
35435	0.237371
35436	0.237139
35437	0.236908
35438	0.236676
35439	0.236444
35440	0.236212
35441	0.235979
35442	0.235746
35443	0.235513
35444	0.23528
35445	0.235047
35446	0.234813
35447	0.23458
35448	0.234346
35449	0.234111
35450	0.233877
35451	0.233642
35452	0.233407
35453	0.233172
35454	0.232937
35455	0.232702
35456	0.232466
35457	0.23223
35458	0.231994
35459	0.231757
35460	0.231521
35461	0.231284
35462	0.231047
35463	0.23081
35464	0.230572
35465	0.230334
35466	0.230097
35467	0.229858
35468	0.22962
35469	0.229382
35470	0.229143
35471	0.228904
35472	0.228665
35473	0.228425
35474	0.228186
35475	0.227946
35476	0.227706
35477	0.227466
35478	0.227225
35479	0.226984
35480	0.226744
35481	0.226503
35482	0.226261
35483	0.22602
35484	0.225778
35485	0.225536
35486	0.225294
35487	0.225052
35488	0.224809
35489	0.224566
35490	0.224323
35491	0.22408
35492	0.223837
35493	0.223593
35494	0.223349
35495	0.223105
35496	0.222861
35497	0.222617
35498	0.222372
35499	0.222127
35500	0.221882
35501	0.221637
35502	0.221391
35503	0.221146
35504	0.2209
35505	0.220654
35506	0.220407
35507	0.220161
35508	0.219914
35509	0.219667
35510	0.21942
35511	0.219173
35512	0.218925
35513	0.218678
35514	0.21843
35515	0.218182
35516	0.217933
35517	0.217685
35518	0.217436
35519	0.217187
35520	0.216938
35521	0.216689
35522	0.216439
35523	0.216189
35524	0.215939
35525	0.215689
35526	0.215439
35527	0.215188
35528	0.214937
35529	0.214687
35530	0.214435
35531	0.214184
35532	0.213932
35533	0.213681
35534	0.213429
35535	0.213177
35536	0.212924
35537	0.212672
35538	0.212419
35539	0.212166
35540	0.211913
35541	0.21166
35542	0.211406
35543	0.211152
35544	0.210898
35545	0.210644
35546	0.21039
35547	0.210135
35548	0.209881
35549	0.209626
35550	0.209371
35551	0.209115
35552	0.20886
35553	0.208604
35554	0.208348
35555	0.208092
35556	0.207836
35557	0.20758
35558	0.207323
35559	0.207066
35560	0.206809
35561	0.206552
35562	0.206294
35563	0.206037
35564	0.205779
35565	0.205521
35566	0.205263
35567	0.205004
35568	0.204746
35569	0.204487
35570	0.204228
35571	0.203969
35572	0.20371
35573	0.20345
35574	0.20319
35575	0.20293
35576	0.20267
35577	0.20241
35578	0.20215
35579	0.201889
35580	0.201628
35581	0.201367
35582	0.201106
35583	0.200844
35584	0.200583
35585	0.200321
35586	0.200059
35587	0.199797
35588	0.199535
35589	0.199272
35590	0.199009
35591	0.198747
35592	0.198483
35593	0.19822
35594	0.197957
35595	0.197693
35596	0.197429
35597	0.197165
35598	0.196901
35599	0.196637
35600	0.196372
35601	0.196107
35602	0.195842
35603	0.195577
35604	0.195312
35605	0.195047
35606	0.194781
35607	0.194515
35608	0.194249
35609	0.193983
35610	0.193717
35611	0.19345
35612	0.193183
35613	0.192916
35614	0.192649
35615	0.192382
35616	0.192115
35617	0.191847
35618	0.191579
35619	0.191311
35620	0.191043
35621	0.190775
35622	0.190506
35623	0.190237
35624	0.189968
35625	0.189699
35626	0.18943
35627	0.189161
35628	0.188891
35629	0.188621
35630	0.188351
35631	0.188081
35632	0.187811
35633	0.187541
35634	0.18727
35635	0.186999
35636	0.186728
35637	0.186457
35638	0.186186
35639	0.185914
35640	0.185642
35641	0.18537
35642	0.185098
35643	0.184826
35644	0.184554
35645	0.184281
35646	0.184009
35647	0.183736
35648	0.183463
35649	0.183189
35650	0.182916
35651	0.182642
35652	0.182369
35653	0.182095
35654	0.181821
35655	0.181546
35656	0.181272
35657	0.180997
35658	0.180722
35659	0.180448
35660	0.180172
35661	0.179897
35662	0.179622
35663	0.179346
35664	0.17907
35665	0.178794
35666	0.178518
35667	0.178242
35668	0.177965
35669	0.177689
35670	0.177412
35671	0.177135
35672	0.176858
35673	0.176581
35674	0.176303
35675	0.176026
35676	0.175748
35677	0.17547
35678	0.175192
35679	0.174913
35680	0.174635
35681	0.174356
35682	0.174078
35683	0.173799
35684	0.17352
35685	0.17324
35686	0.172961
35687	0.172681
35688	0.172402
35689	0.172122
35690	0.171842
35691	0.171561
35692	0.171281
35693	0.171
35694	0.17072
35695	0.170439
35696	0.170158
35697	0.169877
35698	0.169595
35699	0.169314
35700	0.169032
35701	0.16875
35702	0.168468
35703	0.168186
35704	0.167904
35705	0.167621
35706	0.167339
35707	0.167056
35708	0.166773
35709	0.16649
35710	0.166207
35711	0.165923
35712	0.16564
35713	0.165356
35714	0.165072
35715	0.164788
35716	0.164504
35717	0.164219
35718	0.163935
35719	0.16365
35720	0.163365
35721	0.16308
35722	0.162795
35723	0.16251
35724	0.162225
35725	0.161939
35726	0.161653
35727	0.161368
35728	0.161081
35729	0.160795
35730	0.160509
35731	0.160222
35732	0.159936
35733	0.159649
35734	0.159362
35735	0.159075
35736	0.158788
35737	0.1585
35738	0.158213
35739	0.157925
35740	0.157637
35741	0.157349
35742	0.157061
35743	0.156773
35744	0.156484
35745	0.156196
35746	0.155907
35747	0.155618
35748	0.155329
35749	0.15504
35750	0.154751
35751	0.154461
35752	0.154172
35753	0.153882
35754	0.153592
35755	0.153302
35756	0.153012
35757	0.152721
35758	0.152431
35759	0.15214
35760	0.15185
35761	0.151559
35762	0.151268
35763	0.150976
35764	0.150685
35765	0.150394
35766	0.150102
35767	0.14981
35768	0.149518
35769	0.149226
35770	0.148934
35771	0.148642
35772	0.148349
35773	0.148057
35774	0.147764
35775	0.147471
35776	0.147178
35777	0.146885
35778	0.146591
35779	0.146298
35780	0.146004
35781	0.145711
35782	0.145417
35783	0.145123
35784	0.144828
35785	0.144534
35786	0.14424
35787	0.143945
35788	0.14365
35789	0.143356
35790	0.143061
35791	0.142766
35792	0.14247
35793	0.142175
35794	0.141879
35795	0.141584
35796	0.141288
35797	0.140992
35798	0.140696
35799	0.1404
35800	0.140104
35801	0.139807
35802	0.13951
35803	0.139214
35804	0.138917
35805	0.13862
35806	0.138323
35807	0.138026
35808	0.137728
35809	0.137431
35810	0.137133
35811	0.136835
35812	0.136537
35813	0.136239
35814	0.135941
35815	0.135643
35816	0.135344
35817	0.135046
35818	0.134747
35819	0.134448
35820	0.134149
35821	0.13385
35822	0.133551
35823	0.133252
35824	0.132952
35825	0.132653
35826	0.132353
35827	0.132053
35828	0.131753
35829	0.131453
35830	0.131153
35831	0.130853
35832	0.130552
35833	0.130252
35834	0.129951
35835	0.12965
35836	0.129349
35837	0.129048
35838	0.128747
35839	0.128446
35840	0.128144
35841	0.127842
35842	0.127541
35843	0.127239
35844	0.126937
35845	0.126635
35846	0.126333
35847	0.12603
35848	0.125728
35849	0.125426
35850	0.125123
35851	0.12482
35852	0.124517
35853	0.124214
35854	0.123911
35855	0.123608
35856	0.123304
35857	0.123001
35858	0.122697
35859	0.122394
35860	0.12209
35861	0.121786
35862	0.121482
35863	0.121177
35864	0.120873
35865	0.120569
35866	0.120264
35867	0.119959
35868	0.119655
35869	0.11935
35870	0.119045
35871	0.11874
35872	0.118434
35873	0.118129
35874	0.117824
35875	0.117518
35876	0.117212
35877	0.116906
35878	0.116601
35879	0.116295
35880	0.115988
35881	0.115682
35882	0.115376
35883	0.115069
35884	0.114763
35885	0.114456
35886	0.114149
35887	0.113842
35888	0.113535
35889	0.113228
35890	0.112921
35891	0.112613
35892	0.112306
35893	0.111998
35894	0.111691
35895	0.111383
35896	0.111075
35897	0.110767
35898	0.110459
35899	0.110151
35900	0.109842
35901	0.109534
35902	0.109225
35903	0.108917
35904	0.108608
35905	0.108299
35906	0.10799
35907	0.107681
35908	0.107372
35909	0.107063
35910	0.106753
35911	0.106444
35912	0.106134
35913	0.105825
35914	0.105515
35915	0.105205
35916	0.104895
35917	0.104585
35918	0.104275
35919	0.103964
35920	0.103654
35921	0.103344
35922	0.103033
35923	0.102722
35924	0.102411
35925	0.102101
35926	0.10179
35927	0.101478
35928	0.101167
35929	0.100856
35930	0.100545
35931	0.100233
35932	0.0999216
35933	0.0996099
35934	0.0992981
35935	0.0989862
35936	0.0986743
35937	0.0983622
35938	0.0980501
35939	0.0977378
35940	0.0974254
35941	0.097113
35942	0.0968005
35943	0.0964878
35944	0.0961751
35945	0.0958623
35946	0.0955494
35947	0.0952364
35948	0.0949233
35949	0.0946101
35950	0.0942968
35951	0.0939834
35952	0.0936699
35953	0.0933564
35954	0.0930427
35955	0.092729
35956	0.0924151
35957	0.0921012
35958	0.0917872
35959	0.0914731
35960	0.0911589
35961	0.0908446
35962	0.0905303
35963	0.0902158
35964	0.0899012
35965	0.0895866
35966	0.0892719
35967	0.0889571
35968	0.0886422
35969	0.0883272
35970	0.0880121
35971	0.087697
35972	0.0873817
35973	0.0870664
35974	0.086751
35975	0.0864355
35976	0.0861199
35977	0.0858042
35978	0.0854884
35979	0.0851726
35980	0.0848567
35981	0.0845407
35982	0.0842246
35983	0.0839084
35984	0.0835921
35985	0.0832758
35986	0.0829594
35987	0.0826429
35988	0.0823263
35989	0.0820096
35990	0.0816929
35991	0.0813761
35992	0.0810591
35993	0.0807422
35994	0.0804251
35995	0.0801079
35996	0.0797907
35997	0.0794734
35998	0.079156
35999	0.0788386
36000	0.078521
36001	0.0782034
36002	0.0778857
36003	0.0775679
36004	0.0772501
36005	0.0769321
36006	0.0766141
36007	0.076296
36008	0.0759779
36009	0.0756597
36010	0.0753413
36011	0.075023
36012	0.0747045
36013	0.074386
36014	0.0740674
36015	0.0737487
36016	0.0734299
36017	0.0731111
36018	0.0727922
36019	0.0724732
36020	0.0721542
36021	0.0718351
36022	0.0715159
36023	0.0711966
36024	0.0708773
36025	0.0705579
36026	0.0702384
36027	0.0699188
36028	0.0695992
36029	0.0692795
36030	0.0689598
36031	0.06864
36032	0.0683201
36033	0.0680001
36034	0.0676801
36035	0.06736
36036	0.0670398
36037	0.0667196
36038	0.0663993
36039	0.0660789
36040	0.0657585
36041	0.065438
36042	0.0651174
36043	0.0647968
36044	0.0644761
36045	0.0641553
36046	0.0638345
36047	0.0635136
36048	0.0631926
36049	0.0628716
36050	0.0625505
36051	0.0622293
36052	0.0619081
36053	0.0615869
36054	0.0612655
36055	0.0609441
36056	0.0606226
36057	0.0603011
36058	0.0599795
36059	0.0596579
36060	0.0593362
36061	0.0590144
36062	0.0586926
36063	0.0583707
36064	0.0580487
36065	0.0577267
36066	0.0574046
36067	0.0570825
36068	0.0567603
36069	0.0564381
36070	0.0561158
36071	0.0557934
36072	0.055471
36073	0.0551485
36074	0.054826
36075	0.0545034
36076	0.0541808
36077	0.0538581
36078	0.0535353
36079	0.0532125
36080	0.0528896
36081	0.0525667
36082	0.0522437
36083	0.0519207
36084	0.0515976
36085	0.0512745
36086	0.0509513
36087	0.0506281
36088	0.0503048
36089	0.0499814
36090	0.049658
36091	0.0493346
36092	0.0490111
36093	0.0486875
36094	0.0483639
36095	0.0480402
36096	0.0477165
36097	0.0473928
36098	0.047069
36099	0.0467451
36100	0.0464212
36101	0.0460973
36102	0.0457733
36103	0.0454492
36104	0.0451251
36105	0.044801
36106	0.0444768
36107	0.0441525
36108	0.0438283
36109	0.0435039
36110	0.0431796
36111	0.0428551
36112	0.0425307
36113	0.0422061
36114	0.0418816
36115	0.041557
36116	0.0412323
36117	0.0409077
36118	0.0405829
36119	0.0402581
36120	0.0399333
36121	0.0396085
36122	0.0392836
36123	0.0389586
36124	0.0386336
36125	0.0383086
36126	0.0379835
36127	0.0376584
36128	0.0373333
36129	0.0370081
36130	0.0366828
36131	0.0363576
36132	0.0360323
36133	0.0357069
36134	0.0353815
36135	0.0350561
36136	0.0347306
36137	0.0344051
36138	0.0340796
36139	0.033754
36140	0.0334284
36141	0.0331028
36142	0.0327771
36143	0.0324513
36144	0.0321256
36145	0.0317998
36146	0.031474
36147	0.0311481
36148	0.0308222
36149	0.0304963
36150	0.0301703
36151	0.0298443
36152	0.0295183
36153	0.0291922
36154	0.0288661
36155	0.02854
36156	0.0282139
36157	0.0278877
36158	0.0275614
36159	0.0272352
36160	0.0269089
36161	0.0265826
36162	0.0262563
36163	0.0259299
36164	0.0256035
36165	0.0252771
36166	0.0249506
36167	0.0246241
36168	0.0242976
36169	0.0239711
36170	0.0236445
36171	0.0233179
36172	0.0229913
36173	0.0226646
36174	0.0223379
36175	0.0220112
36176	0.0216845
36177	0.0213578
36178	0.021031
36179	0.0207042
36180	0.0203774
36181	0.0200505
36182	0.0197236
36183	0.0193967
36184	0.0190698
36185	0.0187429
36186	0.0184159
36187	0.0180889
36188	0.0177619
36189	0.0174349
36190	0.0171078
36191	0.0167808
36192	0.0164537
36193	0.0161266
36194	0.0157994
36195	0.0154723
36196	0.0151451
36197	0.0148179
36198	0.0144907
36199	0.0141635
36200	0.0138362
36201	0.013509
36202	0.0131817
36203	0.0128544
36204	0.0125271
36205	0.0121997
36206	0.0118724
36207	0.011545
36208	0.0112177
36209	0.0108903
36210	0.0105629
36211	0.0102354
36212	0.00990801
36213	0.00958056
36214	0.00925309
36215	0.00892562
36216	0.00859813
36217	0.00827063
36218	0.00794311
36219	0.00761558
36220	0.00728805
36221	0.0069605
36222	0.00663294
36223	0.00630537
36224	0.00597778
36225	0.00565019
36226	0.00532259
36227	0.00499498
36228	0.00466736
36229	0.00433973
36230	0.00401209
36231	0.00368445
36232	0.00335679
36233	0.00302913
36234	0.00270146
36235	0.00237379
36236	0.00204611
36237	0.00171842
36238	0.00139073
36239	0.00106303
36240	0.00073532
36241	0.00040761
36242	7.98946e-05
36243	-0.000247825
36244	-0.000575548
36245	-0.000903276
36246	-0.00123101
36247	-0.00155874
36248	-0.00188648
36249	-0.00221422
36250	-0.00254196
36251	-0.0028697
36252	-0.00319745
36253	-0.00352519
36254	-0.00385294
36255	-0.00418069
36256	-0.00450844
36257	-0.00483619
36258	-0.00516393
36259	-0.00549168
36260	-0.00581943
36261	-0.00614717
36262	-0.00647492
36263	-0.00680266
36264	-0.0071304
36265	-0.00745813
36266	-0.00778587
36267	-0.0081136
36268	-0.00844133
36269	-0.00876905
36270	-0.00909677
36271	-0.00942449
36272	-0.0097522
36273	-0.0100799
36274	-0.0104076
36275	-0.0107353
36276	-0.011063
36277	-0.0113907
36278	-0.0117183
36279	-0.012046
36280	-0.0123737
36281	-0.0127013
36282	-0.013029
36283	-0.0133566
36284	-0.0136842
36285	-0.0140119
36286	-0.0143395
36287	-0.0146671
36288	-0.0149947
36289	-0.0153222
36290	-0.0156498
36291	-0.0159774
36292	-0.0163049
36293	-0.0166325
36294	-0.01696
36295	-0.0172875
36296	-0.017615
36297	-0.0179425
36298	-0.01827
36299	-0.0185974
36300	-0.0189249
36301	-0.0192523
36302	-0.0195797
36303	-0.0199072
36304	-0.0202345
36305	-0.0205619
36306	-0.0208893
36307	-0.0212166
36308	-0.021544
36309	-0.0218713
36310	-0.0221986
36311	-0.0225259
36312	-0.0228531
36313	-0.0231804
36314	-0.0235076
36315	-0.0238348
36316	-0.024162
36317	-0.0244892
36318	-0.0248163
36319	-0.0251434
36320	-0.0254706
36321	-0.0257976
36322	-0.0261247
36323	-0.0264518
36324	-0.0267788
36325	-0.0271058
36326	-0.0274328
36327	-0.0277598
36328	-0.0280867
36329	-0.0284136
36330	-0.0287405
36331	-0.0290674
36332	-0.0293942
36333	-0.0297211
36334	-0.0300479
36335	-0.0303746
36336	-0.0307014
36337	-0.0310281
36338	-0.0313548
36339	-0.0316815
36340	-0.0320081
36341	-0.0323348
36342	-0.0326614
36343	-0.0329879
36344	-0.0333145
36345	-0.033641
36346	-0.0339675
36347	-0.0342939
36348	-0.0346203
36349	-0.0349467
36350	-0.0352731
36351	-0.0355995
36352	-0.0359258
36353	-0.036252
36354	-0.0365783
36355	-0.0369045
36356	-0.0372307
36357	-0.0375569
36358	-0.037883
36359	-0.0382091
36360	-0.0385351
36361	-0.0388612
36362	-0.0391871
36363	-0.0395131
36364	-0.039839
36365	-0.0401649
36366	-0.0404908
36367	-0.0408166
36368	-0.0411424
36369	-0.0414682
36370	-0.0417939
36371	-0.0421195
36372	-0.0424452
36373	-0.0427708
36374	-0.0430964
36375	-0.0434219
36376	-0.0437474
36377	-0.0440729
36378	-0.0443983
36379	-0.0447237
36380	-0.045049
36381	-0.0453743
36382	-0.0456996
36383	-0.0460248
36384	-0.04635
36385	-0.0466752
36386	-0.0470003
36387	-0.0473253
36388	-0.0476503
36389	-0.0479753
36390	-0.0483003
36391	-0.0486252
36392	-0.04895
36393	-0.0492748
36394	-0.0495996
36395	-0.0499243
36396	-0.050249
36397	-0.0505737
36398	-0.0508983
36399	-0.0512228
36400	-0.0515473
36401	-0.0518718
36402	-0.0521962
36403	-0.0525206
36404	-0.0528449
36405	-0.0531692
36406	-0.0534934
36407	-0.0538176
36408	-0.0541417
36409	-0.0544658
36410	-0.0547898
36411	-0.0551138
36412	-0.0554378
36413	-0.0557617
36414	-0.0560855
36415	-0.0564093
36416	-0.056733
36417	-0.0570567
36418	-0.0573804
36419	-0.057704
36420	-0.0580275
36421	-0.058351
36422	-0.0586744
36423	-0.0589978
36424	-0.0593212
36425	-0.0596445
36426	-0.0599677
36427	-0.0602909
36428	-0.060614
36429	-0.060937
36430	-0.0612601
36431	-0.061583
36432	-0.0619059
36433	-0.0622288
36434	-0.0625516
36435	-0.0628743
36436	-0.063197
36437	-0.0635196
36438	-0.0638422
36439	-0.0641647
36440	-0.0644872
36441	-0.0648095
36442	-0.0651319
36443	-0.0654542
36444	-0.0657764
36445	-0.0660986
36446	-0.0664207
36447	-0.0667427
36448	-0.0670647
36449	-0.0673866
36450	-0.0677085
36451	-0.0680303
36452	-0.068352
36453	-0.0686737
36454	-0.0689953
36455	-0.0693169
36456	-0.0696384
36457	-0.0699598
36458	-0.0702812
36459	-0.0706025
36460	-0.0709237
36461	-0.0712449
36462	-0.071566
36463	-0.0718871
36464	-0.0722081
36465	-0.072529
36466	-0.0728498
36467	-0.0731706
36468	-0.0734914
36469	-0.073812
36470	-0.0741326
36471	-0.0744531
36472	-0.0747736
36473	-0.075094
36474	-0.0754143
36475	-0.0757345
36476	-0.0760547
36477	-0.0763748
36478	-0.0766949
36479	-0.0770149
36480	-0.0773348
36481	-0.0776546
36482	-0.0779744
36483	-0.0782941
36484	-0.0786137
36485	-0.0789332
36486	-0.0792527
36487	-0.0795721
36488	-0.0798915
36489	-0.0802107
36490	-0.0805299
36491	-0.080849
36492	-0.0811681
36493	-0.0814871
36494	-0.081806
36495	-0.0821248
36496	-0.0824435
36497	-0.0827622
36498	-0.0830808
36499	-0.0833993
36500	-0.0837178
36501	-0.0840361
36502	-0.0843544
36503	-0.0846726
36504	-0.0849908
36505	-0.0853088
36506	-0.0856268
36507	-0.0859447
36508	-0.0862626
36509	-0.0865803
36510	-0.086898
36511	-0.0872156
36512	-0.0875331
36513	-0.0878505
36514	-0.0881678
36515	-0.0884851
36516	-0.0888023
36517	-0.0891194
36518	-0.0894364
36519	-0.0897534
36520	-0.0900702
36521	-0.090387
36522	-0.0907037
36523	-0.0910203
36524	-0.0913368
36525	-0.0916533
36526	-0.0919696
36527	-0.0922859
36528	-0.0926021
36529	-0.0929182
36530	-0.0932342
36531	-0.0935501
36532	-0.093866
36533	-0.0941817
36534	-0.0944974
36535	-0.094813
36536	-0.0951285
36537	-0.0954439
36538	-0.0957592
36539	-0.0960745
36540	-0.0963896
36541	-0.0967047
36542	-0.0970196
36543	-0.0973345
36544	-0.0976493
36545	-0.097964
36546	-0.0982786
36547	-0.0985931
36548	-0.0989075
36549	-0.0992219
36550	-0.0995361
36551	-0.0998503
36552	-0.100164
36553	-0.100478
36554	-0.100792
36555	-0.101106
36556	-0.10142
36557	-0.101733
36558	-0.102047
36559	-0.10236
36560	-0.102673
36561	-0.102987
36562	-0.1033
36563	-0.103613
36564	-0.103926
36565	-0.104239
36566	-0.104551
36567	-0.104864
36568	-0.105176
36569	-0.105489
36570	-0.105801
36571	-0.106113
36572	-0.106426
36573	-0.106738
36574	-0.10705
36575	-0.107361
36576	-0.107673
36577	-0.107985
36578	-0.108296
36579	-0.108608
36580	-0.108919
36581	-0.10923
36582	-0.109542
36583	-0.109853
36584	-0.110163
36585	-0.110474
36586	-0.110785
36587	-0.111096
36588	-0.111406
36589	-0.111717
36590	-0.112027
36591	-0.112337
36592	-0.112647
36593	-0.112957
36594	-0.113267
36595	-0.113577
36596	-0.113887
36597	-0.114196
36598	-0.114506
36599	-0.114815
36600	-0.115124
36601	-0.115433
36602	-0.115742
36603	-0.116051
36604	-0.11636
36605	-0.116669
36606	-0.116978
36607	-0.117286
36608	-0.117594
36609	-0.117903
36610	-0.118211
36611	-0.118519
36612	-0.118827
36613	-0.119135
36614	-0.119442
36615	-0.11975
36616	-0.120057
36617	-0.120365
36618	-0.120672
36619	-0.120979
36620	-0.121286
36621	-0.121593
36622	-0.1219
36623	-0.122207
36624	-0.122513
36625	-0.12282
36626	-0.123126
36627	-0.123432
36628	-0.123739
36629	-0.124045
36630	-0.12435
36631	-0.124656
36632	-0.124962
36633	-0.125267
36634	-0.125573
36635	-0.125878
36636	-0.126183
36637	-0.126488
36638	-0.126793
36639	-0.127098
36640	-0.127403
36641	-0.127707
36642	-0.128012
36643	-0.128316
36644	-0.12862
36645	-0.128925
36646	-0.129229
36647	-0.129532
36648	-0.129836
36649	-0.13014
36650	-0.130443
36651	-0.130747
36652	-0.13105
36653	-0.131353
36654	-0.131656
36655	-0.131959
36656	-0.132262
36657	-0.132564
36658	-0.132867
36659	-0.133169
36660	-0.133471
36661	-0.133773
36662	-0.134075
36663	-0.134377
36664	-0.134679
36665	-0.134981
36666	-0.135282
36667	-0.135583
36668	-0.135885
36669	-0.136186
36670	-0.136487
36671	-0.136788
36672	-0.137088
36673	-0.137389
36674	-0.137689
36675	-0.13799
36676	-0.13829
36677	-0.13859
36678	-0.13889
36679	-0.13919
36680	-0.139489
36681	-0.139789
36682	-0.140088
36683	-0.140387
36684	-0.140687
36685	-0.140986
36686	-0.141284
36687	-0.141583
36688	-0.141882
36689	-0.14218
36690	-0.142479
36691	-0.142777
36692	-0.143075
36693	-0.143373
36694	-0.143671
36695	-0.143968
36696	-0.144266
36697	-0.144563
36698	-0.14486
36699	-0.145157
36700	-0.145454
36701	-0.145751
36702	-0.146048
36703	-0.146345
36704	-0.146641
36705	-0.146937
36706	-0.147233
36707	-0.147529
36708	-0.147825
36709	-0.148121
36710	-0.148416
36711	-0.148712
36712	-0.149007
36713	-0.149302
36714	-0.149597
36715	-0.149892
36716	-0.150187
36717	-0.150481
36718	-0.150776
36719	-0.15107
36720	-0.151364
36721	-0.151658
36722	-0.151952
36723	-0.152246
36724	-0.152539
36725	-0.152833
36726	-0.153126
36727	-0.153419
36728	-0.153712
36729	-0.154005
36730	-0.154298
36731	-0.15459
36732	-0.154883
36733	-0.155175
36734	-0.155467
36735	-0.155759
36736	-0.156051
36737	-0.156343
36738	-0.156634
36739	-0.156925
36740	-0.157217
36741	-0.157508
36742	-0.157799
36743	-0.158089
36744	-0.15838
36745	-0.15867
36746	-0.158961
36747	-0.159251
36748	-0.159541
36749	-0.159831
36750	-0.16012
36751	-0.16041
36752	-0.160699
36753	-0.160989
36754	-0.161278
36755	-0.161567
36756	-0.161855
36757	-0.162144
36758	-0.162432
36759	-0.162721
36760	-0.163009
36761	-0.163297
36762	-0.163585
36763	-0.163872
36764	-0.16416
36765	-0.164447
36766	-0.164735
36767	-0.165022
36768	-0.165309
36769	-0.165595
36770	-0.165882
36771	-0.166168
36772	-0.166455
36773	-0.166741
36774	-0.167027
36775	-0.167312
36776	-0.167598
36777	-0.167883
36778	-0.168169
36779	-0.168454
36780	-0.168739
36781	-0.169024
36782	-0.169308
36783	-0.169593
36784	-0.169877
36785	-0.170161
36786	-0.170445
36787	-0.170729
36788	-0.171013
36789	-0.171296
36790	-0.17158
36791	-0.171863
36792	-0.172146
36793	-0.172429
36794	-0.172712
36795	-0.172994
36796	-0.173276
36797	-0.173559
36798	-0.173841
36799	-0.174123
36800	-0.174404
36801	-0.174686
36802	-0.174967
36803	-0.175248
36804	-0.175529
36805	-0.17581
36806	-0.176091
36807	-0.176371
36808	-0.176652
36809	-0.176932
36810	-0.177212
36811	-0.177492
36812	-0.177771
36813	-0.178051
36814	-0.17833
36815	-0.178609
36816	-0.178888
36817	-0.179167
36818	-0.179446
36819	-0.179724
36820	-0.180003
36821	-0.180281
36822	-0.180559
36823	-0.180837
36824	-0.181114
36825	-0.181392
36826	-0.181669
36827	-0.181946
36828	-0.182223
36829	-0.1825
36830	-0.182776
36831	-0.183053
36832	-0.183329
36833	-0.183605
36834	-0.183881
36835	-0.184156
36836	-0.184432
36837	-0.184707
36838	-0.184982
36839	-0.185257
36840	-0.185532
36841	-0.185807
36842	-0.186081
36843	-0.186355
36844	-0.186629
36845	-0.186903
36846	-0.187177
36847	-0.187451
36848	-0.187724
36849	-0.187997
36850	-0.18827
36851	-0.188543
36852	-0.188816
36853	-0.189088
36854	-0.18936
36855	-0.189632
36856	-0.189904
36857	-0.190176
36858	-0.190448
36859	-0.190719
36860	-0.19099
36861	-0.191261
36862	-0.191532
36863	-0.191803
36864	-0.192073
36865	-0.192343
36866	-0.192613
36867	-0.192883
36868	-0.193153
36869	-0.193422
36870	-0.193692
36871	-0.193961
36872	-0.19423
36873	-0.194499
36874	-0.194767
36875	-0.195036
36876	-0.195304
36877	-0.195572
36878	-0.19584
36879	-0.196107
36880	-0.196375
36881	-0.196642
36882	-0.196909
36883	-0.197176
36884	-0.197443
36885	-0.197709
36886	-0.197976
36887	-0.198242
36888	-0.198508
36889	-0.198773
36890	-0.199039
36891	-0.199304
36892	-0.199569
36893	-0.199834
36894	-0.200099
36895	-0.200364
36896	-0.200628
36897	-0.200892
36898	-0.201157
36899	-0.20142
36900	-0.201684
36901	-0.201947
36902	-0.202211
36903	-0.202474
36904	-0.202737
36905	-0.202999
36906	-0.203262
36907	-0.203524
36908	-0.203786
36909	-0.204048
36910	-0.20431
36911	-0.204571
36912	-0.204833
36913	-0.205094
36914	-0.205355
36915	-0.205615
36916	-0.205876
36917	-0.206136
36918	-0.206396
36919	-0.206656
36920	-0.206916
36921	-0.207175
36922	-0.207435
36923	-0.207694
36924	-0.207953
36925	-0.208211
36926	-0.20847
36927	-0.208728
36928	-0.208986
36929	-0.209244
36930	-0.209502
36931	-0.20976
36932	-0.210017
36933	-0.210274
36934	-0.210531
36935	-0.210788
36936	-0.211044
36937	-0.2113
36938	-0.211557
36939	-0.211812
36940	-0.212068
36941	-0.212324
36942	-0.212579
36943	-0.212834
36944	-0.213089
36945	-0.213344
36946	-0.213598
36947	-0.213852
36948	-0.214106
36949	-0.21436
36950	-0.214614
36951	-0.214867
36952	-0.215121
36953	-0.215374
36954	-0.215626
36955	-0.215879
36956	-0.216132
36957	-0.216384
36958	-0.216636
36959	-0.216888
36960	-0.217139
36961	-0.21739
36962	-0.217642
36963	-0.217893
36964	-0.218143
36965	-0.218394
36966	-0.218644
36967	-0.218894
36968	-0.219144
36969	-0.219394
36970	-0.219643
36971	-0.219893
36972	-0.220142
36973	-0.220391
36974	-0.220639
36975	-0.220888
36976	-0.221136
36977	-0.221384
36978	-0.221632
36979	-0.221879
36980	-0.222127
36981	-0.222374
36982	-0.222621
36983	-0.222867
36984	-0.223114
36985	-0.22336
36986	-0.223606
36987	-0.223852
36988	-0.224098
36989	-0.224343
36990	-0.224588
36991	-0.224833
36992	-0.225078
36993	-0.225323
36994	-0.225567
36995	-0.225811
36996	-0.226055
36997	-0.226299
36998	-0.226542
36999	-0.226785
37000	-0.227028
37001	-0.227271
37002	-0.227514
37003	-0.227756
37004	-0.227998
37005	-0.22824
37006	-0.228482
37007	-0.228724
37008	-0.228965
37009	-0.229206
37010	-0.229447
37011	-0.229687
37012	-0.229928
37013	-0.230168
37014	-0.230408
37015	-0.230648
37016	-0.230887
37017	-0.231126
37018	-0.231365
37019	-0.231604
37020	-0.231843
37021	-0.232081
37022	-0.232319
37023	-0.232557
37024	-0.232795
37025	-0.233033
37026	-0.23327
37027	-0.233507
37028	-0.233744
37029	-0.23398
37030	-0.234217
37031	-0.234453
37032	-0.234689
37033	-0.234924
37034	-0.23516
37035	-0.235395
37036	-0.23563
37037	-0.235865
37038	-0.236099
37039	-0.236334
37040	-0.236568
37041	-0.236802
37042	-0.237035
37043	-0.237269
37044	-0.237502
37045	-0.237735
37046	-0.237967
37047	-0.2382
37048	-0.238432
37049	-0.238664
37050	-0.238896
37051	-0.239127
37052	-0.239359
37053	-0.23959
37054	-0.239821
37055	-0.240051
37056	-0.240282
37057	-0.240512
37058	-0.240742
37059	-0.240972
37060	-0.241201
37061	-0.24143
37062	-0.241659
37063	-0.241888
37064	-0.242117
37065	-0.242345
37066	-0.242573
37067	-0.242801
37068	-0.243028
37069	-0.243256
37070	-0.243483
37071	-0.24371
37072	-0.243936
37073	-0.244163
37074	-0.244389
37075	-0.244615
37076	-0.244841
37077	-0.245066
37078	-0.245291
37079	-0.245516
37080	-0.245741
37081	-0.245966
37082	-0.24619
37083	-0.246414
37084	-0.246638
37085	-0.246861
37086	-0.247085
37087	-0.247308
37088	-0.24753
37089	-0.247753
37090	-0.247975
37091	-0.248198
37092	-0.248419
37093	-0.248641
37094	-0.248862
37095	-0.249084
37096	-0.249305
37097	-0.249525
37098	-0.249746
37099	-0.249966
37100	-0.250186
37101	-0.250406
37102	-0.250625
37103	-0.250844
37104	-0.251063
37105	-0.251282
37106	-0.2515
37107	-0.251719
37108	-0.251937
37109	-0.252155
37110	-0.252372
37111	-0.252589
37112	-0.252806
37113	-0.253023
37114	-0.25324
37115	-0.253456
37116	-0.253672
37117	-0.253888
37118	-0.254103
37119	-0.254319
37120	-0.254534
37121	-0.254749
37122	-0.254963
37123	-0.255178
37124	-0.255392
37125	-0.255606
37126	-0.255819
37127	-0.256033
37128	-0.256246
37129	-0.256458
37130	-0.256671
37131	-0.256883
37132	-0.257096
37133	-0.257307
37134	-0.257519
37135	-0.25773
37136	-0.257941
37137	-0.258152
37138	-0.258363
37139	-0.258573
37140	-0.258783
37141	-0.258993
37142	-0.259203
37143	-0.259412
37144	-0.259621
37145	-0.25983
37146	-0.260039
37147	-0.260247
37148	-0.260455
37149	-0.260663
37150	-0.260871
37151	-0.261078
37152	-0.261285
37153	-0.261492
37154	-0.261699
37155	-0.261905
37156	-0.262111
37157	-0.262317
37158	-0.262523
37159	-0.262728
37160	-0.262933
37161	-0.263138
37162	-0.263342
37163	-0.263547
37164	-0.263751
37165	-0.263955
37166	-0.264158
37167	-0.264362
37168	-0.264565
37169	-0.264767
37170	-0.26497
37171	-0.265172
37172	-0.265374
37173	-0.265576
37174	-0.265777
37175	-0.265979
37176	-0.26618
37177	-0.26638
37178	-0.266581
37179	-0.266781
37180	-0.266981
37181	-0.267181
37182	-0.26738
37183	-0.26758
37184	-0.267778
37185	-0.267977
37186	-0.268176
37187	-0.268374
37188	-0.268572
37189	-0.268769
37190	-0.268967
37191	-0.269164
37192	-0.269361
37193	-0.269557
37194	-0.269754
37195	-0.26995
37196	-0.270146
37197	-0.270341
37198	-0.270537
37199	-0.270732
37200	-0.270926
37201	-0.271121
37202	-0.271315
37203	-0.271509
37204	-0.271703
37205	-0.271896
37206	-0.27209
37207	-0.272283
37208	-0.272475
37209	-0.272668
37210	-0.27286
37211	-0.273052
37212	-0.273243
37213	-0.273435
37214	-0.273626
37215	-0.273817
37216	-0.274007
37217	-0.274198
37218	-0.274388
37219	-0.274578
37220	-0.274767
37221	-0.274956
37222	-0.275145
37223	-0.275334
37224	-0.275523
37225	-0.275711
37226	-0.275899
37227	-0.276087
37228	-0.276274
37229	-0.276461
37230	-0.276648
37231	-0.276835
37232	-0.277021
37233	-0.277207
37234	-0.277393
37235	-0.277578
37236	-0.277764
37237	-0.277949
37238	-0.278134
37239	-0.278318
37240	-0.278502
37241	-0.278686
37242	-0.27887
37243	-0.279053
37244	-0.279236
37245	-0.279419
37246	-0.279602
37247	-0.279784
37248	-0.279966
37249	-0.280148
37250	-0.28033
37251	-0.280511
37252	-0.280692
37253	-0.280873
37254	-0.281053
37255	-0.281233
37256	-0.281413
37257	-0.281593
37258	-0.281772
37259	-0.281951
37260	-0.28213
37261	-0.282309
37262	-0.282487
37263	-0.282665
37264	-0.282843
37265	-0.28302
37266	-0.283197
37267	-0.283374
37268	-0.283551
37269	-0.283727
37270	-0.283903
37271	-0.284079
37272	-0.284255
37273	-0.28443
37274	-0.284605
37275	-0.28478
37276	-0.284954
37277	-0.285129
37278	-0.285302
37279	-0.285476
37280	-0.285649
37281	-0.285823
37282	-0.285995
37283	-0.286168
37284	-0.28634
37285	-0.286512
37286	-0.286684
37287	-0.286855
37288	-0.287027
37289	-0.287197
37290	-0.287368
37291	-0.287538
37292	-0.287708
37293	-0.287878
37294	-0.288048
37295	-0.288217
37296	-0.288386
37297	-0.288555
37298	-0.288723
37299	-0.288891
37300	-0.289059
37301	-0.289227
37302	-0.289394
37303	-0.289561
37304	-0.289728
37305	-0.289894
37306	-0.29006
37307	-0.290226
37308	-0.290392
37309	-0.290557
37310	-0.290722
37311	-0.290887
37312	-0.291051
37313	-0.291216
37314	-0.29138
37315	-0.291543
37316	-0.291707
37317	-0.29187
37318	-0.292033
37319	-0.292195
37320	-0.292357
37321	-0.292519
37322	-0.292681
37323	-0.292842
37324	-0.293004
37325	-0.293164
37326	-0.293325
37327	-0.293485
37328	-0.293645
37329	-0.293805
37330	-0.293964
37331	-0.294124
37332	-0.294282
37333	-0.294441
37334	-0.294599
37335	-0.294757
37336	-0.294915
37337	-0.295073
37338	-0.29523
37339	-0.295387
37340	-0.295543
37341	-0.2957
37342	-0.295856
37343	-0.296011
37344	-0.296167
37345	-0.296322
37346	-0.296477
37347	-0.296631
37348	-0.296786
37349	-0.29694
37350	-0.297094
37351	-0.297247
37352	-0.2974
37353	-0.297553
37354	-0.297706
37355	-0.297858
37356	-0.29801
37357	-0.298162
37358	-0.298313
37359	-0.298464
37360	-0.298615
37361	-0.298766
37362	-0.298916
37363	-0.299066
37364	-0.299216
37365	-0.299365
37366	-0.299515
37367	-0.299664
37368	-0.299812
37369	-0.29996
37370	-0.300108
37371	-0.300256
37372	-0.300404
37373	-0.300551
37374	-0.300698
37375	-0.300844
37376	-0.30099
37377	-0.301136
37378	-0.301282
37379	-0.301428
37380	-0.301573
37381	-0.301717
37382	-0.301862
37383	-0.302006
37384	-0.30215
37385	-0.302294
37386	-0.302437
37387	-0.30258
37388	-0.302723
37389	-0.302866
37390	-0.303008
37391	-0.30315
37392	-0.303291
37393	-0.303433
37394	-0.303574
37395	-0.303714
37396	-0.303855
37397	-0.303995
37398	-0.304135
37399	-0.304275
37400	-0.304414
37401	-0.304553
37402	-0.304692
37403	-0.30483
37404	-0.304968
37405	-0.305106
37406	-0.305243
37407	-0.305381
37408	-0.305518
37409	-0.305654
37410	-0.305791
37411	-0.305927
37412	-0.306062
37413	-0.306198
37414	-0.306333
37415	-0.306468
37416	-0.306603
37417	-0.306737
37418	-0.306871
37419	-0.307005
37420	-0.307138
37421	-0.307271
37422	-0.307404
37423	-0.307536
37424	-0.307669
37425	-0.307801
37426	-0.307932
37427	-0.308064
37428	-0.308195
37429	-0.308325
37430	-0.308456
37431	-0.308586
37432	-0.308716
37433	-0.308845
37434	-0.308975
37435	-0.309104
37436	-0.309232
37437	-0.309361
37438	-0.309489
37439	-0.309616
37440	-0.309744
37441	-0.309871
37442	-0.309998
37443	-0.310125
37444	-0.310251
37445	-0.310377
37446	-0.310502
37447	-0.310628
37448	-0.310753
37449	-0.310878
37450	-0.311002
37451	-0.311126
37452	-0.31125
37453	-0.311374
37454	-0.311497
37455	-0.31162
37456	-0.311743
37457	-0.311865
37458	-0.311987
37459	-0.312109
37460	-0.312231
37461	-0.312352
37462	-0.312473
37463	-0.312593
37464	-0.312714
37465	-0.312834
37466	-0.312953
37467	-0.313073
37468	-0.313192
37469	-0.313311
37470	-0.313429
37471	-0.313547
37472	-0.313665
37473	-0.313783
37474	-0.3139
37475	-0.314017
37476	-0.314134
37477	-0.31425
37478	-0.314366
37479	-0.314482
37480	-0.314597
37481	-0.314713
37482	-0.314827
37483	-0.314942
37484	-0.315056
37485	-0.31517
37486	-0.315284
37487	-0.315397
37488	-0.31551
37489	-0.315623
37490	-0.315735
37491	-0.315848
37492	-0.315959
37493	-0.316071
37494	-0.316182
37495	-0.316293
37496	-0.316404
37497	-0.316514
37498	-0.316624
37499	-0.316734
37500	-0.316843
37501	-0.316952
37502	-0.317061
37503	-0.317169
37504	-0.317278
37505	-0.317385
37506	-0.317493
37507	-0.3176
37508	-0.317707
37509	-0.317814
37510	-0.31792
37511	-0.318026
37512	-0.318132
37513	-0.318238
37514	-0.318343
37515	-0.318447
37516	-0.318552
37517	-0.318656
37518	-0.31876
37519	-0.318864
37520	-0.318967
37521	-0.31907
37522	-0.319173
37523	-0.319275
37524	-0.319377
37525	-0.319479
37526	-0.31958
37527	-0.319681
37528	-0.319782
37529	-0.319883
37530	-0.319983
37531	-0.320083
37532	-0.320182
37533	-0.320282
37534	-0.320381
37535	-0.320479
37536	-0.320578
37537	-0.320676
37538	-0.320774
37539	-0.320871
37540	-0.320968
37541	-0.321065
37542	-0.321162
37543	-0.321258
37544	-0.321354
37545	-0.321449
37546	-0.321545
37547	-0.321639
37548	-0.321734
37549	-0.321829
37550	-0.321923
37551	-0.322016
37552	-0.32211
37553	-0.322203
37554	-0.322296
37555	-0.322388
37556	-0.32248
37557	-0.322572
37558	-0.322664
37559	-0.322755
37560	-0.322846
37561	-0.322937
37562	-0.323027
37563	-0.323117
37564	-0.323207
37565	-0.323296
37566	-0.323385
37567	-0.323474
37568	-0.323562
37569	-0.323651
37570	-0.323738
37571	-0.323826
37572	-0.323913
37573	-0.324
37574	-0.324087
37575	-0.324173
37576	-0.324259
37577	-0.324345
37578	-0.32443
37579	-0.324515
37580	-0.3246
37581	-0.324684
37582	-0.324768
37583	-0.324852
37584	-0.324936
37585	-0.325019
37586	-0.325102
37587	-0.325184
37588	-0.325266
37589	-0.325348
37590	-0.32543
37591	-0.325511
37592	-0.325592
37593	-0.325673
37594	-0.325753
37595	-0.325833
37596	-0.325913
37597	-0.325992
37598	-0.326071
37599	-0.32615
37600	-0.326229
37601	-0.326307
37602	-0.326385
37603	-0.326462
37604	-0.32654
37605	-0.326616
37606	-0.326693
37607	-0.326769
37608	-0.326845
37609	-0.326921
37610	-0.326996
37611	-0.327071
37612	-0.327146
37613	-0.32722
37614	-0.327294
37615	-0.327368
37616	-0.327442
37617	-0.327515
37618	-0.327588
37619	-0.32766
37620	-0.327732
37621	-0.327804
37622	-0.327876
37623	-0.327947
37624	-0.328018
37625	-0.328089
37626	-0.328159
37627	-0.328229
37628	-0.328299
37629	-0.328368
37630	-0.328437
37631	-0.328506
37632	-0.328574
37633	-0.328642
37634	-0.32871
37635	-0.328777
37636	-0.328845
37637	-0.328911
37638	-0.328978
37639	-0.329044
37640	-0.32911
37641	-0.329176
37642	-0.329241
37643	-0.329306
37644	-0.32937
37645	-0.329435
37646	-0.329499
37647	-0.329562
37648	-0.329626
37649	-0.329689
37650	-0.329752
37651	-0.329814
37652	-0.329876
37653	-0.329938
37654	-0.329999
37655	-0.33006
37656	-0.330121
37657	-0.330182
37658	-0.330242
37659	-0.330302
37660	-0.330361
37661	-0.330421
37662	-0.33048
37663	-0.330538
37664	-0.330596
37665	-0.330654
37666	-0.330712
37667	-0.330769
37668	-0.330826
37669	-0.330883
37670	-0.33094
37671	-0.330996
37672	-0.331051
37673	-0.331107
37674	-0.331162
37675	-0.331217
37676	-0.331271
37677	-0.331325
37678	-0.331379
37679	-0.331433
37680	-0.331486
37681	-0.331539
37682	-0.331591
37683	-0.331644
37684	-0.331696
37685	-0.331747
37686	-0.331798
37687	-0.331849
37688	-0.3319
37689	-0.33195
37690	-0.332
37691	-0.33205
37692	-0.3321
37693	-0.332149
37694	-0.332197
37695	-0.332246
37696	-0.332294
37697	-0.332342
37698	-0.332389
37699	-0.332436
37700	-0.332483
37701	-0.33253
37702	-0.332576
37703	-0.332622
37704	-0.332667
37705	-0.332713
37706	-0.332757
37707	-0.332802
37708	-0.332846
37709	-0.33289
37710	-0.332934
37711	-0.332977
37712	-0.33302
37713	-0.333063
37714	-0.333105
37715	-0.333147
37716	-0.333189
37717	-0.33323
37718	-0.333272
37719	-0.333312
37720	-0.333353
37721	-0.333393
37722	-0.333433
37723	-0.333472
37724	-0.333511
37725	-0.33355
37726	-0.333589
37727	-0.333627
37728	-0.333665
37729	-0.333702
37730	-0.33374
37731	-0.333777
37732	-0.333813
37733	-0.333849
37734	-0.333885
37735	-0.333921
37736	-0.333956
37737	-0.333991
37738	-0.334026
37739	-0.33406
37740	-0.334094
37741	-0.334128
37742	-0.334162
37743	-0.334195
37744	-0.334227
37745	-0.33426
37746	-0.334292
37747	-0.334324
37748	-0.334355
37749	-0.334386
37750	-0.334417
37751	-0.334448
37752	-0.334478
37753	-0.334508
37754	-0.334537
37755	-0.334567
37756	-0.334596
37757	-0.334624
37758	-0.334652
37759	-0.33468
37760	-0.334708
37761	-0.334735
37762	-0.334762
37763	-0.334789
37764	-0.334815
37765	-0.334841
37766	-0.334867
37767	-0.334892
37768	-0.334918
37769	-0.334942
37770	-0.334967
37771	-0.334991
37772	-0.335015
37773	-0.335038
37774	-0.335061
37775	-0.335084
37776	-0.335106
37777	-0.335129
37778	-0.33515
37779	-0.335172
37780	-0.335193
37781	-0.335214
37782	-0.335235
37783	-0.335255
37784	-0.335275
37785	-0.335294
37786	-0.335314
37787	-0.335333
37788	-0.335351
37789	-0.33537
37790	-0.335388
37791	-0.335405
37792	-0.335423
37793	-0.33544
37794	-0.335456
37795	-0.335473
37796	-0.335489
37797	-0.335505
37798	-0.33552
37799	-0.335535
37800	-0.33555
37801	-0.335564
37802	-0.335579
37803	-0.335592
37804	-0.335606
37805	-0.335619
37806	-0.335632
37807	-0.335644
37808	-0.335657
37809	-0.335669
37810	-0.33568
37811	-0.335691
37812	-0.335702
37813	-0.335713
37814	-0.335723
37815	-0.335733
37816	-0.335743
37817	-0.335752
37818	-0.335761
37819	-0.33577
37820	-0.335778
37821	-0.335786
37822	-0.335794
37823	-0.335801
37824	-0.335808
37825	-0.335815
37826	-0.335822
37827	-0.335828
37828	-0.335833
37829	-0.335839
37830	-0.335844
37831	-0.335849
37832	-0.335853
37833	-0.335857
37834	-0.335861
37835	-0.335865
37836	-0.335868
37837	-0.335871
37838	-0.335874
37839	-0.335876
37840	-0.335878
37841	-0.335879
37842	-0.335881
37843	-0.335882
37844	-0.335882
37845	-0.335883
37846	-0.335883
37847	-0.335882
37848	-0.335882
37849	-0.335881
37850	-0.335879
37851	-0.335878
37852	-0.335876
37853	-0.335874
37854	-0.335871
37855	-0.335868
37856	-0.335865
37857	-0.335861
37858	-0.335857
37859	-0.335853
37860	-0.335849
37861	-0.335844
37862	-0.335839
37863	-0.335833
37864	-0.335828
37865	-0.335822
37866	-0.335815
37867	-0.335808
37868	-0.335801
37869	-0.335794
37870	-0.335786
37871	-0.335778
37872	-0.33577
37873	-0.335761
37874	-0.335752
37875	-0.335743
37876	-0.335733
37877	-0.335723
37878	-0.335713
37879	-0.335702
37880	-0.335691
37881	-0.33568
37882	-0.335669
37883	-0.335657
37884	-0.335645
37885	-0.335632
37886	-0.335619
37887	-0.335606
37888	-0.335593
37889	-0.335579
37890	-0.335565
37891	-0.33555
37892	-0.335535
37893	-0.33552
37894	-0.335505
37895	-0.335489
37896	-0.335473
37897	-0.335457
37898	-0.33544
37899	-0.335423
37900	-0.335406
37901	-0.335388
37902	-0.33537
37903	-0.335352
37904	-0.335333
37905	-0.335314
37906	-0.335295
37907	-0.335276
37908	-0.335256
37909	-0.335236
37910	-0.335215
37911	-0.335194
37912	-0.335173
37913	-0.335152
37914	-0.33513
37915	-0.335108
37916	-0.335085
37917	-0.335062
37918	-0.335039
37919	-0.335016
37920	-0.334992
37921	-0.334968
37922	-0.334944
37923	-0.334919
37924	-0.334894
37925	-0.334869
37926	-0.334843
37927	-0.334817
37928	-0.334791
37929	-0.334764
37930	-0.334737
37931	-0.33471
37932	-0.334683
37933	-0.334655
37934	-0.334627
37935	-0.334598
37936	-0.334569
37937	-0.33454
37938	-0.334511
37939	-0.334481
37940	-0.334451
37941	-0.33442
37942	-0.33439
37943	-0.334358
37944	-0.334327
37945	-0.334295
37946	-0.334263
37947	-0.334231
37948	-0.334198
37949	-0.334165
37950	-0.334132
37951	-0.334099
37952	-0.334065
37953	-0.33403
37954	-0.333996
37955	-0.333961
37956	-0.333926
37957	-0.33389
37958	-0.333854
37959	-0.333818
37960	-0.333782
37961	-0.333745
37962	-0.333708
37963	-0.33367
37964	-0.333633
37965	-0.333595
37966	-0.333556
37967	-0.333518
37968	-0.333479
37969	-0.333439
37970	-0.3334
37971	-0.33336
37972	-0.333319
37973	-0.333279
37974	-0.333238
37975	-0.333197
37976	-0.333155
37977	-0.333113
37978	-0.333071
37979	-0.333028
37980	-0.332986
37981	-0.332942
37982	-0.332899
37983	-0.332855
37984	-0.332811
37985	-0.332767
37986	-0.332722
37987	-0.332677
37988	-0.332632
37989	-0.332586
37990	-0.33254
37991	-0.332494
37992	-0.332447
37993	-0.3324
37994	-0.332353
37995	-0.332305
37996	-0.332257
37997	-0.332209
37998	-0.332161
37999	-0.332112
38000	-0.332063
38001	-0.332013
38002	-0.331964
38003	-0.331913
38004	-0.331863
38005	-0.331812
38006	-0.331761
38007	-0.33171
38008	-0.331658
38009	-0.331606
38010	-0.331554
38011	-0.331501
38012	-0.331448
38013	-0.331395
38014	-0.331342
38015	-0.331288
38016	-0.331234
38017	-0.331179
38018	-0.331124
38019	-0.331069
38020	-0.331014
38021	-0.330958
38022	-0.330902
38023	-0.330846
38024	-0.330789
38025	-0.330732
38026	-0.330674
38027	-0.330617
38028	-0.330559
38029	-0.330501
38030	-0.330442
38031	-0.330383
38032	-0.330324
38033	-0.330264
38034	-0.330205
38035	-0.330144
38036	-0.330084
38037	-0.330023
38038	-0.329962
38039	-0.329901
38040	-0.329839
38041	-0.329777
38042	-0.329715
38043	-0.329652
38044	-0.329589
38045	-0.329526
38046	-0.329462
38047	-0.329398
38048	-0.329334
38049	-0.329269
38050	-0.329205
38051	-0.329139
38052	-0.329074
38053	-0.329008
38054	-0.328942
38055	-0.328876
38056	-0.328809
38057	-0.328742
38058	-0.328675
38059	-0.328607
38060	-0.328539
38061	-0.328471
38062	-0.328402
38063	-0.328333
38064	-0.328264
38065	-0.328194
38066	-0.328125
38067	-0.328054
38068	-0.327984
38069	-0.327913
38070	-0.327842
38071	-0.327771
38072	-0.327699
38073	-0.327627
38074	-0.327555
38075	-0.327482
38076	-0.327409
38077	-0.327336
38078	-0.327262
38079	-0.327189
38080	-0.327114
38081	-0.32704
38082	-0.326965
38083	-0.32689
38084	-0.326815
38085	-0.326739
38086	-0.326663
38087	-0.326586
38088	-0.32651
38089	-0.326433
38090	-0.326356
38091	-0.326278
38092	-0.3262
38093	-0.326122
38094	-0.326043
38095	-0.325965
38096	-0.325885
38097	-0.325806
38098	-0.325726
38099	-0.325646
38100	-0.325566
38101	-0.325485
38102	-0.325404
38103	-0.325323
38104	-0.325241
38105	-0.325159
38106	-0.325077
38107	-0.324995
38108	-0.324912
38109	-0.324829
38110	-0.324745
38111	-0.324662
38112	-0.324578
38113	-0.324493
38114	-0.324409
38115	-0.324324
38116	-0.324238
38117	-0.324153
38118	-0.324067
38119	-0.323981
38120	-0.323894
38121	-0.323807
38122	-0.32372
38123	-0.323633
38124	-0.323545
38125	-0.323457
38126	-0.323369
38127	-0.32328
38128	-0.323191
38129	-0.323102
38130	-0.323012
38131	-0.322922
38132	-0.322832
38133	-0.322742
38134	-0.322651
38135	-0.32256
38136	-0.322468
38137	-0.322377
38138	-0.322285
38139	-0.322192
38140	-0.3221
38141	-0.322007
38142	-0.321914
38143	-0.32182
38144	-0.321726
38145	-0.321632
38146	-0.321538
38147	-0.321443
38148	-0.321348
38149	-0.321252
38150	-0.321157
38151	-0.321061
38152	-0.320965
38153	-0.320868
38154	-0.320771
38155	-0.320674
38156	-0.320576
38157	-0.320479
38158	-0.320381
38159	-0.320282
38160	-0.320184
38161	-0.320085
38162	-0.319985
38163	-0.319886
38164	-0.319786
38165	-0.319686
38166	-0.319585
38167	-0.319484
38168	-0.319383
38169	-0.319282
38170	-0.31918
38171	-0.319078
38172	-0.318976
38173	-0.318873
38174	-0.31877
38175	-0.318667
38176	-0.318563
38177	-0.31846
38178	-0.318356
38179	-0.318251
38180	-0.318146
38181	-0.318041
38182	-0.317936
38183	-0.31783
38184	-0.317724
38185	-0.317618
38186	-0.317512
38187	-0.317405
38188	-0.317298
38189	-0.31719
38190	-0.317083
38191	-0.316975
38192	-0.316866
38193	-0.316758
38194	-0.316649
38195	-0.31654
38196	-0.31643
38197	-0.31632
38198	-0.31621
38199	-0.3161
38200	-0.315989
38201	-0.315878
38202	-0.315767
38203	-0.315655
38204	-0.315543
38205	-0.315431
38206	-0.315319
38207	-0.315206
38208	-0.315093
38209	-0.314979
38210	-0.314866
38211	-0.314752
38212	-0.314637
38213	-0.314523
38214	-0.314408
38215	-0.314293
38216	-0.314177
38217	-0.314061
38218	-0.313945
38219	-0.313829
38220	-0.313712
38221	-0.313595
38222	-0.313478
38223	-0.313361
38224	-0.313243
38225	-0.313125
38226	-0.313006
38227	-0.312888
38228	-0.312769
38229	-0.312649
38230	-0.31253
38231	-0.31241
38232	-0.312289
38233	-0.312169
38234	-0.312048
38235	-0.311927
38236	-0.311806
38237	-0.311684
38238	-0.311562
38239	-0.31144
38240	-0.311317
38241	-0.311195
38242	-0.311071
38243	-0.310948
38244	-0.310824
38245	-0.3107
38246	-0.310576
38247	-0.310451
38248	-0.310326
38249	-0.310201
38250	-0.310076
38251	-0.30995
38252	-0.309824
38253	-0.309698
38254	-0.309571
38255	-0.309444
38256	-0.309317
38257	-0.309189
38258	-0.309061
38259	-0.308933
38260	-0.308805
38261	-0.308676
38262	-0.308547
38263	-0.308418
38264	-0.308288
38265	-0.308159
38266	-0.308028
38267	-0.307898
38268	-0.307767
38269	-0.307636
38270	-0.307505
38271	-0.307373
38272	-0.307242
38273	-0.307109
38274	-0.306977
38275	-0.306844
38276	-0.306711
38277	-0.306578
38278	-0.306444
38279	-0.30631
38280	-0.306176
38281	-0.306042
38282	-0.305907
38283	-0.305772
38284	-0.305637
38285	-0.305501
38286	-0.305365
38287	-0.305229
38288	-0.305092
38289	-0.304955
38290	-0.304818
38291	-0.304681
38292	-0.304543
38293	-0.304406
38294	-0.304267
38295	-0.304129
38296	-0.30399
38297	-0.303851
38298	-0.303712
38299	-0.303572
38300	-0.303432
38301	-0.303292
38302	-0.303151
38303	-0.303011
38304	-0.302869
38305	-0.302728
38306	-0.302586
38307	-0.302445
38308	-0.302302
38309	-0.30216
38310	-0.302017
38311	-0.301874
38312	-0.301731
38313	-0.301587
38314	-0.301443
38315	-0.301299
38316	-0.301154
38317	-0.30101
38318	-0.300865
38319	-0.300719
38320	-0.300574
38321	-0.300428
38322	-0.300282
38323	-0.300135
38324	-0.299988
38325	-0.299841
38326	-0.299694
38327	-0.299547
38328	-0.299399
38329	-0.299251
38330	-0.299102
38331	-0.298953
38332	-0.298804
38333	-0.298655
38334	-0.298506
38335	-0.298356
38336	-0.298206
38337	-0.298055
38338	-0.297905
38339	-0.297754
38340	-0.297602
38341	-0.297451
38342	-0.297299
38343	-0.297147
38344	-0.296995
38345	-0.296842
38346	-0.296689
38347	-0.296536
38348	-0.296382
38349	-0.296229
38350	-0.296075
38351	-0.29592
38352	-0.295766
38353	-0.295611
38354	-0.295456
38355	-0.2953
38356	-0.295145
38357	-0.294989
38358	-0.294832
38359	-0.294676
38360	-0.294519
38361	-0.294362
38362	-0.294205
38363	-0.294047
38364	-0.293889
38365	-0.293731
38366	-0.293573
38367	-0.293414
38368	-0.293255
38369	-0.293096
38370	-0.292936
38371	-0.292776
38372	-0.292616
38373	-0.292456
38374	-0.292295
38375	-0.292134
38376	-0.291973
38377	-0.291811
38378	-0.29165
38379	-0.291488
38380	-0.291325
38381	-0.291163
38382	-0.291
38383	-0.290837
38384	-0.290673
38385	-0.29051
38386	-0.290346
38387	-0.290181
38388	-0.290017
38389	-0.289852
38390	-0.289687
38391	-0.289522
38392	-0.289356
38393	-0.28919
38394	-0.289024
38395	-0.288858
38396	-0.288691
38397	-0.288524
38398	-0.288357
38399	-0.28819
38400	-0.288022
38401	-0.287854
38402	-0.287686
38403	-0.287517
38404	-0.287348
38405	-0.287179
38406	-0.28701
38407	-0.28684
38408	-0.28667
38409	-0.2865
38410	-0.28633
38411	-0.286159
38412	-0.285988
38413	-0.285817
38414	-0.285645
38415	-0.285473
38416	-0.285301
38417	-0.285129
38418	-0.284956
38419	-0.284784
38420	-0.28461
38421	-0.284437
38422	-0.284263
38423	-0.284089
38424	-0.283915
38425	-0.283741
38426	-0.283566
38427	-0.283391
38428	-0.283216
38429	-0.28304
38430	-0.282865
38431	-0.282688
38432	-0.282512
38433	-0.282336
38434	-0.282159
38435	-0.281982
38436	-0.281804
38437	-0.281627
38438	-0.281449
38439	-0.281271
38440	-0.281092
38441	-0.280913
38442	-0.280734
38443	-0.280555
38444	-0.280376
38445	-0.280196
38446	-0.280016
38447	-0.279836
38448	-0.279655
38449	-0.279474
38450	-0.279293
38451	-0.279112
38452	-0.27893
38453	-0.278749
38454	-0.278566
38455	-0.278384
38456	-0.278201
38457	-0.278018
38458	-0.277835
38459	-0.277652
38460	-0.277468
38461	-0.277284
38462	-0.2771
38463	-0.276916
38464	-0.276731
38465	-0.276546
38466	-0.276361
38467	-0.276175
38468	-0.275989
38469	-0.275803
38470	-0.275617
38471	-0.275431
38472	-0.275244
38473	-0.275057
38474	-0.274869
38475	-0.274682
38476	-0.274494
38477	-0.274306
38478	-0.274118
38479	-0.273929
38480	-0.27374
38481	-0.273551
38482	-0.273362
38483	-0.273172
38484	-0.272982
38485	-0.272792
38486	-0.272602
38487	-0.272411
38488	-0.27222
38489	-0.272029
38490	-0.271838
38491	-0.271646
38492	-0.271454
38493	-0.271262
38494	-0.271069
38495	-0.270877
38496	-0.270684
38497	-0.270491
38498	-0.270297
38499	-0.270103
38500	-0.269909
38501	-0.269715
38502	-0.269521
38503	-0.269326
38504	-0.269131
38505	-0.268936
38506	-0.26874
38507	-0.268545
38508	-0.268349
38509	-0.268152
38510	-0.267956
38511	-0.267759
38512	-0.267562
38513	-0.267365
38514	-0.267167
38515	-0.26697
38516	-0.266772
38517	-0.266574
38518	-0.266375
38519	-0.266176
38520	-0.265977
38521	-0.265778
38522	-0.265579
38523	-0.265379
38524	-0.265179
38525	-0.264979
38526	-0.264778
38527	-0.264577
38528	-0.264376
38529	-0.264175
38530	-0.263974
38531	-0.263772
38532	-0.26357
38533	-0.263368
38534	-0.263165
38535	-0.262963
38536	-0.26276
38537	-0.262556
38538	-0.262353
38539	-0.262149
38540	-0.261945
38541	-0.261741
38542	-0.261537
38543	-0.261332
38544	-0.261127
38545	-0.260922
38546	-0.260717
38547	-0.260511
38548	-0.260305
38549	-0.260099
38550	-0.259892
38551	-0.259686
38552	-0.259479
38553	-0.259272
38554	-0.259064
38555	-0.258857
38556	-0.258649
38557	-0.258441
38558	-0.258233
38559	-0.258024
38560	-0.257815
38561	-0.257606
38562	-0.257397
38563	-0.257187
38564	-0.256977
38565	-0.256767
38566	-0.256557
38567	-0.256347
38568	-0.256136
38569	-0.255925
38570	-0.255714
38571	-0.255502
38572	-0.25529
38573	-0.255079
38574	-0.254866
38575	-0.254654
38576	-0.254441
38577	-0.254228
38578	-0.254015
38579	-0.253802
38580	-0.253588
38581	-0.253374
38582	-0.25316
38583	-0.252946
38584	-0.252731
38585	-0.252517
38586	-0.252302
38587	-0.252086
38588	-0.251871
38589	-0.251655
38590	-0.251439
38591	-0.251223
38592	-0.251006
38593	-0.25079
38594	-0.250573
38595	-0.250356
38596	-0.250138
38597	-0.24992
38598	-0.249703
38599	-0.249485
38600	-0.249266
38601	-0.249048
38602	-0.248829
38603	-0.24861
38604	-0.248391
38605	-0.248171
38606	-0.247951
38607	-0.247731
38608	-0.247511
38609	-0.247291
38610	-0.24707
38611	-0.246849
38612	-0.246628
38613	-0.246407
38614	-0.246185
38615	-0.245963
38616	-0.245741
38617	-0.245519
38618	-0.245296
38619	-0.245074
38620	-0.244851
38621	-0.244628
38622	-0.244404
38623	-0.24418
38624	-0.243957
38625	-0.243732
38626	-0.243508
38627	-0.243284
38628	-0.243059
38629	-0.242834
38630	-0.242608
38631	-0.242383
38632	-0.242157
38633	-0.241931
38634	-0.241705
38635	-0.241479
38636	-0.241252
38637	-0.241025
38638	-0.240798
38639	-0.240571
38640	-0.240343
38641	-0.240116
38642	-0.239888
38643	-0.23966
38644	-0.239431
38645	-0.239203
38646	-0.238974
38647	-0.238745
38648	-0.238515
38649	-0.238286
38650	-0.238056
38651	-0.237826
38652	-0.237596
38653	-0.237365
38654	-0.237135
38655	-0.236904
38656	-0.236673
38657	-0.236441
38658	-0.23621
38659	-0.235978
38660	-0.235746
38661	-0.235514
38662	-0.235282
38663	-0.235049
38664	-0.234816
38665	-0.234583
38666	-0.23435
38667	-0.234116
38668	-0.233882
38669	-0.233649
38670	-0.233414
38671	-0.23318
38672	-0.232945
38673	-0.232711
38674	-0.232475
38675	-0.23224
38676	-0.232005
38677	-0.231769
38678	-0.231533
38679	-0.231297
38680	-0.231061
38681	-0.230824
38682	-0.230587
38683	-0.23035
38684	-0.230113
38685	-0.229876
38686	-0.229638
38687	-0.2294
38688	-0.229162
38689	-0.228924
38690	-0.228685
38691	-0.228447
38692	-0.228208
38693	-0.227968
38694	-0.227729
38695	-0.22749
38696	-0.22725
38697	-0.22701
38698	-0.22677
38699	-0.226529
38700	-0.226288
38701	-0.226048
38702	-0.225807
38703	-0.225565
38704	-0.225324
38705	-0.225082
38706	-0.22484
38707	-0.224598
38708	-0.224356
38709	-0.224113
38710	-0.223871
38711	-0.223628
38712	-0.223384
38713	-0.223141
38714	-0.222897
38715	-0.222654
38716	-0.22241
38717	-0.222165
38718	-0.221921
38719	-0.221676
38720	-0.221432
38721	-0.221187
38722	-0.220941
38723	-0.220696
38724	-0.22045
38725	-0.220204
38726	-0.219958
38727	-0.219712
38728	-0.219465
38729	-0.219219
38730	-0.218972
38731	-0.218725
38732	-0.218477
38733	-0.21823
38734	-0.217982
38735	-0.217734
38736	-0.217486
38737	-0.217238
38738	-0.216989
38739	-0.216741
38740	-0.216492
38741	-0.216243
38742	-0.215993
38743	-0.215744
38744	-0.215494
38745	-0.215244
38746	-0.214994
38747	-0.214743
38748	-0.214493
38749	-0.214242
38750	-0.213991
38751	-0.21374
38752	-0.213489
38753	-0.213237
38754	-0.212985
38755	-0.212733
38756	-0.212481
38757	-0.212229
38758	-0.211976
38759	-0.211724
38760	-0.211471
38761	-0.211217
38762	-0.210964
38763	-0.210711
38764	-0.210457
38765	-0.210203
38766	-0.209949
38767	-0.209694
38768	-0.20944
38769	-0.209185
38770	-0.20893
38771	-0.208675
38772	-0.20842
38773	-0.208164
38774	-0.207908
38775	-0.207653
38776	-0.207396
38777	-0.20714
38778	-0.206884
38779	-0.206627
38780	-0.20637
38781	-0.206113
38782	-0.205856
38783	-0.205598
38784	-0.205341
38785	-0.205083
38786	-0.204825
38787	-0.204567
38788	-0.204308
38789	-0.204049
38790	-0.203791
38791	-0.203532
38792	-0.203273
38793	-0.203013
38794	-0.202754
38795	-0.202494
38796	-0.202234
38797	-0.201974
38798	-0.201713
38799	-0.201453
38800	-0.201192
38801	-0.200931
38802	-0.20067
38803	-0.200409
38804	-0.200147
38805	-0.199886
38806	-0.199624
38807	-0.199362
38808	-0.1991
38809	-0.198837
38810	-0.198575
38811	-0.198312
38812	-0.198049
38813	-0.197786
38814	-0.197522
38815	-0.197259
38816	-0.196995
38817	-0.196731
38818	-0.196467
38819	-0.196203
38820	-0.195938
38821	-0.195674
38822	-0.195409
38823	-0.195144
38824	-0.194879
38825	-0.194613
38826	-0.194348
38827	-0.194082
38828	-0.193816
38829	-0.19355
38830	-0.193284
38831	-0.193017
38832	-0.192751
38833	-0.192484
38834	-0.192217
38835	-0.19195
38836	-0.191682
38837	-0.191415
38838	-0.191147
38839	-0.190879
38840	-0.190611
38841	-0.190343
38842	-0.190074
38843	-0.189806
38844	-0.189537
38845	-0.189268
38846	-0.188999
38847	-0.188729
38848	-0.18846
38849	-0.18819
38850	-0.18792
38851	-0.18765
38852	-0.18738
38853	-0.18711
38854	-0.186839
38855	-0.186568
38856	-0.186297
38857	-0.186026
38858	-0.185755
38859	-0.185483
38860	-0.185212
38861	-0.18494
38862	-0.184668
38863	-0.184396
38864	-0.184123
38865	-0.183851
38866	-0.183578
38867	-0.183305
38868	-0.183032
38869	-0.182759
38870	-0.182486
38871	-0.182212
38872	-0.181938
38873	-0.181665
38874	-0.18139
38875	-0.181116
38876	-0.180842
38877	-0.180567
38878	-0.180293
38879	-0.180018
38880	-0.179742
38881	-0.179467
38882	-0.179192
38883	-0.178916
38884	-0.17864
38885	-0.178365
38886	-0.178088
38887	-0.177812
38888	-0.177536
38889	-0.177259
38890	-0.176982
38891	-0.176705
38892	-0.176428
38893	-0.176151
38894	-0.175874
38895	-0.175596
38896	-0.175318
38897	-0.17504
38898	-0.174762
38899	-0.174484
38900	-0.174205
38901	-0.173927
38902	-0.173648
38903	-0.173369
38904	-0.17309
38905	-0.172811
38906	-0.172531
38907	-0.172252
38908	-0.171972
38909	-0.171692
38910	-0.171412
38911	-0.171132
38912	-0.170851
38913	-0.170571
38914	-0.17029
38915	-0.170009
38916	-0.169728
38917	-0.169447
38918	-0.169166
38919	-0.168884
38920	-0.168602
38921	-0.168321
38922	-0.168039
38923	-0.167756
38924	-0.167474
38925	-0.167192
38926	-0.166909
38927	-0.166626
38928	-0.166343
38929	-0.16606
38930	-0.165777
38931	-0.165494
38932	-0.16521
38933	-0.164926
38934	-0.164642
38935	-0.164358
38936	-0.164074
38937	-0.16379
38938	-0.163505
38939	-0.163221
38940	-0.162936
38941	-0.162651
38942	-0.162366
38943	-0.16208
38944	-0.161795
38945	-0.161509
38946	-0.161224
38947	-0.160938
38948	-0.160652
38949	-0.160366
38950	-0.160079
38951	-0.159793
38952	-0.159506
38953	-0.159219
38954	-0.158932
38955	-0.158645
38956	-0.158358
38957	-0.158071
38958	-0.157783
38959	-0.157495
38960	-0.157207
38961	-0.156919
38962	-0.156631
38963	-0.156343
38964	-0.156055
38965	-0.155766
38966	-0.155477
38967	-0.155188
38968	-0.154899
38969	-0.15461
38970	-0.154321
38971	-0.154031
38972	-0.153742
38973	-0.153452
38974	-0.153162
38975	-0.152872
38976	-0.152582
38977	-0.152291
38978	-0.152001
38979	-0.15171
38980	-0.15142
38981	-0.151129
38982	-0.150838
38983	-0.150546
38984	-0.150255
38985	-0.149964
38986	-0.149672
38987	-0.14938
38988	-0.149088
38989	-0.148796
38990	-0.148504
38991	-0.148212
38992	-0.147919
38993	-0.147627
38994	-0.147334
38995	-0.147041
38996	-0.146748
38997	-0.146455
38998	-0.146161
38999	-0.145868
39000	-0.145574
39001	-0.145281
39002	-0.144987
39003	-0.144693
39004	-0.144399
39005	-0.144104
39006	-0.14381
39007	-0.143515
39008	-0.143221
39009	-0.142926
39010	-0.142631
39011	-0.142336
39012	-0.142041
39013	-0.141745
39014	-0.14145
39015	-0.141154
39016	-0.140858
39017	-0.140563
39018	-0.140267
39019	-0.13997
39020	-0.139674
39021	-0.139378
39022	-0.139081
39023	-0.138784
39024	-0.138488
39025	-0.138191
39026	-0.137893
39027	-0.137596
39028	-0.137299
39029	-0.137001
39030	-0.136704
39031	-0.136406
39032	-0.136108
39033	-0.13581
39034	-0.135512
39035	-0.135214
39036	-0.134915
39037	-0.134617
39038	-0.134318
39039	-0.13402
39040	-0.133721
39041	-0.133422
39042	-0.133122
39043	-0.132823
39044	-0.132524
39045	-0.132224
39046	-0.131925
39047	-0.131625
39048	-0.131325
39049	-0.131025
39050	-0.130725
39051	-0.130424
39052	-0.130124
39053	-0.129823
39054	-0.129523
39055	-0.129222
39056	-0.128921
39057	-0.12862
39058	-0.128319
39059	-0.128018
39060	-0.127716
39061	-0.127415
39062	-0.127113
39063	-0.126811
39064	-0.126509
39065	-0.126207
39066	-0.125905
39067	-0.125603
39068	-0.125301
39069	-0.124998
39070	-0.124696
39071	-0.124393
39072	-0.12409
39073	-0.123787
39074	-0.123484
39075	-0.123181
39076	-0.122878
39077	-0.122574
39078	-0.122271
39079	-0.121967
39080	-0.121663
39081	-0.121359
39082	-0.121055
39083	-0.120751
39084	-0.120447
39085	-0.120142
39086	-0.119838
39087	-0.119533
39088	-0.119229
39089	-0.118924
39090	-0.118619
39091	-0.118314
39092	-0.118009
39093	-0.117703
39094	-0.117398
39095	-0.117093
39096	-0.116787
39097	-0.116481
39098	-0.116175
39099	-0.115869
39100	-0.115563
39101	-0.115257
39102	-0.114951
39103	-0.114645
39104	-0.114338
39105	-0.114031
39106	-0.113725
39107	-0.113418
39108	-0.113111
39109	-0.112804
39110	-0.112497
39111	-0.112189
39112	-0.111882
39113	-0.111575
39114	-0.111267
39115	-0.110959
39116	-0.110652
39117	-0.110344
39118	-0.110036
39119	-0.109727
39120	-0.109419
39121	-0.109111
39122	-0.108802
39123	-0.108494
39124	-0.108185
39125	-0.107876
39126	-0.107568
39127	-0.107259
39128	-0.10695
39129	-0.10664
39130	-0.106331
39131	-0.106022
39132	-0.105712
39133	-0.105403
39134	-0.105093
39135	-0.104783
39136	-0.104473
39137	-0.104163
39138	-0.103853
39139	-0.103543
39140	-0.103233
39141	-0.102922
39142	-0.102612
39143	-0.102301
39144	-0.101991
39145	-0.10168
39146	-0.101369
39147	-0.101058
39148	-0.100747
39149	-0.100436
39150	-0.100124
39151	-0.0998129
39152	-0.0995015
39153	-0.0991899
39154	-0.0988782
39155	-0.0985664
39156	-0.0982546
39157	-0.0979426
39158	-0.0976305
39159	-0.0973184
39160	-0.0970062
39161	-0.0966938
39162	-0.0963814
39163	-0.0960688
39164	-0.0957562
39165	-0.0954435
39166	-0.0951307
39167	-0.0948178
39168	-0.0945048
39169	-0.0941917
39170	-0.0938785
39171	-0.0935652
39172	-0.0932519
39173	-0.0929384
39174	-0.0926249
39175	-0.0923112
39176	-0.0919975
39177	-0.0916837
39178	-0.0913698
39179	-0.0910558
39180	-0.0907417
39181	-0.0904275
39182	-0.0901132
39183	-0.0897989
39184	-0.0894844
39185	-0.0891699
39186	-0.0888553
39187	-0.0885406
39188	-0.0882258
39189	-0.0879109
39190	-0.0875959
39191	-0.0872809
39192	-0.0869657
39193	-0.0866505
39194	-0.0863352
39195	-0.0860198
39196	-0.0857043
39197	-0.0853888
39198	-0.0850731
39199	-0.0847574
39200	-0.0844416
39201	-0.0841257
39202	-0.0838097
39203	-0.0834936
39204	-0.0831775
39205	-0.0828612
39206	-0.0825449
39207	-0.0822285
39208	-0.081912
39209	-0.0815955
39210	-0.0812788
39211	-0.0809621
39212	-0.0806453
39213	-0.0803284
39214	-0.0800115
39215	-0.0796944
39216	-0.0793773
39217	-0.0790601
39218	-0.0787428
39219	-0.0784255
39220	-0.0781081
39221	-0.0777905
39222	-0.077473
39223	-0.0771553
39224	-0.0768375
39225	-0.0765197
39226	-0.0762018
39227	-0.0758839
39228	-0.0755658
39229	-0.0752477
39230	-0.0749295
39231	-0.0746112
39232	-0.0742929
39233	-0.0739745
39234	-0.073656
39235	-0.0733374
39236	-0.0730187
39237	-0.0727
39238	-0.0723812
39239	-0.0720624
39240	-0.0717434
39241	-0.0714244
39242	-0.0711054
39243	-0.0707862
39244	-0.070467
39245	-0.0701477
39246	-0.0698283
39247	-0.0695089
39248	-0.0691894
39249	-0.0688698
39250	-0.0685502
39251	-0.0682305
39252	-0.0679107
39253	-0.0675909
39254	-0.067271
39255	-0.066951
39256	-0.0666309
39257	-0.0663108
39258	-0.0659906
39259	-0.0656704
39260	-0.0653501
39261	-0.0650297
39262	-0.0647092
39263	-0.0643887
39264	-0.0640681
39265	-0.0637475
39266	-0.0634268
39267	-0.063106
39268	-0.0627852
39269	-0.0624643
39270	-0.0621433
39271	-0.0618223
39272	-0.0615012
39273	-0.06118
39274	-0.0608588
39275	-0.0605375
39276	-0.0602162
39277	-0.0598948
39278	-0.0595733
39279	-0.0592518
39280	-0.0589302
39281	-0.0586086
39282	-0.0582869
39283	-0.0579651
39284	-0.0576433
39285	-0.0573214
39286	-0.0569995
39287	-0.0566775
39288	-0.0563554
39289	-0.0560333
39290	-0.0557111
39291	-0.0553889
39292	-0.0550666
39293	-0.0547443
39294	-0.0544219
39295	-0.0540994
39296	-0.0537769
39297	-0.0534543
39298	-0.0531317
39299	-0.052809
39300	-0.0524863
39301	-0.0521635
39302	-0.0518407
39303	-0.0515178
39304	-0.0511949
39305	-0.0508719
39306	-0.0505488
39307	-0.0502257
39308	-0.0499026
39309	-0.0495793
39310	-0.0492561
39311	-0.0489328
39312	-0.0486094
39313	-0.048286
39314	-0.0479625
39315	-0.047639
39316	-0.0473155
39317	-0.0469919
39318	-0.0466682
39319	-0.0463445
39320	-0.0460207
39321	-0.0456969
39322	-0.0453731
39323	-0.0450492
39324	-0.0447252
39325	-0.0444012
39326	-0.0440772
39327	-0.0437531
39328	-0.043429
39329	-0.0431048
39330	-0.0427806
39331	-0.0424563
39332	-0.042132
39333	-0.0418076
39334	-0.0414832
39335	-0.0411588
39336	-0.0408343
39337	-0.0405098
39338	-0.0401852
39339	-0.0398606
39340	-0.0395359
39341	-0.0392112
39342	-0.0388864
39343	-0.0385617
39344	-0.0382368
39345	-0.037912
39346	-0.037587
39347	-0.0372621
39348	-0.0369371
39349	-0.0366121
39350	-0.036287
39351	-0.0359619
39352	-0.0356368
39353	-0.0353116
39354	-0.0349863
39355	-0.0346611
39356	-0.0343358
39357	-0.0340104
39358	-0.0336851
39359	-0.0333597
39360	-0.0330342
39361	-0.0327087
39362	-0.0323832
39363	-0.0320577
39364	-0.0317321
39365	-0.0314065
39366	-0.0310808
39367	-0.0307551
39368	-0.0304294
39369	-0.0301036
39370	-0.0297778
39371	-0.029452
39372	-0.0291262
39373	-0.0288003
39374	-0.0284744
39375	-0.0281484
39376	-0.0278224
39377	-0.0274964
39378	-0.0271704
39379	-0.0268443
39380	-0.0265182
39381	-0.026192
39382	-0.0258659
39383	-0.0255397
39384	-0.0252135
39385	-0.0248872
39386	-0.0245609
39387	-0.0242346
39388	-0.0239083
39389	-0.0235819
39390	-0.0232555
39391	-0.0229291
39392	-0.0226027
39393	-0.0222762
39394	-0.0219497
39395	-0.0216232
39396	-0.0212966
39397	-0.0209701
39398	-0.0206435
39399	-0.0203169
39400	-0.0199902
39401	-0.0196636
39402	-0.0193369
39403	-0.0190102
39404	-0.0186834
39405	-0.0183567
39406	-0.0180299
39407	-0.0177031
39408	-0.0173763
39409	-0.0170494
39410	-0.0167226
39411	-0.0163957
39412	-0.0160688
39413	-0.0157418
39414	-0.0154149
39415	-0.0150879
39416	-0.014761
39417	-0.014434
39418	-0.0141069
39419	-0.0137799
39420	-0.0134529
39421	-0.0131258
39422	-0.0127987
39423	-0.0124716
39424	-0.0121445
39425	-0.0118173
39426	-0.0114902
39427	-0.011163
39428	-0.0108358
39429	-0.0105086
39430	-0.0101814
39431	-0.00985419
39432	-0.00952695
39433	-0.0091997
39434	-0.00887243
39435	-0.00854515
39436	-0.00821786
39437	-0.00789056
39438	-0.00756324
39439	-0.00723591
39440	-0.00690857
39441	-0.00658122
39442	-0.00625386
39443	-0.00592649
39444	-0.00559911
39445	-0.00527171
39446	-0.00494431
39447	-0.0046169
39448	-0.00428948
39449	-0.00396206
39450	-0.00363462
39451	-0.00330718
39452	-0.00297973
39453	-0.00265227
39454	-0.0023248
39455	-0.00199733
39456	-0.00166985
39457	-0.00134237
39458	-0.00101488
39459	-0.000687384
39460	-0.000359884
39461	-3.23792e-05
39462	0.00029513
39463	0.000622643
39464	0.00095016
39465	0.00127768
39466	0.0016052
39467	0.00193273
39468	0.00226026
39469	0.00258779
39470	0.00291532
39471	0.00324286
39472	0.00357039
39473	0.00389793
39474	0.00422546
39475	0.004553
39476	0.00488054
39477	0.00520808
39478	0.00553561
39479	0.00586315
39480	0.00619068
39481	0.00651821
39482	0.00684574
39483	0.00717327
39484	0.0075008
39485	0.00782832
39486	0.00815584
39487	0.00848335
39488	0.00881086
39489	0.00913837
39490	0.00946587
39491	0.00979337
39492	0.0101209
39493	0.0104484
39494	0.0107758
39495	0.0111033
39496	0.0114308
39497	0.0117582
39498	0.0120857
39499	0.0124131
39500	0.0127406
39501	0.013068
39502	0.0133954
39503	0.0137229
39504	0.0140503
39505	0.0143777
39506	0.014705
39507	0.0150324
39508	0.0153598
39509	0.0156872
39510	0.0160145
39511	0.0163418
39512	0.0166692
39513	0.0169965
39514	0.0173238
39515	0.0176511
39516	0.0179783
39517	0.0183056
39518	0.0186328
39519	0.0189601
39520	0.0192873
39521	0.0196145
39522	0.0199417
39523	0.0202689
39524	0.020596
39525	0.0209232
39526	0.0212503
39527	0.0215774
39528	0.0219045
39529	0.0222316
39530	0.0225586
39531	0.0228857
39532	0.0232127
39533	0.0235397
39534	0.0238667
39535	0.0241937
39536	0.0245206
39537	0.0248476
39538	0.0251745
39539	0.0255014
39540	0.0258282
39541	0.0261551
39542	0.0264819
39543	0.0268087
39544	0.0271355
39545	0.0274623
39546	0.027789
39547	0.0281157
39548	0.0284424
39549	0.0287691
39550	0.0290958
39551	0.0294224
39552	0.029749
39553	0.0300756
39554	0.0304021
39555	0.0307287
39556	0.0310552
39557	0.0313816
39558	0.0317081
39559	0.0320345
39560	0.0323609
39561	0.0326873
39562	0.0330136
39563	0.0333399
39564	0.0336662
39565	0.0339925
39566	0.0343187
39567	0.0346449
39568	0.0349711
39569	0.0352972
39570	0.0356233
39571	0.0359494
39572	0.0362754
39573	0.0366015
39574	0.0369275
39575	0.0372534
39576	0.0375793
39577	0.0379052
39578	0.0382311
39579	0.0385569
39580	0.0388827
39581	0.0392085
39582	0.0395342
39583	0.0398599
39584	0.0401855
39585	0.0405112
39586	0.0408368
39587	0.0411623
39588	0.0414878
39589	0.0418133
39590	0.0421387
39591	0.0424642
39592	0.0427895
39593	0.0431149
39594	0.0434402
39595	0.0437654
39596	0.0440906
39597	0.0444158
39598	0.044741
39599	0.0450661
39600	0.0453911
39601	0.0457161
39602	0.0460411
39603	0.0463661
39604	0.046691
39605	0.0470158
39606	0.0473407
39607	0.0476654
39608	0.0479902
39609	0.0483149
39610	0.0486395
39611	0.0489641
39612	0.0492887
39613	0.0496132
39614	0.0499377
39615	0.0502621
39616	0.0505865
39617	0.0509108
39618	0.0512351
39619	0.0515594
39620	0.0518836
39621	0.0522078
39622	0.0525319
39623	0.0528559
39624	0.05318
39625	0.0535039
39626	0.0538279
39627	0.0541517
39628	0.0544756
39629	0.0547993
39630	0.0551231
39631	0.0554467
39632	0.0557704
39633	0.056094
39634	0.0564175
39635	0.056741
39636	0.0570644
39637	0.0573878
39638	0.0577111
39639	0.0580344
39640	0.0583576
39641	0.0586808
39642	0.0590039
39643	0.059327
39644	0.05965
39645	0.0599729
39646	0.0602958
39647	0.0606187
39648	0.0609415
39649	0.0612642
39650	0.0615869
39651	0.0619095
39652	0.0622321
39653	0.0625546
39654	0.0628771
39655	0.0631995
39656	0.0635218
39657	0.0638441
39658	0.0641663
39659	0.0644885
39660	0.0648106
39661	0.0651327
39662	0.0654547
39663	0.0657766
39664	0.0660985
39665	0.0664203
39666	0.0667421
39667	0.0670638
39668	0.0673854
39669	0.067707
39670	0.0680285
39671	0.0683499
39672	0.0686713
39673	0.0689926
39674	0.0693139
39675	0.0696351
39676	0.0699562
39677	0.0702773
39678	0.0705983
39679	0.0709193
39680	0.0712401
39681	0.0715609
39682	0.0718817
39683	0.0722024
39684	0.072523
39685	0.0728435
39686	0.073164
39687	0.0734845
39688	0.0738048
39689	0.0741251
39690	0.0744453
39691	0.0747654
39692	0.0750855
39693	0.0754055
39694	0.0757255
39695	0.0760453
39696	0.0763651
39697	0.0766849
39698	0.0770045
39699	0.0773241
39700	0.0776437
39701	0.0779631
39702	0.0782825
39703	0.0786018
39704	0.078921
39705	0.0792402
39706	0.0795593
39707	0.0798783
39708	0.0801972
39709	0.0805161
39710	0.0808349
39711	0.0811536
39712	0.0814722
39713	0.0817908
39714	0.0821093
39715	0.0824277
39716	0.0827461
39717	0.0830643
39718	0.0833825
39719	0.0837006
39720	0.0840187
39721	0.0843366
39722	0.0846545
39723	0.0849723
39724	0.0852901
39725	0.0856077
39726	0.0859253
39727	0.0862428
39728	0.0865602
39729	0.0868775
39730	0.0871947
39731	0.0875119
39732	0.087829
39733	0.088146
39734	0.0884629
39735	0.0887798
39736	0.0890965
39737	0.0894132
39738	0.0897298
39739	0.0900463
39740	0.0903628
39741	0.0906791
39742	0.0909954
39743	0.0913115
39744	0.0916276
39745	0.0919436
39746	0.0922596
39747	0.0925754
39748	0.0928912
39749	0.0932068
39750	0.0935224
39751	0.0938379
39752	0.0941533
39753	0.0944686
39754	0.0947839
39755	0.095099
39756	0.0954141
39757	0.095729
39758	0.0960439
39759	0.0963587
39760	0.0966734
39761	0.096988
39762	0.0973025
39763	0.097617
39764	0.0979313
39765	0.0982456
39766	0.0985597
39767	0.0988738
39768	0.0991878
39769	0.0995016
39770	0.0998154
39771	0.100129
39772	0.100443
39773	0.100756
39774	0.10107
39775	0.101383
39776	0.101696
39777	0.102009
39778	0.102322
39779	0.102635
39780	0.102948
39781	0.103261
39782	0.103574
39783	0.103886
39784	0.104199
39785	0.104511
39786	0.104823
39787	0.105135
39788	0.105448
39789	0.105759
39790	0.106071
39791	0.106383
39792	0.106695
39793	0.107006
39794	0.107318
39795	0.107629
39796	0.107941
39797	0.108252
39798	0.108563
39799	0.108874
39800	0.109185
39801	0.109495
39802	0.109806
39803	0.110117
39804	0.110427
39805	0.110738
39806	0.111048
39807	0.111358
39808	0.111668
39809	0.111978
39810	0.112288
39811	0.112598
39812	0.112907
39813	0.113217
39814	0.113526
39815	0.113835
39816	0.114145
39817	0.114454
39818	0.114763
39819	0.115072
39820	0.11538
39821	0.115689
39822	0.115998
39823	0.116306
39824	0.116614
39825	0.116923
39826	0.117231
39827	0.117539
39828	0.117847
39829	0.118155
39830	0.118462
39831	0.11877
39832	0.119077
39833	0.119385
39834	0.119692
39835	0.119999
39836	0.120306
39837	0.120613
39838	0.12092
39839	0.121226
39840	0.121533
39841	0.121839
39842	0.122146
39843	0.122452
39844	0.122758
39845	0.123064
39846	0.12337
39847	0.123676
39848	0.123981
39849	0.124287
39850	0.124592
39851	0.124898
39852	0.125203
39853	0.125508
39854	0.125813
39855	0.126118
39856	0.126422
39857	0.126727
39858	0.127031
39859	0.127336
39860	0.12764
39861	0.127944
39862	0.128248
39863	0.128552
39864	0.128856
39865	0.129159
39866	0.129463
39867	0.129766
39868	0.13007
39869	0.130373
39870	0.130676
39871	0.130979
39872	0.131281
39873	0.131584
39874	0.131887
39875	0.132189
39876	0.132491
39877	0.132794
39878	0.133096
39879	0.133397
39880	0.133699
39881	0.134001
39882	0.134302
39883	0.134604
39884	0.134905
39885	0.135206
39886	0.135507
39887	0.135808
39888	0.136109
39889	0.13641
39890	0.13671
39891	0.137011
39892	0.137311
39893	0.137611
39894	0.137911
39895	0.138211
39896	0.13851
39897	0.13881
39898	0.13911
39899	0.139409
39900	0.139708
39901	0.140007
39902	0.140306
39903	0.140605
39904	0.140904
39905	0.141202
39906	0.141501
39907	0.141799
39908	0.142097
39909	0.142395
39910	0.142693
39911	0.142991
39912	0.143288
39913	0.143586
39914	0.143883
39915	0.14418
39916	0.144478
39917	0.144774
39918	0.145071
39919	0.145368
39920	0.145664
39921	0.145961
39922	0.146257
39923	0.146553
39924	0.146849
39925	0.147145
39926	0.147441
39927	0.147736
39928	0.148032
39929	0.148327
39930	0.148622
39931	0.148917
39932	0.149212
39933	0.149507
39934	0.149801
39935	0.150096
39936	0.15039
39937	0.150684
39938	0.150978
39939	0.151272
39940	0.151566
39941	0.151859
39942	0.152153
39943	0.152446
39944	0.152739
39945	0.153032
39946	0.153325
39947	0.153618
39948	0.15391
39949	0.154203
39950	0.154495
39951	0.154787
39952	0.155079
39953	0.155371
39954	0.155663
39955	0.155954
39956	0.156246
39957	0.156537
39958	0.156828
39959	0.157119
39960	0.15741
39961	0.157701
39962	0.157991
39963	0.158282
39964	0.158572
39965	0.158862
39966	0.159152
39967	0.159442
39968	0.159731
39969	0.160021
39970	0.16031
39971	0.160599
39972	0.160888
39973	0.161177
39974	0.161466
39975	0.161754
39976	0.162043
39977	0.162331
39978	0.162619
39979	0.162907
39980	0.163195
39981	0.163482
39982	0.16377
39983	0.164057
39984	0.164344
39985	0.164631
39986	0.164918
39987	0.165205
39988	0.165491
39989	0.165778
39990	0.166064
39991	0.16635
39992	0.166636
39993	0.166922
39994	0.167207
39995	0.167493
39996	0.167778
39997	0.168063
39998	0.168348
39999	0.168633
40000	0.168918
40001	0.169202
40002	0.169486
40003	0.169771
40004	0.170055
40005	0.170338
40006	0.170622
40007	0.170906
40008	0.171189
40009	0.171472
40010	0.171755
40011	0.172038
40012	0.172321
40013	0.172603
40014	0.172886
40015	0.173168
40016	0.17345
40017	0.173732
40018	0.174014
40019	0.174295
40020	0.174577
40021	0.174858
40022	0.175139
40023	0.17542
40024	0.175701
40025	0.175981
40026	0.176262
40027	0.176542
40028	0.176822
40029	0.177102
40030	0.177381
40031	0.177661
40032	0.17794
40033	0.17822
40034	0.178499
40035	0.178778
40036	0.179056
40037	0.179335
40038	0.179613
40039	0.179891
40040	0.180169
40041	0.180447
40042	0.180725
40043	0.181003
40044	0.18128
40045	0.181557
40046	0.181834
40047	0.182111
40048	0.182388
40049	0.182664
40050	0.18294
40051	0.183217
40052	0.183492
40053	0.183768
40054	0.184044
40055	0.184319
40056	0.184595
40057	0.18487
40058	0.185145
40059	0.185419
40060	0.185694
40061	0.185968
40062	0.186243
40063	0.186517
40064	0.18679
40065	0.187064
40066	0.187338
40067	0.187611
40068	0.187884
40069	0.188157
40070	0.18843
40071	0.188702
40072	0.188975
40073	0.189247
40074	0.189519
40075	0.189791
40076	0.190063
40077	0.190334
40078	0.190606
40079	0.190877
40080	0.191148
40081	0.191419
40082	0.191689
40083	0.19196
40084	0.19223
40085	0.1925
40086	0.19277
40087	0.19304
40088	0.193309
40089	0.193579
40090	0.193848
40091	0.194117
40092	0.194385
40093	0.194654
40094	0.194923
40095	0.195191
40096	0.195459
40097	0.195727
40098	0.195994
40099	0.196262
40100	0.196529
40101	0.196796
40102	0.197063
40103	0.19733
40104	0.197597
40105	0.197863
40106	0.198129
40107	0.198395
40108	0.198661
40109	0.198926
40110	0.199192
40111	0.199457
40112	0.199722
40113	0.199987
40114	0.200252
40115	0.200516
40116	0.20078
40117	0.201045
40118	0.201308
40119	0.201572
40120	0.201836
40121	0.202099
40122	0.202362
40123	0.202625
40124	0.202888
40125	0.20315
40126	0.203413
40127	0.203675
40128	0.203937
40129	0.204199
40130	0.20446
40131	0.204722
40132	0.204983
40133	0.205244
40134	0.205505
40135	0.205765
40136	0.206026
40137	0.206286
40138	0.206546
40139	0.206806
40140	0.207065
40141	0.207325
40142	0.207584
40143	0.207843
40144	0.208102
40145	0.20836
40146	0.208619
40147	0.208877
40148	0.209135
40149	0.209393
40150	0.209651
40151	0.209908
40152	0.210165
40153	0.210422
40154	0.210679
40155	0.210936
40156	0.211192
40157	0.211448
40158	0.211704
40159	0.21196
40160	0.212216
40161	0.212471
40162	0.212727
40163	0.212982
40164	0.213236
40165	0.213491
40166	0.213745
40167	0.214
40168	0.214254
40169	0.214507
40170	0.214761
40171	0.215014
40172	0.215268
40173	0.21552
40174	0.215773
40175	0.216026
40176	0.216278
40177	0.21653
40178	0.216782
40179	0.217034
40180	0.217286
40181	0.217537
40182	0.217788
40183	0.218039
40184	0.21829
40185	0.21854
40186	0.21879
40187	0.21904
40188	0.21929
40189	0.21954
40190	0.219789
40191	0.220039
40192	0.220288
40193	0.220536
40194	0.220785
40195	0.221033
40196	0.221282
40197	0.22153
40198	0.221777
40199	0.222025
40200	0.222272
40201	0.222519
40202	0.222766
40203	0.223013
40204	0.223259
40205	0.223506
40206	0.223752
40207	0.223997
40208	0.224243
40209	0.224488
40210	0.224734
40211	0.224979
40212	0.225223
40213	0.225468
40214	0.225712
40215	0.225956
40216	0.2262
40217	0.226444
40218	0.226687
40219	0.226931
40220	0.227174
40221	0.227417
40222	0.227659
40223	0.227901
40224	0.228144
40225	0.228386
40226	0.228627
40227	0.228869
40228	0.22911
40229	0.229351
40230	0.229592
40231	0.229833
40232	0.230073
40233	0.230313
40234	0.230553
40235	0.230793
40236	0.231032
40237	0.231272
40238	0.231511
40239	0.23175
40240	0.231988
40241	0.232227
40242	0.232465
40243	0.232703
40244	0.232941
40245	0.233178
40246	0.233415
40247	0.233653
40248	0.233889
40249	0.234126
40250	0.234362
40251	0.234599
40252	0.234835
40253	0.23507
40254	0.235306
40255	0.235541
40256	0.235776
40257	0.236011
40258	0.236245
40259	0.23648
40260	0.236714
40261	0.236948
40262	0.237182
40263	0.237415
40264	0.237648
40265	0.237881
40266	0.238114
40267	0.238347
40268	0.238579
40269	0.238811
40270	0.239043
40271	0.239275
40272	0.239506
40273	0.239737
40274	0.239968
40275	0.240199
40276	0.240429
40277	0.24066
40278	0.24089
40279	0.241119
40280	0.241349
40281	0.241578
40282	0.241807
40283	0.242036
40284	0.242265
40285	0.242493
40286	0.242721
40287	0.242949
40288	0.243177
40289	0.243404
40290	0.243632
40291	0.243859
40292	0.244085
40293	0.244312
40294	0.244538
40295	0.244764
40296	0.24499
40297	0.245216
40298	0.245441
40299	0.245666
40300	0.245891
40301	0.246116
40302	0.24634
40303	0.246564
40304	0.246788
40305	0.247012
40306	0.247235
40307	0.247459
40308	0.247682
40309	0.247904
40310	0.248127
40311	0.248349
40312	0.248571
40313	0.248793
40314	0.249014
40315	0.249236
40316	0.249457
40317	0.249678
40318	0.249898
40319	0.250119
40320	0.250339
40321	0.250559
40322	0.250778
40323	0.250998
40324	0.251217
40325	0.251436
40326	0.251654
40327	0.251873
40328	0.252091
40329	0.252309
40330	0.252527
40331	0.252744
40332	0.252961
40333	0.253178
40334	0.253395
40335	0.253611
40336	0.253828
40337	0.254044
40338	0.254259
40339	0.254475
40340	0.25469
40341	0.254905
40342	0.25512
40343	0.255334
40344	0.255549
40345	0.255763
40346	0.255977
40347	0.25619
40348	0.256403
40349	0.256616
40350	0.256829
40351	0.257042
40352	0.257254
40353	0.257466
40354	0.257678
40355	0.25789
40356	0.258101
40357	0.258312
40358	0.258523
40359	0.258733
40360	0.258944
40361	0.259154
40362	0.259363
40363	0.259573
40364	0.259782
40365	0.259991
40366	0.2602
40367	0.260409
40368	0.260617
40369	0.260825
40370	0.261033
40371	0.261241
40372	0.261448
40373	0.261655
40374	0.261862
40375	0.262068
40376	0.262275
40377	0.262481
40378	0.262686
40379	0.262892
40380	0.263097
40381	0.263302
40382	0.263507
40383	0.263712
40384	0.263916
40385	0.26412
40386	0.264324
40387	0.264527
40388	0.26473
40389	0.264933
40390	0.265136
40391	0.265339
40392	0.265541
40393	0.265743
40394	0.265945
40395	0.266146
40396	0.266347
40397	0.266548
40398	0.266749
40399	0.266949
40400	0.26715
40401	0.267349
40402	0.267549
40403	0.267749
40404	0.267948
40405	0.268147
40406	0.268345
40407	0.268544
40408	0.268742
40409	0.26894
40410	0.269137
40411	0.269335
40412	0.269532
40413	0.269728
40414	0.269925
40415	0.270121
40416	0.270317
40417	0.270513
40418	0.270709
40419	0.270904
40420	0.271099
40421	0.271294
40422	0.271488
40423	0.271682
40424	0.271876
40425	0.27207
40426	0.272263
40427	0.272457
40428	0.272649
40429	0.272842
40430	0.273034
40431	0.273227
40432	0.273418
40433	0.27361
40434	0.273801
40435	0.273992
40436	0.274183
40437	0.274374
40438	0.274564
40439	0.274754
40440	0.274944
40441	0.275133
40442	0.275322
40443	0.275511
40444	0.2757
40445	0.275888
40446	0.276077
40447	0.276264
40448	0.276452
40449	0.276639
40450	0.276826
40451	0.277013
40452	0.2772
40453	0.277386
40454	0.277572
40455	0.277758
40456	0.277943
40457	0.278128
40458	0.278313
40459	0.278498
40460	0.278682
40461	0.278867
40462	0.27905
40463	0.279234
40464	0.279417
40465	0.2796
40466	0.279783
40467	0.279966
40468	0.280148
40469	0.28033
40470	0.280512
40471	0.280693
40472	0.280874
40473	0.281055
40474	0.281236
40475	0.281416
40476	0.281596
40477	0.281776
40478	0.281955
40479	0.282135
40480	0.282314
40481	0.282492
40482	0.282671
40483	0.282849
40484	0.283027
40485	0.283204
40486	0.283382
40487	0.283559
40488	0.283736
40489	0.283912
40490	0.284088
40491	0.284264
40492	0.28444
40493	0.284615
40494	0.284791
40495	0.284966
40496	0.28514
40497	0.285314
40498	0.285488
40499	0.285662
40500	0.285836
40501	0.286009
40502	0.286182
40503	0.286355
40504	0.286527
40505	0.286699
40506	0.286871
40507	0.287043
40508	0.287214
40509	0.287385
40510	0.287556
40511	0.287726
40512	0.287896
40513	0.288066
40514	0.288236
40515	0.288405
40516	0.288574
40517	0.288743
40518	0.288911
40519	0.28908
40520	0.289248
40521	0.289415
40522	0.289583
40523	0.28975
40524	0.289917
40525	0.290083
40526	0.290249
40527	0.290415
40528	0.290581
40529	0.290746
40530	0.290912
40531	0.291076
40532	0.291241
40533	0.291405
40534	0.291569
40535	0.291733
40536	0.291897
40537	0.29206
40538	0.292223
40539	0.292385
40540	0.292548
40541	0.29271
40542	0.292871
40543	0.293033
40544	0.293194
40545	0.293355
40546	0.293516
40547	0.293676
40548	0.293836
40549	0.293996
40550	0.294155
40551	0.294315
40552	0.294473
40553	0.294632
40554	0.29479
40555	0.294949
40556	0.295106
40557	0.295264
40558	0.295421
40559	0.295578
40560	0.295735
40561	0.295891
40562	0.296047
40563	0.296203
40564	0.296358
40565	0.296514
40566	0.296669
40567	0.296823
40568	0.296978
40569	0.297132
40570	0.297285
40571	0.297439
40572	0.297592
40573	0.297745
40574	0.297898
40575	0.29805
40576	0.298202
40577	0.298354
40578	0.298505
40579	0.298657
40580	0.298807
40581	0.298958
40582	0.299108
40583	0.299258
40584	0.299408
40585	0.299558
40586	0.299707
40587	0.299856
40588	0.300004
40589	0.300153
40590	0.300301
40591	0.300448
40592	0.300596
40593	0.300743
40594	0.30089
40595	0.301036
40596	0.301183
40597	0.301329
40598	0.301474
40599	0.30162
40600	0.301765
40601	0.30191
40602	0.302054
40603	0.302198
40604	0.302342
40605	0.302486
40606	0.302629
40607	0.302773
40608	0.302915
40609	0.303058
40610	0.3032
40611	0.303342
40612	0.303483
40613	0.303625
40614	0.303766
40615	0.303907
40616	0.304047
40617	0.304187
40618	0.304327
40619	0.304467
40620	0.304606
40621	0.304745
40622	0.304883
40623	0.305022
40624	0.30516
40625	0.305298
40626	0.305435
40627	0.305572
40628	0.305709
40629	0.305846
40630	0.305982
40631	0.306118
40632	0.306254
40633	0.306389
40634	0.306524
40635	0.306659
40636	0.306794
40637	0.306928
40638	0.307062
40639	0.307196
40640	0.307329
40641	0.307462
40642	0.307595
40643	0.307727
40644	0.30786
40645	0.307991
40646	0.308123
40647	0.308254
40648	0.308385
40649	0.308516
40650	0.308646
40651	0.308776
40652	0.308906
40653	0.309036
40654	0.309165
40655	0.309294
40656	0.309422
40657	0.309551
40658	0.309679
40659	0.309806
40660	0.309934
40661	0.310061
40662	0.310188
40663	0.310314
40664	0.31044
40665	0.310566
40666	0.310692
40667	0.310817
40668	0.310942
40669	0.311067
40670	0.311191
40671	0.311315
40672	0.311439
40673	0.311563
40674	0.311686
40675	0.311809
40676	0.311931
40677	0.312054
40678	0.312176
40679	0.312297
40680	0.312419
40681	0.31254
40682	0.312661
40683	0.312781
40684	0.312901
40685	0.313021
40686	0.313141
40687	0.31326
40688	0.313379
40689	0.313498
40690	0.313616
40691	0.313734
40692	0.313852
40693	0.31397
40694	0.314087
40695	0.314204
40696	0.31432
40697	0.314436
40698	0.314552
40699	0.314668
40700	0.314783
40701	0.314898
40702	0.315013
40703	0.315128
40704	0.315242
40705	0.315356
40706	0.315469
40707	0.315582
40708	0.315695
40709	0.315808
40710	0.31592
40711	0.316032
40712	0.316144
40713	0.316255
40714	0.316367
40715	0.316477
40716	0.316588
40717	0.316698
40718	0.316808
40719	0.316917
40720	0.317027
40721	0.317136
40722	0.317244
40723	0.317353
40724	0.317461
40725	0.317568
40726	0.317676
40727	0.317783
40728	0.31789
40729	0.317996
40730	0.318103
40731	0.318209
40732	0.318314
40733	0.318419
40734	0.318524
40735	0.318629
40736	0.318733
40737	0.318838
40738	0.318941
40739	0.319045
40740	0.319148
40741	0.319251
40742	0.319353
40743	0.319455
40744	0.319557
40745	0.319659
40746	0.31976
40747	0.319861
40748	0.319962
40749	0.320062
40750	0.320162
40751	0.320262
40752	0.320362
40753	0.320461
40754	0.32056
40755	0.320658
40756	0.320756
40757	0.320854
40758	0.320952
40759	0.321049
40760	0.321146
40761	0.321243
40762	0.321339
40763	0.321435
40764	0.321531
40765	0.321626
40766	0.321721
40767	0.321816
40768	0.321911
40769	0.322005
40770	0.322099
40771	0.322192
40772	0.322286
40773	0.322379
40774	0.322471
40775	0.322564
40776	0.322656
40777	0.322747
40778	0.322839
40779	0.32293
40780	0.323021
40781	0.323111
40782	0.323201
40783	0.323291
40784	0.323381
40785	0.32347
40786	0.323559
40787	0.323648
40788	0.323736
40789	0.323824
40790	0.323911
40791	0.323999
40792	0.324086
40793	0.324173
40794	0.324259
40795	0.324345
40796	0.324431
40797	0.324516
40798	0.324602
40799	0.324687
40800	0.324771
40801	0.324855
40802	0.324939
40803	0.325023
40804	0.325106
40805	0.325189
40806	0.325272
40807	0.325354
40808	0.325436
40809	0.325518
40810	0.325599
40811	0.325681
40812	0.325761
40813	0.325842
40814	0.325922
40815	0.326002
40816	0.326081
40817	0.326161
40818	0.32624
40819	0.326318
40820	0.326397
40821	0.326475
40822	0.326552
40823	0.32663
40824	0.326707
40825	0.326783
40826	0.32686
40827	0.326936
40828	0.327012
40829	0.327087
40830	0.327162
40831	0.327237
40832	0.327312
40833	0.327386
40834	0.32746
40835	0.327533
40836	0.327607
40837	0.32768
40838	0.327752
40839	0.327825
40840	0.327897
40841	0.327968
40842	0.32804
40843	0.328111
40844	0.328181
40845	0.328252
40846	0.328322
40847	0.328392
40848	0.328461
40849	0.32853
40850	0.328599
40851	0.328668
40852	0.328736
40853	0.328804
40854	0.328872
40855	0.328939
40856	0.329006
40857	0.329073
40858	0.329139
40859	0.329205
40860	0.329271
40861	0.329336
40862	0.329401
40863	0.329466
40864	0.32953
40865	0.329594
40866	0.329658
40867	0.329722
40868	0.329785
40869	0.329848
40870	0.32991
40871	0.329972
40872	0.330034
40873	0.330096
40874	0.330157
40875	0.330218
40876	0.330279
40877	0.330339
40878	0.330399
40879	0.330459
40880	0.330518
40881	0.330577
40882	0.330636
40883	0.330694
40884	0.330753
40885	0.33081
40886	0.330868
40887	0.330925
40888	0.330982
40889	0.331038
40890	0.331095
40891	0.33115
40892	0.331206
40893	0.331261
40894	0.331316
40895	0.331371
40896	0.331425
40897	0.331479
40898	0.331533
40899	0.331586
40900	0.331639
40901	0.331692
40902	0.331744
40903	0.331796
40904	0.331848
40905	0.331899
40906	0.331951
40907	0.332001
40908	0.332052
40909	0.332102
40910	0.332152
40911	0.332201
40912	0.332251
40913	0.3323
40914	0.332348
40915	0.332396
40916	0.332444
40917	0.332492
40918	0.332539
40919	0.332586
40920	0.332633
40921	0.332679
40922	0.332725
40923	0.332771
40924	0.332816
40925	0.332861
40926	0.332906
40927	0.332951
40928	0.332995
40929	0.333038
40930	0.333082
40931	0.333125
40932	0.333168
40933	0.33321
40934	0.333253
40935	0.333295
40936	0.333336
40937	0.333377
40938	0.333418
40939	0.333459
40940	0.333499
40941	0.333539
40942	0.333579
40943	0.333618
40944	0.333657
40945	0.333696
40946	0.333734
40947	0.333772
40948	0.33381
40949	0.333847
40950	0.333885
40951	0.333921
40952	0.333958
40953	0.333994
40954	0.33403
40955	0.334065
40956	0.3341
40957	0.334135
40958	0.33417
40959	0.334204
40960	0.334238
40961	0.334272
40962	0.334305
40963	0.334338
40964	0.33437
40965	0.334403
40966	0.334435
40967	0.334466
40968	0.334498
40969	0.334529
40970	0.334559
40971	0.33459
40972	0.33462
40973	0.33465
40974	0.334679
40975	0.334708
40976	0.334737
40977	0.334765
40978	0.334794
40979	0.334821
40980	0.334849
40981	0.334876
40982	0.334903
40983	0.334929
40984	0.334956
40985	0.334982
40986	0.335007
40987	0.335033
40988	0.335057
40989	0.335082
40990	0.335106
40991	0.33513
40992	0.335154
40993	0.335177
40994	0.3352
40995	0.335223
40996	0.335246
40997	0.335268
40998	0.335289
40999	0.335311
41000	0.335332
41001	0.335353
41002	0.335373
41003	0.335393
41004	0.335413
41005	0.335433
41006	0.335452
41007	0.335471
41008	0.335489
41009	0.335508
41010	0.335525
41011	0.335543
41012	0.33556
41013	0.335577
41014	0.335594
41015	0.33561
41016	0.335626
41017	0.335642
41018	0.335657
41019	0.335672
41020	0.335687
41021	0.335701
41022	0.335715
41023	0.335729
41024	0.335743
41025	0.335756
41026	0.335769
41027	0.335781
41028	0.335793
41029	0.335805
41030	0.335816
41031	0.335828
41032	0.335839
41033	0.335849
41034	0.335859
41035	0.335869
41036	0.335879
41037	0.335888
41038	0.335897
41039	0.335906
41040	0.335914
41041	0.335922
41042	0.33593
41043	0.335937
41044	0.335944
41045	0.335951
41046	0.335957
41047	0.335963
41048	0.335969
41049	0.335974
41050	0.335979
41051	0.335984
41052	0.335989
41053	0.335993
41054	0.335997
41055	0.336
41056	0.336003
41057	0.336006
41058	0.336009
41059	0.336011
41060	0.336013
41061	0.336014
41062	0.336016
41063	0.336017
41064	0.336017
41065	0.336017
41066	0.336017
41067	0.336017
41068	0.336016
41069	0.336015
41070	0.336014
41071	0.336013
41072	0.336011
41073	0.336008
41074	0.336006
41075	0.336003
41076	0.336
41077	0.335996
41078	0.335992
41079	0.335988
41080	0.335984
41081	0.335979
41082	0.335974
41083	0.335968
41084	0.335962
41085	0.335956
41086	0.33595
41087	0.335943
41088	0.335936
41089	0.335929
41090	0.335921
41091	0.335913
41092	0.335904
41093	0.335896
41094	0.335887
41095	0.335878
41096	0.335868
41097	0.335858
41098	0.335848
41099	0.335837
41100	0.335826
41101	0.335815
41102	0.335803
41103	0.335792
41104	0.335779
41105	0.335767
41106	0.335754
41107	0.335741
41108	0.335727
41109	0.335714
41110	0.335699
41111	0.335685
41112	0.33567
41113	0.335655
41114	0.33564
41115	0.335624
41116	0.335608
41117	0.335592
41118	0.335575
41119	0.335558
41120	0.335541
41121	0.335523
41122	0.335505
41123	0.335487
41124	0.335468
41125	0.33545
41126	0.33543
41127	0.335411
41128	0.335391
41129	0.335371
41130	0.33535
41131	0.335329
41132	0.335308
41133	0.335287
41134	0.335265
41135	0.335243
41136	0.33522
41137	0.335198
41138	0.335175
41139	0.335151
41140	0.335128
41141	0.335104
41142	0.335079
41143	0.335055
41144	0.33503
41145	0.335004
41146	0.334979
41147	0.334953
41148	0.334927
41149	0.3349
41150	0.334873
41151	0.334846
41152	0.334818
41153	0.334791
41154	0.334762
41155	0.334734
41156	0.334705
41157	0.334676
41158	0.334647
41159	0.334617
41160	0.334587
41161	0.334556
41162	0.334526
41163	0.334495
41164	0.334463
41165	0.334432
41166	0.3344
41167	0.334368
41168	0.334335
41169	0.334302
41170	0.334269
41171	0.334235
41172	0.334201
41173	0.334167
41174	0.334133
41175	0.334098
41176	0.334063
41177	0.334027
41178	0.333991
41179	0.333955
41180	0.333919
41181	0.333882
41182	0.333845
41183	0.333808
41184	0.33377
41185	0.333732
41186	0.333694
41187	0.333655
41188	0.333616
41189	0.333577
41190	0.333537
41191	0.333497
41192	0.333457
41193	0.333417
41194	0.333376
41195	0.333335
41196	0.333293
41197	0.333251
41198	0.333209
41199	0.333167
41200	0.333124
41201	0.333081
41202	0.333038
41203	0.332994
41204	0.33295
41205	0.332906
41206	0.332861
41207	0.332816
41208	0.332771
41209	0.332725
41210	0.332679
41211	0.332633
41212	0.332587
41213	0.33254
41214	0.332493
41215	0.332445
41216	0.332397
41217	0.332349
41218	0.332301
41219	0.332252
41220	0.332203
41221	0.332154
41222	0.332104
41223	0.332054
41224	0.332004
41225	0.331953
41226	0.331902
41227	0.331851
41228	0.331799
41229	0.331747
41230	0.331695
41231	0.331643
41232	0.33159
41233	0.331537
41234	0.331483
41235	0.33143
41236	0.331376
41237	0.331321
41238	0.331266
41239	0.331211
41240	0.331156
41241	0.331101
41242	0.331045
41243	0.330988
41244	0.330932
41245	0.330875
41246	0.330818
41247	0.33076
41248	0.330702
41249	0.330644
41250	0.330586
41251	0.330527
41252	0.330468
41253	0.330409
41254	0.330349
41255	0.330289
41256	0.330229
41257	0.330168
41258	0.330107
41259	0.330046
41260	0.329984
41261	0.329922
41262	0.32986
41263	0.329798
41264	0.329735
41265	0.329672
41266	0.329608
41267	0.329545
41268	0.329481
41269	0.329416
41270	0.329352
41271	0.329287
41272	0.329221
41273	0.329156
41274	0.32909
41275	0.329024
41276	0.328957
41277	0.32889
41278	0.328823
41279	0.328756
41280	0.328688
41281	0.32862
41282	0.328551
41283	0.328483
41284	0.328414
41285	0.328344
41286	0.328275
41287	0.328205
41288	0.328135
41289	0.328064
41290	0.327993
41291	0.327922
41292	0.327851
41293	0.327779
41294	0.327707
41295	0.327634
41296	0.327562
41297	0.327489
41298	0.327415
41299	0.327342
41300	0.327268
41301	0.327193
41302	0.327119
41303	0.327044
41304	0.326969
41305	0.326893
41306	0.326818
41307	0.326742
41308	0.326665
41309	0.326588
41310	0.326511
41311	0.326434
41312	0.326356
41313	0.326279
41314	0.3262
41315	0.326122
41316	0.326043
41317	0.325964
41318	0.325884
41319	0.325805
41320	0.325724
41321	0.325644
41322	0.325563
41323	0.325482
41324	0.325401
41325	0.32532
41326	0.325238
41327	0.325155
41328	0.325073
41329	0.32499
41330	0.324907
41331	0.324824
41332	0.32474
41333	0.324656
41334	0.324571
41335	0.324487
41336	0.324402
41337	0.324317
41338	0.324231
41339	0.324145
41340	0.324059
41341	0.323973
41342	0.323886
41343	0.323799
41344	0.323711
41345	0.323624
41346	0.323536
41347	0.323447
41348	0.323359
41349	0.32327
41350	0.323181
41351	0.323091
41352	0.323001
41353	0.322911
41354	0.322821
41355	0.32273
41356	0.322639
41357	0.322548
41358	0.322456
41359	0.322364
41360	0.322272
41361	0.32218
41362	0.322087
41363	0.321994
41364	0.3219
41365	0.321807
41366	0.321712
41367	0.321618
41368	0.321524
41369	0.321429
41370	0.321333
41371	0.321238
41372	0.321142
41373	0.321046
41374	0.320949
41375	0.320853
41376	0.320756
41377	0.320658
41378	0.320561
41379	0.320463
41380	0.320365
41381	0.320266
41382	0.320167
41383	0.320068
41384	0.319969
41385	0.319869
41386	0.319769
41387	0.319669
41388	0.319568
41389	0.319467
41390	0.319366
41391	0.319264
41392	0.319163
41393	0.31906
41394	0.318958
41395	0.318855
41396	0.318752
41397	0.318649
41398	0.318545
41399	0.318441
41400	0.318337
41401	0.318233
41402	0.318128
41403	0.318023
41404	0.317918
41405	0.317812
41406	0.317706
41407	0.3176
41408	0.317493
41409	0.317386
41410	0.317279
41411	0.317172
41412	0.317064
41413	0.316956
41414	0.316847
41415	0.316739
41416	0.31663
41417	0.316521
41418	0.316411
41419	0.316301
41420	0.316191
41421	0.316081
41422	0.31597
41423	0.315859
41424	0.315748
41425	0.315636
41426	0.315524
41427	0.315412
41428	0.3153
41429	0.315187
41430	0.315074
41431	0.31496
41432	0.314847
41433	0.314733
41434	0.314619
41435	0.314504
41436	0.314389
41437	0.314274
41438	0.314159
41439	0.314043
41440	0.313927
41441	0.313811
41442	0.313694
41443	0.313577
41444	0.31346
41445	0.313343
41446	0.313225
41447	0.313107
41448	0.312989
41449	0.31287
41450	0.312751
41451	0.312632
41452	0.312513
41453	0.312393
41454	0.312273
41455	0.312152
41456	0.312032
41457	0.311911
41458	0.311789
41459	0.311668
41460	0.311546
41461	0.311424
41462	0.311302
41463	0.311179
41464	0.311056
41465	0.310933
41466	0.310809
41467	0.310685
41468	0.310561
41469	0.310437
41470	0.310312
41471	0.310187
41472	0.310062
41473	0.309936
41474	0.30981
41475	0.309684
41476	0.309558
41477	0.309431
41478	0.309304
41479	0.309177
41480	0.309049
41481	0.308921
41482	0.308793
41483	0.308665
41484	0.308536
41485	0.308407
41486	0.308278
41487	0.308148
41488	0.308018
41489	0.307888
41490	0.307758
41491	0.307627
41492	0.307496
41493	0.307365
41494	0.307233
41495	0.307101
41496	0.306969
41497	0.306837
41498	0.306704
41499	0.306571
41500	0.306438
41501	0.306304
41502	0.30617
41503	0.306036
41504	0.305902
41505	0.305767
41506	0.305632
41507	0.305497
41508	0.305361
41509	0.305225
41510	0.305089
41511	0.304953
41512	0.304816
41513	0.304679
41514	0.304542
41515	0.304404
41516	0.304266
41517	0.304128
41518	0.30399
41519	0.303851
41520	0.303712
41521	0.303573
41522	0.303433
41523	0.303293
41524	0.303153
41525	0.303013
41526	0.302872
41527	0.302731
41528	0.30259
41529	0.302449
41530	0.302307
41531	0.302165
41532	0.302023
41533	0.30188
41534	0.301737
41535	0.301594
41536	0.30145
41537	0.301307
41538	0.301163
41539	0.301018
41540	0.300874
41541	0.300729
41542	0.300584
41543	0.300438
41544	0.300293
41545	0.300147
41546	0.3
41547	0.299854
41548	0.299707
41549	0.29956
41550	0.299413
41551	0.299265
41552	0.299117
41553	0.298969
41554	0.29882
41555	0.298672
41556	0.298523
41557	0.298373
41558	0.298224
41559	0.298074
41560	0.297924
41561	0.297773
41562	0.297623
41563	0.297472
41564	0.297321
41565	0.297169
41566	0.297017
41567	0.296865
41568	0.296713
41569	0.29656
41570	0.296407
41571	0.296254
41572	0.296101
41573	0.295947
41574	0.295793
41575	0.295639
41576	0.295484
41577	0.295329
41578	0.295174
41579	0.295019
41580	0.294863
41581	0.294707
41582	0.294551
41583	0.294395
41584	0.294238
41585	0.294081
41586	0.293924
41587	0.293766
41588	0.293608
41589	0.29345
41590	0.293292
41591	0.293133
41592	0.292974
41593	0.292815
41594	0.292656
41595	0.292496
41596	0.292336
41597	0.292176
41598	0.292015
41599	0.291854
41600	0.291693
41601	0.291532
41602	0.29137
41603	0.291209
41604	0.291046
41605	0.290884
41606	0.290721
41607	0.290558
41608	0.290395
41609	0.290231
41610	0.290068
41611	0.289904
41612	0.289739
41613	0.289575
41614	0.28941
41615	0.289245
41616	0.289079
41617	0.288914
41618	0.288748
41619	0.288582
41620	0.288415
41621	0.288248
41622	0.288081
41623	0.287914
41624	0.287747
41625	0.287579
41626	0.287411
41627	0.287242
41628	0.287074
41629	0.286905
41630	0.286736
41631	0.286566
41632	0.286397
41633	0.286227
41634	0.286057
41635	0.285886
41636	0.285715
41637	0.285544
41638	0.285373
41639	0.285202
41640	0.28503
41641	0.284858
41642	0.284685
41643	0.284513
41644	0.28434
41645	0.284167
41646	0.283994
41647	0.28382
41648	0.283646
41649	0.283472
41650	0.283297
41651	0.283123
41652	0.282948
41653	0.282773
41654	0.282597
41655	0.282421
41656	0.282245
41657	0.282069
41658	0.281893
41659	0.281716
41660	0.281539
41661	0.281361
41662	0.281184
41663	0.281006
41664	0.280828
41665	0.28065
41666	0.280471
41667	0.280292
41668	0.280113
41669	0.279933
41670	0.279754
41671	0.279574
41672	0.279394
41673	0.279213
41674	0.279033
41675	0.278852
41676	0.27867
41677	0.278489
41678	0.278307
41679	0.278125
41680	0.277943
41681	0.27776
41682	0.277578
41683	0.277395
41684	0.277211
41685	0.277028
41686	0.276844
41687	0.27666
41688	0.276476
41689	0.276291
41690	0.276106
41691	0.275921
41692	0.275736
41693	0.27555
41694	0.275364
41695	0.275178
41696	0.274992
41697	0.274805
41698	0.274618
41699	0.274431
41700	0.274244
41701	0.274056
41702	0.273868
41703	0.27368
41704	0.273492
41705	0.273303
41706	0.273114
41707	0.272925
41708	0.272736
41709	0.272546
41710	0.272356
41711	0.272166
41712	0.271975
41713	0.271785
41714	0.271594
41715	0.271403
41716	0.271211
41717	0.271019
41718	0.270827
41719	0.270635
41720	0.270443
41721	0.27025
41722	0.270057
41723	0.269864
41724	0.26967
41725	0.269477
41726	0.269283
41727	0.269089
41728	0.268894
41729	0.268699
41730	0.268504
41731	0.268309
41732	0.268114
41733	0.267918
41734	0.267722
41735	0.267526
41736	0.267329
41737	0.267133
41738	0.266936
41739	0.266739
41740	0.266541
41741	0.266343
41742	0.266146
41743	0.265947
41744	0.265749
41745	0.26555
41746	0.265351
41747	0.265152
41748	0.264953
41749	0.264753
41750	0.264553
41751	0.264353
41752	0.264152
41753	0.263952
41754	0.263751
41755	0.26355
41756	0.263348
41757	0.263147
41758	0.262945
41759	0.262743
41760	0.26254
41761	0.262338
41762	0.262135
41763	0.261932
41764	0.261728
41765	0.261525
41766	0.261321
41767	0.261117
41768	0.260912
41769	0.260708
41770	0.260503
41771	0.260298
41772	0.260093
41773	0.259887
41774	0.259681
41775	0.259475
41776	0.259269
41777	0.259063
41778	0.258856
41779	0.258649
41780	0.258442
41781	0.258234
41782	0.258026
41783	0.257819
41784	0.25761
41785	0.257402
41786	0.257193
41787	0.256984
41788	0.256775
41789	0.256566
41790	0.256356
41791	0.256146
41792	0.255936
41793	0.255726
41794	0.255515
41795	0.255304
41796	0.255093
41797	0.254882
41798	0.254671
41799	0.254459
41800	0.254247
41801	0.254035
41802	0.253822
41803	0.253609
41804	0.253396
41805	0.253183
41806	0.25297
41807	0.252756
41808	0.252542
41809	0.252328
41810	0.252114
41811	0.251899
41812	0.251684
41813	0.251469
41814	0.251254
41815	0.251038
41816	0.250823
41817	0.250607
41818	0.25039
41819	0.250174
41820	0.249957
41821	0.24974
41822	0.249523
41823	0.249306
41824	0.249088
41825	0.24887
41826	0.248652
41827	0.248434
41828	0.248215
41829	0.247996
41830	0.247777
41831	0.247558
41832	0.247339
41833	0.247119
41834	0.246899
41835	0.246679
41836	0.246458
41837	0.246238
41838	0.246017
41839	0.245796
41840	0.245574
41841	0.245353
41842	0.245131
41843	0.244909
41844	0.244687
41845	0.244464
41846	0.244242
41847	0.244019
41848	0.243795
41849	0.243572
41850	0.243348
41851	0.243125
41852	0.242901
41853	0.242676
41854	0.242452
41855	0.242227
41856	0.242002
41857	0.241777
41858	0.241551
41859	0.241326
41860	0.2411
41861	0.240874
41862	0.240647
41863	0.240421
41864	0.240194
41865	0.239967
41866	0.23974
41867	0.239512
41868	0.239285
41869	0.239057
41870	0.238829
41871	0.2386
41872	0.238372
41873	0.238143
41874	0.237914
41875	0.237685
41876	0.237455
41877	0.237226
41878	0.236996
41879	0.236766
41880	0.236535
41881	0.236305
41882	0.236074
41883	0.235843
41884	0.235612
41885	0.23538
41886	0.235149
41887	0.234917
41888	0.234685
41889	0.234452
41890	0.23422
41891	0.233987
41892	0.233754
41893	0.233521
41894	0.233288
41895	0.233054
41896	0.23282
41897	0.232586
41898	0.232352
41899	0.232117
41900	0.231883
41901	0.231648
41902	0.231412
41903	0.231177
41904	0.230942
41905	0.230706
41906	0.23047
41907	0.230233
41908	0.229997
41909	0.22976
41910	0.229524
41911	0.229286
41912	0.229049
41913	0.228812
41914	0.228574
41915	0.228336
41916	0.228098
41917	0.227859
41918	0.227621
41919	0.227382
41920	0.227143
41921	0.226904
41922	0.226664
41923	0.226425
41924	0.226185
41925	0.225945
41926	0.225705
41927	0.225464
41928	0.225223
41929	0.224982
41930	0.224741
41931	0.2245
41932	0.224258
41933	0.224017
41934	0.223775
41935	0.223532
41936	0.22329
41937	0.223048
41938	0.222805
41939	0.222562
41940	0.222318
41941	0.222075
41942	0.221831
41943	0.221588
41944	0.221344
41945	0.221099
41946	0.220855
41947	0.22061
41948	0.220365
41949	0.22012
41950	0.219875
41951	0.219629
41952	0.219384
41953	0.219138
41954	0.218892
41955	0.218645
41956	0.218399
41957	0.218152
41958	0.217905
41959	0.217658
41960	0.217411
41961	0.217163
41962	0.216915
41963	0.216667
41964	0.216419
41965	0.216171
41966	0.215922
41967	0.215674
41968	0.215425
41969	0.215175
41970	0.214926
41971	0.214676
41972	0.214427
41973	0.214177
41974	0.213926
41975	0.213676
41976	0.213426
41977	0.213175
41978	0.212924
41979	0.212673
41980	0.212421
41981	0.21217
41982	0.211918
41983	0.211666
41984	0.211414
41985	0.211161
41986	0.210909
41987	0.210656
41988	0.210403
41989	0.21015
41990	0.209896
41991	0.209643
41992	0.209389
41993	0.209135
41994	0.208881
41995	0.208627
41996	0.208372
41997	0.208117
41998	0.207862
41999	0.207607
42000	0.207352
42001	0.207096
42002	0.206841
42003	0.206585
42004	0.206329
42005	0.206072
42006	0.205816
42007	0.205559
42008	0.205302
42009	0.205045
42010	0.204788
42011	0.204531
42012	0.204273
42013	0.204015
42014	0.203757
42015	0.203499
42016	0.20324
42017	0.202982
42018	0.202723
42019	0.202464
42020	0.202205
42021	0.201945
42022	0.201686
42023	0.201426
42024	0.201166
42025	0.200906
42026	0.200646
42027	0.200385
42028	0.200125
42029	0.199864
42030	0.199603
42031	0.199341
42032	0.19908
42033	0.198818
42034	0.198556
42035	0.198294
42036	0.198032
42037	0.19777
42038	0.197507
42039	0.197244
42040	0.196982
42041	0.196718
42042	0.196455
42043	0.196192
42044	0.195928
42045	0.195664
42046	0.1954
42047	0.195136
42048	0.194871
42049	0.194607
42050	0.194342
42051	0.194077
42052	0.193812
42053	0.193546
42054	0.193281
42055	0.193015
42056	0.192749
42057	0.192483
42058	0.192217
42059	0.191951
42060	0.191684
42061	0.191417
42062	0.19115
42063	0.190883
42064	0.190616
42065	0.190348
42066	0.19008
42067	0.189813
42068	0.189545
42069	0.189276
42070	0.189008
42071	0.188739
42072	0.188471
42073	0.188202
42074	0.187932
42075	0.187663
42076	0.187394
42077	0.187124
42078	0.186854
42079	0.186584
42080	0.186314
42081	0.186044
42082	0.185773
42083	0.185502
42084	0.185232
42085	0.18496
42086	0.184689
42087	0.184418
42088	0.184146
42089	0.183875
42090	0.183603
42091	0.18333
42092	0.183058
42093	0.182786
42094	0.182513
42095	0.18224
42096	0.181967
42097	0.181694
42098	0.181421
42099	0.181147
42100	0.180874
42101	0.1806
42102	0.180326
42103	0.180052
42104	0.179777
42105	0.179503
42106	0.179228
42107	0.178953
42108	0.178678
42109	0.178403
42110	0.178128
42111	0.177852
42112	0.177577
42113	0.177301
42114	0.177025
42115	0.176749
42116	0.176472
42117	0.176196
42118	0.175919
42119	0.175642
42120	0.175365
42121	0.175088
42122	0.174811
42123	0.174533
42124	0.174255
42125	0.173978
42126	0.173699
42127	0.173421
42128	0.173143
42129	0.172864
42130	0.172586
42131	0.172307
42132	0.172028
42133	0.171749
42134	0.171469
42135	0.17119
42136	0.17091
42137	0.170631
42138	0.170351
42139	0.17007
42140	0.16979
42141	0.16951
42142	0.169229
42143	0.168948
42144	0.168667
42145	0.168386
42146	0.168105
42147	0.167824
42148	0.167542
42149	0.16726
42150	0.166978
42151	0.166696
42152	0.166414
42153	0.166132
42154	0.165849
42155	0.165567
42156	0.165284
42157	0.165001
42158	0.164718
42159	0.164434
42160	0.164151
42161	0.163867
42162	0.163583
42163	0.1633
42164	0.163015
42165	0.162731
42166	0.162447
42167	0.162162
42168	0.161878
42169	0.161593
42170	0.161308
42171	0.161023
42172	0.160737
42173	0.160452
42174	0.160166
42175	0.15988
42176	0.159595
42177	0.159308
42178	0.159022
42179	0.158736
42180	0.158449
42181	0.158163
42182	0.157876
42183	0.157589
42184	0.157302
42185	0.157015
42186	0.156727
42187	0.15644
42188	0.156152
42189	0.155864
42190	0.155576
42191	0.155288
42192	0.155
42193	0.154711
42194	0.154422
42195	0.154134
42196	0.153845
42197	0.153556
42198	0.153267
42199	0.152977
42200	0.152688
42201	0.152398
42202	0.152108
42203	0.151819
42204	0.151528
42205	0.151238
42206	0.150948
42207	0.150657
42208	0.150367
42209	0.150076
42210	0.149785
42211	0.149494
42212	0.149203
42213	0.148912
42214	0.14862
42215	0.148329
42216	0.148037
42217	0.147745
42218	0.147453
42219	0.147161
42220	0.146868
42221	0.146576
42222	0.146283
42223	0.145991
42224	0.145698
42225	0.145405
42226	0.145112
42227	0.144818
42228	0.144525
42229	0.144231
42230	0.143938
42231	0.143644
42232	0.14335
42233	0.143056
42234	0.142761
42235	0.142467
42236	0.142172
42237	0.141878
42238	0.141583
42239	0.141288
42240	0.140993
42241	0.140698
42242	0.140403
42243	0.140107
42244	0.139811
42245	0.139516
42246	0.13922
42247	0.138924
42248	0.138628
42249	0.138332
42250	0.138035
42251	0.137739
42252	0.137442
42253	0.137145
42254	0.136848
42255	0.136551
42256	0.136254
42257	0.135957
42258	0.135659
42259	0.135362
42260	0.135064
42261	0.134766
42262	0.134468
42263	0.13417
42264	0.133872
42265	0.133574
42266	0.133275
42267	0.132977
42268	0.132678
42269	0.132379
42270	0.13208
42271	0.131781
42272	0.131482
42273	0.131183
42274	0.130883
42275	0.130584
42276	0.130284
42277	0.129984
42278	0.129684
42279	0.129384
42280	0.129084
42281	0.128783
42282	0.128483
42283	0.128182
42284	0.127882
42285	0.127581
42286	0.12728
42287	0.126979
42288	0.126678
42289	0.126376
42290	0.126075
42291	0.125774
42292	0.125472
42293	0.12517
42294	0.124868
42295	0.124566
42296	0.124264
42297	0.123962
42298	0.123659
42299	0.123357
42300	0.123054
42301	0.122752
42302	0.122449
42303	0.122146
42304	0.121843
42305	0.121539
42306	0.121236
42307	0.120933
42308	0.120629
42309	0.120326
42310	0.120022
42311	0.119718
42312	0.119414
42313	0.11911
42314	0.118806
42315	0.118501
42316	0.118197
42317	0.117892
42318	0.117587
42319	0.117283
42320	0.116978
42321	0.116673
42322	0.116368
42323	0.116062
42324	0.115757
42325	0.115452
42326	0.115146
42327	0.11484
42328	0.114534
42329	0.114229
42330	0.113923
42331	0.113616
42332	0.11331
42333	0.113004
42334	0.112697
42335	0.112391
42336	0.112084
42337	0.111777
42338	0.111471
42339	0.111164
42340	0.110856
42341	0.110549
42342	0.110242
42343	0.109935
42344	0.109627
42345	0.109319
42346	0.109012
42347	0.108704
42348	0.108396
42349	0.108088
42350	0.10778
42351	0.107472
42352	0.107163
42353	0.106855
42354	0.106546
42355	0.106238
42356	0.105929
42357	0.10562
42358	0.105311
42359	0.105002
42360	0.104693
42361	0.104383
42362	0.104074
42363	0.103765
42364	0.103455
42365	0.103145
42366	0.102836
42367	0.102526
42368	0.102216
42369	0.101906
42370	0.101596
42371	0.101285
42372	0.100975
42373	0.100665
42374	0.100354
42375	0.100043
42376	0.0997327
42377	0.0994219
42378	0.0991109
42379	0.0987999
42380	0.0984888
42381	0.0981776
42382	0.0978663
42383	0.0975549
42384	0.0972434
42385	0.0969318
42386	0.0966201
42387	0.0963083
42388	0.0959965
42389	0.0956845
42390	0.0953725
42391	0.0950603
42392	0.0947481
42393	0.0944358
42394	0.0941233
42395	0.0938108
42396	0.0934982
42397	0.0931856
42398	0.0928728
42399	0.0925599
42400	0.0922469
42401	0.0919339
42402	0.0916208
42403	0.0913075
42404	0.0909942
42405	0.0906808
42406	0.0903673
42407	0.0900538
42408	0.0897401
42409	0.0894264
42410	0.0891125
42411	0.0887986
42412	0.0884846
42413	0.0881705
42414	0.0878563
42415	0.0875421
42416	0.0872277
42417	0.0869133
42418	0.0865988
42419	0.0862842
42420	0.0859695
42421	0.0856547
42422	0.0853399
42423	0.085025
42424	0.0847099
42425	0.0843949
42426	0.0840797
42427	0.0837644
42428	0.0834491
42429	0.0831337
42430	0.0828182
42431	0.0825026
42432	0.0821869
42433	0.0818712
42434	0.0815554
42435	0.0812395
42436	0.0809235
42437	0.0806074
42438	0.0802913
42439	0.0799751
42440	0.0796588
42441	0.0793424
42442	0.079026
42443	0.0787095
42444	0.0783929
42445	0.0780762
42446	0.0777594
42447	0.0774426
42448	0.0771257
42449	0.0768087
42450	0.0764917
42451	0.0761746
42452	0.0758574
42453	0.0755401
42454	0.0752228
42455	0.0749053
42456	0.0745879
42457	0.0742703
42458	0.0739527
42459	0.073635
42460	0.0733172
42461	0.0729993
42462	0.0726814
42463	0.0723634
42464	0.0720453
42465	0.0717272
42466	0.071409
42467	0.0710907
42468	0.0707724
42469	0.070454
42470	0.0701355
42471	0.069817
42472	0.0694983
42473	0.0691797
42474	0.0688609
42475	0.0685421
42476	0.0682232
42477	0.0679043
42478	0.0675852
42479	0.0672662
42480	0.066947
42481	0.0666278
42482	0.0663085
42483	0.0659892
42484	0.0656698
42485	0.0653503
42486	0.0650308
42487	0.0647112
42488	0.0643915
42489	0.0640718
42490	0.063752
42491	0.0634321
42492	0.0631122
42493	0.0627922
42494	0.0624722
42495	0.0621521
42496	0.0618319
42497	0.0615117
42498	0.0611914
42499	0.0608711
42500	0.0605507
42501	0.0602302
42502	0.0599097
42503	0.0595892
42504	0.0592685
42505	0.0589478
42506	0.0586271
42507	0.0583063
42508	0.0579854
42509	0.0576645
42510	0.0573435
42511	0.0570225
42512	0.0567014
42513	0.0563802
42514	0.056059
42515	0.0557378
42516	0.0554164
42517	0.0550951
42518	0.0547736
42519	0.0544522
42520	0.0541306
42521	0.0538091
42522	0.0534874
42523	0.0531657
42524	0.052844
42525	0.0525222
42526	0.0522004
42527	0.0518785
42528	0.0515565
42529	0.0512345
42530	0.0509125
42531	0.0505904
42532	0.0502682
42533	0.049946
42534	0.0496238
42535	0.0493015
42536	0.0489791
42537	0.0486567
42538	0.0483343
42539	0.0480118
42540	0.0476892
42541	0.0473666
42542	0.047044
42543	0.0467213
42544	0.0463986
42545	0.0460758
42546	0.045753
42547	0.0454301
42548	0.0451072
42549	0.0447843
42550	0.0444613
42551	0.0441382
42552	0.0438151
42553	0.043492
42554	0.0431688
42555	0.0428456
42556	0.0425223
42557	0.042199
42558	0.0418757
42559	0.0415523
42560	0.0412289
42561	0.0409054
42562	0.0405819
42563	0.0402583
42564	0.0399347
42565	0.0396111
42566	0.0392874
42567	0.0389637
42568	0.03864
42569	0.0383162
42570	0.0379924
42571	0.0376685
42572	0.0373446
42573	0.0370206
42574	0.0366966
42575	0.0363726
42576	0.0360486
42577	0.0357245
42578	0.0354004
42579	0.0350762
42580	0.034752
42581	0.0344278
42582	0.0341035
42583	0.0337792
42584	0.0334548
42585	0.0331305
42586	0.0328061
42587	0.0324816
42588	0.0321571
42589	0.0318326
42590	0.0315081
42591	0.0311835
42592	0.0308589
42593	0.0305343
42594	0.0302096
42595	0.0298849
42596	0.0295602
42597	0.0292354
42598	0.0289106
42599	0.0285858
42600	0.028261
42601	0.0279361
42602	0.0276112
42603	0.0272862
42604	0.0269613
42605	0.0266363
42606	0.0263113
42607	0.0259862
42608	0.0256611
42609	0.025336
42610	0.0250109
42611	0.0246858
42612	0.0243606
42613	0.0240354
42614	0.0237101
42615	0.0233849
42616	0.0230596
42617	0.0227343
42618	0.022409
42619	0.0220836
42620	0.0217582
42621	0.0214328
42622	0.0211074
42623	0.0207819
42624	0.0204565
42625	0.020131
42626	0.0198055
42627	0.0194799
42628	0.0191544
42629	0.0188288
42630	0.0185032
42631	0.0181776
42632	0.0178519
42633	0.0175263
42634	0.0172006
42635	0.0168749
42636	0.0165492
42637	0.0162235
42638	0.0158977
42639	0.0155719
42640	0.0152462
42641	0.0149203
42642	0.0145945
42643	0.0142687
42644	0.0139428
42645	0.013617
42646	0.0132911
42647	0.0129652
42648	0.0126393
42649	0.0123133
42650	0.0119874
42651	0.0116614
42652	0.0113354
42653	0.0110094
42654	0.0106834
42655	0.0103574
42656	0.0100314
42657	0.00970535
42658	0.0093793
42659	0.00905324
42660	0.00872716
42661	0.00840107
42662	0.00807497
42663	0.00774886
42664	0.00742274
42665	0.00709661
42666	0.00677047
42667	0.00644432
42668	0.00611816
42669	0.005792
42670	0.00546582
42671	0.00513964
42672	0.00481344
42673	0.00448724
42674	0.00416104
42675	0.00383482
42676	0.0035086
42677	0.00318237
42678	0.00285614
42679	0.0025299
42680	0.00220365
42681	0.0018774
42682	0.00155115
42683	0.00122489
42684	0.000898625
42685	0.000572356
42686	0.000246084
42687	-8.01915e-05
42688	-0.00040647
42689	-0.000732752
42690	-0.00105904
42691	-0.00138532
42692	-0.00171161
42693	-0.0020379
42694	-0.00236419
42695	-0.00269048
42696	-0.00301678
42697	-0.00334307
42698	-0.00366936
42699	-0.00399566
42700	-0.00432195
42701	-0.00464824
42702	-0.00497453
42703	-0.00530082
42704	-0.00562711
42705	-0.0059534
42706	-0.00627968
42707	-0.00660596
42708	-0.00693224
42709	-0.00725851
42710	-0.00758478
42711	-0.00791105
42712	-0.00823731
42713	-0.00856357
42714	-0.00888983
42715	-0.00921608
42716	-0.00954232
42717	-0.00986856
42718	-0.0101948
42719	-0.010521
42720	-0.0108472
42721	-0.0111734
42722	-0.0114997
42723	-0.0118259
42724	-0.012152
42725	-0.0124782
42726	-0.0128044
42727	-0.0131306
42728	-0.0134567
42729	-0.0137829
42730	-0.014109
42731	-0.0144351
42732	-0.0147612
42733	-0.0150874
42734	-0.0154134
42735	-0.0157395
42736	-0.0160656
42737	-0.0163917
42738	-0.0167177
42739	-0.0170438
42740	-0.0173698
42741	-0.0176958
42742	-0.0180218
42743	-0.0183478
42744	-0.0186737
42745	-0.0189997
42746	-0.0193256
42747	-0.0196516
42748	-0.0199775
42749	-0.0203034
42750	-0.0206293
42751	-0.0209551
42752	-0.021281
42753	-0.0216068
42754	-0.0219326
42755	-0.0222584
42756	-0.0225842
42757	-0.02291
42758	-0.0232357
42759	-0.0235614
42760	-0.0238872
42761	-0.0242128
42762	-0.0245385
42763	-0.0248642
42764	-0.0251898
42765	-0.0255154
42766	-0.025841
42767	-0.0261666
42768	-0.0264921
42769	-0.0268176
42770	-0.0271431
42771	-0.0274686
42772	-0.0277941
42773	-0.0281195
42774	-0.0284449
42775	-0.0287703
42776	-0.0290957
42777	-0.029421
42778	-0.0297464
42779	-0.0300717
42780	-0.0303969
42781	-0.0307222
42782	-0.0310474
42783	-0.0313726
42784	-0.0316978
42785	-0.0320229
42786	-0.032348
42787	-0.0326731
42788	-0.0329982
42789	-0.0333232
42790	-0.0336482
42791	-0.0339732
42792	-0.0342981
42793	-0.034623
42794	-0.0349479
42795	-0.0352728
42796	-0.0355976
42797	-0.0359224
42798	-0.0362472
42799	-0.0365719
42800	-0.0368966
42801	-0.0372213
42802	-0.037546
42803	-0.0378706
42804	-0.0381952
42805	-0.0385197
42806	-0.0388442
42807	-0.0391687
42808	-0.0394932
42809	-0.0398176
42810	-0.040142
42811	-0.0404663
42812	-0.0407906
42813	-0.0411149
42814	-0.0414392
42815	-0.0417634
42816	-0.0420875
42817	-0.0424117
42818	-0.0427358
42819	-0.0430598
42820	-0.0433839
42821	-0.0437079
42822	-0.0440318
42823	-0.0443557
42824	-0.0446796
42825	-0.0450034
42826	-0.0453272
42827	-0.045651
42828	-0.0459747
42829	-0.0462984
42830	-0.046622
42831	-0.0469456
42832	-0.0472692
42833	-0.0475927
42834	-0.0479162
42835	-0.0482396
42836	-0.048563
42837	-0.0488864
42838	-0.0492097
42839	-0.0495329
42840	-0.0498561
42841	-0.0501793
42842	-0.0505024
42843	-0.0508255
42844	-0.0511486
42845	-0.0514716
42846	-0.0517945
42847	-0.0521174
42848	-0.0524403
42849	-0.0527631
42850	-0.0530859
42851	-0.0534086
42852	-0.0537313
42853	-0.0540539
42854	-0.0543765
42855	-0.054699
42856	-0.0550215
42857	-0.055344
42858	-0.0556664
42859	-0.0559887
42860	-0.056311
42861	-0.0566332
42862	-0.0569554
42863	-0.0572776
42864	-0.0575997
42865	-0.0579217
42866	-0.0582437
42867	-0.0585656
42868	-0.0588875
42869	-0.0592093
42870	-0.0595311
42871	-0.0598528
42872	-0.0601745
42873	-0.0604961
42874	-0.0608177
42875	-0.0611392
42876	-0.0614607
42877	-0.0617821
42878	-0.0621034
42879	-0.0624247
42880	-0.0627459
42881	-0.0630671
42882	-0.0633883
42883	-0.0637093
42884	-0.0640303
42885	-0.0643513
42886	-0.0646722
42887	-0.064993
42888	-0.0653138
42889	-0.0656345
42890	-0.0659552
42891	-0.0662758
42892	-0.0665963
42893	-0.0669168
42894	-0.0672373
42895	-0.0675576
42896	-0.0678779
42897	-0.0681982
42898	-0.0685184
42899	-0.0688385
42900	-0.0691585
42901	-0.0694785
42902	-0.0697985
42903	-0.0701184
42904	-0.0704382
42905	-0.0707579
42906	-0.0710776
42907	-0.0713972
42908	-0.0717168
42909	-0.0720363
42910	-0.0723557
42911	-0.0726751
42912	-0.0729943
42913	-0.0733136
42914	-0.0736327
42915	-0.0739518
42916	-0.0742709
42917	-0.0745898
42918	-0.0749087
42919	-0.0752276
42920	-0.0755463
42921	-0.075865
42922	-0.0761836
42923	-0.0765022
42924	-0.0768207
42925	-0.0771391
42926	-0.0774574
42927	-0.0777757
42928	-0.0780939
42929	-0.0784121
42930	-0.0787301
42931	-0.0790481
42932	-0.079366
42933	-0.0796839
42934	-0.0800017
42935	-0.0803194
42936	-0.080637
42937	-0.0809546
42938	-0.081272
42939	-0.0815895
42940	-0.0819068
42941	-0.0822241
42942	-0.0825413
42943	-0.0828584
42944	-0.0831754
42945	-0.0834924
42946	-0.0838093
42947	-0.0841261
42948	-0.0844428
42949	-0.0847595
42950	-0.085076
42951	-0.0853925
42952	-0.085709
42953	-0.0860253
42954	-0.0863416
42955	-0.0866578
42956	-0.0869739
42957	-0.0872899
42958	-0.0876059
42959	-0.0879218
42960	-0.0882375
42961	-0.0885533
42962	-0.0888689
42963	-0.0891844
42964	-0.0894999
42965	-0.0898153
42966	-0.0901306
42967	-0.0904458
42968	-0.090761
42969	-0.091076
42970	-0.091391
42971	-0.0917059
42972	-0.0920207
42973	-0.0923354
42974	-0.0926501
42975	-0.0929646
42976	-0.0932791
42977	-0.0935935
42978	-0.0939078
42979	-0.094222
42980	-0.0945361
42981	-0.0948502
42982	-0.0951641
42983	-0.095478
42984	-0.0957918
42985	-0.0961055
42986	-0.0964191
42987	-0.0967326
42988	-0.097046
42989	-0.0973593
42990	-0.0976726
42991	-0.0979857
42992	-0.0982988
42993	-0.0986118
42994	-0.0989247
42995	-0.0992375
42996	-0.0995502
42997	-0.0998628
42998	-0.100175
42999	-0.100488
43000	-0.1008
43001	-0.101112
43002	-0.101425
43003	-0.101737
43004	-0.102049
43005	-0.10236
43006	-0.102672
43007	-0.102984
43008	-0.103295
43009	-0.103607
43010	-0.103918
43011	-0.10423
43012	-0.104541
43013	-0.104852
43014	-0.105163
43015	-0.105474
43016	-0.105785
43017	-0.106096
43018	-0.106406
43019	-0.106717
43020	-0.107027
43021	-0.107337
43022	-0.107648
43023	-0.107958
43024	-0.108268
43025	-0.108578
43026	-0.108888
43027	-0.109197
43028	-0.109507
43029	-0.109817
43030	-0.110126
43031	-0.110435
43032	-0.110745
43033	-0.111054
43034	-0.111363
43035	-0.111672
43036	-0.11198
43037	-0.112289
43038	-0.112598
43039	-0.112906
43040	-0.113215
43041	-0.113523
43042	-0.113831
43043	-0.114139
43044	-0.114447
43045	-0.114755
43046	-0.115063
43047	-0.115371
43048	-0.115678
43049	-0.115986
43050	-0.116293
43051	-0.1166
43052	-0.116907
43053	-0.117214
43054	-0.117521
43055	-0.117828
43056	-0.118135
43057	-0.118441
43058	-0.118748
43059	-0.119054
43060	-0.119361
43061	-0.119667
43062	-0.119973
43063	-0.120279
43064	-0.120585
43065	-0.12089
43066	-0.121196
43067	-0.121501
43068	-0.121807
43069	-0.122112
43070	-0.122417
43071	-0.122722
43072	-0.123027
43073	-0.123332
43074	-0.123637
43075	-0.123941
43076	-0.124246
43077	-0.12455
43078	-0.124854
43079	-0.125158
43080	-0.125462
43081	-0.125766
43082	-0.12607
43083	-0.126374
43084	-0.126677
43085	-0.126981
43086	-0.127284
43087	-0.127587
43088	-0.12789
43089	-0.128193
43090	-0.128496
43091	-0.128799
43092	-0.129101
43093	-0.129404
43094	-0.129706
43095	-0.130008
43096	-0.130311
43097	-0.130613
43098	-0.130914
43099	-0.131216
43100	-0.131518
43101	-0.131819
43102	-0.132121
43103	-0.132422
43104	-0.132723
43105	-0.133024
43106	-0.133325
43107	-0.133626
43108	-0.133926
43109	-0.134227
43110	-0.134527
43111	-0.134828
43112	-0.135128
43113	-0.135428
43114	-0.135728
43115	-0.136027
43116	-0.136327
43117	-0.136627
43118	-0.136926
43119	-0.137225
43120	-0.137524
43121	-0.137823
43122	-0.138122
43123	-0.138421
43124	-0.13872
43125	-0.139018
43126	-0.139317
43127	-0.139615
43128	-0.139913
43129	-0.140211
43130	-0.140509
43131	-0.140806
43132	-0.141104
43133	-0.141401
43134	-0.141699
43135	-0.141996
43136	-0.142293
43137	-0.14259
43138	-0.142887
43139	-0.143183
43140	-0.14348
43141	-0.143776
43142	-0.144073
43143	-0.144369
43144	-0.144665
43145	-0.144961
43146	-0.145256
43147	-0.145552
43148	-0.145847
43149	-0.146143
43150	-0.146438
43151	-0.146733
43152	-0.147028
43153	-0.147323
43154	-0.147617
43155	-0.147912
43156	-0.148206
43157	-0.1485
43158	-0.148794
43159	-0.149088
43160	-0.149382
43161	-0.149676
43162	-0.149969
43163	-0.150263
43164	-0.150556
43165	-0.150849
43166	-0.151142
43167	-0.151435
43168	-0.151727
43169	-0.15202
43170	-0.152312
43171	-0.152605
43172	-0.152897
43173	-0.153189
43174	-0.153481
43175	-0.153772
43176	-0.154064
43177	-0.154355
43178	-0.154646
43179	-0.154938
43180	-0.155228
43181	-0.155519
43182	-0.15581
43183	-0.1561
43184	-0.156391
43185	-0.156681
43186	-0.156971
43187	-0.157261
43188	-0.157551
43189	-0.157841
43190	-0.15813
43191	-0.158419
43192	-0.158709
43193	-0.158998
43194	-0.159287
43195	-0.159575
43196	-0.159864
43197	-0.160152
43198	-0.160441
43199	-0.160729
43200	-0.161017
43201	-0.161305
43202	-0.161592
43203	-0.16188
43204	-0.162167
43205	-0.162455
43206	-0.162742
43207	-0.163029
43208	-0.163316
43209	-0.163602
43210	-0.163889
43211	-0.164175
43212	-0.164461
43213	-0.164747
43214	-0.165033
43215	-0.165319
43216	-0.165604
43217	-0.16589
43218	-0.166175
43219	-0.16646
43220	-0.166745
43221	-0.16703
43222	-0.167315
43223	-0.167599
43224	-0.167883
43225	-0.168167
43226	-0.168451
43227	-0.168735
43228	-0.169019
43229	-0.169303
43230	-0.169586
43231	-0.169869
43232	-0.170152
43233	-0.170435
43234	-0.170718
43235	-0.171
43236	-0.171283
43237	-0.171565
43238	-0.171847
43239	-0.172129
43240	-0.172411
43241	-0.172692
43242	-0.172974
43243	-0.173255
43244	-0.173536
43245	-0.173817
43246	-0.174098
43247	-0.174379
43248	-0.174659
43249	-0.174939
43250	-0.17522
43251	-0.1755
43252	-0.175779
43253	-0.176059
43254	-0.176338
43255	-0.176618
43256	-0.176897
43257	-0.177176
43258	-0.177455
43259	-0.177733
43260	-0.178012
43261	-0.17829
43262	-0.178568
43263	-0.178846
43264	-0.179124
43265	-0.179402
43266	-0.179679
43267	-0.179956
43268	-0.180234
43269	-0.180511
43270	-0.180787
43271	-0.181064
43272	-0.18134
43273	-0.181617
43274	-0.181893
43275	-0.182169
43276	-0.182444
43277	-0.18272
43278	-0.182995
43279	-0.183271
43280	-0.183546
43281	-0.183821
43282	-0.184095
43283	-0.18437
43284	-0.184644
43285	-0.184919
43286	-0.185193
43287	-0.185466
43288	-0.18574
43289	-0.186014
43290	-0.186287
43291	-0.18656
43292	-0.186833
43293	-0.187106
43294	-0.187379
43295	-0.187651
43296	-0.187923
43297	-0.188195
43298	-0.188467
43299	-0.188739
43300	-0.189011
43301	-0.189282
43302	-0.189553
43303	-0.189824
43304	-0.190095
43305	-0.190366
43306	-0.190636
43307	-0.190907
43308	-0.191177
43309	-0.191447
43310	-0.191717
43311	-0.191986
43312	-0.192256
43313	-0.192525
43314	-0.192794
43315	-0.193063
43316	-0.193331
43317	-0.1936
43318	-0.193868
43319	-0.194136
43320	-0.194404
43321	-0.194672
43322	-0.19494
43323	-0.195207
43324	-0.195474
43325	-0.195741
43326	-0.196008
43327	-0.196275
43328	-0.196541
43329	-0.196807
43330	-0.197074
43331	-0.19734
43332	-0.197605
43333	-0.197871
43334	-0.198136
43335	-0.198401
43336	-0.198666
43337	-0.198931
43338	-0.199196
43339	-0.19946
43340	-0.199724
43341	-0.199988
43342	-0.200252
43343	-0.200516
43344	-0.200779
43345	-0.201043
43346	-0.201306
43347	-0.201569
43348	-0.201831
43349	-0.202094
43350	-0.202356
43351	-0.202618
43352	-0.20288
43353	-0.203142
43354	-0.203403
43355	-0.203665
43356	-0.203926
43357	-0.204187
43358	-0.204448
43359	-0.204708
43360	-0.204969
43361	-0.205229
43362	-0.205489
43363	-0.205749
43364	-0.206008
43365	-0.206268
43366	-0.206527
43367	-0.206786
43368	-0.207045
43369	-0.207303
43370	-0.207562
43371	-0.20782
43372	-0.208078
43373	-0.208336
43374	-0.208594
43375	-0.208851
43376	-0.209108
43377	-0.209365
43378	-0.209622
43379	-0.209879
43380	-0.210135
43381	-0.210392
43382	-0.210648
43383	-0.210904
43384	-0.211159
43385	-0.211415
43386	-0.21167
43387	-0.211925
43388	-0.21218
43389	-0.212434
43390	-0.212689
43391	-0.212943
43392	-0.213197
43393	-0.213451
43394	-0.213705
43395	-0.213958
43396	-0.214211
43397	-0.214464
43398	-0.214717
43399	-0.21497
43400	-0.215222
43401	-0.215474
43402	-0.215726
43403	-0.215978
43404	-0.21623
43405	-0.216481
43406	-0.216732
43407	-0.216983
43408	-0.217234
43409	-0.217485
43410	-0.217735
43411	-0.217985
43412	-0.218235
43413	-0.218485
43414	-0.218734
43415	-0.218984
43416	-0.219233
43417	-0.219482
43418	-0.219731
43419	-0.219979
43420	-0.220227
43421	-0.220475
43422	-0.220723
43423	-0.220971
43424	-0.221218
43425	-0.221466
43426	-0.221713
43427	-0.221959
43428	-0.222206
43429	-0.222452
43430	-0.222698
43431	-0.222944
43432	-0.22319
43433	-0.223436
43434	-0.223681
43435	-0.223926
43436	-0.224171
43437	-0.224416
43438	-0.22466
43439	-0.224904
43440	-0.225148
43441	-0.225392
43442	-0.225636
43443	-0.225879
43444	-0.226122
43445	-0.226365
43446	-0.226608
43447	-0.226851
43448	-0.227093
43449	-0.227335
43450	-0.227577
43451	-0.227819
43452	-0.22806
43453	-0.228301
43454	-0.228542
43455	-0.228783
43456	-0.229024
43457	-0.229264
43458	-0.229504
43459	-0.229744
43460	-0.229984
43461	-0.230223
43462	-0.230463
43463	-0.230702
43464	-0.23094
43465	-0.231179
43466	-0.231417
43467	-0.231656
43468	-0.231894
43469	-0.232131
43470	-0.232369
43471	-0.232606
43472	-0.232843
43473	-0.23308
43474	-0.233317
43475	-0.233553
43476	-0.233789
43477	-0.234025
43478	-0.234261
43479	-0.234496
43480	-0.234732
43481	-0.234967
43482	-0.235201
43483	-0.235436
43484	-0.23567
43485	-0.235905
43486	-0.236139
43487	-0.236372
43488	-0.236606
43489	-0.236839
43490	-0.237072
43491	-0.237305
43492	-0.237537
43493	-0.23777
43494	-0.238002
43495	-0.238234
43496	-0.238465
43497	-0.238697
43498	-0.238928
43499	-0.239159
43500	-0.23939
43501	-0.23962
43502	-0.239851
43503	-0.240081
43504	-0.240311
43505	-0.24054
43506	-0.24077
43507	-0.240999
43508	-0.241228
43509	-0.241456
43510	-0.241685
43511	-0.241913
43512	-0.242141
43513	-0.242369
43514	-0.242596
43515	-0.242824
43516	-0.243051
43517	-0.243277
43518	-0.243504
43519	-0.24373
43520	-0.243957
43521	-0.244183
43522	-0.244408
43523	-0.244634
43524	-0.244859
43525	-0.245084
43526	-0.245309
43527	-0.245533
43528	-0.245757
43529	-0.245981
43530	-0.246205
43531	-0.246429
43532	-0.246652
43533	-0.246875
43534	-0.247098
43535	-0.247321
43536	-0.247543
43537	-0.247765
43538	-0.247987
43539	-0.248209
43540	-0.24843
43541	-0.248651
43542	-0.248872
43543	-0.249093
43544	-0.249314
43545	-0.249534
43546	-0.249754
43547	-0.249974
43548	-0.250193
43549	-0.250412
43550	-0.250631
43551	-0.25085
43552	-0.251069
43553	-0.251287
43554	-0.251505
43555	-0.251723
43556	-0.251941
43557	-0.252158
43558	-0.252375
43559	-0.252592
43560	-0.252809
43561	-0.253025
43562	-0.253241
43563	-0.253457
43564	-0.253673
43565	-0.253888
43566	-0.254103
43567	-0.254318
43568	-0.254533
43569	-0.254747
43570	-0.254962
43571	-0.255176
43572	-0.255389
43573	-0.255603
43574	-0.255816
43575	-0.256029
43576	-0.256242
43577	-0.256454
43578	-0.256667
43579	-0.256879
43580	-0.25709
43581	-0.257302
43582	-0.257513
43583	-0.257724
43584	-0.257935
43585	-0.258145
43586	-0.258356
43587	-0.258566
43588	-0.258775
43589	-0.258985
43590	-0.259194
43591	-0.259403
43592	-0.259612
43593	-0.259821
43594	-0.260029
43595	-0.260237
43596	-0.260445
43597	-0.260652
43598	-0.260859
43599	-0.261066
43600	-0.261273
43601	-0.26148
43602	-0.261686
43603	-0.261892
43604	-0.262098
43605	-0.262303
43606	-0.262509
43607	-0.262714
43608	-0.262918
43609	-0.263123
43610	-0.263327
43611	-0.263531
43612	-0.263735
43613	-0.263938
43614	-0.264142
43615	-0.264345
43616	-0.264547
43617	-0.26475
43618	-0.264952
43619	-0.265154
43620	-0.265356
43621	-0.265557
43622	-0.265758
43623	-0.265959
43624	-0.26616
43625	-0.266361
43626	-0.266561
43627	-0.266761
43628	-0.26696
43629	-0.26716
43630	-0.267359
43631	-0.267558
43632	-0.267756
43633	-0.267955
43634	-0.268153
43635	-0.268351
43636	-0.268548
43637	-0.268746
43638	-0.268943
43639	-0.26914
43640	-0.269336
43641	-0.269533
43642	-0.269729
43643	-0.269924
43644	-0.27012
43645	-0.270315
43646	-0.27051
43647	-0.270705
43648	-0.2709
43649	-0.271094
43650	-0.271288
43651	-0.271481
43652	-0.271675
43653	-0.271868
43654	-0.272061
43655	-0.272254
43656	-0.272446
43657	-0.272638
43658	-0.27283
43659	-0.273022
43660	-0.273213
43661	-0.273404
43662	-0.273595
43663	-0.273786
43664	-0.273976
43665	-0.274166
43666	-0.274356
43667	-0.274545
43668	-0.274734
43669	-0.274923
43670	-0.275112
43671	-0.275301
43672	-0.275489
43673	-0.275677
43674	-0.275864
43675	-0.276052
43676	-0.276239
43677	-0.276426
43678	-0.276612
43679	-0.276799
43680	-0.276985
43681	-0.27717
43682	-0.277356
43683	-0.277541
43684	-0.277726
43685	-0.277911
43686	-0.278095
43687	-0.278279
43688	-0.278463
43689	-0.278647
43690	-0.27883
43691	-0.279013
43692	-0.279196
43693	-0.279379
43694	-0.279561
43695	-0.279743
43696	-0.279925
43697	-0.280106
43698	-0.280288
43699	-0.280469
43700	-0.280649
43701	-0.28083
43702	-0.28101
43703	-0.28119
43704	-0.281369
43705	-0.281549
43706	-0.281728
43707	-0.281906
43708	-0.282085
43709	-0.282263
43710	-0.282441
43711	-0.282619
43712	-0.282796
43713	-0.282973
43714	-0.28315
43715	-0.283327
43716	-0.283503
43717	-0.283679
43718	-0.283855
43719	-0.28403
43720	-0.284206
43721	-0.284381
43722	-0.284555
43723	-0.28473
43724	-0.284904
43725	-0.285078
43726	-0.285251
43727	-0.285424
43728	-0.285597
43729	-0.28577
43730	-0.285943
43731	-0.286115
43732	-0.286287
43733	-0.286458
43734	-0.28663
43735	-0.286801
43736	-0.286972
43737	-0.287142
43738	-0.287313
43739	-0.287483
43740	-0.287652
43741	-0.287822
43742	-0.287991
43743	-0.28816
43744	-0.288328
43745	-0.288497
43746	-0.288665
43747	-0.288832
43748	-0.289
43749	-0.289167
43750	-0.289334
43751	-0.289501
43752	-0.289667
43753	-0.289833
43754	-0.289999
43755	-0.290164
43756	-0.29033
43757	-0.290495
43758	-0.290659
43759	-0.290824
43760	-0.290988
43761	-0.291152
43762	-0.291315
43763	-0.291479
43764	-0.291642
43765	-0.291804
43766	-0.291967
43767	-0.292129
43768	-0.292291
43769	-0.292452
43770	-0.292614
43771	-0.292775
43772	-0.292935
43773	-0.293096
43774	-0.293256
43775	-0.293416
43776	-0.293576
43777	-0.293735
43778	-0.293894
43779	-0.294053
43780	-0.294211
43781	-0.294369
43782	-0.294527
43783	-0.294685
43784	-0.294842
43785	-0.294999
43786	-0.295156
43787	-0.295313
43788	-0.295469
43789	-0.295625
43790	-0.29578
43791	-0.295936
43792	-0.296091
43793	-0.296246
43794	-0.2964
43795	-0.296554
43796	-0.296708
43797	-0.296862
43798	-0.297015
43799	-0.297168
43800	-0.297321
43801	-0.297473
43802	-0.297626
43803	-0.297778
43804	-0.297929
43805	-0.298081
43806	-0.298232
43807	-0.298382
43808	-0.298533
43809	-0.298683
43810	-0.298833
43811	-0.298983
43812	-0.299132
43813	-0.299281
43814	-0.29943
43815	-0.299578
43816	-0.299726
43817	-0.299874
43818	-0.300022
43819	-0.300169
43820	-0.300316
43821	-0.300463
43822	-0.300609
43823	-0.300755
43824	-0.300901
43825	-0.301047
43826	-0.301192
43827	-0.301337
43828	-0.301482
43829	-0.301626
43830	-0.30177
43831	-0.301914
43832	-0.302057
43833	-0.302201
43834	-0.302344
43835	-0.302486
43836	-0.302629
43837	-0.302771
43838	-0.302912
43839	-0.303054
43840	-0.303195
43841	-0.303336
43842	-0.303477
43843	-0.303617
43844	-0.303757
43845	-0.303897
43846	-0.304036
43847	-0.304175
43848	-0.304314
43849	-0.304453
43850	-0.304591
43851	-0.304729
43852	-0.304866
43853	-0.305004
43854	-0.305141
43855	-0.305278
43856	-0.305414
43857	-0.30555
43858	-0.305686
43859	-0.305822
43860	-0.305957
43861	-0.306092
43862	-0.306227
43863	-0.306361
43864	-0.306495
43865	-0.306629
43866	-0.306763
43867	-0.306896
43868	-0.307029
43869	-0.307162
43870	-0.307294
43871	-0.307426
43872	-0.307558
43873	-0.307689
43874	-0.30782
43875	-0.307951
43876	-0.308082
43877	-0.308212
43878	-0.308342
43879	-0.308472
43880	-0.308601
43881	-0.30873
43882	-0.308859
43883	-0.308987
43884	-0.309116
43885	-0.309243
43886	-0.309371
43887	-0.309498
43888	-0.309625
43889	-0.309752
43890	-0.309878
43891	-0.310005
43892	-0.31013
43893	-0.310256
43894	-0.310381
43895	-0.310506
43896	-0.310631
43897	-0.310755
43898	-0.310879
43899	-0.311003
43900	-0.311126
43901	-0.311249
43902	-0.311372
43903	-0.311494
43904	-0.311617
43905	-0.311738
43906	-0.31186
43907	-0.311981
43908	-0.312102
43909	-0.312223
43910	-0.312343
43911	-0.312464
43912	-0.312583
43913	-0.312703
43914	-0.312822
43915	-0.312941
43916	-0.313059
43917	-0.313178
43918	-0.313296
43919	-0.313413
43920	-0.313531
43921	-0.313648
43922	-0.313765
43923	-0.313881
43924	-0.313997
43925	-0.314113
43926	-0.314229
43927	-0.314344
43928	-0.314459
43929	-0.314574
43930	-0.314688
43931	-0.314802
43932	-0.314916
43933	-0.315029
43934	-0.315142
43935	-0.315255
43936	-0.315368
43937	-0.31548
43938	-0.315592
43939	-0.315703
43940	-0.315815
43941	-0.315926
43942	-0.316036
43943	-0.316147
43944	-0.316257
43945	-0.316367
43946	-0.316476
43947	-0.316585
43948	-0.316694
43949	-0.316803
43950	-0.316911
43951	-0.317019
43952	-0.317127
43953	-0.317234
43954	-0.317341
43955	-0.317448
43956	-0.317554
43957	-0.31766
43958	-0.317766
43959	-0.317872
43960	-0.317977
43961	-0.318082
43962	-0.318186
43963	-0.318291
43964	-0.318395
43965	-0.318498
43966	-0.318602
43967	-0.318705
43968	-0.318807
43969	-0.31891
43970	-0.319012
43971	-0.319114
43972	-0.319215
43973	-0.319317
43974	-0.319417
43975	-0.319518
43976	-0.319618
43977	-0.319718
43978	-0.319818
43979	-0.319917
43980	-0.320016
43981	-0.320115
43982	-0.320214
43983	-0.320312
43984	-0.32041
43985	-0.320507
43986	-0.320604
43987	-0.320701
43988	-0.320798
43989	-0.320894
43990	-0.32099
43991	-0.321086
43992	-0.321181
43993	-0.321276
43994	-0.321371
43995	-0.321465
43996	-0.321559
43997	-0.321653
43998	-0.321747
43999	-0.32184
44000	-0.321933
44001	-0.322025
44002	-0.322118
44003	-0.322209
44004	-0.322301
44005	-0.322392
44006	-0.322483
44007	-0.322574
44008	-0.322665
44009	-0.322755
44010	-0.322844
44011	-0.322934
44012	-0.323023
44013	-0.323112
44014	-0.3232
44015	-0.323289
44016	-0.323377
44017	-0.323464
44018	-0.323551
44019	-0.323638
44020	-0.323725
44021	-0.323811
44022	-0.323897
44023	-0.323983
44024	-0.324069
44025	-0.324154
44026	-0.324238
44027	-0.324323
44028	-0.324407
44029	-0.324491
44030	-0.324575
44031	-0.324658
44032	-0.324741
44033	-0.324823
44034	-0.324906
44035	-0.324988
44036	-0.325069
44037	-0.325151
44038	-0.325232
44039	-0.325312
44040	-0.325393
44041	-0.325473
44042	-0.325553
44043	-0.325632
44044	-0.325711
44045	-0.32579
44046	-0.325869
44047	-0.325947
44048	-0.326025
44049	-0.326103
44050	-0.32618
44051	-0.326257
44052	-0.326333
44053	-0.32641
44054	-0.326486
44055	-0.326562
44056	-0.326637
44057	-0.326712
44058	-0.326787
44059	-0.326861
44060	-0.326936
44061	-0.327009
44062	-0.327083
44063	-0.327156
44064	-0.327229
44065	-0.327302
44066	-0.327374
44067	-0.327446
44068	-0.327517
44069	-0.327589
44070	-0.32766
44071	-0.327731
44072	-0.327801
44073	-0.327871
44074	-0.327941
44075	-0.32801
44076	-0.328079
44077	-0.328148
44078	-0.328217
44079	-0.328285
44080	-0.328353
44081	-0.32842
44082	-0.328487
44083	-0.328554
44084	-0.328621
44085	-0.328687
44086	-0.328753
44087	-0.328819
44088	-0.328884
44089	-0.328949
44090	-0.329014
44091	-0.329078
44092	-0.329142
44093	-0.329206
44094	-0.32927
44095	-0.329333
44096	-0.329396
44097	-0.329458
44098	-0.32952
44099	-0.329582
44100	-0.329644
44101	-0.329705
44102	-0.329766
44103	-0.329827
44104	-0.329887
44105	-0.329947
44106	-0.330006
44107	-0.330066
44108	-0.330125
44109	-0.330184
44110	-0.330242
44111	-0.3303
44112	-0.330358
44113	-0.330415
44114	-0.330472
44115	-0.330529
44116	-0.330586
44117	-0.330642
44118	-0.330698
44119	-0.330753
44120	-0.330809
44121	-0.330863
44122	-0.330918
44123	-0.330972
44124	-0.331026
44125	-0.33108
44126	-0.331133
44127	-0.331186
44128	-0.331239
44129	-0.331291
44130	-0.331343
44131	-0.331395
44132	-0.331447
44133	-0.331498
44134	-0.331548
44135	-0.331599
44136	-0.331649
44137	-0.331699
44138	-0.331748
44139	-0.331798
44140	-0.331847
44141	-0.331895
44142	-0.331943
44143	-0.331991
44144	-0.332039
44145	-0.332086
44146	-0.332133
44147	-0.33218
44148	-0.332226
44149	-0.332272
44150	-0.332318
44151	-0.332363
44152	-0.332408
44153	-0.332453
44154	-0.332498
44155	-0.332542
44156	-0.332586
44157	-0.332629
44158	-0.332672
44159	-0.332715
44160	-0.332758
44161	-0.3328
44162	-0.332842
44163	-0.332883
44164	-0.332925
44165	-0.332966
44166	-0.333006
44167	-0.333046
44168	-0.333086
44169	-0.333126
44170	-0.333165
44171	-0.333205
44172	-0.333243
44173	-0.333282
44174	-0.33332
44175	-0.333357
44176	-0.333395
44177	-0.333432
44178	-0.333469
44179	-0.333505
44180	-0.333541
44181	-0.333577
44182	-0.333613
44183	-0.333648
44184	-0.333683
44185	-0.333718
44186	-0.333752
44187	-0.333786
44188	-0.333819
44189	-0.333853
44190	-0.333886
44191	-0.333918
44192	-0.333951
44193	-0.333983
44194	-0.334014
44195	-0.334046
44196	-0.334077
44197	-0.334108
44198	-0.334138
44199	-0.334168
44200	-0.334198
44201	-0.334227
44202	-0.334257
44203	-0.334285
44204	-0.334314
44205	-0.334342
44206	-0.33437
44207	-0.334398
44208	-0.334425
44209	-0.334452
44210	-0.334478
44211	-0.334505
44212	-0.334531
44213	-0.334556
44214	-0.334582
44215	-0.334607
44216	-0.334631
44217	-0.334656
44218	-0.33468
44219	-0.334704
44220	-0.334727
44221	-0.33475
44222	-0.334773
44223	-0.334795
44224	-0.334818
44225	-0.334839
44226	-0.334861
44227	-0.334882
44228	-0.334903
44229	-0.334923
44230	-0.334944
44231	-0.334964
44232	-0.334983
44233	-0.335002
44234	-0.335021
44235	-0.33504
44236	-0.335058
44237	-0.335076
44238	-0.335094
44239	-0.335111
44240	-0.335128
44241	-0.335145
44242	-0.335162
44243	-0.335178
44244	-0.335193
44245	-0.335209
44246	-0.335224
44247	-0.335239
44248	-0.335253
44249	-0.335267
44250	-0.335281
44251	-0.335295
44252	-0.335308
44253	-0.335321
44254	-0.335334
44255	-0.335346
44256	-0.335358
44257	-0.335369
44258	-0.335381
44259	-0.335392
44260	-0.335402
44261	-0.335413
44262	-0.335423
44263	-0.335432
44264	-0.335442
44265	-0.335451
44266	-0.33546
44267	-0.335468
44268	-0.335476
44269	-0.335484
44270	-0.335491
44271	-0.335499
44272	-0.335505
44273	-0.335512
44274	-0.335518
44275	-0.335524
44276	-0.33553
44277	-0.335535
44278	-0.33554
44279	-0.335544
44280	-0.335549
44281	-0.335553
44282	-0.335556
44283	-0.33556
44284	-0.335563
44285	-0.335565
44286	-0.335568
44287	-0.33557
44288	-0.335571
44289	-0.335573
44290	-0.335574
44291	-0.335575
44292	-0.335575
44293	-0.335575
44294	-0.335575
44295	-0.335575
44296	-0.335574
44297	-0.335573
44298	-0.335571
44299	-0.33557
44300	-0.335567
44301	-0.335565
44302	-0.335562
44303	-0.335559
44304	-0.335556
44305	-0.335552
44306	-0.335548
44307	-0.335544
44308	-0.335539
44309	-0.335534
44310	-0.335529
44311	-0.335523
44312	-0.335518
44313	-0.335511
44314	-0.335505
44315	-0.335498
44316	-0.335491
44317	-0.335483
44318	-0.335475
44319	-0.335467
44320	-0.335459
44321	-0.33545
44322	-0.335441
44323	-0.335432
44324	-0.335422
44325	-0.335412
44326	-0.335401
44327	-0.335391
44328	-0.33538
44329	-0.335368
44330	-0.335357
44331	-0.335345
44332	-0.335333
44333	-0.33532
44334	-0.335307
44335	-0.335294
44336	-0.33528
44337	-0.335267
44338	-0.335252
44339	-0.335238
44340	-0.335223
44341	-0.335208
44342	-0.335192
44343	-0.335177
44344	-0.335161
44345	-0.335144
44346	-0.335128
44347	-0.33511
44348	-0.335093
44349	-0.335075
44350	-0.335057
44351	-0.335039
44352	-0.335021
44353	-0.335002
44354	-0.334982
44355	-0.334963
44356	-0.334943
44357	-0.334923
44358	-0.334902
44359	-0.334881
44360	-0.33486
44361	-0.334839
44362	-0.334817
44363	-0.334795
44364	-0.334772
44365	-0.33475
44366	-0.334727
44367	-0.334703
44368	-0.33468
44369	-0.334656
44370	-0.334631
44371	-0.334607
44372	-0.334582
44373	-0.334556
44374	-0.334531
44375	-0.334505
44376	-0.334479
44377	-0.334452
44378	-0.334425
44379	-0.334398
44380	-0.334371
44381	-0.334343
44382	-0.334315
44383	-0.334286
44384	-0.334258
44385	-0.334228
44386	-0.334199
44387	-0.334169
44388	-0.334139
44389	-0.334109
44390	-0.334078
44391	-0.334047
44392	-0.334016
44393	-0.333985
44394	-0.333953
44395	-0.33392
44396	-0.333888
44397	-0.333855
44398	-0.333822
44399	-0.333788
44400	-0.333755
44401	-0.33372
44402	-0.333686
44403	-0.333651
44404	-0.333616
44405	-0.333581
44406	-0.333545
44407	-0.333509
44408	-0.333473
44409	-0.333436
44410	-0.333399
44411	-0.333362
44412	-0.333324
44413	-0.333286
44414	-0.333248
44415	-0.33321
44416	-0.333171
44417	-0.333132
44418	-0.333092
44419	-0.333052
44420	-0.333012
44421	-0.332972
44422	-0.332931
44423	-0.33289
44424	-0.332849
44425	-0.332807
44426	-0.332765
44427	-0.332723
44428	-0.33268
44429	-0.332637
44430	-0.332594
44431	-0.33255
44432	-0.332507
44433	-0.332462
44434	-0.332418
44435	-0.332373
44436	-0.332328
44437	-0.332283
44438	-0.332237
44439	-0.332191
44440	-0.332144
44441	-0.332098
44442	-0.332051
44443	-0.332003
44444	-0.331956
44445	-0.331908
44446	-0.331859
44447	-0.331811
44448	-0.331762
44449	-0.331713
44450	-0.331663
44451	-0.331613
44452	-0.331563
44453	-0.331513
44454	-0.331462
44455	-0.331411
44456	-0.33136
44457	-0.331308
44458	-0.331256
44459	-0.331204
44460	-0.331151
44461	-0.331098
44462	-0.331045
44463	-0.330991
44464	-0.330937
44465	-0.330883
44466	-0.330829
44467	-0.330774
44468	-0.330719
44469	-0.330663
44470	-0.330607
44471	-0.330551
44472	-0.330495
44473	-0.330438
44474	-0.330381
44475	-0.330324
44476	-0.330266
44477	-0.330208
44478	-0.33015
44479	-0.330091
44480	-0.330033
44481	-0.329973
44482	-0.329914
44483	-0.329854
44484	-0.329794
44485	-0.329734
44486	-0.329673
44487	-0.329612
44488	-0.32955
44489	-0.329489
44490	-0.329427
44491	-0.329364
44492	-0.329302
44493	-0.329239
44494	-0.329176
44495	-0.329112
44496	-0.329048
44497	-0.328984
44498	-0.32892
44499	-0.328855
44500	-0.32879
44501	-0.328724
44502	-0.328659
44503	-0.328593
44504	-0.328526
44505	-0.32846
44506	-0.328393
44507	-0.328326
44508	-0.328258
44509	-0.32819
44510	-0.328122
44511	-0.328054
44512	-0.327985
44513	-0.327916
44514	-0.327846
44515	-0.327777
44516	-0.327706
44517	-0.327636
44518	-0.327566
44519	-0.327495
44520	-0.327423
44521	-0.327352
44522	-0.32728
44523	-0.327208
44524	-0.327135
44525	-0.327062
44526	-0.326989
44527	-0.326916
44528	-0.326842
44529	-0.326768
44530	-0.326694
44531	-0.326619
44532	-0.326544
44533	-0.326469
44534	-0.326393
44535	-0.326317
44536	-0.326241
44537	-0.326165
44538	-0.326088
44539	-0.326011
44540	-0.325933
44541	-0.325856
44542	-0.325778
44543	-0.325699
44544	-0.325621
44545	-0.325542
44546	-0.325463
44547	-0.325383
44548	-0.325303
44549	-0.325223
44550	-0.325142
44551	-0.325062
44552	-0.324981
44553	-0.324899
44554	-0.324818
44555	-0.324736
44556	-0.324653
44557	-0.324571
44558	-0.324488
44559	-0.324404
44560	-0.324321
44561	-0.324237
44562	-0.324153
44563	-0.324069
44564	-0.323984
44565	-0.323899
44566	-0.323813
44567	-0.323728
44568	-0.323642
44569	-0.323556
44570	-0.323469
44571	-0.323382
44572	-0.323295
44573	-0.323207
44574	-0.32312
44575	-0.323032
44576	-0.322943
44577	-0.322854
44578	-0.322765
44579	-0.322676
44580	-0.322587
44581	-0.322497
44582	-0.322406
44583	-0.322316
44584	-0.322225
44585	-0.322134
44586	-0.322043
44587	-0.321951
44588	-0.321859
44589	-0.321766
44590	-0.321674
44591	-0.321581
44592	-0.321488
44593	-0.321394
44594	-0.3213
44595	-0.321206
44596	-0.321112
44597	-0.321017
44598	-0.320922
44599	-0.320827
44600	-0.320731
44601	-0.320635
44602	-0.320539
44603	-0.320442
44604	-0.320345
44605	-0.320248
44606	-0.320151
44607	-0.320053
44608	-0.319955
44609	-0.319857
44610	-0.319758
44611	-0.319659
44612	-0.31956
44613	-0.31946
44614	-0.31936
44615	-0.31926
44616	-0.31916
44617	-0.319059
44618	-0.318958
44619	-0.318857
44620	-0.318755
44621	-0.318653
44622	-0.318551
44623	-0.318448
44624	-0.318345
44625	-0.318242
44626	-0.318139
44627	-0.318035
44628	-0.317931
44629	-0.317827
44630	-0.317722
44631	-0.317617
44632	-0.317512
44633	-0.317406
44634	-0.317301
44635	-0.317194
44636	-0.317088
44637	-0.316981
44638	-0.316874
44639	-0.316767
44640	-0.316659
44641	-0.316552
44642	-0.316443
44643	-0.316335
44644	-0.316226
44645	-0.316117
44646	-0.316008
44647	-0.315898
44648	-0.315788
44649	-0.315678
44650	-0.315567
44651	-0.315456
44652	-0.315345
44653	-0.315234
44654	-0.315122
44655	-0.31501
44656	-0.314897
44657	-0.314785
44658	-0.314672
44659	-0.314559
44660	-0.314445
44661	-0.314331
44662	-0.314217
44663	-0.314103
44664	-0.313988
44665	-0.313873
44666	-0.313758
44667	-0.313642
44668	-0.313526
44669	-0.31341
44670	-0.313294
44671	-0.313177
44672	-0.31306
44673	-0.312943
44674	-0.312825
44675	-0.312707
44676	-0.312589
44677	-0.31247
44678	-0.312352
44679	-0.312233
44680	-0.312113
44681	-0.311993
44682	-0.311874
44683	-0.311753
44684	-0.311633
44685	-0.311512
44686	-0.311391
44687	-0.311269
44688	-0.311148
44689	-0.311026
44690	-0.310903
44691	-0.310781
44692	-0.310658
44693	-0.310535
44694	-0.310411
44695	-0.310287
44696	-0.310163
44697	-0.310039
44698	-0.309914
44699	-0.309789
44700	-0.309664
44701	-0.309539
44702	-0.309413
44703	-0.309287
44704	-0.309161
44705	-0.309034
44706	-0.308907
44707	-0.30878
44708	-0.308652
44709	-0.308524
44710	-0.308396
44711	-0.308268
44712	-0.308139
44713	-0.30801
44714	-0.307881
44715	-0.307752
44716	-0.307622
44717	-0.307492
44718	-0.307361
44719	-0.307231
44720	-0.3071
44721	-0.306968
44722	-0.306837
44723	-0.306705
44724	-0.306573
44725	-0.30644
44726	-0.306308
44727	-0.306175
44728	-0.306041
44729	-0.305908
44730	-0.305774
44731	-0.30564
44732	-0.305506
44733	-0.305371
44734	-0.305236
44735	-0.305101
44736	-0.304965
44737	-0.304829
44738	-0.304693
44739	-0.304557
44740	-0.30442
44741	-0.304283
44742	-0.304146
44743	-0.304008
44744	-0.30387
44745	-0.303732
44746	-0.303594
44747	-0.303455
44748	-0.303316
44749	-0.303177
44750	-0.303037
44751	-0.302898
44752	-0.302758
44753	-0.302617
44754	-0.302476
44755	-0.302336
44756	-0.302194
44757	-0.302053
44758	-0.301911
44759	-0.301769
44760	-0.301627
44761	-0.301484
44762	-0.301341
44763	-0.301198
44764	-0.301054
44765	-0.300911
44766	-0.300767
44767	-0.300622
44768	-0.300478
44769	-0.300333
44770	-0.300188
44771	-0.300042
44772	-0.299896
44773	-0.29975
44774	-0.299604
44775	-0.299458
44776	-0.299311
44777	-0.299164
44778	-0.299016
44779	-0.298868
44780	-0.298721
44781	-0.298572
44782	-0.298424
44783	-0.298275
44784	-0.298126
44785	-0.297977
44786	-0.297827
44787	-0.297677
44788	-0.297527
44789	-0.297376
44790	-0.297226
44791	-0.297075
44792	-0.296923
44793	-0.296772
44794	-0.29662
44795	-0.296468
44796	-0.296315
44797	-0.296163
44798	-0.29601
44799	-0.295856
44800	-0.295703
44801	-0.295549
44802	-0.295395
44803	-0.295241
44804	-0.295086
44805	-0.294931
44806	-0.294776
44807	-0.294621
44808	-0.294465
44809	-0.294309
44810	-0.294153
44811	-0.293996
44812	-0.293839
44813	-0.293682
44814	-0.293525
44815	-0.293367
44816	-0.293209
44817	-0.293051
44818	-0.292893
44819	-0.292734
44820	-0.292575
44821	-0.292416
44822	-0.292256
44823	-0.292096
44824	-0.291936
44825	-0.291776
44826	-0.291615
44827	-0.291454
44828	-0.291293
44829	-0.291131
44830	-0.29097
44831	-0.290808
44832	-0.290645
44833	-0.290483
44834	-0.29032
44835	-0.290157
44836	-0.289994
44837	-0.28983
44838	-0.289666
44839	-0.289502
44840	-0.289338
44841	-0.289173
44842	-0.289008
44843	-0.288843
44844	-0.288677
44845	-0.288511
44846	-0.288345
44847	-0.288179
44848	-0.288012
44849	-0.287845
44850	-0.287678
44851	-0.287511
44852	-0.287343
44853	-0.287175
44854	-0.287007
44855	-0.286839
44856	-0.28667
44857	-0.286501
44858	-0.286332
44859	-0.286162
44860	-0.285992
44861	-0.285822
44862	-0.285652
44863	-0.285481
44864	-0.28531
44865	-0.285139
44866	-0.284968
44867	-0.284796
44868	-0.284624
44869	-0.284452
44870	-0.28428
44871	-0.284107
44872	-0.283934
44873	-0.283761
44874	-0.283587
44875	-0.283413
44876	-0.283239
44877	-0.283065
44878	-0.28289
44879	-0.282716
44880	-0.28254
44881	-0.282365
44882	-0.282189
44883	-0.282013
44884	-0.281837
44885	-0.281661
44886	-0.281484
44887	-0.281307
44888	-0.28113
44889	-0.280953
44890	-0.280775
44891	-0.280597
44892	-0.280419
44893	-0.28024
44894	-0.280061
44895	-0.279882
44896	-0.279703
44897	-0.279523
44898	-0.279344
44899	-0.279163
44900	-0.278983
44901	-0.278802
44902	-0.278622
44903	-0.278441
44904	-0.278259
44905	-0.278077
44906	-0.277896
44907	-0.277713
44908	-0.277531
44909	-0.277348
44910	-0.277165
44911	-0.276982
44912	-0.276799
44913	-0.276615
44914	-0.276431
44915	-0.276247
44916	-0.276062
44917	-0.275878
44918	-0.275693
44919	-0.275507
44920	-0.275322
44921	-0.275136
44922	-0.27495
44923	-0.274764
44924	-0.274577
44925	-0.27439
44926	-0.274203
44927	-0.274016
44928	-0.273828
44929	-0.273641
44930	-0.273453
44931	-0.273264
44932	-0.273076
44933	-0.272887
44934	-0.272698
44935	-0.272508
44936	-0.272319
44937	-0.272129
44938	-0.271939
44939	-0.271748
44940	-0.271558
44941	-0.271367
44942	-0.271176
44943	-0.270985
44944	-0.270793
44945	-0.270601
44946	-0.270409
44947	-0.270217
44948	-0.270024
44949	-0.269831
44950	-0.269638
44951	-0.269444
44952	-0.269251
44953	-0.269057
44954	-0.268863
44955	-0.268668
44956	-0.268474
44957	-0.268279
44958	-0.268084
44959	-0.267888
44960	-0.267693
44961	-0.267497
44962	-0.267301
44963	-0.267104
44964	-0.266908
44965	-0.266711
44966	-0.266514
44967	-0.266316
44968	-0.266119
44969	-0.265921
44970	-0.265723
44971	-0.265524
44972	-0.265326
44973	-0.265127
44974	-0.264928
44975	-0.264728
44976	-0.264529
44977	-0.264329
44978	-0.264129
44979	-0.263928
44980	-0.263728
44981	-0.263527
44982	-0.263326
44983	-0.263125
44984	-0.262923
44985	-0.262721
44986	-0.262519
44987	-0.262317
44988	-0.262114
44989	-0.261911
44990	-0.261708
44991	-0.261505
44992	-0.261302
44993	-0.261098
44994	-0.260894
44995	-0.26069
44996	-0.260485
44997	-0.26028
44998	-0.260075
44999	-0.25987
45000	-0.259665
45001	-0.259459
45002	-0.259253
45003	-0.259047
45004	-0.25884
45005	-0.258634
45006	-0.258427
45007	-0.25822
45008	-0.258012
45009	-0.257805
45010	-0.257597
45011	-0.257389
45012	-0.25718
45013	-0.256972
45014	-0.256763
45015	-0.256554
45016	-0.256344
45017	-0.256135
45018	-0.255925
45019	-0.255715
45020	-0.255505
45021	-0.255294
45022	-0.255083
45023	-0.254872
45024	-0.254661
45025	-0.25445
45026	-0.254238
45027	-0.254026
45028	-0.253814
45029	-0.253602
45030	-0.253389
45031	-0.253176
45032	-0.252963
45033	-0.25275
45034	-0.252536
45035	-0.252322
45036	-0.252108
45037	-0.251894
45038	-0.251679
45039	-0.251464
45040	-0.251249
45041	-0.251034
45042	-0.250819
45043	-0.250603
45044	-0.250387
45045	-0.250171
45046	-0.249955
45047	-0.249738
45048	-0.249521
45049	-0.249304
45050	-0.249087
45051	-0.248869
45052	-0.248651
45053	-0.248433
45054	-0.248215
45055	-0.247997
45056	-0.247778
45057	-0.247559
45058	-0.24734
45059	-0.24712
45060	-0.246901
45061	-0.246681
45062	-0.246461
45063	-0.24624
45064	-0.24602
45065	-0.245799
45066	-0.245578
45067	-0.245357
45068	-0.245135
45069	-0.244913
45070	-0.244691
45071	-0.244469
45072	-0.244247
45073	-0.244024
45074	-0.243801
45075	-0.243578
45076	-0.243355
45077	-0.243132
45078	-0.242908
45079	-0.242684
45080	-0.24246
45081	-0.242235
45082	-0.24201
45083	-0.241786
45084	-0.24156
45085	-0.241335
45086	-0.24111
45087	-0.240884
45088	-0.240658
45089	-0.240431
45090	-0.240205
45091	-0.239978
45092	-0.239751
45093	-0.239524
45094	-0.239297
45095	-0.239069
45096	-0.238842
45097	-0.238613
45098	-0.238385
45099	-0.238157
45100	-0.237928
45101	-0.237699
45102	-0.23747
45103	-0.237241
45104	-0.237011
45105	-0.236781
45106	-0.236551
45107	-0.236321
45108	-0.23609
45109	-0.23586
45110	-0.235629
45111	-0.235398
45112	-0.235166
45113	-0.234935
45114	-0.234703
45115	-0.234471
45116	-0.234239
45117	-0.234006
45118	-0.233774
45119	-0.233541
45120	-0.233308
45121	-0.233074
45122	-0.232841
45123	-0.232607
45124	-0.232373
45125	-0.232139
45126	-0.231904
45127	-0.23167
45128	-0.231435
45129	-0.2312
45130	-0.230965
45131	-0.230729
45132	-0.230493
45133	-0.230258
45134	-0.230021
45135	-0.229785
45136	-0.229548
45137	-0.229312
45138	-0.229075
45139	-0.228837
45140	-0.2286
45141	-0.228362
45142	-0.228125
45143	-0.227886
45144	-0.227648
45145	-0.22741
45146	-0.227171
45147	-0.226932
45148	-0.226693
45149	-0.226454
45150	-0.226214
45151	-0.225974
45152	-0.225734
45153	-0.225494
45154	-0.225254
45155	-0.225013
45156	-0.224772
45157	-0.224531
45158	-0.22429
45159	-0.224049
45160	-0.223807
45161	-0.223565
45162	-0.223323
45163	-0.223081
45164	-0.222838
45165	-0.222595
45166	-0.222353
45167	-0.222109
45168	-0.221866
45169	-0.221623
45170	-0.221379
45171	-0.221135
45172	-0.220891
45173	-0.220646
45174	-0.220402
45175	-0.220157
45176	-0.219912
45177	-0.219667
45178	-0.219421
45179	-0.219176
45180	-0.21893
45181	-0.218684
45182	-0.218438
45183	-0.218191
45184	-0.217945
45185	-0.217698
45186	-0.217451
45187	-0.217204
45188	-0.216956
45189	-0.216708
45190	-0.216461
45191	-0.216213
45192	-0.215964
45193	-0.215716
45194	-0.215467
45195	-0.215218
45196	-0.214969
45197	-0.21472
45198	-0.214471
45199	-0.214221
45200	-0.213971
45201	-0.213721
45202	-0.213471
45203	-0.21322
45204	-0.21297
45205	-0.212719
45206	-0.212468
45207	-0.212216
45208	-0.211965
45209	-0.211713
45210	-0.211461
45211	-0.211209
45212	-0.210957
45213	-0.210705
45214	-0.210452
45215	-0.210199
45216	-0.209946
45217	-0.209693
45218	-0.209439
45219	-0.209186
45220	-0.208932
45221	-0.208678
45222	-0.208424
45223	-0.208169
45224	-0.207915
45225	-0.20766
45226	-0.207405
45227	-0.20715
45228	-0.206894
45229	-0.206639
45230	-0.206383
45231	-0.206127
45232	-0.205871
45233	-0.205614
45234	-0.205358
45235	-0.205101
45236	-0.204844
45237	-0.204587
45238	-0.20433
45239	-0.204072
45240	-0.203814
45241	-0.203556
45242	-0.203298
45243	-0.20304
45244	-0.202782
45245	-0.202523
45246	-0.202264
45247	-0.202005
45248	-0.201746
45249	-0.201486
45250	-0.201227
45251	-0.200967
45252	-0.200707
45253	-0.200447
45254	-0.200186
45255	-0.199926
45256	-0.199665
45257	-0.199404
45258	-0.199143
45259	-0.198882
45260	-0.19862
45261	-0.198359
45262	-0.198097
45263	-0.197835
45264	-0.197572
45265	-0.19731
45266	-0.197047
45267	-0.196785
45268	-0.196522
45269	-0.196258
45270	-0.195995
45271	-0.195732
45272	-0.195468
45273	-0.195204
45274	-0.19494
45275	-0.194676
45276	-0.194411
45277	-0.194147
45278	-0.193882
45279	-0.193617
45280	-0.193352
45281	-0.193086
45282	-0.192821
45283	-0.192555
45284	-0.192289
45285	-0.192023
45286	-0.191757
45287	-0.19149
45288	-0.191224
45289	-0.190957
45290	-0.19069
45291	-0.190423
45292	-0.190155
45293	-0.189888
45294	-0.18962
45295	-0.189352
45296	-0.189084
45297	-0.188816
45298	-0.188548
45299	-0.188279
45300	-0.18801
45301	-0.187741
45302	-0.187472
45303	-0.187203
45304	-0.186933
45305	-0.186664
45306	-0.186394
45307	-0.186124
45308	-0.185854
45309	-0.185583
45310	-0.185313
45311	-0.185042
45312	-0.184771
45313	-0.1845
45314	-0.184229
45315	-0.183958
45316	-0.183686
45317	-0.183414
45318	-0.183142
45319	-0.18287
45320	-0.182598
45321	-0.182326
45322	-0.182053
45323	-0.18178
45324	-0.181507
45325	-0.181234
45326	-0.180961
45327	-0.180687
45328	-0.180414
45329	-0.18014
45330	-0.179866
45331	-0.179592
45332	-0.179318
45333	-0.179043
45334	-0.178768
45335	-0.178494
45336	-0.178219
45337	-0.177943
45338	-0.177668
45339	-0.177393
45340	-0.177117
45341	-0.176841
45342	-0.176565
45343	-0.176289
45344	-0.176013
45345	-0.175736
45346	-0.17546
45347	-0.175183
45348	-0.174906
45349	-0.174629
45350	-0.174351
45351	-0.174074
45352	-0.173796
45353	-0.173518
45354	-0.17324
45355	-0.172962
45356	-0.172684
45357	-0.172406
45358	-0.172127
45359	-0.171848
45360	-0.171569
45361	-0.17129
45362	-0.171011
45363	-0.170731
45364	-0.170452
45365	-0.170172
45366	-0.169892
45367	-0.169612
45368	-0.169332
45369	-0.169051
45370	-0.168771
45371	-0.16849
45372	-0.168209
45373	-0.167928
45374	-0.167647
45375	-0.167366
45376	-0.167084
45377	-0.166803
45378	-0.166521
45379	-0.166239
45380	-0.165957
45381	-0.165674
45382	-0.165392
45383	-0.165109
45384	-0.164826
45385	-0.164544
45386	-0.16426
45387	-0.163977
45388	-0.163694
45389	-0.16341
45390	-0.163127
45391	-0.162843
45392	-0.162559
45393	-0.162275
45394	-0.16199
45395	-0.161706
45396	-0.161421
45397	-0.161136
45398	-0.160851
45399	-0.160566
45400	-0.160281
45401	-0.159996
45402	-0.15971
45403	-0.159425
45404	-0.159139
45405	-0.158853
45406	-0.158567
45407	-0.15828
45408	-0.157994
45409	-0.157707
45410	-0.15742
45411	-0.157134
45412	-0.156847
45413	-0.156559
45414	-0.156272
45415	-0.155984
45416	-0.155697
45417	-0.155409
45418	-0.155121
45419	-0.154833
45420	-0.154545
45421	-0.154256
45422	-0.153968
45423	-0.153679
45424	-0.15339
45425	-0.153101
45426	-0.152812
45427	-0.152523
45428	-0.152234
45429	-0.151944
45430	-0.151654
45431	-0.151365
45432	-0.151075
45433	-0.150785
45434	-0.150494
45435	-0.150204
45436	-0.149913
45437	-0.149623
45438	-0.149332
45439	-0.149041
45440	-0.14875
45441	-0.148458
45442	-0.148167
45443	-0.147875
45444	-0.147584
45445	-0.147292
45446	-0.147
45447	-0.146708
45448	-0.146416
45449	-0.146123
45450	-0.145831
45451	-0.145538
45452	-0.145245
45453	-0.144952
45454	-0.144659
45455	-0.144366
45456	-0.144073
45457	-0.143779
45458	-0.143486
45459	-0.143192
45460	-0.142898
45461	-0.142604
45462	-0.14231
45463	-0.142015
45464	-0.141721
45465	-0.141426
45466	-0.141132
45467	-0.140837
45468	-0.140542
45469	-0.140247
45470	-0.139951
45471	-0.139656
45472	-0.13936
45473	-0.139065
45474	-0.138769
45475	-0.138473
45476	-0.138177
45477	-0.137881
45478	-0.137584
45479	-0.137288
45480	-0.136991
45481	-0.136695
45482	-0.136398
45483	-0.136101
45484	-0.135804
45485	-0.135506
45486	-0.135209
45487	-0.134912
45488	-0.134614
45489	-0.134316
45490	-0.134018
45491	-0.13372
45492	-0.133422
45493	-0.133124
45494	-0.132826
45495	-0.132527
45496	-0.132228
45497	-0.13193
45498	-0.131631
45499	-0.131332
45500	-0.131032
45501	-0.130733
45502	-0.130434
45503	-0.130134
45504	-0.129835
45505	-0.129535
45506	-0.129235
45507	-0.128935
45508	-0.128635
45509	-0.128334
45510	-0.128034
45511	-0.127733
45512	-0.127433
45513	-0.127132
45514	-0.126831
45515	-0.12653
45516	-0.126229
45517	-0.125928
45518	-0.125626
45519	-0.125325
45520	-0.125023
45521	-0.124721
45522	-0.12442
45523	-0.124118
45524	-0.123815
45525	-0.123513
45526	-0.123211
45527	-0.122908
45528	-0.122606
45529	-0.122303
45530	-0.122
45531	-0.121697
45532	-0.121394
45533	-0.121091
45534	-0.120788
45535	-0.120484
45536	-0.120181
45537	-0.119877
45538	-0.119574
45539	-0.11927
45540	-0.118966
45541	-0.118662
45542	-0.118357
45543	-0.118053
45544	-0.117749
45545	-0.117444
45546	-0.117139
45547	-0.116835
45548	-0.11653
45549	-0.116225
45550	-0.11592
45551	-0.115614
45552	-0.115309
45553	-0.115004
45554	-0.114698
45555	-0.114392
45556	-0.114087
45557	-0.113781
45558	-0.113475
45559	-0.113169
45560	-0.112862
45561	-0.112556
45562	-0.11225
45563	-0.111943
45564	-0.111636
45565	-0.11133
45566	-0.111023
45567	-0.110716
45568	-0.110409
45569	-0.110102
45570	-0.109794
45571	-0.109487
45572	-0.109179
45573	-0.108872
45574	-0.108564
45575	-0.108256
45576	-0.107948
45577	-0.10764
45578	-0.107332
45579	-0.107024
45580	-0.106715
45581	-0.106407
45582	-0.106098
45583	-0.10579
45584	-0.105481
45585	-0.105172
45586	-0.104863
45587	-0.104554
45588	-0.104245
45589	-0.103936
45590	-0.103626
45591	-0.103317
45592	-0.103007
45593	-0.102698
45594	-0.102388
45595	-0.102078
45596	-0.101768
45597	-0.101458
45598	-0.101148
45599	-0.100837
45600	-0.100527
45601	-0.100217
45602	-0.0999061
45603	-0.0995954
45604	-0.0992847
45605	-0.0989738
45606	-0.0986629
45607	-0.0983519
45608	-0.0980407
45609	-0.0977295
45610	-0.0974182
45611	-0.0971068
45612	-0.0967952
45613	-0.0964836
45614	-0.0961719
45615	-0.0958601
45616	-0.0955483
45617	-0.0952363
45618	-0.0949242
45619	-0.094612
45620	-0.0942998
45621	-0.0939874
45622	-0.093675
45623	-0.0933625
45624	-0.0930498
45625	-0.0927371
45626	-0.0924243
45627	-0.0921114
45628	-0.0917984
45629	-0.0914854
45630	-0.0911722
45631	-0.090859
45632	-0.0905456
45633	-0.0902322
45634	-0.0899187
45635	-0.0896051
45636	-0.0892914
45637	-0.0889776
45638	-0.0886637
45639	-0.0883498
45640	-0.0880358
45641	-0.0877216
45642	-0.0874074
45643	-0.0870931
45644	-0.0867788
45645	-0.0864643
45646	-0.0861498
45647	-0.0858351
45648	-0.0855204
45649	-0.0852056
45650	-0.0848907
45651	-0.0845758
45652	-0.0842607
45653	-0.0839456
45654	-0.0836304
45655	-0.0833151
45656	-0.0829997
45657	-0.0826843
45658	-0.0823687
45659	-0.0820531
45660	-0.0817374
45661	-0.0814216
45662	-0.0811058
45663	-0.0807898
45664	-0.0804738
45665	-0.0801577
45666	-0.0798415
45667	-0.0795253
45668	-0.079209
45669	-0.0788926
45670	-0.0785761
45671	-0.0782595
45672	-0.0779429
45673	-0.0776262
45674	-0.0773094
45675	-0.0769925
45676	-0.0766756
45677	-0.0763585
45678	-0.0760415
45679	-0.0757243
45680	-0.0754071
45681	-0.0750897
45682	-0.0747723
45683	-0.0744549
45684	-0.0741374
45685	-0.0738197
45686	-0.0735021
45687	-0.0731843
45688	-0.0728665
45689	-0.0725486
45690	-0.0722306
45691	-0.0719126
45692	-0.0715945
45693	-0.0712763
45694	-0.070958
45695	-0.0706397
45696	-0.0703213
45697	-0.0700029
45698	-0.0696843
45699	-0.0693657
45700	-0.0690471
45701	-0.0687284
45702	-0.0684095
45703	-0.0680907
45704	-0.0677717
45705	-0.0674527
45706	-0.0671337
45707	-0.0668145
45708	-0.0664953
45709	-0.0661761
45710	-0.0658567
45711	-0.0655373
45712	-0.0652179
45713	-0.0648983
45714	-0.0645788
45715	-0.0642591
45716	-0.0639394
45717	-0.0636196
45718	-0.0632997
45719	-0.0629798
45720	-0.0626599
45721	-0.0623398
45722	-0.0620197
45723	-0.0616996
45724	-0.0613794
45725	-0.0610591
45726	-0.0607387
45727	-0.0604183
45728	-0.0600979
45729	-0.0597774
45730	-0.0594568
45731	-0.0591361
45732	-0.0588155
45733	-0.0584947
45734	-0.0581739
45735	-0.057853
45736	-0.0575321
45737	-0.0572111
45738	-0.05689
45739	-0.0565689
45740	-0.0562478
45741	-0.0559266
45742	-0.0556053
45743	-0.055284
45744	-0.0549626
45745	-0.0546412
45746	-0.0543197
45747	-0.0539981
45748	-0.0536765
45749	-0.0533549
45750	-0.0530332
45751	-0.0527114
45752	-0.0523896
45753	-0.0520677
45754	-0.0517458
45755	-0.0514238
45756	-0.0511018
45757	-0.0507797
45758	-0.0504576
45759	-0.0501354
45760	-0.0498132
45761	-0.0494909
45762	-0.0491686
45763	-0.0488462
45764	-0.0485238
45765	-0.0482013
45766	-0.0478788
45767	-0.0475562
45768	-0.0472336
45769	-0.046911
45770	-0.0465882
45771	-0.0462655
45772	-0.0459427
45773	-0.0456198
45774	-0.0452969
45775	-0.044974
45776	-0.044651
45777	-0.0443279
45778	-0.0440048
45779	-0.0436817
45780	-0.0433585
45781	-0.0430353
45782	-0.0427121
45783	-0.0423888
45784	-0.0420654
45785	-0.041742
45786	-0.0414186
45787	-0.0410951
45788	-0.0407716
45789	-0.040448
45790	-0.0401244
45791	-0.0398008
45792	-0.0394771
45793	-0.0391534
45794	-0.0388296
45795	-0.0385058
45796	-0.0381819
45797	-0.0378581
45798	-0.0375341
45799	-0.0372102
45800	-0.0368862
45801	-0.0365621
45802	-0.036238
45803	-0.0359139
45804	-0.0355898
45805	-0.0352656
45806	-0.0349413
45807	-0.0346171
45808	-0.0342928
45809	-0.0339684
45810	-0.0336441
45811	-0.0333197
45812	-0.0329952
45813	-0.0326707
45814	-0.0323462
45815	-0.0320217
45816	-0.0316971
45817	-0.0313725
45818	-0.0310479
45819	-0.0307232
45820	-0.0303985
45821	-0.0300737
45822	-0.0297489
45823	-0.0294241
45824	-0.0290993
45825	-0.0287744
45826	-0.0284495
45827	-0.0281246
45828	-0.0277996
45829	-0.0274746
45830	-0.0271496
45831	-0.0268246
45832	-0.0264995
45833	-0.0261744
45834	-0.0258493
45835	-0.0255241
45836	-0.0251989
45837	-0.0248737
45838	-0.0245484
45839	-0.0242232
45840	-0.0238979
45841	-0.0235725
45842	-0.0232472
45843	-0.0229218
45844	-0.0225964
45845	-0.022271
45846	-0.0219455
45847	-0.02162
45848	-0.0212945
45849	-0.020969
45850	-0.0206435
45851	-0.0203179
45852	-0.0199923
45853	-0.0196667
45854	-0.019341
45855	-0.0190154
45856	-0.0186897
45857	-0.018364
45858	-0.0180383
45859	-0.0177125
45860	-0.0173867
45861	-0.017061
45862	-0.0167351
45863	-0.0164093
45864	-0.0160835
45865	-0.0157576
45866	-0.0154317
45867	-0.0151058
45868	-0.0147799
45869	-0.014454
45870	-0.014128
45871	-0.013802
45872	-0.013476
45873	-0.01315
45874	-0.012824
45875	-0.012498
45876	-0.0121719
45877	-0.0118458
45878	-0.0115198
45879	-0.0111937
45880	-0.0108675
45881	-0.0105414
45882	-0.0102153
45883	-0.00988911
45884	-0.00956294
45885	-0.00923675
45886	-0.00891056
45887	-0.00858435
45888	-0.00825813
45889	-0.0079319
45890	-0.00760565
45891	-0.0072794
45892	-0.00695313
45893	-0.00662686
45894	-0.00630057
45895	-0.00597427
45896	-0.00564797
45897	-0.00532165
45898	-0.00499533
45899	-0.00466899
45900	-0.00434265
45901	-0.0040163
45902	-0.00368994
45903	-0.00336358
45904	-0.0030372
45905	-0.00271082
45906	-0.00238444
45907	-0.00205804
45908	-0.00173165
45909	-0.00140524
45910	-0.00107883
45911	-0.000752415
45912	-0.000425995
45913	-9.95706e-05
45914	0.000226858
45915	0.000553291
45916	0.000879727
45917	0.00120617
45918	0.00153261
45919	0.00185906
45920	0.0021855
45921	0.00251195
45922	0.0028384
45923	0.00316486
45924	0.00349131
45925	0.00381777
45926	0.00414422
45927	0.00447068
45928	0.00479714
45929	0.00512359
45930	0.00545005
45931	0.0057765
45932	0.00610296
45933	0.00642941
45934	0.00675586
45935	0.00708231
45936	0.00740875
45937	0.00773519
45938	0.00806163
45939	0.00838807
45940	0.0087145
45941	0.00904093
45942	0.00936736
45943	0.00969378
45944	0.0100202
45945	0.0103466
45946	0.010673
45947	0.0109994
45948	0.0113258
45949	0.0116522
45950	0.0119786
45951	0.0123049
45952	0.0126313
45953	0.0129577
45954	0.013284
45955	0.0136104
45956	0.0139367
45957	0.014263
45958	0.0145893
45959	0.0149156
45960	0.0152419
45961	0.0155682
45962	0.0158945
45963	0.0162208
45964	0.016547
45965	0.0168733
45966	0.0171995
45967	0.0175257
45968	0.0178519
45969	0.0181781
45970	0.0185043
45971	0.0188305
45972	0.0191566
45973	0.0194828
45974	0.0198089
45975	0.020135
45976	0.0204611
45977	0.0207872
45978	0.0211133
45979	0.0214393
45980	0.0217654
45981	0.0220914
45982	0.0224174
45983	0.0227434
45984	0.0230694
45985	0.0233953
45986	0.0237213
45987	0.0240472
45988	0.0243731
45989	0.024699
45990	0.0250248
45991	0.0253507
45992	0.0256765
45993	0.0260023
45994	0.0263281
45995	0.0266539
45996	0.0269796
45997	0.0273053
45998	0.0276311
45999	0.0279567
46000	0.0282824
46001	0.028608
46002	0.0289337
46003	0.0292592
46004	0.0295848
46005	0.0299104
46006	0.0302359
46007	0.0305614
46008	0.0308869
46009	0.0312123
46010	0.0315377
46011	0.0318632
46012	0.0321885
46013	0.0325139
46014	0.0328392
46015	0.0331645
46016	0.0334898
46017	0.033815
46018	0.0341402
46019	0.0344654
46020	0.0347906
46021	0.0351157
46022	0.0354408
46023	0.0357659
46024	0.036091
46025	0.036416
46026	0.036741
46027	0.0370659
46028	0.0373908
46029	0.0377157
46030	0.0380406
46031	0.0383654
46032	0.0386902
46033	0.039015
46034	0.0393398
46035	0.0396645
46036	0.0399891
46037	0.0403138
46038	0.0406384
46039	0.040963
46040	0.0412875
46041	0.041612
46042	0.0419365
46043	0.0422609
46044	0.0425853
46045	0.0429097
46046	0.043234
46047	0.0435583
46048	0.0438826
46049	0.0442068
46050	0.044531
46051	0.0448551
46052	0.0451792
46053	0.0455033
46054	0.0458274
46055	0.0461514
46056	0.0464753
46057	0.0467992
46058	0.0471231
46059	0.0474469
46060	0.0477707
46061	0.0480945
46062	0.0484182
46063	0.0487419
46064	0.0490655
46065	0.0493891
46066	0.0497127
46067	0.0500362
46068	0.0503597
46069	0.0506831
46070	0.0510065
46071	0.0513298
46072	0.0516531
46073	0.0519763
46074	0.0522996
46075	0.0526227
46076	0.0529458
46077	0.0532689
46078	0.0535919
46079	0.0539149
46080	0.0542378
46081	0.0545607
46082	0.0548836
46083	0.0552064
46084	0.0555291
46085	0.0558518
46086	0.0561745
46087	0.0564971
46088	0.0568196
46089	0.0571421
46090	0.0574646
46091	0.057787
46092	0.0581094
46093	0.0584317
46094	0.0587539
46095	0.0590761
46096	0.0593983
46097	0.0597204
46098	0.0600424
46099	0.0603644
46100	0.0606864
46101	0.0610083
46102	0.0613301
46103	0.0616519
46104	0.0619736
46105	0.0622953
46106	0.062617
46107	0.0629385
46108	0.06326
46109	0.0635815
46110	0.0639029
46111	0.0642243
46112	0.0645456
46113	0.0648668
46114	0.065188
46115	0.0655091
46116	0.0658302
46117	0.0661512
46118	0.0664722
46119	0.0667931
46120	0.0671139
46121	0.0674347
46122	0.0677554
46123	0.0680761
46124	0.0683967
46125	0.0687172
46126	0.0690377
46127	0.0693581
46128	0.0696785
46129	0.0699988
46130	0.070319
46131	0.0706392
46132	0.0709593
46133	0.0712794
46134	0.0715994
46135	0.0719193
46136	0.0722392
46137	0.072559
46138	0.0728787
46139	0.0731984
46140	0.073518
46141	0.0738375
46142	0.074157
46143	0.0744764
46144	0.0747958
46145	0.075115
46146	0.0754343
46147	0.0757534
46148	0.0760725
46149	0.0763915
46150	0.0767105
46151	0.0770293
46152	0.0773481
46153	0.0776669
46154	0.0779856
46155	0.0783042
46156	0.0786227
46157	0.0789412
46158	0.0792596
46159	0.0795779
46160	0.0798961
46161	0.0802143
46162	0.0805324
46163	0.0808505
46164	0.0811685
46165	0.0814864
46166	0.0818042
46167	0.0821219
46168	0.0824396
46169	0.0827572
46170	0.0830748
46171	0.0833922
46172	0.0837096
46173	0.0840269
46174	0.0843441
46175	0.0846613
46176	0.0849784
46177	0.0852954
46178	0.0856123
46179	0.0859292
46180	0.086246
46181	0.0865627
46182	0.0868793
46183	0.0871958
46184	0.0875123
46185	0.0878287
46186	0.088145
46187	0.0884612
46188	0.0887774
46189	0.0890935
46190	0.0894095
46191	0.0897254
46192	0.0900412
46193	0.090357
46194	0.0906726
46195	0.0909882
46196	0.0913038
46197	0.0916192
46198	0.0919345
46199	0.0922498
46200	0.092565
46201	0.0928801
46202	0.0931951
46203	0.09351
46204	0.0938249
46205	0.0941396
46206	0.0944543
46207	0.0947689
46208	0.0950834
46209	0.0953978
46210	0.0957122
46211	0.0960264
46212	0.0963406
46213	0.0966547
46214	0.0969686
46215	0.0972825
46216	0.0975964
46217	0.0979101
46218	0.0982237
46219	0.0985373
46220	0.0988507
46221	0.0991641
46222	0.0994774
46223	0.0997906
46224	0.100104
46225	0.100417
46226	0.10073
46227	0.101042
46228	0.101355
46229	0.101668
46230	0.10198
46231	0.102293
46232	0.102605
46233	0.102917
46234	0.10323
46235	0.103542
46236	0.103854
46237	0.104166
46238	0.104477
46239	0.104789
46240	0.105101
46241	0.105412
46242	0.105724
46243	0.106035
46244	0.106346
46245	0.106657
46246	0.106968
46247	0.107279
46248	0.10759
46249	0.107901
46250	0.108212
46251	0.108522
46252	0.108833
46253	0.109143
46254	0.109453
46255	0.109763
46256	0.110073
46257	0.110383
46258	0.110693
46259	0.111003
46260	0.111313
46261	0.111622
46262	0.111932
46263	0.112241
46264	0.11255
46265	0.112859
46266	0.113168
46267	0.113477
46268	0.113786
46269	0.114095
46270	0.114404
46271	0.114712
46272	0.115021
46273	0.115329
46274	0.115637
46275	0.115945
46276	0.116253
46277	0.116561
46278	0.116869
46279	0.117177
46280	0.117484
46281	0.117792
46282	0.118099
46283	0.118406
46284	0.118713
46285	0.11902
46286	0.119327
46287	0.119634
46288	0.119941
46289	0.120247
46290	0.120554
46291	0.12086
46292	0.121166
46293	0.121473
46294	0.121779
46295	0.122085
46296	0.12239
46297	0.122696
46298	0.123002
46299	0.123307
46300	0.123612
46301	0.123918
46302	0.124223
46303	0.124528
46304	0.124833
46305	0.125138
46306	0.125442
46307	0.125747
46308	0.126051
46309	0.126356
46310	0.12666
46311	0.126964
46312	0.127268
46313	0.127572
46314	0.127875
46315	0.128179
46316	0.128483
46317	0.128786
46318	0.129089
46319	0.129392
46320	0.129695
46321	0.129998
46322	0.130301
46323	0.130604
46324	0.130906
46325	0.131209
46326	0.131511
46327	0.131813
46328	0.132115
46329	0.132417
46330	0.132719
46331	0.133021
46332	0.133322
46333	0.133624
46334	0.133925
46335	0.134226
46336	0.134527
46337	0.134828
46338	0.135129
46339	0.13543
46340	0.135731
46341	0.136031
46342	0.136331
46343	0.136632
46344	0.136932
46345	0.137232
46346	0.137531
46347	0.137831
46348	0.138131
46349	0.13843
46350	0.138729
46351	0.139029
46352	0.139328
46353	0.139627
46354	0.139925
46355	0.140224
46356	0.140523
46357	0.140821
46358	0.141119
46359	0.141417
46360	0.141715
46361	0.142013
46362	0.142311
46363	0.142609
46364	0.142906
46365	0.143204
46366	0.143501
46367	0.143798
46368	0.144095
46369	0.144392
46370	0.144688
46371	0.144985
46372	0.145281
46373	0.145578
46374	0.145874
46375	0.14617
46376	0.146466
46377	0.146761
46378	0.147057
46379	0.147352
46380	0.147648
46381	0.147943
46382	0.148238
46383	0.148533
46384	0.148828
46385	0.149122
46386	0.149417
46387	0.149711
46388	0.150006
46389	0.1503
46390	0.150594
46391	0.150887
46392	0.151181
46393	0.151475
46394	0.151768
46395	0.152061
46396	0.152354
46397	0.152647
46398	0.15294
46399	0.153233
46400	0.153525
46401	0.153818
46402	0.15411
46403	0.154402
46404	0.154694
46405	0.154986
46406	0.155277
46407	0.155569
46408	0.15586
46409	0.156152
46410	0.156443
46411	0.156734
46412	0.157024
46413	0.157315
46414	0.157605
46415	0.157896
46416	0.158186
46417	0.158476
46418	0.158766
46419	0.159056
46420	0.159345
46421	0.159635
46422	0.159924
46423	0.160213
46424	0.160502
46425	0.160791
46426	0.16108
46427	0.161368
46428	0.161657
46429	0.161945
46430	0.162233
46431	0.162521
46432	0.162809
46433	0.163097
46434	0.163384
46435	0.163671
46436	0.163959
46437	0.164246
46438	0.164533
46439	0.164819
46440	0.165106
46441	0.165392
46442	0.165679
46443	0.165965
46444	0.166251
46445	0.166536
46446	0.166822
46447	0.167107
46448	0.167393
46449	0.167678
46450	0.167963
46451	0.168248
46452	0.168533
46453	0.168817
46454	0.169101
46455	0.169386
46456	0.16967
46457	0.169954
46458	0.170237
46459	0.170521
46460	0.170804
46461	0.171088
46462	0.171371
46463	0.171654
46464	0.171936
46465	0.172219
46466	0.172502
46467	0.172784
46468	0.173066
46469	0.173348
46470	0.17363
46471	0.173911
46472	0.174193
46473	0.174474
46474	0.174755
46475	0.175036
46476	0.175317
46477	0.175598
46478	0.175878
46479	0.176159
46480	0.176439
46481	0.176719
46482	0.176999
46483	0.177278
46484	0.177558
46485	0.177837
46486	0.178116
46487	0.178395
46488	0.178674
46489	0.178953
46490	0.179231
46491	0.179509
46492	0.179788
46493	0.180065
46494	0.180343
46495	0.180621
46496	0.180898
46497	0.181176
46498	0.181453
46499	0.18173
46500	0.182007
46501	0.182283
46502	0.18256
46503	0.182836
46504	0.183112
46505	0.183388
46506	0.183664
46507	0.183939
46508	0.184215
46509	0.18449
46510	0.184765
46511	0.18504
46512	0.185314
46513	0.185589
46514	0.185863
46515	0.186137
46516	0.186411
46517	0.186685
46518	0.186959
46519	0.187232
46520	0.187506
46521	0.187779
46522	0.188052
46523	0.188324
46524	0.188597
46525	0.188869
46526	0.189142
46527	0.189414
46528	0.189686
46529	0.189957
46530	0.190229
46531	0.1905
46532	0.190771
46533	0.191042
46534	0.191313
46535	0.191584
46536	0.191854
46537	0.192124
46538	0.192394
46539	0.192664
46540	0.192934
46541	0.193203
46542	0.193473
46543	0.193742
46544	0.194011
46545	0.194279
46546	0.194548
46547	0.194816
46548	0.195085
46549	0.195353
46550	0.195621
46551	0.195888
46552	0.196156
46553	0.196423
46554	0.19669
46555	0.196957
46556	0.197224
46557	0.19749
46558	0.197757
46559	0.198023
46560	0.198289
46561	0.198555
46562	0.19882
46563	0.199086
46564	0.199351
46565	0.199616
46566	0.199881
46567	0.200145
46568	0.20041
46569	0.200674
46570	0.200938
46571	0.201202
46572	0.201466
46573	0.201729
46574	0.201993
46575	0.202256
46576	0.202519
46577	0.202781
46578	0.203044
46579	0.203306
46580	0.203569
46581	0.203831
46582	0.204092
46583	0.204354
46584	0.204615
46585	0.204876
46586	0.205137
46587	0.205398
46588	0.205659
46589	0.205919
46590	0.20618
46591	0.20644
46592	0.206699
46593	0.206959
46594	0.207218
46595	0.207478
46596	0.207737
46597	0.207996
46598	0.208254
46599	0.208513
46600	0.208771
46601	0.209029
46602	0.209287
46603	0.209544
46604	0.209802
46605	0.210059
46606	0.210316
46607	0.210573
46608	0.21083
46609	0.211086
46610	0.211342
46611	0.211598
46612	0.211854
46613	0.21211
46614	0.212365
46615	0.212621
46616	0.212876
46617	0.21313
46618	0.213385
46619	0.21364
46620	0.213894
46621	0.214148
46622	0.214402
46623	0.214655
46624	0.214909
46625	0.215162
46626	0.215415
46627	0.215668
46628	0.21592
46629	0.216173
46630	0.216425
46631	0.216677
46632	0.216928
46633	0.21718
46634	0.217431
46635	0.217683
46636	0.217933
46637	0.218184
46638	0.218435
46639	0.218685
46640	0.218935
46641	0.219185
46642	0.219435
46643	0.219684
46644	0.219933
46645	0.220182
46646	0.220431
46647	0.22068
46648	0.220928
46649	0.221177
46650	0.221425
46651	0.221672
46652	0.22192
46653	0.222167
46654	0.222414
46655	0.222661
46656	0.222908
46657	0.223155
46658	0.223401
46659	0.223647
46660	0.223893
46661	0.224139
46662	0.224384
46663	0.224629
46664	0.224874
46665	0.225119
46666	0.225364
46667	0.225608
46668	0.225852
46669	0.226096
46670	0.22634
46671	0.226583
46672	0.226827
46673	0.22707
46674	0.227313
46675	0.227555
46676	0.227798
46677	0.22804
46678	0.228282
46679	0.228524
46680	0.228765
46681	0.229007
46682	0.229248
46683	0.229489
46684	0.229729
46685	0.22997
46686	0.23021
46687	0.23045
46688	0.23069
46689	0.230929
46690	0.231169
46691	0.231408
46692	0.231647
46693	0.231885
46694	0.232124
46695	0.232362
46696	0.2326
46697	0.232838
46698	0.233076
46699	0.233313
46700	0.23355
46701	0.233787
46702	0.234024
46703	0.23426
46704	0.234496
46705	0.234732
46706	0.234968
46707	0.235204
46708	0.235439
46709	0.235674
46710	0.235909
46711	0.236144
46712	0.236378
46713	0.236612
46714	0.236846
46715	0.23708
46716	0.237314
46717	0.237547
46718	0.23778
46719	0.238013
46720	0.238246
46721	0.238478
46722	0.23871
46723	0.238942
46724	0.239174
46725	0.239405
46726	0.239636
46727	0.239868
46728	0.240098
46729	0.240329
46730	0.240559
46731	0.240789
46732	0.241019
46733	0.241249
46734	0.241478
46735	0.241707
46736	0.241936
46737	0.242165
46738	0.242394
46739	0.242622
46740	0.24285
46741	0.243078
46742	0.243305
46743	0.243533
46744	0.24376
46745	0.243986
46746	0.244213
46747	0.244439
46748	0.244666
46749	0.244892
46750	0.245117
46751	0.245343
46752	0.245568
46753	0.245793
46754	0.246018
46755	0.246242
46756	0.246466
46757	0.24669
46758	0.246914
46759	0.247138
46760	0.247361
46761	0.247584
46762	0.247807
46763	0.24803
46764	0.248252
46765	0.248474
46766	0.248696
46767	0.248918
46768	0.249139
46769	0.24936
46770	0.249581
46771	0.249802
46772	0.250023
46773	0.250243
46774	0.250463
46775	0.250683
46776	0.250902
46777	0.251121
46778	0.25134
46779	0.251559
46780	0.251778
46781	0.251996
46782	0.252214
46783	0.252432
46784	0.25265
46785	0.252867
46786	0.253084
46787	0.253301
46788	0.253517
46789	0.253734
46790	0.25395
46791	0.254166
46792	0.254381
46793	0.254597
46794	0.254812
46795	0.255027
46796	0.255242
46797	0.255456
46798	0.25567
46799	0.255884
46800	0.256098
46801	0.256311
46802	0.256524
46803	0.256737
46804	0.25695
46805	0.257162
46806	0.257375
46807	0.257587
46808	0.257798
46809	0.25801
46810	0.258221
46811	0.258432
46812	0.258643
46813	0.258853
46814	0.259063
46815	0.259273
46816	0.259483
46817	0.259693
46818	0.259902
46819	0.260111
46820	0.26032
46821	0.260528
46822	0.260736
46823	0.260944
46824	0.261152
46825	0.261359
46826	0.261567
46827	0.261774
46828	0.26198
46829	0.262187
46830	0.262393
46831	0.262599
46832	0.262805
46833	0.26301
46834	0.263216
46835	0.263421
46836	0.263625
46837	0.26383
46838	0.264034
46839	0.264238
46840	0.264442
46841	0.264645
46842	0.264848
46843	0.265051
46844	0.265254
46845	0.265456
46846	0.265658
46847	0.26586
46848	0.266062
46849	0.266263
46850	0.266465
46851	0.266665
46852	0.266866
46853	0.267066
46854	0.267267
46855	0.267466
46856	0.267666
46857	0.267865
46858	0.268065
46859	0.268263
46860	0.268462
46861	0.26866
46862	0.268858
46863	0.269056
46864	0.269254
46865	0.269451
46866	0.269648
46867	0.269845
46868	0.270041
46869	0.270238
46870	0.270434
46871	0.270629
46872	0.270825
46873	0.27102
46874	0.271215
46875	0.27141
46876	0.271604
46877	0.271798
46878	0.271992
46879	0.272186
46880	0.272379
46881	0.272573
46882	0.272765
46883	0.272958
46884	0.27315
46885	0.273342
46886	0.273534
46887	0.273726
46888	0.273917
46889	0.274108
46890	0.274299
46891	0.27449
46892	0.27468
46893	0.27487
46894	0.275059
46895	0.275249
46896	0.275438
46897	0.275627
46898	0.275816
46899	0.276004
46900	0.276192
46901	0.27638
46902	0.276568
46903	0.276755
46904	0.276942
46905	0.277129
46906	0.277315
46907	0.277502
46908	0.277688
46909	0.277874
46910	0.278059
46911	0.278244
46912	0.278429
46913	0.278614
46914	0.278798
46915	0.278982
46916	0.279166
46917	0.27935
46918	0.279533
46919	0.279716
46920	0.279899
46921	0.280082
46922	0.280264
46923	0.280446
46924	0.280628
46925	0.280809
46926	0.28099
46927	0.281171
46928	0.281352
46929	0.281532
46930	0.281712
46931	0.281892
46932	0.282072
46933	0.282251
46934	0.28243
46935	0.282609
46936	0.282787
46937	0.282965
46938	0.283143
46939	0.283321
46940	0.283498
46941	0.283675
46942	0.283852
46943	0.284029
46944	0.284205
46945	0.284381
46946	0.284557
46947	0.284732
46948	0.284908
46949	0.285083
46950	0.285257
46951	0.285432
46952	0.285606
46953	0.28578
46954	0.285953
46955	0.286126
46956	0.286299
46957	0.286472
46958	0.286645
46959	0.286817
46960	0.286989
46961	0.28716
46962	0.287332
46963	0.287503
46964	0.287674
46965	0.287844
46966	0.288014
46967	0.288184
46968	0.288354
46969	0.288523
46970	0.288693
46971	0.288861
46972	0.28903
46973	0.289198
46974	0.289366
46975	0.289534
46976	0.289702
46977	0.289869
46978	0.290036
46979	0.290202
46980	0.290369
46981	0.290535
46982	0.290701
46983	0.290866
46984	0.291032
46985	0.291196
46986	0.291361
46987	0.291526
46988	0.29169
46989	0.291854
46990	0.292017
46991	0.29218
46992	0.292343
46993	0.292506
46994	0.292669
46995	0.292831
46996	0.292993
46997	0.293154
46998	0.293316
46999	0.293477
47000	0.293637
47001	0.293798
47002	0.293958
47003	0.294118
47004	0.294278
47005	0.294437
47006	0.294596
47007	0.294755
47008	0.294913
47009	0.295072
47010	0.29523
47011	0.295387
47012	0.295545
47013	0.295702
47014	0.295858
47015	0.296015
47016	0.296171
47017	0.296327
47018	0.296483
47019	0.296638
47020	0.296793
47021	0.296948
47022	0.297103
47023	0.297257
47024	0.297411
47025	0.297564
47026	0.297718
47027	0.297871
47028	0.298024
47029	0.298176
47030	0.298329
47031	0.29848
47032	0.298632
47033	0.298784
47034	0.298935
47035	0.299085
47036	0.299236
47037	0.299386
47038	0.299536
47039	0.299686
47040	0.299835
47041	0.299984
47042	0.300133
47043	0.300282
47044	0.30043
47045	0.300578
47046	0.300725
47047	0.300873
47048	0.30102
47049	0.301166
47050	0.301313
47051	0.301459
47052	0.301605
47053	0.301751
47054	0.301896
47055	0.302041
47056	0.302186
47057	0.30233
47058	0.302474
47059	0.302618
47060	0.302762
47061	0.302905
47062	0.303048
47063	0.303191
47064	0.303333
47065	0.303475
47066	0.303617
47067	0.303759
47068	0.3039
47069	0.304041
47070	0.304182
47071	0.304322
47072	0.304462
47073	0.304602
47074	0.304741
47075	0.304881
47076	0.30502
47077	0.305158
47078	0.305297
47079	0.305435
47080	0.305572
47081	0.30571
47082	0.305847
47083	0.305984
47084	0.30612
47085	0.306257
47086	0.306393
47087	0.306528
47088	0.306664
47089	0.306799
47090	0.306934
47091	0.307068
47092	0.307202
47093	0.307336
47094	0.30747
47095	0.307603
47096	0.307736
47097	0.307869
47098	0.308001
47099	0.308134
47100	0.308265
47101	0.308397
47102	0.308528
47103	0.308659
47104	0.30879
47105	0.30892
47106	0.30905
47107	0.30918
47108	0.30931
47109	0.309439
47110	0.309568
47111	0.309696
47112	0.309825
47113	0.309953
47114	0.31008
47115	0.310208
47116	0.310335
47117	0.310462
47118	0.310588
47119	0.310714
47120	0.31084
47121	0.310966
47122	0.311091
47123	0.311216
47124	0.311341
47125	0.311465
47126	0.311589
47127	0.311713
47128	0.311837
47129	0.31196
47130	0.312083
47131	0.312206
47132	0.312328
47133	0.31245
47134	0.312572
47135	0.312693
47136	0.312814
47137	0.312935
47138	0.313056
47139	0.313176
47140	0.313296
47141	0.313415
47142	0.313535
47143	0.313654
47144	0.313772
47145	0.313891
47146	0.314009
47147	0.314127
47148	0.314244
47149	0.314362
47150	0.314478
47151	0.314595
47152	0.314711
47153	0.314827
47154	0.314943
47155	0.315058
47156	0.315174
47157	0.315288
47158	0.315403
47159	0.315517
47160	0.315631
47161	0.315745
47162	0.315858
47163	0.315971
47164	0.316084
47165	0.316196
47166	0.316308
47167	0.31642
47168	0.316531
47169	0.316642
47170	0.316753
47171	0.316864
47172	0.316974
47173	0.317084
47174	0.317194
47175	0.317303
47176	0.317412
47177	0.317521
47178	0.317629
47179	0.317737
47180	0.317845
47181	0.317953
47182	0.31806
47183	0.318167
47184	0.318273
47185	0.31838
47186	0.318486
47187	0.318591
47188	0.318697
47189	0.318802
47190	0.318906
47191	0.319011
47192	0.319115
47193	0.319219
47194	0.319322
47195	0.319426
47196	0.319529
47197	0.319631
47198	0.319734
47199	0.319836
47200	0.319937
47201	0.320039
47202	0.32014
47203	0.320241
47204	0.320341
47205	0.320441
47206	0.320541
47207	0.320641
47208	0.32074
47209	0.320839
47210	0.320937
47211	0.321036
47212	0.321134
47213	0.321231
47214	0.321329
47215	0.321426
47216	0.321523
47217	0.321619
47218	0.321715
47219	0.321811
47220	0.321907
47221	0.322002
47222	0.322097
47223	0.322192
47224	0.322286
47225	0.32238
47226	0.322474
47227	0.322567
47228	0.32266
47229	0.322753
47230	0.322845
47231	0.322937
47232	0.323029
47233	0.323121
47234	0.323212
47235	0.323303
47236	0.323394
47237	0.323484
47238	0.323574
47239	0.323663
47240	0.323753
47241	0.323842
47242	0.323931
47243	0.324019
47244	0.324107
47245	0.324195
47246	0.324282
47247	0.32437
47248	0.324457
47249	0.324543
47250	0.324629
47251	0.324715
47252	0.324801
47253	0.324886
47254	0.324971
47255	0.325056
47256	0.32514
47257	0.325224
47258	0.325308
47259	0.325392
47260	0.325475
47261	0.325558
47262	0.32564
47263	0.325722
47264	0.325804
47265	0.325886
47266	0.325967
47267	0.326048
47268	0.326129
47269	0.326209
47270	0.326289
47271	0.326369
47272	0.326448
47273	0.326527
47274	0.326606
47275	0.326684
47276	0.326763
47277	0.32684
47278	0.326918
47279	0.326995
47280	0.327072
47281	0.327149
47282	0.327225
47283	0.327301
47284	0.327377
47285	0.327452
47286	0.327527
47287	0.327602
47288	0.327676
47289	0.32775
47290	0.327824
47291	0.327897
47292	0.32797
47293	0.328043
47294	0.328116
47295	0.328188
47296	0.32826
47297	0.328331
47298	0.328403
47299	0.328474
47300	0.328544
47301	0.328614
47302	0.328684
47303	0.328754
47304	0.328823
47305	0.328893
47306	0.328961
47307	0.32903
47308	0.329098
47309	0.329166
47310	0.329233
47311	0.3293
47312	0.329367
47313	0.329434
47314	0.3295
47315	0.329566
47316	0.329631
47317	0.329697
47318	0.329761
47319	0.329826
47320	0.32989
47321	0.329954
47322	0.330018
47323	0.330082
47324	0.330145
47325	0.330207
47326	0.33027
47327	0.330332
47328	0.330394
47329	0.330455
47330	0.330516
47331	0.330577
47332	0.330638
47333	0.330698
47334	0.330758
47335	0.330817
47336	0.330877
47337	0.330936
47338	0.330994
47339	0.331053
47340	0.331111
47341	0.331168
47342	0.331226
47343	0.331283
47344	0.331339
47345	0.331396
47346	0.331452
47347	0.331508
47348	0.331563
47349	0.331618
47350	0.331673
47351	0.331728
47352	0.331782
47353	0.331836
47354	0.331889
47355	0.331943
47356	0.331996
47357	0.332048
47358	0.3321
47359	0.332152
47360	0.332204
47361	0.332255
47362	0.332306
47363	0.332357
47364	0.332408
47365	0.332458
47366	0.332507
47367	0.332557
47368	0.332606
47369	0.332655
47370	0.332703
47371	0.332751
47372	0.332799
47373	0.332847
47374	0.332894
47375	0.332941
47376	0.332987
47377	0.333034
47378	0.33308
47379	0.333125
47380	0.333171
47381	0.333216
47382	0.33326
47383	0.333305
47384	0.333349
47385	0.333392
47386	0.333436
47387	0.333479
47388	0.333522
47389	0.333564
47390	0.333606
47391	0.333648
47392	0.33369
47393	0.333731
47394	0.333772
47395	0.333812
47396	0.333852
47397	0.333892
47398	0.333932
47399	0.333971
47400	0.33401
47401	0.334049
47402	0.334087
47403	0.334125
47404	0.334163
47405	0.3342
47406	0.334237
47407	0.334274
47408	0.33431
47409	0.334346
47410	0.334382
47411	0.334417
47412	0.334452
47413	0.334487
47414	0.334522
47415	0.334556
47416	0.33459
47417	0.334623
47418	0.334656
47419	0.334689
47420	0.334722
47421	0.334754
47422	0.334786
47423	0.334818
47424	0.334849
47425	0.33488
47426	0.33491
47427	0.334941
47428	0.334971
47429	0.335
47430	0.33503
47431	0.335059
47432	0.335088
47433	0.335116
47434	0.335144
47435	0.335172
47436	0.335199
47437	0.335226
47438	0.335253
47439	0.33528
47440	0.335306
47441	0.335332
47442	0.335357
47443	0.335383
47444	0.335407
47445	0.335432
47446	0.335456
47447	0.33548
47448	0.335504
47449	0.335527
47450	0.33555
47451	0.335573
47452	0.335595
47453	0.335617
47454	0.335639
47455	0.33566
47456	0.335681
47457	0.335702
47458	0.335722
47459	0.335743
47460	0.335762
47461	0.335782
47462	0.335801
47463	0.33582
47464	0.335838
47465	0.335856
47466	0.335874
47467	0.335892
47468	0.335909
47469	0.335926
47470	0.335942
47471	0.335959
47472	0.335975
47473	0.33599
47474	0.336006
47475	0.336021
47476	0.336035
47477	0.33605
47478	0.336064
47479	0.336077
47480	0.336091
47481	0.336104
47482	0.336116
47483	0.336129
47484	0.336141
47485	0.336153
47486	0.336164
47487	0.336175
47488	0.336186
47489	0.336197
47490	0.336207
47491	0.336217
47492	0.336226
47493	0.336236
47494	0.336244
47495	0.336253
47496	0.336261
47497	0.336269
47498	0.336277
47499	0.336284
47500	0.336291
47501	0.336298
47502	0.336304
47503	0.33631
47504	0.336316
47505	0.336321
47506	0.336326
47507	0.336331
47508	0.336336
47509	0.33634
47510	0.336343
47511	0.336347
47512	0.33635
47513	0.336353
47514	0.336355
47515	0.336358
47516	0.336359
47517	0.336361
47518	0.336362
47519	0.336363
47520	0.336364
47521	0.336364
47522	0.336364
47523	0.336364
47524	0.336363
47525	0.336362
47526	0.336361
47527	0.336359
47528	0.336357
47529	0.336355
47530	0.336352
47531	0.336349
47532	0.336346
47533	0.336342
47534	0.336338
47535	0.336334
47536	0.33633
47537	0.336325
47538	0.33632
47539	0.336314
47540	0.336308
47541	0.336302
47542	0.336296
47543	0.336289
47544	0.336282
47545	0.336275
47546	0.336267
47547	0.336259
47548	0.336251
47549	0.336242
47550	0.336233
47551	0.336224
47552	0.336214
47553	0.336204
47554	0.336194
47555	0.336183
47556	0.336172
47557	0.336161
47558	0.33615
47559	0.336138
47560	0.336126
47561	0.336113
47562	0.3361
47563	0.336087
47564	0.336074
47565	0.33606
47566	0.336046
47567	0.336031
47568	0.336017
47569	0.336002
47570	0.335986
47571	0.335971
47572	0.335955
47573	0.335938
47574	0.335922
47575	0.335905
47576	0.335888
47577	0.33587
47578	0.335852
47579	0.335834
47580	0.335815
47581	0.335796
47582	0.335777
47583	0.335758
47584	0.335738
47585	0.335718
47586	0.335697
47587	0.335677
47588	0.335656
47589	0.335634
47590	0.335612
47591	0.33559
47592	0.335568
47593	0.335545
47594	0.335522
47595	0.335499
47596	0.335475
47597	0.335452
47598	0.335427
47599	0.335403
47600	0.335378
47601	0.335353
47602	0.335327
47603	0.335301
47604	0.335275
47605	0.335249
47606	0.335222
47607	0.335195
47608	0.335167
47609	0.33514
47610	0.335111
47611	0.335083
47612	0.335054
47613	0.335025
47614	0.334996
47615	0.334966
47616	0.334936
47617	0.334906
47618	0.334876
47619	0.334845
47620	0.334813
47621	0.334782
47622	0.33475
47623	0.334718
47624	0.334685
47625	0.334653
47626	0.334619
47627	0.334586
47628	0.334552
47629	0.334518
47630	0.334484
47631	0.334449
47632	0.334414
47633	0.334379
47634	0.334343
47635	0.334307
47636	0.334271
47637	0.334234
47638	0.334197
47639	0.33416
47640	0.334122
47641	0.334085
47642	0.334046
47643	0.334008
47644	0.333969
47645	0.33393
47646	0.333891
47647	0.333851
47648	0.333811
47649	0.33377
47650	0.33373
47651	0.333689
47652	0.333647
47653	0.333606
47654	0.333564
47655	0.333521
47656	0.333479
47657	0.333436
47658	0.333393
47659	0.333349
47660	0.333305
47661	0.333261
47662	0.333217
47663	0.333172
47664	0.333127
47665	0.333081
47666	0.333036
47667	0.332989
47668	0.332943
47669	0.332896
47670	0.332849
47671	0.332802
47672	0.332754
47673	0.332707
47674	0.332658
47675	0.33261
47676	0.332561
47677	0.332512
47678	0.332462
47679	0.332412
47680	0.332362
47681	0.332312
47682	0.332261
47683	0.33221
47684	0.332158
47685	0.332107
47686	0.332055
47687	0.332002
47688	0.33195
47689	0.331897
47690	0.331844
47691	0.33179
47692	0.331736
47693	0.331682
47694	0.331627
47695	0.331572
47696	0.331517
47697	0.331462
47698	0.331406
47699	0.33135
47700	0.331294
47701	0.331237
47702	0.33118
47703	0.331122
47704	0.331065
47705	0.331007
47706	0.330949
47707	0.33089
47708	0.330831
47709	0.330772
47710	0.330712
47711	0.330653
47712	0.330592
47713	0.330532
47714	0.330471
47715	0.33041
47716	0.330349
47717	0.330287
47718	0.330225
47719	0.330163
47720	0.3301
47721	0.330037
47722	0.329974
47723	0.32991
47724	0.329846
47725	0.329782
47726	0.329718
47727	0.329653
47728	0.329588
47729	0.329522
47730	0.329456
47731	0.32939
47732	0.329324
47733	0.329257
47734	0.32919
47735	0.329123
47736	0.329055
47737	0.328987
47738	0.328919
47739	0.328851
47740	0.328782
47741	0.328713
47742	0.328643
47743	0.328573
47744	0.328503
47745	0.328433
47746	0.328362
47747	0.328291
47748	0.32822
47749	0.328148
47750	0.328076
47751	0.328004
47752	0.327931
47753	0.327858
47754	0.327785
47755	0.327712
47756	0.327638
47757	0.327564
47758	0.327489
47759	0.327414
47760	0.327339
47761	0.327264
47762	0.327188
47763	0.327112
47764	0.327036
47765	0.326959
47766	0.326883
47767	0.326805
47768	0.326728
47769	0.32665
47770	0.326572
47771	0.326493
47772	0.326415
47773	0.326336
47774	0.326256
47775	0.326177
47776	0.326097
47777	0.326016
47778	0.325936
47779	0.325855
47780	0.325774
47781	0.325692
47782	0.32561
47783	0.325528
47784	0.325446
47785	0.325363
47786	0.32528
47787	0.325196
47788	0.325113
47789	0.325029
47790	0.324945
47791	0.32486
47792	0.324775
47793	0.32469
47794	0.324604
47795	0.324518
47796	0.324432
47797	0.324346
47798	0.324259
47799	0.324172
47800	0.324085
47801	0.323997
47802	0.323909
47803	0.323821
47804	0.323732
47805	0.323643
47806	0.323554
47807	0.323465
47808	0.323375
47809	0.323285
47810	0.323194
47811	0.323104
47812	0.323013
47813	0.322921
47814	0.32283
47815	0.322738
47816	0.322646
47817	0.322553
47818	0.32246
47819	0.322367
47820	0.322274
47821	0.32218
47822	0.322086
47823	0.321992
47824	0.321897
47825	0.321802
47826	0.321707
47827	0.321611
47828	0.321515
47829	0.321419
47830	0.321323
47831	0.321226
47832	0.321129
47833	0.321031
47834	0.320934
47835	0.320836
47836	0.320737
47837	0.320639
47838	0.32054
47839	0.320441
47840	0.320341
47841	0.320241
47842	0.320141
47843	0.320041
47844	0.31994
47845	0.319839
47846	0.319738
47847	0.319636
47848	0.319534
47849	0.319432
47850	0.319329
47851	0.319226
47852	0.319123
47853	0.31902
47854	0.318916
47855	0.318812
47856	0.318708
47857	0.318603
47858	0.318498
47859	0.318393
47860	0.318287
47861	0.318182
47862	0.318075
47863	0.317969
47864	0.317862
47865	0.317755
47866	0.317648
47867	0.31754
47868	0.317432
47869	0.317324
47870	0.317215
47871	0.317107
47872	0.316997
47873	0.316888
47874	0.316778
47875	0.316668
47876	0.316558
47877	0.316447
47878	0.316336
47879	0.316225
47880	0.316114
47881	0.316002
47882	0.31589
47883	0.315777
47884	0.315665
47885	0.315551
47886	0.315438
47887	0.315325
47888	0.315211
47889	0.315096
47890	0.314982
47891	0.314867
47892	0.314752
47893	0.314637
47894	0.314521
47895	0.314405
47896	0.314289
47897	0.314172
47898	0.314055
47899	0.313938
47900	0.313821
47901	0.313703
47902	0.313585
47903	0.313466
47904	0.313348
47905	0.313229
47906	0.313109
47907	0.31299
47908	0.31287
47909	0.31275
47910	0.31263
47911	0.312509
47912	0.312388
47913	0.312266
47914	0.312145
47915	0.312023
47916	0.311901
47917	0.311778
47918	0.311655
47919	0.311532
47920	0.311409
47921	0.311285
47922	0.311161
47923	0.311037
47924	0.310913
47925	0.310788
47926	0.310663
47927	0.310537
47928	0.310411
47929	0.310285
47930	0.310159
47931	0.310033
47932	0.309906
47933	0.309778
47934	0.309651
47935	0.309523
47936	0.309395
47937	0.309267
47938	0.309138
47939	0.309009
47940	0.30888
47941	0.30875
47942	0.308621
47943	0.308491
47944	0.30836
47945	0.308229
47946	0.308099
47947	0.307967
47948	0.307836
47949	0.307704
47950	0.307572
47951	0.307439
47952	0.307307
47953	0.307174
47954	0.30704
47955	0.306907
47956	0.306773
47957	0.306639
47958	0.306504
47959	0.306369
47960	0.306234
47961	0.306099
47962	0.305964
47963	0.305828
47964	0.305691
47965	0.305555
47966	0.305418
47967	0.305281
47968	0.305144
47969	0.305006
47970	0.304868
47971	0.30473
47972	0.304592
47973	0.304453
47974	0.304314
47975	0.304174
47976	0.304035
47977	0.303895
47978	0.303755
47979	0.303614
47980	0.303473
47981	0.303332
47982	0.303191
47983	0.303049
47984	0.302908
47985	0.302765
47986	0.302623
47987	0.30248
47988	0.302337
47989	0.302194
47990	0.30205
47991	0.301906
47992	0.301762
47993	0.301617
47994	0.301473
47995	0.301328
47996	0.301182
47997	0.301037
47998	0.300891
47999	0.300745
48000	0.300598
48001	0.300451
48002	0.300304
48003	0.300157
48004	0.300009
48005	0.299862
48006	0.299713
48007	0.299565
48008	0.299416
48009	0.299267
48010	0.299118
48011	0.298968
48012	0.298818
48013	0.298668
48014	0.298518
48015	0.298367
48016	0.298216
48017	0.298065
48018	0.297913
48019	0.297762
48020	0.29761
48021	0.297457
48022	0.297305
48023	0.297152
48024	0.296998
48025	0.296845
48026	0.296691
48027	0.296537
48028	0.296383
48029	0.296228
48030	0.296073
48031	0.295918
48032	0.295763
48033	0.295607
48034	0.295451
48035	0.295295
48036	0.295138
48037	0.294981
48038	0.294824
48039	0.294667
48040	0.294509
48041	0.294351
48042	0.294193
48043	0.294034
48044	0.293876
48045	0.293717
48046	0.293557
48047	0.293398
48048	0.293238
48049	0.293078
48050	0.292917
48051	0.292756
48052	0.292595
48053	0.292434
48054	0.292273
48055	0.292111
48056	0.291949
48057	0.291786
48058	0.291624
48059	0.291461
48060	0.291298
48061	0.291134
48062	0.290971
48063	0.290807
48064	0.290642
48065	0.290478
48066	0.290313
48067	0.290148
48068	0.289982
48069	0.289817
48070	0.289651
48071	0.289485
48072	0.289318
48073	0.289152
48074	0.288985
48075	0.288817
48076	0.28865
48077	0.288482
48078	0.288314
48079	0.288146
48080	0.287977
48081	0.287808
48082	0.287639
48083	0.287469
48084	0.2873
48085	0.28713
48086	0.28696
48087	0.286789
48088	0.286618
48089	0.286447
48090	0.286276
48091	0.286104
48092	0.285933
48093	0.28576
48094	0.285588
48095	0.285415
48096	0.285242
48097	0.285069
48098	0.284896
48099	0.284722
48100	0.284548
48101	0.284374
48102	0.284199
48103	0.284024
48104	0.283849
48105	0.283674
48106	0.283499
48107	0.283323
48108	0.283147
48109	0.28297
48110	0.282793
48111	0.282617
48112	0.282439
48113	0.282262
48114	0.282084
48115	0.281906
48116	0.281728
48117	0.28155
48118	0.281371
48119	0.281192
48120	0.281012
48121	0.280833
48122	0.280653
48123	0.280473
48124	0.280293
48125	0.280112
48126	0.279931
48127	0.27975
48128	0.279569
48129	0.279387
48130	0.279205
48131	0.279023
48132	0.27884
48133	0.278658
48134	0.278475
48135	0.278291
48136	0.278108
48137	0.277924
48138	0.27774
48139	0.277556
48140	0.277371
48141	0.277187
48142	0.277002
48143	0.276816
48144	0.276631
48145	0.276445
48146	0.276259
48147	0.276072
48148	0.275886
48149	0.275699
48150	0.275512
48151	0.275324
48152	0.275137
48153	0.274949
48154	0.274761
48155	0.274572
48156	0.274384
48157	0.274195
48158	0.274006
48159	0.273816
48160	0.273626
48161	0.273436
48162	0.273246
48163	0.273056
48164	0.272865
48165	0.272674
48166	0.272483
48167	0.272291
48168	0.2721
48169	0.271908
48170	0.271715
48171	0.271523
48172	0.27133
48173	0.271137
48174	0.270944
48175	0.27075
48176	0.270557
48177	0.270363
48178	0.270168
48179	0.269974
48180	0.269779
48181	0.269584
48182	0.269389
48183	0.269193
48184	0.268997
48185	0.268801
48186	0.268605
48187	0.268408
48188	0.268212
48189	0.268015
48190	0.267817
48191	0.26762
48192	0.267422
48193	0.267224
48194	0.267026
48195	0.266827
48196	0.266628
48197	0.266429
48198	0.26623
48199	0.26603
48200	0.265831
48201	0.26563
48202	0.26543
48203	0.26523
48204	0.265029
48205	0.264828
48206	0.264627
48207	0.264425
48208	0.264223
48209	0.264021
48210	0.263819
48211	0.263616
48212	0.263414
48213	0.263211
48214	0.263007
48215	0.262804
48216	0.2626
48217	0.262396
48218	0.262192
48219	0.261987
48220	0.261783
48221	0.261578
48222	0.261372
48223	0.261167
48224	0.260961
48225	0.260755
48226	0.260549
48227	0.260343
48228	0.260136
48229	0.259929
48230	0.259722
48231	0.259514
48232	0.259307
48233	0.259099
48234	0.258891
48235	0.258682
48236	0.258474
48237	0.258265
48238	0.258056
48239	0.257846
48240	0.257637
48241	0.257427
48242	0.257217
48243	0.257007
48244	0.256796
48245	0.256585
48246	0.256374
48247	0.256163
48248	0.255951
48249	0.25574
48250	0.255528
48251	0.255315
48252	0.255103
48253	0.25489
48254	0.254677
48255	0.254464
48256	0.254251
48257	0.254037
48258	0.253823
48259	0.253609
48260	0.253395
48261	0.25318
48262	0.252965
48263	0.25275
48264	0.252535
48265	0.252319
48266	0.252103
48267	0.251887
48268	0.251671
48269	0.251455
48270	0.251238
48271	0.251021
48272	0.250804
48273	0.250586
48274	0.250369
48275	0.250151
48276	0.249933
48277	0.249714
48278	0.249496
48279	0.249277
48280	0.249058
48281	0.248838
48282	0.248619
48283	0.248399
48284	0.248179
48285	0.247959
48286	0.247738
48287	0.247518
48288	0.247297
48289	0.247076
48290	0.246854
48291	0.246633
48292	0.246411
48293	0.246189
48294	0.245966
48295	0.245744
48296	0.245521
48297	0.245298
48298	0.245075
48299	0.244851
48300	0.244628
48301	0.244404
48302	0.24418
48303	0.243955
48304	0.243731
48305	0.243506
48306	0.243281
48307	0.243055
48308	0.24283
48309	0.242604
48310	0.242378
48311	0.242152
48312	0.241926
48313	0.241699
48314	0.241472
48315	0.241245
48316	0.241018
48317	0.24079
48318	0.240562
48319	0.240334
48320	0.240106
48321	0.239878
48322	0.239649
48323	0.23942
48324	0.239191
48325	0.238962
48326	0.238732
48327	0.238502
48328	0.238272
48329	0.238042
48330	0.237812
48331	0.237581
48332	0.23735
48333	0.237119
48334	0.236888
48335	0.236656
48336	0.236424
48337	0.236192
48338	0.23596
48339	0.235728
48340	0.235495
48341	0.235262
48342	0.235029
48343	0.234796
48344	0.234562
48345	0.234328
48346	0.234095
48347	0.23386
48348	0.233626
48349	0.233391
48350	0.233156
48351	0.232921
48352	0.232686
48353	0.232451
48354	0.232215
48355	0.231979
48356	0.231743
48357	0.231506
48358	0.23127
48359	0.231033
48360	0.230796
48361	0.230559
48362	0.230321
48363	0.230084
48364	0.229846
48365	0.229608
48366	0.229369
48367	0.229131
48368	0.228892
48369	0.228653
48370	0.228414
48371	0.228175
48372	0.227935
48373	0.227695
48374	0.227455
48375	0.227215
48376	0.226975
48377	0.226734
48378	0.226493
48379	0.226252
48380	0.226011
48381	0.225769
48382	0.225527
48383	0.225285
48384	0.225043
48385	0.224801
48386	0.224558
48387	0.224316
48388	0.224073
48389	0.22383
48390	0.223586
48391	0.223343
48392	0.223099
48393	0.222855
48394	0.222611
48395	0.222366
48396	0.222121
48397	0.221877
48398	0.221632
48399	0.221386
48400	0.221141
48401	0.220895
48402	0.220649
48403	0.220403
48404	0.220157
48405	0.21991
48406	0.219664
48407	0.219417
48408	0.21917
48409	0.218922
48410	0.218675
48411	0.218427
48412	0.218179
48413	0.217931
48414	0.217683
48415	0.217434
48416	0.217186
48417	0.216937
48418	0.216687
48419	0.216438
48420	0.216189
48421	0.215939
48422	0.215689
48423	0.215439
48424	0.215188
48425	0.214938
48426	0.214687
48427	0.214436
48428	0.214185
48429	0.213934
48430	0.213682
48431	0.21343
48432	0.213178
48433	0.212926
48434	0.212674
48435	0.212421
48436	0.212168
48437	0.211915
48438	0.211662
48439	0.211409
48440	0.211155
48441	0.210902
48442	0.210648
48443	0.210394
48444	0.210139
48445	0.209885
48446	0.20963
48447	0.209375
48448	0.20912
48449	0.208865
48450	0.208609
48451	0.208353
48452	0.208098
48453	0.207842
48454	0.207585
48455	0.207329
48456	0.207072
48457	0.206815
48458	0.206558
48459	0.206301
48460	0.206043
48461	0.205786
48462	0.205528
48463	0.20527
48464	0.205012
48465	0.204753
48466	0.204495
48467	0.204236
48468	0.203977
48469	0.203718
48470	0.203459
48471	0.203199
48472	0.202939
48473	0.202679
48474	0.202419
48475	0.202159
48476	0.201898
48477	0.201638
48478	0.201377
48479	0.201116
48480	0.200855
48481	0.200593
48482	0.200331
48483	0.20007
48484	0.199808
48485	0.199545
48486	0.199283
48487	0.199021
48488	0.198758
48489	0.198495
48490	0.198232
48491	0.197969
48492	0.197705
48493	0.197441
48494	0.197178
48495	0.196913
48496	0.196649
48497	0.196385
48498	0.19612
48499	0.195855
48500	0.195591
48501	0.195325
48502	0.19506
48503	0.194795
48504	0.194529
48505	0.194263
48506	0.193997
48507	0.193731
48508	0.193464
48509	0.193198
48510	0.192931
48511	0.192664
48512	0.192397
48513	0.19213
48514	0.191862
48515	0.191594
48516	0.191327
48517	0.191059
48518	0.19079
48519	0.190522
48520	0.190253
48521	0.189985
48522	0.189716
48523	0.189447
48524	0.189177
48525	0.188908
48526	0.188638
48527	0.188369
48528	0.188099
48529	0.187828
48530	0.187558
48531	0.187288
48532	0.187017
48533	0.186746
48534	0.186475
48535	0.186204
48536	0.185932
48537	0.185661
48538	0.185389
48539	0.185117
48540	0.184845
48541	0.184573
48542	0.1843
48543	0.184028
48544	0.183755
48545	0.183482
48546	0.183209
48547	0.182936
48548	0.182662
48549	0.182389
48550	0.182115
48551	0.181841
48552	0.181567
48553	0.181293
48554	0.181018
48555	0.180743
48556	0.180469
48557	0.180194
48558	0.179918
48559	0.179643
48560	0.179368
48561	0.179092
48562	0.178816
48563	0.17854
48564	0.178264
48565	0.177988
48566	0.177711
48567	0.177435
48568	0.177158
48569	0.176881
48570	0.176604
48571	0.176326
48572	0.176049
48573	0.175771
48574	0.175493
48575	0.175215
48576	0.174937
48577	0.174659
48578	0.17438
48579	0.174102
48580	0.173823
48581	0.173544
48582	0.173265
48583	0.172986
48584	0.172706
48585	0.172426
48586	0.172147
48587	0.171867
48588	0.171587
48589	0.171306
48590	0.171026
48591	0.170745
48592	0.170465
48593	0.170184
48594	0.169903
48595	0.169621
48596	0.16934
48597	0.169059
48598	0.168777
48599	0.168495
48600	0.168213
48601	0.167931
48602	0.167648
48603	0.167366
48604	0.167083
48605	0.1668
48606	0.166518
48607	0.166234
48608	0.165951
48609	0.165668
48610	0.165384
48611	0.1651
48612	0.164816
48613	0.164532
48614	0.164248
48615	0.163964
48616	0.163679
48617	0.163395
48618	0.16311
48619	0.162825
48620	0.16254
48621	0.162254
48622	0.161969
48623	0.161683
48624	0.161398
48625	0.161112
48626	0.160826
48627	0.16054
48628	0.160253
48629	0.159967
48630	0.15968
48631	0.159393
48632	0.159106
48633	0.158819
48634	0.158532
48635	0.158245
48636	0.157957
48637	0.157669
48638	0.157381
48639	0.157093
48640	0.156805
48641	0.156517
48642	0.156229
48643	0.15594
48644	0.155651
48645	0.155362
48646	0.155073
48647	0.154784
48648	0.154495
48649	0.154205
48650	0.153916
48651	0.153626
48652	0.153336
48653	0.153046
48654	0.152756
48655	0.152466
48656	0.152175
48657	0.151885
48658	0.151594
48659	0.151303
48660	0.151012
48661	0.150721
48662	0.150429
48663	0.150138
48664	0.149846
48665	0.149554
48666	0.149263
48667	0.14897
48668	0.148678
48669	0.148386
48670	0.148094
48671	0.147801
48672	0.147508
48673	0.147215
48674	0.146922
48675	0.146629
48676	0.146336
48677	0.146042
48678	0.145749
48679	0.145455
48680	0.145161
48681	0.144867
48682	0.144573
48683	0.144279
48684	0.143984
48685	0.14369
48686	0.143395
48687	0.1431
48688	0.142805
48689	0.14251
48690	0.142215
48691	0.14192
48692	0.141624
48693	0.141329
48694	0.141033
48695	0.140737
48696	0.140441
48697	0.140145
48698	0.139849
48699	0.139552
48700	0.139256
48701	0.138959
48702	0.138662
48703	0.138365
48704	0.138068
48705	0.137771
48706	0.137474
48707	0.137176
48708	0.136878
48709	0.136581
48710	0.136283
48711	0.135985
48712	0.135687
48713	0.135388
48714	0.13509
48715	0.134792
48716	0.134493
48717	0.134194
48718	0.133895
48719	0.133596
48720	0.133297
48721	0.132998
48722	0.132698
48723	0.132399
48724	0.132099
48725	0.131799
48726	0.1315
48727	0.1312
48728	0.130899
48729	0.130599
48730	0.130299
48731	0.129998
48732	0.129697
48733	0.129397
48734	0.129096
48735	0.128795
48736	0.128494
48737	0.128192
48738	0.127891
48739	0.127589
48740	0.127288
48741	0.126986
48742	0.126684
48743	0.126382
48744	0.12608
48745	0.125778
48746	0.125475
48747	0.125173
48748	0.12487
48749	0.124568
48750	0.124265
48751	0.123962
48752	0.123659
48753	0.123356
48754	0.123052
48755	0.122749
48756	0.122445
48757	0.122142
48758	0.121838
48759	0.121534
48760	0.12123
48761	0.120926
48762	0.120622
48763	0.120317
48764	0.120013
48765	0.119708
48766	0.119403
48767	0.119099
48768	0.118794
48769	0.118489
48770	0.118184
48771	0.117878
48772	0.117573
48773	0.117267
48774	0.116962
48775	0.116656
48776	0.11635
48777	0.116044
48778	0.115738
48779	0.115432
48780	0.115126
48781	0.114819
48782	0.114513
48783	0.114206
48784	0.113899
48785	0.113593
48786	0.113286
48787	0.112979
48788	0.112671
48789	0.112364
48790	0.112057
48791	0.111749
48792	0.111442
48793	0.111134
48794	0.110826
48795	0.110518
48796	0.11021
48797	0.109902
48798	0.109594
48799	0.109286
48800	0.108977
48801	0.108669
48802	0.10836
48803	0.108051
48804	0.107742
48805	0.107433
48806	0.107124
48807	0.106815
48808	0.106506
48809	0.106197
48810	0.105887
48811	0.105577
48812	0.105268
48813	0.104958
48814	0.104648
48815	0.104338
48816	0.104028
48817	0.103718
48818	0.103408
48819	0.103097
48820	0.102787
48821	0.102476
48822	0.102165
48823	0.101855
48824	0.101544
48825	0.101233
48826	0.100922
48827	0.10061
48828	0.100299
48829	0.0999878
48830	0.0996763
48831	0.0993648
48832	0.0990531
48833	0.0987413
48834	0.0984295
48835	0.0981175
48836	0.0978055
48837	0.0974933
48838	0.0971811
48839	0.0968688
48840	0.0965563
48841	0.0962438
48842	0.0959312
48843	0.0956185
48844	0.0953057
48845	0.0949928
48846	0.0946798
48847	0.0943667
48848	0.0940536
48849	0.0937403
48850	0.093427
48851	0.0931135
48852	0.0928
48853	0.0924864
48854	0.0921727
48855	0.0918588
48856	0.091545
48857	0.091231
48858	0.0909169
48859	0.0906027
48860	0.0902885
48861	0.0899742
48862	0.0896597
48863	0.0893452
48864	0.0890306
48865	0.0887159
48866	0.0884012
48867	0.0880863
48868	0.0877714
48869	0.0874563
48870	0.0871412
48871	0.086826
48872	0.0865107
48873	0.0861953
48874	0.0858799
48875	0.0855643
48876	0.0852487
48877	0.084933
48878	0.0846172
48879	0.0843013
48880	0.0839854
48881	0.0836693
48882	0.0833532
48883	0.083037
48884	0.0827207
48885	0.0824044
48886	0.0820879
48887	0.0817714
48888	0.0814548
48889	0.0811381
48890	0.0808213
48891	0.0805045
48892	0.0801875
48893	0.0798705
48894	0.0795535
48895	0.0792363
48896	0.078919
48897	0.0786017
48898	0.0782843
48899	0.0779669
48900	0.0776493
48901	0.0773317
48902	0.077014
48903	0.0766962
48904	0.0763783
48905	0.0760604
48906	0.0757424
48907	0.0754243
48908	0.0751062
48909	0.0747879
48910	0.0744696
48911	0.0741512
48912	0.0738328
48913	0.0735143
48914	0.0731957
48915	0.072877
48916	0.0725582
48917	0.0722394
48918	0.0719205
48919	0.0716016
48920	0.0712826
48921	0.0709635
48922	0.0706443
48923	0.070325
48924	0.0700057
48925	0.0696863
48926	0.0693669
48927	0.0690474
48928	0.0687278
48929	0.0684081
48930	0.0680884
48931	0.0677686
48932	0.0674487
48933	0.0671288
48934	0.0668088
48935	0.0664888
48936	0.0661686
48937	0.0658484
48938	0.0655282
48939	0.0652078
48940	0.0648874
48941	0.064567
48942	0.0642465
48943	0.0639259
48944	0.0636052
48945	0.0632845
48946	0.0629637
48947	0.0626429
48948	0.062322
48949	0.062001
48950	0.06168
48951	0.0613589
48952	0.0610377
48953	0.0607165
48954	0.0603952
48955	0.0600739
48956	0.0597525
48957	0.0594311
48958	0.0591095
48959	0.058788
48960	0.0584663
48961	0.0581446
48962	0.0578229
48963	0.057501
48964	0.0571792
48965	0.0568572
48966	0.0565353
48967	0.0562132
48968	0.0558911
48969	0.0555689
48970	0.0552467
48971	0.0549245
48972	0.0546021
48973	0.0542797
48974	0.0539573
48975	0.0536348
48976	0.0533123
48977	0.0529896
48978	0.052667
48979	0.0523443
48980	0.0520215
48981	0.0516987
48982	0.0513758
48983	0.0510529
48984	0.0507299
48985	0.0504069
48986	0.0500838
48987	0.0497607
48988	0.0494375
48989	0.0491142
48990	0.048791
48991	0.0484676
48992	0.0481442
48993	0.0478208
48994	0.0474973
48995	0.0471738
48996	0.0468502
48997	0.0465266
48998	0.0462029
48999	0.0458792
49000	0.0455554
49001	0.0452316
49002	0.0449077
49003	0.0445838
49004	0.0442598
49005	0.0439358
49006	0.0436117
49007	0.0432876
49008	0.0429635
49009	0.0426393
49010	0.0423151
49011	0.0419908
49012	0.0416665
49013	0.0413421
49014	0.0410177
49015	0.0406932
49016	0.0403687
49017	0.0400442
49018	0.0397196
49019	0.039395
49020	0.0390703
49021	0.0387456
49022	0.0384209
49023	0.0380961
49024	0.0377713
49025	0.0374464
49026	0.0371215
49027	0.0367965
49028	0.0364715
49029	0.0361465
49030	0.0358215
49031	0.0354964
49032	0.0351712
49033	0.034846
49034	0.0345208
49035	0.0341956
49036	0.0338703
49037	0.0335449
49038	0.0332196
49039	0.0328942
49040	0.0325687
49041	0.0322433
49042	0.0319178
49043	0.0315922
49044	0.0312667
49045	0.030941
49046	0.0306154
49047	0.0302897
49048	0.029964
49049	0.0296383
49050	0.0293125
49051	0.0289867
49052	0.0286609
49053	0.028335
49054	0.0280091
49055	0.0276832
49056	0.0273572
49057	0.0270312
49058	0.0267052
49059	0.0263791
49060	0.026053
49061	0.0257269
49062	0.0254008
49063	0.0250746
49064	0.0247484
49065	0.0244222
49066	0.024096
49067	0.0237697
49068	0.0234434
49069	0.023117
49070	0.0227907
49071	0.0224643
49072	0.0221379
49073	0.0218114
49074	0.021485
49075	0.0211585
49076	0.020832
49077	0.0205054
49078	0.0201789
49079	0.0198523
49080	0.0195257
49081	0.019199
49082	0.0188724
49083	0.0185457
49084	0.018219
49085	0.0178923
49086	0.0175656
49087	0.0172388
49088	0.016912
49089	0.0165852
49090	0.0162584
49091	0.0159315
49092	0.0156047
49093	0.0152778
49094	0.0149509
49095	0.014624
49096	0.014297
49097	0.0139701
49098	0.0136431
49099	0.0133161
49100	0.0129891
49101	0.0126621
49102	0.012335
49103	0.012008
49104	0.0116809
49105	0.0113538
49106	0.0110267
49107	0.0106996
49108	0.0103724
49109	0.0100453
49110	0.00971811
49111	0.00939093
49112	0.00906374
49113	0.00873653
49114	0.00840931
49115	0.00808208
49116	0.00775484
49117	0.00742758
49118	0.00710032
49119	0.00677304
49120	0.00644575
49121	0.00611845
49122	0.00579114
49123	0.00546382
49124	0.00513649
49125	0.00480915
49126	0.00448181
49127	0.00415445
49128	0.00382708
49129	0.00349971
49130	0.00317233
49131	0.00284494
49132	0.00251754
49133	0.00219014
49134	0.00186273
49135	0.00153532
49136	0.00120789
49137	0.000880466
49138	0.000553033
49139	0.000225595
49140	-0.000101848
49141	-0.000429295
49142	-0.000756747
49143	-0.0010842
49144	-0.00141166
49145	-0.00173912
49146	-0.00206659
49147	-0.00239405
49148	-0.00272152
49149	-0.00304899
49150	-0.00337647
49151	-0.00370394
49152	-0.00403142
49153	-0.00435889
49154	-0.00468637
49155	-0.00501385
49156	-0.00534132
49157	-0.0056688
49158	-0.00599627
49159	-0.00632374
49160	-0.00665122
49161	-0.00697869
49162	-0.00730615
49163	-0.00763362
49164	-0.00796108
49165	-0.00828854
49166	-0.008616
49167	-0.00894345
49168	-0.0092709
49169	-0.00959834
49170	-0.00992578
49171	-0.0102532
49172	-0.0105806
49173	-0.0109081
49174	-0.0112355
49175	-0.0115629
49176	-0.0118903
49177	-0.0122177
49178	-0.0125451
49179	-0.0128725
49180	-0.0131998
49181	-0.0135272
49182	-0.0138546
49183	-0.0141819
49184	-0.0145093
49185	-0.0148366
49186	-0.0151639
49187	-0.0154912
49188	-0.0158185
49189	-0.0161458
49190	-0.0164731
49191	-0.0168004
49192	-0.0171276
49193	-0.0174549
49194	-0.0177821
49195	-0.0181093
49196	-0.0184365
49197	-0.0187637
49198	-0.0190909
49199	-0.0194181
49200	-0.0197452
49201	-0.0200724
49202	-0.0203995
49203	-0.0207266
49204	-0.0210537
49205	-0.0213808
49206	-0.0217078
49207	-0.0220349
49208	-0.0223619
49209	-0.0226889
49210	-0.0230159
49211	-0.0233429
49212	-0.0236699
49213	-0.0239968
49214	-0.0243237
49215	-0.0246506
49216	-0.0249775
49217	-0.0253044
49218	-0.0256312
49219	-0.025958
49220	-0.0262849
49221	-0.0266116
49222	-0.0269384
49223	-0.0272651
49224	-0.0275919
49225	-0.0279186
49226	-0.0282452
49227	-0.0285719
49228	-0.0288985
49229	-0.0292251
49230	-0.0295517
49231	-0.0298783
49232	-0.0302048
49233	-0.0305313
49234	-0.0308578
49235	-0.0311843
49236	-0.0315107
49237	-0.0318371
49238	-0.0321635
49239	-0.0324899
49240	-0.0328162
49241	-0.0331425
49242	-0.0334688
49243	-0.033795
49244	-0.0341212
49245	-0.0344474
49246	-0.0347736
49247	-0.0350997
49248	-0.0354258
49249	-0.0357519
49250	-0.036078
49251	-0.036404
49252	-0.03673
49253	-0.0370559
49254	-0.0373819
49255	-0.0377077
49256	-0.0380336
49257	-0.0383594
49258	-0.0386852
49259	-0.039011
49260	-0.0393367
49261	-0.0396624
49262	-0.0399881
49263	-0.0403137
49264	-0.0406393
49265	-0.0409649
49266	-0.0412904
49267	-0.0416159
49268	-0.0419414
49269	-0.0422668
49270	-0.0425922
49271	-0.0429175
49272	-0.0432428
49273	-0.0435681
49274	-0.0438933
49275	-0.0442185
49276	-0.0445437
49277	-0.0448688
49278	-0.0451939
49279	-0.045519
49280	-0.045844
49281	-0.0461689
49282	-0.0464939
49283	-0.0468187
49284	-0.0471436
49285	-0.0474684
49286	-0.0477932
49287	-0.0481179
49288	-0.0484426
49289	-0.0487672
49290	-0.0490918
49291	-0.0494163
49292	-0.0497409
49293	-0.0500653
49294	-0.0503897
49295	-0.0507141
49296	-0.0510385
49297	-0.0513628
49298	-0.051687
49299	-0.0520112
49300	-0.0523354
49301	-0.0526595
49302	-0.0529835
49303	-0.0533075
49304	-0.0536315
49305	-0.0539554
49306	-0.0542793
49307	-0.0546031
49308	-0.0549269
49309	-0.0552507
49310	-0.0555743
49311	-0.055898
49312	-0.0562216
49313	-0.0565451
49314	-0.0568686
49315	-0.057192
49316	-0.0575154
49317	-0.0578387
49318	-0.058162
49319	-0.0584852
49320	-0.0588084
49321	-0.0591315
49322	-0.0594546
49323	-0.0597776
49324	-0.0601006
49325	-0.0604235
49326	-0.0607464
49327	-0.0610692
49328	-0.0613919
49329	-0.0617146
49330	-0.0620373
49331	-0.0623599
49332	-0.0626824
49333	-0.0630049
49334	-0.0633273
49335	-0.0636497
49336	-0.063972
49337	-0.0642942
49338	-0.0646164
49339	-0.0649386
49340	-0.0652606
49341	-0.0655827
49342	-0.0659046
49343	-0.0662265
49344	-0.0665484
49345	-0.0668701
49346	-0.0671919
49347	-0.0675135
49348	-0.0678351
49349	-0.0681567
49350	-0.0684782
49351	-0.0687996
49352	-0.0691209
49353	-0.0694422
49354	-0.0697635
49355	-0.0700846
49356	-0.0704057
49357	-0.0707268
49358	-0.0710478
49359	-0.0713687
49360	-0.0716895
49361	-0.0720103
49362	-0.072331
49363	-0.0726517
49364	-0.0729723
49365	-0.0732928
49366	-0.0736133
49367	-0.0739337
49368	-0.074254
49369	-0.0745743
49370	-0.0748944
49371	-0.0752146
49372	-0.0755346
49373	-0.0758546
49374	-0.0761745
49375	-0.0764944
49376	-0.0768142
49377	-0.0771339
49378	-0.0774535
49379	-0.0777731
49380	-0.0780926
49381	-0.078412
49382	-0.0787314
49383	-0.0790507
49384	-0.0793699
49385	-0.079689
49386	-0.0800081
49387	-0.0803271
49388	-0.080646
49389	-0.0809649
49390	-0.0812837
49391	-0.0816024
49392	-0.081921
49393	-0.0822396
49394	-0.082558
49395	-0.0828764
49396	-0.0831948
49397	-0.083513
49398	-0.0838312
49399	-0.0841493
49400	-0.0844673
49401	-0.0847853
49402	-0.0851032
49403	-0.085421
49404	-0.0857387
49405	-0.0860563
49406	-0.0863739
49407	-0.0866914
49408	-0.0870088
49409	-0.0873261
49410	-0.0876433
49411	-0.0879605
49412	-0.0882776
49413	-0.0885946
49414	-0.0889115
49415	-0.0892283
49416	-0.0895451
49417	-0.0898618
49418	-0.0901784
49419	-0.0904949
49420	-0.0908113
49421	-0.0911276
49422	-0.0914439
49423	-0.0917601
49424	-0.0920762
49425	-0.0923922
49426	-0.0927081
49427	-0.0930239
49428	-0.0933397
49429	-0.0936554
49430	-0.0939709
49431	-0.0942864
49432	-0.0946018
49433	-0.0949172
49434	-0.0952324
49435	-0.0955475
49436	-0.0958626
49437	-0.0961776
49438	-0.0964925
49439	-0.0968072
49440	-0.097122
49441	-0.0974366
49442	-0.0977511
49443	-0.0980655
49444	-0.0983799
49445	-0.0986941
49446	-0.0990083
49447	-0.0993224
49448	-0.0996363
49449	-0.0999502
49450	-0.100264
49451	-0.100578
49452	-0.100891
49453	-0.101205
49454	-0.101518
49455	-0.101832
49456	-0.102145
49457	-0.102458
49458	-0.102771
49459	-0.103084
49460	-0.103397
49461	-0.10371
49462	-0.104022
49463	-0.104335
49464	-0.104647
49465	-0.10496
49466	-0.105272
49467	-0.105584
49468	-0.105896
49469	-0.106208
49470	-0.10652
49471	-0.106832
49472	-0.107144
49473	-0.107455
49474	-0.107767
49475	-0.108078
49476	-0.108389
49477	-0.108701
49478	-0.109012
49479	-0.109323
49480	-0.109634
49481	-0.109944
49482	-0.110255
49483	-0.110566
49484	-0.110876
49485	-0.111186
49486	-0.111497
49487	-0.111807
49488	-0.112117
49489	-0.112427
49490	-0.112737
49491	-0.113046
49492	-0.113356
49493	-0.113666
49494	-0.113975
49495	-0.114284
49496	-0.114594
49497	-0.114903
49498	-0.115212
49499	-0.115521
49500	-0.115829
49501	-0.116138
49502	-0.116447
49503	-0.116755
49504	-0.117064
49505	-0.117372
49506	-0.11768
49507	-0.117988
49508	-0.118296
49509	-0.118604
49510	-0.118911
49511	-0.119219
49512	-0.119526
49513	-0.119834
49514	-0.120141
49515	-0.120448
49516	-0.120755
49517	-0.121062
49518	-0.121369
49519	-0.121676
49520	-0.121982
49521	-0.122289
49522	-0.122595
49523	-0.122901
49524	-0.123207
49525	-0.123513
49526	-0.123819
49527	-0.124125
49528	-0.124431
49529	-0.124736
49530	-0.125042
49531	-0.125347
49532	-0.125652
49533	-0.125957
49534	-0.126262
49535	-0.126567
49536	-0.126872
49537	-0.127176
49538	-0.127481
49539	-0.127785
49540	-0.128089
49541	-0.128394
49542	-0.128698
49543	-0.129001
49544	-0.129305
49545	-0.129609
49546	-0.129912
49547	-0.130216
49548	-0.130519
49549	-0.130822
49550	-0.131125
49551	-0.131428
49552	-0.131731
49553	-0.132033
49554	-0.132336
49555	-0.132638
49556	-0.132941
49557	-0.133243
49558	-0.133545
49559	-0.133847
49560	-0.134149
49561	-0.13445
49562	-0.134752
49563	-0.135053
49564	-0.135354
49565	-0.135656
49566	-0.135957
49567	-0.136257
49568	-0.136558
49569	-0.136859
49570	-0.137159
49571	-0.13746
49572	-0.13776
49573	-0.13806
49574	-0.13836
49575	-0.13866
49576	-0.13896
49577	-0.139259
49578	-0.139559
49579	-0.139858
49580	-0.140157
49581	-0.140456
49582	-0.140755
49583	-0.141054
49584	-0.141353
49585	-0.141651
49586	-0.14195
49587	-0.142248
49588	-0.142546
49589	-0.142844
49590	-0.143142
49591	-0.14344
49592	-0.143737
49593	-0.144035
49594	-0.144332
49595	-0.144629
49596	-0.144926
49597	-0.145223
49598	-0.14552
49599	-0.145816
49600	-0.146113
49601	-0.146409
49602	-0.146705
49603	-0.147002
49604	-0.147297
49605	-0.147593
49606	-0.147889
49607	-0.148184
49608	-0.14848
49609	-0.148775
49610	-0.14907
49611	-0.149365
49612	-0.14966
49613	-0.149955
49614	-0.150249
49615	-0.150544
49616	-0.150838
49617	-0.151132
49618	-0.151426
49619	-0.15172
49620	-0.152013
49621	-0.152307
49622	-0.1526
49623	-0.152894
49624	-0.153187
49625	-0.15348
49626	-0.153772
49627	-0.154065
49628	-0.154358
49629	-0.15465
49630	-0.154942
49631	-0.155234
49632	-0.155526
49633	-0.155818
49634	-0.15611
49635	-0.156401
49636	-0.156692
49637	-0.156984
49638	-0.157275
49639	-0.157565
49640	-0.157856
49641	-0.158147
49642	-0.158437
49643	-0.158728
49644	-0.159018
49645	-0.159308
49646	-0.159597
49647	-0.159887
49648	-0.160177
49649	-0.160466
49650	-0.160755
49651	-0.161044
49652	-0.161333
49653	-0.161622
49654	-0.161911
49655	-0.162199
49656	-0.162487
49657	-0.162776
49658	-0.163064
49659	-0.163351
49660	-0.163639
49661	-0.163927
49662	-0.164214
49663	-0.164501
49664	-0.164788
49665	-0.165075
49666	-0.165362
49667	-0.165649
49668	-0.165935
49669	-0.166221
49670	-0.166507
49671	-0.166793
49672	-0.167079
49673	-0.167365
49674	-0.16765
49675	-0.167936
49676	-0.168221
49677	-0.168506
49678	-0.168791
49679	-0.169075
49680	-0.16936
49681	-0.169644
49682	-0.169928
49683	-0.170212
49684	-0.170496
49685	-0.17078
49686	-0.171063
49687	-0.171347
49688	-0.17163
49689	-0.171913
49690	-0.172196
49691	-0.172479
49692	-0.172761
49693	-0.173044
49694	-0.173326
49695	-0.173608
49696	-0.17389
49697	-0.174172
49698	-0.174453
49699	-0.174735
49700	-0.175016
49701	-0.175297
49702	-0.175578
49703	-0.175859
49704	-0.176139
49705	-0.17642
49706	-0.1767
49707	-0.17698
49708	-0.17726
49709	-0.177539
49710	-0.177819
49711	-0.178098
49712	-0.178378
49713	-0.178657
49714	-0.178936
49715	-0.179214
49716	-0.179493
49717	-0.179771
49718	-0.180049
49719	-0.180327
49720	-0.180605
49721	-0.180883
49722	-0.18116
49723	-0.181438
49724	-0.181715
49725	-0.181992
49726	-0.182269
49727	-0.182545
49728	-0.182822
49729	-0.183098
49730	-0.183374
49731	-0.18365
49732	-0.183926
49733	-0.184201
49734	-0.184477
49735	-0.184752
49736	-0.185027
49737	-0.185302
49738	-0.185577
49739	-0.185851
49740	-0.186125
49741	-0.1864
49742	-0.186674
49743	-0.186947
49744	-0.187221
49745	-0.187494
49746	-0.187768
49747	-0.188041
49748	-0.188314
49749	-0.188586
49750	-0.188859
49751	-0.189131
49752	-0.189404
49753	-0.189676
49754	-0.189947
49755	-0.190219
49756	-0.190491
49757	-0.190762
49758	-0.191033
49759	-0.191304
49760	-0.191575
49761	-0.191845
49762	-0.192115
49763	-0.192386
49764	-0.192656
49765	-0.192925
49766	-0.193195
49767	-0.193464
49768	-0.193734
49769	-0.194003
49770	-0.194272
49771	-0.19454
49772	-0.194809
49773	-0.195077
49774	-0.195345
49775	-0.195613
49776	-0.195881
49777	-0.196149
49778	-0.196416
49779	-0.196683
49780	-0.19695
49781	-0.197217
49782	-0.197484
49783	-0.19775
49784	-0.198016
49785	-0.198282
49786	-0.198548
49787	-0.198814
49788	-0.19908
49789	-0.199345
49790	-0.19961
49791	-0.199875
49792	-0.20014
49793	-0.200404
49794	-0.200668
49795	-0.200933
49796	-0.201197
49797	-0.20146
49798	-0.201724
49799	-0.201987
49800	-0.20225
49801	-0.202513
49802	-0.202776
49803	-0.203039
49804	-0.203301
49805	-0.203563
49806	-0.203825
49807	-0.204087
49808	-0.204349
49809	-0.20461
49810	-0.204872
49811	-0.205133
49812	-0.205393
49813	-0.205654
49814	-0.205915
49815	-0.206175
49816	-0.206435
49817	-0.206695
49818	-0.206954
49819	-0.207214
49820	-0.207473
49821	-0.207732
49822	-0.207991
49823	-0.20825
49824	-0.208508
49825	-0.208766
49826	-0.209024
49827	-0.209282
49828	-0.20954
49829	-0.209797
49830	-0.210055
49831	-0.210312
49832	-0.210568
49833	-0.210825
49834	-0.211082
49835	-0.211338
49836	-0.211594
49837	-0.21185
49838	-0.212105
49839	-0.212361
49840	-0.212616
49841	-0.212871
49842	-0.213126
49843	-0.21338
49844	-0.213635
49845	-0.213889
49846	-0.214143
49847	-0.214397
49848	-0.21465
49849	-0.214904
49850	-0.215157
49851	-0.21541
49852	-0.215663
49853	-0.215915
49854	-0.216167
49855	-0.21642
49856	-0.216672
49857	-0.216923
49858	-0.217175
49859	-0.217426
49860	-0.217677
49861	-0.217928
49862	-0.218179
49863	-0.218429
49864	-0.218679
49865	-0.218929
49866	-0.219179
49867	-0.219429
49868	-0.219678
49869	-0.219927
49870	-0.220176
49871	-0.220425
49872	-0.220674
49873	-0.220922
49874	-0.22117
49875	-0.221418
49876	-0.221666
49877	-0.221913
49878	-0.222161
49879	-0.222408
49880	-0.222654
49881	-0.222901
49882	-0.223148
49883	-0.223394
49884	-0.22364
49885	-0.223886
49886	-0.224131
49887	-0.224376
49888	-0.224622
49889	-0.224866
49890	-0.225111
49891	-0.225356
49892	-0.2256
49893	-0.225844
49894	-0.226088
49895	-0.226331
49896	-0.226575
49897	-0.226818
49898	-0.227061
49899	-0.227304
49900	-0.227546
49901	-0.227788
49902	-0.22803
49903	-0.228272
49904	-0.228514
49905	-0.228755
49906	-0.228997
49907	-0.229238
49908	-0.229478
49909	-0.229719
49910	-0.229959
49911	-0.230199
49912	-0.230439
49913	-0.230679
49914	-0.230918
49915	-0.231157
49916	-0.231396
49917	-0.231635
49918	-0.231874
49919	-0.232112
49920	-0.23235
49921	-0.232588
49922	-0.232826
49923	-0.233063
49924	-0.2333
49925	-0.233537
49926	-0.233774
49927	-0.23401
49928	-0.234247
49929	-0.234483
49930	-0.234719
49931	-0.234954
49932	-0.23519
49933	-0.235425
49934	-0.23566
49935	-0.235894
49936	-0.236129
49937	-0.236363
49938	-0.236597
49939	-0.236831
49940	-0.237064
49941	-0.237298
49942	-0.237531
49943	-0.237764
49944	-0.237996
49945	-0.238229
49946	-0.238461
49947	-0.238693
49948	-0.238925
49949	-0.239156
49950	-0.239387
49951	-0.239618
49952	-0.239849
49953	-0.24008
49954	-0.24031
49955	-0.24054
49956	-0.24077
49957	-0.241
49958	-0.241229
49959	-0.241458
49960	-0.241687
49961	-0.241916
49962	-0.242144
49963	-0.242373
49964	-0.242601
49965	-0.242828
49966	-0.243056
49967	-0.243283
49968	-0.24351
49969	-0.243737
49970	-0.243964
49971	-0.24419
49972	-0.244416
49973	-0.244642
49974	-0.244868
49975	-0.245093
49976	-0.245318
49977	-0.245543
49978	-0.245768
49979	-0.245993
49980	-0.246217
49981	-0.246441
49982	-0.246665
49983	-0.246888
49984	-0.247111
49985	-0.247334
49986	-0.247557
49987	-0.24778
49988	-0.248002
49989	-0.248224
49990	-0.248446
49991	-0.248668
49992	-0.248889
49993	-0.24911
49994	-0.249331
49995	-0.249552
49996	-0.249772
49997	-0.249992
49998	-0.250212
49999	-0.250432
50000	-0.250651
50001	-0.25087
50002	-0.251089
50003	-0.251308
50004	-0.251527
50005	-0.251745
50006	-0.251963
50007	-0.252181
50008	-0.252398
50009	-0.252615
50010	-0.252832
50011	-0.253049
50012	-0.253266
50013	-0.253482
50014	-0.253698
50015	-0.253914
50016	-0.254129
50017	-0.254345
50018	-0.25456
50019	-0.254774
50020	-0.254989
50021	-0.255203
50022	-0.255417
50023	-0.255631
50024	-0.255845
50025	-0.256058
50026	-0.256271
50027	-0.256484
50028	-0.256697
50029	-0.256909
50030	-0.257121
50031	-0.257333
50032	-0.257545
50033	-0.257756
50034	-0.257967
50035	-0.258178
50036	-0.258388
50037	-0.258599
50038	-0.258809
50039	-0.259019
50040	-0.259228
50041	-0.259438
50042	-0.259647
50043	-0.259856
50044	-0.260064
50045	-0.260273
50046	-0.260481
50047	-0.260689
50048	-0.260896
50049	-0.261104
50050	-0.261311
50051	-0.261518
50052	-0.261724
50053	-0.26193
50054	-0.262137
50055	-0.262342
50056	-0.262548
50057	-0.262753
50058	-0.262958
50059	-0.263163
50060	-0.263368
50061	-0.263572
50062	-0.263776
50063	-0.26398
50064	-0.264183
50065	-0.264387
50066	-0.26459
50067	-0.264793
50068	-0.264995
50069	-0.265197
50070	-0.265399
50071	-0.265601
50072	-0.265803
50073	-0.266004
50074	-0.266205
50075	-0.266406
50076	-0.266606
50077	-0.266806
50078	-0.267006
50079	-0.267206
50080	-0.267406
50081	-0.267605
50082	-0.267804
50083	-0.268002
50084	-0.268201
50085	-0.268399
50086	-0.268597
50087	-0.268794
50088	-0.268992
50089	-0.269189
50090	-0.269386
50091	-0.269582
50092	-0.269779
50093	-0.269975
50094	-0.270171
50095	-0.270366
50096	-0.270562
50097	-0.270757
50098	-0.270951
50099	-0.271146
50100	-0.27134
50101	-0.271534
50102	-0.271728
50103	-0.271921
50104	-0.272115
50105	-0.272307
50106	-0.2725
50107	-0.272693
50108	-0.272885
50109	-0.273077
50110	-0.273268
50111	-0.27346
50112	-0.273651
50113	-0.273842
50114	-0.274032
50115	-0.274222
50116	-0.274413
50117	-0.274602
50118	-0.274792
50119	-0.274981
50120	-0.27517
50121	-0.275359
50122	-0.275547
50123	-0.275735
50124	-0.275923
50125	-0.276111
50126	-0.276298
50127	-0.276486
50128	-0.276672
50129	-0.276859
50130	-0.277045
50131	-0.277231
50132	-0.277417
50133	-0.277603
50134	-0.277788
50135	-0.277973
50136	-0.278158
50137	-0.278342
50138	-0.278526
50139	-0.27871
50140	-0.278894
50141	-0.279077
50142	-0.27926
50143	-0.279443
50144	-0.279626
50145	-0.279808
50146	-0.27999
50147	-0.280172
50148	-0.280353
50149	-0.280535
50150	-0.280716
50151	-0.280896
50152	-0.281077
50153	-0.281257
50154	-0.281437
50155	-0.281616
50156	-0.281796
50157	-0.281975
50158	-0.282154
50159	-0.282332
50160	-0.28251
50161	-0.282688
50162	-0.282866
50163	-0.283043
50164	-0.283221
50165	-0.283397
50166	-0.283574
50167	-0.28375
50168	-0.283926
50169	-0.284102
50170	-0.284278
50171	-0.284453
50172	-0.284628
50173	-0.284803
50174	-0.284977
50175	-0.285151
50176	-0.285325
50177	-0.285499
50178	-0.285672
50179	-0.285845
50180	-0.286018
50181	-0.28619
50182	-0.286362
50183	-0.286534
50184	-0.286706
50185	-0.286877
50186	-0.287048
50187	-0.287219
50188	-0.28739
50189	-0.28756
50190	-0.28773
50191	-0.2879
50192	-0.288069
50193	-0.288238
50194	-0.288407
50195	-0.288576
50196	-0.288744
50197	-0.288912
50198	-0.28908
50199	-0.289248
50200	-0.289415
50201	-0.289582
50202	-0.289748
50203	-0.289915
50204	-0.290081
50205	-0.290247
50206	-0.290412
50207	-0.290577
50208	-0.290742
50209	-0.290907
50210	-0.291072
50211	-0.291236
50212	-0.2914
50213	-0.291563
50214	-0.291726
50215	-0.291889
50216	-0.292052
50217	-0.292215
50218	-0.292377
50219	-0.292539
50220	-0.2927
50221	-0.292862
50222	-0.293023
50223	-0.293183
50224	-0.293344
50225	-0.293504
50226	-0.293664
50227	-0.293824
50228	-0.293983
50229	-0.294142
50230	-0.294301
50231	-0.294459
50232	-0.294618
50233	-0.294775
50234	-0.294933
50235	-0.29509
50236	-0.295248
50237	-0.295404
50238	-0.295561
50239	-0.295717
50240	-0.295873
50241	-0.296029
50242	-0.296184
50243	-0.296339
50244	-0.296494
50245	-0.296648
50246	-0.296803
50247	-0.296957
50248	-0.29711
50249	-0.297264
50250	-0.297417
50251	-0.297569
50252	-0.297722
50253	-0.297874
50254	-0.298026
50255	-0.298178
50256	-0.298329
50257	-0.29848
50258	-0.298631
50259	-0.298781
50260	-0.298932
50261	-0.299081
50262	-0.299231
50263	-0.29938
50264	-0.29953
50265	-0.299678
50266	-0.299827
50267	-0.299975
50268	-0.300123
50269	-0.30027
50270	-0.300418
50271	-0.300565
50272	-0.300712
50273	-0.300858
50274	-0.301004
50275	-0.30115
50276	-0.301296
50277	-0.301441
50278	-0.301586
50279	-0.301731
50280	-0.301875
50281	-0.302019
50282	-0.302163
50283	-0.302306
50284	-0.30245
50285	-0.302593
50286	-0.302735
50287	-0.302878
50288	-0.30302
50289	-0.303162
50290	-0.303303
50291	-0.303444
50292	-0.303585
50293	-0.303726
50294	-0.303866
50295	-0.304006
50296	-0.304146
50297	-0.304285
50298	-0.304425
50299	-0.304563
50300	-0.304702
50301	-0.30484
50302	-0.304978
50303	-0.305116
50304	-0.305253
50305	-0.305391
50306	-0.305527
50307	-0.305664
50308	-0.3058
50309	-0.305936
50310	-0.306072
50311	-0.306207
50312	-0.306342
50313	-0.306477
50314	-0.306611
50315	-0.306745
50316	-0.306879
50317	-0.307013
50318	-0.307146
50319	-0.307279
50320	-0.307412
50321	-0.307544
50322	-0.307676
50323	-0.307808
50324	-0.30794
50325	-0.308071
50326	-0.308202
50327	-0.308332
50328	-0.308463
50329	-0.308593
50330	-0.308722
50331	-0.308852
50332	-0.308981
50333	-0.30911
50334	-0.309238
50335	-0.309366
50336	-0.309494
50337	-0.309622
50338	-0.309749
50339	-0.309876
50340	-0.310003
50341	-0.31013
50342	-0.310256
50343	-0.310382
50344	-0.310507
50345	-0.310632
50346	-0.310757
50347	-0.310882
50348	-0.311006
50349	-0.31113
50350	-0.311254
50351	-0.311378
50352	-0.311501
50353	-0.311624
50354	-0.311746
50355	-0.311868
50356	-0.31199
50357	-0.312112
50358	-0.312233
50359	-0.312354
50360	-0.312475
50361	-0.312596
50362	-0.312716
50363	-0.312836
50364	-0.312955
50365	-0.313075
50366	-0.313193
50367	-0.313312
50368	-0.31343
50369	-0.313549
50370	-0.313666
50371	-0.313784
50372	-0.313901
50373	-0.314018
50374	-0.314134
50375	-0.31425
50376	-0.314366
50377	-0.314482
50378	-0.314597
50379	-0.314712
50380	-0.314827
50381	-0.314942
50382	-0.315056
50383	-0.31517
50384	-0.315283
50385	-0.315396
50386	-0.315509
50387	-0.315622
50388	-0.315734
50389	-0.315846
50390	-0.315958
50391	-0.316069
50392	-0.31618
50393	-0.316291
50394	-0.316401
50395	-0.316512
50396	-0.316622
50397	-0.316731
50398	-0.31684
50399	-0.316949
50400	-0.317058
50401	-0.317166
50402	-0.317274
50403	-0.317382
50404	-0.31749
50405	-0.317597
50406	-0.317704
50407	-0.31781
50408	-0.317916
50409	-0.318022
50410	-0.318128
50411	-0.318233
50412	-0.318338
50413	-0.318443
50414	-0.318547
50415	-0.318651
50416	-0.318755
50417	-0.318858
50418	-0.318962
50419	-0.319064
50420	-0.319167
50421	-0.319269
50422	-0.319371
50423	-0.319473
50424	-0.319574
50425	-0.319675
50426	-0.319776
50427	-0.319876
50428	-0.319976
50429	-0.320076
50430	-0.320176
50431	-0.320275
50432	-0.320374
50433	-0.320472
50434	-0.32057
50435	-0.320668
50436	-0.320766
50437	-0.320863
50438	-0.32096
50439	-0.321057
50440	-0.321153
50441	-0.321249
50442	-0.321345
50443	-0.321441
50444	-0.321536
50445	-0.321631
50446	-0.321725
50447	-0.321819
50448	-0.321913
50449	-0.322007
50450	-0.3221
50451	-0.322193
50452	-0.322286
50453	-0.322378
50454	-0.32247
50455	-0.322562
50456	-0.322654
50457	-0.322745
50458	-0.322836
50459	-0.322926
50460	-0.323016
50461	-0.323106
50462	-0.323196
50463	-0.323285
50464	-0.323374
50465	-0.323463
50466	-0.323551
50467	-0.323639
50468	-0.323727
50469	-0.323814
50470	-0.323901
50471	-0.323988
50472	-0.324075
50473	-0.324161
50474	-0.324247
50475	-0.324332
50476	-0.324418
50477	-0.324502
50478	-0.324587
50479	-0.324671
50480	-0.324755
50481	-0.324839
50482	-0.324922
50483	-0.325006
50484	-0.325088
50485	-0.325171
50486	-0.325253
50487	-0.325335
50488	-0.325416
50489	-0.325497
50490	-0.325578
50491	-0.325659
50492	-0.325739
50493	-0.325819
50494	-0.325899
50495	-0.325978
50496	-0.326057
50497	-0.326136
50498	-0.326214
50499	-0.326292
50500	-0.32637
50501	-0.326447
50502	-0.326524
50503	-0.326601
50504	-0.326678
50505	-0.326754
50506	-0.32683
50507	-0.326905
50508	-0.326981
50509	-0.327055
50510	-0.32713
50511	-0.327204
50512	-0.327278
50513	-0.327352
50514	-0.327425
50515	-0.327498
50516	-0.327571
50517	-0.327644
50518	-0.327716
50519	-0.327787
50520	-0.327859
50521	-0.32793
50522	-0.328001
50523	-0.328072
50524	-0.328142
50525	-0.328212
50526	-0.328281
50527	-0.32835
50528	-0.328419
50529	-0.328488
50530	-0.328556
50531	-0.328624
50532	-0.328692
50533	-0.32876
50534	-0.328827
50535	-0.328893
50536	-0.32896
50537	-0.329026
50538	-0.329092
50539	-0.329157
50540	-0.329222
50541	-0.329287
50542	-0.329352
50543	-0.329416
50544	-0.32948
50545	-0.329544
50546	-0.329607
50547	-0.32967
50548	-0.329732
50549	-0.329795
50550	-0.329857
50551	-0.329918
50552	-0.32998
50553	-0.330041
50554	-0.330102
50555	-0.330162
50556	-0.330222
50557	-0.330282
50558	-0.330341
50559	-0.330401
50560	-0.33046
50561	-0.330518
50562	-0.330576
50563	-0.330634
50564	-0.330692
50565	-0.330749
50566	-0.330806
50567	-0.330863
50568	-0.330919
50569	-0.330975
50570	-0.331031
50571	-0.331086
50572	-0.331141
50573	-0.331196
50574	-0.33125
50575	-0.331304
50576	-0.331358
50577	-0.331412
50578	-0.331465
50579	-0.331517
50580	-0.33157
50581	-0.331622
50582	-0.331674
50583	-0.331726
50584	-0.331777
50585	-0.331828
50586	-0.331878
50587	-0.331929
50588	-0.331979
50589	-0.332028
50590	-0.332078
50591	-0.332127
50592	-0.332175
50593	-0.332224
50594	-0.332272
50595	-0.332319
50596	-0.332367
50597	-0.332414
50598	-0.332461
50599	-0.332507
50600	-0.332553
50601	-0.332599
50602	-0.332645
50603	-0.33269
50604	-0.332735
50605	-0.332779
50606	-0.332824
50607	-0.332867
50608	-0.332911
50609	-0.332954
50610	-0.332997
50611	-0.33304
50612	-0.333082
50613	-0.333124
50614	-0.333166
50615	-0.333207
50616	-0.333248
50617	-0.333289
50618	-0.333329
50619	-0.33337
50620	-0.333409
50621	-0.333449
50622	-0.333488
50623	-0.333527
50624	-0.333565
50625	-0.333603
50626	-0.333641
50627	-0.333679
50628	-0.333716
50629	-0.333753
50630	-0.333789
50631	-0.333826
50632	-0.333862
50633	-0.333897
50634	-0.333933
50635	-0.333968
50636	-0.334002
50637	-0.334037
50638	-0.334071
50639	-0.334104
50640	-0.334138
50641	-0.334171
50642	-0.334203
50643	-0.334236
50644	-0.334268
50645	-0.3343
50646	-0.334331
50647	-0.334362
50648	-0.334393
50649	-0.334424
50650	-0.334454
50651	-0.334484
50652	-0.334513
50653	-0.334542
50654	-0.334571
50655	-0.3346
50656	-0.334628
50657	-0.334656
50658	-0.334684
50659	-0.334711
50660	-0.334738
50661	-0.334765
50662	-0.334791
50663	-0.334817
50664	-0.334843
50665	-0.334868
50666	-0.334893
50667	-0.334918
50668	-0.334942
50669	-0.334966
50670	-0.33499
50671	-0.335014
50672	-0.335037
50673	-0.33506
50674	-0.335082
50675	-0.335104
50676	-0.335126
50677	-0.335148
50678	-0.335169
50679	-0.33519
50680	-0.33521
50681	-0.335231
50682	-0.33525
50683	-0.33527
50684	-0.335289
50685	-0.335308
50686	-0.335327
50687	-0.335345
50688	-0.335363
50689	-0.335381
50690	-0.335398
50691	-0.335415
50692	-0.335432
50693	-0.335448
50694	-0.335465
50695	-0.33548
50696	-0.335496
50697	-0.335511
50698	-0.335526
50699	-0.33554
50700	-0.335554
50701	-0.335568
50702	-0.335582
50703	-0.335595
50704	-0.335608
50705	-0.33562
50706	-0.335632
50707	-0.335644
50708	-0.335656
50709	-0.335667
50710	-0.335678
50711	-0.335689
50712	-0.335699
50713	-0.335709
50714	-0.335719
50715	-0.335728
50716	-0.335737
50717	-0.335746
50718	-0.335754
50719	-0.335762
50720	-0.33577
50721	-0.335777
50722	-0.335785
50723	-0.335791
50724	-0.335798
50725	-0.335804
50726	-0.33581
50727	-0.335815
50728	-0.33582
50729	-0.335825
50730	-0.33583
50731	-0.335834
50732	-0.335838
50733	-0.335841
50734	-0.335845
50735	-0.335848
50736	-0.33585
50737	-0.335853
50738	-0.335855
50739	-0.335856
50740	-0.335857
50741	-0.335858
50742	-0.335859
50743	-0.33586
50744	-0.33586
50745	-0.335859
50746	-0.335859
50747	-0.335858
50748	-0.335857
50749	-0.335855
50750	-0.335853
50751	-0.335851
50752	-0.335848
50753	-0.335846
50754	-0.335842
50755	-0.335839
50756	-0.335835
50757	-0.335831
50758	-0.335827
50759	-0.335822
50760	-0.335817
50761	-0.335811
50762	-0.335806
50763	-0.335799
50764	-0.335793
50765	-0.335786
50766	-0.335779
50767	-0.335772
50768	-0.335764
50769	-0.335756
50770	-0.335748
50771	-0.33574
50772	-0.335731
50773	-0.335721
50774	-0.335712
50775	-0.335702
50776	-0.335692
50777	-0.335681
50778	-0.33567
50779	-0.335659
50780	-0.335648
50781	-0.335636
50782	-0.335624
50783	-0.335611
50784	-0.335598
50785	-0.335585
50786	-0.335572
50787	-0.335558
50788	-0.335544
50789	-0.33553
50790	-0.335515
50791	-0.3355
50792	-0.335485
50793	-0.335469
50794	-0.335453
50795	-0.335437
50796	-0.33542
50797	-0.335403
50798	-0.335386
50799	-0.335369
50800	-0.335351
50801	-0.335332
50802	-0.335314
50803	-0.335295
50804	-0.335276
50805	-0.335256
50806	-0.335237
50807	-0.335216
50808	-0.335196
50809	-0.335175
50810	-0.335154
50811	-0.335133
50812	-0.335111
50813	-0.335089
50814	-0.335067
50815	-0.335044
50816	-0.335021
50817	-0.334998
50818	-0.334974
50819	-0.33495
50820	-0.334926
50821	-0.334901
50822	-0.334876
50823	-0.334851
50824	-0.334825
50825	-0.3348
50826	-0.334773
50827	-0.334747
50828	-0.33472
50829	-0.334693
50830	-0.334665
50831	-0.334638
50832	-0.33461
50833	-0.334581
50834	-0.334552
50835	-0.334523
50836	-0.334494
50837	-0.334464
50838	-0.334434
50839	-0.334404
50840	-0.334373
50841	-0.334342
50842	-0.334311
50843	-0.334279
50844	-0.334248
50845	-0.334215
50846	-0.334183
50847	-0.33415
50848	-0.334117
50849	-0.334083
50850	-0.334049
50851	-0.334015
50852	-0.333981
50853	-0.333946
50854	-0.333911
50855	-0.333875
50856	-0.33384
50857	-0.333804
50858	-0.333767
50859	-0.333731
50860	-0.333694
50861	-0.333656
50862	-0.333619
50863	-0.333581
50864	-0.333542
50865	-0.333504
50866	-0.333465
50867	-0.333426
50868	-0.333386
50869	-0.333346
50870	-0.333306
50871	-0.333266
50872	-0.333225
50873	-0.333184
50874	-0.333142
50875	-0.3331
50876	-0.333058
50877	-0.333016
50878	-0.332973
50879	-0.33293
50880	-0.332887
50881	-0.332843
50882	-0.332799
50883	-0.332755
50884	-0.33271
50885	-0.332665
50886	-0.33262
50887	-0.332575
50888	-0.332529
50889	-0.332483
50890	-0.332436
50891	-0.332389
50892	-0.332342
50893	-0.332295
50894	-0.332247
50895	-0.332199
50896	-0.33215
50897	-0.332102
50898	-0.332053
50899	-0.332003
50900	-0.331954
50901	-0.331904
50902	-0.331853
50903	-0.331803
50904	-0.331752
50905	-0.331701
50906	-0.331649
50907	-0.331597
50908	-0.331545
50909	-0.331493
50910	-0.33144
50911	-0.331387
50912	-0.331333
50913	-0.33128
50914	-0.331225
50915	-0.331171
50916	-0.331116
50917	-0.331061
50918	-0.331006
50919	-0.33095
50920	-0.330894
50921	-0.330838
50922	-0.330782
50923	-0.330725
50924	-0.330668
50925	-0.33061
50926	-0.330552
50927	-0.330494
50928	-0.330436
50929	-0.330377
50930	-0.330318
50931	-0.330258
50932	-0.330199
50933	-0.330139
50934	-0.330078
50935	-0.330018
50936	-0.329957
50937	-0.329895
50938	-0.329834
50939	-0.329772
50940	-0.32971
50941	-0.329647
50942	-0.329584
50943	-0.329521
50944	-0.329458
50945	-0.329394
50946	-0.32933
50947	-0.329265
50948	-0.329201
50949	-0.329136
50950	-0.32907
50951	-0.329005
50952	-0.328939
50953	-0.328872
50954	-0.328806
50955	-0.328739
50956	-0.328672
50957	-0.328604
50958	-0.328536
50959	-0.328468
50960	-0.3284
50961	-0.328331
50962	-0.328262
50963	-0.328193
50964	-0.328123
50965	-0.328053
50966	-0.327983
50967	-0.327912
50968	-0.327841
50969	-0.32777
50970	-0.327698
50971	-0.327626
50972	-0.327554
50973	-0.327482
50974	-0.327409
50975	-0.327336
50976	-0.327262
50977	-0.327189
50978	-0.327115
50979	-0.32704
50980	-0.326966
50981	-0.326891
50982	-0.326815
50983	-0.32674
50984	-0.326664
50985	-0.326588
50986	-0.326511
50987	-0.326434
50988	-0.326357
50989	-0.32628
50990	-0.326202
50991	-0.326124
50992	-0.326046
50993	-0.325967
50994	-0.325888
50995	-0.325809
50996	-0.325729
50997	-0.325649
50998	-0.325569
50999	-0.325488
51000	-0.325408
51001	-0.325327
51002	-0.325245
51003	-0.325163
51004	-0.325081
51005	-0.324999
51006	-0.324916
51007	-0.324833
51008	-0.32475
51009	-0.324666
51010	-0.324582
51011	-0.324498
51012	-0.324414
51013	-0.324329
51014	-0.324244
51015	-0.324158
51016	-0.324073
51017	-0.323987
51018	-0.3239
51019	-0.323814
51020	-0.323727
51021	-0.323639
51022	-0.323552
51023	-0.323464
51024	-0.323376
51025	-0.323287
51026	-0.323198
51027	-0.323109
51028	-0.32302
51029	-0.32293
51030	-0.32284
51031	-0.32275
51032	-0.322659
51033	-0.322568
51034	-0.322477
51035	-0.322385
51036	-0.322294
51037	-0.322201
51038	-0.322109
51039	-0.322016
51040	-0.321923
51041	-0.32183
51042	-0.321736
51043	-0.321642
51044	-0.321548
51045	-0.321453
51046	-0.321358
51047	-0.321263
51048	-0.321168
51049	-0.321072
51050	-0.320976
51051	-0.320879
51052	-0.320783
51053	-0.320686
51054	-0.320588
51055	-0.320491
51056	-0.320393
51057	-0.320295
51058	-0.320196
51059	-0.320097
51060	-0.319998
51061	-0.319899
51062	-0.319799
51063	-0.319699
51064	-0.319599
51065	-0.319498
51066	-0.319397
51067	-0.319296
51068	-0.319194
51069	-0.319093
51070	-0.31899
51071	-0.318888
51072	-0.318785
51073	-0.318682
51074	-0.318579
51075	-0.318475
51076	-0.318371
51077	-0.318267
51078	-0.318162
51079	-0.318058
51080	-0.317952
51081	-0.317847
51082	-0.317741
51083	-0.317635
51084	-0.317529
51085	-0.317422
51086	-0.317315
51087	-0.317208
51088	-0.317101
51089	-0.316993
51090	-0.316885
51091	-0.316776
51092	-0.316667
51093	-0.316558
51094	-0.316449
51095	-0.316339
51096	-0.316229
51097	-0.316119
51098	-0.316009
51099	-0.315898
51100	-0.315787
51101	-0.315675
51102	-0.315564
51103	-0.315452
51104	-0.315339
51105	-0.315227
51106	-0.315114
51107	-0.315001
51108	-0.314887
51109	-0.314773
51110	-0.314659
51111	-0.314545
51112	-0.31443
51113	-0.314315
51114	-0.3142
51115	-0.314084
51116	-0.313968
51117	-0.313852
51118	-0.313736
51119	-0.313619
51120	-0.313502
51121	-0.313385
51122	-0.313267
51123	-0.313149
51124	-0.313031
51125	-0.312912
51126	-0.312794
51127	-0.312674
51128	-0.312555
51129	-0.312435
51130	-0.312315
51131	-0.312195
51132	-0.312074
51133	-0.311954
51134	-0.311832
51135	-0.311711
51136	-0.311589
51137	-0.311467
51138	-0.311345
51139	-0.311222
51140	-0.311099
51141	-0.310976
51142	-0.310853
51143	-0.310729
51144	-0.310605
51145	-0.31048
51146	-0.310356
51147	-0.310231
51148	-0.310105
51149	-0.30998
51150	-0.309854
51151	-0.309728
51152	-0.309601
51153	-0.309475
51154	-0.309348
51155	-0.30922
51156	-0.309093
51157	-0.308965
51158	-0.308837
51159	-0.308708
51160	-0.308579
51161	-0.30845
51162	-0.308321
51163	-0.308191
51164	-0.308061
51165	-0.307931
51166	-0.307801
51167	-0.30767
51168	-0.307539
51169	-0.307407
51170	-0.307276
51171	-0.307144
51172	-0.307012
51173	-0.306879
51174	-0.306746
51175	-0.306613
51176	-0.30648
51177	-0.306346
51178	-0.306212
51179	-0.306078
51180	-0.305943
51181	-0.305808
51182	-0.305673
51183	-0.305538
51184	-0.305402
51185	-0.305266
51186	-0.30513
51187	-0.304993
51188	-0.304857
51189	-0.304719
51190	-0.304582
51191	-0.304444
51192	-0.304306
51193	-0.304168
51194	-0.304029
51195	-0.303891
51196	-0.303752
51197	-0.303612
51198	-0.303472
51199	-0.303332
51200	-0.303192
51201	-0.303052
51202	-0.302911
51203	-0.30277
51204	-0.302628
51205	-0.302487
51206	-0.302345
51207	-0.302202
51208	-0.30206
51209	-0.301917
51210	-0.301774
51211	-0.30163
51212	-0.301487
51213	-0.301343
51214	-0.301198
51215	-0.301054
51216	-0.300909
51217	-0.300764
51218	-0.300619
51219	-0.300473
51220	-0.300327
51221	-0.300181
51222	-0.300034
51223	-0.299888
51224	-0.29974
51225	-0.299593
51226	-0.299445
51227	-0.299298
51228	-0.299149
51229	-0.299001
51230	-0.298852
51231	-0.298703
51232	-0.298554
51233	-0.298404
51234	-0.298254
51235	-0.298104
51236	-0.297954
51237	-0.297803
51238	-0.297652
51239	-0.297501
51240	-0.297349
51241	-0.297197
51242	-0.297045
51243	-0.296893
51244	-0.29674
51245	-0.296587
51246	-0.296434
51247	-0.29628
51248	-0.296127
51249	-0.295973
51250	-0.295818
51251	-0.295664
51252	-0.295509
51253	-0.295354
51254	-0.295198
51255	-0.295042
51256	-0.294886
51257	-0.29473
51258	-0.294574
51259	-0.294417
51260	-0.29426
51261	-0.294102
51262	-0.293945
51263	-0.293787
51264	-0.293628
51265	-0.29347
51266	-0.293311
51267	-0.293152
51268	-0.292993
51269	-0.292833
51270	-0.292673
51271	-0.292513
51272	-0.292353
51273	-0.292192
51274	-0.292031
51275	-0.29187
51276	-0.291708
51277	-0.291547
51278	-0.291385
51279	-0.291222
51280	-0.29106
51281	-0.290897
51282	-0.290734
51283	-0.29057
51284	-0.290406
51285	-0.290242
51286	-0.290078
51287	-0.289914
51288	-0.289749
51289	-0.289584
51290	-0.289419
51291	-0.289253
51292	-0.289087
51293	-0.288921
51294	-0.288755
51295	-0.288588
51296	-0.288421
51297	-0.288254
51298	-0.288086
51299	-0.287918
51300	-0.28775
51301	-0.287582
51302	-0.287414
51303	-0.287245
51304	-0.287076
51305	-0.286906
51306	-0.286737
51307	-0.286567
51308	-0.286396
51309	-0.286226
51310	-0.286055
51311	-0.285884
51312	-0.285713
51313	-0.285541
51314	-0.28537
51315	-0.285198
51316	-0.285025
51317	-0.284853
51318	-0.28468
51319	-0.284507
51320	-0.284333
51321	-0.28416
51322	-0.283986
51323	-0.283811
51324	-0.283637
51325	-0.283462
51326	-0.283287
51327	-0.283112
51328	-0.282937
51329	-0.282761
51330	-0.282585
51331	-0.282408
51332	-0.282232
51333	-0.282055
51334	-0.281878
51335	-0.2817
51336	-0.281523
51337	-0.281345
51338	-0.281167
51339	-0.280988
51340	-0.28081
51341	-0.280631
51342	-0.280451
51343	-0.280272
51344	-0.280092
51345	-0.279912
51346	-0.279732
51347	-0.279551
51348	-0.279371
51349	-0.279189
51350	-0.279008
51351	-0.278827
51352	-0.278645
51353	-0.278463
51354	-0.27828
51355	-0.278098
51356	-0.277915
51357	-0.277732
51358	-0.277548
51359	-0.277365
51360	-0.277181
51361	-0.276996
51362	-0.276812
51363	-0.276627
51364	-0.276442
51365	-0.276257
51366	-0.276072
51367	-0.275886
51368	-0.2757
51369	-0.275514
51370	-0.275327
51371	-0.27514
51372	-0.274953
51373	-0.274766
51374	-0.274578
51375	-0.274391
51376	-0.274203
51377	-0.274014
51378	-0.273826
51379	-0.273637
51380	-0.273448
51381	-0.273258
51382	-0.273069
51383	-0.272879
51384	-0.272689
51385	-0.272499
51386	-0.272308
51387	-0.272117
51388	-0.271926
51389	-0.271735
51390	-0.271543
51391	-0.271351
51392	-0.271159
51393	-0.270966
51394	-0.270774
51395	-0.270581
51396	-0.270388
51397	-0.270194
51398	-0.270001
51399	-0.269807
51400	-0.269613
51401	-0.269418
51402	-0.269223
51403	-0.269029
51404	-0.268833
51405	-0.268638
51406	-0.268442
51407	-0.268246
51408	-0.26805
51409	-0.267854
51410	-0.267657
51411	-0.26746
51412	-0.267263
51413	-0.267065
51414	-0.266868
51415	-0.26667
51416	-0.266472
51417	-0.266273
51418	-0.266074
51419	-0.265875
51420	-0.265676
51421	-0.265477
51422	-0.265277
51423	-0.265077
51424	-0.264877
51425	-0.264677
51426	-0.264476
51427	-0.264275
51428	-0.264074
51429	-0.263872
51430	-0.263671
51431	-0.263469
51432	-0.263267
51433	-0.263064
51434	-0.262862
51435	-0.262659
51436	-0.262455
51437	-0.262252
51438	-0.262048
51439	-0.261845
51440	-0.26164
51441	-0.261436
51442	-0.261231
51443	-0.261027
51444	-0.260821
51445	-0.260616
51446	-0.260411
51447	-0.260205
51448	-0.259999
51449	-0.259792
51450	-0.259586
51451	-0.259379
51452	-0.259172
51453	-0.258965
51454	-0.258757
51455	-0.258549
51456	-0.258341
51457	-0.258133
51458	-0.257924
51459	-0.257716
51460	-0.257507
51461	-0.257297
51462	-0.257088
51463	-0.256878
51464	-0.256668
51465	-0.256458
51466	-0.256248
51467	-0.256037
51468	-0.255826
51469	-0.255615
51470	-0.255403
51471	-0.255192
51472	-0.25498
51473	-0.254768
51474	-0.254555
51475	-0.254343
51476	-0.25413
51477	-0.253917
51478	-0.253704
51479	-0.25349
51480	-0.253276
51481	-0.253062
51482	-0.252848
51483	-0.252634
51484	-0.252419
51485	-0.252204
51486	-0.251989
51487	-0.251773
51488	-0.251558
51489	-0.251342
51490	-0.251125
51491	-0.250909
51492	-0.250692
51493	-0.250476
51494	-0.250259
51495	-0.250041
51496	-0.249824
51497	-0.249606
51498	-0.249388
51499	-0.24917
51500	-0.248951
51501	-0.248732
51502	-0.248513
51503	-0.248294
51504	-0.248075
51505	-0.247855
51506	-0.247635
51507	-0.247415
51508	-0.247195
51509	-0.246974
51510	-0.246753
51511	-0.246532
51512	-0.246311
51513	-0.24609
51514	-0.245868
51515	-0.245646
51516	-0.245424
51517	-0.245201
51518	-0.244979
51519	-0.244756
51520	-0.244533
51521	-0.244309
51522	-0.244086
51523	-0.243862
51524	-0.243638
51525	-0.243414
51526	-0.243189
51527	-0.242964
51528	-0.24274
51529	-0.242514
51530	-0.242289
51531	-0.242063
51532	-0.241837
51533	-0.241611
51534	-0.241385
51535	-0.241159
51536	-0.240932
51537	-0.240705
51538	-0.240478
51539	-0.24025
51540	-0.240023
51541	-0.239795
51542	-0.239567
51543	-0.239338
51544	-0.23911
51545	-0.238881
51546	-0.238652
51547	-0.238423
51548	-0.238193
51549	-0.237964
51550	-0.237734
51551	-0.237504
51552	-0.237273
51553	-0.237043
51554	-0.236812
51555	-0.236581
51556	-0.23635
51557	-0.236118
51558	-0.235887
51559	-0.235655
51560	-0.235423
51561	-0.23519
51562	-0.234958
51563	-0.234725
51564	-0.234492
51565	-0.234259
51566	-0.234025
51567	-0.233792
51568	-0.233558
51569	-0.233324
51570	-0.233089
51571	-0.232855
51572	-0.23262
51573	-0.232385
51574	-0.23215
51575	-0.231915
51576	-0.231679
51577	-0.231443
51578	-0.231207
51579	-0.230971
51580	-0.230734
51581	-0.230498
51582	-0.230261
51583	-0.230024
51584	-0.229786
51585	-0.229549
51586	-0.229311
51587	-0.229073
51588	-0.228835
51589	-0.228596
51590	-0.228358
51591	-0.228119
51592	-0.22788
51593	-0.22764
51594	-0.227401
51595	-0.227161
51596	-0.226921
51597	-0.226681
51598	-0.226441
51599	-0.2262
51600	-0.22596
51601	-0.225719
51602	-0.225477
51603	-0.225236
51604	-0.224994
51605	-0.224753
51606	-0.224511
51607	-0.224268
51608	-0.224026
51609	-0.223783
51610	-0.22354
51611	-0.223297
51612	-0.223054
51613	-0.22281
51614	-0.222567
51615	-0.222323
51616	-0.222079
51617	-0.221834
51618	-0.22159
51619	-0.221345
51620	-0.2211
51621	-0.220855
51622	-0.22061
51623	-0.220364
51624	-0.220118
51625	-0.219872
51626	-0.219626
51627	-0.21938
51628	-0.219133
51629	-0.218886
51630	-0.218639
51631	-0.218392
51632	-0.218145
51633	-0.217897
51634	-0.217649
51635	-0.217401
51636	-0.217153
51637	-0.216904
51638	-0.216656
51639	-0.216407
51640	-0.216158
51641	-0.215908
51642	-0.215659
51643	-0.215409
51644	-0.215159
51645	-0.214909
51646	-0.214659
51647	-0.214409
51648	-0.214158
51649	-0.213907
51650	-0.213656
51651	-0.213405
51652	-0.213153
51653	-0.212902
51654	-0.21265
51655	-0.212398
51656	-0.212145
51657	-0.211893
51658	-0.21164
51659	-0.211387
51660	-0.211134
51661	-0.210881
51662	-0.210628
51663	-0.210374
51664	-0.21012
51665	-0.209866
51666	-0.209612
51667	-0.209357
51668	-0.209103
51669	-0.208848
51670	-0.208593
51671	-0.208337
51672	-0.208082
51673	-0.207826
51674	-0.207571
51675	-0.207315
51676	-0.207058
51677	-0.206802
51678	-0.206545
51679	-0.206288
51680	-0.206031
51681	-0.205774
51682	-0.205517
51683	-0.205259
51684	-0.205002
51685	-0.204744
51686	-0.204485
51687	-0.204227
51688	-0.203969
51689	-0.20371
51690	-0.203451
51691	-0.203192
51692	-0.202933
51693	-0.202673
51694	-0.202413
51695	-0.202154
51696	-0.201893
51697	-0.201633
51698	-0.201373
51699	-0.201112
51700	-0.200851
51701	-0.20059
51702	-0.200329
51703	-0.200068
51704	-0.199806
51705	-0.199544
51706	-0.199282
51707	-0.19902
51708	-0.198758
51709	-0.198496
51710	-0.198233
51711	-0.19797
51712	-0.197707
51713	-0.197444
51714	-0.19718
51715	-0.196917
51716	-0.196653
51717	-0.196389
51718	-0.196125
51719	-0.19586
51720	-0.195596
51721	-0.195331
51722	-0.195066
51723	-0.194801
51724	-0.194536
51725	-0.19427
51726	-0.194005
51727	-0.193739
51728	-0.193473
51729	-0.193207
51730	-0.19294
51731	-0.192674
51732	-0.192407
51733	-0.19214
51734	-0.191873
51735	-0.191606
51736	-0.191338
51737	-0.19107
51738	-0.190803
51739	-0.190535
51740	-0.190266
51741	-0.189998
51742	-0.18973
51743	-0.189461
51744	-0.189192
51745	-0.188923
51746	-0.188654
51747	-0.188384
51748	-0.188115
51749	-0.187845
51750	-0.187575
51751	-0.187305
51752	-0.187034
51753	-0.186764
51754	-0.186493
51755	-0.186222
51756	-0.185951
51757	-0.18568
51758	-0.185409
51759	-0.185137
51760	-0.184866
51761	-0.184594
51762	-0.184322
51763	-0.184049
51764	-0.183777
51765	-0.183504
51766	-0.183232
51767	-0.182959
51768	-0.182685
51769	-0.182412
51770	-0.182139
51771	-0.181865
51772	-0.181591
51773	-0.181317
51774	-0.181043
51775	-0.180769
51776	-0.180494
51777	-0.18022
51778	-0.179945
51779	-0.17967
51780	-0.179395
51781	-0.17912
51782	-0.178844
51783	-0.178568
51784	-0.178293
51785	-0.178017
51786	-0.17774
51787	-0.177464
51788	-0.177188
51789	-0.176911
51790	-0.176634
51791	-0.176357
51792	-0.17608
51793	-0.175803
51794	-0.175525
51795	-0.175247
51796	-0.174969
51797	-0.174691
51798	-0.174413
51799	-0.174135
51800	-0.173856
51801	-0.173578
51802	-0.173299
51803	-0.17302
51804	-0.172741
51805	-0.172462
51806	-0.172182
51807	-0.171902
51808	-0.171623
51809	-0.171343
51810	-0.171063
51811	-0.170782
51812	-0.170502
51813	-0.170221
51814	-0.16994
51815	-0.169659
51816	-0.169378
51817	-0.169097
51818	-0.168816
51819	-0.168534
51820	-0.168252
51821	-0.167971
51822	-0.167688
51823	-0.167406
51824	-0.167124
51825	-0.166841
51826	-0.166559
51827	-0.166276
51828	-0.165993
51829	-0.16571
51830	-0.165426
51831	-0.165143
51832	-0.164859
51833	-0.164576
51834	-0.164292
51835	-0.164008
51836	-0.163723
51837	-0.163439
51838	-0.163154
51839	-0.16287
51840	-0.162585
51841	-0.1623
51842	-0.162015
51843	-0.161729
51844	-0.161444
51845	-0.161158
51846	-0.160872
51847	-0.160586
51848	-0.1603
51849	-0.160014
51850	-0.159728
51851	-0.159441
51852	-0.159154
51853	-0.158868
51854	-0.158581
51855	-0.158293
51856	-0.158006
51857	-0.157719
51858	-0.157431
51859	-0.157143
51860	-0.156855
51861	-0.156567
51862	-0.156279
51863	-0.155991
51864	-0.155702
51865	-0.155414
51866	-0.155125
51867	-0.154836
51868	-0.154547
51869	-0.154258
51870	-0.153968
51871	-0.153679
51872	-0.153389
51873	-0.153099
51874	-0.152809
51875	-0.152519
51876	-0.152229
51877	-0.151939
51878	-0.151648
51879	-0.151357
51880	-0.151067
51881	-0.150776
51882	-0.150485
51883	-0.150193
51884	-0.149902
51885	-0.14961
51886	-0.149319
51887	-0.149027
51888	-0.148735
51889	-0.148443
51890	-0.148151
51891	-0.147858
51892	-0.147566
51893	-0.147273
51894	-0.14698
51895	-0.146687
51896	-0.146394
51897	-0.146101
51898	-0.145808
51899	-0.145514
51900	-0.145221
51901	-0.144927
51902	-0.144633
51903	-0.144339
51904	-0.144045
51905	-0.14375
51906	-0.143456
51907	-0.143161
51908	-0.142867
51909	-0.142572
51910	-0.142277
51911	-0.141982
51912	-0.141686
51913	-0.141391
51914	-0.141095
51915	-0.1408
51916	-0.140504
51917	-0.140208
51918	-0.139912
51919	-0.139616
51920	-0.139319
51921	-0.139023
51922	-0.138726
51923	-0.138429
51924	-0.138133
51925	-0.137836
51926	-0.137538
51927	-0.137241
51928	-0.136944
51929	-0.136646
51930	-0.136349
51931	-0.136051
51932	-0.135753
51933	-0.135455
51934	-0.135157
51935	-0.134858
51936	-0.13456
51937	-0.134261
51938	-0.133963
51939	-0.133664
51940	-0.133365
51941	-0.133066
51942	-0.132767
51943	-0.132467
51944	-0.132168
51945	-0.131868
51946	-0.131569
51947	-0.131269
51948	-0.130969
51949	-0.130669
51950	-0.130369
51951	-0.130068
51952	-0.129768
51953	-0.129467
51954	-0.129167
51955	-0.128866
51956	-0.128565
51957	-0.128264
51958	-0.127963
51959	-0.127661
51960	-0.12736
51961	-0.127058
51962	-0.126757
51963	-0.126455
51964	-0.126153
51965	-0.125851
51966	-0.125549
51967	-0.125246
51968	-0.124944
51969	-0.124642
51970	-0.124339
51971	-0.124036
51972	-0.123733
51973	-0.12343
51974	-0.123127
51975	-0.122824
51976	-0.122521
51977	-0.122217
51978	-0.121914
51979	-0.12161
51980	-0.121306
51981	-0.121002
51982	-0.120698
51983	-0.120394
51984	-0.12009
51985	-0.119785
51986	-0.119481
51987	-0.119176
51988	-0.118871
51989	-0.118567
51990	-0.118262
51991	-0.117956
51992	-0.117651
51993	-0.117346
51994	-0.117041
51995	-0.116735
51996	-0.116429
51997	-0.116124
51998	-0.115818
51999	-0.115512
52000	-0.115206
52001	-0.1149
52002	-0.114593
52003	-0.114287
52004	-0.11398
52005	-0.113674
52006	-0.113367
52007	-0.11306
52008	-0.112753
52009	-0.112446
52010	-0.112139
52011	-0.111832
52012	-0.111524
52013	-0.111217
52014	-0.110909
52015	-0.110601
52016	-0.110294
52017	-0.109986
52018	-0.109678
52019	-0.10937
52020	-0.109061
52021	-0.108753
52022	-0.108444
52023	-0.108136
52024	-0.107827
52025	-0.107518
52026	-0.10721
52027	-0.106901
52028	-0.106592
52029	-0.106282
52030	-0.105973
52031	-0.105664
52032	-0.105354
52033	-0.105045
52034	-0.104735
52035	-0.104425
52036	-0.104115
52037	-0.103805
52038	-0.103495
52039	-0.103185
52040	-0.102875
52041	-0.102564
52042	-0.102254
52043	-0.101943
52044	-0.101633
52045	-0.101322
52046	-0.101011
52047	-0.1007
52048	-0.100389
52049	-0.100078
52050	-0.0997664
52051	-0.0994551
52052	-0.0991436
52053	-0.098832
52054	-0.0985204
52055	-0.0982086
52056	-0.0978968
52057	-0.0975848
52058	-0.0972728
52059	-0.0969607
52060	-0.0966485
52061	-0.0963361
52062	-0.0960237
52063	-0.0957112
52064	-0.0953986
52065	-0.0950859
52066	-0.0947731
52067	-0.0944603
52068	-0.0941473
52069	-0.0938342
52070	-0.0935211
52071	-0.0932078
52072	-0.0928945
52073	-0.0925811
52074	-0.0922676
52075	-0.091954
52076	-0.0916403
52077	-0.0913265
52078	-0.0910126
52079	-0.0906987
52080	-0.0903846
52081	-0.0900705
52082	-0.0897562
52083	-0.0894419
52084	-0.0891275
52085	-0.088813
52086	-0.0884985
52087	-0.0881838
52088	-0.0878691
52089	-0.0875542
52090	-0.0872393
52091	-0.0869243
52092	-0.0866092
52093	-0.086294
52094	-0.0859788
52095	-0.0856634
52096	-0.085348
52097	-0.0850325
52098	-0.0847169
52099	-0.0844012
52100	-0.0840855
52101	-0.0837696
52102	-0.0834537
52103	-0.0831377
52104	-0.0828216
52105	-0.0825054
52106	-0.0821892
52107	-0.0818728
52108	-0.0815564
52109	-0.0812399
52110	-0.0809234
52111	-0.0806067
52112	-0.08029
52113	-0.0799732
52114	-0.0796563
52115	-0.0793393
52116	-0.0790223
52117	-0.0787051
52118	-0.0783879
52119	-0.0780707
52120	-0.0777533
52121	-0.0774359
52122	-0.0771184
52123	-0.0768008
52124	-0.0764831
52125	-0.0761654
52126	-0.0758476
52127	-0.0755297
52128	-0.0752117
52129	-0.0748937
52130	-0.0745755
52131	-0.0742574
52132	-0.0739391
52133	-0.0736208
52134	-0.0733024
52135	-0.0729839
52136	-0.0726653
52137	-0.0723467
52138	-0.072028
52139	-0.0717092
52140	-0.0713904
52141	-0.0710715
52142	-0.0707525
52143	-0.0704335
52144	-0.0701143
52145	-0.0697951
52146	-0.0694759
52147	-0.0691566
52148	-0.0688372
52149	-0.0685177
52150	-0.0681982
52151	-0.0678785
52152	-0.0675589
52153	-0.0672391
52154	-0.0669193
52155	-0.0665995
52156	-0.0662795
52157	-0.0659595
52158	-0.0656394
52159	-0.0653193
52160	-0.0649991
52161	-0.0646788
52162	-0.0643585
52163	-0.0640381
52164	-0.0637176
52165	-0.0633971
52166	-0.0630765
52167	-0.0627558
52168	-0.0624351
52169	-0.0621143
52170	-0.0617935
52171	-0.0614726
52172	-0.0611516
52173	-0.0608306
52174	-0.0605095
52175	-0.0601883
52176	-0.0598671
52177	-0.0595459
52178	-0.0592245
52179	-0.0589031
52180	-0.0585817
52181	-0.0582602
52182	-0.0579386
52183	-0.057617
52184	-0.0572953
52185	-0.0569735
52186	-0.0566517
52187	-0.0563299
52188	-0.0560079
52189	-0.055686
52190	-0.0553639
52191	-0.0550418
52192	-0.0547197
52193	-0.0543975
52194	-0.0540752
52195	-0.0537529
52196	-0.0534305
52197	-0.0531081
52198	-0.0527856
52199	-0.0524631
52200	-0.0521405
52201	-0.0518179
52202	-0.0514952
52203	-0.0511724
52204	-0.0508496
52205	-0.0505268
52206	-0.0502039
52207	-0.0498809
52208	-0.0495579
52209	-0.0492349
52210	-0.0489118
52211	-0.0485886
52212	-0.0482654
52213	-0.0479422
52214	-0.0476188
52215	-0.0472955
52216	-0.0469721
52217	-0.0466486
52218	-0.0463251
52219	-0.0460016
52220	-0.045678
52221	-0.0453543
52222	-0.0450306
52223	-0.0447069
52224	-0.0443831
52225	-0.0440593
52226	-0.0437354
52227	-0.0434115
52228	-0.0430875
52229	-0.0427635
52230	-0.0424394
52231	-0.0421153
52232	-0.0417912
52233	-0.041467
52234	-0.0411428
52235	-0.0408185
52236	-0.0404942
52237	-0.0401698
52238	-0.0398454
52239	-0.0395209
52240	-0.0391965
52241	-0.0388719
52242	-0.0385474
52243	-0.0382227
52244	-0.0378981
52245	-0.0375734
52246	-0.0372487
52247	-0.0369239
52248	-0.0365991
52249	-0.0362742
52250	-0.0359493
52251	-0.0356244
52252	-0.0352994
52253	-0.0349744
52254	-0.0346494
52255	-0.0343243
52256	-0.0339992
52257	-0.033674
52258	-0.0333488
52259	-0.0330236
52260	-0.0326983
52261	-0.032373
52262	-0.0320477
52263	-0.0317223
52264	-0.0313969
52265	-0.0310715
52266	-0.030746
52267	-0.0304205
52268	-0.030095
52269	-0.0297694
52270	-0.0294438
52271	-0.0291182
52272	-0.0287925
52273	-0.0284668
52274	-0.0281411
52275	-0.0278153
52276	-0.0274895
52277	-0.0271637
52278	-0.0268379
52279	-0.026512
52280	-0.0261861
52281	-0.0258601
52282	-0.0255342
52283	-0.0252082
52284	-0.0248821
52285	-0.0245561
52286	-0.02423
52287	-0.0239039
52288	-0.0235777
52289	-0.0232516
52290	-0.0229254
52291	-0.0225992
52292	-0.0222729
52293	-0.0219466
52294	-0.0216203
52295	-0.021294
52296	-0.0209677
52297	-0.0206413
52298	-0.0203149
52299	-0.0199885
52300	-0.0196621
52301	-0.0193356
52302	-0.0190091
52303	-0.0186826
52304	-0.0183561
52305	-0.0180295
52306	-0.0177029
52307	-0.0173763
52308	-0.0170497
52309	-0.0167231
52310	-0.0163964
52311	-0.0160697
52312	-0.015743
52313	-0.0154163
52314	-0.0150896
52315	-0.0147628
52316	-0.0144361
52317	-0.0141093
52318	-0.0137824
52319	-0.0134556
52320	-0.0131288
52321	-0.0128019
52322	-0.012475
52323	-0.0121481
52324	-0.0118212
52325	-0.0114943
52326	-0.0111673
52327	-0.0108404
52328	-0.0105134
52329	-0.0101864
52330	-0.00985942
52331	-0.0095324
52332	-0.00920537
52333	-0.00887833
52334	-0.00855127
52335	-0.0082242
52336	-0.00789712
52337	-0.00757002
52338	-0.00724292
52339	-0.0069158
52340	-0.00658867
52341	-0.00626153
52342	-0.00593438
52343	-0.00560722
52344	-0.00528005
52345	-0.00495287
52346	-0.00462568
52347	-0.00429848
52348	-0.00397128
52349	-0.00364406
52350	-0.00331684
52351	-0.00298961
52352	-0.00266237
52353	-0.00233512
52354	-0.00200787
52355	-0.00168061
52356	-0.00135335
52357	-0.00102608
52358	-0.000698801
52359	-0.000371519
52360	-4.42326e-05
52361	0.000283059
52362	0.000610354
52363	0.000937654
52364	0.00126496
52365	0.00159226
52366	0.00191957
52367	0.00224689
52368	0.0025742
52369	0.00290152
52370	0.00322884
52371	0.00355616
52372	0.00388348
52373	0.0042108
52374	0.00453812
52375	0.00486545
52376	0.00519277
52377	0.00552009
52378	0.00584741
52379	0.00617474
52380	0.00650206
52381	0.00682937
52382	0.00715669
52383	0.007484
52384	0.00781132
52385	0.00813862
52386	0.00846593
52387	0.00879323
52388	0.00912053
52389	0.00944782
52390	0.00977511
52391	0.0101024
52392	0.0104297
52393	0.010757
52394	0.0110842
52395	0.0114115
52396	0.0117387
52397	0.012066
52398	0.0123932
52399	0.0127205
52400	0.0130477
52401	0.0133749
52402	0.0137021
52403	0.0140293
52404	0.0143565
52405	0.0146837
52406	0.0150109
52407	0.0153381
52408	0.0156652
52409	0.0159924
52410	0.0163195
52411	0.0166466
52412	0.0169737
52413	0.0173008
52414	0.0176279
52415	0.017955
52416	0.0182821
52417	0.0186091
52418	0.0189361
52419	0.0192632
52420	0.0195902
52421	0.0199172
52422	0.0202442
52423	0.0205711
52424	0.0208981
52425	0.021225
52426	0.0215519
52427	0.0218788
52428	0.0222057
52429	0.0225326
52430	0.0228594
52431	0.0231863
52432	0.0235131
52433	0.0238399
52434	0.0241667
52435	0.0244934
52436	0.0248202
52437	0.0251469
52438	0.0254736
52439	0.0258003
52440	0.026127
52441	0.0264536
52442	0.0267802
52443	0.0271069
52444	0.0274334
52445	0.02776
52446	0.0280865
52447	0.0284131
52448	0.0287395
52449	0.029066
52450	0.0293925
52451	0.0297189
52452	0.0300453
52453	0.0303717
52454	0.030698
52455	0.0310243
52456	0.0313506
52457	0.0316769
52458	0.0320032
52459	0.0323294
52460	0.0326556
52461	0.0329818
52462	0.0333079
52463	0.033634
52464	0.0339601
52465	0.0342862
52466	0.0346122
52467	0.0349382
52468	0.0352642
52469	0.0355901
52470	0.035916
52471	0.0362419
52472	0.0365678
52473	0.0368936
52474	0.0372194
52475	0.0375451
52476	0.0378709
52477	0.0381966
52478	0.0385222
52479	0.0388479
52480	0.0391735
52481	0.039499
52482	0.0398246
52483	0.0401501
52484	0.0404755
52485	0.040801
52486	0.0411263
52487	0.0414517
52488	0.041777
52489	0.0421023
52490	0.0424276
52491	0.0427528
52492	0.043078
52493	0.0434031
52494	0.0437282
52495	0.0440533
52496	0.0443783
52497	0.0447033
52498	0.0450283
52499	0.0453532
52500	0.0456781
52501	0.0460029
52502	0.0463277
52503	0.0466525
52504	0.0469772
52505	0.0473019
52506	0.0476265
52507	0.0479511
52508	0.0482756
52509	0.0486001
52510	0.0489246
52511	0.049249
52512	0.0495734
52513	0.0498978
52514	0.0502221
52515	0.0505463
52516	0.0508705
52517	0.0511947
52518	0.0515188
52519	0.0518429
52520	0.0521669
52521	0.0524909
52522	0.0528148
52523	0.0531387
52524	0.0534625
52525	0.0537863
52526	0.0541101
52527	0.0544338
52528	0.0547574
52529	0.055081
52530	0.0554046
52531	0.0557281
52532	0.0560516
52533	0.056375
52534	0.0566983
52535	0.0570216
52536	0.0573449
52537	0.0576681
52538	0.0579913
52539	0.0583144
52540	0.0586374
52541	0.0589604
52542	0.0592834
52543	0.0596062
52544	0.0599291
52545	0.0602519
52546	0.0605746
52547	0.0608973
52548	0.0612199
52549	0.0615425
52550	0.061865
52551	0.0621875
52552	0.0625099
52553	0.0628322
52554	0.0631545
52555	0.0634767
52556	0.0637989
52557	0.064121
52558	0.0644431
52559	0.0647651
52560	0.0650871
52561	0.065409
52562	0.0657308
52563	0.0660526
52564	0.0663743
52565	0.0666959
52566	0.0670175
52567	0.0673391
52568	0.0676605
52569	0.0679819
52570	0.0683033
52571	0.0686246
52572	0.0689458
52573	0.069267
52574	0.0695881
52575	0.0699091
52576	0.0702301
52577	0.070551
52578	0.0708719
52579	0.0711926
52580	0.0715134
52581	0.071834
52582	0.0721546
52583	0.0724751
52584	0.0727956
52585	0.073116
52586	0.0734363
52587	0.0737566
52588	0.0740768
52589	0.0743969
52590	0.074717
52591	0.075037
52592	0.0753569
52593	0.0756767
52594	0.0759965
52595	0.0763162
52596	0.0766359
52597	0.0769555
52598	0.077275
52599	0.0775944
52600	0.0779138
52601	0.0782331
52602	0.0785523
52603	0.0788715
52604	0.0791906
52605	0.0795096
52606	0.0798285
52607	0.0801474
52608	0.0804662
52609	0.0807849
52610	0.0811035
52611	0.0814221
52612	0.0817406
52613	0.082059
52614	0.0823774
52615	0.0826956
52616	0.0830138
52617	0.0833319
52618	0.08365
52619	0.083968
52620	0.0842858
52621	0.0846037
52622	0.0849214
52623	0.085239
52624	0.0855566
52625	0.0858741
52626	0.0861915
52627	0.0865089
52628	0.0868262
52629	0.0871433
52630	0.0874604
52631	0.0877775
52632	0.0880944
52633	0.0884113
52634	0.0887281
52635	0.0890448
52636	0.0893614
52637	0.0896779
52638	0.0899944
52639	0.0903107
52640	0.090627
52641	0.0909432
52642	0.0912593
52643	0.0915754
52644	0.0918913
52645	0.0922072
52646	0.092523
52647	0.0928387
52648	0.0931543
52649	0.0934698
52650	0.0937853
52651	0.0941006
52652	0.0944159
52653	0.0947311
52654	0.0950462
52655	0.0953612
52656	0.0956761
52657	0.0959909
52658	0.0963056
52659	0.0966203
52660	0.0969349
52661	0.0972493
52662	0.0975637
52663	0.097878
52664	0.0981922
52665	0.0985063
52666	0.0988203
52667	0.0991343
52668	0.0994481
52669	0.0997618
52670	0.100076
52671	0.100389
52672	0.100703
52673	0.101016
52674	0.101329
52675	0.101642
52676	0.101955
52677	0.102268
52678	0.102581
52679	0.102894
52680	0.103207
52681	0.103519
52682	0.103832
52683	0.104144
52684	0.104457
52685	0.104769
52686	0.105081
52687	0.105393
52688	0.105705
52689	0.106017
52690	0.106329
52691	0.10664
52692	0.106952
52693	0.107263
52694	0.107575
52695	0.107886
52696	0.108197
52697	0.108508
52698	0.108819
52699	0.10913
52700	0.109441
52701	0.109751
52702	0.110062
52703	0.110372
52704	0.110683
52705	0.110993
52706	0.111303
52707	0.111613
52708	0.111923
52709	0.112233
52710	0.112542
52711	0.112852
52712	0.113162
52713	0.113471
52714	0.11378
52715	0.114089
52716	0.114398
52717	0.114707
52718	0.115016
52719	0.115325
52720	0.115634
52721	0.115942
52722	0.116251
52723	0.116559
52724	0.116867
52725	0.117175
52726	0.117483
52727	0.117791
52728	0.118099
52729	0.118407
52730	0.118714
52731	0.119022
52732	0.119329
52733	0.119636
52734	0.119943
52735	0.12025
52736	0.120557
52737	0.120864
52738	0.121171
52739	0.121477
52740	0.121784
52741	0.12209
52742	0.122396
52743	0.122702
52744	0.123008
52745	0.123314
52746	0.12362
52747	0.123925
52748	0.124231
52749	0.124536
52750	0.124842
52751	0.125147
52752	0.125452
52753	0.125757
52754	0.126062
52755	0.126366
52756	0.126671
52757	0.126975
52758	0.12728
52759	0.127584
52760	0.127888
52761	0.128192
52762	0.128496
52763	0.1288
52764	0.129103
52765	0.129407
52766	0.12971
52767	0.130013
52768	0.130316
52769	0.130619
52770	0.130922
52771	0.131225
52772	0.131528
52773	0.13183
52774	0.132133
52775	0.132435
52776	0.132737
52777	0.133039
52778	0.133341
52779	0.133643
52780	0.133944
52781	0.134246
52782	0.134547
52783	0.134849
52784	0.13515
52785	0.135451
52786	0.135752
52787	0.136052
52788	0.136353
52789	0.136654
52790	0.136954
52791	0.137254
52792	0.137554
52793	0.137854
52794	0.138154
52795	0.138454
52796	0.138754
52797	0.139053
52798	0.139352
52799	0.139652
52800	0.139951
52801	0.14025
52802	0.140548
52803	0.140847
52804	0.141146
52805	0.141444
52806	0.141742
52807	0.14204
52808	0.142339
52809	0.142636
52810	0.142934
52811	0.143232
52812	0.143529
52813	0.143827
52814	0.144124
52815	0.144421
52816	0.144718
52817	0.145015
52818	0.145311
52819	0.145608
52820	0.145904
52821	0.1462
52822	0.146497
52823	0.146793
52824	0.147088
52825	0.147384
52826	0.14768
52827	0.147975
52828	0.14827
52829	0.148565
52830	0.14886
52831	0.149155
52832	0.14945
52833	0.149745
52834	0.150039
52835	0.150333
52836	0.150628
52837	0.150922
52838	0.151215
52839	0.151509
52840	0.151803
52841	0.152096
52842	0.152389
52843	0.152683
52844	0.152976
52845	0.153268
52846	0.153561
52847	0.153854
52848	0.154146
52849	0.154438
52850	0.154731
52851	0.155023
52852	0.155314
52853	0.155606
52854	0.155898
52855	0.156189
52856	0.15648
52857	0.156771
52858	0.157062
52859	0.157353
52860	0.157644
52861	0.157934
52862	0.158225
52863	0.158515
52864	0.158805
52865	0.159095
52866	0.159385
52867	0.159674
52868	0.159964
52869	0.160253
52870	0.160542
52871	0.160831
52872	0.16112
52873	0.161409
52874	0.161697
52875	0.161986
52876	0.162274
52877	0.162562
52878	0.16285
52879	0.163138
52880	0.163426
52881	0.163713
52882	0.164
52883	0.164288
52884	0.164575
52885	0.164861
52886	0.165148
52887	0.165435
52888	0.165721
52889	0.166007
52890	0.166293
52891	0.166579
52892	0.166865
52893	0.167151
52894	0.167436
52895	0.167721
52896	0.168006
52897	0.168291
52898	0.168576
52899	0.168861
52900	0.169145
52901	0.16943
52902	0.169714
52903	0.169998
52904	0.170282
52905	0.170565
52906	0.170849
52907	0.171132
52908	0.171415
52909	0.171698
52910	0.171981
52911	0.172264
52912	0.172547
52913	0.172829
52914	0.173111
52915	0.173393
52916	0.173675
52917	0.173957
52918	0.174238
52919	0.17452
52920	0.174801
52921	0.175082
52922	0.175363
52923	0.175644
52924	0.175924
52925	0.176205
52926	0.176485
52927	0.176765
52928	0.177045
52929	0.177325
52930	0.177604
52931	0.177884
52932	0.178163
52933	0.178442
52934	0.178721
52935	0.178999
52936	0.179278
52937	0.179556
52938	0.179835
52939	0.180113
52940	0.18039
52941	0.180668
52942	0.180946
52943	0.181223
52944	0.1815
52945	0.181777
52946	0.182054
52947	0.182331
52948	0.182607
52949	0.182883
52950	0.18316
52951	0.183436
52952	0.183711
52953	0.183987
52954	0.184262
52955	0.184538
52956	0.184813
52957	0.185088
52958	0.185362
52959	0.185637
52960	0.185911
52961	0.186185
52962	0.18646
52963	0.186733
52964	0.187007
52965	0.187281
52966	0.187554
52967	0.187827
52968	0.1881
52969	0.188373
52970	0.188645
52971	0.188918
52972	0.18919
52973	0.189462
52974	0.189734
52975	0.190006
52976	0.190277
52977	0.190549
52978	0.19082
52979	0.191091
52980	0.191361
52981	0.191632
52982	0.191902
52983	0.192173
52984	0.192443
52985	0.192713
52986	0.192982
52987	0.193252
52988	0.193521
52989	0.19379
52990	0.194059
52991	0.194328
52992	0.194597
52993	0.194865
52994	0.195133
52995	0.195401
52996	0.195669
52997	0.195937
52998	0.196204
52999	0.196472
53000	0.196739
53001	0.197006
53002	0.197272
53003	0.197539
53004	0.197805
53005	0.198072
53006	0.198337
53007	0.198603
53008	0.198869
53009	0.199134
53010	0.199399
53011	0.199665
53012	0.199929
53013	0.200194
53014	0.200458
53015	0.200723
53016	0.200987
53017	0.201251
53018	0.201514
53019	0.201778
53020	0.202041
53021	0.202304
53022	0.202567
53023	0.20283
53024	0.203093
53025	0.203355
53026	0.203617
53027	0.203879
53028	0.204141
53029	0.204402
53030	0.204664
53031	0.204925
53032	0.205186
53033	0.205447
53034	0.205707
53035	0.205968
53036	0.206228
53037	0.206488
53038	0.206748
53039	0.207007
53040	0.207267
53041	0.207526
53042	0.207785
53043	0.208044
53044	0.208302
53045	0.208561
53046	0.208819
53047	0.209077
53048	0.209335
53049	0.209592
53050	0.20985
53051	0.210107
53052	0.210364
53053	0.210621
53054	0.210877
53055	0.211134
53056	0.21139
53057	0.211646
53058	0.211902
53059	0.212157
53060	0.212413
53061	0.212668
53062	0.212923
53063	0.213178
53064	0.213432
53065	0.213687
53066	0.213941
53067	0.214195
53068	0.214449
53069	0.214702
53070	0.214956
53071	0.215209
53072	0.215462
53073	0.215715
53074	0.215967
53075	0.216219
53076	0.216472
53077	0.216724
53078	0.216975
53079	0.217227
53080	0.217478
53081	0.217729
53082	0.21798
53083	0.218231
53084	0.218481
53085	0.218731
53086	0.218981
53087	0.219231
53088	0.219481
53089	0.21973
53090	0.21998
53091	0.220229
53092	0.220477
53093	0.220726
53094	0.220974
53095	0.221222
53096	0.22147
53097	0.221718
53098	0.221966
53099	0.222213
53100	0.22246
53101	0.222707
53102	0.222954
53103	0.2232
53104	0.223446
53105	0.223692
53106	0.223938
53107	0.224184
53108	0.224429
53109	0.224674
53110	0.224919
53111	0.225164
53112	0.225409
53113	0.225653
53114	0.225897
53115	0.226141
53116	0.226385
53117	0.226628
53118	0.226871
53119	0.227114
53120	0.227357
53121	0.2276
53122	0.227842
53123	0.228084
53124	0.228326
53125	0.228568
53126	0.228809
53127	0.22905
53128	0.229292
53129	0.229532
53130	0.229773
53131	0.230013
53132	0.230254
53133	0.230493
53134	0.230733
53135	0.230973
53136	0.231212
53137	0.231451
53138	0.23169
53139	0.231929
53140	0.232167
53141	0.232405
53142	0.232643
53143	0.232881
53144	0.233118
53145	0.233356
53146	0.233593
53147	0.233829
53148	0.234066
53149	0.234302
53150	0.234539
53151	0.234775
53152	0.23501
53153	0.235246
53154	0.235481
53155	0.235716
53156	0.235951
53157	0.236185
53158	0.23642
53159	0.236654
53160	0.236888
53161	0.237122
53162	0.237355
53163	0.237588
53164	0.237821
53165	0.238054
53166	0.238286
53167	0.238519
53168	0.238751
53169	0.238983
53170	0.239214
53171	0.239446
53172	0.239677
53173	0.239908
53174	0.240139
53175	0.240369
53176	0.240599
53177	0.240829
53178	0.241059
53179	0.241289
53180	0.241518
53181	0.241747
53182	0.241976
53183	0.242204
53184	0.242433
53185	0.242661
53186	0.242889
53187	0.243117
53188	0.243344
53189	0.243571
53190	0.243798
53191	0.244025
53192	0.244252
53193	0.244478
53194	0.244704
53195	0.24493
53196	0.245155
53197	0.245381
53198	0.245606
53199	0.245831
53200	0.246055
53201	0.24628
53202	0.246504
53203	0.246728
53204	0.246952
53205	0.247175
53206	0.247398
53207	0.247621
53208	0.247844
53209	0.248066
53210	0.248289
53211	0.248511
53212	0.248733
53213	0.248954
53214	0.249175
53215	0.249396
53216	0.249617
53217	0.249838
53218	0.250058
53219	0.250278
53220	0.250498
53221	0.250718
53222	0.250937
53223	0.251156
53224	0.251375
53225	0.251594
53226	0.251812
53227	0.252031
53228	0.252249
53229	0.252466
53230	0.252684
53231	0.252901
53232	0.253118
53233	0.253335
53234	0.253551
53235	0.253767
53236	0.253983
53237	0.254199
53238	0.254415
53239	0.25463
53240	0.254845
53241	0.25506
53242	0.255274
53243	0.255488
53244	0.255702
53245	0.255916
53246	0.25613
53247	0.256343
53248	0.256556
53249	0.256769
53250	0.256982
53251	0.257194
53252	0.257406
53253	0.257618
53254	0.257829
53255	0.258041
53256	0.258252
53257	0.258463
53258	0.258673
53259	0.258883
53260	0.259094
53261	0.259303
53262	0.259513
53263	0.259722
53264	0.259931
53265	0.26014
53266	0.260349
53267	0.260557
53268	0.260765
53269	0.260973
53270	0.261181
53271	0.261388
53272	0.261595
53273	0.261802
53274	0.262008
53275	0.262215
53276	0.262421
53277	0.262627
53278	0.262832
53279	0.263037
53280	0.263242
53281	0.263447
53282	0.263652
53283	0.263856
53284	0.26406
53285	0.264264
53286	0.264467
53287	0.264671
53288	0.264874
53289	0.265077
53290	0.265279
53291	0.265481
53292	0.265683
53293	0.265885
53294	0.266087
53295	0.266288
53296	0.266489
53297	0.266689
53298	0.26689
53299	0.26709
53300	0.26729
53301	0.26749
53302	0.267689
53303	0.267888
53304	0.268087
53305	0.268286
53306	0.268484
53307	0.268683
53308	0.26888
53309	0.269078
53310	0.269275
53311	0.269472
53312	0.269669
53313	0.269866
53314	0.270062
53315	0.270258
53316	0.270454
53317	0.27065
53318	0.270845
53319	0.27104
53320	0.271235
53321	0.271429
53322	0.271624
53323	0.271817
53324	0.272011
53325	0.272205
53326	0.272398
53327	0.272591
53328	0.272783
53329	0.272976
53330	0.273168
53331	0.27336
53332	0.273552
53333	0.273743
53334	0.273934
53335	0.274125
53336	0.274315
53337	0.274506
53338	0.274696
53339	0.274885
53340	0.275075
53341	0.275264
53342	0.275453
53343	0.275642
53344	0.27583
53345	0.276019
53346	0.276206
53347	0.276394
53348	0.276581
53349	0.276769
53350	0.276955
53351	0.277142
53352	0.277328
53353	0.277514
53354	0.2777
53355	0.277886
53356	0.278071
53357	0.278256
53358	0.278441
53359	0.278625
53360	0.278809
53361	0.278993
53362	0.279177
53363	0.27936
53364	0.279543
53365	0.279726
53366	0.279909
53367	0.280091
53368	0.280273
53369	0.280455
53370	0.280636
53371	0.280817
53372	0.280998
53373	0.281179
53374	0.281359
53375	0.281539
53376	0.281719
53377	0.281899
53378	0.282078
53379	0.282257
53380	0.282436
53381	0.282614
53382	0.282793
53383	0.282971
53384	0.283148
53385	0.283326
53386	0.283503
53387	0.28368
53388	0.283856
53389	0.284032
53390	0.284208
53391	0.284384
53392	0.28456
53393	0.284735
53394	0.28491
53395	0.285085
53396	0.285259
53397	0.285433
53398	0.285607
53399	0.28578
53400	0.285954
53401	0.286127
53402	0.286299
53403	0.286472
53404	0.286644
53405	0.286816
53406	0.286988
53407	0.287159
53408	0.28733
53409	0.287501
53410	0.287671
53411	0.287842
53412	0.288012
53413	0.288181
53414	0.288351
53415	0.28852
53416	0.288689
53417	0.288857
53418	0.289025
53419	0.289193
53420	0.289361
53421	0.289529
53422	0.289696
53423	0.289863
53424	0.290029
53425	0.290196
53426	0.290362
53427	0.290528
53428	0.290693
53429	0.290858
53430	0.291023
53431	0.291188
53432	0.291352
53433	0.291516
53434	0.29168
53435	0.291844
53436	0.292007
53437	0.29217
53438	0.292333
53439	0.292495
53440	0.292657
53441	0.292819
53442	0.292981
53443	0.293142
53444	0.293303
53445	0.293464
53446	0.293624
53447	0.293784
53448	0.293944
53449	0.294104
53450	0.294263
53451	0.294422
53452	0.294581
53453	0.294739
53454	0.294897
53455	0.295055
53456	0.295213
53457	0.29537
53458	0.295527
53459	0.295684
53460	0.29584
53461	0.295996
53462	0.296152
53463	0.296308
53464	0.296463
53465	0.296618
53466	0.296773
53467	0.296927
53468	0.297081
53469	0.297235
53470	0.297389
53471	0.297542
53472	0.297695
53473	0.297848
53474	0.298
53475	0.298153
53476	0.298304
53477	0.298456
53478	0.298607
53479	0.298758
53480	0.298909
53481	0.29906
53482	0.29921
53483	0.299359
53484	0.299509
53485	0.299658
53486	0.299807
53487	0.299956
53488	0.300104
53489	0.300253
53490	0.3004
53491	0.300548
53492	0.300695
53493	0.300842
53494	0.300989
53495	0.301135
53496	0.301281
53497	0.301427
53498	0.301573
53499	0.301718
53500	0.301863
53501	0.302007
53502	0.302152
53503	0.302296
53504	0.302439
53505	0.302583
53506	0.302726
53507	0.302869
53508	0.303012
53509	0.303154
53510	0.303296
53511	0.303438
53512	0.303579
53513	0.30372
53514	0.303861
53515	0.304002
53516	0.304142
53517	0.304282
53518	0.304421
53519	0.304561
53520	0.3047
53521	0.304839
53522	0.304977
53523	0.305115
53524	0.305253
53525	0.305391
53526	0.305528
53527	0.305665
53528	0.305802
53529	0.305938
53530	0.306074
53531	0.30621
53532	0.306346
53533	0.306481
53534	0.306616
53535	0.306751
53536	0.306885
53537	0.307019
53538	0.307153
53539	0.307286
53540	0.30742
53541	0.307552
53542	0.307685
53543	0.307817
53544	0.307949
53545	0.308081
53546	0.308212
53547	0.308343
53548	0.308474
53549	0.308605
53550	0.308735
53551	0.308865
53552	0.308994
53553	0.309124
53554	0.309253
53555	0.309382
53556	0.30951
53557	0.309638
53558	0.309766
53559	0.309893
53560	0.310021
53561	0.310148
53562	0.310274
53563	0.310401
53564	0.310527
53565	0.310652
53566	0.310778
53567	0.310903
53568	0.311028
53569	0.311152
53570	0.311276
53571	0.3114
53572	0.311524
53573	0.311647
53574	0.31177
53575	0.311893
53576	0.312016
53577	0.312138
53578	0.312259
53579	0.312381
53580	0.312502
53581	0.312623
53582	0.312744
53583	0.312864
53584	0.312984
53585	0.313104
53586	0.313223
53587	0.313342
53588	0.313461
53589	0.31358
53590	0.313698
53591	0.313816
53592	0.313933
53593	0.314051
53594	0.314168
53595	0.314284
53596	0.314401
53597	0.314517
53598	0.314633
53599	0.314748
53600	0.314863
53601	0.314978
53602	0.315093
53603	0.315207
53604	0.315321
53605	0.315435
53606	0.315548
53607	0.315661
53608	0.315774
53609	0.315886
53610	0.315999
53611	0.31611
53612	0.316222
53613	0.316333
53614	0.316444
53615	0.316555
53616	0.316665
53617	0.316775
53618	0.316885
53619	0.316994
53620	0.317103
53621	0.317212
53622	0.317321
53623	0.317429
53624	0.317537
53625	0.317644
53626	0.317752
53627	0.317858
53628	0.317965
53629	0.318071
53630	0.318178
53631	0.318283
53632	0.318389
53633	0.318494
53634	0.318599
53635	0.318703
53636	0.318807
53637	0.318911
53638	0.319015
53639	0.319118
53640	0.319221
53641	0.319324
53642	0.319426
53643	0.319528
53644	0.31963
53645	0.319731
53646	0.319833
53647	0.319933
53648	0.320034
53649	0.320134
53650	0.320234
53651	0.320334
53652	0.320433
53653	0.320532
53654	0.320631
53655	0.320729
53656	0.320827
53657	0.320925
53658	0.321022
53659	0.321119
53660	0.321216
53661	0.321313
53662	0.321409
53663	0.321505
53664	0.3216
53665	0.321695
53666	0.32179
53667	0.321885
53668	0.321979
53669	0.322073
53670	0.322167
53671	0.322261
53672	0.322354
53673	0.322447
53674	0.322539
53675	0.322631
53676	0.322723
53677	0.322815
53678	0.322906
53679	0.322997
53680	0.323087
53681	0.323178
53682	0.323268
53683	0.323357
53684	0.323447
53685	0.323536
53686	0.323625
53687	0.323713
53688	0.323801
53689	0.323889
53690	0.323977
53691	0.324064
53692	0.324151
53693	0.324237
53694	0.324323
53695	0.324409
53696	0.324495
53697	0.32458
53698	0.324665
53699	0.32475
53700	0.324835
53701	0.324919
53702	0.325002
53703	0.325086
53704	0.325169
53705	0.325252
53706	0.325334
53707	0.325417
53708	0.325499
53709	0.32558
53710	0.325661
53711	0.325742
53712	0.325823
53713	0.325903
53714	0.325983
53715	0.326063
53716	0.326142
53717	0.326222
53718	0.3263
53719	0.326379
53720	0.326457
53721	0.326535
53722	0.326612
53723	0.326689
53724	0.326766
53725	0.326843
53726	0.326919
53727	0.326995
53728	0.327071
53729	0.327146
53730	0.327221
53731	0.327296
53732	0.32737
53733	0.327444
53734	0.327518
53735	0.327591
53736	0.327665
53737	0.327737
53738	0.32781
53739	0.327882
53740	0.327954
53741	0.328025
53742	0.328097
53743	0.328168
53744	0.328238
53745	0.328308
53746	0.328378
53747	0.328448
53748	0.328517
53749	0.328586
53750	0.328655
53751	0.328724
53752	0.328792
53753	0.328859
53754	0.328927
53755	0.328994
53756	0.329061
53757	0.329127
53758	0.329193
53759	0.329259
53760	0.329325
53761	0.32939
53762	0.329455
53763	0.32952
53764	0.329584
53765	0.329648
53766	0.329712
53767	0.329775
53768	0.329838
53769	0.329901
53770	0.329963
53771	0.330025
53772	0.330087
53773	0.330148
53774	0.33021
53775	0.33027
53776	0.330331
53777	0.330391
53778	0.330451
53779	0.33051
53780	0.33057
53781	0.330629
53782	0.330687
53783	0.330745
53784	0.330803
53785	0.330861
53786	0.330918
53787	0.330975
53788	0.331032
53789	0.331088
53790	0.331145
53791	0.3312
53792	0.331256
53793	0.331311
53794	0.331366
53795	0.33142
53796	0.331474
53797	0.331528
53798	0.331582
53799	0.331635
53800	0.331688
53801	0.33174
53802	0.331793
53803	0.331844
53804	0.331896
53805	0.331947
53806	0.331998
53807	0.332049
53808	0.332099
53809	0.332149
53810	0.332199
53811	0.332248
53812	0.332298
53813	0.332346
53814	0.332395
53815	0.332443
53816	0.332491
53817	0.332538
53818	0.332585
53819	0.332632
53820	0.332679
53821	0.332725
53822	0.332771
53823	0.332816
53824	0.332862
53825	0.332907
53826	0.332951
53827	0.332995
53828	0.333039
53829	0.333083
53830	0.333126
53831	0.333169
53832	0.333212
53833	0.333255
53834	0.333297
53835	0.333338
53836	0.33338
53837	0.333421
53838	0.333462
53839	0.333502
53840	0.333542
53841	0.333582
53842	0.333622
53843	0.333661
53844	0.3337
53845	0.333738
53846	0.333776
53847	0.333814
53848	0.333852
53849	0.333889
53850	0.333926
53851	0.333963
53852	0.333999
53853	0.334035
53854	0.334071
53855	0.334106
53856	0.334141
53857	0.334176
53858	0.33421
53859	0.334245
53860	0.334278
53861	0.334312
53862	0.334345
53863	0.334378
53864	0.33441
53865	0.334442
53866	0.334474
53867	0.334506
53868	0.334537
53869	0.334568
53870	0.334598
53871	0.334629
53872	0.334659
53873	0.334688
53874	0.334717
53875	0.334746
53876	0.334775
53877	0.334803
53878	0.334831
53879	0.334859
53880	0.334886
53881	0.334914
53882	0.33494
53883	0.334967
53884	0.334993
53885	0.335019
53886	0.335044
53887	0.335069
53888	0.335094
53889	0.335118
53890	0.335143
53891	0.335166
53892	0.33519
53893	0.335213
53894	0.335236
53895	0.335259
53896	0.335281
53897	0.335303
53898	0.335325
53899	0.335346
53900	0.335367
53901	0.335387
53902	0.335408
53903	0.335428
53904	0.335447
53905	0.335467
53906	0.335486
53907	0.335505
53908	0.335523
53909	0.335541
53910	0.335559
53911	0.335576
53912	0.335594
53913	0.33561
53914	0.335627
53915	0.335643
53916	0.335659
53917	0.335674
53918	0.33569
53919	0.335704
53920	0.335719
53921	0.335733
53922	0.335747
53923	0.335761
53924	0.335774
53925	0.335787
53926	0.3358
53927	0.335812
53928	0.335824
53929	0.335836
53930	0.335847
53931	0.335858
53932	0.335869
53933	0.335879
53934	0.335889
53935	0.335899
53936	0.335909
53937	0.335918
53938	0.335927
53939	0.335935
53940	0.335943
53941	0.335951
53942	0.335959
53943	0.335966
53944	0.335973
53945	0.335979
53946	0.335986
53947	0.335992
53948	0.335997
53949	0.336002
53950	0.336007
53951	0.336012
53952	0.336016
53953	0.33602
53954	0.336024
53955	0.336027
53956	0.33603
53957	0.336033
53958	0.336036
53959	0.336038
53960	0.336039
53961	0.336041
53962	0.336042
53963	0.336043
53964	0.336043
53965	0.336044
53966	0.336043
53967	0.336043
53968	0.336042
53969	0.336041
53970	0.33604
53971	0.336038
53972	0.336036
53973	0.336033
53974	0.336031
53975	0.336028
53976	0.336024
53977	0.336021
53978	0.336017
53979	0.336012
53980	0.336008
53981	0.336003
53982	0.335997
53983	0.335992
53984	0.335986
53985	0.33598
53986	0.335973
53987	0.335966
53988	0.335959
53989	0.335952
53990	0.335944
53991	0.335936
53992	0.335927
53993	0.335918
53994	0.335909
53995	0.3359
53996	0.33589
53997	0.33588
53998	0.33587
53999	0.335859
54000	0.335848
54001	0.335837
54002	0.335825
54003	0.335813
54004	0.335801
54005	0.335788
54006	0.335775
54007	0.335762
54008	0.335748
54009	0.335734
54010	0.33572
54011	0.335706
54012	0.335691
54013	0.335676
54014	0.33566
54015	0.335644
54016	0.335628
54017	0.335612
54018	0.335595
54019	0.335578
54020	0.33556
54021	0.335543
54022	0.335525
54023	0.335506
54024	0.335488
54025	0.335469
54026	0.335449
54027	0.33543
54028	0.33541
54029	0.335389
54030	0.335369
54031	0.335348
54032	0.335327
54033	0.335305
54034	0.335283
54035	0.335261
54036	0.335238
54037	0.335216
54038	0.335193
54039	0.335169
54040	0.335145
54041	0.335121
54042	0.335097
54043	0.335072
54044	0.335047
54045	0.335022
54046	0.334996
54047	0.33497
54048	0.334944
54049	0.334917
54050	0.33489
54051	0.334863
54052	0.334835
54053	0.334807
54054	0.334779
54055	0.33475
54056	0.334721
54057	0.334692
54058	0.334663
54059	0.334633
54060	0.334603
54061	0.334572
54062	0.334542
54063	0.33451
54064	0.334479
54065	0.334447
54066	0.334415
54067	0.334383
54068	0.33435
54069	0.334317
54070	0.334284
54071	0.33425
54072	0.334216
54073	0.334182
54074	0.334147
54075	0.334113
54076	0.334077
54077	0.334042
54078	0.334006
54079	0.33397
54080	0.333933
54081	0.333896
54082	0.333859
54083	0.333822
54084	0.333784
54085	0.333746
54086	0.333708
54087	0.333669
54088	0.33363
54089	0.333591
54090	0.333551
54091	0.333511
54092	0.333471
54093	0.33343
54094	0.333389
54095	0.333348
54096	0.333306
54097	0.333265
54098	0.333222
54099	0.33318
54100	0.333137
54101	0.333094
54102	0.33305
54103	0.333007
54104	0.332963
54105	0.332918
54106	0.332874
54107	0.332829
54108	0.332783
54109	0.332738
54110	0.332692
54111	0.332645
54112	0.332599
54113	0.332552
54114	0.332505
54115	0.332457
54116	0.332409
54117	0.332361
54118	0.332312
54119	0.332264
54120	0.332215
54121	0.332165
54122	0.332115
54123	0.332065
54124	0.332015
54125	0.331964
54126	0.331913
54127	0.331862
54128	0.33181
54129	0.331758
54130	0.331706
54131	0.331653
54132	0.331601
54133	0.331547
54134	0.331494
54135	0.33144
54136	0.331386
54137	0.331331
54138	0.331277
54139	0.331222
54140	0.331166
54141	0.33111
54142	0.331054
54143	0.330998
54144	0.330941
54145	0.330884
54146	0.330827
54147	0.33077
54148	0.330712
54149	0.330653
54150	0.330595
54151	0.330536
54152	0.330477
54153	0.330417
54154	0.330358
54155	0.330298
54156	0.330237
54157	0.330176
54158	0.330115
54159	0.330054
54160	0.329992
54161	0.32993
54162	0.329868
54163	0.329806
54164	0.329743
54165	0.329679
54166	0.329616
54167	0.329552
54168	0.329488
54169	0.329423
54170	0.329359
54171	0.329294
54172	0.329228
54173	0.329163
54174	0.329096
54175	0.32903
54176	0.328964
54177	0.328897
54178	0.328829
54179	0.328762
54180	0.328694
54181	0.328626
54182	0.328557
54183	0.328488
54184	0.328419
54185	0.32835
54186	0.32828
54187	0.32821
54188	0.32814
54189	0.328069
54190	0.327998
54191	0.327927
54192	0.327855
54193	0.327783
54194	0.327711
54195	0.327639
54196	0.327566
54197	0.327493
54198	0.327419
54199	0.327345
54200	0.327271
54201	0.327197
54202	0.327122
54203	0.327047
54204	0.326972
54205	0.326896
54206	0.32682
54207	0.326744
54208	0.326668
54209	0.326591
54210	0.326514
54211	0.326436
54212	0.326358
54213	0.32628
54214	0.326202
54215	0.326123
54216	0.326044
54217	0.325965
54218	0.325885
54219	0.325805
54220	0.325725
54221	0.325645
54222	0.325564
54223	0.325483
54224	0.325401
54225	0.325319
54226	0.325237
54227	0.325155
54228	0.325072
54229	0.324989
54230	0.324906
54231	0.324823
54232	0.324739
54233	0.324654
54234	0.32457
54235	0.324485
54236	0.3244
54237	0.324315
54238	0.324229
54239	0.324143
54240	0.324056
54241	0.32397
54242	0.323883
54243	0.323796
54244	0.323708
54245	0.32362
54246	0.323532
54247	0.323444
54248	0.323355
54249	0.323266
54250	0.323176
54251	0.323087
54252	0.322997
54253	0.322906
54254	0.322816
54255	0.322725
54256	0.322634
54257	0.322542
54258	0.32245
54259	0.322358
54260	0.322266
54261	0.322173
54262	0.32208
54263	0.321987
54264	0.321893
54265	0.321799
54266	0.321705
54267	0.32161
54268	0.321516
54269	0.32142
54270	0.321325
54271	0.321229
54272	0.321133
54273	0.321037
54274	0.32094
54275	0.320843
54276	0.320746
54277	0.320649
54278	0.320551
54279	0.320453
54280	0.320354
54281	0.320255
54282	0.320156
54283	0.320057
54284	0.319957
54285	0.319857
54286	0.319757
54287	0.319657
54288	0.319556
54289	0.319455
54290	0.319353
54291	0.319251
54292	0.319149
54293	0.319047
54294	0.318944
54295	0.318841
54296	0.318738
54297	0.318635
54298	0.318531
54299	0.318427
54300	0.318322
54301	0.318217
54302	0.318112
54303	0.318007
54304	0.317901
54305	0.317795
54306	0.317689
54307	0.317583
54308	0.317476
54309	0.317369
54310	0.317261
54311	0.317154
54312	0.317046
54313	0.316937
54314	0.316829
54315	0.31672
54316	0.316611
54317	0.316501
54318	0.316391
54319	0.316281
54320	0.316171
54321	0.31606
54322	0.315949
54323	0.315838
54324	0.315726
54325	0.315615
54326	0.315502
54327	0.31539
54328	0.315277
54329	0.315164
54330	0.315051
54331	0.314937
54332	0.314823
54333	0.314709
54334	0.314595
54335	0.31448
54336	0.314365
54337	0.314249
54338	0.314134
54339	0.314018
54340	0.313901
54341	0.313785
54342	0.313668
54343	0.313551
54344	0.313433
54345	0.313316
54346	0.313198
54347	0.313079
54348	0.312961
54349	0.312842
54350	0.312723
54351	0.312603
54352	0.312483
54353	0.312363
54354	0.312243
54355	0.312122
54356	0.312001
54357	0.31188
54358	0.311759
54359	0.311637
54360	0.311515
54361	0.311392
54362	0.31127
54363	0.311147
54364	0.311023
54365	0.3109
54366	0.310776
54367	0.310652
54368	0.310527
54369	0.310403
54370	0.310278
54371	0.310152
54372	0.310027
54373	0.309901
54374	0.309775
54375	0.309648
54376	0.309521
54377	0.309394
54378	0.309267
54379	0.309139
54380	0.309012
54381	0.308883
54382	0.308755
54383	0.308626
54384	0.308497
54385	0.308368
54386	0.308238
54387	0.308108
54388	0.307978
54389	0.307847
54390	0.307717
54391	0.307586
54392	0.307454
54393	0.307323
54394	0.307191
54395	0.307059
54396	0.306926
54397	0.306793
54398	0.30666
54399	0.306527
54400	0.306393
54401	0.306259
54402	0.306125
54403	0.305991
54404	0.305856
54405	0.305721
54406	0.305585
54407	0.30545
54408	0.305314
54409	0.305178
54410	0.305041
54411	0.304904
54412	0.304767
54413	0.30463
54414	0.304492
54415	0.304354
54416	0.304216
54417	0.304078
54418	0.303939
54419	0.3038
54420	0.303661
54421	0.303521
54422	0.303381
54423	0.303241
54424	0.303101
54425	0.30296
54426	0.302819
54427	0.302677
54428	0.302536
54429	0.302394
54430	0.302252
54431	0.302109
54432	0.301967
54433	0.301824
54434	0.30168
54435	0.301537
54436	0.301393
54437	0.301249
54438	0.301105
54439	0.30096
54440	0.300815
54441	0.30067
54442	0.300524
54443	0.300378
54444	0.300232
54445	0.300086
54446	0.299939
54447	0.299792
54448	0.299645
54449	0.299498
54450	0.29935
54451	0.299202
54452	0.299054
54453	0.298905
54454	0.298756
54455	0.298607
54456	0.298458
54457	0.298308
54458	0.298158
54459	0.298008
54460	0.297857
54461	0.297707
54462	0.297555
54463	0.297404
54464	0.297252
54465	0.297101
54466	0.296948
54467	0.296796
54468	0.296643
54469	0.29649
54470	0.296337
54471	0.296183
54472	0.296029
54473	0.295875
54474	0.295721
54475	0.295566
54476	0.295411
54477	0.295256
54478	0.295101
54479	0.294945
54480	0.294789
54481	0.294633
54482	0.294476
54483	0.294319
54484	0.294162
54485	0.294005
54486	0.293847
54487	0.293689
54488	0.293531
54489	0.293372
54490	0.293213
54491	0.293054
54492	0.292895
54493	0.292736
54494	0.292576
54495	0.292416
54496	0.292255
54497	0.292094
54498	0.291933
54499	0.291772
54500	0.291611
54501	0.291449
54502	0.291287
54503	0.291125
54504	0.290962
54505	0.290799
54506	0.290636
54507	0.290473
54508	0.290309
54509	0.290145
54510	0.289981
54511	0.289817
54512	0.289652
54513	0.289487
54514	0.289321
54515	0.289156
54516	0.28899
54517	0.288824
54518	0.288658
54519	0.288491
54520	0.288324
54521	0.288157
54522	0.28799
54523	0.287822
54524	0.287654
54525	0.287486
54526	0.287317
54527	0.287149
54528	0.286979
54529	0.28681
54530	0.286641
54531	0.286471
54532	0.286301
54533	0.28613
54534	0.28596
54535	0.285789
54536	0.285618
54537	0.285446
54538	0.285275
54539	0.285103
54540	0.28493
54541	0.284758
54542	0.284585
54543	0.284412
54544	0.284239
54545	0.284065
54546	0.283892
54547	0.283717
54548	0.283543
54549	0.283369
54550	0.283194
54551	0.283019
54552	0.282843
54553	0.282668
54554	0.282492
54555	0.282315
54556	0.282139
54557	0.281962
54558	0.281785
54559	0.281608
54560	0.281431
54561	0.281253
54562	0.281075
54563	0.280897
54564	0.280718
54565	0.280539
54566	0.28036
54567	0.280181
54568	0.280001
54569	0.279822
54570	0.279641
54571	0.279461
54572	0.279281
54573	0.2791
54574	0.278919
54575	0.278737
54576	0.278555
54577	0.278374
54578	0.278191
54579	0.278009
54580	0.277826
54581	0.277643
54582	0.27746
54583	0.277277
54584	0.277093
54585	0.276909
54586	0.276725
54587	0.27654
54588	0.276356
54589	0.276171
54590	0.275985
54591	0.2758
54592	0.275614
54593	0.275428
54594	0.275242
54595	0.275055
54596	0.274868
54597	0.274681
54598	0.274494
54599	0.274306
54600	0.274119
54601	0.273931
54602	0.273742
54603	0.273554
54604	0.273365
54605	0.273176
54606	0.272986
54607	0.272797
54608	0.272607
54609	0.272417
54610	0.272226
54611	0.272036
54612	0.271845
54613	0.271654
54614	0.271462
54615	0.271271
54616	0.271079
54617	0.270887
54618	0.270694
54619	0.270502
54620	0.270309
54621	0.270116
54622	0.269922
54623	0.269729
54624	0.269535
54625	0.269341
54626	0.269146
54627	0.268952
54628	0.268757
54629	0.268562
54630	0.268366
54631	0.268171
54632	0.267975
54633	0.267779
54634	0.267582
54635	0.267386
54636	0.267189
54637	0.266992
54638	0.266794
54639	0.266597
54640	0.266399
54641	0.266201
54642	0.266002
54643	0.265804
54644	0.265605
54645	0.265406
54646	0.265206
54647	0.265007
54648	0.264807
54649	0.264607
54650	0.264406
54651	0.264206
54652	0.264005
54653	0.263804
54654	0.263603
54655	0.263401
54656	0.263199
54657	0.262997
54658	0.262795
54659	0.262592
54660	0.26239
54661	0.262187
54662	0.261983
54663	0.26178
54664	0.261576
54665	0.261372
54666	0.261168
54667	0.260963
54668	0.260758
54669	0.260553
54670	0.260348
54671	0.260143
54672	0.259937
54673	0.259731
54674	0.259525
54675	0.259318
54676	0.259112
54677	0.258905
54678	0.258698
54679	0.25849
54680	0.258283
54681	0.258075
54682	0.257867
54683	0.257658
54684	0.25745
54685	0.257241
54686	0.257032
54687	0.256822
54688	0.256613
54689	0.256403
54690	0.256193
54691	0.255983
54692	0.255772
54693	0.255562
54694	0.255351
54695	0.255139
54696	0.254928
54697	0.254716
54698	0.254504
54699	0.254292
54700	0.25408
54701	0.253867
54702	0.253654
54703	0.253441
54704	0.253228
54705	0.253014
54706	0.2528
54707	0.252586
54708	0.252372
54709	0.252157
54710	0.251943
54711	0.251728
54712	0.251512
54713	0.251297
54714	0.251081
54715	0.250865
54716	0.250649
54717	0.250433
54718	0.250216
54719	0.249999
54720	0.249782
54721	0.249565
54722	0.249347
54723	0.249129
54724	0.248911
54725	0.248693
54726	0.248475
54727	0.248256
54728	0.248037
54729	0.247818
54730	0.247598
54731	0.247379
54732	0.247159
54733	0.246939
54734	0.246718
54735	0.246498
54736	0.246277
54737	0.246056
54738	0.245835
54739	0.245613
54740	0.245392
54741	0.24517
54742	0.244947
54743	0.244725
54744	0.244502
54745	0.24428
54746	0.244056
54747	0.243833
54748	0.24361
54749	0.243386
54750	0.243162
54751	0.242938
54752	0.242713
54753	0.242488
54754	0.242264
54755	0.242038
54756	0.241813
54757	0.241588
54758	0.241362
54759	0.241136
54760	0.240909
54761	0.240683
54762	0.240456
54763	0.240229
54764	0.240002
54765	0.239775
54766	0.239547
54767	0.239319
54768	0.239091
54769	0.238863
54770	0.238635
54771	0.238406
54772	0.238177
54773	0.237948
54774	0.237718
54775	0.237489
54776	0.237259
54777	0.237029
54778	0.236799
54779	0.236568
54780	0.236338
54781	0.236107
54782	0.235876
54783	0.235644
54784	0.235413
54785	0.235181
54786	0.234949
54787	0.234717
54788	0.234484
54789	0.234251
54790	0.234018
54791	0.233785
54792	0.233552
54793	0.233318
54794	0.233085
54795	0.232851
54796	0.232617
54797	0.232382
54798	0.232147
54799	0.231913
54800	0.231678
54801	0.231442
54802	0.231207
54803	0.230971
54804	0.230735
54805	0.230499
54806	0.230263
54807	0.230026
54808	0.229789
54809	0.229552
54810	0.229315
54811	0.229078
54812	0.22884
54813	0.228602
54814	0.228364
54815	0.228126
54816	0.227887
54817	0.227648
54818	0.227409
54819	0.22717
54820	0.226931
54821	0.226691
54822	0.226452
54823	0.226212
54824	0.225971
54825	0.225731
54826	0.22549
54827	0.22525
54828	0.225009
54829	0.224767
54830	0.224526
54831	0.224284
54832	0.224042
54833	0.2238
54834	0.223558
54835	0.223315
54836	0.223073
54837	0.22283
54838	0.222587
54839	0.222343
54840	0.2221
54841	0.221856
54842	0.221612
54843	0.221368
54844	0.221123
54845	0.220879
54846	0.220634
54847	0.220389
54848	0.220144
54849	0.219898
54850	0.219653
54851	0.219407
54852	0.219161
54853	0.218915
54854	0.218668
54855	0.218421
54856	0.218175
54857	0.217928
54858	0.21768
54859	0.217433
54860	0.217185
54861	0.216937
54862	0.216689
54863	0.216441
54864	0.216192
54865	0.215944
54866	0.215695
54867	0.215446
54868	0.215197
54869	0.214947
54870	0.214697
54871	0.214447
54872	0.214197
54873	0.213947
54874	0.213697
54875	0.213446
54876	0.213195
54877	0.212944
54878	0.212693
54879	0.212441
54880	0.212189
54881	0.211937
54882	0.211685
54883	0.211433
54884	0.211181
54885	0.210928
54886	0.210675
54887	0.210422
54888	0.210169
54889	0.209915
54890	0.209662
54891	0.209408
54892	0.209154
54893	0.208899
54894	0.208645
54895	0.20839
54896	0.208135
54897	0.20788
54898	0.207625
54899	0.20737
54900	0.207114
54901	0.206858
54902	0.206602
54903	0.206346
54904	0.20609
54905	0.205833
54906	0.205576
54907	0.205319
54908	0.205062
54909	0.204805
54910	0.204547
54911	0.204289
54912	0.204031
54913	0.203773
54914	0.203515
54915	0.203256
54916	0.202998
54917	0.202739
54918	0.20248
54919	0.20222
54920	0.201961
54921	0.201701
54922	0.201441
54923	0.201181
54924	0.200921
54925	0.200661
54926	0.2004
54927	0.200139
54928	0.199878
54929	0.199617
54930	0.199356
54931	0.199094
54932	0.198833
54933	0.198571
54934	0.198309
54935	0.198046
54936	0.197784
54937	0.197521
54938	0.197258
54939	0.196995
54940	0.196732
54941	0.196469
54942	0.196205
54943	0.195941
54944	0.195677
54945	0.195413
54946	0.195149
54947	0.194884
54948	0.19462
54949	0.194355
54950	0.19409
54951	0.193824
54952	0.193559
54953	0.193293
54954	0.193028
54955	0.192762
54956	0.192495
54957	0.192229
54958	0.191963
54959	0.191696
54960	0.191429
54961	0.191162
54962	0.190895
54963	0.190627
54964	0.19036
54965	0.190092
54966	0.189824
54967	0.189556
54968	0.189288
54969	0.189019
54970	0.18875
54971	0.188482
54972	0.188213
54973	0.187943
54974	0.187674
54975	0.187404
54976	0.187135
54977	0.186865
54978	0.186595
54979	0.186324
54980	0.186054
54981	0.185783
54982	0.185513
54983	0.185242
54984	0.18497
54985	0.184699
54986	0.184428
54987	0.184156
54988	0.183884
54989	0.183612
54990	0.18334
54991	0.183068
54992	0.182795
54993	0.182522
54994	0.18225
54995	0.181977
54996	0.181703
54997	0.18143
54998	0.181156
54999	0.180883
55000	0.180609
55001	0.180335
55002	0.18006
55003	0.179786
55004	0.179511
55005	0.179237
55006	0.178962
55007	0.178687
55008	0.178411
55009	0.178136
55010	0.17786
55011	0.177585
55012	0.177309
55013	0.177033
55014	0.176756
55015	0.17648
55016	0.176203
55017	0.175927
55018	0.17565
55019	0.175373
55020	0.175095
55021	0.174818
55022	0.17454
55023	0.174262
55024	0.173985
55025	0.173706
55026	0.173428
55027	0.17315
55028	0.172871
55029	0.172592
55030	0.172314
55031	0.172035
55032	0.171755
55033	0.171476
55034	0.171196
55035	0.170917
55036	0.170637
55037	0.170357
55038	0.170076
55039	0.169796
55040	0.169516
55041	0.169235
55042	0.168954
55043	0.168673
55044	0.168392
55045	0.168111
55046	0.167829
55047	0.167547
55048	0.167266
55049	0.166984
55050	0.166702
55051	0.166419
55052	0.166137
55053	0.165854
55054	0.165572
55055	0.165289
55056	0.165006
55057	0.164722
55058	0.164439
55059	0.164155
55060	0.163872
55061	0.163588
55062	0.163304
55063	0.16302
55064	0.162735
55065	0.162451
55066	0.162166
55067	0.161882
55068	0.161597
55069	0.161312
55070	0.161026
55071	0.160741
55072	0.160456
55073	0.16017
55074	0.159884
55075	0.159598
55076	0.159312
55077	0.159026
55078	0.158739
55079	0.158453
55080	0.158166
55081	0.157879
55082	0.157592
55083	0.157305
55084	0.157017
55085	0.15673
55086	0.156442
55087	0.156154
55088	0.155866
55089	0.155578
55090	0.15529
55091	0.155002
55092	0.154713
55093	0.154425
55094	0.154136
55095	0.153847
55096	0.153558
55097	0.153268
55098	0.152979
55099	0.15269
55100	0.1524
55101	0.15211
55102	0.15182
55103	0.15153
55104	0.15124
55105	0.150949
55106	0.150659
55107	0.150368
55108	0.150077
55109	0.149786
55110	0.149495
55111	0.149204
55112	0.148912
55113	0.148621
55114	0.148329
55115	0.148037
55116	0.147745
55117	0.147453
55118	0.147161
55119	0.146868
55120	0.146576
55121	0.146283
55122	0.14599
55123	0.145697
55124	0.145404
55125	0.145111
55126	0.144818
55127	0.144524
55128	0.144231
55129	0.143937
55130	0.143643
55131	0.143349
55132	0.143055
55133	0.14276
55134	0.142466
55135	0.142171
55136	0.141877
55137	0.141582
55138	0.141287
55139	0.140991
55140	0.140696
55141	0.140401
55142	0.140105
55143	0.13981
55144	0.139514
55145	0.139218
55146	0.138922
55147	0.138626
55148	0.138329
55149	0.138033
55150	0.137736
55151	0.137439
55152	0.137143
55153	0.136846
55154	0.136548
55155	0.136251
55156	0.135954
55157	0.135656
55158	0.135359
55159	0.135061
55160	0.134763
55161	0.134465
55162	0.134167
55163	0.133868
55164	0.13357
55165	0.133271
55166	0.132973
55167	0.132674
55168	0.132375
55169	0.132076
55170	0.131777
55171	0.131478
55172	0.131178
55173	0.130879
55174	0.130579
55175	0.130279
55176	0.129979
55177	0.129679
55178	0.129379
55179	0.129079
55180	0.128778
55181	0.128478
55182	0.128177
55183	0.127876
55184	0.127575
55185	0.127274
55186	0.126973
55187	0.126672
55188	0.12637
55189	0.126069
55190	0.125767
55191	0.125465
55192	0.125164
55193	0.124862
55194	0.124559
55195	0.124257
55196	0.123955
55197	0.123652
55198	0.12335
55199	0.123047
55200	0.122744
55201	0.122441
55202	0.122138
55203	0.121835
55204	0.121532
55205	0.121228
55206	0.120925
55207	0.120621
55208	0.120317
55209	0.120013
55210	0.119709
55211	0.119405
55212	0.119101
55213	0.118797
55214	0.118492
55215	0.118188
55216	0.117883
55217	0.117578
55218	0.117273
55219	0.116968
55220	0.116663
55221	0.116358
55222	0.116053
55223	0.115747
55224	0.115442
55225	0.115136
55226	0.11483
55227	0.114524
55228	0.114218
55229	0.113912
55230	0.113606
55231	0.113299
55232	0.112993
55233	0.112686
55234	0.11238
55235	0.112073
55236	0.111766
55237	0.111459
55238	0.111152
55239	0.110845
55240	0.110537
55241	0.11023
55242	0.109923
55243	0.109615
55244	0.109307
55245	0.108999
55246	0.108691
55247	0.108383
55248	0.108075
55249	0.107767
55250	0.107459
55251	0.10715
55252	0.106841
55253	0.106533
55254	0.106224
55255	0.105915
55256	0.105606
55257	0.105297
55258	0.104988
55259	0.104679
55260	0.104369
55261	0.10406
55262	0.10375
55263	0.10344
55264	0.103131
55265	0.102821
55266	0.102511
55267	0.102201
55268	0.101891
55269	0.10158
55270	0.10127
55271	0.100959
55272	0.100649
55273	0.100338
55274	0.100027
55275	0.0997165
55276	0.0994056
55277	0.0990945
55278	0.0987834
55279	0.0984721
55280	0.0981608
55281	0.0978493
55282	0.0975378
55283	0.0972262
55284	0.0969145
55285	0.0966026
55286	0.0962907
55287	0.0959787
55288	0.0956666
55289	0.0953545
55290	0.0950422
55291	0.0947298
55292	0.0944173
55293	0.0941048
55294	0.0937921
55295	0.0934794
55296	0.0931666
55297	0.0928537
55298	0.0925407
55299	0.0922276
55300	0.0919144
55301	0.0916011
55302	0.0912878
55303	0.0909743
55304	0.0906608
55305	0.0903471
55306	0.0900334
55307	0.0897196
55308	0.0894057
55309	0.0890918
55310	0.0887777
55311	0.0884636
55312	0.0881493
55313	0.087835
55314	0.0875206
55315	0.0872061
55316	0.0868915
55317	0.0865769
55318	0.0862621
55319	0.0859473
55320	0.0856324
55321	0.0853174
55322	0.0850023
55323	0.0846872
55324	0.0843719
55325	0.0840566
55326	0.0837412
55327	0.0834257
55328	0.0831102
55329	0.0827945
55330	0.0824788
55331	0.082163
55332	0.0818471
55333	0.0815311
55334	0.0812151
55335	0.0808989
55336	0.0805827
55337	0.0802665
55338	0.0799501
55339	0.0796337
55340	0.0793171
55341	0.0790005
55342	0.0786839
55343	0.0783671
55344	0.0780503
55345	0.0777334
55346	0.0774164
55347	0.0770994
55348	0.0767822
55349	0.076465
55350	0.0761478
55351	0.0758304
55352	0.075513
55353	0.0751955
55354	0.0748779
55355	0.0745603
55356	0.0742425
55357	0.0739247
55358	0.0736069
55359	0.0732889
55360	0.0729709
55361	0.0726529
55362	0.0723347
55363	0.0720165
55364	0.0716982
55365	0.0713798
55366	0.0710614
55367	0.0707429
55368	0.0704243
55369	0.0701057
55370	0.069787
55371	0.0694682
55372	0.0691494
55373	0.0688304
55374	0.0685115
55375	0.0681924
55376	0.0678733
55377	0.0675541
55378	0.0672349
55379	0.0669155
55380	0.0665962
55381	0.0662767
55382	0.0659572
55383	0.0656376
55384	0.065318
55385	0.0649983
55386	0.0646785
55387	0.0643587
55388	0.0640388
55389	0.0637188
55390	0.0633988
55391	0.0630787
55392	0.0627586
55393	0.0624384
55394	0.0621181
55395	0.0617978
55396	0.0614774
55397	0.0611569
55398	0.0608364
55399	0.0605158
55400	0.0601952
55401	0.0598745
55402	0.0595537
55403	0.0592329
55404	0.0589121
55405	0.0585911
55406	0.0582701
55407	0.0579491
55408	0.057628
55409	0.0573068
55410	0.0569856
55411	0.0566643
55412	0.056343
55413	0.0560216
55414	0.0557002
55415	0.0553787
55416	0.0550571
55417	0.0547355
55418	0.0544139
55419	0.0540922
55420	0.0537704
55421	0.0534486
55422	0.0531267
55423	0.0528048
55424	0.0524828
55425	0.0521607
55426	0.0518387
55427	0.0515165
55428	0.0511943
55429	0.0508721
55430	0.0505498
55431	0.0502275
55432	0.0499051
55433	0.0495826
55434	0.0492601
55435	0.0489376
55436	0.048615
55437	0.0482924
55438	0.0479697
55439	0.047647
55440	0.0473242
55441	0.0470013
55442	0.0466785
55443	0.0463555
55444	0.0460326
55445	0.0457096
55446	0.0453865
55447	0.0450634
55448	0.0447402
55449	0.044417
55450	0.0440938
55451	0.0437705
55452	0.0434472
55453	0.0431238
55454	0.0428004
55455	0.0424769
55456	0.0421534
55457	0.0418299
55458	0.0415063
55459	0.0411826
55460	0.040859
55461	0.0405352
55462	0.0402115
55463	0.0398877
55464	0.0395638
55465	0.03924
55466	0.038916
55467	0.0385921
55468	0.0382681
55469	0.037944
55470	0.03762
55471	0.0372959
55472	0.0369717
55473	0.0366475
55474	0.0363233
55475	0.035999
55476	0.0356747
55477	0.0353504
55478	0.035026
55479	0.0347016
55480	0.0343771
55481	0.0340527
55482	0.0337281
55483	0.0334036
55484	0.033079
55485	0.0327544
55486	0.0324297
55487	0.032105
55488	0.0317803
55489	0.0314556
55490	0.0311308
55491	0.030806
55492	0.0304811
55493	0.0301562
55494	0.0298313
55495	0.0295064
55496	0.0291814
55497	0.0288564
55498	0.0285313
55499	0.0282063
55500	0.0278812
55501	0.027556
55502	0.0272309
55503	0.0269057
55504	0.0265805
55505	0.0262552
55506	0.02593
55507	0.0256047
55508	0.0252794
55509	0.024954
55510	0.0246286
55511	0.0243032
55512	0.0239778
55513	0.0236523
55514	0.0233269
55515	0.0230014
55516	0.0226758
55517	0.0223503
55518	0.0220247
55519	0.0216991
55520	0.0213735
55521	0.0210478
55522	0.0207221
55523	0.0203964
55524	0.0200707
55525	0.019745
55526	0.0194192
55527	0.0190934
55528	0.0187676
55529	0.0184418
55530	0.018116
55531	0.0177901
55532	0.0174642
55533	0.0171383
55534	0.0168124
55535	0.0164864
55536	0.0161605
55537	0.0158345
55538	0.0155085
55539	0.0151825
55540	0.0148564
55541	0.0145304
55542	0.0142043
55543	0.0138782
55544	0.0135521
55545	0.013226
55546	0.0128999
55547	0.0125737
55548	0.0122476
55549	0.0119214
55550	0.0115952
55551	0.011269
55552	0.0109428
55553	0.0106166
55554	0.0102903
55555	0.00996405
55556	0.00963778
55557	0.00931149
55558	0.0089852
55559	0.00865889
55560	0.00833257
55561	0.00800624
55562	0.0076799
55563	0.00735355
55564	0.00702719
55565	0.00670081
55566	0.00637443
55567	0.00604804
55568	0.00572164
55569	0.00539524
55570	0.00506882
55571	0.0047424
55572	0.00441597
55573	0.00408953
55574	0.00376308
55575	0.00343663
55576	0.00311017
55577	0.0027837
55578	0.00245723
55579	0.00213075
55580	0.00180427
55581	0.00147778
55582	0.00115129
55583	0.000824797
55584	0.000498296
55585	0.000171792
55586	-0.000154715
55587	-0.000481226
55588	-0.000807739
55589	-0.00113425
55590	-0.00146077
55591	-0.00178729
55592	-0.00211381
55593	-0.00244034
55594	-0.00276686
55595	-0.00309339
55596	-0.00341991
55597	-0.00374644
55598	-0.00407296
55599	-0.00439948
55600	-0.00472601
55601	-0.00505253
55602	-0.00537905
55603	-0.00570557
55604	-0.00603209
55605	-0.0063586
55606	-0.00668511
55607	-0.00701162
55608	-0.00733813
55609	-0.00766463
55610	-0.00799113
55611	-0.00831762
55612	-0.00864411
55613	-0.00897059
55614	-0.00929707
55615	-0.00962355
55616	-0.00995001
55617	-0.0102765
55618	-0.0106029
55619	-0.0109294
55620	-0.0112558
55621	-0.0115823
55622	-0.0119087
55623	-0.0122351
55624	-0.0125615
55625	-0.0128879
55626	-0.0132143
55627	-0.0135407
55628	-0.0138671
55629	-0.0141934
55630	-0.0145198
55631	-0.0148461
55632	-0.0151725
55633	-0.0154988
55634	-0.0158251
55635	-0.0161514
55636	-0.0164777
55637	-0.016804
55638	-0.0171302
55639	-0.0174565
55640	-0.0177827
55641	-0.018109
55642	-0.0184352
55643	-0.0187614
55644	-0.0190875
55645	-0.0194137
55646	-0.0197399
55647	-0.020066
55648	-0.0203921
55649	-0.0207182
55650	-0.0210443
55651	-0.0213704
55652	-0.0216965
55653	-0.0220225
55654	-0.0223485
55655	-0.0226745
55656	-0.0230005
55657	-0.0233265
55658	-0.0236524
55659	-0.0239784
55660	-0.0243043
55661	-0.0246302
55662	-0.024956
55663	-0.0252819
55664	-0.0256077
55665	-0.0259335
55666	-0.0262593
55667	-0.0265851
55668	-0.0269108
55669	-0.0272366
55670	-0.0275623
55671	-0.027888
55672	-0.0282136
55673	-0.0285392
55674	-0.0288649
55675	-0.0291904
55676	-0.029516
55677	-0.0298415
55678	-0.0301671
55679	-0.0304925
55680	-0.030818
55681	-0.0311434
55682	-0.0314689
55683	-0.0317942
55684	-0.0321196
55685	-0.0324449
55686	-0.0327702
55687	-0.0330955
55688	-0.0334208
55689	-0.033746
55690	-0.0340712
55691	-0.0343963
55692	-0.0347215
55693	-0.0350466
55694	-0.0353717
55695	-0.0356967
55696	-0.0360217
55697	-0.0363467
55698	-0.0366717
55699	-0.0369966
55700	-0.0373215
55701	-0.0376463
55702	-0.0379712
55703	-0.038296
55704	-0.0386207
55705	-0.0389455
55706	-0.0392702
55707	-0.0395948
55708	-0.0399195
55709	-0.040244
55710	-0.0405686
55711	-0.0408931
55712	-0.0412176
55713	-0.0415421
55714	-0.0418665
55715	-0.0421909
55716	-0.0425152
55717	-0.0428395
55718	-0.0431638
55719	-0.043488
55720	-0.0438122
55721	-0.0441364
55722	-0.0444605
55723	-0.0447846
55724	-0.0451086
55725	-0.0454327
55726	-0.0457566
55727	-0.0460805
55728	-0.0464044
55729	-0.0467283
55730	-0.0470521
55731	-0.0473758
55732	-0.0476996
55733	-0.0480232
55734	-0.0483469
55735	-0.0486705
55736	-0.048994
55737	-0.0493175
55738	-0.049641
55739	-0.0499644
55740	-0.0502878
55741	-0.0506112
55742	-0.0509344
55743	-0.0512577
55744	-0.0515809
55745	-0.0519041
55746	-0.0522272
55747	-0.0525502
55748	-0.0528732
55749	-0.0531962
55750	-0.0535191
55751	-0.053842
55752	-0.0541649
55753	-0.0544876
55754	-0.0548104
55755	-0.0551331
55756	-0.0554557
55757	-0.0557783
55758	-0.0561008
55759	-0.0564233
55760	-0.0567458
55761	-0.0570681
55762	-0.0573905
55763	-0.0577128
55764	-0.058035
55765	-0.0583572
55766	-0.0586793
55767	-0.0590014
55768	-0.0593234
55769	-0.0596454
55770	-0.0599673
55771	-0.0602892
55772	-0.060611
55773	-0.0609328
55774	-0.0612545
55775	-0.0615762
55776	-0.0618978
55777	-0.0622193
55778	-0.0625408
55779	-0.0628622
55780	-0.0631836
55781	-0.0635049
55782	-0.0638262
55783	-0.0641474
55784	-0.0644685
55785	-0.0647896
55786	-0.0651107
55787	-0.0654316
55788	-0.0657526
55789	-0.0660734
55790	-0.0663942
55791	-0.066715
55792	-0.0670356
55793	-0.0673563
55794	-0.0676768
55795	-0.0679973
55796	-0.0683177
55797	-0.0686381
55798	-0.0689584
55799	-0.0692787
55800	-0.0695989
55801	-0.069919
55802	-0.0702391
55803	-0.0705591
55804	-0.070879
55805	-0.0711989
55806	-0.0715187
55807	-0.0718384
55808	-0.0721581
55809	-0.0724777
55810	-0.0727973
55811	-0.0731168
55812	-0.0734362
55813	-0.0737555
55814	-0.0740748
55815	-0.0743941
55816	-0.0747132
55817	-0.0750323
55818	-0.0753513
55819	-0.0756703
55820	-0.0759891
55821	-0.076308
55822	-0.0766267
55823	-0.0769454
55824	-0.077264
55825	-0.0775825
55826	-0.077901
55827	-0.0782194
55828	-0.0785377
55829	-0.0788559
55830	-0.0791741
55831	-0.0794922
55832	-0.0798103
55833	-0.0801282
55834	-0.0804461
55835	-0.0807639
55836	-0.0810817
55837	-0.0813994
55838	-0.081717
55839	-0.0820345
55840	-0.0823519
55841	-0.0826693
55842	-0.0829866
55843	-0.0833038
55844	-0.083621
55845	-0.083938
55846	-0.084255
55847	-0.084572
55848	-0.0848888
55849	-0.0852056
55850	-0.0855222
55851	-0.0858389
55852	-0.0861554
55853	-0.0864718
55854	-0.0867882
55855	-0.0871045
55856	-0.0874207
55857	-0.0877369
55858	-0.0880529
55859	-0.0883689
55860	-0.0886848
55861	-0.0890006
55862	-0.0893163
55863	-0.089632
55864	-0.0899475
55865	-0.090263
55866	-0.0905784
55867	-0.0908938
55868	-0.091209
55869	-0.0915241
55870	-0.0918392
55871	-0.0921542
55872	-0.0924691
55873	-0.0927839
55874	-0.0930987
55875	-0.0934133
55876	-0.0937279
55877	-0.0940424
55878	-0.0943567
55879	-0.094671
55880	-0.0949853
55881	-0.0952994
55882	-0.0956134
55883	-0.0959274
55884	-0.0962413
55885	-0.096555
55886	-0.0968687
55887	-0.0971823
55888	-0.0974958
55889	-0.0978093
55890	-0.0981226
55891	-0.0984358
55892	-0.098749
55893	-0.0990621
55894	-0.099375
55895	-0.0996879
55896	-0.100001
55897	-0.100313
55898	-0.100626
55899	-0.100939
55900	-0.101251
55901	-0.101563
55902	-0.101876
55903	-0.102188
55904	-0.1025
55905	-0.102812
55906	-0.103123
55907	-0.103435
55908	-0.103747
55909	-0.104058
55910	-0.10437
55911	-0.104681
55912	-0.104993
55913	-0.105304
55914	-0.105615
55915	-0.105926
55916	-0.106237
55917	-0.106548
55918	-0.106858
55919	-0.107169
55920	-0.107479
55921	-0.10779
55922	-0.1081
55923	-0.10841
55924	-0.10872
55925	-0.10903
55926	-0.10934
55927	-0.10965
55928	-0.10996
55929	-0.110269
55930	-0.110579
55931	-0.110888
55932	-0.111198
55933	-0.111507
55934	-0.111816
55935	-0.112125
55936	-0.112434
55937	-0.112743
55938	-0.113051
55939	-0.11336
55940	-0.113668
55941	-0.113977
55942	-0.114285
55943	-0.114593
55944	-0.114901
55945	-0.115209
55946	-0.115517
55947	-0.115824
55948	-0.116132
55949	-0.11644
55950	-0.116747
55951	-0.117054
55952	-0.117361
55953	-0.117669
55954	-0.117976
55955	-0.118282
55956	-0.118589
55957	-0.118896
55958	-0.119202
55959	-0.119509
55960	-0.119815
55961	-0.120121
55962	-0.120427
55963	-0.120733
55964	-0.121039
55965	-0.121345
55966	-0.12165
55967	-0.121956
55968	-0.122261
55969	-0.122567
55970	-0.122872
55971	-0.123177
55972	-0.123482
55973	-0.123787
55974	-0.124091
55975	-0.124396
55976	-0.124701
55977	-0.125005
55978	-0.125309
55979	-0.125613
55980	-0.125917
55981	-0.126221
55982	-0.126525
55983	-0.126829
55984	-0.127132
55985	-0.127436
55986	-0.127739
55987	-0.128042
55988	-0.128345
55989	-0.128648
55990	-0.128951
55991	-0.129254
55992	-0.129557
55993	-0.129859
55994	-0.130161
55995	-0.130464
55996	-0.130766
55997	-0.131068
55998	-0.13137
55999	-0.131671
56000	-0.131973
56001	-0.132275
56002	-0.132576
56003	-0.132877
56004	-0.133178
56005	-0.133479
56006	-0.13378
56007	-0.134081
56008	-0.134382
56009	-0.134682
56010	-0.134983
56011	-0.135283
56012	-0.135583
56013	-0.135883
56014	-0.136183
56015	-0.136483
56016	-0.136782
56017	-0.137082
56018	-0.137381
56019	-0.13768
56020	-0.137979
56021	-0.138278
56022	-0.138577
56023	-0.138876
56024	-0.139175
56025	-0.139473
56026	-0.139772
56027	-0.14007
56028	-0.140368
56029	-0.140666
56030	-0.140964
56031	-0.141261
56032	-0.141559
56033	-0.141856
56034	-0.142154
56035	-0.142451
56036	-0.142748
56037	-0.143045
56038	-0.143341
56039	-0.143638
56040	-0.143935
56041	-0.144231
56042	-0.144527
56043	-0.144823
56044	-0.145119
56045	-0.145415
56046	-0.145711
56047	-0.146006
56048	-0.146302
56049	-0.146597
56050	-0.146892
56051	-0.147187
56052	-0.147482
56053	-0.147777
56054	-0.148071
56055	-0.148366
56056	-0.14866
56057	-0.148954
56058	-0.149248
56059	-0.149542
56060	-0.149836
56061	-0.150129
56062	-0.150423
56063	-0.150716
56064	-0.151009
56065	-0.151302
56066	-0.151595
56067	-0.151888
56068	-0.152181
56069	-0.152473
56070	-0.152766
56071	-0.153058
56072	-0.15335
56073	-0.153642
56074	-0.153933
56075	-0.154225
56076	-0.154517
56077	-0.154808
56078	-0.155099
56079	-0.15539
56080	-0.155681
56081	-0.155972
56082	-0.156262
56083	-0.156553
56084	-0.156843
56085	-0.157133
56086	-0.157423
56087	-0.157713
56088	-0.158003
56089	-0.158292
56090	-0.158582
56091	-0.158871
56092	-0.15916
56093	-0.159449
56094	-0.159738
56095	-0.160027
56096	-0.160315
56097	-0.160604
56098	-0.160892
56099	-0.16118
56100	-0.161468
56101	-0.161756
56102	-0.162043
56103	-0.162331
56104	-0.162618
56105	-0.162905
56106	-0.163192
56107	-0.163479
56108	-0.163766
56109	-0.164052
56110	-0.164339
56111	-0.164625
56112	-0.164911
56113	-0.165197
56114	-0.165483
56115	-0.165768
56116	-0.166054
56117	-0.166339
56118	-0.166624
56119	-0.166909
56120	-0.167194
56121	-0.167479
56122	-0.167763
56123	-0.168048
56124	-0.168332
56125	-0.168616
56126	-0.1689
56127	-0.169183
56128	-0.169467
56129	-0.16975
56130	-0.170034
56131	-0.170317
56132	-0.1706
56133	-0.170883
56134	-0.171165
56135	-0.171448
56136	-0.17173
56137	-0.172012
56138	-0.172294
56139	-0.172576
56140	-0.172857
56141	-0.173139
56142	-0.17342
56143	-0.173701
56144	-0.173982
56145	-0.174263
56146	-0.174544
56147	-0.174824
56148	-0.175105
56149	-0.175385
56150	-0.175665
56151	-0.175945
56152	-0.176224
56153	-0.176504
56154	-0.176783
56155	-0.177062
56156	-0.177341
56157	-0.17762
56158	-0.177899
56159	-0.178177
56160	-0.178456
56161	-0.178734
56162	-0.179012
56163	-0.17929
56164	-0.179567
56165	-0.179845
56166	-0.180122
56167	-0.180399
56168	-0.180676
56169	-0.180953
56170	-0.18123
56171	-0.181506
56172	-0.181782
56173	-0.182058
56174	-0.182334
56175	-0.18261
56176	-0.182886
56177	-0.183161
56178	-0.183436
56179	-0.183712
56180	-0.183986
56181	-0.184261
56182	-0.184536
56183	-0.18481
56184	-0.185084
56185	-0.185358
56186	-0.185632
56187	-0.185906
56188	-0.186179
56189	-0.186453
56190	-0.186726
56191	-0.186999
56192	-0.187272
56193	-0.187544
56194	-0.187817
56195	-0.188089
56196	-0.188361
56197	-0.188633
56198	-0.188905
56199	-0.189176
56200	-0.189448
56201	-0.189719
56202	-0.18999
56203	-0.190261
56204	-0.190532
56205	-0.190802
56206	-0.191072
56207	-0.191342
56208	-0.191612
56209	-0.191882
56210	-0.192152
56211	-0.192421
56212	-0.19269
56213	-0.192959
56214	-0.193228
56215	-0.193497
56216	-0.193765
56217	-0.194034
56218	-0.194302
56219	-0.19457
56220	-0.194837
56221	-0.195105
56222	-0.195372
56223	-0.19564
56224	-0.195907
56225	-0.196173
56226	-0.19644
56227	-0.196707
56228	-0.196973
56229	-0.197239
56230	-0.197505
56231	-0.19777
56232	-0.198036
56233	-0.198301
56234	-0.198566
56235	-0.198831
56236	-0.199096
56237	-0.199361
56238	-0.199625
56239	-0.199889
56240	-0.200153
56241	-0.200417
56242	-0.200681
56243	-0.200944
56244	-0.201207
56245	-0.20147
56246	-0.201733
56247	-0.201996
56248	-0.202258
56249	-0.202521
56250	-0.202783
56251	-0.203045
56252	-0.203306
56253	-0.203568
56254	-0.203829
56255	-0.20409
56256	-0.204351
56257	-0.204612
56258	-0.204873
56259	-0.205133
56260	-0.205393
56261	-0.205653
56262	-0.205913
56263	-0.206172
56264	-0.206432
56265	-0.206691
56266	-0.20695
56267	-0.207209
56268	-0.207467
56269	-0.207726
56270	-0.207984
56271	-0.208242
56272	-0.2085
56273	-0.208757
56274	-0.209015
56275	-0.209272
56276	-0.209529
56277	-0.209786
56278	-0.210042
56279	-0.210299
56280	-0.210555
56281	-0.210811
56282	-0.211067
56283	-0.211322
56284	-0.211578
56285	-0.211833
56286	-0.212088
56287	-0.212343
56288	-0.212597
56289	-0.212852
56290	-0.213106
56291	-0.21336
56292	-0.213614
56293	-0.213867
56294	-0.214121
56295	-0.214374
56296	-0.214627
56297	-0.21488
56298	-0.215132
56299	-0.215385
56300	-0.215637
56301	-0.215889
56302	-0.216141
56303	-0.216392
56304	-0.216643
56305	-0.216895
56306	-0.217145
56307	-0.217396
56308	-0.217647
56309	-0.217897
56310	-0.218147
56311	-0.218397
56312	-0.218647
56313	-0.218896
56314	-0.219145
56315	-0.219394
56316	-0.219643
56317	-0.219892
56318	-0.22014
56319	-0.220389
56320	-0.220637
56321	-0.220884
56322	-0.221132
56323	-0.221379
56324	-0.221626
56325	-0.221873
56326	-0.22212
56327	-0.222367
56328	-0.222613
56329	-0.222859
56330	-0.223105
56331	-0.223351
56332	-0.223596
56333	-0.223841
56334	-0.224086
56335	-0.224331
56336	-0.224576
56337	-0.22482
56338	-0.225065
56339	-0.225308
56340	-0.225552
56341	-0.225796
56342	-0.226039
56343	-0.226282
56344	-0.226525
56345	-0.226768
56346	-0.22701
56347	-0.227252
56348	-0.227495
56349	-0.227736
56350	-0.227978
56351	-0.228219
56352	-0.22846
56353	-0.228701
56354	-0.228942
56355	-0.229183
56356	-0.229423
56357	-0.229663
56358	-0.229903
56359	-0.230142
56360	-0.230382
56361	-0.230621
56362	-0.23086
56363	-0.231099
56364	-0.231337
56365	-0.231576
56366	-0.231814
56367	-0.232052
56368	-0.232289
56369	-0.232527
56370	-0.232764
56371	-0.233001
56372	-0.233238
56373	-0.233474
56374	-0.23371
56375	-0.233946
56376	-0.234182
56377	-0.234418
56378	-0.234653
56379	-0.234889
56380	-0.235124
56381	-0.235358
56382	-0.235593
56383	-0.235827
56384	-0.236061
56385	-0.236295
56386	-0.236529
56387	-0.236762
56388	-0.236995
56389	-0.237228
56390	-0.237461
56391	-0.237693
56392	-0.237926
56393	-0.238158
56394	-0.238389
56395	-0.238621
56396	-0.238852
56397	-0.239083
56398	-0.239314
56399	-0.239545
56400	-0.239775
56401	-0.240006
56402	-0.240236
56403	-0.240465
56404	-0.240695
56405	-0.240924
56406	-0.241153
56407	-0.241382
56408	-0.241611
56409	-0.241839
56410	-0.242067
56411	-0.242295
56412	-0.242523
56413	-0.24275
56414	-0.242977
56415	-0.243204
56416	-0.243431
56417	-0.243657
56418	-0.243884
56419	-0.24411
56420	-0.244336
56421	-0.244561
56422	-0.244787
56423	-0.245012
56424	-0.245236
56425	-0.245461
56426	-0.245686
56427	-0.24591
56428	-0.246134
56429	-0.246357
56430	-0.246581
56431	-0.246804
56432	-0.247027
56433	-0.24725
56434	-0.247472
56435	-0.247694
56436	-0.247916
56437	-0.248138
56438	-0.24836
56439	-0.248581
56440	-0.248802
56441	-0.249023
56442	-0.249244
56443	-0.249464
56444	-0.249684
56445	-0.249904
56446	-0.250124
56447	-0.250343
56448	-0.250562
56449	-0.250781
56450	-0.251
56451	-0.251218
56452	-0.251437
56453	-0.251655
56454	-0.251872
56455	-0.25209
56456	-0.252307
56457	-0.252524
56458	-0.252741
56459	-0.252957
56460	-0.253174
56461	-0.25339
56462	-0.253605
56463	-0.253821
56464	-0.254036
56465	-0.254251
56466	-0.254466
56467	-0.254681
56468	-0.254895
56469	-0.255109
56470	-0.255323
56471	-0.255537
56472	-0.25575
56473	-0.255963
56474	-0.256176
56475	-0.256388
56476	-0.256601
56477	-0.256813
56478	-0.257025
56479	-0.257236
56480	-0.257448
56481	-0.257659
56482	-0.25787
56483	-0.25808
56484	-0.258291
56485	-0.258501
56486	-0.258711
56487	-0.25892
56488	-0.25913
56489	-0.259339
56490	-0.259548
56491	-0.259757
56492	-0.259965
56493	-0.260173
56494	-0.260381
56495	-0.260589
56496	-0.260796
56497	-0.261003
56498	-0.26121
56499	-0.261417
56500	-0.261623
56501	-0.261829
56502	-0.262035
56503	-0.262241
56504	-0.262446
56505	-0.262651
56506	-0.262856
56507	-0.263061
56508	-0.263265
56509	-0.263469
56510	-0.263673
56511	-0.263877
56512	-0.26408
56513	-0.264283
56514	-0.264486
56515	-0.264689
56516	-0.264891
56517	-0.265093
56518	-0.265295
56519	-0.265497
56520	-0.265698
56521	-0.265899
56522	-0.2661
56523	-0.2663
56524	-0.266501
56525	-0.266701
56526	-0.266901
56527	-0.2671
56528	-0.267299
56529	-0.267498
56530	-0.267697
56531	-0.267896
56532	-0.268094
56533	-0.268292
56534	-0.26849
56535	-0.268687
56536	-0.268884
56537	-0.269081
56538	-0.269278
56539	-0.269475
56540	-0.269671
56541	-0.269867
56542	-0.270062
56543	-0.270258
56544	-0.270453
56545	-0.270648
56546	-0.270842
56547	-0.271037
56548	-0.271231
56549	-0.271425
56550	-0.271618
56551	-0.271812
56552	-0.272005
56553	-0.272197
56554	-0.27239
56555	-0.272582
56556	-0.272774
56557	-0.272966
56558	-0.273157
56559	-0.273349
56560	-0.27354
56561	-0.27373
56562	-0.273921
56563	-0.274111
56564	-0.274301
56565	-0.27449
56566	-0.27468
56567	-0.274869
56568	-0.275058
56569	-0.275246
56570	-0.275435
56571	-0.275623
56572	-0.275811
56573	-0.275998
56574	-0.276185
56575	-0.276372
56576	-0.276559
56577	-0.276745
56578	-0.276932
56579	-0.277118
56580	-0.277303
56581	-0.277489
56582	-0.277674
56583	-0.277859
56584	-0.278043
56585	-0.278228
56586	-0.278412
56587	-0.278595
56588	-0.278779
56589	-0.278962
56590	-0.279145
56591	-0.279328
56592	-0.27951
56593	-0.279692
56594	-0.279874
56595	-0.280056
56596	-0.280237
56597	-0.280418
56598	-0.280599
56599	-0.28078
56600	-0.28096
56601	-0.28114
56602	-0.28132
56603	-0.281499
56604	-0.281678
56605	-0.281857
56606	-0.282036
56607	-0.282214
56608	-0.282393
56609	-0.28257
56610	-0.282748
56611	-0.282925
56612	-0.283102
56613	-0.283279
56614	-0.283455
56615	-0.283632
56616	-0.283808
56617	-0.283983
56618	-0.284159
56619	-0.284334
56620	-0.284509
56621	-0.284683
56622	-0.284857
56623	-0.285031
56624	-0.285205
56625	-0.285379
56626	-0.285552
56627	-0.285725
56628	-0.285897
56629	-0.28607
56630	-0.286242
56631	-0.286414
56632	-0.286585
56633	-0.286756
56634	-0.286927
56635	-0.287098
56636	-0.287269
56637	-0.287439
56638	-0.287609
56639	-0.287778
56640	-0.287948
56641	-0.288117
56642	-0.288285
56643	-0.288454
56644	-0.288622
56645	-0.28879
56646	-0.288958
56647	-0.289125
56648	-0.289292
56649	-0.289459
56650	-0.289625
56651	-0.289792
56652	-0.289958
56653	-0.290123
56654	-0.290289
56655	-0.290454
56656	-0.290619
56657	-0.290783
56658	-0.290948
56659	-0.291112
56660	-0.291275
56661	-0.291439
56662	-0.291602
56663	-0.291765
56664	-0.291928
56665	-0.29209
56666	-0.292252
56667	-0.292414
56668	-0.292575
56669	-0.292736
56670	-0.292897
56671	-0.293058
56672	-0.293218
56673	-0.293378
56674	-0.293538
56675	-0.293698
56676	-0.293857
56677	-0.294016
56678	-0.294175
56679	-0.294333
56680	-0.294491
56681	-0.294649
56682	-0.294806
56683	-0.294964
56684	-0.295121
56685	-0.295277
56686	-0.295434
56687	-0.29559
56688	-0.295746
56689	-0.295901
56690	-0.296056
56691	-0.296211
56692	-0.296366
56693	-0.29652
56694	-0.296675
56695	-0.296828
56696	-0.296982
56697	-0.297135
56698	-0.297288
56699	-0.297441
56700	-0.297593
56701	-0.297745
56702	-0.297897
56703	-0.298049
56704	-0.2982
56705	-0.298351
56706	-0.298501
56707	-0.298652
56708	-0.298802
56709	-0.298952
56710	-0.299101
56711	-0.29925
56712	-0.299399
56713	-0.299548
56714	-0.299696
56715	-0.299845
56716	-0.299992
56717	-0.30014
56718	-0.300287
56719	-0.300434
56720	-0.300581
56721	-0.300727
56722	-0.300873
56723	-0.301019
56724	-0.301164
56725	-0.301309
56726	-0.301454
56727	-0.301599
56728	-0.301743
56729	-0.301887
56730	-0.302031
56731	-0.302174
56732	-0.302317
56733	-0.30246
56734	-0.302603
56735	-0.302745
56736	-0.302887
56737	-0.303029
56738	-0.30317
56739	-0.303311
56740	-0.303452
56741	-0.303592
56742	-0.303733
56743	-0.303873
56744	-0.304012
56745	-0.304152
56746	-0.304291
56747	-0.304429
56748	-0.304568
56749	-0.304706
56750	-0.304844
56751	-0.304981
56752	-0.305119
56753	-0.305256
56754	-0.305392
56755	-0.305529
56756	-0.305665
56757	-0.305801
56758	-0.305936
56759	-0.306071
56760	-0.306206
56761	-0.306341
56762	-0.306475
56763	-0.306609
56764	-0.306743
56765	-0.306877
56766	-0.30701
56767	-0.307143
56768	-0.307275
56769	-0.307407
56770	-0.307539
56771	-0.307671
56772	-0.307802
56773	-0.307933
56774	-0.308064
56775	-0.308195
56776	-0.308325
56777	-0.308455
56778	-0.308584
56779	-0.308714
56780	-0.308843
56781	-0.308971
56782	-0.3091
56783	-0.309228
56784	-0.309356
56785	-0.309483
56786	-0.30961
56787	-0.309737
56788	-0.309864
56789	-0.30999
56790	-0.310116
56791	-0.310242
56792	-0.310367
56793	-0.310492
56794	-0.310617
56795	-0.310742
56796	-0.310866
56797	-0.31099
56798	-0.311114
56799	-0.311237
56800	-0.31136
56801	-0.311483
56802	-0.311605
56803	-0.311727
56804	-0.311849
56805	-0.31197
56806	-0.312092
56807	-0.312213
56808	-0.312333
56809	-0.312454
56810	-0.312574
56811	-0.312693
56812	-0.312813
56813	-0.312932
56814	-0.313051
56815	-0.313169
56816	-0.313287
56817	-0.313405
56818	-0.313523
56819	-0.31364
56820	-0.313757
56821	-0.313874
56822	-0.31399
56823	-0.314106
56824	-0.314222
56825	-0.314337
56826	-0.314453
56827	-0.314567
56828	-0.314682
56829	-0.314796
56830	-0.31491
56831	-0.315024
56832	-0.315137
56833	-0.31525
56834	-0.315363
56835	-0.315476
56836	-0.315588
56837	-0.315699
56838	-0.315811
56839	-0.315922
56840	-0.316033
56841	-0.316144
56842	-0.316254
56843	-0.316364
56844	-0.316474
56845	-0.316583
56846	-0.316692
56847	-0.316801
56848	-0.31691
56849	-0.317018
56850	-0.317126
56851	-0.317233
56852	-0.31734
56853	-0.317447
56854	-0.317554
56855	-0.31766
56856	-0.317766
56857	-0.317872
56858	-0.317978
56859	-0.318083
56860	-0.318187
56861	-0.318292
56862	-0.318396
56863	-0.3185
56864	-0.318604
56865	-0.318707
56866	-0.31881
56867	-0.318913
56868	-0.319015
56869	-0.319117
56870	-0.319219
56871	-0.31932
56872	-0.319421
56873	-0.319522
56874	-0.319623
56875	-0.319723
56876	-0.319823
56877	-0.319922
56878	-0.320022
56879	-0.320121
56880	-0.320219
56881	-0.320318
56882	-0.320416
56883	-0.320513
56884	-0.320611
56885	-0.320708
56886	-0.320805
56887	-0.320901
56888	-0.320997
56889	-0.321093
56890	-0.321189
56891	-0.321284
56892	-0.321379
56893	-0.321474
56894	-0.321568
56895	-0.321662
56896	-0.321756
56897	-0.321849
56898	-0.321942
56899	-0.322035
56900	-0.322128
56901	-0.32222
56902	-0.322312
56903	-0.322403
56904	-0.322494
56905	-0.322585
56906	-0.322676
56907	-0.322766
56908	-0.322856
56909	-0.322946
56910	-0.323035
56911	-0.323124
56912	-0.323213
56913	-0.323301
56914	-0.32339
56915	-0.323477
56916	-0.323565
56917	-0.323652
56918	-0.323739
56919	-0.323826
56920	-0.323912
56921	-0.323998
56922	-0.324083
56923	-0.324169
56924	-0.324254
56925	-0.324338
56926	-0.324423
56927	-0.324507
56928	-0.324591
56929	-0.324674
56930	-0.324757
56931	-0.32484
56932	-0.324923
56933	-0.325005
56934	-0.325087
56935	-0.325168
56936	-0.32525
56937	-0.32533
56938	-0.325411
56939	-0.325491
56940	-0.325571
56941	-0.325651
56942	-0.325731
56943	-0.32581
56944	-0.325888
56945	-0.325967
56946	-0.326045
56947	-0.326123
56948	-0.3262
56949	-0.326277
56950	-0.326354
56951	-0.326431
56952	-0.326507
56953	-0.326583
56954	-0.326659
56955	-0.326734
56956	-0.326809
56957	-0.326884
56958	-0.326958
56959	-0.327032
56960	-0.327106
56961	-0.327179
56962	-0.327252
56963	-0.327325
56964	-0.327398
56965	-0.32747
56966	-0.327542
56967	-0.327613
56968	-0.327684
56969	-0.327755
56970	-0.327826
56971	-0.327896
56972	-0.327966
56973	-0.328036
56974	-0.328105
56975	-0.328174
56976	-0.328243
56977	-0.328311
56978	-0.328379
56979	-0.328447
56980	-0.328515
56981	-0.328582
56982	-0.328649
56983	-0.328715
56984	-0.328781
56985	-0.328847
56986	-0.328913
56987	-0.328978
56988	-0.329043
56989	-0.329107
56990	-0.329172
56991	-0.329236
56992	-0.329299
56993	-0.329363
56994	-0.329426
56995	-0.329488
56996	-0.329551
56997	-0.329613
56998	-0.329675
56999	-0.329736
57000	-0.329797
57001	-0.329858
57002	-0.329919
57003	-0.329979
57004	-0.330039
57005	-0.330098
57006	-0.330157
57007	-0.330216
57008	-0.330275
57009	-0.330333
57010	-0.330391
57011	-0.330449
57012	-0.330506
57013	-0.330563
57014	-0.33062
57015	-0.330676
57016	-0.330732
57017	-0.330788
57018	-0.330843
57019	-0.330898
57020	-0.330953
57021	-0.331008
57022	-0.331062
57023	-0.331116
57024	-0.331169
57025	-0.331222
57026	-0.331275
57027	-0.331328
57028	-0.33138
57029	-0.331432
57030	-0.331484
57031	-0.331535
57032	-0.331586
57033	-0.331637
57034	-0.331687
57035	-0.331737
57036	-0.331787
57037	-0.331836
57038	-0.331885
57039	-0.331934
57040	-0.331982
57041	-0.332031
57042	-0.332078
57043	-0.332126
57044	-0.332173
57045	-0.33222
57046	-0.332266
57047	-0.332313
57048	-0.332358
57049	-0.332404
57050	-0.332449
57051	-0.332494
57052	-0.332539
57053	-0.332583
57054	-0.332627
57055	-0.332671
57056	-0.332714
57057	-0.332757
57058	-0.3328
57059	-0.332842
57060	-0.332884
57061	-0.332926
57062	-0.332968
57063	-0.333009
57064	-0.33305
57065	-0.33309
57066	-0.33313
57067	-0.33317
57068	-0.33321
57069	-0.333249
57070	-0.333288
57071	-0.333326
57072	-0.333364
57073	-0.333402
57074	-0.33344
57075	-0.333477
57076	-0.333514
57077	-0.333551
57078	-0.333587
57079	-0.333623
57080	-0.333659
57081	-0.333694
57082	-0.333729
57083	-0.333764
57084	-0.333799
57085	-0.333833
57086	-0.333867
57087	-0.3339
57088	-0.333933
57089	-0.333966
57090	-0.333998
57091	-0.334031
57092	-0.334063
57093	-0.334094
57094	-0.334125
57095	-0.334156
57096	-0.334187
57097	-0.334217
57098	-0.334247
57099	-0.334277
57100	-0.334306
57101	-0.334335
57102	-0.334364
57103	-0.334392
57104	-0.33442
57105	-0.334448
57106	-0.334475
57107	-0.334502
57108	-0.334529
57109	-0.334556
57110	-0.334582
57111	-0.334608
57112	-0.334633
57113	-0.334658
57114	-0.334683
57115	-0.334708
57116	-0.334732
57117	-0.334756
57118	-0.334779
57119	-0.334802
57120	-0.334825
57121	-0.334848
57122	-0.33487
57123	-0.334892
57124	-0.334914
57125	-0.334935
57126	-0.334956
57127	-0.334977
57128	-0.334997
57129	-0.335017
57130	-0.335037
57131	-0.335057
57132	-0.335076
57133	-0.335094
57134	-0.335113
57135	-0.335131
57136	-0.335149
57137	-0.335166
57138	-0.335184
57139	-0.3352
57140	-0.335217
57141	-0.335233
57142	-0.335249
57143	-0.335265
57144	-0.33528
57145	-0.335295
57146	-0.33531
57147	-0.335324
57148	-0.335338
57149	-0.335351
57150	-0.335365
57151	-0.335378
57152	-0.335391
57153	-0.335403
57154	-0.335415
57155	-0.335427
57156	-0.335438
57157	-0.335449
57158	-0.33546
57159	-0.335471
57160	-0.335481
57161	-0.335491
57162	-0.3355
57163	-0.335509
57164	-0.335518
57165	-0.335527
57166	-0.335535
57167	-0.335543
57168	-0.33555
57169	-0.335558
57170	-0.335565
57171	-0.335571
57172	-0.335578
57173	-0.335584
57174	-0.335589
57175	-0.335595
57176	-0.3356
57177	-0.335604
57178	-0.335609
57179	-0.335613
57180	-0.335617
57181	-0.33562
57182	-0.335623
57183	-0.335626
57184	-0.335629
57185	-0.335631
57186	-0.335633
57187	-0.335634
57188	-0.335635
57189	-0.335636
57190	-0.335637
57191	-0.335637
57192	-0.335637
57193	-0.335637
57194	-0.335636
57195	-0.335635
57196	-0.335634
57197	-0.335632
57198	-0.33563
57199	-0.335628
57200	-0.335625
57201	-0.335622
57202	-0.335619
57203	-0.335615
57204	-0.335611
57205	-0.335607
57206	-0.335603
57207	-0.335598
57208	-0.335593
57209	-0.335587
57210	-0.335581
57211	-0.335575
57212	-0.335569
57213	-0.335562
57214	-0.335555
57215	-0.335547
57216	-0.33554
57217	-0.335532
57218	-0.335523
57219	-0.335515
57220	-0.335506
57221	-0.335496
57222	-0.335487
57223	-0.335477
57224	-0.335466
57225	-0.335456
57226	-0.335445
57227	-0.335434
57228	-0.335422
57229	-0.33541
57230	-0.335398
57231	-0.335386
57232	-0.335373
57233	-0.33536
57234	-0.335346
57235	-0.335332
57236	-0.335318
57237	-0.335304
57238	-0.335289
57239	-0.335274
57240	-0.335259
57241	-0.335243
57242	-0.335227
57243	-0.335211
57244	-0.335194
57245	-0.335177
57246	-0.33516
57247	-0.335142
57248	-0.335124
57249	-0.335106
57250	-0.335088
57251	-0.335069
57252	-0.33505
57253	-0.33503
57254	-0.33501
57255	-0.33499
57256	-0.33497
57257	-0.334949
57258	-0.334928
57259	-0.334907
57260	-0.334885
57261	-0.334863
57262	-0.33484
57263	-0.334818
57264	-0.334795
57265	-0.334771
57266	-0.334748
57267	-0.334724
57268	-0.3347
57269	-0.334675
57270	-0.33465
57271	-0.334625
57272	-0.334599
57273	-0.334574
57274	-0.334547
57275	-0.334521
57276	-0.334494
57277	-0.334467
57278	-0.33444
57279	-0.334412
57280	-0.334384
57281	-0.334355
57282	-0.334327
57283	-0.334298
57284	-0.334268
57285	-0.334239
57286	-0.334209
57287	-0.334179
57288	-0.334148
57289	-0.334117
57290	-0.334086
57291	-0.334054
57292	-0.334022
57293	-0.33399
57294	-0.333958
57295	-0.333925
57296	-0.333892
57297	-0.333858
57298	-0.333825
57299	-0.333791
57300	-0.333756
57301	-0.333722
57302	-0.333686
57303	-0.333651
57304	-0.333616
57305	-0.33358
57306	-0.333543
57307	-0.333507
57308	-0.33347
57309	-0.333433
57310	-0.333395
57311	-0.333357
57312	-0.333319
57313	-0.33328
57314	-0.333242
57315	-0.333203
57316	-0.333163
57317	-0.333123
57318	-0.333083
57319	-0.333043
57320	-0.333002
57321	-0.332961
57322	-0.33292
57323	-0.332878
57324	-0.332836
57325	-0.332794
57326	-0.332751
57327	-0.332709
57328	-0.332665
57329	-0.332622
57330	-0.332578
57331	-0.332534
57332	-0.332489
57333	-0.332445
57334	-0.3324
57335	-0.332354
57336	-0.332308
57337	-0.332262
57338	-0.332216
57339	-0.332169
57340	-0.332122
57341	-0.332075
57342	-0.332027
57343	-0.33198
57344	-0.331931
57345	-0.331883
57346	-0.331834
57347	-0.331785
57348	-0.331735
57349	-0.331685
57350	-0.331635
57351	-0.331585
57352	-0.331534
57353	-0.331483
57354	-0.331432
57355	-0.33138
57356	-0.331328
57357	-0.331276
57358	-0.331223
57359	-0.33117
57360	-0.331117
57361	-0.331063
57362	-0.33101
57363	-0.330955
57364	-0.330901
57365	-0.330846
57366	-0.330791
57367	-0.330736
57368	-0.33068
57369	-0.330624
57370	-0.330567
57371	-0.330511
57372	-0.330454
57373	-0.330396
57374	-0.330339
57375	-0.330281
57376	-0.330223
57377	-0.330164
57378	-0.330105
57379	-0.330046
57380	-0.329987
57381	-0.329927
57382	-0.329867
57383	-0.329806
57384	-0.329746
57385	-0.329684
57386	-0.329623
57387	-0.329561
57388	-0.3295
57389	-0.329437
57390	-0.329375
57391	-0.329312
57392	-0.329249
57393	-0.329185
57394	-0.329121
57395	-0.329057
57396	-0.328993
57397	-0.328928
57398	-0.328863
57399	-0.328797
57400	-0.328732
57401	-0.328666
57402	-0.328599
57403	-0.328533
57404	-0.328466
57405	-0.328399
57406	-0.328331
57407	-0.328263
57408	-0.328195
57409	-0.328126
57410	-0.328058
57411	-0.327989
57412	-0.327919
57413	-0.327849
57414	-0.327779
57415	-0.327709
57416	-0.327638
57417	-0.327568
57418	-0.327496
57419	-0.327425
57420	-0.327353
57421	-0.327281
57422	-0.327208
57423	-0.327135
57424	-0.327062
57425	-0.326989
57426	-0.326915
57427	-0.326841
57428	-0.326767
57429	-0.326692
57430	-0.326617
57431	-0.326542
57432	-0.326466
57433	-0.32639
57434	-0.326314
57435	-0.326238
57436	-0.326161
57437	-0.326084
57438	-0.326006
57439	-0.325929
57440	-0.325851
57441	-0.325772
57442	-0.325694
57443	-0.325615
57444	-0.325536
57445	-0.325456
57446	-0.325376
57447	-0.325296
57448	-0.325215
57449	-0.325135
57450	-0.325054
57451	-0.324972
57452	-0.32489
57453	-0.324808
57454	-0.324726
57455	-0.324644
57456	-0.324561
57457	-0.324477
57458	-0.324394
57459	-0.32431
57460	-0.324226
57461	-0.324141
57462	-0.324057
57463	-0.323972
57464	-0.323886
57465	-0.323801
57466	-0.323715
57467	-0.323628
57468	-0.323542
57469	-0.323455
57470	-0.323368
57471	-0.32328
57472	-0.323192
57473	-0.323104
57474	-0.323016
57475	-0.322927
57476	-0.322838
57477	-0.322749
57478	-0.322659
57479	-0.322569
57480	-0.322479
57481	-0.322389
57482	-0.322298
57483	-0.322207
57484	-0.322115
57485	-0.322023
57486	-0.321931
57487	-0.321839
57488	-0.321746
57489	-0.321653
57490	-0.32156
57491	-0.321467
57492	-0.321373
57493	-0.321279
57494	-0.321184
57495	-0.321089
57496	-0.320994
57497	-0.320899
57498	-0.320803
57499	-0.320707
57500	-0.320611
57501	-0.320515
57502	-0.320418
57503	-0.32032
57504	-0.320223
57505	-0.320125
57506	-0.320027
57507	-0.319929
57508	-0.31983
57509	-0.319731
57510	-0.319632
57511	-0.319532
57512	-0.319432
57513	-0.319332
57514	-0.319232
57515	-0.319131
57516	-0.31903
57517	-0.318929
57518	-0.318827
57519	-0.318725
57520	-0.318623
57521	-0.31852
57522	-0.318417
57523	-0.318314
57524	-0.318211
57525	-0.318107
57526	-0.318003
57527	-0.317898
57528	-0.317794
57529	-0.317689
57530	-0.317583
57531	-0.317478
57532	-0.317372
57533	-0.317266
57534	-0.317159
57535	-0.317053
57536	-0.316946
57537	-0.316838
57538	-0.316731
57539	-0.316623
57540	-0.316514
57541	-0.316406
57542	-0.316297
57543	-0.316188
57544	-0.316079
57545	-0.315969
57546	-0.315859
57547	-0.315749
57548	-0.315638
57549	-0.315527
57550	-0.315416
57551	-0.315304
57552	-0.315193
57553	-0.31508
57554	-0.314968
57555	-0.314855
57556	-0.314742
57557	-0.314629
57558	-0.314516
57559	-0.314402
57560	-0.314288
57561	-0.314173
57562	-0.314058
57563	-0.313943
57564	-0.313828
57565	-0.313712
57566	-0.313597
57567	-0.31348
57568	-0.313364
57569	-0.313247
57570	-0.31313
57571	-0.313013
57572	-0.312895
57573	-0.312777
57574	-0.312659
57575	-0.31254
57576	-0.312421
57577	-0.312302
57578	-0.312183
57579	-0.312063
57580	-0.311943
57581	-0.311823
57582	-0.311702
57583	-0.311581
57584	-0.31146
57585	-0.311338
57586	-0.311217
57587	-0.311095
57588	-0.310972
57589	-0.31085
57590	-0.310727
57591	-0.310603
57592	-0.31048
57593	-0.310356
57594	-0.310232
57595	-0.310108
57596	-0.309983
57597	-0.309858
57598	-0.309733
57599	-0.309607
57600	-0.309481
57601	-0.309355
57602	-0.309229
57603	-0.309102
57604	-0.308975
57605	-0.308848
57606	-0.30872
57607	-0.308592
57608	-0.308464
57609	-0.308336
57610	-0.308207
57611	-0.308078
57612	-0.307949
57613	-0.307819
57614	-0.307689
57615	-0.307559
57616	-0.307429
57617	-0.307298
57618	-0.307167
57619	-0.307035
57620	-0.306904
57621	-0.306772
57622	-0.30664
57623	-0.306507
57624	-0.306374
57625	-0.306241
57626	-0.306108
57627	-0.305974
57628	-0.305841
57629	-0.305706
57630	-0.305572
57631	-0.305437
57632	-0.305302
57633	-0.305167
57634	-0.305031
57635	-0.304895
57636	-0.304759
57637	-0.304623
57638	-0.304486
57639	-0.304349
57640	-0.304211
57641	-0.304074
57642	-0.303936
57643	-0.303798
57644	-0.303659
57645	-0.30352
57646	-0.303381
57647	-0.303242
57648	-0.303102
57649	-0.302963
57650	-0.302822
57651	-0.302682
57652	-0.302541
57653	-0.3024
57654	-0.302259
57655	-0.302117
57656	-0.301975
57657	-0.301833
57658	-0.301691
57659	-0.301548
57660	-0.301405
57661	-0.301262
57662	-0.301118
57663	-0.300974
57664	-0.30083
57665	-0.300686
57666	-0.300541
57667	-0.300396
57668	-0.300251
57669	-0.300106
57670	-0.29996
57671	-0.299814
57672	-0.299667
57673	-0.299521
57674	-0.299374
57675	-0.299226
57676	-0.299079
57677	-0.298931
57678	-0.298783
57679	-0.298635
57680	-0.298486
57681	-0.298337
57682	-0.298188
57683	-0.298039
57684	-0.297889
57685	-0.297739
57686	-0.297589
57687	-0.297438
57688	-0.297287
57689	-0.297136
57690	-0.296985
57691	-0.296833
57692	-0.296681
57693	-0.296529
57694	-0.296376
57695	-0.296224
57696	-0.296071
57697	-0.295917
57698	-0.295764
57699	-0.29561
57700	-0.295456
57701	-0.295301
57702	-0.295147
57703	-0.294992
57704	-0.294836
57705	-0.294681
57706	-0.294525
57707	-0.294369
57708	-0.294212
57709	-0.294056
57710	-0.293899
57711	-0.293742
57712	-0.293584
57713	-0.293427
57714	-0.293269
57715	-0.29311
57716	-0.292952
57717	-0.292793
57718	-0.292634
57719	-0.292474
57720	-0.292315
57721	-0.292155
57722	-0.291995
57723	-0.291834
57724	-0.291673
57725	-0.291512
57726	-0.291351
57727	-0.29119
57728	-0.291028
57729	-0.290866
57730	-0.290703
57731	-0.290541
57732	-0.290378
57733	-0.290214
57734	-0.290051
57735	-0.289887
57736	-0.289723
57737	-0.289559
57738	-0.289394
57739	-0.28923
57740	-0.289065
57741	-0.288899
57742	-0.288734
57743	-0.288568
57744	-0.288402
57745	-0.288235
57746	-0.288068
57747	-0.287901
57748	-0.287734
57749	-0.287567
57750	-0.287399
57751	-0.287231
57752	-0.287063
57753	-0.286894
57754	-0.286725
57755	-0.286556
57756	-0.286387
57757	-0.286217
57758	-0.286047
57759	-0.285877
57760	-0.285706
57761	-0.285536
57762	-0.285365
57763	-0.285194
57764	-0.285022
57765	-0.28485
57766	-0.284678
57767	-0.284506
57768	-0.284333
57769	-0.28416
57770	-0.283987
57771	-0.283814
57772	-0.28364
57773	-0.283466
57774	-0.283292
57775	-0.283118
57776	-0.282943
57777	-0.282768
57778	-0.282593
57779	-0.282417
57780	-0.282242
57781	-0.282066
57782	-0.281889
57783	-0.281713
57784	-0.281536
57785	-0.281359
57786	-0.281182
57787	-0.281004
57788	-0.280826
57789	-0.280648
57790	-0.28047
57791	-0.280291
57792	-0.280112
57793	-0.279933
57794	-0.279754
57795	-0.279574
57796	-0.279394
57797	-0.279214
57798	-0.279033
57799	-0.278853
57800	-0.278672
57801	-0.27849
57802	-0.278309
57803	-0.278127
57804	-0.277945
57805	-0.277763
57806	-0.27758
57807	-0.277397
57808	-0.277214
57809	-0.277031
57810	-0.276847
57811	-0.276664
57812	-0.276479
57813	-0.276295
57814	-0.27611
57815	-0.275926
57816	-0.27574
57817	-0.275555
57818	-0.275369
57819	-0.275184
57820	-0.274997
57821	-0.274811
57822	-0.274624
57823	-0.274437
57824	-0.27425
57825	-0.274063
57826	-0.273875
57827	-0.273687
57828	-0.273499
57829	-0.27331
57830	-0.273122
57831	-0.272933
57832	-0.272744
57833	-0.272554
57834	-0.272364
57835	-0.272174
57836	-0.271984
57837	-0.271794
57838	-0.271603
57839	-0.271412
57840	-0.271221
57841	-0.271029
57842	-0.270837
57843	-0.270645
57844	-0.270453
57845	-0.270261
57846	-0.270068
57847	-0.269875
57848	-0.269681
57849	-0.269488
57850	-0.269294
57851	-0.2691
57852	-0.268906
57853	-0.268711
57854	-0.268517
57855	-0.268322
57856	-0.268126
57857	-0.267931
57858	-0.267735
57859	-0.267539
57860	-0.267343
57861	-0.267146
57862	-0.266949
57863	-0.266752
57864	-0.266555
57865	-0.266357
57866	-0.26616
57867	-0.265962
57868	-0.265763
57869	-0.265565
57870	-0.265366
57871	-0.265167
57872	-0.264968
57873	-0.264768
57874	-0.264569
57875	-0.264369
57876	-0.264168
57877	-0.263968
57878	-0.263767
57879	-0.263566
57880	-0.263365
57881	-0.263163
57882	-0.262962
57883	-0.26276
57884	-0.262558
57885	-0.262355
57886	-0.262152
57887	-0.261949
57888	-0.261746
57889	-0.261543
57890	-0.261339
57891	-0.261135
57892	-0.260931
57893	-0.260727
57894	-0.260522
57895	-0.260317
57896	-0.260112
57897	-0.259906
57898	-0.259701
57899	-0.259495
57900	-0.259289
57901	-0.259083
57902	-0.258876
57903	-0.258669
57904	-0.258462
57905	-0.258255
57906	-0.258047
57907	-0.257839
57908	-0.257631
57909	-0.257423
57910	-0.257215
57911	-0.257006
57912	-0.256797
57913	-0.256587
57914	-0.256378
57915	-0.256168
57916	-0.255958
57917	-0.255748
57918	-0.255538
57919	-0.255327
57920	-0.255116
57921	-0.254905
57922	-0.254694
57923	-0.254482
57924	-0.25427
57925	-0.254058
57926	-0.253846
57927	-0.253633
57928	-0.25342
57929	-0.253207
57930	-0.252994
57931	-0.25278
57932	-0.252567
57933	-0.252353
57934	-0.252138
57935	-0.251924
57936	-0.251709
57937	-0.251494
57938	-0.251279
57939	-0.251064
57940	-0.250848
57941	-0.250632
57942	-0.250416
57943	-0.2502
57944	-0.249983
57945	-0.249766
57946	-0.249549
57947	-0.249332
57948	-0.249115
57949	-0.248897
57950	-0.248679
57951	-0.248461
57952	-0.248242
57953	-0.248024
57954	-0.247805
57955	-0.247586
57956	-0.247366
57957	-0.247147
57958	-0.246927
57959	-0.246707
57960	-0.246487
57961	-0.246266
57962	-0.246045
57963	-0.245824
57964	-0.245603
57965	-0.245382
57966	-0.24516
57967	-0.244938
57968	-0.244716
57969	-0.244494
57970	-0.244271
57971	-0.244048
57972	-0.243825
57973	-0.243602
57974	-0.243379
57975	-0.243155
57976	-0.242931
57977	-0.242707
57978	-0.242482
57979	-0.242258
57980	-0.242033
57981	-0.241808
57982	-0.241583
57983	-0.241357
57984	-0.241131
57985	-0.240905
57986	-0.240679
57987	-0.240453
57988	-0.240226
57989	-0.239999
57990	-0.239772
57991	-0.239545
57992	-0.239317
57993	-0.23909
57994	-0.238862
57995	-0.238633
57996	-0.238405
57997	-0.238176
57998	-0.237947
57999	-0.237718
58000	-0.237489
58001	-0.237259
58002	-0.23703
58003	-0.2368
58004	-0.236569
58005	-0.236339
58006	-0.236108
58007	-0.235877
58008	-0.235646
58009	-0.235415
58010	-0.235184
58011	-0.234952
58012	-0.23472
58013	-0.234488
58014	-0.234255
58015	-0.234023
58016	-0.23379
58017	-0.233557
58018	-0.233323
58019	-0.23309
58020	-0.232856
58021	-0.232622
58022	-0.232388
58023	-0.232154
58024	-0.231919
58025	-0.231684
58026	-0.231449
58027	-0.231214
58028	-0.230979
58029	-0.230743
58030	-0.230507
58031	-0.230271
58032	-0.230035
58033	-0.229798
58034	-0.229561
58035	-0.229324
58036	-0.229087
58037	-0.22885
58038	-0.228612
58039	-0.228374
58040	-0.228136
58041	-0.227898
58042	-0.22766
58043	-0.227421
58044	-0.227182
58045	-0.226943
58046	-0.226704
58047	-0.226464
58048	-0.226225
58049	-0.225985
58050	-0.225744
58051	-0.225504
58052	-0.225263
58053	-0.225023
58054	-0.224782
58055	-0.22454
58056	-0.224299
58057	-0.224057
58058	-0.223816
58059	-0.223574
58060	-0.223331
58061	-0.223089
58062	-0.222846
58063	-0.222603
58064	-0.22236
58065	-0.222117
58066	-0.221873
58067	-0.22163
58068	-0.221386
58069	-0.221142
58070	-0.220897
58071	-0.220653
58072	-0.220408
58073	-0.220163
58074	-0.219918
58075	-0.219673
58076	-0.219427
58077	-0.219181
58078	-0.218935
58079	-0.218689
58080	-0.218443
58081	-0.218196
58082	-0.217949
58083	-0.217702
58084	-0.217455
58085	-0.217208
58086	-0.21696
58087	-0.216712
58088	-0.216464
58089	-0.216216
58090	-0.215967
58091	-0.215719
58092	-0.21547
58093	-0.215221
58094	-0.214972
58095	-0.214722
58096	-0.214473
58097	-0.214223
58098	-0.213973
58099	-0.213723
58100	-0.213472
58101	-0.213221
58102	-0.212971
58103	-0.21272
58104	-0.212468
58105	-0.212217
58106	-0.211965
58107	-0.211713
58108	-0.211461
58109	-0.211209
58110	-0.210957
58111	-0.210704
58112	-0.210451
58113	-0.210198
58114	-0.209945
58115	-0.209692
58116	-0.209438
58117	-0.209184
58118	-0.20893
58119	-0.208676
58120	-0.208422
58121	-0.208167
58122	-0.207912
58123	-0.207657
58124	-0.207402
58125	-0.207147
58126	-0.206891
58127	-0.206635
58128	-0.206379
58129	-0.206123
58130	-0.205867
58131	-0.20561
58132	-0.205354
58133	-0.205097
58134	-0.20484
58135	-0.204582
58136	-0.204325
58137	-0.204067
58138	-0.203809
58139	-0.203551
58140	-0.203293
58141	-0.203034
58142	-0.202776
58143	-0.202517
58144	-0.202258
58145	-0.201999
58146	-0.201739
58147	-0.20148
58148	-0.20122
58149	-0.20096
58150	-0.2007
58151	-0.200439
58152	-0.200179
58153	-0.199918
58154	-0.199657
58155	-0.199396
58156	-0.199135
58157	-0.198873
58158	-0.198612
58159	-0.19835
58160	-0.198088
58161	-0.197826
58162	-0.197563
58163	-0.197301
58164	-0.197038
58165	-0.196775
58166	-0.196512
58167	-0.196248
58168	-0.195985
58169	-0.195721
58170	-0.195457
58171	-0.195193
58172	-0.194929
58173	-0.194665
58174	-0.1944
58175	-0.194135
58176	-0.19387
58177	-0.193605
58178	-0.19334
58179	-0.193074
58180	-0.192808
58181	-0.192542
58182	-0.192276
58183	-0.19201
58184	-0.191744
58185	-0.191477
58186	-0.19121
58187	-0.190943
58188	-0.190676
58189	-0.190409
58190	-0.190141
58191	-0.189874
58192	-0.189606
58193	-0.189338
58194	-0.189069
58195	-0.188801
58196	-0.188532
58197	-0.188264
58198	-0.187995
58199	-0.187726
58200	-0.187456
58201	-0.187187
58202	-0.186917
58203	-0.186647
58204	-0.186377
58205	-0.186107
58206	-0.185837
58207	-0.185566
58208	-0.185296
58209	-0.185025
58210	-0.184754
58211	-0.184483
58212	-0.184211
58213	-0.18394
58214	-0.183668
58215	-0.183396
58216	-0.183124
58217	-0.182852
58218	-0.182579
58219	-0.182307
58220	-0.182034
58221	-0.181761
58222	-0.181488
58223	-0.181214
58224	-0.180941
58225	-0.180667
58226	-0.180394
58227	-0.18012
58228	-0.179845
58229	-0.179571
58230	-0.179297
58231	-0.179022
58232	-0.178747
58233	-0.178472
58234	-0.178197
58235	-0.177922
58236	-0.177646
58237	-0.177371
58238	-0.177095
58239	-0.176819
58240	-0.176543
58241	-0.176266
58242	-0.17599
58243	-0.175713
58244	-0.175436
58245	-0.175159
58246	-0.174882
58247	-0.174605
58248	-0.174327
58249	-0.17405
58250	-0.173772
58251	-0.173494
58252	-0.173216
58253	-0.172938
58254	-0.172659
58255	-0.17238
58256	-0.172102
58257	-0.171823
58258	-0.171544
58259	-0.171264
58260	-0.170985
58261	-0.170705
58262	-0.170425
58263	-0.170146
58264	-0.169865
58265	-0.169585
58266	-0.169305
58267	-0.169024
58268	-0.168743
58269	-0.168463
58270	-0.168182
58271	-0.1679
58272	-0.167619
58273	-0.167337
58274	-0.167056
58275	-0.166774
58276	-0.166492
58277	-0.16621
58278	-0.165927
58279	-0.165645
58280	-0.165362
58281	-0.16508
58282	-0.164797
58283	-0.164514
58284	-0.16423
58285	-0.163947
58286	-0.163663
58287	-0.16338
58288	-0.163096
58289	-0.162812
58290	-0.162528
58291	-0.162243
58292	-0.161959
58293	-0.161674
58294	-0.161389
58295	-0.161104
58296	-0.160819
58297	-0.160534
58298	-0.160249
58299	-0.159963
58300	-0.159677
58301	-0.159391
58302	-0.159105
58303	-0.158819
58304	-0.158533
58305	-0.158247
58306	-0.15796
58307	-0.157673
58308	-0.157386
58309	-0.157099
58310	-0.156812
58311	-0.156525
58312	-0.156237
58313	-0.155949
58314	-0.155662
58315	-0.155374
58316	-0.155086
58317	-0.154797
58318	-0.154509
58319	-0.15422
58320	-0.153932
58321	-0.153643
58322	-0.153354
58323	-0.153065
58324	-0.152776
58325	-0.152486
58326	-0.152197
58327	-0.151907
58328	-0.151617
58329	-0.151327
58330	-0.151037
58331	-0.150747
58332	-0.150456
58333	-0.150166
58334	-0.149875
58335	-0.149584
58336	-0.149293
58337	-0.149002
58338	-0.148711
58339	-0.148419
58340	-0.148128
58341	-0.147836
58342	-0.147544
58343	-0.147252
58344	-0.14696
58345	-0.146668
58346	-0.146375
58347	-0.146083
58348	-0.14579
58349	-0.145497
58350	-0.145204
58351	-0.144911
58352	-0.144618
58353	-0.144325
58354	-0.144031
58355	-0.143737
58356	-0.143444
58357	-0.14315
58358	-0.142856
58359	-0.142561
58360	-0.142267
58361	-0.141973
58362	-0.141678
58363	-0.141383
58364	-0.141088
58365	-0.140793
58366	-0.140498
58367	-0.140203
58368	-0.139908
58369	-0.139612
58370	-0.139316
58371	-0.139021
58372	-0.138725
58373	-0.138429
58374	-0.138132
58375	-0.137836
58376	-0.13754
58377	-0.137243
58378	-0.136946
58379	-0.136649
58380	-0.136352
58381	-0.136055
58382	-0.135758
58383	-0.135461
58384	-0.135163
58385	-0.134865
58386	-0.134568
58387	-0.13427
58388	-0.133972
58389	-0.133674
58390	-0.133375
58391	-0.133077
58392	-0.132778
58393	-0.13248
58394	-0.132181
58395	-0.131882
58396	-0.131583
58397	-0.131284
58398	-0.130984
58399	-0.130685
58400	-0.130385
58401	-0.130086
58402	-0.129786
58403	-0.129486
58404	-0.129186
58405	-0.128886
58406	-0.128586
58407	-0.128285
58408	-0.127985
58409	-0.127684
58410	-0.127383
58411	-0.127082
58412	-0.126781
58413	-0.12648
58414	-0.126179
58415	-0.125877
58416	-0.125576
58417	-0.125274
58418	-0.124972
58419	-0.12467
58420	-0.124368
58421	-0.124066
58422	-0.123764
58423	-0.123462
58424	-0.123159
58425	-0.122857
58426	-0.122554
58427	-0.122251
58428	-0.121948
58429	-0.121645
58430	-0.121342
58431	-0.121039
58432	-0.120735
58433	-0.120432
58434	-0.120128
58435	-0.119824
58436	-0.11952
58437	-0.119216
58438	-0.118912
58439	-0.118608
58440	-0.118304
58441	-0.117999
58442	-0.117695
58443	-0.11739
58444	-0.117085
58445	-0.11678
58446	-0.116475
58447	-0.11617
58448	-0.115865
58449	-0.11556
58450	-0.115254
58451	-0.114948
58452	-0.114643
58453	-0.114337
58454	-0.114031
58455	-0.113725
58456	-0.113419
58457	-0.113113
58458	-0.112806
58459	-0.1125
58460	-0.112193
58461	-0.111887
58462	-0.11158
58463	-0.111273
58464	-0.110966
58465	-0.110659
58466	-0.110352
58467	-0.110044
58468	-0.109737
58469	-0.109429
58470	-0.109122
58471	-0.108814
58472	-0.108506
58473	-0.108198
58474	-0.10789
58475	-0.107582
58476	-0.107274
58477	-0.106965
58478	-0.106657
58479	-0.106348
58480	-0.106039
58481	-0.105731
58482	-0.105422
58483	-0.105113
58484	-0.104804
58485	-0.104495
58486	-0.104185
58487	-0.103876
58488	-0.103566
58489	-0.103257
58490	-0.102947
58491	-0.102637
58492	-0.102327
58493	-0.102017
58494	-0.101707
58495	-0.101397
58496	-0.101087
58497	-0.100776
58498	-0.100466
58499	-0.100155
58500	-0.0998446
58501	-0.0995338
58502	-0.0992229
58503	-0.0989119
58504	-0.0986008
58505	-0.0982897
58506	-0.0979784
58507	-0.097667
58508	-0.0973556
58509	-0.097044
58510	-0.0967324
58511	-0.0964206
58512	-0.0961088
58513	-0.0957969
58514	-0.0954848
58515	-0.0951727
58516	-0.0948605
58517	-0.0945482
58518	-0.0942358
58519	-0.0939233
58520	-0.0936108
58521	-0.0932981
58522	-0.0929853
58523	-0.0926725
58524	-0.0923595
58525	-0.0920465
58526	-0.0917334
58527	-0.0914202
58528	-0.0911069
58529	-0.0907935
58530	-0.09048
58531	-0.0901664
58532	-0.0898528
58533	-0.089539
58534	-0.0892252
58535	-0.0889113
58536	-0.0885973
58537	-0.0882832
58538	-0.087969
58539	-0.0876548
58540	-0.0873404
58541	-0.087026
58542	-0.0867115
58543	-0.0863968
58544	-0.0860822
58545	-0.0857674
58546	-0.0854525
58547	-0.0851376
58548	-0.0848226
58549	-0.0845074
58550	-0.0841923
58551	-0.083877
58552	-0.0835616
58553	-0.0832462
58554	-0.0829307
58555	-0.0826151
58556	-0.0822994
58557	-0.0819836
58558	-0.0816678
58559	-0.0813518
58560	-0.0810358
58561	-0.0807197
58562	-0.0804036
58563	-0.0800873
58564	-0.079771
58565	-0.0794546
58566	-0.0791381
58567	-0.0788216
58568	-0.0785049
58569	-0.0781882
58570	-0.0778714
58571	-0.0775546
58572	-0.0772376
58573	-0.0769206
58574	-0.0766035
58575	-0.0762863
58576	-0.0759691
58577	-0.0756518
58578	-0.0753344
58579	-0.0750169
58580	-0.0746994
58581	-0.0743818
58582	-0.0740641
58583	-0.0737463
58584	-0.0734285
58585	-0.0731105
58586	-0.0727926
58587	-0.0724745
58588	-0.0721564
58589	-0.0718382
58590	-0.0715199
58591	-0.0712016
58592	-0.0708832
58593	-0.0705647
58594	-0.0702461
58595	-0.0699275
58596	-0.0696088
58597	-0.0692901
58598	-0.0689712
58599	-0.0686523
58600	-0.0683334
58601	-0.0680144
58602	-0.0676953
58603	-0.0673761
58604	-0.0670569
58605	-0.0667376
58606	-0.0664182
58607	-0.0660988
58608	-0.0657793
58609	-0.0654597
58610	-0.0651401
58611	-0.0648204
58612	-0.0645006
58613	-0.0641808
58614	-0.0638609
58615	-0.0635409
58616	-0.0632209
58617	-0.0629009
58618	-0.0625807
58619	-0.0622605
58620	-0.0619402
58621	-0.0616199
58622	-0.0612995
58623	-0.0609791
58624	-0.0606586
58625	-0.060338
58626	-0.0600174
58627	-0.0596967
58628	-0.0593759
58629	-0.0590551
58630	-0.0587342
58631	-0.0584133
58632	-0.0580923
58633	-0.0577713
58634	-0.0574502
58635	-0.057129
58636	-0.0568078
58637	-0.0564865
58638	-0.0561652
58639	-0.0558438
58640	-0.0555223
58641	-0.0552008
58642	-0.0548793
58643	-0.0545577
58644	-0.054236
58645	-0.0539143
58646	-0.0535925
58647	-0.0532707
58648	-0.0529488
58649	-0.0526268
58650	-0.0523049
58651	-0.0519828
58652	-0.0516607
58653	-0.0513386
58654	-0.0510164
58655	-0.0506941
58656	-0.0503718
58657	-0.0500494
58658	-0.049727
58659	-0.0494046
58660	-0.0490821
58661	-0.0487595
58662	-0.0484369
58663	-0.0481143
58664	-0.0477915
58665	-0.0474688
58666	-0.047146
58667	-0.0468231
58668	-0.0465002
58669	-0.0461773
58670	-0.0458543
58671	-0.0455313
58672	-0.0452082
58673	-0.044885
58674	-0.0445619
58675	-0.0442386
58676	-0.0439154
58677	-0.043592
58678	-0.0432687
58679	-0.0429453
58680	-0.0426218
58681	-0.0422983
58682	-0.0419748
58683	-0.0416512
58684	-0.0413276
58685	-0.0410039
58686	-0.0406802
58687	-0.0403565
58688	-0.0400327
58689	-0.0397089
58690	-0.039385
58691	-0.0390611
58692	-0.0387371
58693	-0.0384131
58694	-0.0380891
58695	-0.037765
58696	-0.0374409
58697	-0.0371167
58698	-0.0367925
58699	-0.0364683
58700	-0.036144
58701	-0.0358197
58702	-0.0354954
58703	-0.035171
58704	-0.0348466
58705	-0.0345221
58706	-0.0341977
58707	-0.0338731
58708	-0.0335486
58709	-0.033224
58710	-0.0328993
58711	-0.0325747
58712	-0.03225
58713	-0.0319252
58714	-0.0316005
58715	-0.0312756
58716	-0.0309508
58717	-0.0306259
58718	-0.030301
58719	-0.0299761
58720	-0.0296511
58721	-0.0293261
58722	-0.0290011
58723	-0.028676
58724	-0.0283509
58725	-0.0280258
58726	-0.0277007
58727	-0.0273755
58728	-0.0270503
58729	-0.026725
58730	-0.0263998
58731	-0.0260745
58732	-0.0257491
58733	-0.0254238
58734	-0.0250984
58735	-0.024773
58736	-0.0244475
58737	-0.0241221
58738	-0.0237966
58739	-0.0234711
58740	-0.0231455
58741	-0.0228199
58742	-0.0224943
58743	-0.0221687
58744	-0.0218431
58745	-0.0215174
58746	-0.0211917
58747	-0.020866
58748	-0.0205402
58749	-0.0202145
58750	-0.0198887
58751	-0.0195629
58752	-0.019237
58753	-0.0189112
58754	-0.0185853
58755	-0.0182594
58756	-0.0179335
58757	-0.0176076
58758	-0.0172816
58759	-0.0169556
58760	-0.0166296
58761	-0.0163036
58762	-0.0159776
58763	-0.0156515
58764	-0.0153254
58765	-0.0149993
58766	-0.0146732
58767	-0.0143471
58768	-0.0140209
58769	-0.0136948
58770	-0.0133686
58771	-0.0130424
58772	-0.0127162
58773	-0.0123899
58774	-0.0120637
58775	-0.0117374
58776	-0.0114111
58777	-0.0110848
58778	-0.0107585
58779	-0.0104322
58780	-0.0101059
58781	-0.00977954
58782	-0.00945318
58783	-0.0091268
58784	-0.00880041
58785	-0.00847402
58786	-0.0081476
58787	-0.00782118
58788	-0.00749475
58789	-0.0071683
58790	-0.00684185
58791	-0.00651538
58792	-0.0061889
58793	-0.00586242
58794	-0.00553592
58795	-0.00520942
58796	-0.0048829
58797	-0.00455638
58798	-0.00422985
58799	-0.00390331
58800	-0.00357676
58801	-0.00325021
58802	-0.00292365
58803	-0.00259708
58804	-0.00227051
58805	-0.00194393
58806	-0.00161734
58807	-0.00129075
58808	-0.00096415
58809	-0.000637549
58810	-0.000310942
58811	1.56688e-05
58812	0.000342284
58813	0.000668902
58814	0.000995524
58815	0.00132215
58816	0.00164878
58817	0.00197541
58818	0.00230204
58819	0.00262867
58820	0.00295531
58821	0.00328195
58822	0.00360859
58823	0.00393522
58824	0.00426186
58825	0.0045885
58826	0.00491514
58827	0.00524178
58828	0.00556842
58829	0.00589505
58830	0.00622169
58831	0.00654832
58832	0.00687495
58833	0.00720158
58834	0.00752821
58835	0.00785483
58836	0.00818145
58837	0.00850806
58838	0.00883467
58839	0.00916128
58840	0.00948788
58841	0.00981448
58842	0.0101411
58843	0.0104677
58844	0.0107942
58845	0.0111208
58846	0.0114474
58847	0.011774
58848	0.0121005
58849	0.0124271
58850	0.0127536
58851	0.0130801
58852	0.0134067
58853	0.0137332
58854	0.0140597
58855	0.0143862
58856	0.0147127
58857	0.0150391
58858	0.0153656
58859	0.0156921
58860	0.0160185
58861	0.0163449
58862	0.0166714
58863	0.0169978
58864	0.0173242
58865	0.0176506
58866	0.017977
58867	0.0183033
58868	0.0186297
58869	0.018956
58870	0.0192823
58871	0.0196086
58872	0.0199349
58873	0.0202612
58874	0.0205875
58875	0.0209137
58876	0.02124
58877	0.0215662
58878	0.0218924
58879	0.0222186
58880	0.0225447
58881	0.0228709
58882	0.023197
58883	0.0235231
58884	0.0238492
58885	0.0241753
58886	0.0245014
58887	0.0248274
58888	0.0251535
58889	0.0254795
58890	0.0258054
58891	0.0261314
58892	0.0264573
58893	0.0267833
58894	0.0271092
58895	0.0274351
58896	0.0277609
58897	0.0280867
58898	0.0284126
58899	0.0287384
58900	0.0290641
58901	0.0293899
58902	0.0297156
58903	0.0300413
58904	0.030367
58905	0.0306926
58906	0.0310182
58907	0.0313438
58908	0.0316694
58909	0.031995
58910	0.0323205
58911	0.032646
58912	0.0329714
58913	0.0332969
58914	0.0336223
58915	0.0339477
58916	0.034273
58917	0.0345984
58918	0.0349237
58919	0.035249
58920	0.0355742
58921	0.0358994
58922	0.0362246
58923	0.0365498
58924	0.0368749
58925	0.0372
58926	0.0375251
58927	0.0378501
58928	0.0381751
58929	0.0385001
58930	0.038825
58931	0.0391499
58932	0.0394748
58933	0.0397996
58934	0.0401244
58935	0.0404492
58936	0.0407739
58937	0.0410986
58938	0.0414233
58939	0.0417479
58940	0.0420725
58941	0.0423971
58942	0.0427216
58943	0.0430461
58944	0.0433706
58945	0.043695
58946	0.0440194
58947	0.0443437
58948	0.044668
58949	0.0449923
58950	0.0453165
58951	0.0456407
58952	0.0459649
58953	0.046289
58954	0.0466131
58955	0.0469371
58956	0.0472611
58957	0.0475851
58958	0.047909
58959	0.0482328
58960	0.0485567
58961	0.0488805
58962	0.0492042
58963	0.0495279
58964	0.0498516
58965	0.0501752
58966	0.0504988
58967	0.0508223
58968	0.0511458
58969	0.0514692
58970	0.0517927
58971	0.052116
58972	0.0524393
58973	0.0527626
58974	0.0530858
58975	0.053409
58976	0.0537321
58977	0.0540552
58978	0.0543782
58979	0.0547012
58980	0.0550242
58981	0.0553471
58982	0.0556699
58983	0.0559927
58984	0.0563154
58985	0.0566381
58986	0.0569608
58987	0.0572834
58988	0.0576059
58989	0.0579284
58990	0.0582509
58991	0.0585733
58992	0.0588956
58993	0.0592179
58994	0.0595402
58995	0.0598624
58996	0.0601845
58997	0.0605066
58998	0.0608286
58999	0.0611506
59000	0.0614726
59001	0.0617944
59002	0.0621162
59003	0.062438
59004	0.0627597
59005	0.0630814
59006	0.063403
59007	0.0637245
59008	0.064046
59009	0.0643674
59010	0.0646888
59011	0.0650101
59012	0.0653314
59013	0.0656526
59014	0.0659738
59015	0.0662948
59016	0.0666159
59017	0.0669368
59018	0.0672578
59019	0.0675786
59020	0.0678994
59021	0.0682201
59022	0.0685408
59023	0.0688614
59024	0.069182
59025	0.0695025
59026	0.0698229
59027	0.0701433
59028	0.0704636
59029	0.0707838
59030	0.071104
59031	0.0714241
59032	0.0717442
59033	0.0720641
59034	0.0723841
59035	0.0727039
59036	0.0730237
59037	0.0733435
59038	0.0736631
59039	0.0739827
59040	0.0743023
59041	0.0746217
59042	0.0749411
59043	0.0752605
59044	0.0755797
59045	0.0758989
59046	0.0762181
59047	0.0765371
59048	0.0768561
59049	0.0771751
59050	0.0774939
59051	0.0778127
59052	0.0781314
59053	0.0784501
59054	0.0787687
59055	0.0790872
59056	0.0794056
59057	0.079724
59058	0.0800423
59059	0.0803605
59060	0.0806787
59061	0.0809968
59062	0.0813148
59063	0.0816327
59064	0.0819506
59065	0.0822684
59066	0.0825861
59067	0.0829037
59068	0.0832213
59069	0.0835388
59070	0.0838562
59071	0.0841736
59072	0.0844908
59073	0.084808
59074	0.0851252
59075	0.0854422
59076	0.0857592
59077	0.086076
59078	0.0863929
59079	0.0867096
59080	0.0870262
59081	0.0873428
59082	0.0876593
59083	0.0879757
59084	0.0882921
59085	0.0886083
59086	0.0889245
59087	0.0892406
59088	0.0895566
59089	0.0898726
59090	0.0901884
59091	0.0905042
59092	0.0908199
59093	0.0911355
59094	0.091451
59095	0.0917665
59096	0.0920819
59097	0.0923971
59098	0.0927123
59099	0.0930275
59100	0.0933425
59101	0.0936574
59102	0.0939723
59103	0.0942871
59104	0.0946018
59105	0.0949164
59106	0.0952309
59107	0.0955453
59108	0.0958597
59109	0.0961739
59110	0.0964881
59111	0.0968022
59112	0.0971162
59113	0.0974301
59114	0.0977439
59115	0.0980576
59116	0.0983713
59117	0.0986848
59118	0.0989983
59119	0.0993117
59120	0.099625
59121	0.0999382
59122	0.100251
59123	0.100564
59124	0.100877
59125	0.10119
59126	0.101503
59127	0.101815
59128	0.102128
59129	0.10244
59130	0.102753
59131	0.103065
59132	0.103377
59133	0.103689
59134	0.104001
59135	0.104313
59136	0.104625
59137	0.104937
59138	0.105248
59139	0.10556
59140	0.105871
59141	0.106183
59142	0.106494
59143	0.106805
59144	0.107116
59145	0.107427
59146	0.107738
59147	0.108048
59148	0.108359
59149	0.10867
59150	0.10898
59151	0.10929
59152	0.109601
59153	0.109911
59154	0.110221
59155	0.110531
59156	0.110841
59157	0.11115
59158	0.11146
59159	0.11177
59160	0.112079
59161	0.112388
59162	0.112698
59163	0.113007
59164	0.113316
59165	0.113625
59166	0.113933
59167	0.114242
59168	0.114551
59169	0.114859
59170	0.115168
59171	0.115476
59172	0.115784
59173	0.116092
59174	0.1164
59175	0.116708
59176	0.117016
59177	0.117323
59178	0.117631
59179	0.117938
59180	0.118246
59181	0.118553
59182	0.11886
59183	0.119167
59184	0.119474
59185	0.119781
59186	0.120087
59187	0.120394
59188	0.1207
59189	0.121007
59190	0.121313
59191	0.121619
59192	0.121925
59193	0.122231
59194	0.122537
59195	0.122842
59196	0.123148
59197	0.123453
59198	0.123759
59199	0.124064
59200	0.124369
59201	0.124674
59202	0.124979
59203	0.125284
59204	0.125588
59205	0.125893
59206	0.126197
59207	0.126501
59208	0.126806
59209	0.12711
59210	0.127414
59211	0.127717
59212	0.128021
59213	0.128325
59214	0.128628
59215	0.128931
59216	0.129235
59217	0.129538
59218	0.129841
59219	0.130144
59220	0.130446
59221	0.130749
59222	0.131051
59223	0.131354
59224	0.131656
59225	0.131958
59226	0.13226
59227	0.132562
59228	0.132864
59229	0.133166
59230	0.133467
59231	0.133769
59232	0.13407
59233	0.134371
59234	0.134672
59235	0.134973
59236	0.135274
59237	0.135574
59238	0.135875
59239	0.136175
59240	0.136476
59241	0.136776
59242	0.137076
59243	0.137376
59244	0.137675
59245	0.137975
59246	0.138275
59247	0.138574
59248	0.138873
59249	0.139172
59250	0.139471
59251	0.13977
59252	0.140069
59253	0.140368
59254	0.140666
59255	0.140964
59256	0.141263
59257	0.141561
59258	0.141859
59259	0.142156
59260	0.142454
59261	0.142752
59262	0.143049
59263	0.143346
59264	0.143644
59265	0.143941
59266	0.144237
59267	0.144534
59268	0.144831
59269	0.145127
59270	0.145424
59271	0.14572
59272	0.146016
59273	0.146312
59274	0.146608
59275	0.146903
59276	0.147199
59277	0.147494
59278	0.14779
59279	0.148085
59280	0.14838
59281	0.148675
59282	0.148969
59283	0.149264
59284	0.149558
59285	0.149853
59286	0.150147
59287	0.150441
59288	0.150735
59289	0.151028
59290	0.151322
59291	0.151615
59292	0.151909
59293	0.152202
59294	0.152495
59295	0.152788
59296	0.153081
59297	0.153373
59298	0.153666
59299	0.153958
59300	0.15425
59301	0.154542
59302	0.154834
59303	0.155126
59304	0.155417
59305	0.155709
59306	0.156
59307	0.156291
59308	0.156582
59309	0.156873
59310	0.157164
59311	0.157454
59312	0.157745
59313	0.158035
59314	0.158325
59315	0.158615
59316	0.158905
59317	0.159195
59318	0.159484
59319	0.159774
59320	0.160063
59321	0.160352
59322	0.160641
59323	0.16093
59324	0.161218
59325	0.161507
59326	0.161795
59327	0.162083
59328	0.162371
59329	0.162659
59330	0.162947
59331	0.163234
59332	0.163522
59333	0.163809
59334	0.164096
59335	0.164383
59336	0.16467
59337	0.164957
59338	0.165243
59339	0.165529
59340	0.165816
59341	0.166102
59342	0.166387
59343	0.166673
59344	0.166959
59345	0.167244
59346	0.167529
59347	0.167814
59348	0.168099
59349	0.168384
59350	0.168669
59351	0.168953
59352	0.169238
59353	0.169522
59354	0.169806
59355	0.170089
59356	0.170373
59357	0.170657
59358	0.17094
59359	0.171223
59360	0.171506
59361	0.171789
59362	0.172072
59363	0.172354
59364	0.172637
59365	0.172919
59366	0.173201
59367	0.173483
59368	0.173764
59369	0.174046
59370	0.174327
59371	0.174609
59372	0.17489
59373	0.17517
59374	0.175451
59375	0.175732
59376	0.176012
59377	0.176292
59378	0.176572
59379	0.176852
59380	0.177132
59381	0.177412
59382	0.177691
59383	0.17797
59384	0.178249
59385	0.178528
59386	0.178807
59387	0.179086
59388	0.179364
59389	0.179642
59390	0.17992
59391	0.180198
59392	0.180476
59393	0.180753
59394	0.181031
59395	0.181308
59396	0.181585
59397	0.181862
59398	0.182139
59399	0.182415
59400	0.182691
59401	0.182968
59402	0.183244
59403	0.183519
59404	0.183795
59405	0.18407
59406	0.184346
59407	0.184621
59408	0.184896
59409	0.185171
59410	0.185445
59411	0.18572
59412	0.185994
59413	0.186268
59414	0.186542
59415	0.186816
59416	0.187089
59417	0.187363
59418	0.187636
59419	0.187909
59420	0.188182
59421	0.188454
59422	0.188727
59423	0.188999
59424	0.189271
59425	0.189543
59426	0.189815
59427	0.190087
59428	0.190358
59429	0.190629
59430	0.1909
59431	0.191171
59432	0.191442
59433	0.191712
59434	0.191983
59435	0.192253
59436	0.192523
59437	0.192792
59438	0.193062
59439	0.193331
59440	0.193601
59441	0.19387
59442	0.194139
59443	0.194407
59444	0.194676
59445	0.194944
59446	0.195212
59447	0.19548
59448	0.195748
59449	0.196015
59450	0.196283
59451	0.19655
59452	0.196817
59453	0.197084
59454	0.197351
59455	0.197617
59456	0.197883
59457	0.198149
59458	0.198415
59459	0.198681
59460	0.198946
59461	0.199212
59462	0.199477
59463	0.199742
59464	0.200007
59465	0.200271
59466	0.200535
59467	0.2008
59468	0.201064
59469	0.201327
59470	0.201591
59471	0.201854
59472	0.202118
59473	0.202381
59474	0.202644
59475	0.202906
59476	0.203169
59477	0.203431
59478	0.203693
59479	0.203955
59480	0.204217
59481	0.204478
59482	0.204739
59483	0.205
59484	0.205261
59485	0.205522
59486	0.205783
59487	0.206043
59488	0.206303
59489	0.206563
59490	0.206823
59491	0.207082
59492	0.207342
59493	0.207601
59494	0.20786
59495	0.208118
59496	0.208377
59497	0.208635
59498	0.208893
59499	0.209151
59500	0.209409
59501	0.209667
59502	0.209924
59503	0.210181
59504	0.210438
59505	0.210695
59506	0.210951
59507	0.211208
59508	0.211464
59509	0.21172
59510	0.211976
59511	0.212231
59512	0.212487
59513	0.212742
59514	0.212997
59515	0.213251
59516	0.213506
59517	0.21376
59518	0.214014
59519	0.214268
59520	0.214522
59521	0.214775
59522	0.215029
59523	0.215282
59524	0.215535
59525	0.215787
59526	0.21604
59527	0.216292
59528	0.216544
59529	0.216796
59530	0.217048
59531	0.217299
59532	0.217551
59533	0.217802
59534	0.218052
59535	0.218303
59536	0.218553
59537	0.218804
59538	0.219054
59539	0.219303
59540	0.219553
59541	0.219802
59542	0.220052
59543	0.220301
59544	0.220549
59545	0.220798
59546	0.221046
59547	0.221294
59548	0.221542
59549	0.22179
59550	0.222037
59551	0.222285
59552	0.222532
59553	0.222778
59554	0.223025
59555	0.223271
59556	0.223518
59557	0.223764
59558	0.224009
59559	0.224255
59560	0.2245
59561	0.224745
59562	0.22499
59563	0.225235
59564	0.22548
59565	0.225724
59566	0.225968
59567	0.226212
59568	0.226455
59569	0.226699
59570	0.226942
59571	0.227185
59572	0.227428
59573	0.22767
59574	0.227913
59575	0.228155
59576	0.228397
59577	0.228638
59578	0.22888
59579	0.229121
59580	0.229362
59581	0.229603
59582	0.229843
59583	0.230084
59584	0.230324
59585	0.230564
59586	0.230803
59587	0.231043
59588	0.231282
59589	0.231521
59590	0.23176
59591	0.231998
59592	0.232237
59593	0.232475
59594	0.232713
59595	0.232951
59596	0.233188
59597	0.233425
59598	0.233662
59599	0.233899
59600	0.234136
59601	0.234372
59602	0.234608
59603	0.234844
59604	0.23508
59605	0.235315
59606	0.23555
59607	0.235785
59608	0.23602
59609	0.236255
59610	0.236489
59611	0.236723
59612	0.236957
59613	0.237191
59614	0.237424
59615	0.237657
59616	0.23789
59617	0.238123
59618	0.238356
59619	0.238588
59620	0.23882
59621	0.239052
59622	0.239283
59623	0.239515
59624	0.239746
59625	0.239977
59626	0.240207
59627	0.240438
59628	0.240668
59629	0.240898
59630	0.241128
59631	0.241357
59632	0.241587
59633	0.241816
59634	0.242045
59635	0.242273
59636	0.242502
59637	0.24273
59638	0.242958
59639	0.243185
59640	0.243413
59641	0.24364
59642	0.243867
59643	0.244094
59644	0.24432
59645	0.244546
59646	0.244772
59647	0.244998
59648	0.245224
59649	0.245449
59650	0.245674
59651	0.245899
59652	0.246124
59653	0.246348
59654	0.246572
59655	0.246796
59656	0.24702
59657	0.247243
59658	0.247467
59659	0.247689
59660	0.247912
59661	0.248135
59662	0.248357
59663	0.248579
59664	0.248801
59665	0.249022
59666	0.249244
59667	0.249465
59668	0.249685
59669	0.249906
59670	0.250126
59671	0.250347
59672	0.250566
59673	0.250786
59674	0.251005
59675	0.251225
59676	0.251443
59677	0.251662
59678	0.251881
59679	0.252099
59680	0.252317
59681	0.252534
59682	0.252752
59683	0.252969
59684	0.253186
59685	0.253403
59686	0.253619
59687	0.253835
59688	0.254051
59689	0.254267
59690	0.254483
59691	0.254698
59692	0.254913
59693	0.255128
59694	0.255342
59695	0.255556
59696	0.255771
59697	0.255984
59698	0.256198
59699	0.256411
59700	0.256624
59701	0.256837
59702	0.25705
59703	0.257262
59704	0.257474
59705	0.257686
59706	0.257897
59707	0.258109
59708	0.25832
59709	0.258531
59710	0.258741
59711	0.258952
59712	0.259162
59713	0.259371
59714	0.259581
59715	0.25979
59716	0.259999
59717	0.260208
59718	0.260417
59719	0.260625
59720	0.260833
59721	0.261041
59722	0.261249
59723	0.261456
59724	0.261663
59725	0.26187
59726	0.262077
59727	0.262283
59728	0.262489
59729	0.262695
59730	0.2629
59731	0.263106
59732	0.263311
59733	0.263516
59734	0.26372
59735	0.263925
59736	0.264129
59737	0.264332
59738	0.264536
59739	0.264739
59740	0.264942
59741	0.265145
59742	0.265348
59743	0.26555
59744	0.265752
59745	0.265954
59746	0.266155
59747	0.266356
59748	0.266557
59749	0.266758
59750	0.266959
59751	0.267159
59752	0.267359
59753	0.267559
59754	0.267758
59755	0.267957
59756	0.268156
59757	0.268355
59758	0.268553
59759	0.268752
59760	0.268949
59761	0.269147
59762	0.269344
59763	0.269542
59764	0.269739
59765	0.269935
59766	0.270131
59767	0.270328
59768	0.270523
59769	0.270719
59770	0.270914
59771	0.271109
59772	0.271304
59773	0.271499
59774	0.271693
59775	0.271887
59776	0.272081
59777	0.272274
59778	0.272468
59779	0.272661
59780	0.272853
59781	0.273046
59782	0.273238
59783	0.27343
59784	0.273621
59785	0.273813
59786	0.274004
59787	0.274195
59788	0.274385
59789	0.274576
59790	0.274766
59791	0.274956
59792	0.275145
59793	0.275335
59794	0.275524
59795	0.275712
59796	0.275901
59797	0.276089
59798	0.276277
59799	0.276465
59800	0.276652
59801	0.276839
59802	0.277026
59803	0.277213
59804	0.277399
59805	0.277585
59806	0.277771
59807	0.277957
59808	0.278142
59809	0.278327
59810	0.278512
59811	0.278696
59812	0.278881
59813	0.279065
59814	0.279248
59815	0.279432
59816	0.279615
59817	0.279798
59818	0.27998
59819	0.280163
59820	0.280345
59821	0.280527
59822	0.280708
59823	0.280889
59824	0.28107
59825	0.281251
59826	0.281432
59827	0.281612
59828	0.281792
59829	0.281971
59830	0.282151
59831	0.28233
59832	0.282509
59833	0.282687
59834	0.282865
59835	0.283044
59836	0.283221
59837	0.283399
59838	0.283576
59839	0.283753
59840	0.28393
59841	0.284106
59842	0.284282
59843	0.284458
59844	0.284633
59845	0.284809
59846	0.284984
59847	0.285158
59848	0.285333
59849	0.285507
59850	0.285681
59851	0.285855
59852	0.286028
59853	0.286201
59854	0.286374
59855	0.286547
59856	0.286719
59857	0.286891
59858	0.287063
59859	0.287234
59860	0.287405
59861	0.287576
59862	0.287747
59863	0.287917
59864	0.288087
59865	0.288257
59866	0.288426
59867	0.288596
59868	0.288764
59869	0.288933
59870	0.289102
59871	0.28927
59872	0.289438
59873	0.289605
59874	0.289772
59875	0.289939
59876	0.290106
59877	0.290273
59878	0.290439
59879	0.290605
59880	0.29077
59881	0.290936
59882	0.291101
59883	0.291265
59884	0.29143
59885	0.291594
59886	0.291758
59887	0.291922
59888	0.292085
59889	0.292248
59890	0.292411
59891	0.292573
59892	0.292736
59893	0.292898
59894	0.293059
59895	0.293221
59896	0.293382
59897	0.293543
59898	0.293703
59899	0.293863
59900	0.294023
59901	0.294183
59902	0.294343
59903	0.294502
59904	0.294661
59905	0.294819
59906	0.294977
59907	0.295135
59908	0.295293
59909	0.295451
59910	0.295608
59911	0.295765
59912	0.295921
59913	0.296077
59914	0.296234
59915	0.296389
59916	0.296545
59917	0.2967
59918	0.296855
59919	0.297009
59920	0.297164
59921	0.297318
59922	0.297471
59923	0.297625
59924	0.297778
59925	0.297931
59926	0.298083
59927	0.298236
59928	0.298388
59929	0.298539
59930	0.298691
59931	0.298842
59932	0.298993
59933	0.299144
59934	0.299294
59935	0.299444
59936	0.299594
59937	0.299743
59938	0.299892
59939	0.300041
59940	0.30019
59941	0.300338
59942	0.300486
59943	0.300633
59944	0.300781
59945	0.300928
59946	0.301075
59947	0.301221
59948	0.301368
59949	0.301514
59950	0.301659
59951	0.301805
59952	0.30195
59953	0.302095
59954	0.302239
59955	0.302383
59956	0.302527
59957	0.302671
59958	0.302814
59959	0.302957
59960	0.3031
59961	0.303242
59962	0.303385
59963	0.303527
59964	0.303668
59965	0.303809
59966	0.30395
59967	0.304091
59968	0.304232
59969	0.304372
59970	0.304512
59971	0.304651
59972	0.30479
59973	0.304929
59974	0.305068
59975	0.305206
59976	0.305345
59977	0.305482
59978	0.30562
59979	0.305757
59980	0.305894
59981	0.306031
59982	0.306167
59983	0.306303
59984	0.306439
59985	0.306574
59986	0.306709
59987	0.306844
59988	0.306979
59989	0.307113
59990	0.307247
59991	0.307381
59992	0.307514
59993	0.307647
59994	0.30778
59995	0.307912
59996	0.308045
59997	0.308176
59998	0.308308
59999	0.308439
60000	0.30857
60001	0.308701
60002	0.308831
60003	0.308962
60004	0.309091
60005	0.309221
60006	0.30935
60007	0.309479
60008	0.309608
60009	0.309736
60010	0.309864
60011	0.309992
60012	0.310119
60013	0.310246
60014	0.310373
60015	0.3105
60016	0.310626
60017	0.310752
60018	0.310878
60019	0.311003
60020	0.311128
60021	0.311253
60022	0.311377
60023	0.311502
60024	0.311625
60025	0.311749
60026	0.311872
60027	0.311995
60028	0.312118
60029	0.31224
60030	0.312362
60031	0.312484
60032	0.312606
60033	0.312727
60034	0.312848
60035	0.312968
60036	0.313088
60037	0.313208
60038	0.313328
60039	0.313447
60040	0.313566
60041	0.313685
60042	0.313804
60043	0.313922
60044	0.31404
60045	0.314157
60046	0.314274
60047	0.314391
60048	0.314508
60049	0.314624
60050	0.31474
60051	0.314856
60052	0.314972
60053	0.315087
60054	0.315202
60055	0.315316
60056	0.31543
60057	0.315544
60058	0.315658
60059	0.315771
60060	0.315884
60061	0.315997
60062	0.316109
60063	0.316221
60064	0.316333
60065	0.316445
60066	0.316556
60067	0.316667
60068	0.316777
60069	0.316888
60070	0.316998
60071	0.317107
60072	0.317217
60073	0.317326
60074	0.317435
60075	0.317543
60076	0.317651
60077	0.317759
60078	0.317867
60079	0.317974
60080	0.318081
60081	0.318187
60082	0.318294
60083	0.3184
60084	0.318505
60085	0.318611
60086	0.318716
60087	0.318821
60088	0.318925
60089	0.319029
60090	0.319133
60091	0.319237
60092	0.31934
60093	0.319443
60094	0.319546
60095	0.319648
60096	0.31975
60097	0.319852
60098	0.319953
60099	0.320054
60100	0.320155
60101	0.320256
60102	0.320356
60103	0.320456
60104	0.320555
60105	0.320655
60106	0.320754
60107	0.320852
60108	0.320951
60109	0.321049
60110	0.321146
60111	0.321244
60112	0.321341
60113	0.321438
60114	0.321534
60115	0.32163
60116	0.321726
60117	0.321822
60118	0.321917
60119	0.322012
60120	0.322107
60121	0.322201
60122	0.322295
60123	0.322389
60124	0.322482
60125	0.322575
60126	0.322668
60127	0.322761
60128	0.322853
60129	0.322945
60130	0.323036
60131	0.323127
60132	0.323218
60133	0.323309
60134	0.323399
60135	0.323489
60136	0.323579
60137	0.323668
60138	0.323757
60139	0.323846
60140	0.323935
60141	0.324023
60142	0.324111
60143	0.324198
60144	0.324285
60145	0.324372
60146	0.324459
60147	0.324545
60148	0.324631
60149	0.324717
60150	0.324802
60151	0.324887
60152	0.324972
60153	0.325056
60154	0.32514
60155	0.325224
60156	0.325308
60157	0.325391
60158	0.325474
60159	0.325556
60160	0.325638
60161	0.32572
60162	0.325802
60163	0.325883
60164	0.325964
60165	0.326045
60166	0.326125
60167	0.326205
60168	0.326285
60169	0.326364
60170	0.326443
60171	0.326522
60172	0.326601
60173	0.326679
60174	0.326757
60175	0.326834
60176	0.326911
60177	0.326988
60178	0.327065
60179	0.327141
60180	0.327217
60181	0.327293
60182	0.327368
60183	0.327443
60184	0.327518
60185	0.327592
60186	0.327666
60187	0.32774
60188	0.327814
60189	0.327887
60190	0.32796
60191	0.328032
60192	0.328104
60193	0.328176
60194	0.328248
60195	0.328319
60196	0.32839
60197	0.328461
60198	0.328531
60199	0.328601
60200	0.328671
60201	0.32874
60202	0.328809
60203	0.328878
60204	0.328946
60205	0.329014
60206	0.329082
60207	0.32915
60208	0.329217
60209	0.329284
60210	0.32935
60211	0.329417
60212	0.329482
60213	0.329548
60214	0.329613
60215	0.329678
60216	0.329743
60217	0.329807
60218	0.329871
60219	0.329935
60220	0.329998
60221	0.330061
60222	0.330124
60223	0.330187
60224	0.330249
60225	0.330311
60226	0.330372
60227	0.330433
60228	0.330494
60229	0.330555
60230	0.330615
60231	0.330675
60232	0.330734
60233	0.330794
60234	0.330853
60235	0.330911
60236	0.33097
60237	0.331028
60238	0.331085
60239	0.331143
60240	0.3312
60241	0.331256
60242	0.331313
60243	0.331369
60244	0.331425
60245	0.33148
60246	0.331535
60247	0.33159
60248	0.331645
60249	0.331699
60250	0.331753
60251	0.331806
60252	0.33186
60253	0.331913
60254	0.331965
60255	0.332018
60256	0.33207
60257	0.332121
60258	0.332173
60259	0.332224
60260	0.332274
60261	0.332325
60262	0.332375
60263	0.332425
60264	0.332474
60265	0.332523
60266	0.332572
60267	0.33262
60268	0.332669
60269	0.332716
60270	0.332764
60271	0.332811
60272	0.332858
60273	0.332905
60274	0.332951
60275	0.332997
60276	0.333043
60277	0.333088
60278	0.333133
60279	0.333178
60280	0.333222
60281	0.333266
60282	0.33331
60283	0.333353
60284	0.333396
60285	0.333439
60286	0.333481
60287	0.333524
60288	0.333565
60289	0.333607
60290	0.333648
60291	0.333689
60292	0.333729
60293	0.33377
60294	0.333809
60295	0.333849
60296	0.333888
60297	0.333927
60298	0.333966
60299	0.334004
60300	0.334042
60301	0.33408
60302	0.334117
60303	0.334154
60304	0.334191
60305	0.334227
60306	0.334263
60307	0.334299
60308	0.334335
60309	0.33437
60310	0.334404
60311	0.334439
60312	0.334473
60313	0.334507
60314	0.33454
60315	0.334574
60316	0.334607
60317	0.334639
60318	0.334671
60319	0.334703
60320	0.334735
60321	0.334766
60322	0.334797
60323	0.334828
60324	0.334858
60325	0.334888
60326	0.334918
60327	0.334947
60328	0.334976
60329	0.335005
60330	0.335033
60331	0.335061
60332	0.335089
60333	0.335117
60334	0.335144
60335	0.335171
60336	0.335197
60337	0.335223
60338	0.335249
60339	0.335275
60340	0.3353
60341	0.335325
60342	0.335349
60343	0.335374
60344	0.335397
60345	0.335421
60346	0.335444
60347	0.335467
60348	0.33549
60349	0.335512
60350	0.335534
60351	0.335556
60352	0.335577
60353	0.335598
60354	0.335619
60355	0.33564
60356	0.33566
60357	0.335679
60358	0.335699
60359	0.335718
60360	0.335737
60361	0.335755
60362	0.335774
60363	0.335791
60364	0.335809
60365	0.335826
60366	0.335843
60367	0.33586
60368	0.335876
60369	0.335892
60370	0.335907
60371	0.335923
60372	0.335938
60373	0.335952
60374	0.335967
60375	0.335981
60376	0.335994
60377	0.336008
60378	0.336021
60379	0.336034
60380	0.336046
60381	0.336058
60382	0.33607
60383	0.336081
60384	0.336092
60385	0.336103
60386	0.336114
60387	0.336124
60388	0.336134
60389	0.336143
60390	0.336153
60391	0.336161
60392	0.33617
60393	0.336178
60394	0.336186
60395	0.336194
60396	0.336201
60397	0.336208
60398	0.336215
60399	0.336221
60400	0.336227
60401	0.336233
60402	0.336238
60403	0.336243
60404	0.336248
60405	0.336252
60406	0.336257
60407	0.33626
60408	0.336264
60409	0.336267
60410	0.33627
60411	0.336272
60412	0.336274
60413	0.336276
60414	0.336278
60415	0.336279
60416	0.33628
60417	0.336281
60418	0.336281
60419	0.336281
60420	0.33628
60421	0.33628
60422	0.336279
60423	0.336277
60424	0.336276
60425	0.336274
60426	0.336271
60427	0.336269
60428	0.336266
60429	0.336263
60430	0.336259
60431	0.336255
60432	0.336251
60433	0.336246
60434	0.336242
60435	0.336236
60436	0.336231
60437	0.336225
60438	0.336219
60439	0.336213
60440	0.336206
60441	0.336199
60442	0.336191
60443	0.336184
60444	0.336175
60445	0.336167
60446	0.336158
60447	0.336149
60448	0.33614
60449	0.33613
60450	0.336121
60451	0.33611
60452	0.3361
60453	0.336089
60454	0.336078
60455	0.336066
60456	0.336054
60457	0.336042
60458	0.336029
60459	0.336017
60460	0.336003
60461	0.33599
60462	0.335976
60463	0.335962
60464	0.335948
60465	0.335933
60466	0.335918
60467	0.335902
60468	0.335887
60469	0.335871
60470	0.335854
60471	0.335838
60472	0.335821
60473	0.335803
60474	0.335786
60475	0.335768
60476	0.33575
60477	0.335731
60478	0.335712
60479	0.335693
60480	0.335674
60481	0.335654
60482	0.335634
60483	0.335613
60484	0.335592
60485	0.335571
60486	0.33555
60487	0.335528
60488	0.335506
60489	0.335484
60490	0.335461
60491	0.335438
60492	0.335414
60493	0.335391
60494	0.335367
60495	0.335343
60496	0.335318
60497	0.335293
60498	0.335268
60499	0.335242
60500	0.335216
60501	0.33519
60502	0.335164
60503	0.335137
60504	0.33511
60505	0.335082
60506	0.335054
60507	0.335026
60508	0.334998
60509	0.334969
60510	0.33494
60511	0.334911
60512	0.334881
60513	0.334851
60514	0.334821
60515	0.33479
60516	0.334759
60517	0.334728
60518	0.334696
60519	0.334664
60520	0.334632
60521	0.3346
60522	0.334567
60523	0.334534
60524	0.3345
60525	0.334466
60526	0.334432
60527	0.334398
60528	0.334363
60529	0.334328
60530	0.334293
60531	0.334257
60532	0.334221
60533	0.334184
60534	0.334148
60535	0.334111
60536	0.334074
60537	0.334036
60538	0.333998
60539	0.33396
60540	0.333921
60541	0.333882
60542	0.333843
60543	0.333804
60544	0.333764
60545	0.333724
60546	0.333683
60547	0.333643
60548	0.333602
60549	0.33356
60550	0.333518
60551	0.333476
60552	0.333434
60553	0.333391
60554	0.333349
60555	0.333305
60556	0.333262
60557	0.333218
60558	0.333174
60559	0.333129
60560	0.333084
60561	0.333039
60562	0.332993
60563	0.332948
60564	0.332902
60565	0.332855
60566	0.332808
60567	0.332761
60568	0.332714
60569	0.332666
60570	0.332618
60571	0.33257
60572	0.332521
60573	0.332472
60574	0.332423
60575	0.332374
60576	0.332324
60577	0.332274
60578	0.332223
60579	0.332172
60580	0.332121
60581	0.33207
60582	0.332018
60583	0.331966
60584	0.331913
60585	0.331861
60586	0.331808
60587	0.331754
60588	0.331701
60589	0.331647
60590	0.331593
60591	0.331538
60592	0.331483
60593	0.331428
60594	0.331372
60595	0.331317
60596	0.33126
60597	0.331204
60598	0.331147
60599	0.33109
60600	0.331033
60601	0.330975
60602	0.330917
60603	0.330859
60604	0.3308
60605	0.330741
60606	0.330682
60607	0.330622
60608	0.330562
60609	0.330502
60610	0.330442
60611	0.330381
60612	0.33032
60613	0.330258
60614	0.330196
60615	0.330134
60616	0.330072
60617	0.330009
60618	0.329946
60619	0.329883
60620	0.329819
60621	0.329755
60622	0.329691
60623	0.329627
60624	0.329562
60625	0.329497
60626	0.329431
60627	0.329365
60628	0.329299
60629	0.329233
60630	0.329166
60631	0.329099
60632	0.329032
60633	0.328964
60634	0.328896
60635	0.328828
60636	0.328759
60637	0.32869
60638	0.328621
60639	0.328551
60640	0.328482
60641	0.328411
60642	0.328341
60643	0.32827
60644	0.328199
60645	0.328128
60646	0.328056
60647	0.327984
60648	0.327912
60649	0.327839
60650	0.327766
60651	0.327693
60652	0.327619
60653	0.327546
60654	0.327471
60655	0.327397
60656	0.327322
60657	0.327247
60658	0.327172
60659	0.327096
60660	0.32702
60661	0.326944
60662	0.326867
60663	0.32679
60664	0.326713
60665	0.326635
60666	0.326558
60667	0.326479
60668	0.326401
60669	0.326322
60670	0.326243
60671	0.326164
60672	0.326084
60673	0.326004
60674	0.325924
60675	0.325843
60676	0.325762
60677	0.325681
60678	0.325599
60679	0.325517
60680	0.325435
60681	0.325353
60682	0.32527
60683	0.325187
60684	0.325104
60685	0.32502
60686	0.324936
60687	0.324852
60688	0.324767
60689	0.324682
60690	0.324597
60691	0.324511
60692	0.324426
60693	0.324339
60694	0.324253
60695	0.324166
60696	0.324079
60697	0.323992
60698	0.323904
60699	0.323816
60700	0.323728
60701	0.323639
60702	0.323551
60703	0.323461
60704	0.323372
60705	0.323282
60706	0.323192
60707	0.323102
60708	0.323011
60709	0.32292
60710	0.322829
60711	0.322737
60712	0.322645
60713	0.322553
60714	0.32246
60715	0.322368
60716	0.322274
60717	0.322181
60718	0.322087
60719	0.321993
60720	0.321899
60721	0.321804
60722	0.321709
60723	0.321614
60724	0.321518
60725	0.321423
60726	0.321326
60727	0.32123
60728	0.321133
60729	0.321036
60730	0.320939
60731	0.320841
60732	0.320743
60733	0.320645
60734	0.320546
60735	0.320447
60736	0.320348
60737	0.320249
60738	0.320149
60739	0.320049
60740	0.319948
60741	0.319848
60742	0.319747
60743	0.319646
60744	0.319544
60745	0.319442
60746	0.31934
60747	0.319237
60748	0.319135
60749	0.319032
60750	0.318928
60751	0.318824
60752	0.31872
60753	0.318616
60754	0.318512
60755	0.318407
60756	0.318301
60757	0.318196
60758	0.31809
60759	0.317984
60760	0.317878
60761	0.317771
60762	0.317664
60763	0.317557
60764	0.317449
60765	0.317341
60766	0.317233
60767	0.317125
60768	0.317016
60769	0.316907
60770	0.316797
60771	0.316688
60772	0.316578
60773	0.316468
60774	0.316357
60775	0.316246
60776	0.316135
60777	0.316024
60778	0.315912
60779	0.3158
60780	0.315687
60781	0.315575
60782	0.315462
60783	0.315349
60784	0.315235
60785	0.315121
60786	0.315007
60787	0.314893
60788	0.314778
60789	0.314663
60790	0.314548
60791	0.314432
60792	0.314316
60793	0.3142
60794	0.314083
60795	0.313967
60796	0.31385
60797	0.313732
60798	0.313614
60799	0.313496
60800	0.313378
60801	0.31326
60802	0.313141
60803	0.313022
60804	0.312902
60805	0.312782
60806	0.312662
60807	0.312542
60808	0.312422
60809	0.312301
60810	0.312179
60811	0.312058
60812	0.311936
60813	0.311814
60814	0.311692
60815	0.311569
60816	0.311446
60817	0.311323
60818	0.311199
60819	0.311075
60820	0.310951
60821	0.310827
60822	0.310702
60823	0.310577
60824	0.310452
60825	0.310326
60826	0.3102
60827	0.310074
60828	0.309948
60829	0.309821
60830	0.309694
60831	0.309566
60832	0.309439
60833	0.309311
60834	0.309183
60835	0.309054
60836	0.308925
60837	0.308796
60838	0.308667
60839	0.308537
60840	0.308407
60841	0.308277
60842	0.308146
60843	0.308016
60844	0.307884
60845	0.307753
60846	0.307621
60847	0.307489
60848	0.307357
60849	0.307225
60850	0.307092
60851	0.306959
60852	0.306825
60853	0.306691
60854	0.306557
60855	0.306423
60856	0.306288
60857	0.306154
60858	0.306018
60859	0.305883
60860	0.305747
60861	0.305611
60862	0.305475
60863	0.305338
60864	0.305201
60865	0.305064
60866	0.304927
60867	0.304789
60868	0.304651
60869	0.304513
60870	0.304374
60871	0.304235
60872	0.304096
60873	0.303957
60874	0.303817
60875	0.303677
60876	0.303536
60877	0.303396
60878	0.303255
60879	0.303114
60880	0.302972
60881	0.302831
60882	0.302689
60883	0.302546
60884	0.302404
60885	0.302261
60886	0.302118
60887	0.301974
60888	0.30183
60889	0.301686
60890	0.301542
60891	0.301398
60892	0.301253
60893	0.301108
60894	0.300962
60895	0.300816
60896	0.30067
60897	0.300524
60898	0.300378
60899	0.300231
60900	0.300084
60901	0.299936
60902	0.299789
60903	0.299641
60904	0.299492
60905	0.299344
60906	0.299195
60907	0.299046
60908	0.298896
60909	0.298747
60910	0.298597
60911	0.298447
60912	0.298296
60913	0.298145
60914	0.297994
60915	0.297843
60916	0.297691
60917	0.29754
60918	0.297387
60919	0.297235
60920	0.297082
60921	0.296929
60922	0.296776
60923	0.296622
60924	0.296468
60925	0.296314
60926	0.29616
60927	0.296005
60928	0.29585
60929	0.295695
60930	0.295539
60931	0.295384
60932	0.295228
60933	0.295071
60934	0.294915
60935	0.294758
60936	0.294601
60937	0.294443
60938	0.294285
60939	0.294127
60940	0.293969
60941	0.293811
60942	0.293652
60943	0.293493
60944	0.293333
60945	0.293174
60946	0.293014
60947	0.292853
60948	0.292693
60949	0.292532
60950	0.292371
60951	0.29221
60952	0.292048
60953	0.291886
60954	0.291724
60955	0.291562
60956	0.291399
60957	0.291236
60958	0.291073
60959	0.290909
60960	0.290746
60961	0.290582
60962	0.290417
60963	0.290253
60964	0.290088
60965	0.289923
60966	0.289757
60967	0.289592
60968	0.289426
60969	0.28926
60970	0.289093
60971	0.288926
60972	0.288759
60973	0.288592
60974	0.288424
60975	0.288257
60976	0.288088
60977	0.28792
60978	0.287751
60979	0.287582
60980	0.287413
60981	0.287244
60982	0.287074
60983	0.286904
60984	0.286734
60985	0.286563
60986	0.286392
60987	0.286221
60988	0.28605
60989	0.285878
60990	0.285706
60991	0.285534
60992	0.285362
60993	0.285189
60994	0.285016
60995	0.284843
60996	0.28467
60997	0.284496
60998	0.284322
60999	0.284148
61000	0.283973
61001	0.283798
61002	0.283623
61003	0.283448
61004	0.283272
61005	0.283096
61006	0.28292
61007	0.282744
61008	0.282567
61009	0.28239
61010	0.282213
61011	0.282035
61012	0.281858
61013	0.28168
61014	0.281501
61015	0.281323
61016	0.281144
61017	0.280965
61018	0.280786
61019	0.280606
61020	0.280426
61021	0.280246
61022	0.280066
61023	0.279885
61024	0.279704
61025	0.279523
61026	0.279342
61027	0.27916
61028	0.278978
61029	0.278796
61030	0.278613
61031	0.278431
61032	0.278248
61033	0.278064
61034	0.277881
61035	0.277697
61036	0.277513
61037	0.277329
61038	0.277144
61039	0.276959
61040	0.276774
61041	0.276589
61042	0.276403
61043	0.276218
61044	0.276032
61045	0.275845
61046	0.275659
61047	0.275472
61048	0.275285
61049	0.275097
61050	0.274909
61051	0.274722
61052	0.274533
61053	0.274345
61054	0.274156
61055	0.273967
61056	0.273778
61057	0.273589
61058	0.273399
61059	0.273209
61060	0.273019
61061	0.272828
61062	0.272638
61063	0.272447
61064	0.272255
61065	0.272064
61066	0.271872
61067	0.27168
61068	0.271488
61069	0.271295
61070	0.271103
61071	0.27091
61072	0.270716
61073	0.270523
61074	0.270329
61075	0.270135
61076	0.269941
61077	0.269746
61078	0.269551
61079	0.269356
61080	0.269161
61081	0.268966
61082	0.26877
61083	0.268574
61084	0.268377
61085	0.268181
61086	0.267984
61087	0.267787
61088	0.26759
61089	0.267392
61090	0.267194
61091	0.266996
61092	0.266798
61093	0.266599
61094	0.266401
61095	0.266201
61096	0.266002
61097	0.265803
61098	0.265603
61099	0.265403
61100	0.265202
61101	0.265002
61102	0.264801
61103	0.2646
61104	0.264399
61105	0.264197
61106	0.263995
61107	0.263793
61108	0.263591
61109	0.263389
61110	0.263186
61111	0.262983
61112	0.26278
61113	0.262576
61114	0.262372
61115	0.262168
61116	0.261964
61117	0.26176
61118	0.261555
61119	0.26135
61120	0.261145
61121	0.260939
61122	0.260733
61123	0.260527
61124	0.260321
61125	0.260115
61126	0.259908
61127	0.259701
61128	0.259494
61129	0.259287
61130	0.259079
61131	0.258871
61132	0.258663
61133	0.258454
61134	0.258246
61135	0.258037
61136	0.257828
61137	0.257619
61138	0.257409
61139	0.257199
61140	0.256989
61141	0.256779
61142	0.256568
61143	0.256357
61144	0.256146
61145	0.255935
61146	0.255723
61147	0.255512
61148	0.2553
61149	0.255087
61150	0.254875
61151	0.254662
61152	0.254449
61153	0.254236
61154	0.254023
61155	0.253809
61156	0.253595
61157	0.253381
61158	0.253167
61159	0.252952
61160	0.252737
61161	0.252522
61162	0.252307
61163	0.252091
61164	0.251875
61165	0.251659
61166	0.251443
61167	0.251227
61168	0.25101
61169	0.250793
61170	0.250576
61171	0.250358
61172	0.250141
61173	0.249923
61174	0.249705
61175	0.249486
61176	0.249268
61177	0.249049
61178	0.24883
61179	0.24861
61180	0.248391
61181	0.248171
61182	0.247951
61183	0.247731
61184	0.24751
61185	0.24729
61186	0.247069
61187	0.246848
61188	0.246626
61189	0.246405
61190	0.246183
61191	0.245961
61192	0.245738
61193	0.245516
61194	0.245293
61195	0.24507
61196	0.244847
61197	0.244623
61198	0.2444
61199	0.244176
61200	0.243952
61201	0.243727
61202	0.243503
61203	0.243278
61204	0.243053
61205	0.242827
61206	0.242602
61207	0.242376
61208	0.24215
61209	0.241924
61210	0.241698
61211	0.241471
61212	0.241244
61213	0.241017
61214	0.24079
61215	0.240562
61216	0.240334
61217	0.240106
61218	0.239878
61219	0.23965
61220	0.239421
61221	0.239192
61222	0.238963
61223	0.238734
61224	0.238504
61225	0.238274
61226	0.238044
61227	0.237814
61228	0.237584
61229	0.237353
61230	0.237122
61231	0.236891
61232	0.23666
61233	0.236428
61234	0.236196
61235	0.235964
61236	0.235732
61237	0.2355
61238	0.235267
61239	0.235034
61240	0.234801
61241	0.234568
61242	0.234334
61243	0.2341
61244	0.233866
61245	0.233632
61246	0.233398
61247	0.233163
61248	0.232928
61249	0.232693
61250	0.232458
61251	0.232222
61252	0.231987
61253	0.231751
61254	0.231514
61255	0.231278
61256	0.231041
61257	0.230805
61258	0.230568
61259	0.23033
61260	0.230093
61261	0.229855
61262	0.229617
61263	0.229379
61264	0.229141
61265	0.228902
61266	0.228664
61267	0.228425
61268	0.228186
61269	0.227946
61270	0.227707
61271	0.227467
61272	0.227227
61273	0.226986
61274	0.226746
61275	0.226505
61276	0.226264
61277	0.226023
61278	0.225782
61279	0.225541
61280	0.225299
61281	0.225057
61282	0.224815
61283	0.224572
61284	0.22433
61285	0.224087
61286	0.223844
61287	0.223601
61288	0.223358
61289	0.223114
61290	0.22287
61291	0.222626
61292	0.222382
61293	0.222137
61294	0.221893
61295	0.221648
61296	0.221403
61297	0.221158
61298	0.220912
61299	0.220666
61300	0.220421
61301	0.220175
61302	0.219928
61303	0.219682
61304	0.219435
61305	0.219188
61306	0.218941
61307	0.218694
61308	0.218446
61309	0.218198
61310	0.21795
61311	0.217702
61312	0.217454
61313	0.217205
61314	0.216957
61315	0.216708
61316	0.216459
61317	0.216209
61318	0.21596
61319	0.21571
61320	0.21546
61321	0.21521
61322	0.214959
61323	0.214709
61324	0.214458
61325	0.214207
61326	0.213956
61327	0.213704
61328	0.213453
61329	0.213201
61330	0.212949
61331	0.212697
61332	0.212445
61333	0.212192
61334	0.211939
61335	0.211686
61336	0.211433
61337	0.21118
61338	0.210926
61339	0.210672
61340	0.210418
61341	0.210164
61342	0.20991
61343	0.209655
61344	0.209401
61345	0.209146
61346	0.208891
61347	0.208635
61348	0.20838
61349	0.208124
61350	0.207868
61351	0.207612
61352	0.207356
61353	0.207099
61354	0.206843
61355	0.206586
61356	0.206329
61357	0.206071
61358	0.205814
61359	0.205556
61360	0.205298
61361	0.20504
61362	0.204782
61363	0.204524
61364	0.204265
61365	0.204006
61366	0.203747
61367	0.203488
61368	0.203229
61369	0.202969
61370	0.202709
61371	0.202449
61372	0.202189
61373	0.201929
61374	0.201668
61375	0.201408
61376	0.201147
61377	0.200886
61378	0.200625
61379	0.200363
61380	0.200101
61381	0.19984
61382	0.199578
61383	0.199315
61384	0.199053
61385	0.19879
61386	0.198528
61387	0.198265
61388	0.198002
61389	0.197738
61390	0.197475
61391	0.197211
61392	0.196947
61393	0.196683
61394	0.196419
61395	0.196154
61396	0.19589
61397	0.195625
61398	0.19536
61399	0.195095
61400	0.19483
61401	0.194564
61402	0.194298
61403	0.194032
61404	0.193766
61405	0.1935
61406	0.193234
61407	0.192967
61408	0.1927
61409	0.192433
61410	0.192166
61411	0.191899
61412	0.191631
61413	0.191364
61414	0.191096
61415	0.190828
61416	0.190559
61417	0.190291
61418	0.190022
61419	0.189754
61420	0.189485
61421	0.189216
61422	0.188946
61423	0.188677
61424	0.188407
61425	0.188137
61426	0.187867
61427	0.187597
61428	0.187327
61429	0.187056
61430	0.186785
61431	0.186515
61432	0.186243
61433	0.185972
61434	0.185701
61435	0.185429
61436	0.185157
61437	0.184886
61438	0.184613
61439	0.184341
61440	0.184069
61441	0.183796
61442	0.183523
61443	0.18325
61444	0.182977
61445	0.182704
61446	0.18243
61447	0.182157
61448	0.181883
61449	0.181609
61450	0.181335
61451	0.18106
61452	0.180786
61453	0.180511
61454	0.180236
61455	0.179961
61456	0.179686
61457	0.179411
61458	0.179135
61459	0.17886
61460	0.178584
61461	0.178308
61462	0.178032
61463	0.177755
61464	0.177479
61465	0.177202
61466	0.176925
61467	0.176648
61468	0.176371
61469	0.176093
61470	0.175816
61471	0.175538
61472	0.17526
61473	0.174982
61474	0.174704
61475	0.174426
61476	0.174147
61477	0.173869
61478	0.17359
61479	0.173311
61480	0.173032
61481	0.172752
61482	0.172473
61483	0.172193
61484	0.171913
61485	0.171633
61486	0.171353
61487	0.171073
61488	0.170793
61489	0.170512
61490	0.170231
61491	0.16995
61492	0.169669
61493	0.169388
61494	0.169106
61495	0.168825
61496	0.168543
61497	0.168261
61498	0.167979
61499	0.167697
61500	0.167415
61501	0.167132
61502	0.166849
61503	0.166567
61504	0.166284
61505	0.166
61506	0.165717
61507	0.165434
61508	0.16515
61509	0.164866
61510	0.164582
61511	0.164298
61512	0.164014
61513	0.16373
61514	0.163445
61515	0.16316
61516	0.162875
61517	0.16259
61518	0.162305
61519	0.16202
61520	0.161735
61521	0.161449
61522	0.161163
61523	0.160877
61524	0.160591
61525	0.160305
61526	0.160019
61527	0.159732
61528	0.159445
61529	0.159158
61530	0.158871
61531	0.158584
61532	0.158297
61533	0.15801
61534	0.157722
61535	0.157434
61536	0.157146
61537	0.156858
61538	0.15657
61539	0.156282
61540	0.155993
61541	0.155705
61542	0.155416
61543	0.155127
61544	0.154838
61545	0.154549
61546	0.15426
61547	0.15397
61548	0.15368
61549	0.153391
61550	0.153101
61551	0.152811
61552	0.15252
61553	0.15223
61554	0.15194
61555	0.151649
61556	0.151358
61557	0.151067
61558	0.150776
61559	0.150485
61560	0.150194
61561	0.149902
61562	0.14961
61563	0.149319
61564	0.149027
61565	0.148735
61566	0.148442
61567	0.14815
61568	0.147858
61569	0.147565
61570	0.147272
61571	0.146979
61572	0.146686
61573	0.146393
61574	0.1461
61575	0.145806
61576	0.145513
61577	0.145219
61578	0.144925
61579	0.144631
61580	0.144337
61581	0.144043
61582	0.143748
61583	0.143454
61584	0.143159
61585	0.142864
61586	0.142569
61587	0.142274
61588	0.141979
61589	0.141683
61590	0.141388
61591	0.141092
61592	0.140796
61593	0.140501
61594	0.140205
61595	0.139908
61596	0.139612
61597	0.139316
61598	0.139019
61599	0.138722
61600	0.138425
61601	0.138129
61602	0.137831
61603	0.137534
61604	0.137237
61605	0.136939
61606	0.136642
61607	0.136344
61608	0.136046
61609	0.135748
61610	0.13545
61611	0.135152
61612	0.134853
61613	0.134555
61614	0.134256
61615	0.133957
61616	0.133658
61617	0.133359
61618	0.13306
61619	0.132761
61620	0.132462
61621	0.132162
61622	0.131862
61623	0.131563
61624	0.131263
61625	0.130963
61626	0.130662
61627	0.130362
61628	0.130062
61629	0.129761
61630	0.129461
61631	0.12916
61632	0.128859
61633	0.128558
61634	0.128257
61635	0.127955
61636	0.127654
61637	0.127353
61638	0.127051
61639	0.126749
61640	0.126447
61641	0.126145
61642	0.125843
61643	0.125541
61644	0.125239
61645	0.124936
61646	0.124633
61647	0.124331
61648	0.124028
61649	0.123725
61650	0.123422
61651	0.123119
61652	0.122815
61653	0.122512
61654	0.122208
61655	0.121905
61656	0.121601
61657	0.121297
61658	0.120993
61659	0.120689
61660	0.120385
61661	0.12008
61662	0.119776
61663	0.119471
61664	0.119167
61665	0.118862
61666	0.118557
61667	0.118252
61668	0.117947
61669	0.117641
61670	0.117336
61671	0.117031
61672	0.116725
61673	0.116419
61674	0.116113
61675	0.115807
61676	0.115501
61677	0.115195
61678	0.114889
61679	0.114583
61680	0.114276
61681	0.11397
61682	0.113663
61683	0.113356
61684	0.113049
61685	0.112742
61686	0.112435
61687	0.112128
61688	0.11182
61689	0.111513
61690	0.111205
61691	0.110898
61692	0.11059
61693	0.110282
61694	0.109974
61695	0.109666
61696	0.109358
61697	0.109049
61698	0.108741
61699	0.108432
61700	0.108124
61701	0.107815
61702	0.107506
61703	0.107197
61704	0.106888
61705	0.106579
61706	0.10627
61707	0.10596
61708	0.105651
61709	0.105341
61710	0.105032
61711	0.104722
61712	0.104412
61713	0.104102
61714	0.103792
61715	0.103482
61716	0.103172
61717	0.102861
61718	0.102551
61719	0.10224
61720	0.10193
61721	0.101619
61722	0.101308
61723	0.100997
61724	0.100686
61725	0.100375
61726	0.100064
61727	0.0997524
61728	0.0994409
61729	0.0991294
61730	0.0988178
61731	0.0985061
61732	0.0981942
61733	0.0978823
61734	0.0975703
61735	0.0972582
61736	0.096946
61737	0.0966337
61738	0.0963213
61739	0.0960089
61740	0.0956963
61741	0.0953836
61742	0.0950709
61743	0.094758
61744	0.0944451
61745	0.0941321
61746	0.0938189
61747	0.0935057
61748	0.0931924
61749	0.092879
61750	0.0925655
61751	0.092252
61752	0.0919383
61753	0.0916245
61754	0.0913107
61755	0.0909968
61756	0.0906827
61757	0.0903686
61758	0.0900544
61759	0.0897401
61760	0.0894258
61761	0.0891113
61762	0.0887968
61763	0.0884821
61764	0.0881674
61765	0.0878526
61766	0.0875377
61767	0.0872227
61768	0.0869077
61769	0.0865925
61770	0.0862773
61771	0.085962
61772	0.0856466
61773	0.0853311
61774	0.0850155
61775	0.0846999
61776	0.0843842
61777	0.0840683
61778	0.0837525
61779	0.0834365
61780	0.0831204
61781	0.0828043
61782	0.082488
61783	0.0821717
61784	0.0818554
61785	0.0815389
61786	0.0812224
61787	0.0809057
61788	0.080589
61789	0.0802722
61790	0.0799554
61791	0.0796384
61792	0.0793214
61793	0.0790043
61794	0.0786872
61795	0.0783699
61796	0.0780526
61797	0.0777352
61798	0.0774177
61799	0.0771001
61800	0.0767825
61801	0.0764648
61802	0.076147
61803	0.0758292
61804	0.0755112
61805	0.0751932
61806	0.0748751
61807	0.074557
61808	0.0742387
61809	0.0739204
61810	0.0736021
61811	0.0732836
61812	0.0729651
61813	0.0726465
61814	0.0723278
61815	0.0720091
61816	0.0716903
61817	0.0713714
61818	0.0710525
61819	0.0707334
61820	0.0704144
61821	0.0700952
61822	0.069776
61823	0.0694567
61824	0.0691373
61825	0.0688179
61826	0.0684984
61827	0.0681788
61828	0.0678591
61829	0.0675394
61830	0.0672197
61831	0.0668998
61832	0.0665799
61833	0.0662599
61834	0.0659399
61835	0.0656198
61836	0.0652996
61837	0.0649794
61838	0.0646591
61839	0.0643387
61840	0.0640183
61841	0.0636978
61842	0.0633772
61843	0.0630566
61844	0.0627359
61845	0.0624152
61846	0.0620944
61847	0.0617735
61848	0.0614526
61849	0.0611316
61850	0.0608105
61851	0.0604894
61852	0.0601682
61853	0.059847
61854	0.0595257
61855	0.0592043
61856	0.0588829
61857	0.0585614
61858	0.0582399
61859	0.0579183
61860	0.0575967
61861	0.0572749
61862	0.0569532
61863	0.0566314
61864	0.0563095
61865	0.0559875
61866	0.0556655
61867	0.0553435
61868	0.0550214
61869	0.0546992
61870	0.054377
61871	0.0540547
61872	0.0537324
61873	0.05341
61874	0.0530876
61875	0.0527651
61876	0.0524425
61877	0.0521199
61878	0.0517973
61879	0.0514746
61880	0.0511518
61881	0.050829
61882	0.0505061
61883	0.0501832
61884	0.0498603
61885	0.0495372
61886	0.0492142
61887	0.0488911
61888	0.0485679
61889	0.0482447
61890	0.0479214
61891	0.0475981
61892	0.0472747
61893	0.0469513
61894	0.0466279
61895	0.0463044
61896	0.0459808
61897	0.0456572
61898	0.0453335
61899	0.0450098
61900	0.0446861
61901	0.0443623
61902	0.0440385
61903	0.0437146
61904	0.0433907
61905	0.0430667
61906	0.0427427
61907	0.0424186
61908	0.0420945
61909	0.0417704
61910	0.0414462
61911	0.0411219
61912	0.0407977
61913	0.0404733
61914	0.040149
61915	0.0398246
61916	0.0395001
61917	0.0391756
61918	0.0388511
61919	0.0385265
61920	0.0382019
61921	0.0378773
61922	0.0375526
61923	0.0372279
61924	0.0369031
61925	0.0365783
61926	0.0362534
61927	0.0359286
61928	0.0356036
61929	0.0352787
61930	0.0349537
61931	0.0346286
61932	0.0343036
61933	0.0339785
61934	0.0336533
61935	0.0333281
61936	0.0330029
61937	0.0326777
61938	0.0323524
61939	0.0320271
61940	0.0317017
61941	0.0313763
61942	0.0310509
61943	0.0307254
61944	0.0303999
61945	0.0300744
61946	0.0297489
61947	0.0294233
61948	0.0290976
61949	0.028772
61950	0.0284463
61951	0.0281206
61952	0.0277948
61953	0.0274691
61954	0.0271433
61955	0.0268174
61956	0.0264916
61957	0.0261657
61958	0.0258397
61959	0.0255138
61960	0.0251878
61961	0.0248618
61962	0.0245358
61963	0.0242097
61964	0.0238836
61965	0.0235575
61966	0.0232313
61967	0.0229052
61968	0.022579
61969	0.0222527
61970	0.0219265
61971	0.0216002
61972	0.0212739
61973	0.0209476
61974	0.0206212
61975	0.0202949
61976	0.0199685
61977	0.0196421
61978	0.0193156
61979	0.0189892
61980	0.0186627
61981	0.0183362
61982	0.0180096
61983	0.0176831
61984	0.0173565
61985	0.0170299
61986	0.0167033
61987	0.0163767
61988	0.01605
61989	0.0157234
61990	0.0153967
61991	0.01507
61992	0.0147432
61993	0.0144165
61994	0.0140897
61995	0.0137629
61996	0.0134361
61997	0.0131093
61998	0.0127825
61999	0.0124556
62000	0.0121288
62001	0.0118019
62002	0.011475
62003	0.0111481
62004	0.0108211
62005	0.0104942
62006	0.0101672
62007	0.00984025
62008	0.00951327
62009	0.00918627
62010	0.00885926
62011	0.00853223
62012	0.0082052
62013	0.00787815
62014	0.00755108
62015	0.00722401
62016	0.00689693
62017	0.00656983
62018	0.00624273
62019	0.00591561
62020	0.00558848
62021	0.00526135
62022	0.0049342
62023	0.00460705
62024	0.00427988
62025	0.00395271
62026	0.00362553
62027	0.00329835
62028	0.00297115
62029	0.00264395
62030	0.00231674
62031	0.00198952
62032	0.0016623
62033	0.00133507
62034	0.00100784
62035	0.000680597
62036	0.000353353
62037	2.61036e-05
62038	-0.00030115
62039	-0.000628408
62040	-0.00095567
62041	-0.00128294
62042	-0.0016102
62043	-0.00193748
62044	-0.00226475
62045	-0.00259203
62046	-0.0029193
62047	-0.00324658
62048	-0.00357387
62049	-0.00390115
62050	-0.00422843
62051	-0.00455571
62052	-0.004883
62053	-0.00521028
62054	-0.00553756
62055	-0.00586485
62056	-0.00619213
62057	-0.00651941
62058	-0.00684668
62059	-0.00717396
62060	-0.00750123
62061	-0.0078285
62062	-0.00815577
62063	-0.00848304
62064	-0.0088103
62065	-0.00913755
62066	-0.00946481
62067	-0.00979206
62068	-0.0101193
62069	-0.0104465
62070	-0.0107738
62071	-0.011101
62072	-0.0114282
62073	-0.0117554
62074	-0.0120826
62075	-0.0124098
62076	-0.012737
62077	-0.0130642
62078	-0.0133914
62079	-0.0137186
62080	-0.0140457
62081	-0.0143729
62082	-0.0147
62083	-0.0150272
62084	-0.0153543
62085	-0.0156814
62086	-0.0160085
62087	-0.0163356
62088	-0.0166627
62089	-0.0169897
62090	-0.0173168
62091	-0.0176438
62092	-0.0179709
62093	-0.0182979
62094	-0.0186249
62095	-0.0189519
62096	-0.0192789
62097	-0.0196058
62098	-0.0199328
62099	-0.0202597
62100	-0.0205867
62101	-0.0209136
62102	-0.0212405
62103	-0.0215673
62104	-0.0218942
62105	-0.022221
62106	-0.0225479
62107	-0.0228747
62108	-0.0232015
62109	-0.0235282
62110	-0.023855
62111	-0.0241817
62112	-0.0245085
62113	-0.0248352
62114	-0.0251618
62115	-0.0254885
62116	-0.0258152
62117	-0.0261418
62118	-0.0264684
62119	-0.026795
62120	-0.0271215
62121	-0.0274481
62122	-0.0277746
62123	-0.0281011
62124	-0.0284276
62125	-0.028754
62126	-0.0290804
62127	-0.0294068
62128	-0.0297332
62129	-0.0300596
62130	-0.0303859
62131	-0.0307122
62132	-0.0310385
62133	-0.0313648
62134	-0.031691
62135	-0.0320172
62136	-0.0323434
62137	-0.0326695
62138	-0.0329957
62139	-0.0333218
62140	-0.0336478
62141	-0.0339739
62142	-0.0342999
62143	-0.0346259
62144	-0.0349518
62145	-0.0352778
62146	-0.0356037
62147	-0.0359295
62148	-0.0362554
62149	-0.0365812
62150	-0.036907
62151	-0.0372327
62152	-0.0375585
62153	-0.0378841
62154	-0.0382098
62155	-0.0385354
62156	-0.038861
62157	-0.0391866
62158	-0.0395121
62159	-0.0398376
62160	-0.0401631
62161	-0.0404885
62162	-0.0408139
62163	-0.0411392
62164	-0.0414646
62165	-0.0417899
62166	-0.0421151
62167	-0.0424403
62168	-0.0427655
62169	-0.0430906
62170	-0.0434157
62171	-0.0437408
62172	-0.0440658
62173	-0.0443908
62174	-0.0447158
62175	-0.0450407
62176	-0.0453656
62177	-0.0456904
62178	-0.0460152
62179	-0.04634
62180	-0.0466647
62181	-0.0469894
62182	-0.047314
62183	-0.0476386
62184	-0.0479632
62185	-0.0482877
62186	-0.0486122
62187	-0.0489366
62188	-0.049261
62189	-0.0495854
62190	-0.0499097
62191	-0.0502339
62192	-0.0505582
62193	-0.0508823
62194	-0.0512065
62195	-0.0515305
62196	-0.0518546
62197	-0.0521786
62198	-0.0525025
62199	-0.0528264
62200	-0.0531503
62201	-0.0534741
62202	-0.0537979
62203	-0.0541216
62204	-0.0544453
62205	-0.0547689
62206	-0.0550925
62207	-0.055416
62208	-0.0557395
62209	-0.0560629
62210	-0.0563863
62211	-0.0567096
62212	-0.0570329
62213	-0.0573561
62214	-0.0576793
62215	-0.0580024
62216	-0.0583255
62217	-0.0586485
62218	-0.0589715
62219	-0.0592944
62220	-0.0596173
62221	-0.0599401
62222	-0.0602629
62223	-0.0605856
62224	-0.0609082
62225	-0.0612308
62226	-0.0615534
62227	-0.0618759
62228	-0.0621983
62229	-0.0625207
62230	-0.062843
62231	-0.0631653
62232	-0.0634875
62233	-0.0638097
62234	-0.0641318
62235	-0.0644538
62236	-0.0647758
62237	-0.0650977
62238	-0.0654196
62239	-0.0657414
62240	-0.0660632
62241	-0.0663849
62242	-0.0667065
62243	-0.0670281
62244	-0.0673496
62245	-0.067671
62246	-0.0679924
62247	-0.0683138
62248	-0.0686351
62249	-0.0689563
62250	-0.0692774
62251	-0.0695985
62252	-0.0699195
62253	-0.0702405
62254	-0.0705614
62255	-0.0708822
62256	-0.071203
62257	-0.0715237
62258	-0.0718444
62259	-0.0721649
62260	-0.0724855
62261	-0.0728059
62262	-0.0731263
62263	-0.0734466
62264	-0.0737669
62265	-0.0740871
62266	-0.0744072
62267	-0.0747272
62268	-0.0750472
62269	-0.0753671
62270	-0.075687
62271	-0.0760068
62272	-0.0763265
62273	-0.0766461
62274	-0.0769657
62275	-0.0772852
62276	-0.0776046
62277	-0.077924
62278	-0.0782433
62279	-0.0785625
62280	-0.0788817
62281	-0.0792007
62282	-0.0795198
62283	-0.0798387
62284	-0.0801576
62285	-0.0804763
62286	-0.0807951
62287	-0.0811137
62288	-0.0814323
62289	-0.0817508
62290	-0.0820692
62291	-0.0823876
62292	-0.0827058
62293	-0.083024
62294	-0.0833422
62295	-0.0836602
62296	-0.0839782
62297	-0.0842961
62298	-0.0846139
62299	-0.0849316
62300	-0.0852493
62301	-0.0855669
62302	-0.0858844
62303	-0.0862018
62304	-0.0865192
62305	-0.0868364
62306	-0.0871536
62307	-0.0874708
62308	-0.0877878
62309	-0.0881047
62310	-0.0884216
62311	-0.0887384
62312	-0.0890551
62313	-0.0893718
62314	-0.0896883
62315	-0.0900048
62316	-0.0903212
62317	-0.0906375
62318	-0.0909537
62319	-0.0912698
62320	-0.0915859
62321	-0.0919018
62322	-0.0922177
62323	-0.0925335
62324	-0.0928492
62325	-0.0931649
62326	-0.0934804
62327	-0.0937959
62328	-0.0941112
62329	-0.0944265
62330	-0.0947417
62331	-0.0950568
62332	-0.0953719
62333	-0.0956868
62334	-0.0960017
62335	-0.0963164
62336	-0.0966311
62337	-0.0969457
62338	-0.0972602
62339	-0.0975746
62340	-0.0978889
62341	-0.0982031
62342	-0.0985173
62343	-0.0988313
62344	-0.0991453
62345	-0.0994591
62346	-0.0997729
62347	-0.100087
62348	-0.1004
62349	-0.100714
62350	-0.101027
62351	-0.10134
62352	-0.101654
62353	-0.101967
62354	-0.10228
62355	-0.102593
62356	-0.102906
62357	-0.103218
62358	-0.103531
62359	-0.103843
62360	-0.104156
62361	-0.104468
62362	-0.104781
62363	-0.105093
62364	-0.105405
62365	-0.105717
62366	-0.106029
62367	-0.10634
62368	-0.106652
62369	-0.106964
62370	-0.107275
62371	-0.107587
62372	-0.107898
62373	-0.108209
62374	-0.10852
62375	-0.108831
62376	-0.109142
62377	-0.109453
62378	-0.109763
62379	-0.110074
62380	-0.110385
62381	-0.110695
62382	-0.111005
62383	-0.111315
62384	-0.111625
62385	-0.111935
62386	-0.112245
62387	-0.112555
62388	-0.112865
62389	-0.113174
62390	-0.113484
62391	-0.113793
62392	-0.114102
62393	-0.114411
62394	-0.11472
62395	-0.115029
62396	-0.115338
62397	-0.115647
62398	-0.115955
62399	-0.116264
62400	-0.116572
62401	-0.11688
62402	-0.117189
62403	-0.117497
62404	-0.117805
62405	-0.118112
62406	-0.11842
62407	-0.118728
62408	-0.119035
62409	-0.119343
62410	-0.11965
62411	-0.119957
62412	-0.120264
62413	-0.120571
62414	-0.120878
62415	-0.121185
62416	-0.121491
62417	-0.121798
62418	-0.122104
62419	-0.12241
62420	-0.122716
62421	-0.123023
62422	-0.123328
62423	-0.123634
62424	-0.12394
62425	-0.124245
62426	-0.124551
62427	-0.124856
62428	-0.125162
62429	-0.125467
62430	-0.125772
62431	-0.126076
62432	-0.126381
62433	-0.126686
62434	-0.12699
62435	-0.127295
62436	-0.127599
62437	-0.127903
62438	-0.128207
62439	-0.128511
62440	-0.128815
62441	-0.129119
62442	-0.129422
62443	-0.129726
62444	-0.130029
62445	-0.130332
62446	-0.130635
62447	-0.130938
62448	-0.131241
62449	-0.131544
62450	-0.131846
62451	-0.132149
62452	-0.132451
62453	-0.132753
62454	-0.133055
62455	-0.133357
62456	-0.133659
62457	-0.133961
62458	-0.134262
62459	-0.134564
62460	-0.134865
62461	-0.135166
62462	-0.135468
62463	-0.135769
62464	-0.136069
62465	-0.13637
62466	-0.136671
62467	-0.136971
62468	-0.137271
62469	-0.137572
62470	-0.137872
62471	-0.138172
62472	-0.138471
62473	-0.138771
62474	-0.139071
62475	-0.13937
62476	-0.139669
62477	-0.139968
62478	-0.140267
62479	-0.140566
62480	-0.140865
62481	-0.141164
62482	-0.141462
62483	-0.14176
62484	-0.142059
62485	-0.142357
62486	-0.142655
62487	-0.142952
62488	-0.14325
62489	-0.143548
62490	-0.143845
62491	-0.144142
62492	-0.14444
62493	-0.144737
62494	-0.145033
62495	-0.14533
62496	-0.145627
62497	-0.145923
62498	-0.146219
62499	-0.146516
62500	-0.146812
62501	-0.147108
62502	-0.147403
62503	-0.147699
62504	-0.147994
62505	-0.14829
62506	-0.148585
62507	-0.14888
62508	-0.149175
62509	-0.14947
62510	-0.149764
62511	-0.150059
62512	-0.150353
62513	-0.150647
62514	-0.150942
62515	-0.151235
62516	-0.151529
62517	-0.151823
62518	-0.152116
62519	-0.15241
62520	-0.152703
62521	-0.152996
62522	-0.153289
62523	-0.153582
62524	-0.153874
62525	-0.154167
62526	-0.154459
62527	-0.154751
62528	-0.155044
62529	-0.155335
62530	-0.155627
62531	-0.155919
62532	-0.15621
62533	-0.156502
62534	-0.156793
62535	-0.157084
62536	-0.157375
62537	-0.157665
62538	-0.157956
62539	-0.158246
62540	-0.158537
62541	-0.158827
62542	-0.159117
62543	-0.159407
62544	-0.159696
62545	-0.159986
62546	-0.160275
62547	-0.160564
62548	-0.160853
62549	-0.161142
62550	-0.161431
62551	-0.16172
62552	-0.162008
62553	-0.162296
62554	-0.162585
62555	-0.162873
62556	-0.16316
62557	-0.163448
62558	-0.163736
62559	-0.164023
62560	-0.16431
62561	-0.164597
62562	-0.164884
62563	-0.165171
62564	-0.165457
62565	-0.165744
62566	-0.16603
62567	-0.166316
62568	-0.166602
62569	-0.166888
62570	-0.167174
62571	-0.167459
62572	-0.167745
62573	-0.16803
62574	-0.168315
62575	-0.1686
62576	-0.168884
62577	-0.169169
62578	-0.169453
62579	-0.169737
62580	-0.170021
62581	-0.170305
62582	-0.170589
62583	-0.170873
62584	-0.171156
62585	-0.171439
62586	-0.171722
62587	-0.172005
62588	-0.172288
62589	-0.172571
62590	-0.172853
62591	-0.173135
62592	-0.173417
62593	-0.173699
62594	-0.173981
62595	-0.174263
62596	-0.174544
62597	-0.174825
62598	-0.175106
62599	-0.175387
62600	-0.175668
62601	-0.175949
62602	-0.176229
62603	-0.176509
62604	-0.176789
62605	-0.177069
62606	-0.177349
62607	-0.177629
62608	-0.177908
62609	-0.178187
62610	-0.178466
62611	-0.178745
62612	-0.179024
62613	-0.179303
62614	-0.179581
62615	-0.179859
62616	-0.180137
62617	-0.180415
62618	-0.180693
62619	-0.18097
62620	-0.181248
62621	-0.181525
62622	-0.181802
62623	-0.182079
62624	-0.182355
62625	-0.182632
62626	-0.182908
62627	-0.183184
62628	-0.18346
62629	-0.183736
62630	-0.184012
62631	-0.184287
62632	-0.184563
62633	-0.184838
62634	-0.185113
62635	-0.185387
62636	-0.185662
62637	-0.185936
62638	-0.18621
62639	-0.186485
62640	-0.186758
62641	-0.187032
62642	-0.187306
62643	-0.187579
62644	-0.187852
62645	-0.188125
62646	-0.188398
62647	-0.18867
62648	-0.188943
62649	-0.189215
62650	-0.189487
62651	-0.189759
62652	-0.190031
62653	-0.190302
62654	-0.190574
62655	-0.190845
62656	-0.191116
62657	-0.191386
62658	-0.191657
62659	-0.191927
62660	-0.192198
62661	-0.192468
62662	-0.192738
62663	-0.193007
62664	-0.193277
62665	-0.193546
62666	-0.193815
62667	-0.194084
62668	-0.194353
62669	-0.194622
62670	-0.19489
62671	-0.195158
62672	-0.195426
62673	-0.195694
62674	-0.195962
62675	-0.196229
62676	-0.196496
62677	-0.196763
62678	-0.19703
62679	-0.197297
62680	-0.197564
62681	-0.19783
62682	-0.198096
62683	-0.198362
62684	-0.198628
62685	-0.198893
62686	-0.199159
62687	-0.199424
62688	-0.199689
62689	-0.199954
62690	-0.200218
62691	-0.200483
62692	-0.200747
62693	-0.201011
62694	-0.201275
62695	-0.201538
62696	-0.201802
62697	-0.202065
62698	-0.202328
62699	-0.202591
62700	-0.202854
62701	-0.203116
62702	-0.203379
62703	-0.203641
62704	-0.203903
62705	-0.204164
62706	-0.204426
62707	-0.204687
62708	-0.204948
62709	-0.205209
62710	-0.20547
62711	-0.20573
62712	-0.205991
62713	-0.206251
62714	-0.206511
62715	-0.206771
62716	-0.20703
62717	-0.20729
62718	-0.207549
62719	-0.207808
62720	-0.208066
62721	-0.208325
62722	-0.208583
62723	-0.208841
62724	-0.209099
62725	-0.209357
62726	-0.209615
62727	-0.209872
62728	-0.210129
62729	-0.210386
62730	-0.210643
62731	-0.210899
62732	-0.211156
62733	-0.211412
62734	-0.211668
62735	-0.211924
62736	-0.212179
62737	-0.212434
62738	-0.212689
62739	-0.212944
62740	-0.213199
62741	-0.213454
62742	-0.213708
62743	-0.213962
62744	-0.214216
62745	-0.21447
62746	-0.214723
62747	-0.214976
62748	-0.215229
62749	-0.215482
62750	-0.215735
62751	-0.215987
62752	-0.21624
62753	-0.216492
62754	-0.216743
62755	-0.216995
62756	-0.217246
62757	-0.217498
62758	-0.217749
62759	-0.217999
62760	-0.21825
62761	-0.2185
62762	-0.218751
62763	-0.219
62764	-0.21925
62765	-0.2195
62766	-0.219749
62767	-0.219998
62768	-0.220247
62769	-0.220496
62770	-0.220744
62771	-0.220992
62772	-0.22124
62773	-0.221488
62774	-0.221736
62775	-0.221983
62776	-0.22223
62777	-0.222477
62778	-0.222724
62779	-0.222971
62780	-0.223217
62781	-0.223463
62782	-0.223709
62783	-0.223955
62784	-0.2242
62785	-0.224445
62786	-0.224691
62787	-0.224935
62788	-0.22518
62789	-0.225424
62790	-0.225669
62791	-0.225912
62792	-0.226156
62793	-0.2264
62794	-0.226643
62795	-0.226886
62796	-0.227129
62797	-0.227372
62798	-0.227614
62799	-0.227856
62800	-0.228098
62801	-0.22834
62802	-0.228582
62803	-0.228823
62804	-0.229064
62805	-0.229305
62806	-0.229546
62807	-0.229786
62808	-0.230026
62809	-0.230266
62810	-0.230506
62811	-0.230746
62812	-0.230985
62813	-0.231224
62814	-0.231463
62815	-0.231702
62816	-0.23194
62817	-0.232178
62818	-0.232416
62819	-0.232654
62820	-0.232892
62821	-0.233129
62822	-0.233366
62823	-0.233603
62824	-0.23384
62825	-0.234076
62826	-0.234312
62827	-0.234548
62828	-0.234784
62829	-0.23502
62830	-0.235255
62831	-0.23549
62832	-0.235725
62833	-0.235959
62834	-0.236194
62835	-0.236428
62836	-0.236662
62837	-0.236896
62838	-0.237129
62839	-0.237362
62840	-0.237595
62841	-0.237828
62842	-0.238061
62843	-0.238293
62844	-0.238525
62845	-0.238757
62846	-0.238989
62847	-0.23922
62848	-0.239451
62849	-0.239682
62850	-0.239913
62851	-0.240144
62852	-0.240374
62853	-0.240604
62854	-0.240834
62855	-0.241063
62856	-0.241293
62857	-0.241522
62858	-0.241751
62859	-0.241979
62860	-0.242208
62861	-0.242436
62862	-0.242664
62863	-0.242891
62864	-0.243119
62865	-0.243346
62866	-0.243573
62867	-0.2438
62868	-0.244026
62869	-0.244253
62870	-0.244479
62871	-0.244705
62872	-0.24493
62873	-0.245156
62874	-0.245381
62875	-0.245606
62876	-0.24583
62877	-0.246055
62878	-0.246279
62879	-0.246503
62880	-0.246726
62881	-0.24695
62882	-0.247173
62883	-0.247396
62884	-0.247619
62885	-0.247841
62886	-0.248064
62887	-0.248286
62888	-0.248507
62889	-0.248729
62890	-0.24895
62891	-0.249171
62892	-0.249392
62893	-0.249613
62894	-0.249833
62895	-0.250053
62896	-0.250273
62897	-0.250493
62898	-0.250712
62899	-0.250931
62900	-0.25115
62901	-0.251369
62902	-0.251587
62903	-0.251805
62904	-0.252023
62905	-0.252241
62906	-0.252458
62907	-0.252676
62908	-0.252893
62909	-0.253109
62910	-0.253326
62911	-0.253542
62912	-0.253758
62913	-0.253974
62914	-0.254189
62915	-0.254404
62916	-0.254619
62917	-0.254834
62918	-0.255049
62919	-0.255263
62920	-0.255477
62921	-0.255691
62922	-0.255904
62923	-0.256117
62924	-0.256331
62925	-0.256543
62926	-0.256756
62927	-0.256968
62928	-0.25718
62929	-0.257392
62930	-0.257603
62931	-0.257815
62932	-0.258026
62933	-0.258237
62934	-0.258447
62935	-0.258657
62936	-0.258867
62937	-0.259077
62938	-0.259287
62939	-0.259496
62940	-0.259705
62941	-0.259914
62942	-0.260122
62943	-0.260331
62944	-0.260539
62945	-0.260747
62946	-0.260954
62947	-0.261161
62948	-0.261368
62949	-0.261575
62950	-0.261782
62951	-0.261988
62952	-0.262194
62953	-0.2624
62954	-0.262605
62955	-0.262811
62956	-0.263016
62957	-0.26322
62958	-0.263425
62959	-0.263629
62960	-0.263833
62961	-0.264037
62962	-0.26424
62963	-0.264444
62964	-0.264647
62965	-0.264849
62966	-0.265052
62967	-0.265254
62968	-0.265456
62969	-0.265658
62970	-0.265859
62971	-0.26606
62972	-0.266261
62973	-0.266462
62974	-0.266662
62975	-0.266862
62976	-0.267062
62977	-0.267262
62978	-0.267461
62979	-0.267661
62980	-0.267859
62981	-0.268058
62982	-0.268256
62983	-0.268454
62984	-0.268652
62985	-0.26885
62986	-0.269047
62987	-0.269244
62988	-0.269441
62989	-0.269638
62990	-0.269834
62991	-0.27003
62992	-0.270226
62993	-0.270421
62994	-0.270616
62995	-0.270811
62996	-0.271006
62997	-0.2712
62998	-0.271395
62999	-0.271589
63000	-0.271782
63001	-0.271976
63002	-0.272169
63003	-0.272362
63004	-0.272554
63005	-0.272747
63006	-0.272939
63007	-0.273131
63008	-0.273322
63009	-0.273513
63010	-0.273704
63011	-0.273895
63012	-0.274086
63013	-0.274276
63014	-0.274466
63015	-0.274656
63016	-0.274845
63017	-0.275034
63018	-0.275223
63019	-0.275412
63020	-0.2756
63021	-0.275788
63022	-0.275976
63023	-0.276164
63024	-0.276351
63025	-0.276538
63026	-0.276725
63027	-0.276911
63028	-0.277098
63029	-0.277284
63030	-0.277469
63031	-0.277655
63032	-0.27784
63033	-0.278025
63034	-0.27821
63035	-0.278394
63036	-0.278578
63037	-0.278762
63038	-0.278946
63039	-0.279129
63040	-0.279312
63041	-0.279495
63042	-0.279677
63043	-0.279859
63044	-0.280041
63045	-0.280223
63046	-0.280404
63047	-0.280586
63048	-0.280766
63049	-0.280947
63050	-0.281127
63051	-0.281307
63052	-0.281487
63053	-0.281667
63054	-0.281846
63055	-0.282025
63056	-0.282204
63057	-0.282382
63058	-0.28256
63059	-0.282738
63060	-0.282916
63061	-0.283093
63062	-0.28327
63063	-0.283447
63064	-0.283623
63065	-0.2838
63066	-0.283976
63067	-0.284151
63068	-0.284327
63069	-0.284502
63070	-0.284677
63071	-0.284851
63072	-0.285026
63073	-0.2852
63074	-0.285374
63075	-0.285547
63076	-0.28572
63077	-0.285893
63078	-0.286066
63079	-0.286238
63080	-0.28641
63081	-0.286582
63082	-0.286754
63083	-0.286925
63084	-0.287096
63085	-0.287267
63086	-0.287437
63087	-0.287607
63088	-0.287777
63089	-0.287947
63090	-0.288116
63091	-0.288285
63092	-0.288454
63093	-0.288623
63094	-0.288791
63095	-0.288959
63096	-0.289127
63097	-0.289294
63098	-0.289461
63099	-0.289628
63100	-0.289795
63101	-0.289961
63102	-0.290127
63103	-0.290293
63104	-0.290458
63105	-0.290623
63106	-0.290788
63107	-0.290953
63108	-0.291117
63109	-0.291281
63110	-0.291445
63111	-0.291608
63112	-0.291771
63113	-0.291934
63114	-0.292097
63115	-0.292259
63116	-0.292421
63117	-0.292583
63118	-0.292745
63119	-0.292906
63120	-0.293067
63121	-0.293228
63122	-0.293388
63123	-0.293548
63124	-0.293708
63125	-0.293867
63126	-0.294027
63127	-0.294186
63128	-0.294344
63129	-0.294503
63130	-0.294661
63131	-0.294819
63132	-0.294976
63133	-0.295133
63134	-0.29529
63135	-0.295447
63136	-0.295603
63137	-0.29576
63138	-0.295915
63139	-0.296071
63140	-0.296226
63141	-0.296381
63142	-0.296536
63143	-0.29669
63144	-0.296844
63145	-0.296998
63146	-0.297152
63147	-0.297305
63148	-0.297458
63149	-0.297611
63150	-0.297763
63151	-0.297915
63152	-0.298067
63153	-0.298218
63154	-0.29837
63155	-0.298521
63156	-0.298671
63157	-0.298822
63158	-0.298972
63159	-0.299122
63160	-0.299271
63161	-0.29942
63162	-0.299569
63163	-0.299718
63164	-0.299866
63165	-0.300014
63166	-0.300162
63167	-0.30031
63168	-0.300457
63169	-0.300604
63170	-0.30075
63171	-0.300897
63172	-0.301043
63173	-0.301189
63174	-0.301334
63175	-0.301479
63176	-0.301624
63177	-0.301769
63178	-0.301913
63179	-0.302057
63180	-0.302201
63181	-0.302344
63182	-0.302487
63183	-0.30263
63184	-0.302773
63185	-0.302915
63186	-0.303057
63187	-0.303199
63188	-0.30334
63189	-0.303481
63190	-0.303622
63191	-0.303762
63192	-0.303903
63193	-0.304043
63194	-0.304182
63195	-0.304322
63196	-0.304461
63197	-0.304599
63198	-0.304738
63199	-0.304876
63200	-0.305014
63201	-0.305151
63202	-0.305289
63203	-0.305426
63204	-0.305562
63205	-0.305699
63206	-0.305835
63207	-0.305971
63208	-0.306106
63209	-0.306242
63210	-0.306376
63211	-0.306511
63212	-0.306645
63213	-0.306779
63214	-0.306913
63215	-0.307047
63216	-0.30718
63217	-0.307313
63218	-0.307445
63219	-0.307578
63220	-0.307709
63221	-0.307841
63222	-0.307973
63223	-0.308104
63224	-0.308234
63225	-0.308365
63226	-0.308495
63227	-0.308625
63228	-0.308755
63229	-0.308884
63230	-0.309013
63231	-0.309142
63232	-0.30927
63233	-0.309398
63234	-0.309526
63235	-0.309653
63236	-0.309781
63237	-0.309908
63238	-0.310034
63239	-0.310161
63240	-0.310287
63241	-0.310412
63242	-0.310538
63243	-0.310663
63244	-0.310788
63245	-0.310912
63246	-0.311036
63247	-0.31116
63248	-0.311284
63249	-0.311407
63250	-0.31153
63251	-0.311653
63252	-0.311776
63253	-0.311898
63254	-0.31202
63255	-0.312141
63256	-0.312262
63257	-0.312383
63258	-0.312504
63259	-0.312624
63260	-0.312744
63261	-0.312864
63262	-0.312983
63263	-0.313102
63264	-0.313221
63265	-0.31334
63266	-0.313458
63267	-0.313576
63268	-0.313694
63269	-0.313811
63270	-0.313928
63271	-0.314045
63272	-0.314161
63273	-0.314277
63274	-0.314393
63275	-0.314508
63276	-0.314624
63277	-0.314739
63278	-0.314853
63279	-0.314967
63280	-0.315081
63281	-0.315195
63282	-0.315309
63283	-0.315422
63284	-0.315534
63285	-0.315647
63286	-0.315759
63287	-0.315871
63288	-0.315982
63289	-0.316094
63290	-0.316205
63291	-0.316315
63292	-0.316426
63293	-0.316536
63294	-0.316645
63295	-0.316755
63296	-0.316864
63297	-0.316973
63298	-0.317081
63299	-0.31719
63300	-0.317298
63301	-0.317405
63302	-0.317512
63303	-0.317619
63304	-0.317726
63305	-0.317833
63306	-0.317939
63307	-0.318044
63308	-0.31815
63309	-0.318255
63310	-0.31836
63311	-0.318464
63312	-0.318569
63313	-0.318673
63314	-0.318776
63315	-0.31888
63316	-0.318983
63317	-0.319085
63318	-0.319188
63319	-0.31929
63320	-0.319392
63321	-0.319493
63322	-0.319594
63323	-0.319695
63324	-0.319796
63325	-0.319896
63326	-0.319996
63327	-0.320096
63328	-0.320195
63329	-0.320294
63330	-0.320393
63331	-0.320491
63332	-0.320589
63333	-0.320687
63334	-0.320785
63335	-0.320882
63336	-0.320979
63337	-0.321075
63338	-0.321171
63339	-0.321267
63340	-0.321363
63341	-0.321458
63342	-0.321553
63343	-0.321648
63344	-0.321742
63345	-0.321837
63346	-0.32193
63347	-0.322024
63348	-0.322117
63349	-0.32221
63350	-0.322302
63351	-0.322395
63352	-0.322487
63353	-0.322578
63354	-0.32267
63355	-0.322761
63356	-0.322851
63357	-0.322942
63358	-0.323032
63359	-0.323121
63360	-0.323211
63361	-0.3233
63362	-0.323389
63363	-0.323477
63364	-0.323566
63365	-0.323654
63366	-0.323741
63367	-0.323828
63368	-0.323915
63369	-0.324002
63370	-0.324088
63371	-0.324174
63372	-0.32426
63373	-0.324346
63374	-0.324431
63375	-0.324515
63376	-0.3246
63377	-0.324684
63378	-0.324768
63379	-0.324851
63380	-0.324935
63381	-0.325018
63382	-0.3251
63383	-0.325183
63384	-0.325265
63385	-0.325346
63386	-0.325428
63387	-0.325509
63388	-0.325589
63389	-0.32567
63390	-0.32575
63391	-0.32583
63392	-0.325909
63393	-0.325988
63394	-0.326067
63395	-0.326146
63396	-0.326224
63397	-0.326302
63398	-0.32638
63399	-0.326457
63400	-0.326534
63401	-0.326611
63402	-0.326687
63403	-0.326763
63404	-0.326839
63405	-0.326914
63406	-0.326989
63407	-0.327064
63408	-0.327138
63409	-0.327213
63410	-0.327286
63411	-0.32736
63412	-0.327433
63413	-0.327506
63414	-0.327579
63415	-0.327651
63416	-0.327723
63417	-0.327795
63418	-0.327866
63419	-0.327937
63420	-0.328008
63421	-0.328078
63422	-0.328148
63423	-0.328218
63424	-0.328287
63425	-0.328356
63426	-0.328425
63427	-0.328494
63428	-0.328562
63429	-0.32863
63430	-0.328697
63431	-0.328765
63432	-0.328832
63433	-0.328898
63434	-0.328965
63435	-0.329031
63436	-0.329096
63437	-0.329162
63438	-0.329227
63439	-0.329291
63440	-0.329356
63441	-0.32942
63442	-0.329484
63443	-0.329547
63444	-0.32961
63445	-0.329673
63446	-0.329736
63447	-0.329798
63448	-0.32986
63449	-0.329921
63450	-0.329982
63451	-0.330043
63452	-0.330104
63453	-0.330164
63454	-0.330224
63455	-0.330284
63456	-0.330343
63457	-0.330402
63458	-0.330461
63459	-0.330519
63460	-0.330578
63461	-0.330635
63462	-0.330693
63463	-0.33075
63464	-0.330807
63465	-0.330863
63466	-0.330919
63467	-0.330975
63468	-0.331031
63469	-0.331086
63470	-0.331141
63471	-0.331196
63472	-0.33125
63473	-0.331304
63474	-0.331357
63475	-0.331411
63476	-0.331464
63477	-0.331517
63478	-0.331569
63479	-0.331621
63480	-0.331673
63481	-0.331724
63482	-0.331775
63483	-0.331826
63484	-0.331877
63485	-0.331927
63486	-0.331976
63487	-0.332026
63488	-0.332075
63489	-0.332124
63490	-0.332173
63491	-0.332221
63492	-0.332269
63493	-0.332316
63494	-0.332364
63495	-0.332411
63496	-0.332457
63497	-0.332504
63498	-0.33255
63499	-0.332595
63500	-0.332641
63501	-0.332686
63502	-0.332731
63503	-0.332775
63504	-0.332819
63505	-0.332863
63506	-0.332906
63507	-0.33295
63508	-0.332992
63509	-0.333035
63510	-0.333077
63511	-0.333119
63512	-0.333161
63513	-0.333202
63514	-0.333243
63515	-0.333283
63516	-0.333324
63517	-0.333364
63518	-0.333403
63519	-0.333443
63520	-0.333482
63521	-0.33352
63522	-0.333559
63523	-0.333597
63524	-0.333634
63525	-0.333672
63526	-0.333709
63527	-0.333746
63528	-0.333782
63529	-0.333818
63530	-0.333854
63531	-0.33389
63532	-0.333925
63533	-0.33396
63534	-0.333994
63535	-0.334029
63536	-0.334062
63537	-0.334096
63538	-0.334129
63539	-0.334162
63540	-0.334195
63541	-0.334227
63542	-0.334259
63543	-0.334291
63544	-0.334322
63545	-0.334353
63546	-0.334384
63547	-0.334414
63548	-0.334444
63549	-0.334474
63550	-0.334504
63551	-0.334533
63552	-0.334561
63553	-0.33459
63554	-0.334618
63555	-0.334646
63556	-0.334673
63557	-0.334701
63558	-0.334727
63559	-0.334754
63560	-0.33478
63561	-0.334806
63562	-0.334832
63563	-0.334857
63564	-0.334882
63565	-0.334907
63566	-0.334931
63567	-0.334955
63568	-0.334979
63569	-0.335002
63570	-0.335025
63571	-0.335048
63572	-0.33507
63573	-0.335092
63574	-0.335114
63575	-0.335135
63576	-0.335156
63577	-0.335177
63578	-0.335198
63579	-0.335218
63580	-0.335238
63581	-0.335257
63582	-0.335276
63583	-0.335295
63584	-0.335314
63585	-0.335332
63586	-0.33535
63587	-0.335368
63588	-0.335385
63589	-0.335402
63590	-0.335418
63591	-0.335435
63592	-0.335451
63593	-0.335466
63594	-0.335482
63595	-0.335497
63596	-0.335511
63597	-0.335526
63598	-0.33554
63599	-0.335554
63600	-0.335567
63601	-0.33558
63602	-0.335593
63603	-0.335605
63604	-0.335618
63605	-0.335629
63606	-0.335641
63607	-0.335652
63608	-0.335663
63609	-0.335674
63610	-0.335684
63611	-0.335694
63612	-0.335703
63613	-0.335712
63614	-0.335721
63615	-0.33573
63616	-0.335738
63617	-0.335746
63618	-0.335754
63619	-0.335761
63620	-0.335768
63621	-0.335775
63622	-0.335781
63623	-0.335787
63624	-0.335793
63625	-0.335799
63626	-0.335804
63627	-0.335809
63628	-0.335813
63629	-0.335817
63630	-0.335821
63631	-0.335824
63632	-0.335828
63633	-0.33583
63634	-0.335833
63635	-0.335835
63636	-0.335837
63637	-0.335839
63638	-0.33584
63639	-0.335841
63640	-0.335842
63641	-0.335842
63642	-0.335842
63643	-0.335841
63644	-0.335841
63645	-0.33584
63646	-0.335838
63647	-0.335837
63648	-0.335835
63649	-0.335833
63650	-0.33583
63651	-0.335827
63652	-0.335824
63653	-0.33582
63654	-0.335817
63655	-0.335812
63656	-0.335808
63657	-0.335803
63658	-0.335798
63659	-0.335792
63660	-0.335787
63661	-0.33578
63662	-0.335774
63663	-0.335767
63664	-0.33576
63665	-0.335753
63666	-0.335745
63667	-0.335737
63668	-0.335729
63669	-0.33572
63670	-0.335711
63671	-0.335702
63672	-0.335692
63673	-0.335682
63674	-0.335672
63675	-0.335661
63676	-0.335651
63677	-0.335639
63678	-0.335628
63679	-0.335616
63680	-0.335604
63681	-0.335591
63682	-0.335578
63683	-0.335565
63684	-0.335552
63685	-0.335538
63686	-0.335524
63687	-0.335509
63688	-0.335495
63689	-0.33548
63690	-0.335464
63691	-0.335449
63692	-0.335433
63693	-0.335416
63694	-0.3354
63695	-0.335383
63696	-0.335365
63697	-0.335348
63698	-0.33533
63699	-0.335312
63700	-0.335293
63701	-0.335274
63702	-0.335255
63703	-0.335235
63704	-0.335216
63705	-0.335195
63706	-0.335175
63707	-0.335154
63708	-0.335133
63709	-0.335112
63710	-0.33509
63711	-0.335068
63712	-0.335045
63713	-0.335023
63714	-0.335
63715	-0.334976
63716	-0.334953
63717	-0.334929
63718	-0.334904
63719	-0.33488
63720	-0.334855
63721	-0.334829
63722	-0.334804
63723	-0.334778
63724	-0.334752
63725	-0.334725
63726	-0.334698
63727	-0.334671
63728	-0.334644
63729	-0.334616
63730	-0.334588
63731	-0.334559
63732	-0.334531
63733	-0.334501
63734	-0.334472
63735	-0.334442
63736	-0.334412
63737	-0.334382
63738	-0.334351
63739	-0.33432
63740	-0.334289
63741	-0.334257
63742	-0.334225
63743	-0.334193
63744	-0.334161
63745	-0.334128
63746	-0.334094
63747	-0.334061
63748	-0.334027
63749	-0.333993
63750	-0.333958
63751	-0.333924
63752	-0.333889
63753	-0.333853
63754	-0.333817
63755	-0.333781
63756	-0.333745
63757	-0.333708
63758	-0.333671
63759	-0.333634
63760	-0.333596
63761	-0.333558
63762	-0.33352
63763	-0.333481
63764	-0.333442
63765	-0.333403
63766	-0.333364
63767	-0.333324
63768	-0.333284
63769	-0.333243
63770	-0.333202
63771	-0.333161
63772	-0.33312
63773	-0.333078
63774	-0.333036
63775	-0.332993
63776	-0.332951
63777	-0.332908
63778	-0.332864
63779	-0.332821
63780	-0.332777
63781	-0.332732
63782	-0.332688
63783	-0.332643
63784	-0.332598
63785	-0.332552
63786	-0.332506
63787	-0.33246
63788	-0.332414
63789	-0.332367
63790	-0.33232
63791	-0.332272
63792	-0.332224
63793	-0.332176
63794	-0.332128
63795	-0.332079
63796	-0.33203
63797	-0.331981
63798	-0.331931
63799	-0.331881
63800	-0.331831
63801	-0.33178
63802	-0.331729
63803	-0.331678
63804	-0.331627
63805	-0.331575
63806	-0.331523
63807	-0.33147
63808	-0.331417
63809	-0.331364
63810	-0.331311
63811	-0.331257
63812	-0.331203
63813	-0.331149
63814	-0.331094
63815	-0.331039
63816	-0.330984
63817	-0.330928
63818	-0.330872
63819	-0.330816
63820	-0.330759
63821	-0.330702
63822	-0.330645
63823	-0.330588
63824	-0.33053
63825	-0.330472
63826	-0.330413
63827	-0.330354
63828	-0.330295
63829	-0.330236
63830	-0.330176
63831	-0.330116
63832	-0.330056
63833	-0.329995
63834	-0.329934
63835	-0.329873
63836	-0.329812
63837	-0.32975
63838	-0.329687
63839	-0.329625
63840	-0.329562
63841	-0.329499
63842	-0.329436
63843	-0.329372
63844	-0.329308
63845	-0.329243
63846	-0.329179
63847	-0.329114
63848	-0.329048
63849	-0.328983
63850	-0.328917
63851	-0.328851
63852	-0.328784
63853	-0.328717
63854	-0.32865
63855	-0.328582
63856	-0.328515
63857	-0.328446
63858	-0.328378
63859	-0.328309
63860	-0.32824
63861	-0.328171
63862	-0.328101
63863	-0.328031
63864	-0.327961
63865	-0.32789
63866	-0.327819
63867	-0.327748
63868	-0.327677
63869	-0.327605
63870	-0.327533
63871	-0.32746
63872	-0.327387
63873	-0.327314
63874	-0.327241
63875	-0.327167
63876	-0.327093
63877	-0.327019
63878	-0.326944
63879	-0.326869
63880	-0.326794
63881	-0.326719
63882	-0.326643
63883	-0.326567
63884	-0.32649
63885	-0.326413
63886	-0.326336
63887	-0.326259
63888	-0.326181
63889	-0.326103
63890	-0.326025
63891	-0.325946
63892	-0.325867
63893	-0.325788
63894	-0.325708
63895	-0.325628
63896	-0.325548
63897	-0.325468
63898	-0.325387
63899	-0.325306
63900	-0.325224
63901	-0.325143
63902	-0.325061
63903	-0.324978
63904	-0.324896
63905	-0.324813
63906	-0.324729
63907	-0.324646
63908	-0.324562
63909	-0.324478
63910	-0.324393
63911	-0.324309
63912	-0.324224
63913	-0.324138
63914	-0.324052
63915	-0.323966
63916	-0.32388
63917	-0.323793
63918	-0.323707
63919	-0.323619
63920	-0.323532
63921	-0.323444
63922	-0.323356
63923	-0.323267
63924	-0.323179
63925	-0.323089
63926	-0.323
63927	-0.32291
63928	-0.32282
63929	-0.32273
63930	-0.32264
63931	-0.322549
63932	-0.322457
63933	-0.322366
63934	-0.322274
63935	-0.322182
63936	-0.32209
63937	-0.321997
63938	-0.321904
63939	-0.321811
63940	-0.321717
63941	-0.321623
63942	-0.321529
63943	-0.321434
63944	-0.321339
63945	-0.321244
63946	-0.321149
63947	-0.321053
63948	-0.320957
63949	-0.320861
63950	-0.320764
63951	-0.320667
63952	-0.32057
63953	-0.320472
63954	-0.320374
63955	-0.320276
63956	-0.320178
63957	-0.320079
63958	-0.31998
63959	-0.31988
63960	-0.319781
63961	-0.319681
63962	-0.31958
63963	-0.31948
63964	-0.319379
63965	-0.319278
63966	-0.319176
63967	-0.319074
63968	-0.318972
63969	-0.31887
63970	-0.318767
63971	-0.318664
63972	-0.318561
63973	-0.318457
63974	-0.318354
63975	-0.318249
63976	-0.318145
63977	-0.31804
63978	-0.317935
63979	-0.31783
63980	-0.317724
63981	-0.317618
63982	-0.317512
63983	-0.317405
63984	-0.317298
63985	-0.317191
63986	-0.317083
63987	-0.316976
63988	-0.316868
63989	-0.316759
63990	-0.31665
63991	-0.316542
63992	-0.316432
63993	-0.316323
63994	-0.316213
63995	-0.316103
63996	-0.315992
63997	-0.315881
63998	-0.31577
63999	-0.315659
64000	-0.315547
64001	-0.315435
64002	-0.315323
64003	-0.315211
64004	-0.315098
64005	-0.314985
64006	-0.314871
64007	-0.314757
64008	-0.314643
64009	-0.314529
64010	-0.314414
64011	-0.314299
64012	-0.314184
64013	-0.314069
64014	-0.313953
64015	-0.313837
64016	-0.31372
64017	-0.313604
64018	-0.313487
64019	-0.313369
64020	-0.313252
64021	-0.313134
64022	-0.313016
64023	-0.312897
64024	-0.312779
64025	-0.31266
64026	-0.31254
64027	-0.312421
64028	-0.312301
64029	-0.31218
64030	-0.31206
64031	-0.311939
64032	-0.311818
64033	-0.311697
64034	-0.311575
64035	-0.311453
64036	-0.311331
64037	-0.311208
64038	-0.311085
64039	-0.310962
64040	-0.310839
64041	-0.310715
64042	-0.310591
64043	-0.310466
64044	-0.310342
64045	-0.310217
64046	-0.310092
64047	-0.309966
64048	-0.30984
64049	-0.309714
64050	-0.309588
64051	-0.309461
64052	-0.309334
64053	-0.309207
64054	-0.30908
64055	-0.308952
64056	-0.308824
64057	-0.308695
64058	-0.308567
64059	-0.308438
64060	-0.308308
64061	-0.308179
64062	-0.308049
64063	-0.307919
64064	-0.307788
64065	-0.307658
64066	-0.307527
64067	-0.307395
64068	-0.307264
64069	-0.307132
64070	-0.307
64071	-0.306867
64072	-0.306734
64073	-0.306601
64074	-0.306468
64075	-0.306335
64076	-0.306201
64077	-0.306066
64078	-0.305932
64079	-0.305797
64080	-0.305662
64081	-0.305527
64082	-0.305391
64083	-0.305255
64084	-0.305119
64085	-0.304983
64086	-0.304846
64087	-0.304709
64088	-0.304571
64089	-0.304434
64090	-0.304296
64091	-0.304158
64092	-0.304019
64093	-0.303881
64094	-0.303741
64095	-0.303602
64096	-0.303463
64097	-0.303323
64098	-0.303182
64099	-0.303042
64100	-0.302901
64101	-0.30276
64102	-0.302619
64103	-0.302477
64104	-0.302335
64105	-0.302193
64106	-0.302051
64107	-0.301908
64108	-0.301765
64109	-0.301622
64110	-0.301478
64111	-0.301334
64112	-0.30119
64113	-0.301045
64114	-0.300901
64115	-0.300756
64116	-0.30061
64117	-0.300465
64118	-0.300319
64119	-0.300173
64120	-0.300026
64121	-0.29988
64122	-0.299733
64123	-0.299585
64124	-0.299438
64125	-0.29929
64126	-0.299142
64127	-0.298994
64128	-0.298845
64129	-0.298696
64130	-0.298547
64131	-0.298397
64132	-0.298247
64133	-0.298097
64134	-0.297947
64135	-0.297796
64136	-0.297645
64137	-0.297494
64138	-0.297343
64139	-0.297191
64140	-0.297039
64141	-0.296887
64142	-0.296734
64143	-0.296581
64144	-0.296428
64145	-0.296275
64146	-0.296121
64147	-0.295967
64148	-0.295813
64149	-0.295658
64150	-0.295504
64151	-0.295348
64152	-0.295193
64153	-0.295037
64154	-0.294882
64155	-0.294725
64156	-0.294569
64157	-0.294412
64158	-0.294255
64159	-0.294098
64160	-0.29394
64161	-0.293782
64162	-0.293624
64163	-0.293466
64164	-0.293307
64165	-0.293148
64166	-0.292989
64167	-0.29283
64168	-0.29267
64169	-0.29251
64170	-0.292349
64171	-0.292189
64172	-0.292028
64173	-0.291867
64174	-0.291705
64175	-0.291544
64176	-0.291382
64177	-0.29122
64178	-0.291057
64179	-0.290894
64180	-0.290731
64181	-0.290568
64182	-0.290404
64183	-0.29024
64184	-0.290076
64185	-0.289912
64186	-0.289747
64187	-0.289582
64188	-0.289417
64189	-0.289252
64190	-0.289086
64191	-0.28892
64192	-0.288753
64193	-0.288587
64194	-0.28842
64195	-0.288253
64196	-0.288085
64197	-0.287918
64198	-0.28775
64199	-0.287582
64200	-0.287413
64201	-0.287244
64202	-0.287075
64203	-0.286906
64204	-0.286737
64205	-0.286567
64206	-0.286397
64207	-0.286226
64208	-0.286056
64209	-0.285885
64210	-0.285714
64211	-0.285542
64212	-0.285371
64213	-0.285199
64214	-0.285026
64215	-0.284854
64216	-0.284681
64217	-0.284508
64218	-0.284335
64219	-0.284161
64220	-0.283987
64221	-0.283813
64222	-0.283639
64223	-0.283464
64224	-0.28329
64225	-0.283114
64226	-0.282939
64227	-0.282763
64228	-0.282587
64229	-0.282411
64230	-0.282235
64231	-0.282058
64232	-0.281881
64233	-0.281704
64234	-0.281526
64235	-0.281348
64236	-0.28117
64237	-0.280992
64238	-0.280813
64239	-0.280634
64240	-0.280455
64241	-0.280276
64242	-0.280096
64243	-0.279916
64244	-0.279736
64245	-0.279556
64246	-0.279375
64247	-0.279194
64248	-0.279013
64249	-0.278832
64250	-0.27865
64251	-0.278468
64252	-0.278286
64253	-0.278103
64254	-0.27792
64255	-0.277737
64256	-0.277554
64257	-0.27737
64258	-0.277187
64259	-0.277003
64260	-0.276818
64261	-0.276634
64262	-0.276449
64263	-0.276264
64264	-0.276078
64265	-0.275893
64266	-0.275707
64267	-0.275521
64268	-0.275334
64269	-0.275148
64270	-0.274961
64271	-0.274774
64272	-0.274586
64273	-0.274398
64274	-0.274211
64275	-0.274022
64276	-0.273834
64277	-0.273645
64278	-0.273456
64279	-0.273267
64280	-0.273077
64281	-0.272888
64282	-0.272698
64283	-0.272508
64284	-0.272317
64285	-0.272126
64286	-0.271935
64287	-0.271744
64288	-0.271552
64289	-0.271361
64290	-0.271169
64291	-0.270976
64292	-0.270784
64293	-0.270591
64294	-0.270398
64295	-0.270205
64296	-0.270011
64297	-0.269817
64298	-0.269623
64299	-0.269429
64300	-0.269235
64301	-0.26904
64302	-0.268845
64303	-0.268649
64304	-0.268454
64305	-0.268258
64306	-0.268062
64307	-0.267866
64308	-0.267669
64309	-0.267472
64310	-0.267275
64311	-0.267078
64312	-0.26688
64313	-0.266682
64314	-0.266484
64315	-0.266286
64316	-0.266087
64317	-0.265889
64318	-0.26569
64319	-0.26549
64320	-0.265291
64321	-0.265091
64322	-0.264891
64323	-0.264691
64324	-0.26449
64325	-0.264289
64326	-0.264088
64327	-0.263887
64328	-0.263685
64329	-0.263484
64330	-0.263282
64331	-0.263079
64332	-0.262877
64333	-0.262674
64334	-0.262471
64335	-0.262268
64336	-0.262064
64337	-0.26186
64338	-0.261656
64339	-0.261452
64340	-0.261248
64341	-0.261043
64342	-0.260838
64343	-0.260633
64344	-0.260427
64345	-0.260222
64346	-0.260016
64347	-0.259809
64348	-0.259603
64349	-0.259396
64350	-0.259189
64351	-0.258982
64352	-0.258775
64353	-0.258567
64354	-0.258359
64355	-0.258151
64356	-0.257943
64357	-0.257734
64358	-0.257525
64359	-0.257316
64360	-0.257107
64361	-0.256897
64362	-0.256687
64363	-0.256477
64364	-0.256267
64365	-0.256057
64366	-0.255846
64367	-0.255635
64368	-0.255424
64369	-0.255212
64370	-0.255
64371	-0.254788
64372	-0.254576
64373	-0.254364
64374	-0.254151
64375	-0.253938
64376	-0.253725
64377	-0.253511
64378	-0.253298
64379	-0.253084
64380	-0.25287
64381	-0.252655
64382	-0.252441
64383	-0.252226
64384	-0.252011
64385	-0.251796
64386	-0.25158
64387	-0.251364
64388	-0.251148
64389	-0.250932
64390	-0.250716
64391	-0.250499
64392	-0.250282
64393	-0.250065
64394	-0.249848
64395	-0.24963
64396	-0.249412
64397	-0.249194
64398	-0.248976
64399	-0.248757
64400	-0.248538
64401	-0.248319
64402	-0.2481
64403	-0.24788
64404	-0.247661
64405	-0.247441
64406	-0.24722
64407	-0.247
64408	-0.246779
64409	-0.246558
64410	-0.246337
64411	-0.246116
64412	-0.245894
64413	-0.245673
64414	-0.245451
64415	-0.245228
64416	-0.245006
64417	-0.244783
64418	-0.24456
64419	-0.244337
64420	-0.244113
64421	-0.24389
64422	-0.243666
64423	-0.243442
64424	-0.243217
64425	-0.242993
64426	-0.242768
64427	-0.242543
64428	-0.242318
64429	-0.242092
64430	-0.241867
64431	-0.241641
64432	-0.241415
64433	-0.241188
